Type,SKU,Name,Published,In stock?,Stock,Regular price,Tax status,Tax class,Categories,Description,Meta: _sp_regulation
simple,0859975002553,Andalou Willow Bark Pure Pore Serum 32ml,0,0,0,15.89,taxable,,Skincare,Andalou Willow Bark Pure Pore Serum 32ml. A skincare product. Supplied as 32ml.,No regulation
simple,5055148402822,Lamberts Refreshall with Ginkgo Biloba 120 Tablets,0,0,0,15.89,taxable,,Vitamins,Lamberts Refreshall with Ginkgo Biloba 120 Tablets. A vitamins and supplements product. Supplied as 120 Tablets.,No regulation
simple,0033984003156,Solgar Bilberry Ginkgo Eyebright Complex 60 Capsules,0,0,0,15.89,taxable,,Vitamins,Solgar Bilberry Ginkgo Eyebright Complex 60 Capsules. A vitamins and supplements product. Supplied as 60 Capsules.,No regulation
simple,7391325333342,Nutri Advanced Eskimo 3 Fish Oil 105ml,0,0,0,15.89,taxable,,Skincare,Nutri Advanced Eskimo 3 Fish Oil 105ml. A skincare product. Supplied as 105ml.,No regulation
simple,5060519146748,Pukka Tea Selection Box 45 Tea Bags,0,0,0,15.89,taxable,zero-rate,Vitamins,Pukka Tea Selection Box 45 Tea Bags. A vitamins and supplements product.,No regulation
simple,0851325002060,Macadamia Natural Oil Deep Repair Masque 236ml,0,0,0,15.89,taxable,,Skincare,Macadamia Natural Oil Deep Repair Masque 236ml. A skincare product. Supplied as 236ml.,No regulation
simple,5060203795481,Terranova Vegan Collagen & Glucosamine Complex 50 Capsules,0,0,0,15.89,taxable,,Vitamins,Terranova Vegan Collagen & Glucosamine Complex 50 Capsules. A vitamins and supplements product. Supplied as 50 Capsules.,No regulation
simple,3282779310628,Avène Antirougeurs Jour Redness Relief Moisturising Protecting SPF20 Cream 40ml,0,0,0,15.89,taxable,,Skincare,Avène Antirougeurs Jour Redness Relief Moisturising Protecting SPF20 Cream 40ml. A skincare product. Supplied as 40ml.,No regulation
simple,5021265221202,Vitabiotics Menopace Plus 56 Tablets,0,0,0,15.89,taxable,,Vitamins,Vitabiotics Menopace Plus 56 Tablets. A vitamins and supplements product. Supplied as 56 Tablets.,No regulation
simple,0724742010775,Alba Botanica Spray Sunscreen SPF50 148ml,0,0,0,15.89,taxable,,Skincare,Alba Botanica Spray Sunscreen SPF50 148ml. A skincare product. Supplied as 148ml.,No regulation
simple,0859975002492,Andalou Hyaluronic Dmae Lift & Firm Cream 50g,0,0,0,15.89,taxable,,Skincare,Andalou Hyaluronic Dmae Lift & Firm Cream 50g. A skincare product. Supplied as 50g.,No regulation
simple,5999887678837,Osi Magnesium Body Butter 200ml,0,0,0,15.89,taxable,,Skincare,Osi Magnesium Body Butter 200ml. A skincare product. Supplied as 200ml.,No regulation
simple,5010249042315,"The Food Supplement Company Ginger, Curcumin & Boswellia 120 Tablets",0,0,0,15.89,taxable,,Vitamins,"The Food Supplement Company Ginger, Curcumin & Boswellia 120 Tablets. A vitamins and supplements product. Supplied as 120 Tablets.",No regulation
simple,0033984026001,Solgar Shark Cartilage 750mg 45 Capsules,0,0,0,15.89,taxable,,Vitamins,Solgar Shark Cartilage 750mg 45 Capsules. A vitamins and supplements product. Supplied as 45 Capsules.,No regulation
simple,5034268004147,ProVen Probiotics Lactobacillus & Bifidus for Formula Fed Babies 33g,0,0,0,15.89,taxable,,Digestive,"ProVen Probiotics Lactobacillus & Bifidus for Formula Fed Babies 33g. Always read the label and any leaflet supplied. If symptoms persist, speak to your pharmacist or doctor. Supplied as 33g.",No regulation
simple,8809566990839,Benton Tea Tree Serum 30ml,0,0,0,15.89,taxable,,Skincare,Benton Tea Tree Serum 30ml. A skincare product. Supplied as 30ml.,No regulation
simple,0615908947588,Tigi Bedhead Duo Shampoo & Conditioner Fully Loaded 750ml 2 Pack,0,0,0,15.89,taxable,,Hair Care,Tigi Bedhead Duo Shampoo & Conditioner Fully Loaded 750ml 2 Pack. A hair care product. Supplied as 2 Pack.,No regulation
simple,0033984005167,Solgar Calcium Magnesium Plus Boron 250 Tablets,0,0,0,15.89,taxable,,Vitamins,Solgar Calcium Magnesium Plus Boron 250 Tablets. A vitamins and supplements product. Supplied as 250 Tablets.,No regulation
simple,3614220786667,Lancaster Sun Sport Cooling Invisible Body Mist SPF15 200ml,0,0,0,15.89,taxable,,Skincare,Lancaster Sun Sport Cooling Invisible Body Mist SPF15 200ml. A skincare product. Supplied as 200ml.,No regulation
simple,3282779310673,Avène Antirougeurs Jour Redness Relief Moisturising SPF20 Emulsion 40ml,0,0,0,15.89,taxable,,Skincare,Avène Antirougeurs Jour Redness Relief Moisturising SPF20 Emulsion 40ml. A skincare product. Supplied as 40ml.,No regulation
simple,5055148403119,Lamberts Time Release Vitamin C 1500mg 120 Tablets,0,0,0,15.89,taxable,,Vitamins,Lamberts Time Release Vitamin C 1500mg 120 Tablets. A vitamins and supplements product. Supplied as 120 Tablets.,No regulation
simple,0033984019102,Solgar No-Flush Niacin (Inositol Hexanicotinate) 500mg 50 Capsules,0,0,0,15.89,taxable,,Vitamins,Solgar No-Flush Niacin (Inositol Hexanicotinate) 500mg 50 Capsules. A vitamins and supplements product. Supplied as 50 Capsules.,No regulation
simple,5060519146731,Pukka Support Tea Selection Box 45 Tea Bags,0,0,0,15.89,taxable,zero-rate,Supports & Braces,Pukka Support Tea Selection Box 45 Tea Bags. A support and mobility product.,No regulation
simple,5055148410827,Lamberts BetaGlucan Complex 60 Tablets,0,0,0,15.89,taxable,,Vitamins,Lamberts BetaGlucan Complex 60 Tablets. A vitamins and supplements product. Supplied as 60 Tablets.,No regulation
simple,5060776980000,DR.VEGAN Daily Multi-Vitamin 60 Capsules,0,0,0,15.89,taxable,,Vitamins,DR.VEGAN Daily Multi-Vitamin 60 Capsules. A vitamins and supplements product. Supplied as 60 Capsules.,No regulation
simple,5060203791049,Terranova Calcium Magnesium 2:1 Complex 100 Capsules,0,0,0,15.89,taxable,,Vitamins,Terranova Calcium Magnesium 2:1 Complex 100 Capsules. A vitamins and supplements product. Supplied as 100 Capsules.,No regulation
simple,5060018511467,KIKI Health Organic Premium Chlorella 200 Tablets,0,0,0,15.89,taxable,,Vitamins,KIKI Health Organic Premium Chlorella 200 Tablets. A vitamins and supplements product. Supplied as 200 Tablets.,No regulation
simple,5055148401566,Lamberts L-Glutathione Complex 60 Capsules,0,0,0,15.89,taxable,,Vitamins,Lamberts L-Glutathione Complex 60 Capsules. A vitamins and supplements product. Supplied as 60 Capsules.,No regulation
simple,5055148412401,Lamberts Osteoguard Advance 90 Tablets,0,0,0,15.89,taxable,,Vitamins,Lamberts Osteoguard Advance 90 Tablets. A vitamins and supplements product. Supplied as 90 Tablets.,No regulation
simple,5055148412937,Lamberts Curcumin Ultra Turmeric Extract 30 Tablets,0,0,0,15.89,taxable,,Vitamins,Lamberts Curcumin Ultra Turmeric Extract 30 Tablets. A vitamins and supplements product. Supplied as 30 Tablets.,No regulation
simple,5010123717841,Nicorette Freshmint 105 2mg Gums,0,0,0,15.79,taxable,reduced-rate,Stop Smoking,Nicorette Freshmint 105 2mg Gums. A stop-smoking product. Supplied as 2mg.,GSL
simple,3282770150209,Avène Cleanance Mask 50ml,0,0,0,15.79,taxable,,Skincare,Avène Cleanance Mask 50ml. A skincare product. Supplied as 50ml.,No regulation
simple,5016379173004,Doublebase Flare Relief Emollient 500g,0,0,0,15.79,taxable,,Skincare,Doublebase Flare Relief Emollient 500g. A skincare product. Supplied as 500g.,No regulation
simple,8809083997052,SIORIS Time Is Running Out Mist 100ml,0,0,0,15.79,taxable,,Beauty,SIORIS Time Is Running Out Mist 100ml. A health and beauty product. Supplied as 100ml.,No regulation
simple,8716900582646,Nutricia Fortisip Compact Protein Drink Berries 4 x 125ml,0,0,0,15.79,taxable,zero-rate,Vitamins,Nutricia Fortisip Compact Protein Drink Berries 4 x 125ml. A vitamins and supplements product. Supplied as 4 x 125ml.,No regulation
simple,5021265227396,Vitabiotics Osteocare Plus Tablets & Capsules 28+56 Pack,0,0,0,15.79,taxable,,Vitamins,Vitabiotics Osteocare Plus Tablets & Capsules 28+56 Pack. A vitamins and supplements product. Supplied as 56 Pack.,No regulation
simple,5060332530601,Lindens Health + Nutrition Ginkgo Biloba 6000mg 365 Tablets,0,0,0,15.79,taxable,,Vitamins,Lindens Health + Nutrition Ginkgo Biloba 6000mg 365 Tablets. A vitamins and supplements product. Supplied as 365 Tablets.,No regulation
simple,5060202184583,Cytoplan Bone Support Multi-Nutrient Formula 60 Capsules,0,0,0,15.79,taxable,,Supports & Braces,Cytoplan Bone Support Multi-Nutrient Formula 60 Capsules. A support and mobility product. Supplied as 60 Capsules.,No regulation
simple,0876198042524,Optixcare Eye Lube Plus 20g,0,0,0,15.79,taxable,,Sexual Wellness,"Optixcare Eye Lube Plus 20g. Always read the label and any leaflet supplied. If symptoms persist, speak to your pharmacist or doctor. Supplied as 20g.",No regulation
simple,8710522621172,Simple Complete Kindness Set,0,0,0,15.79,taxable,,General Health,Simple Complete Kindness Set. A health and wellbeing product.,No regulation
simple,0033984014787,Solgar Super Concentrated Isoflavones 30 Tablets,0,0,0,15.69,taxable,,Vitamins,Solgar Super Concentrated Isoflavones 30 Tablets. A vitamins and supplements product. Supplied as 30 Tablets.,No regulation
simple,5012748006072,Movicol Ready To Take Strawberry Banana Flavour 30 Sachets,0,0,0,15.69,taxable,,Prescription Medicines,"Movicol Ready To Take Strawberry Banana Flavour 30 Sachets. Prescription-only medicine, supplied after an online consultation with our pharmacist. Always read the label and any leaflet supplied. If symptoms persist, speak to your pharmacist or doctor. Supplied as 30 Sachets.",P
simple,0634158533266,Vitamin B12 Plus 30 Capsules,0,0,0,15.69,taxable,,Vitamins,Vitamin B12 Plus 30 Capsules. A vitamins and supplements product. Supplied as 30 Capsules.,No regulation
simple,5021265224081,Vitabiotics Visionace Plus 28 Tablets,0,0,0,15.69,taxable,,Vitamins,Vitabiotics Visionace Plus 28 Tablets. A vitamins and supplements product. Supplied as 28 Tablets.,No regulation
simple,5060562640200,Birch & Wilde D-Mannose Cranberry 90 Capsules,0,0,0,15.59,taxable,,Vitamins,Birch & Wilde D-Mannose Cranberry 90 Capsules. A vitamins and supplements product. Supplied as 90 Capsules.,No regulation
simple,5027519000289,Preservision Original 60 Packoft Gels,0,0,0,15.59,taxable,,Skincare,Preservision Original 60 Packoft Gels. A skincare product.,No regulation
simple,5055148414481,Lamberts Meno-Pause Complex 30 Tablets,0,0,0,15.59,taxable,,Vitamins,Lamberts Meno-Pause Complex 30 Tablets. A vitamins and supplements product. Supplied as 30 Tablets.,No regulation
simple,5027519001101,Minims Artificial Tears 20 Doses,0,0,0,15.59,taxable,,Prescription Medicines,"Minims Artificial Tears 20 Doses. Prescription-only medicine, supplied after an online consultation with our pharmacist. Always read the label and any leaflet supplied. If symptoms persist, speak to your pharmacist or doctor.",P
simple,0873024001014,Ener-C Lemon/Lime 30 Sachet,0,0,0,15.59,taxable,,Vitamins,Ener-C Lemon/Lime 30 Sachet. A vitamins and supplements product. Supplied as 30 Sachet.,No regulation
simple,5038483844502,Scholl Softgrip C2 Below The Knee Compression Hosiery Small Natural,0,0,0,15.59,taxable,,Supports & Braces,Scholl Softgrip C2 Below The Knee Compression Hosiery Small Natural. A support and mobility product.,No regulation
simple,0033984004375,Solgar Formula Vm-2000 Multi-Nutrient 60 Tablets,0,0,0,15.59,taxable,,Vitamins,Solgar Formula Vm-2000 Multi-Nutrient 60 Tablets. A vitamins and supplements product. Supplied as 60 Tablets.,No regulation
simple,8809566990358,Benton Deep Green Tea Lotion 120ml,0,0,0,15.59,taxable,,Skincare,Benton Deep Green Tea Lotion 120ml. A skincare product. Supplied as 120ml.,No regulation
simple,0873024001335,Ener-C Passionfruit Sugar Free 30 Sachets,0,0,0,15.59,taxable,,Vitamins,Ener-C Passionfruit Sugar Free 30 Sachets. A vitamins and supplements product. Supplied as 30 Sachets.,No regulation
simple,5391510239826,Colief Infant Drops 15ml,0,0,0,15.59,taxable,zero-rate,Baby & Child,Colief Infant Drops 15ml. A baby and child product. Supplied as 15ml.,GSL
simple,5060193641720,Bloom & Blossom & Breathe Relaxing Shower Oil 100ml,0,0,0,15.59,taxable,,Beauty,Bloom & Blossom & Breathe Relaxing Shower Oil 100ml. A health and beauty product. Supplied as 100ml.,No regulation
simple,3701129804377,Bioderma Photoderm Aquafluid SPF50+ 40ml,0,0,0,15.59,taxable,,Skincare,Bioderma Photoderm Aquafluid SPF50+ 40ml. A skincare product. Supplied as 40ml.,No regulation
simple,0634158533259,Wild Nutrition Food-Grown Selenium Plus 30 Capsules,0,0,0,15.50,taxable,,Vitamins,Wild Nutrition Food-Grown Selenium Plus 30 Capsules. A vitamins and supplements product. Supplied as 30 Capsules.,No regulation
simple,0702811534568,Zinc Plus 30 Capsules,0,0,0,15.49,taxable,,Vitamins,Zinc Plus 30 Capsules. A vitamins and supplements product. Supplied as 30 Capsules.,No regulation
simple,8809663751500,Mizon Collagen Power Firming Eye Cream 25ml,0,0,0,15.49,taxable,,Skincare,Mizon Collagen Power Firming Eye Cream 25ml. A skincare product. Supplied as 25ml.,No regulation
simple,3337875814652,CeraVe Facial Moisturising Lotion AM SPF50 52ml,0,0,0,15.49,taxable,,Skincare,CeraVe Facial Moisturising Lotion AM SPF50 52ml. A skincare product. Supplied as 52ml.,No regulation
simple,5020465202615,Cetaphil Moisturising Lotion 473ml,0,0,0,15.49,taxable,,Skincare,Cetaphil Moisturising Lotion 473ml. A skincare product. Supplied as 473ml.,No regulation
simple,5060086610864,Optibac Probiotics Saccharomyces Boulardii 40 Capsules,0,0,0,15.49,taxable,,Digestive,"Optibac Probiotics Saccharomyces Boulardii 40 Capsules. Always read the label and any leaflet supplied. If symptoms persist, speak to your pharmacist or doctor. Supplied as 40 Capsules.",No regulation
simple,5020465202738,Cetaphil Gentle Skin Cleanser 473ml,0,0,0,15.49,taxable,,Skincare,Cetaphil Gentle Skin Cleanser 473ml. A skincare product. Supplied as 473ml.,No regulation
simple,0033984017665,Solgar Epa/Gla 30 Softgels,0,0,0,15.49,taxable,,Vitamins,Solgar Epa/Gla 30 Softgels. A vitamins and supplements product. Supplied as 30 Softgels.,No regulation
simple,5060519148001,Pukka Triphala Plus 60 Capsules,0,0,0,15.49,taxable,,Vitamins,Pukka Triphala Plus 60 Capsules. A vitamins and supplements product. Supplied as 60 Capsules.,No regulation
simple,5060202181537,Cytoplan Fish Oil 60 Capsules,0,0,0,15.49,taxable,,Vitamins,Cytoplan Fish Oil 60 Capsules. A vitamins and supplements product. Supplied as 60 Capsules.,No regulation
simple,5051594006812,Aptamil Milk 1 First Milk From Birth 800g,0,0,0,15.49,taxable,zero-rate,Baby & Child,Aptamil Milk 1 First Milk From Birth 800g. A baby and child product. Supplied as 800g.,No regulation
simple,5060193641706,Bloom & Blossom All Night Long Calming Sleep Spray 75ml,0,0,0,15.49,taxable,,Beauty,Bloom & Blossom All Night Long Calming Sleep Spray 75ml. A health and beauty product. Supplied as 75ml.,No regulation
simple,9349392000023,Rhinomed Mute Nasal Breathing Device Large 3 Pack,0,0,0,15.49,taxable,,Cold & Flu,"Rhinomed Mute Nasal Breathing Device Large 3 Pack. Always read the label and any leaflet supplied. If symptoms persist, speak to your pharmacist or doctor. Supplied as 3 Pack.",No regulation
simple,96170830,BetterYou Turmeric Daily Oral Spray 25ml,0,0,0,15.49,taxable,,Vitamins,BetterYou Turmeric Daily Oral Spray 25ml. A vitamins and supplements product. Supplied as 25ml.,No regulation
simple,4086000012126,Fresubin Energy Fibre Drink Strawberry 4 x 200ml,0,0,0,15.49,taxable,zero-rate,Vitamins,Fresubin Energy Fibre Drink Strawberry 4 x 200ml. A vitamins and supplements product. Supplied as 4 x 200ml.,No regulation
simple,4022167200099,Braun Age Precision Digital Thermometer,0,0,0,15.49,taxable,,First Aid,"Braun Age Precision Digital Thermometer. Always read the label and any leaflet supplied. If symptoms persist, speak to your pharmacist or doctor.",No regulation
simple,3282779003131,Avène Thermal Water Spray 300ml,0,0,0,15.49,taxable,,Beauty,Avène Thermal Water Spray 300ml. A health and beauty product. Supplied as 300ml.,No regulation
simple,0054402730126,Australian Gold Kids SPF50 Lotion 237ml,0,0,0,15.49,taxable,,Skincare,Australian Gold Kids SPF50 Lotion 237ml. A skincare product. Supplied as 237ml.,No regulation
simple,5055148408527,Lamberts Plant Sterols 800mg 60 Tablets,0,0,0,15.49,taxable,,Vitamins,Lamberts Plant Sterols 800mg 60 Tablets. A vitamins and supplements product. Supplied as 60 Tablets.,No regulation
simple,3760201136539,Lamazuna Good Hair Day Duo 1 Pack,0,0,0,15.49,taxable,,Hair Care,Lamazuna Good Hair Day Duo 1 Pack. A hair care product. Supplied as 1 Pack.,No regulation
simple,5031013103742,Higher Nature Citricidal 45ml,0,0,0,15.45,taxable,,Vitamins,Higher Nature Citricidal 45ml. A vitamins and supplements product. Supplied as 45ml.,No regulation
simple,5060562640088,Birch & Wilde Immunity Complex 60 Day Supply 120 Capsules,0,0,0,15.39,taxable,,Vitamins,Birch & Wilde Immunity Complex 60 Day Supply 120 Capsules. A vitamins and supplements product. Supplied as 120 Capsules.,No regulation
simple,5027519000258,PreserVision Lutein 60 Capsules,0,0,0,15.39,taxable,,Vitamins,PreserVision Lutein 60 Capsules. A vitamins and supplements product. Supplied as 60 Capsules.,No regulation
simple,8809479164242,11 Village Factory Moisture Toner 120ml,0,0,0,15.39,taxable,,Skincare,11 Village Factory Moisture Toner 120ml. A skincare product. Supplied as 120ml.,No regulation
simple,5028392002728,Nutri Advanced Vitamin A Drops 5000iu Blackcurrant 10ml,0,0,0,15.39,taxable,,Vitamins,Nutri Advanced Vitamin A Drops 5000iu Blackcurrant 10ml. A vitamins and supplements product. Supplied as 10ml.,No regulation
simple,4051895011851,Fresubin 2kcal Fibre Drink Chocolate 4 x 200ml,0,0,0,15.29,taxable,,Vitamins,Fresubin 2kcal Fibre Drink Chocolate 4 x 200ml. A vitamins and supplements product. Supplied as 4 x 200ml.,No regulation
simple,5038483844755,Scholl Softgrip C1 Thigh Length Compression Hosiery Medium Closed Toe Natural,0,0,0,15.29,taxable,,Supports & Braces,Scholl Softgrip C1 Thigh Length Compression Hosiery Medium Closed Toe Natural. A support and mobility product.,No regulation
simple,8809083997120,Sioris Feel So Fresh Toner,0,0,0,15.29,taxable,,Skincare,Sioris Feel So Fresh Toner. A skincare product.,No regulation
simple,0054402720592,Australian Gold SPF30 Active Chill Spray Gel 237ml,0,0,0,15.29,taxable,,Skincare,Australian Gold SPF30 Active Chill Spray Gel 237ml. A skincare product. Supplied as 237ml.,No regulation
simple,5012616266102,Abidec Immune Support 2 in 1 Drops 7.5ml,0,0,0,15.29,taxable,,Supports & Braces,Abidec Immune Support 2 in 1 Drops 7.5ml. A support and mobility product. Supplied as 7.5ml.,No regulation
simple,5021265244157,Vitabiotics Perfectil Plus Nails-Extra Support 60 Pack,0,0,0,15.29,taxable,,Supports & Braces,Vitabiotics Perfectil Plus Nails-Extra Support 60 Pack. A support and mobility product. Supplied as 60 Pack.,No regulation
simple,3614220786261,Lancaster Sun Sport Cooling Invisible Body Mist SPF50 200ml,0,0,0,15.29,taxable,,Skincare,Lancaster Sun Sport Cooling Invisible Body Mist SPF50 200ml. A skincare product. Supplied as 200ml.,No regulation
simple,5060203791711,"Terranova Dandelion, Artichoke & Cysteine Complex 50 Pack",0,0,0,15.29,taxable,,Vitamins,"Terranova Dandelion, Artichoke & Cysteine Complex 50 Pack. A vitamins and supplements product. Supplied as 50 Pack.",No regulation
simple,0615908951011,Tigi Bed Head Duo Shampoo & Conditioner Recovery 2x 750ml,0,0,0,15.29,taxable,,Hair Care,Tigi Bed Head Duo Shampoo & Conditioner Recovery 2x 750ml. A hair care product. Supplied as 2x 750ml.,No regulation
simple,5010605620645,Canesten Thrush Combi Internal & External Cream,0,0,0,15.29,taxable,,Women's Health,Canesten Thrush Combi Internal & External Cream. A women's health product.,GSL
simple,5055148414030,Lamberts Griffonia Seed Extract 5-HTP 100mg 60 tablets,0,0,0,15.29,taxable,,Vitamins,Lamberts Griffonia Seed Extract 5-HTP 100mg 60 tablets. A vitamins and supplements product. Supplied as 60 tablets.,No regulation
simple,4031626710673,Hylo-Care Eye Drops 0.1% Sodium Hyaluronate 2% Dexpanthenol 10ml,0,0,0,15.29,taxable,,Eye Care,"Hylo-Care Eye Drops 0.1% Sodium Hyaluronate 2% Dexpanthenol 10ml. Always read the label and any leaflet supplied. If symptoms persist, speak to your pharmacist or doctor. Supplied as 10ml.",No regulation
simple,0700371221676,HuxD3 3200IU Colecalciferol Vitamin D3 80mcg 30 Capsules,0,0,0,15.29,taxable,,Vitamins,HuxD3 3200IU Colecalciferol Vitamin D3 80mcg 30 Capsules. A vitamins and supplements product. Supplied as 30 Capsules.,No regulation
simple,3264680009761,Nuxe Prodigieuse Dry Oil Spray 50ml,0,0,0,15.29,taxable,,Skincare,Nuxe Prodigieuse Dry Oil Spray 50ml. A skincare product. Supplied as 50ml.,No regulation
simple,5034511000810,Green People Scent Free Repairing Anti-Frizz Shampoo Bar,0,0,0,15.29,taxable,,Hair Care,Green People Scent Free Repairing Anti-Frizz Shampoo Bar. A hair care product.,No regulation
simple,3282770100648,Avène Antirougeurs CLEAN Cleansing Lotion 200ml,0,0,0,15.29,taxable,,Skincare,Avène Antirougeurs CLEAN Cleansing Lotion 200ml. A skincare product. Supplied as 200ml.,No regulation
simple,5060571720986,UpCircle Hand + Body Wash with Kiwi Water 250ml,0,0,0,15.29,taxable,,Beauty,UpCircle Hand + Body Wash with Kiwi Water 250ml. A health and beauty product. Supplied as 250ml.,No regulation
simple,0017854110328,Baylis & Harding Wild Fig & Pomegranate Candle Set,0,0,0,15.29,taxable,,Beauty,Baylis & Harding Wild Fig & Pomegranate Candle Set. A health and beauty product.,No regulation
simple,3282770100914,Avène B Protect SPF50 30ml,0,0,0,15.29,taxable,,Skincare,Avène B Protect SPF50 30ml. A skincare product. Supplied as 30ml.,No regulation
simple,5015664000742,Systane Ultra UD Eye Drops 0.7ml 30 Vials,0,0,0,15.29,taxable,,Eye Care,"Systane Ultra UD Eye Drops 0.7ml 30 Vials. Always read the label and any leaflet supplied. If symptoms persist, speak to your pharmacist or doctor. Supplied as 0.7ml.",No regulation
simple,5060181540288,AgaMatrix WaveSense Jazz Blood Glucose Test Strips 50 Pack,0,0,0,15.29,taxable,,Testing & Monitoring,"AgaMatrix WaveSense Jazz Blood Glucose Test Strips 50 Pack. Always read the label and any leaflet supplied. If symptoms persist, speak to your pharmacist or doctor. Supplied as 50 Pack.",No regulation
simple,3282770152586,Avène Gentle Exfoliating Gel 75ml,0,0,0,15.29,taxable,,Skincare,Avène Gentle Exfoliating Gel 75ml. A skincare product. Supplied as 75ml.,No regulation
simple,4051895014326,Fresubin Energy Fibre Drink Chocolate 4 x 200ml,0,0,0,15.29,taxable,zero-rate,Vitamins,Fresubin Energy Fibre Drink Chocolate 4 x 200ml. A vitamins and supplements product. Supplied as 4 x 200ml.,No regulation
simple,5060571720306,UpCircle The Pamper Kit,0,0,0,15.29,taxable,,General Health,UpCircle The Pamper Kit. A health and wellbeing product.,No regulation
simple,5036072007611,Aronix 50mg Film-Coated 4 Tablets,0,0,0,15.29,taxable,,Prescription Medicines,"Aronix 50mg Film-Coated 4 Tablets. Prescription-only medicine, supplied after an online consultation with our pharmacist. Always read the label and any leaflet supplied. If symptoms persist, speak to your pharmacist or doctor. Supplied as 4 Tablets.",P
simple,5012654203046,Carnation Silky Feet Hard Skin Remover,0,0,0,15.29,taxable,,Skincare,Carnation Silky Feet Hard Skin Remover. A skincare product.,No regulation
simple,4084500477285,Clearblue Digital Pregnancy Test 2 Pack,0,0,0,15.29,taxable,,Testing & Monitoring,"Clearblue Digital Pregnancy Test 2 Pack. Always read the label and any leaflet supplied. If symptoms persist, speak to your pharmacist or doctor. Supplied as 2 Pack.",No regulation
simple,5056142604267,Protein World Yummy Mummy 90 Capsules,0,0,0,15.29,taxable,,Vitamins,Protein World Yummy Mummy 90 Capsules. A vitamins and supplements product. Supplied as 90 Capsules.,No regulation
simple,3282770149289,Klorane Shampoo with Chamomile 400ml,0,0,0,15.29,taxable,,Hair Care,Klorane Shampoo with Chamomile 400ml. A hair care product. Supplied as 400ml.,No regulation
simple,4005800295485,Eucerin Dermopurifyer Protective Fluid SPF 30 50ml,0,0,0,15.29,taxable,,Skincare,Eucerin Dermopurifyer Protective Fluid SPF 30 50ml. A skincare product. Supplied as 50ml.,No regulation
simple,4038235220272,Glucorx Allpresan Diabetic Foam Basic 300 ml,0,0,0,15.29,taxable,,Testing & Monitoring,"Glucorx Allpresan Diabetic Foam Basic 300 ml. Always read the label and any leaflet supplied. If symptoms persist, speak to your pharmacist or doctor. Supplied as 300 ml.",No regulation
simple,3282770204681,Avène Cicalfate Protecting Cream 100ml,0,0,0,15.29,taxable,,Skincare,Avène Cicalfate Protecting Cream 100ml. A skincare product. Supplied as 100ml.,No regulation
simple,0634158987540,Botanicals 4 Life Thyme & Licorice Extract 100ml,0,0,0,15.29,taxable,,General Health,Botanicals 4 Life Thyme & Licorice Extract 100ml. A health and wellbeing product. Supplied as 100ml.,No regulation
simple,4005800181986,Eucerin DermoPurifyer Skin Renewal Treatment 40ml,0,0,0,15.29,taxable,,Skincare,Eucerin DermoPurifyer Skin Renewal Treatment 40ml. A skincare product. Supplied as 40ml.,No regulation
simple,3282770141283,"Klorane Quinine, Strength Thinning Hair Loss Shampoo 400ml",0,0,0,15.29,taxable,,Hair Care,"Klorane Quinine, Strength Thinning Hair Loss Shampoo 400ml. A hair care product. Supplied as 400ml.",No regulation
simple,5017954000982,Novofine Needles 8mm 30G 100 Needles,0,0,0,15.29,taxable,,General Health,Novofine Needles 8mm 30G 100 Needles. A health and wellbeing product. Supplied as 30G.,No regulation
simple,5031013103353,Higher Nature Bromelain 90 Capsules,0,0,0,15.29,taxable,,Vitamins,Higher Nature Bromelain 90 Capsules. A vitamins and supplements product. Supplied as 90 Capsules.,No regulation
simple,96177877,BetterYou Vitamin K2 Daily Oral Spray 25ml,0,0,0,15.29,taxable,,Vitamins,BetterYou Vitamin K2 Daily Oral Spray 25ml. A vitamins and supplements product. Supplied as 25ml.,No regulation
simple,3830070472035,Viscotears Tri Action Preservative Free Eye Drops,0,0,0,15.29,taxable,,Eye Care,"Viscotears Tri Action Preservative Free Eye Drops. Always read the label and any leaflet supplied. If symptoms persist, speak to your pharmacist or doctor.",No regulation
simple,5060455148585,Brushworks Cleanse & Pamper Set,0,0,0,15.29,taxable,,General Health,Brushworks Cleanse & Pamper Set. A health and wellbeing product.,No regulation
simple,5017353506399,Perrigo Sildenafil 50mg 4 Tablets,0,0,0,15.19,taxable,,Sexual Wellness,"Perrigo Sildenafil 50mg 4 Tablets. Prescription-only medicine, supplied after an online consultation with our pharmacist. Always read the label and any leaflet supplied. If symptoms persist, speak to your pharmacist or doctor. Supplied as 4 Tablets.",P
simple,8809479164358,11 Village Factory Relax-Day Body Oil Wash 300ml,0,0,0,15.19,taxable,,Skincare,11 Village Factory Relax-Day Body Oil Wash 300ml. A skincare product. Supplied as 300ml.,No regulation
simple,5060734420005,Rose & Caramel Nudity Clear Self Tan Aerosol 150ml,0,0,0,15.19,taxable,,Beauty,Rose & Caramel Nudity Clear Self Tan Aerosol 150ml. A health and beauty product. Supplied as 150ml.,No regulation
simple,8034135273116,Zaspray 10ml,0,0,0,15.19,taxable,,Beauty,Zaspray 10ml. A health and beauty product. Supplied as 10ml.,No regulation
simple,5020465202332,Purifide Microbiome Equalizer Moisturiser 50ml,0,0,0,15.19,taxable,,Skincare,Purifide Microbiome Equalizer Moisturiser 50ml. A skincare product. Supplied as 50ml.,No regulation
simple,5704947006136,O'Keeffe's Guaranteed Relief Skincare Set,0,0,0,15.19,taxable,,Skincare,O'Keeffe's Guaranteed Relief Skincare Set. A skincare product.,No regulation
simple,5010605402128,Canesten Thrush Duo Oral Capsule & External Cream,0,0,0,15.19,taxable,,Women's Health,"Canesten Thrush Duo Oral Capsule & External Cream. Prescription-only medicine, supplied after an online consultation with our pharmacist. Always read the label and any leaflet supplied. If symptoms persist, speak to your pharmacist or doctor.",P
simple,5021265243518,Vitabiotics Wellman Prostace 60 Tablets,0,0,0,15.19,taxable,,Vitamins,Vitabiotics Wellman Prostace 60 Tablets. A vitamins and supplements product. Supplied as 60 Tablets.,No regulation
simple,5060704340425,Acala Soap Lovers Gift Bag,0,0,0,15.19,taxable,,Beauty,Acala Soap Lovers Gift Bag. A health and beauty product.,No regulation
simple,5060332534449,Lindens Health + Nutrition Pro Bio Live Plus (+dietary fibre) 360 Capsules,0,0,0,15.19,taxable,,Vitamins,Lindens Health + Nutrition Pro Bio Live Plus (+dietary fibre) 360 Capsules. A vitamins and supplements product. Supplied as 360 Capsules.,No regulation
simple,5029354012120,Aloe Pura Aloe Vera Sun Lotion SPF50 200ml,0,0,0,15.19,taxable,,Skincare,Aloe Pura Aloe Vera Sun Lotion SPF50 200ml. A skincare product. Supplied as 200ml.,No regulation
simple,4031626001498,EvoTears Preservative Free Eye Drops 3ml,0,0,0,15.19,taxable,,Eye Care,"EvoTears Preservative Free Eye Drops 3ml. Always read the label and any leaflet supplied. If symptoms persist, speak to your pharmacist or doctor. Supplied as 3ml.",No regulation
simple,4717095030121,GlucoRx Nexus Test Strips 50 Pack,0,0,0,15.19,taxable,,Testing & Monitoring,"GlucoRx Nexus Test Strips 50 Pack. Always read the label and any leaflet supplied. If symptoms persist, speak to your pharmacist or doctor. Supplied as 50 Pack.",No regulation
simple,8809566990556,Benton Pha Peeling Gel 70ml,0,0,0,15.19,taxable,,Skincare,Benton Pha Peeling Gel 70ml. A skincare product. Supplied as 70ml.,No regulation
simple,8809581075320,Beaudiani Moist Toner 260ml,0,0,0,15.19,taxable,,Skincare,Beaudiani Moist Toner 260ml. A skincare product. Supplied as 260ml.,No regulation
simple,0033984020566,Solgar One-A-Day Gla 60 Softgels,0,0,0,15.19,taxable,,Vitamins,Solgar One-A-Day Gla 60 Softgels. A vitamins and supplements product. Supplied as 60 Softgels.,No regulation
simple,8809540510220,Benton Aloe Propolis Soothing Gel 100ml,0,0,0,15.09,taxable,,Skincare,Benton Aloe Propolis Soothing Gel 100ml. A skincare product. Supplied as 100ml.,No regulation
simple,5060363050338,Tom Oliver Nutrition Vitamin D Plus K2 60 Pack,0,0,0,15.09,taxable,,Vitamins,Tom Oliver Nutrition Vitamin D Plus K2 60 Pack. A vitamins and supplements product. Supplied as 60 Pack.,No regulation
simple,3401343696245,Bioderma Sensibio Ar 40ml,0,0,0,15.09,taxable,,General Health,Bioderma Sensibio Ar 40ml. A health and wellbeing product. Supplied as 40ml.,No regulation
simple,5031013102196,Higher Nature Wind Down Powder 140g,0,0,0,15.09,taxable,,Digestive,"Higher Nature Wind Down Powder 140g. Always read the label and any leaflet supplied. If symptoms persist, speak to your pharmacist or doctor. Supplied as 140g.",No regulation
simple,3614223396306,Lancaster Sun for Kids Comfort Cream for Face & Body SPF50 125ml,0,0,0,15.09,taxable,,Skincare,Lancaster Sun for Kids Comfort Cream for Face & Body SPF50 125ml. A skincare product. Supplied as 125ml.,No regulation
simple,5021265243792,Vitabiotics Wellwoman Plus 56 Capsules,0,0,0,15.09,taxable,,Vitamins,Vitabiotics Wellwoman Plus 56 Capsules. A vitamins and supplements product. Supplied as 56 Capsules.,No regulation
simple,3574661068220,Nicorette Fruit Fusion Gum 2mg 105 Pack,0,0,0,15.09,taxable,reduced-rate,Stop Smoking,Nicorette Fruit Fusion Gum 2mg 105 Pack. A stop-smoking product. Supplied as 105 Pack.,GSL
simple,0020714898137,Clinique Moisture Surge 72H 30ml,0,0,0,15.09,taxable,,Skincare,Clinique Moisture Surge 72H 30ml. A skincare product. Supplied as 30ml.,No regulation
simple,4031626711182,Hylo-Dual Eye Drops 10ml,0,0,0,15.09,taxable,,Eye Care,"Hylo-Dual Eye Drops 10ml. Always read the label and any leaflet supplied. If symptoms persist, speak to your pharmacist or doctor. Supplied as 10ml.",No regulation
simple,0610370601556,Wild Nutrition Vegan Vitamin D 30 Capsules,0,0,0,15.00,taxable,,Vitamins,Wild Nutrition Vegan Vitamin D 30 Capsules. A vitamins and supplements product. Supplied as 30 Capsules.,No regulation
simple,8809598454743,COSRX Basic Healing Eczema Patches 90pcs,0,0,0,14.99,taxable,,Skincare,COSRX Basic Healing Eczema Patches 90pcs. A skincare product.,No regulation
simple,3337875905602,CeraVe Hydrating Cleanser Refill Pouch 473ml,0,0,0,14.99,taxable,,Skincare,CeraVe Hydrating Cleanser Refill Pouch 473ml. A skincare product. Supplied as 473ml.,No regulation
simple,5000158067172,Gaviscon Double Action Mint Oral Suspension 600ml,0,0,0,14.99,taxable,,Digestive,"Gaviscon Double Action Mint Oral Suspension 600ml. Always read the label and any leaflet supplied. If symptoms persist, speak to your pharmacist or doctor. Supplied as 600ml.",GSL
simple,5060148520490,BetterYou Magnesium Original Soak 500ml,0,0,0,14.99,taxable,,Vitamins,BetterYou Magnesium Original Soak 500ml. A vitamins and supplements product. Supplied as 500ml.,No regulation
simple,5017007601647,Exorex Lotion 5% Coal Tar Solution 100ml,0,0,0,14.99,taxable,,Skincare,Exorex Lotion 5% Coal Tar Solution 100ml. A skincare product. Supplied as 100ml.,GSL
simple,0085805255619,Elizabeth Arden Eight Hour Hand Treatment Cream 200ml,0,0,0,14.99,taxable,,Skincare,Elizabeth Arden Eight Hour Hand Treatment Cream 200ml. A skincare product. Supplied as 200ml.,No regulation
simple,5060571821249,The Good Guru Vegan Protein Chocolate 500g,0,0,0,14.99,taxable,zero-rate,Vitamins,The Good Guru Vegan Protein Chocolate 500g. A vitamins and supplements product. Supplied as 500g.,No regulation
simple,5020465201779,Cetaphil Daily Hydration Moisturiser 88ml,0,0,0,14.99,taxable,,Skincare,Cetaphil Daily Hydration Moisturiser 88ml. A skincare product. Supplied as 88ml.,No regulation
simple,5055148414733,Lamberts Biome Balance Advanced 30 Gummies,0,0,0,14.99,taxable,,Vitamins,Lamberts Biome Balance Advanced 30 Gummies. A vitamins and supplements product. Supplied as 30 Gummies.,No regulation
simple,5011309083217,Cetraben Natural Oatmeal Cream 475g,0,0,0,14.99,taxable,,Skincare,Cetraben Natural Oatmeal Cream 475g. A skincare product. Supplied as 475g.,No regulation
simple,3600522480129,L'Oréal Paris Revitalift Laser Renew Night Cream 50ml,0,0,0,14.99,taxable,,Skincare,L'Oréal Paris Revitalift Laser Renew Night Cream 50ml. A skincare product. Supplied as 50ml.,No regulation
simple,4004148047527,Floradix Kindervital for Children 500ml,0,0,0,14.99,taxable,,Baby & Child,Floradix Kindervital for Children 500ml. A baby and child product. Supplied as 500ml.,No regulation
simple,5060018515045,KIKI Health Body Biotics for Children 30 Fruit Gummies,0,0,0,14.99,taxable,,Baby & Child,KIKI Health Body Biotics for Children 30 Fruit Gummies. A baby and child product.,No regulation
simple,3760201136324,Lamazuna Feminine Cup Size 2 (Pink Pouch) 1 Pack,0,0,0,14.99,taxable,zero-rate,General Health,Lamazuna Feminine Cup Size 2 (Pink Pouch) 1 Pack. A health and wellbeing product. Supplied as 1 Pack.,No regulation
simple,5034511006515,Green People Kid's Lotion & After Sun 150ml,0,0,0,14.99,taxable,,Skincare,Green People Kid's Lotion & After Sun 150ml. A skincare product. Supplied as 150ml.,No regulation
simple,5010123730338,Nicorette Invisipatch Step 2 (15mg) 7 Patches,0,0,0,14.99,taxable,reduced-rate,Stop Smoking,Nicorette Invisipatch Step 2 (15mg) 7 Patches. A stop-smoking product. Supplied as 7 Patches.,GSL
simple,8006540687475,Seven Seas Omega 3 & Multivitamins Man 50+ 30 Day Duo Pack,0,0,0,14.99,taxable,,Vitamins,Seven Seas Omega 3 & Multivitamins Man 50+ 30 Day Duo Pack. A vitamins and supplements product.,No regulation
simple,4001638096829,Weleda Baby Derma White Mallow Body Lotion 200ml,0,0,0,14.99,taxable,,Baby & Child,Weleda Baby Derma White Mallow Body Lotion 200ml. A baby and child product. Supplied as 200ml.,No regulation
simple,3337872411083,La Roche Posay Effaclar Foaming Gel 200ml,0,0,0,14.99,taxable,,Skincare,La Roche Posay Effaclar Foaming Gel 200ml. A skincare product. Supplied as 200ml.,No regulation
simple,5060571821942,The Good Guru Vegan Protein Salted Caramel 500g,0,0,0,14.99,taxable,zero-rate,Vitamins,The Good Guru Vegan Protein Salted Caramel 500g. A vitamins and supplements product. Supplied as 500g.,No regulation
simple,5060099032417,Odylique Reviving Rosemary Shampoo 200ml,0,0,0,14.99,taxable,,Hair Care,Odylique Reviving Rosemary Shampoo 200ml. A hair care product. Supplied as 200ml.,No regulation
simple,4028163059686,Ecolab Chlorhexidine 2% 500ml,0,0,0,14.99,taxable,,First Aid,"Ecolab Chlorhexidine 2% 500ml. Always read the label and any leaflet supplied. If symptoms persist, speak to your pharmacist or doctor. Supplied as 500ml.",No regulation
simple,5052197038095,Scholl Women's Gel Activ Sport Insoles UK Size 3.5-7.5,0,0,0,14.99,taxable,,Supports & Braces,Scholl Women's Gel Activ Sport Insoles UK Size 3.5-7.5. A support and mobility product.,No regulation
simple,3401361353625,Bioderma Sebium Pore Refiner 30ml,0,0,0,14.99,taxable,,General Health,Bioderma Sebium Pore Refiner 30ml. A health and wellbeing product. Supplied as 30ml.,No regulation
simple,0033984017245,Solgar Male Multiple 60 Tablets,0,0,0,14.99,taxable,,Vitamins,Solgar Male Multiple 60 Tablets. A vitamins and supplements product. Supplied as 60 Tablets.,No regulation
simple,5060203791308,Terranova Full-Spectrum Multivitamin Complex 50 Pack,0,0,0,14.99,taxable,,Vitamins,Terranova Full-Spectrum Multivitamin Complex 50 Pack. A vitamins and supplements product. Supplied as 50 Pack.,No regulation
simple,5017007028055,Migraine treatment - Sumatriptan 50mg 6 Tablets,0,0,0,14.99,taxable,zero-rate,Pain Relief,"Migraine treatment - Sumatriptan 50mg 6 Tablets. Prescription-only medicine, supplied after an online consultation with our pharmacist. Always read the label and any leaflet supplied. If symptoms persist, speak to your pharmacist or doctor. Supplied as 6 Tablets.",P
simple,5038581120720,Yankee Candle Home Inspiration Midnight Magnolia 538g,0,0,0,14.99,taxable,,Beauty,Yankee Candle Home Inspiration Midnight Magnolia 538g. A health and beauty product. Supplied as 538g.,No regulation
simple,5000223466916,Smith & Nephew Durafiber Dressing 5cm X 5cm 10pc,0,0,0,14.99,taxable,,First Aid,"Smith & Nephew Durafiber Dressing 5cm X 5cm 10pc. Always read the label and any leaflet supplied. If symptoms persist, speak to your pharmacist or doctor.",No regulation
simple,5055148400040,Lamberts Natural Vitamin E 400IU 60 Capsules,0,0,0,14.99,taxable,,Vitamins,Lamberts Natural Vitamin E 400IU 60 Capsules. A vitamins and supplements product. Supplied as 60 Capsules.,No regulation
simple,4005900770042,Eucerin Aquaphor Ointment Body Spray,0,0,0,14.99,taxable,,Skincare,Eucerin Aquaphor Ointment Body Spray. A skincare product.,No regulation
simple,5060203791131,Terranova Magnesium Calcium Complex 100 Veg Capsules,0,0,0,14.99,taxable,,Vitamins,Terranova Magnesium Calcium Complex 100 Veg Capsules. A vitamins and supplements product.,No regulation
simple,5010249041608,FSC Liquid Gel Multivitamins & Minerals 60 Capsules,0,0,0,14.99,taxable,,Vitamins,FSC Liquid Gel Multivitamins & Minerals 60 Capsules. A vitamins and supplements product. Supplied as 60 Capsules.,No regulation
simple,0033984013117,Solgar Glucosamine Hydrochloride 1000mg (Shellfish-Free) 60 Tablets,0,0,0,14.99,taxable,,Vitamins,Solgar Glucosamine Hydrochloride 1000mg (Shellfish-Free) 60 Tablets. A vitamins and supplements product. Supplied as 60 Tablets.,No regulation
simple,5012616264818,Dermalex Repair + Restore Ultra Hydrating Moisturiser 200g,0,0,0,14.99,taxable,,Skincare,Dermalex Repair + Restore Ultra Hydrating Moisturiser 200g. A skincare product. Supplied as 200g.,No regulation
simple,5060571821430,The Good Guru Vegan Weight Loss Protein Chocolate 500g,0,0,0,14.99,taxable,zero-rate,Weight Management,"The Good Guru Vegan Weight Loss Protein Chocolate 500g. Always read the label and any leaflet supplied. If symptoms persist, speak to your pharmacist or doctor. Supplied as 500g.",No regulation
simple,8718951469808,Colgate 360 Whitening Battery Toothbrush,0,0,0,14.99,taxable,,Oral Care,Colgate 360 Whitening Battery Toothbrush. An oral care product.,No regulation
simple,0753950000254,Doctor's Best High Absorption Magnesium 100 mg 120 Tablets,0,0,0,14.99,taxable,,Vitamins,Doctor's Best High Absorption Magnesium 100 mg 120 Tablets. A vitamins and supplements product. Supplied as 120 Tablets.,No regulation
simple,3760201136447,Lamazuna Cleansing Wipes with Wash Bag & Wood Box 20 Pack,0,0,0,14.99,taxable,,Skincare,Lamazuna Cleansing Wipes with Wash Bag & Wood Box 20 Pack. A skincare product. Supplied as 20 Pack.,No regulation
simple,4032129107397,Adcal-D3 Lemon 112 Chewable Tablets,0,0,0,14.99,taxable,,Prescription Medicines,"Adcal-D3 Lemon 112 Chewable Tablets. Prescription-only medicine, supplied after an online consultation with our pharmacist. Always read the label and any leaflet supplied. If symptoms persist, speak to your pharmacist or doctor. Supplied as 112 Chewable.",P
simple,5025903027287,Nutri Within Vitamin C 1000mg,0,0,0,14.99,taxable,,Vitamins,Nutri Within Vitamin C 1000mg. A vitamins and supplements product. Supplied as 1000mg.,No regulation
simple,5060410574251,Beauty Kitchen AO Intense Moisture Facial Oil 30ml,0,0,0,14.99,taxable,,Skincare,Beauty Kitchen AO Intense Moisture Facial Oil 30ml. A skincare product. Supplied as 30ml.,No regulation
simple,7322540574913,Tena Pants Protect+ Maxi Large 10 Pack,0,0,0,14.99,taxable,zero-rate,Continence,Tena Pants Protect+ Maxi Large 10 Pack. A continence care product. Supplied as 10 Pack.,No regulation
simple,5060776980086,DR.VEGAN Bone & Muscle Support 60 Capsules,0,0,0,14.99,taxable,,Supports & Braces,DR.VEGAN Bone & Muscle Support 60 Capsules. A support and mobility product. Supplied as 60 Capsules.,No regulation
simple,5034511002906,Green People Energising Shower Gel 150ml,0,0,0,14.99,taxable,,Beauty,Green People Energising Shower Gel 150ml. A health and beauty product. Supplied as 150ml.,No regulation
simple,3337875840620,CeraVe Facial Moisturising Lotion AM SPF30 52ml,0,0,0,14.99,taxable,,Skincare,CeraVe Facial Moisturising Lotion AM SPF30 52ml. A skincare product. Supplied as 52ml.,No regulation
simple,7350005300135,Cocois Coconut Oil Compound Ointment 40g,0,0,0,14.99,taxable,,Skincare,Cocois Coconut Oil Compound Ointment 40g. A skincare product. Supplied as 40g.,GSL
simple,5391513951749,Dioralyte Blackcurrant 20 Sachets,0,0,0,14.99,taxable,,Prescription Medicines,"Dioralyte Blackcurrant 20 Sachets. Prescription-only medicine, supplied after an online consultation with our pharmacist. Always read the label and any leaflet supplied. If symptoms persist, speak to your pharmacist or doctor. Supplied as 20 Sachets.",P
simple,0033984024205,Solgar Vitamin C 1500mg with Rose Hips 90 Tablets,0,0,0,14.99,taxable,,Vitamins,Solgar Vitamin C 1500mg with Rose Hips 90 Tablets. A vitamins and supplements product. Supplied as 90 Tablets.,No regulation
simple,9335955002467,MooGoo Fast Hydrating Lotion 500g,0,0,0,14.99,taxable,,Skincare,MooGoo Fast Hydrating Lotion 500g. A skincare product. Supplied as 500g.,No regulation
simple,5391513951787,Dioralyte Natural 20 Sachets,0,0,0,14.99,taxable,,Prescription Medicines,"Dioralyte Natural 20 Sachets. Prescription-only medicine, supplied after an online consultation with our pharmacist. Always read the label and any leaflet supplied. If symptoms persist, speak to your pharmacist or doctor. Supplied as 20 Sachets.",P
simple,5709976231504,Pharma Nord Bio-Magnesium 200mg 150 tabs,0,0,0,14.99,taxable,,Vitamins,Pharma Nord Bio-Magnesium 200mg 150 tabs. A vitamins and supplements product. Supplied as 150 tabs.,No regulation
simple,5015915923011,Scabies Treatment - Sandoz Permethrin 5% Cream 30g,0,0,0,14.99,taxable,,Skincare,"Scabies Treatment - Sandoz Permethrin 5% Cream 30g. Prescription-only medicine, supplied after an online consultation with our pharmacist. Always read the label and any leaflet supplied. If symptoms persist, speak to your pharmacist or doctor. Supplied as 30g.",P
simple,4051895014364,Fresubin Energy Protein Drink Cappuccino 4 x 200ml,0,0,0,14.99,taxable,,Vitamins,Fresubin Energy Protein Drink Cappuccino 4 x 200ml. A vitamins and supplements product. Supplied as 4 x 200ml.,No regulation
simple,8809933611633,Dr. Jart+ Ctrl-A Teatreement Cleansing Foam 120ml,0,0,0,14.99,taxable,,Skincare,Dr. Jart+ Ctrl-A Teatreement Cleansing Foam 120ml. A skincare product. Supplied as 120ml.,No regulation
simple,0054402700280,Australian Gold Intensifier Dry Oil Spray with Bronzer 237ml,0,0,0,14.99,taxable,,Skincare,Australian Gold Intensifier Dry Oil Spray with Bronzer 237ml. A skincare product. Supplied as 237ml.,No regulation
simple,0017854118096,Baylis & Harding Black Pepper & Ginseng Slipper Gift Set,0,0,0,14.99,taxable,,Beauty,Baylis & Harding Black Pepper & Ginseng Slipper Gift Set. A health and beauty product.,No regulation
simple,5060229015013,Pukka Aloe Vera Juice 1000ml,0,0,0,14.99,taxable,,Vitamins,Pukka Aloe Vera Juice 1000ml. A vitamins and supplements product. Supplied as 1000ml.,No regulation
simple,9335955002740,MooGoo Soothing MSM Moisturiser 200g,0,0,0,14.99,taxable,,Skincare,MooGoo Soothing MSM Moisturiser 200g. A skincare product. Supplied as 200g.,No regulation
simple,3574661738154,Aveeno Skin Renewal Firming Lotion 300ml,0,0,0,14.99,taxable,,Skincare,Aveeno Skin Renewal Firming Lotion 300ml. A skincare product. Supplied as 300ml.,No regulation
simple,8006540892473,Oral-B Refills Sensi Clean X-Filaments 4,0,0,0,14.99,taxable,,Oral Care,Oral-B Refills Sensi Clean X-Filaments 4. An oral care product.,No regulation
simple,5016379302015,Psoriderm Cream 225ml,0,0,0,14.99,taxable,,Skincare,"Psoriderm Cream 225ml. Prescription-only medicine, supplied after an online consultation with our pharmacist. Always read the label and any leaflet supplied. If symptoms persist, speak to your pharmacist or doctor. Supplied as 225ml.",P
simple,5036631007502,Hydromol Bath & Shower Emollient 1000ml,0,0,0,14.99,taxable,,Skincare,Hydromol Bath & Shower Emollient 1000ml. A skincare product. Supplied as 1000ml.,No regulation
simple,0017854117266,Baylis & Harding Sweet Mandarin & Grapefruit Gift Set 2022,0,0,0,14.99,taxable,,Beauty,Baylis & Harding Sweet Mandarin & Grapefruit Gift Set 2022. A health and beauty product.,No regulation
simple,5012616266188,NiQuitin Minis Mint Lozenges 4mg 60 Lozenges,0,0,0,14.99,taxable,reduced-rate,Stop Smoking,NiQuitin Minis Mint Lozenges 4mg 60 Lozenges. A stop-smoking product. Supplied as 60 Lozenges.,GSL
simple,0054402250020,Australian Gold Exotic Oil Intensifier 237ml,0,0,0,14.99,taxable,,Skincare,Australian Gold Exotic Oil Intensifier 237ml. A skincare product. Supplied as 237ml.,No regulation
simple,5038581123547,Yankee Candle Autumn Sunset Large Jar 623g,0,0,0,14.99,taxable,,Beauty,Yankee Candle Autumn Sunset Large Jar 623g. A health and beauty product. Supplied as 623g.,No regulation
simple,5060203790738,Terranova Microflora Complex with FOS & More 50 Capsules,0,0,0,14.99,taxable,,Vitamins,Terranova Microflora Complex with FOS & More 50 Capsules. A vitamins and supplements product. Supplied as 50 Capsules.,No regulation
simple,5038581102177,Yankee Candle Crisp Campfire Apples Large Jar 623g,0,0,0,14.99,taxable,,Beauty,Yankee Candle Crisp Campfire Apples Large Jar 623g. A health and beauty product. Supplied as 623g.,No regulation
simple,3337875597449,CeraVe Facial Moisturising Lotion PM 52ml,0,0,0,14.99,taxable,,Skincare,CeraVe Facial Moisturising Lotion PM 52ml. A skincare product. Supplied as 52ml.,No regulation
simple,3264680024382,Nuxe Dry Oil Spray Florale 50ml,0,0,0,14.99,taxable,,Skincare,Nuxe Dry Oil Spray Florale 50ml. A skincare product. Supplied as 50ml.,No regulation
simple,3282779004121,Avène Akèrat Body Cream 200ml,0,0,0,14.99,taxable,,Skincare,Avène Akèrat Body Cream 200ml. A skincare product. Supplied as 200ml.,No regulation
simple,5060420232660,Lansinoh Organic Post-Birth Relief Spray 100ml,0,0,0,14.99,taxable,,Beauty,Lansinoh Organic Post-Birth Relief Spray 100ml. A health and beauty product. Supplied as 100ml.,No regulation
simple,5038581123578,Yankee Candle Farm Fresh Peach Large Jar 623g,0,0,0,14.99,taxable,,Beauty,Yankee Candle Farm Fresh Peach Large Jar 623g. A health and beauty product. Supplied as 623g.,No regulation
simple,5060734420067,Rose & Caramel Purity Self Tan Removing Foam 200ml,0,0,0,14.99,taxable,,Beauty,Rose & Caramel Purity Self Tan Removing Foam 200ml. A health and beauty product. Supplied as 200ml.,No regulation
simple,0851325002251,Macadamia Natural Oil Healing Oil Spray 125ml,0,0,0,14.99,taxable,,Skincare,Macadamia Natural Oil Healing Oil Spray 125ml. A skincare product. Supplied as 125ml.,No regulation
simple,5060203791070,Terranova Chromium 200Ug Complex 100 Pack,0,0,0,14.99,taxable,,Vitamins,Terranova Chromium 200Ug Complex 100 Pack. A vitamins and supplements product. Supplied as 100 Pack.,No regulation
simple,8710103989738,Philips Avent Natural Feeding Bottle 1 Month+ 2 Pack,0,0,0,14.99,taxable,,General Health,Philips Avent Natural Feeding Bottle 1 Month+ 2 Pack. A health and wellbeing product. Supplied as 2 Pack.,No regulation
simple,5023652473126,Nature's Aid MCT Oil 120mg 120 Capsules,0,0,0,14.99,taxable,,Vitamins,Nature's Aid MCT Oil 120mg 120 Capsules. A vitamins and supplements product. Supplied as 120 Capsules.,No regulation
simple,5038581134376,Yankee Candle Sweet Plum Sake Large Jar 623g,0,0,0,14.99,taxable,,Beauty,Yankee Candle Sweet Plum Sake Large Jar 623g. A health and beauty product. Supplied as 623g.,No regulation
simple,5021265222476,Vitabiotics Jointace Collagen 30 Tablets,0,0,0,14.99,taxable,,Vitamins,Vitabiotics Jointace Collagen 30 Tablets. A vitamins and supplements product. Supplied as 30 Tablets.,No regulation
simple,5034268004345,ProVen Probiotics Adult Acidophilus & Bifidus 50 Billion 14 Capsules,0,0,0,14.99,taxable,,Digestive,"ProVen Probiotics Adult Acidophilus & Bifidus 50 Billion 14 Capsules. Always read the label and any leaflet supplied. If symptoms persist, speak to your pharmacist or doctor. Supplied as 14 Capsules.",No regulation
simple,8809566990464,Benton Aloe Hyaluron Cream 50g,0,0,0,14.99,taxable,,Skincare,Benton Aloe Hyaluron Cream 50g. A skincare product. Supplied as 50g.,No regulation
simple,0017854118911,Baylis & Harding The Fuzzy Duck Men's Hemp & Bergamot 3 Piece Set,0,0,0,14.99,taxable,,Beauty,Baylis & Harding The Fuzzy Duck Men's Hemp & Bergamot 3 Piece Set. A health and beauty product.,No regulation
simple,4013162020508,Miss Fenjal Velvet Orchid EDT,0,0,0,14.99,taxable,,General Health,Miss Fenjal Velvet Orchid EDT. A health and wellbeing product.,No regulation
simple,0615908942217,Tigi Bed Head Dumb Blonde Shampoo & Conditioner 750ml 2 Pack,0,0,0,14.99,taxable,,Hair Care,Tigi Bed Head Dumb Blonde Shampoo & Conditioner 750ml 2 Pack. A hair care product. Supplied as 2 Pack.,No regulation
simple,3337875597395,CeraVe Moisturising Lotion 473ml,0,0,0,14.99,taxable,,Skincare,CeraVe Moisturising Lotion 473ml. A skincare product. Supplied as 473ml.,No regulation
simple,5020465202653,Cetaphil Moisturising Body Cream 450g,0,0,0,14.99,taxable,,Skincare,Cetaphil Moisturising Body Cream 450g. A skincare product. Supplied as 450g.,No regulation
simple,3282770140941,Klorane Mango Shampoo 400ml,0,0,0,14.99,taxable,,Hair Care,Klorane Mango Shampoo 400ml. A hair care product. Supplied as 400ml.,No regulation
simple,5055148414412,Lamberts Theanine & Lemon Balm Complex 60 Capsules,0,0,0,14.99,taxable,,Skincare,Lamberts Theanine & Lemon Balm Complex 60 Capsules. A skincare product. Supplied as 60 Capsules.,No regulation
simple,9335955004959,MooGoo Ultra Hydrating Face cream 75g,0,0,0,14.99,taxable,,Skincare,MooGoo Ultra Hydrating Face cream 75g. A skincare product. Supplied as 75g.,No regulation
simple,5060099033001,Odylique Prebiotic Gentle Herb Shampoo 200ml,0,0,0,14.99,taxable,,Hair Care,Odylique Prebiotic Gentle Herb Shampoo 200ml. A hair care product. Supplied as 200ml.,No regulation
simple,0658556116586,Botanicals For Life Agroecological Ashwagandha Extract 50ml,0,0,0,14.99,taxable,,General Health,Botanicals For Life Agroecological Ashwagandha Extract 50ml. A health and wellbeing product. Supplied as 50ml.,No regulation
simple,3337875905596,CeraVe Foaming Cleanser Refill Pouch 473ml,0,0,0,14.99,taxable,,Skincare,CeraVe Foaming Cleanser Refill Pouch 473ml. A skincare product. Supplied as 473ml.,No regulation
simple,0658556116753,Botanicals For Life Organic Sage Extract 50ml,0,0,0,14.99,taxable,,General Health,Botanicals For Life Organic Sage Extract 50ml. A health and wellbeing product. Supplied as 50ml.,No regulation
simple,5031013102981,Higher Nature Omega 3 Fish Oil 180 Capsules,0,0,0,14.99,taxable,,Vitamins,Higher Nature Omega 3 Fish Oil 180 Capsules. A vitamins and supplements product. Supplied as 180 Capsules.,No regulation
simple,8850029013671,Eucerin Sun Oil Control Gel-Cream SPF50+ 50ml,0,0,0,14.99,taxable,,Skincare,Eucerin Sun Oil Control Gel-Cream SPF50+ 50ml. A skincare product. Supplied as 50ml.,No regulation
simple,5060571820914,The Good Guru Vegan Weight Gainer Protein Vanilla 500g,0,0,0,14.99,taxable,zero-rate,Vitamins,The Good Guru Vegan Weight Gainer Protein Vanilla 500g. A vitamins and supplements product. Supplied as 500g.,No regulation
simple,3282770140996,Klorane Nourishing Mask with Mango 150ml,0,0,0,14.99,taxable,,Skincare,Klorane Nourishing Mask with Mango 150ml. A skincare product. Supplied as 150ml.,No regulation
simple,5055148400705,Lamberts Vitamin C 1000mg+ Bioflavonoids 180 Tablets,0,0,0,14.99,taxable,,Vitamins,Lamberts Vitamin C 1000mg+ Bioflavonoids 180 Tablets. A vitamins and supplements product. Supplied as 180 Tablets.,No regulation
simple,0033984001954,Solgar Bcaa Plus 50 Capsules,0,0,0,14.99,taxable,,Vitamins,Solgar Bcaa Plus 50 Capsules. A vitamins and supplements product. Supplied as 50 Capsules.,No regulation
simple,5031013107344,Higher Nature Astaxanthin 30 Capsules,0,0,0,14.99,taxable,,Vitamins,Higher Nature Astaxanthin 30 Capsules. A vitamins and supplements product. Supplied as 30 Capsules.,No regulation
simple,5015802291766,Colony Mulled Wine Fragranced Candle Gift Set,0,0,0,14.99,taxable,,Beauty,Colony Mulled Wine Fragranced Candle Gift Set. A health and beauty product.,No regulation
simple,7614700015214,Pernaton Cooling Gel 250ml,0,0,0,14.99,taxable,,Skincare,Pernaton Cooling Gel 250ml. A skincare product. Supplied as 250ml.,No regulation
simple,5060571821393,The Good Guru Vegan Protein Strawberry 500g,0,0,0,14.99,taxable,zero-rate,Vitamins,The Good Guru Vegan Protein Strawberry 500g. A vitamins and supplements product. Supplied as 500g.,No regulation
simple,5060099031250,Odylique Calming Rose Super Tonic Spray 50ml,0,0,0,14.99,taxable,,Beauty,Odylique Calming Rose Super Tonic Spray 50ml. A health and beauty product. Supplied as 50ml.,No regulation
simple,0658556116654,Botanicals For Life Agroecological Valerian Extract 50ml,0,0,0,14.99,taxable,,General Health,Botanicals For Life Agroecological Valerian Extract 50ml. A health and wellbeing product. Supplied as 50ml.,No regulation
simple,8809598453814,COSRX Intensive Healing Eczema Acne Patches 90 Pack,0,0,0,14.99,taxable,,Skincare,COSRX Intensive Healing Eczema Acne Patches 90 Pack. A skincare product. Supplied as 90 Pack.,No regulation
simple,5060342240545,GlucoRx HCT Glucose Strips 50 Pack,0,0,0,14.99,taxable,,Testing & Monitoring,"GlucoRx HCT Glucose Strips 50 Pack. Always read the label and any leaflet supplied. If symptoms persist, speak to your pharmacist or doctor. Supplied as 50 Pack.",No regulation
simple,0054402720578,Australian Gold Carrot Spray Oil SPF30 237ml,0,0,0,14.99,taxable,,Skincare,Australian Gold Carrot Spray Oil SPF30 237ml. A skincare product. Supplied as 237ml.,No regulation
simple,3800219793864,Alteya Organic Luminous Rose Gentle Balancing Cleanser 120ml,0,0,0,14.99,taxable,,Skincare,Alteya Organic Luminous Rose Gentle Balancing Cleanser 120ml. A skincare product. Supplied as 120ml.,No regulation
simple,5060203794989,Terranova Reishi (Fermented) 50 Capsules,0,0,0,14.99,taxable,,Vitamins,Terranova Reishi (Fermented) 50 Capsules. A vitamins and supplements product. Supplied as 50 Capsules.,No regulation
simple,5000476020545,Johnson's Veterinary One Dose Wormer Size 4,0,0,0,14.99,taxable,,Pet Care,Johnson's Veterinary One Dose Wormer Size 4. A pet care product.,No regulation
simple,8809598455412,Cosrx Advanced Snail Peptide Eye Cream 25ml,0,0,0,14.99,taxable,,Skincare,Cosrx Advanced Snail Peptide Eye Cream 25ml. A skincare product. Supplied as 25ml.,No regulation
simple,4005900485533,Eucerin Sensitive Protect Sun Creme SPF50+ 50ml,0,0,0,14.99,taxable,,Skincare,Eucerin Sensitive Protect Sun Creme SPF50+ 50ml. A skincare product. Supplied as 50ml.,No regulation
simple,5060229011916,Pukka Wholistic Shatavari 30 Capsules,0,0,0,14.99,taxable,,Vitamins,Pukka Wholistic Shatavari 30 Capsules. A vitamins and supplements product. Supplied as 30 Capsules.,No regulation
simple,5056142606117,Protein World Vegan Protein Powder Vanilla 520g,0,0,0,14.99,taxable,zero-rate,Vitamins,Protein World Vegan Protein Powder Vanilla 520g. A vitamins and supplements product. Supplied as 520g.,No regulation
simple,0876198007202,Optixcare L-Lysine Chews 60 Pack,0,0,0,14.99,taxable,,General Health,Optixcare L-Lysine Chews 60 Pack. A health and wellbeing product. Supplied as 60 Pack.,No regulation
simple,5060149640128,SelfCheck Coeliac Disease Test Kit,0,0,0,14.99,taxable,,Testing & Monitoring,"SelfCheck Coeliac Disease Test Kit. Always read the label and any leaflet supplied. If symptoms persist, speak to your pharmacist or doctor.",No regulation
simple,5060571820921,The Good Guru Vegan Weight Gainer Protein Chocolate 500g,0,0,0,14.99,taxable,zero-rate,Vitamins,The Good Guru Vegan Weight Gainer Protein Chocolate 500g. A vitamins and supplements product. Supplied as 500g.,No regulation
simple,5011417581605,Gaviscon Double Action Aniseed Oral Suspension 600ml,0,0,0,14.99,taxable,,Digestive,"Gaviscon Double Action Aniseed Oral Suspension 600ml. Always read the label and any leaflet supplied. If symptoms persist, speak to your pharmacist or doctor. Supplied as 600ml.",GSL
simple,5034511002470,Green People Protein-Boost Hair Serum 100ml,0,0,0,14.99,taxable,,Hair Care,Green People Protein-Boost Hair Serum 100ml. A hair care product. Supplied as 100ml.,No regulation
simple,5038580003789,Yankee Candle Fluffy Towels Large Jar 623g,0,0,0,14.99,taxable,,Beauty,Yankee Candle Fluffy Towels Large Jar 623g. A health and beauty product. Supplied as 623g.,No regulation
simple,5038581134260,Yankee Candle Tranquil Garden Large Jar 623g,0,0,0,14.99,taxable,,Beauty,Yankee Candle Tranquil Garden Large Jar 623g. A health and beauty product. Supplied as 623g.,No regulation
simple,8809684561126,Milk Touch Green Apple Pore Collagen Ampoule 40ml,0,0,0,14.99,taxable,,Vitamins,Milk Touch Green Apple Pore Collagen Ampoule 40ml. A vitamins and supplements product. Supplied as 40ml.,No regulation
simple,5021265250615,Vitabiotics Pregnacare Him & Her Conception 60 Tablets,0,0,0,14.99,taxable,,Vitamins,Vitabiotics Pregnacare Him & Her Conception 60 Tablets. A vitamins and supplements product. Supplied as 60 Tablets.,No regulation
simple,5060203790271,Terranova Biotin 300Ug Complex 100 Pack,0,0,0,14.99,taxable,,Vitamins,Terranova Biotin 300Ug Complex 100 Pack. A vitamins and supplements product. Supplied as 100 Pack.,No regulation
simple,0876198042821,Optixcare Eye Health 20g,0,0,0,14.99,taxable,,General Health,Optixcare Eye Health 20g. A health and wellbeing product. Supplied as 20g.,No regulation
simple,0658556116791,Botanicals For Life Organic Turmeric Extract 50ml,0,0,0,14.99,taxable,,Vitamins,Botanicals For Life Organic Turmeric Extract 50ml. A vitamins and supplements product. Supplied as 50ml.,No regulation
simple,5013011002487,Phenergan Elixir 5mg/5ml Oral Solution 6y+ 100ml,0,0,0,14.99,taxable,,Prescription Medicines,"Phenergan Elixir 5mg/5ml Oral Solution 6y+ 100ml. Prescription-only medicine, supplied after an online consultation with our pharmacist. Always read the label and any leaflet supplied. If symptoms persist, speak to your pharmacist or doctor. Supplied as 100ml.",P
simple,0054402250068,Australian Gold Aloe Freeze Spray Gel 237ml,0,0,0,14.99,taxable,,Skincare,Australian Gold Aloe Freeze Spray Gel 237ml. A skincare product. Supplied as 237ml.,No regulation
simple,5060571822369,The Good Guru Magnesium Taurate + Vitamin B6 90 Capsules,0,0,0,14.99,taxable,,Vitamins,The Good Guru Magnesium Taurate + Vitamin B6 90 Capsules. A vitamins and supplements product. Supplied as 90 Capsules.,No regulation
simple,3760201136300,Lamazuna Menstrual Cup-Size 1 (Pink Pouch) 1 Pack,0,0,0,14.99,taxable,zero-rate,Women's Health,Lamazuna Menstrual Cup-Size 1 (Pink Pouch) 1 Pack. A women's health product. Supplied as 1 Pack.,No regulation
simple,8809566990563,Benton Goodbye Redness Centella Spot Cream 15g,0,0,0,14.99,taxable,,Skincare,Benton Goodbye Redness Centella Spot Cream 15g. A skincare product. Supplied as 15g.,No regulation
simple,5060571821454,The Good Guru Vegan Weight Loss Protein Vanilla 500g,0,0,0,14.99,taxable,zero-rate,Weight Management,"The Good Guru Vegan Weight Loss Protein Vanilla 500g. Always read the label and any leaflet supplied. If symptoms persist, speak to your pharmacist or doctor. Supplied as 500g.",No regulation
simple,0876198042425,Optixcare Eye Lube 20g,0,0,0,14.99,taxable,,Sexual Wellness,"Optixcare Eye Lube 20g. Always read the label and any leaflet supplied. If symptoms persist, speak to your pharmacist or doctor. Supplied as 20g.",No regulation
simple,5055193542481,SUNKISSED 24 Days Of Christmas Advent Calendar,0,0,0,14.99,taxable,,General Health,SUNKISSED 24 Days Of Christmas Advent Calendar. A health and wellbeing product.,No regulation
simple,5055148411381,Lamberts Vitamins D3 1000iu & K2 90µg 60 Capsules,0,0,0,14.99,taxable,,Vitamins,Lamberts Vitamins D3 1000iu & K2 90µg 60 Capsules. A vitamins and supplements product. Supplied as 60 Capsules.,No regulation
simple,5055148414849,Lamberts Vitamin B-50 Complex 120 Tablets,0,0,0,14.99,taxable,,Vitamins,Lamberts Vitamin B-50 Complex 120 Tablets. A vitamins and supplements product. Supplied as 120 Tablets.,No regulation
simple,3574661795652,Aveeno Dermexa Cream 300ml,0,0,0,14.99,taxable,,Skincare,Aveeno Dermexa Cream 300ml. A skincare product. Supplied as 300ml.,No regulation
simple,5031013107375,Higher Nature Ultimate Aloe Skin Gel 75ml,0,0,0,14.99,taxable,,Skincare,Higher Nature Ultimate Aloe Skin Gel 75ml. A skincare product. Supplied as 75ml.,No regulation
simple,5027314503138,Bio-Kult Pro-Cyan 45 Capsules,0,0,0,14.99,taxable,,Vitamins,Bio-Kult Pro-Cyan 45 Capsules. A vitamins and supplements product. Supplied as 45 Capsules.,No regulation
simple,5060776980093,DR.VEGAN Vegan Nights Relax & Sleep 30 Capsules,0,0,0,14.99,taxable,,Vitamins,DR.VEGAN Vegan Nights Relax & Sleep 30 Capsules. A vitamins and supplements product. Supplied as 30 Capsules.,No regulation
simple,5012748615274,Movicol Lemon & Lime Sachets 30 Pack,0,0,0,14.99,taxable,,Prescription Medicines,"Movicol Lemon & Lime Sachets 30 Pack. Prescription-only medicine, supplied after an online consultation with our pharmacist. Always read the label and any leaflet supplied. If symptoms persist, speak to your pharmacist or doctor. Supplied as 30 Pack.",P
simple,5011309105315,Flexitol Heel Balm 25% Urea 200g,0,0,0,14.99,taxable,,Skincare,Flexitol Heel Balm 25% Urea 200g. A skincare product. Supplied as 200g.,No regulation
simple,0033984041462,Solgar Siberian Ginseng Root Extract 60 Capsules,0,0,0,14.99,taxable,,Vitamins,Solgar Siberian Ginseng Root Extract 60 Capsules. A vitamins and supplements product. Supplied as 60 Capsules.,No regulation
simple,0021078000211,Source Naturals Wellness Formula 45 Tabs,0,0,0,14.99,taxable,,General Health,Source Naturals Wellness Formula 45 Tabs. A health and wellbeing product. Supplied as 45 Tabs.,No regulation
simple,5038581147697,Yankee Candle Classic Apple Sweet Fig 623g,0,0,0,14.99,taxable,,Beauty,Yankee Candle Classic Apple Sweet Fig 623g. A health and beauty product. Supplied as 623g.,No regulation
simple,8809540510299,Benton Cacao Moist & Mild Cream 50g,0,0,0,14.99,taxable,,Skincare,Benton Cacao Moist & Mild Cream 50g. A skincare product. Supplied as 50g.,No regulation
simple,4015600300807,Clearblue Double-Check & Date Pregnancy Test 2 Pack,0,0,0,14.99,taxable,,Testing & Monitoring,"Clearblue Double-Check & Date Pregnancy Test 2 Pack. Always read the label and any leaflet supplied. If symptoms persist, speak to your pharmacist or doctor. Supplied as 2 Pack.",No regulation
simple,5011309590111,Hedrin Once Spray Gel 100ml,0,0,0,14.99,taxable,,Skincare,Hedrin Once Spray Gel 100ml. A skincare product. Supplied as 100ml.,No regulation
simple,5000158063471,FyboGel Lemon Sachets 2x30 Sachets,0,0,0,14.99,taxable,,Digestive,"FyboGel Lemon Sachets 2x30 Sachets. Always read the label and any leaflet supplied. If symptoms persist, speak to your pharmacist or doctor. Supplied as 2x30 Sachets.",GSL
simple,4005900661371,Nivea Q10 Power Antiwrinkle Night Cream 50ml,0,0,0,14.99,taxable,,Skincare,Nivea Q10 Power Antiwrinkle Night Cream 50ml. A skincare product. Supplied as 50ml.,No regulation
simple,5025381000031,Odaban Antiperspirant Spray 30ml,0,0,0,14.99,taxable,,Beauty,Odaban Antiperspirant Spray 30ml. A health and beauty product. Supplied as 30ml.,No regulation
simple,9326922000432,Australian Bush Flower Essences Woman Mist 50ml,0,0,0,14.95,taxable,,Beauty,Australian Bush Flower Essences Woman Mist 50ml. A health and beauty product. Supplied as 50ml.,No regulation
simple,9326922000418,Australian Bush Flower Essences Space Clearing Mist 50ml,0,0,0,14.95,taxable,,Beauty,Australian Bush Flower Essences Space Clearing Mist 50ml. A health and beauty product. Supplied as 50ml.,No regulation
simple,5031013101007,Higher Nature MSM Glucosamine Joint Complex 90 Tablets,0,0,0,14.95,taxable,,Pain Relief,"Higher Nature MSM Glucosamine Joint Complex 90 Tablets. Always read the label and any leaflet supplied. If symptoms persist, speak to your pharmacist or doctor. Supplied as 90 Tablets.",No regulation
simple,5031013101274,Higher Nature Betaine HCl 90 Capsules,0,0,0,14.95,taxable,,Vitamins,Higher Nature Betaine HCl 90 Capsules. A vitamins and supplements product. Supplied as 90 Capsules.,No regulation
simple,9326922006847,Australian Bush Flower Essences Focus Mist 50ml,0,0,0,14.95,taxable,,Beauty,Australian Bush Flower Essences Focus Mist 50ml. A health and beauty product. Supplied as 50ml.,No regulation
simple,5031013108624,Higher Nature High Strength Vitamin D3 2000IU 120 Capsules,0,0,0,14.95,taxable,,Vitamins,Higher Nature High Strength Vitamin D3 2000IU 120 Capsules. A vitamins and supplements product. Supplied as 120 Capsules.,No regulation
simple,5031013104312,Higher Nature Super Osteofood 90 Tablets,0,0,0,14.95,taxable,,Vitamins,Higher Nature Super Osteofood 90 Tablets. A vitamins and supplements product. Supplied as 90 Tablets.,No regulation
simple,0033984020290,Solgar Wild Oregano Oil 60 Softgels,0,0,0,14.89,taxable,,Vitamins,Solgar Wild Oregano Oil 60 Softgels. A vitamins and supplements product. Supplied as 60 Softgels.,No regulation
simple,5060018513942,KIKI Health Liquid Chlorophyll 125ml,0,0,0,14.89,taxable,,Vitamins,KIKI Health Liquid Chlorophyll 125ml. A vitamins and supplements product. Supplied as 125ml.,No regulation
simple,9349288140611,A'kin Certified Organic Rosehip Oil (Hydrating) 20ml,0,0,0,14.89,taxable,,Skincare,A'kin Certified Organic Rosehip Oil (Hydrating) 20ml. A skincare product. Supplied as 20ml.,No regulation
simple,9300631375814,Scholl Ingrowing Toenail Clip & Spray Kit,0,0,0,14.89,taxable,,Supports & Braces,Scholl Ingrowing Toenail Clip & Spray Kit. A support and mobility product.,No regulation
simple,4027800979301,Wilkinson Sword Hydro 5 Sense Set 7Pc,0,0,0,14.89,taxable,,General Health,Wilkinson Sword Hydro 5 Sense Set 7Pc. A health and wellbeing product.,No regulation
simple,5020465203223,Cetaphil Pro Moisturising Lotion 295ml,0,0,0,14.89,taxable,,Skincare,Cetaphil Pro Moisturising Lotion 295ml. A skincare product. Supplied as 295ml.,No regulation
simple,5709976104808,Pharma Nord Bio-Fish Oil 500mg 240 Caps,0,0,0,14.89,taxable,,Vitamins,Pharma Nord Bio-Fish Oil 500mg 240 Caps. A vitamins and supplements product. Supplied as 240 Caps.,No regulation
simple,5060734420197,Rose & Caramel Purity Fade Away Tan Removing Shower Gel 250ml,0,0,0,14.89,taxable,,Beauty,Rose & Caramel Purity Fade Away Tan Removing Shower Gel 250ml. A health and beauty product. Supplied as 250ml.,No regulation
simple,0054402260487,Australian Gold Dark Tanning Accelerator Spray 177ml,0,0,0,14.89,taxable,,Beauty,Australian Gold Dark Tanning Accelerator Spray 177ml. A health and beauty product. Supplied as 177ml.,No regulation
simple,5056142600207,Protein World Toner 90 Capsules,0,0,0,14.89,taxable,,Skincare,Protein World Toner 90 Capsules. A skincare product. Supplied as 90 Capsules.,No regulation
simple,0033984016712,Solgar Natural Lutein Lycopene Carotene Complex 30 Capsules,0,0,0,14.89,taxable,,Vitamins,Solgar Natural Lutein Lycopene Carotene Complex 30 Capsules. A vitamins and supplements product. Supplied as 30 Capsules.,No regulation
simple,5010249020856,FSC L-Carnitine 500mg 60 Capsules,0,0,0,14.89,taxable,,Vitamins,FSC L-Carnitine 500mg 60 Capsules. A vitamins and supplements product. Supplied as 60 Capsules.,No regulation
simple,0033984008717,Solgar Chromium Picolinate 500µg 60 Capsules,0,0,0,14.89,taxable,,Vitamins,Solgar Chromium Picolinate 500µg 60 Capsules. A vitamins and supplements product. Supplied as 60 Capsules.,No regulation
simple,5055148409944,Lamberts Prostex 90 Tablets,0,0,0,14.89,taxable,,Vitamins,Lamberts Prostex 90 Tablets. A vitamins and supplements product. Supplied as 90 Tablets.,No regulation
simple,5060018511443,KIKI Health Organic Premium Wheatgrass Powder 100g,0,0,0,14.89,taxable,,Vitamins,KIKI Health Organic Premium Wheatgrass Powder 100g. A vitamins and supplements product. Supplied as 100g.,No regulation
simple,5060571720764,Upcircle Eye Cream with Maple & Coffee 10ml,0,0,0,14.89,taxable,,Skincare,Upcircle Eye Cream with Maple & Coffee 10ml. A skincare product. Supplied as 10ml.,No regulation
simple,5055148413842,Lamberts Glucosamine QCV 120 Tablets,0,0,0,14.89,taxable,,Vitamins,Lamberts Glucosamine QCV 120 Tablets. A vitamins and supplements product. Supplied as 120 Tablets.,No regulation
simple,4005808858729,Eucerin AtoControl Bath & Shower Oil 400ml,0,0,0,14.89,taxable,,Beauty,Eucerin AtoControl Bath & Shower Oil 400ml. A health and beauty product. Supplied as 400ml.,No regulation
simple,5060734420050,Rose & Caramel Purity Prep & Protect Spray 175ml,0,0,0,14.89,taxable,,Beauty,Rose & Caramel Purity Prep & Protect Spray 175ml. A health and beauty product. Supplied as 175ml.,No regulation
simple,5055148413743,Lamberts Artichoke 7245mg 180 Tablets,0,0,0,14.89,taxable,,Vitamins,Lamberts Artichoke 7245mg 180 Tablets. A vitamins and supplements product. Supplied as 180 Tablets.,No regulation
simple,7702018428229,Gillette Fusion Proshield Flexball Men's Razor Handle + 4 Blades,0,0,0,14.89,taxable,,Men's Grooming,Gillette Fusion Proshield Flexball Men's Razor Handle + 4 Blades. A men's grooming product.,No regulation
simple,5056142606476,Protein World Keto Hunger Buster 90 Capsules,0,0,0,14.89,taxable,,Vitamins,Protein World Keto Hunger Buster 90 Capsules. A vitamins and supplements product. Supplied as 90 Capsules.,No regulation
simple,3662042002663,Blephasol Duo Daily Eyelid Cleansing Pads 100 Pack,0,0,0,14.89,taxable,,Eye Care,"Blephasol Duo Daily Eyelid Cleansing Pads 100 Pack. Always read the label and any leaflet supplied. If symptoms persist, speak to your pharmacist or doctor. Supplied as 100 Pack.",No regulation
simple,5060018511542,KIKI Health Organic Camu Camu Powder 70g,0,0,0,14.89,taxable,zero-rate,Vitamins,KIKI Health Organic Camu Camu Powder 70g. A vitamins and supplements product. Supplied as 70g.,No regulation
simple,5060734420036,Rose & Caramel Nudity Clear Self Tanning Mousse 200ml,0,0,0,14.89,taxable,,Hair Care,Rose & Caramel Nudity Clear Self Tanning Mousse 200ml. A hair care product. Supplied as 200ml.,No regulation
simple,5060018511566,KIKI Health Organic Acai Powder 50g,0,0,0,14.89,taxable,zero-rate,Vitamins,KIKI Health Organic Acai Powder 50g. A vitamins and supplements product. Supplied as 50g.,No regulation
simple,0033984005099,Solgar Calcium Magnesium Citrate 100 Tablets,0,0,0,14.89,taxable,,Vitamins,Solgar Calcium Magnesium Citrate 100 Tablets. A vitamins and supplements product. Supplied as 100 Tablets.,No regulation
simple,0033984010109,Solgar Dlpa (Dl-Phenylalanine) 500mg 50 Capsules,0,0,0,14.89,taxable,,Vitamins,Solgar Dlpa (Dl-Phenylalanine) 500mg 50 Capsules. A vitamins and supplements product. Supplied as 50 Capsules.,No regulation
simple,0020714804336,Clinique Pep-Start 2-In-1 Exfoliating Cleanser 125ml,0,0,0,14.89,taxable,,Skincare,Clinique Pep-Start 2-In-1 Exfoliating Cleanser 125ml. A skincare product. Supplied as 125ml.,No regulation
simple,0033984019416,Solgar Folate 400mcg (As Metafolin) 100 Tablets,0,0,0,14.89,taxable,,Vitamins,Solgar Folate 400mcg (As Metafolin) 100 Tablets. A vitamins and supplements product. Supplied as 100 Tablets.,No regulation
simple,5060018511757,KIKI Health Organic Hemp Protein Powder 235g,0,0,0,14.89,taxable,zero-rate,Vitamins,KIKI Health Organic Hemp Protein Powder 235g. A vitamins and supplements product. Supplied as 235g.,No regulation
simple,9329401000473,The Goat Skincare Body Wash 1000ml,0,0,0,14.89,taxable,,Skincare,The Goat Skincare Body Wash 1000ml. A skincare product. Supplied as 1000ml.,No regulation
simple,0033984007437,Solgar Ester-C Plus Immune Complex 60 Softgels,0,0,0,14.89,taxable,,Vitamins,Solgar Ester-C Plus Immune Complex 60 Softgels. A vitamins and supplements product. Supplied as 60 Softgels.,No regulation
simple,5056142607299,Protein World Omega 3-6-9 90 Capsules,0,0,0,14.89,taxable,,Vitamins,Protein World Omega 3-6-9 90 Capsules. A vitamins and supplements product. Supplied as 90 Capsules.,No regulation
simple,5012917010510,Frontline Homegard Spray 500ml,0,0,0,14.89,taxable,,Pet Care,Frontline Homegard Spray 500ml. A pet care product. Supplied as 500ml.,No regulation
simple,5060018511450,KIKI Health Organic Premium Spirulina 200 Tablets,0,0,0,14.89,taxable,,Vitamins,KIKI Health Organic Premium Spirulina 200 Tablets. A vitamins and supplements product. Supplied as 200 Tablets.,No regulation
simple,5055148414856,Lamberts N-Acetyl Cysteine (NAC) 300mg 90 Capsules,0,0,0,14.89,taxable,,Vitamins,Lamberts N-Acetyl Cysteine (NAC) 300mg 90 Capsules. A vitamins and supplements product. Supplied as 90 Capsules.,No regulation
simple,3499320016162,Cetaphil Daily Defence Cream SPF 50+ 50g,0,0,0,14.89,taxable,,Skincare,Cetaphil Daily Defence Cream SPF 50+ 50g. A skincare product. Supplied as 50g.,No regulation
simple,0859975002362,Andalou Luminous Eye Serum 38ml,0,0,0,14.89,taxable,,Skincare,Andalou Luminous Eye Serum 38ml. A skincare product. Supplied as 38ml.,No regulation
simple,0017854109728,Baylis & Harding Sweet Mandarin & Grapefruit Candlelit Bathtime Set,0,0,0,14.89,taxable,,Beauty,Baylis & Harding Sweet Mandarin & Grapefruit Candlelit Bathtime Set. A health and beauty product.,No regulation
simple,3282770153378,Klorane Peony Milky Makeup Remover 200ml,0,0,0,14.89,taxable,,Beauty,Klorane Peony Milky Makeup Remover 200ml. A health and beauty product. Supplied as 200ml.,No regulation
simple,9327693002205,Sukin Bronzing Gel 200ml,0,0,0,14.85,taxable,,Skincare,Sukin Bronzing Gel 200ml. A skincare product. Supplied as 200ml.,No regulation
simple,3800219794274,"Alteya Essential Oils Set - Lavender, Tea Tree, Orange, Lemongrass 4 x 5ml",0,0,0,14.85,taxable,,Skincare,"Alteya Essential Oils Set - Lavender, Tea Tree, Orange, Lemongrass 4 x 5ml. A skincare product. Supplied as 4 x 5ml.",No regulation
simple,0839573002100,Grahams Natural Conditioner 250ml,0,0,0,14.79,taxable,,Hair Care,Grahams Natural Conditioner 250ml. A hair care product. Supplied as 250ml.,No regulation
simple,5011309560213,Hedrin 4% Lotion Spray 120ml,0,0,0,14.79,taxable,,Skincare,Hedrin 4% Lotion Spray 120ml. A skincare product. Supplied as 120ml.,No regulation
simple,7350012553463,BioGaia Protectis for Immune System with Vitamin D+ 30 Chewable Tablets,0,0,0,14.79,taxable,,Vitamins,BioGaia Protectis for Immune System with Vitamin D+ 30 Chewable Tablets. A vitamins and supplements product. Supplied as 30 Chewable.,No regulation
simple,3574660680034,Piz Buin Allergy Sensitive Skin SPF30 Sun Lotion with Calmanelle 400ml,0,0,0,14.79,taxable,,Skincare,Piz Buin Allergy Sensitive Skin SPF30 Sun Lotion with Calmanelle 400ml. A skincare product. Supplied as 400ml.,No regulation
simple,5060209732619,Eyenite Ointment 5g,0,0,0,14.79,taxable,,Skincare,Eyenite Ointment 5g. A skincare product. Supplied as 5g.,GSL
simple,9327693000423,Sukin Hydrating Body Lotion 500ml,0,0,0,14.79,taxable,,Skincare,Sukin Hydrating Body Lotion 500ml. A skincare product. Supplied as 500ml.,No regulation
simple,5021265242351,Vitabiotics Jointace Sport 30 Tablets,0,0,0,14.79,taxable,,Vitamins,Vitabiotics Jointace Sport 30 Tablets. A vitamins and supplements product. Supplied as 30 Tablets.,No regulation
simple,5000347078835,Niquitin Step 3-7 Day 7mg 7 Pack,0,0,0,14.79,taxable,reduced-rate,Stop Smoking,Niquitin Step 3-7 Day 7mg 7 Pack. A stop-smoking product. Supplied as 7 Pack.,GSL
simple,3282770150162,Klorane Anti-Dandruff Powder Mask Treatment 24g,0,0,0,14.79,taxable,,Hair Care,Klorane Anti-Dandruff Powder Mask Treatment 24g. A hair care product. Supplied as 24g.,No regulation
simple,5052197038002,Scholl Gel Active Everyday Insoles Men 1 Pair,0,0,0,14.79,taxable,,Supports & Braces,Scholl Gel Active Everyday Insoles Men 1 Pair. A support and mobility product.,No regulation
simple,5060455146918,Brushworks Travel Makeup Brush & Sponge Set,0,0,0,14.79,taxable,,Beauty,Brushworks Travel Makeup Brush & Sponge Set. A health and beauty product.,No regulation
simple,5017978000357,Probio 7 40 Capsules,0,0,0,14.79,taxable,,Vitamins,Probio 7 40 Capsules. A vitamins and supplements product. Supplied as 40 Capsules.,No regulation
simple,0615908942200,Tigi Bed Head Colour Goddess Shampoo & Conditioner Twin 750ml 2 Pack,0,0,0,14.69,taxable,,Hair Care,Tigi Bed Head Colour Goddess Shampoo & Conditioner Twin 750ml 2 Pack. A hair care product. Supplied as 2 Pack.,No regulation
simple,0017854106048,Baylis & Harding Limited Edition Mulberry Fizz Perfect Pamper Gift Set,0,0,0,14.69,taxable,,Beauty,Baylis & Harding Limited Edition Mulberry Fizz Perfect Pamper Gift Set. A health and beauty product.,No regulation
simple,5056156306782,Indigo Herbs Bladderwrack Tincture 100ml,0,0,0,14.69,taxable,,Vitamins,Indigo Herbs Bladderwrack Tincture 100ml. A vitamins and supplements product. Supplied as 100ml.,No regulation
simple,3067698307818,Pukka Mushroom Gold 60 Capsules,0,0,0,14.69,taxable,,Vitamins,Pukka Mushroom Gold 60 Capsules. A vitamins and supplements product. Supplied as 60 Capsules.,No regulation
simple,5012616291579,Xls-Medical Fat Binder 30 Tablets,0,0,0,14.69,taxable,,Vitamins,Xls-Medical Fat Binder 30 Tablets. A vitamins and supplements product. Supplied as 30 Tablets.,No regulation
simple,8809566990341,Benton Deep Green Tea Toner 150ml,0,0,0,14.69,taxable,,Skincare,Benton Deep Green Tea Toner 150ml. A skincare product. Supplied as 150ml.,No regulation
simple,5060202180905,Cytoplan Wholefood Iron 10mg 60 Capsules,0,0,0,14.60,taxable,,Vitamins,Cytoplan Wholefood Iron 10mg 60 Capsules. A vitamins and supplements product. Supplied as 60 Capsules.,No regulation
simple,3411113065355,Douxo S3 Calm 30 Pads,0,0,0,14.59,taxable,,General Health,Douxo S3 Calm 30 Pads. A health and wellbeing product. Supplied as 30 Pads.,No regulation
simple,0087614114118,Swanson Berberine 400mg 60 Capsules,0,0,0,14.59,taxable,,Vitamins,Swanson Berberine 400mg 60 Capsules. A vitamins and supplements product. Supplied as 60 Capsules.,No regulation
simple,3411113021481,Douxo S3 Pyo 30 Pads,0,0,0,14.59,taxable,,General Health,Douxo S3 Pyo 30 Pads. A health and wellbeing product. Supplied as 30 Pads.,No regulation
simple,0033984003132,Solgar Biotin 5000µg 50 Vegetable Capsules,0,0,0,14.59,taxable,,Vitamins,Solgar Biotin 5000µg 50 Vegetable Capsules. A vitamins and supplements product.,No regulation
simple,4210201316787,Oral B Power Refill Head Clean 4 Pack,0,0,0,14.59,taxable,,Oral Care,Oral B Power Refill Head Clean 4 Pack. An oral care product. Supplied as 4 Pack.,No regulation
simple,0085805220761,Elizabeth Arden Visible Difference Hydragel 75ml,0,0,0,14.59,taxable,,Skincare,Elizabeth Arden Visible Difference Hydragel 75ml. A skincare product. Supplied as 75ml.,No regulation
simple,5060202184651,Cytoplan Boswellia 400mg 60 Capsules,0,0,0,14.59,taxable,,Vitamins,Cytoplan Boswellia 400mg 60 Capsules. A vitamins and supplements product. Supplied as 60 Capsules.,No regulation
simple,5025970009513,Nivea Winter Warmer Set,0,0,0,14.59,taxable,,General Health,Nivea Winter Warmer Set. A health and wellbeing product.,No regulation
simple,4006000100661,Eucerin AtoControl Calming Face Cream 50ml,0,0,0,14.59,taxable,,Skincare,Eucerin AtoControl Calming Face Cream 50ml. A skincare product. Supplied as 50ml.,No regulation
simple,5012335874503,Seven Seas Trying for A Baby Stage 1 4 Week Pack 28 Tablets,0,0,0,14.49,taxable,,Baby & Child,Seven Seas Trying for A Baby Stage 1 4 Week Pack 28 Tablets. A baby and child product. Supplied as 28 Tablets.,No regulation
simple,5060571822383,"The Good Guru Magnesium Glycinate, Calcium, Zinc, Vitamin D3 Supplement 90 Capsules",0,0,0,14.49,taxable,,Vitamins,"The Good Guru Magnesium Glycinate, Calcium, Zinc, Vitamin D3 Supplement 90 Capsules. A vitamins and supplements product. Supplied as 90 Capsules.",No regulation
simple,5060229011770,Pukka Clean Greens 60 Capsules,0,0,0,14.49,taxable,,Vitamins,Pukka Clean Greens 60 Capsules. A vitamins and supplements product. Supplied as 60 Capsules.,No regulation
simple,0054402730058,Australian Gold SPF50 Lotion with Instant Bronzer 237ml,0,0,0,14.49,taxable,,Skincare,Australian Gold SPF50 Lotion with Instant Bronzer 237ml. A skincare product. Supplied as 237ml.,No regulation
simple,0033984017115,Solgar Magnesium Citrate 120 Tablets,0,0,0,14.49,taxable,,Vitamins,Solgar Magnesium Citrate 120 Tablets. A vitamins and supplements product. Supplied as 120 Tablets.,No regulation
simple,0768990537875,"Nordic Naturals Baby's DHA, 1050mg Omega-3 with Vitamin D3 - 60 ml.",0,0,0,14.49,taxable,,Baby & Child,"Nordic Naturals Baby's DHA, 1050mg Omega-3 with Vitamin D3 - 60 ml.. A baby and child product. Supplied as 60 ml.",No regulation
simple,5649201379628,Urban Tonic Beard Oil Bay Rum 30ml,0,0,0,14.49,taxable,,Men's Grooming,Urban Tonic Beard Oil Bay Rum 30ml. A men's grooming product. Supplied as 30ml.,No regulation
simple,3337875905633,CeraVe Moisturising Lotion Refill Pouch 473ml,0,0,0,14.49,taxable,,Skincare,CeraVe Moisturising Lotion Refill Pouch 473ml. A skincare product. Supplied as 473ml.,No regulation
simple,7391325900100,Nutri Advanced Eskimo-3 Bright Kids Omega-3 + Vitamin D 27 Jellies,0,0,0,14.49,taxable,,Vitamins,Nutri Advanced Eskimo-3 Bright Kids Omega-3 + Vitamin D 27 Jellies. A vitamins and supplements product.,No regulation
simple,5034445004106,The Eye Doctor Advanced Triple Action Eye Drop 10ml,0,0,0,14.49,taxable,,Eye Care,"The Eye Doctor Advanced Triple Action Eye Drop 10ml. Always read the label and any leaflet supplied. If symptoms persist, speak to your pharmacist or doctor. Supplied as 10ml.",No regulation
simple,5407007651207,Bambaw Metal Safety Razor Mint Green,0,0,0,14.49,taxable,,Men's Grooming,Bambaw Metal Safety Razor Mint Green. A men's grooming product.,No regulation
simple,5055148400507,Lamberts Pure Evening Primrose Oil 1000mg 90 Capsules,0,0,0,14.49,taxable,,Vitamins,Lamberts Pure Evening Primrose Oil 1000mg 90 Capsules. A vitamins and supplements product. Supplied as 90 Capsules.,No regulation
simple,5060571822697,The Good Guru Organic Moringa 1200mg 90 Capsules,0,0,0,14.49,taxable,,Vitamins,The Good Guru Organic Moringa 1200mg 90 Capsules. A vitamins and supplements product. Supplied as 90 Capsules.,No regulation
simple,5060562640071,Birch & Wilde Vitamin B Complex 60/120 Day Supply 120 Capsules,0,0,0,14.49,taxable,,Vitamins,Birch & Wilde Vitamin B Complex 60/120 Day Supply 120 Capsules. A vitamins and supplements product. Supplied as 120 Capsules.,No regulation
simple,5034511010215,Green People Jade Gua Sha Facial Massage Tool,0,0,0,14.49,taxable,,Skincare,Green People Jade Gua Sha Facial Massage Tool. A skincare product.,No regulation
simple,5060291420395,Nursem Caring Body Cream 250ml,0,0,0,14.49,taxable,,Skincare,Nursem Caring Body Cream 250ml. A skincare product. Supplied as 250ml.,No regulation
simple,5020465201809,Cetaphil Moisturising Night Cream 50ml,0,0,0,14.49,taxable,,Skincare,Cetaphil Moisturising Night Cream 50ml. A skincare product. Supplied as 50ml.,No regulation
simple,3760201136331,Lamazuna Feminine Cup Size 2 (Yellow Pouch) 1 Pack,0,0,0,14.49,taxable,zero-rate,General Health,Lamazuna Feminine Cup Size 2 (Yellow Pouch) 1 Pack. A health and wellbeing product. Supplied as 1 Pack.,No regulation
simple,0017854110359,Baylis & Harding Wild Fig & Pomegranate Slipper Set,0,0,0,14.49,taxable,,Beauty,Baylis & Harding Wild Fig & Pomegranate Slipper Set. A health and beauty product.,No regulation
simple,5038581028798,Yankee Candle Home Inspiration Cherry Vanilla 538g,0,0,0,14.49,taxable,,Beauty,Yankee Candle Home Inspiration Cherry Vanilla 538g. A health and beauty product. Supplied as 538g.,No regulation
simple,5012616291616,Nytol Anti-Snoring Throat Spray 50ml,0,0,0,14.49,taxable,,Cold & Flu,"Nytol Anti-Snoring Throat Spray 50ml. Always read the label and any leaflet supplied. If symptoms persist, speak to your pharmacist or doctor. Supplied as 50ml.",GSL
simple,5055148411442,Lamberts Sea Buckthorn Berry Oil 1000mg 30 Capsules,0,0,0,14.49,taxable,,Vitamins,Lamberts Sea Buckthorn Berry Oil 1000mg 30 Capsules. A vitamins and supplements product. Supplied as 30 Capsules.,No regulation
simple,5060202185030,Cytoplan Eye-cyt 60 Capsules,0,0,0,14.49,taxable,,Vitamins,Cytoplan Eye-cyt 60 Capsules. A vitamins and supplements product. Supplied as 60 Capsules.,No regulation
simple,5999887678394,Osi Magnesium Magnesium Oil Spray 200ml,0,0,0,14.49,taxable,,Vitamins,Osi Magnesium Magnesium Oil Spray 200ml. A vitamins and supplements product. Supplied as 200ml.,No regulation
simple,3401346673274,Bioderma Sensibio Rich 40ml,0,0,0,14.49,taxable,,General Health,Bioderma Sensibio Rich 40ml. A health and wellbeing product. Supplied as 40ml.,No regulation
simple,5647201379624,Urban Tonic Beard Oil Spiced Raspberry 30ml,0,0,0,14.49,taxable,,Men's Grooming,Urban Tonic Beard Oil Spiced Raspberry 30ml. A men's grooming product. Supplied as 30ml.,No regulation
simple,5709976157200,Pharma Nord K Pearls Bio-Vitamin K2 Mk7 75mcg 60 Capsules,0,0,0,14.49,taxable,,Vitamins,Pharma Nord K Pearls Bio-Vitamin K2 Mk7 75mcg 60 Capsules. A vitamins and supplements product. Supplied as 60 Capsules.,No regulation
simple,5010605400766,Clarityn Allergy 10mg 60 Tablets,0,0,0,14.49,taxable,,Prescription Medicines,"Clarityn Allergy 10mg 60 Tablets. Prescription-only medicine, supplied after an online consultation with our pharmacist. Always read the label and any leaflet supplied. If symptoms persist, speak to your pharmacist or doctor. Supplied as 60 Tablets.",P
simple,5060018515847,KIKI Health Organic Inulin Powder 250g,0,0,0,14.49,taxable,zero-rate,Vitamins,KIKI Health Organic Inulin Powder 250g. A vitamins and supplements product. Supplied as 250g.,No regulation
simple,5031013103018,Higher Nature Visualeyes 30 Capsules,0,0,0,14.45,taxable,,Vitamins,Higher Nature Visualeyes 30 Capsules. A vitamins and supplements product. Supplied as 30 Capsules.,No regulation
simple,0033984039711,Solgar Milk Thistle 50 Capsules,0,0,0,14.39,taxable,,Vitamins,Solgar Milk Thistle 50 Capsules. A vitamins and supplements product. Supplied as 50 Capsules.,No regulation
simple,2100006947595,Auraleze Ear Cleansing Solution for Dogs & Cats 125ml,0,0,0,14.39,taxable,,Pet Care,Auraleze Ear Cleansing Solution for Dogs & Cats 125ml. A pet care product. Supplied as 125ml.,No regulation
simple,5060332532469,Lindens Health + Nutrition 5 HTP 100mg 120 Tablets,0,0,0,14.39,taxable,,Vitamins,Lindens Health + Nutrition 5 HTP 100mg 120 Tablets. A vitamins and supplements product. Supplied as 120 Tablets.,No regulation
simple,4210201176657,Oral-B Sensi Ultrathin Replacement Electric Toothbrush Heads 4 Pack,0,0,0,14.39,taxable,,Oral Care,Oral-B Sensi Ultrathin Replacement Electric Toothbrush Heads 4 Pack. An oral care product. Supplied as 4 Pack.,No regulation
simple,5407007651092,Bambaw Shaving Brush Rose Gold,0,0,0,14.29,taxable,,Men's Grooming,Bambaw Shaving Brush Rose Gold. A men's grooming product.,No regulation
simple,8809566990037,Benton Cacao Moist & Mild Serum 30ml,0,0,0,14.29,taxable,,Skincare,Benton Cacao Moist & Mild Serum 30ml. A skincare product. Supplied as 30ml.,No regulation
simple,3282770053135,Avène Tolérance Extrême Cream 50ml,0,0,0,14.29,taxable,,Skincare,Avène Tolérance Extrême Cream 50ml. A skincare product. Supplied as 50ml.,No regulation
simple,3574660446777,Nicorette Icy White Gum 2mg 105 Pack,0,0,0,14.29,taxable,reduced-rate,Stop Smoking,Nicorette Icy White Gum 2mg 105 Pack. A stop-smoking product. Supplied as 105 Pack.,GSL
simple,3605540783023,Biotherm Homme 72H Day Control Antiperspirant Roll On 75ml,0,0,0,14.29,taxable,,Beauty,Biotherm Homme 72H Day Control Antiperspirant Roll On 75ml. A health and beauty product. Supplied as 75ml.,No regulation
simple,5034511005006,Green People Organic Babies Soothing Salve Cream 100ml,0,0,0,14.29,taxable,,Skincare,Green People Organic Babies Soothing Salve Cream 100ml. A skincare product. Supplied as 100ml.,No regulation
simple,7322540574838,Tena Pants Protect+ Maxi Medium 10 Pack,0,0,0,14.29,taxable,zero-rate,Continence,Tena Pants Protect+ Maxi Medium 10 Pack. A continence care product. Supplied as 10 Pack.,No regulation
simple,5060391847825,Dr. Organic Ageless Overnight Recovery Oil with Organic Seaweed,0,0,0,14.29,taxable,,Skincare,Dr. Organic Ageless Overnight Recovery Oil with Organic Seaweed. A skincare product.,No regulation
simple,5055148413118,Lamberts Bromelain 1250GDU 60 Tablets,0,0,0,14.29,taxable,,Vitamins,Lamberts Bromelain 1250GDU 60 Tablets. A vitamins and supplements product. Supplied as 60 Tablets.,No regulation
simple,4002448087472,Scholl Gel Activ All Day Comfort Flats 1 pair,0,0,0,14.29,taxable,,Supports & Braces,Scholl Gel Activ All Day Comfort Flats 1 pair. A support and mobility product.,No regulation
simple,5010605055508,Canesbalance Bacterial Vaginosis Vaginal Gel,0,0,0,14.29,taxable,,Women's Health,Canesbalance Bacterial Vaginosis Vaginal Gel. A women's health product.,GSL
simple,3282770145373,Klorane Shampoo with Oat Milk 400ml,0,0,0,14.29,taxable,,Hair Care,Klorane Shampoo with Oat Milk 400ml. A hair care product. Supplied as 400ml.,No regulation
simple,5029354011161,Activjuice Orange & Pineapple 1000ml,0,0,0,14.29,taxable,,General Health,Activjuice Orange & Pineapple 1000ml. A health and wellbeing product. Supplied as 1000ml.,No regulation
simple,3337875684095,CeraVe Smoothing Cream 177ml,0,0,0,14.29,taxable,,Skincare,CeraVe Smoothing Cream 177ml. A skincare product. Supplied as 177ml.,No regulation
simple,5012616265983,Lyclear Express Shampoo 200ml,0,0,0,14.29,taxable,,Hair Care,Lyclear Express Shampoo 200ml. A hair care product. Supplied as 200ml.,No regulation
simple,3282770000634,Avène Tolérance Extrême Emulsion 50ml,0,0,0,14.29,taxable,,General Health,Avène Tolérance Extrême Emulsion 50ml. A health and wellbeing product. Supplied as 50ml.,No regulation
simple,7322541139739,Tena Pants Protect+ Maxi Extra Large 10 Pack,0,0,0,14.29,taxable,zero-rate,Continence,Tena Pants Protect+ Maxi Extra Large 10 Pack. A continence care product. Supplied as 10 Pack.,No regulation
simple,5060203791001,Terranova Copper 2mg Complex (Bisglycinate) 100 Pack,0,0,0,14.19,taxable,,Vitamins,Terranova Copper 2mg Complex (Bisglycinate) 100 Pack. A vitamins and supplements product. Supplied as 100 Pack.,No regulation
simple,5023652420069,Nature's Aid Omega-7 Sea Buckthorn Oil 60 Softgels,0,0,0,14.19,taxable,,Vitamins,Nature's Aid Omega-7 Sea Buckthorn Oil 60 Softgels. A vitamins and supplements product. Supplied as 60 Softgels.,No regulation
simple,96195178,Pukka Christmas Kilner Tea Tin,0,0,0,14.19,taxable,zero-rate,Vitamins,Pukka Christmas Kilner Tea Tin. A vitamins and supplements product.,No regulation
simple,5023652444508,Nature's Aid 100% MCT Premium Coconut Oil 500ml,0,0,0,14.19,taxable,zero-rate,Vitamins,Nature's Aid 100% MCT Premium Coconut Oil 500ml. A vitamins and supplements product. Supplied as 500ml.,No regulation
simple,5029354002725,Aloe Pura Aloe Vera Sun Lotion SPF25 200ml,0,0,0,14.19,taxable,,Skincare,Aloe Pura Aloe Vera Sun Lotion SPF25 200ml. A skincare product. Supplied as 200ml.,No regulation
simple,5646201379627,Urban Tonic Beard Oil Old School Gold 30ml,0,0,0,14.19,taxable,,Men's Grooming,Urban Tonic Beard Oil Old School Gold 30ml. A men's grooming product. Supplied as 30ml.,No regulation
simple,4048882000318,Vagisan Protective Ointment 75ml,0,0,0,14.19,taxable,,Women's Health,Vagisan Protective Ointment 75ml. A women's health product. Supplied as 75ml.,No regulation
simple,5060455148431,Brushworks Revitalising Face Set,0,0,0,14.19,taxable,,Skincare,Brushworks Revitalising Face Set. A skincare product.,No regulation
simple,7610313304455,A.Vogel Menoforce Sage 30 Tablets,0,0,0,14.19,taxable,,Vitamins,A.Vogel Menoforce Sage 30 Tablets. A vitamins and supplements product. Supplied as 30 Tablets.,No regulation
simple,5055148403201,Lamberts Ester-C 650mg 90 Tablets,0,0,0,14.19,taxable,,Vitamins,Lamberts Ester-C 650mg 90 Tablets. A vitamins and supplements product. Supplied as 90 Tablets.,No regulation
simple,4001638096584,Weleda Baby Calendula Bath 200ml,0,0,0,14.19,taxable,,Baby & Child,Weleda Baby Calendula Bath 200ml. A baby and child product. Supplied as 200ml.,No regulation
simple,5648201379621,Urban Tonic Beard Oil Strawberry & Mango 30ml,0,0,0,14.15,taxable,,Men's Grooming,Urban Tonic Beard Oil Strawberry & Mango 30ml. A men's grooming product. Supplied as 30ml.,No regulation
simple,5060332533886,Lindens Health + Nutrition Biotin 5mg 360 Tablets,0,0,0,14.09,taxable,,Vitamins,Lindens Health + Nutrition Biotin 5mg 360 Tablets. A vitamins and supplements product. Supplied as 360 Tablets.,No regulation
simple,4005800152504,Eucerin Sun Face Mattifying Fluid SPF50+ 50ml,0,0,0,14.09,taxable,,Skincare,Eucerin Sun Face Mattifying Fluid SPF50+ 50ml. A skincare product. Supplied as 50ml.,No regulation
simple,3574661250984,Aveeno Body Wash 500ml,0,0,0,14.09,taxable,,Skincare,Aveeno Body Wash 500ml. A skincare product. Supplied as 500ml.,No regulation
simple,5021265244850,Vitabiotics Pregnacare New Mum 56 Tablets,0,0,0,14.09,taxable,,Vitamins,Vitabiotics Pregnacare New Mum 56 Tablets. A vitamins and supplements product. Supplied as 56 Tablets.,No regulation
simple,3597133097122,Epiotic Ear Cleanser,0,0,0,14.00,taxable,,Skincare,Epiotic Ear Cleanser. A skincare product.,No regulation
simple,8716900580482,Nutricia Fortisip Compact Protein Drink Banana 4 x 125ml,0,0,0,13.99,taxable,zero-rate,Vitamins,Nutricia Fortisip Compact Protein Drink Banana 4 x 125ml. A vitamins and supplements product. Supplied as 4 x 125ml.,No regulation
simple,5060104170585,YES Organic Water Based Personal Lubricant-150ml,0,0,0,13.99,taxable,,Sexual Wellness,"YES Organic Water Based Personal Lubricant-150ml. Always read the label and any leaflet supplied. If symptoms persist, speak to your pharmacist or doctor. Supplied as 150ml.",No regulation
simple,5029354012175,Optima Superfruits Sour Cherry Juice 500ml,0,0,0,13.99,taxable,,General Health,Optima Superfruits Sour Cherry Juice 500ml. A health and wellbeing product. Supplied as 500ml.,No regulation
simple,4005800283079,Eucerin Aftersun Sensitive Relief Gel-Cream 200ml,0,0,0,13.99,taxable,,Skincare,Eucerin Aftersun Sensitive Relief Gel-Cream 200ml. A skincare product. Supplied as 200ml.,No regulation
simple,5010605402111,Canesten Thrush Oral 1 Capsule,0,0,0,13.99,taxable,,Women's Health,"Canesten Thrush Oral 1 Capsule. Prescription-only medicine, supplied after an online consultation with our pharmacist. Always read the label and any leaflet supplied. If symptoms persist, speak to your pharmacist or doctor. Supplied as 1 Capsule.",P
simple,4004148017018,Floradix Intestcare 250ml,0,0,0,13.99,taxable,,General Health,Floradix Intestcare 250ml. A health and wellbeing product. Supplied as 250ml.,No regulation
simple,5011417588208,Fybocalm Diarrhoea Relief 100mg 30 Capsules,0,0,0,13.99,taxable,,Digestive,"Fybocalm Diarrhoea Relief 100mg 30 Capsules. Always read the label and any leaflet supplied. If symptoms persist, speak to your pharmacist or doctor. Supplied as 30 Capsules.",No regulation
simple,8718053572444,Wartie Cool Wart & Verruca Remover 50ml,0,0,0,13.99,taxable,,Skincare,Wartie Cool Wart & Verruca Remover 50ml. A skincare product. Supplied as 50ml.,No regulation
simple,5060149640197,SelfCheck Urine Infection Home Screening Tests 2 Pack,0,0,0,13.99,taxable,,General Health,SelfCheck Urine Infection Home Screening Tests 2 Pack. A health and wellbeing product. Supplied as 2 Pack.,No regulation
simple,0054402720899,Australian Gold SPF6 Spray Gel with Bronzer 237ml,0,0,0,13.99,taxable,,Skincare,Australian Gold SPF6 Spray Gel with Bronzer 237ml. A skincare product. Supplied as 237ml.,No regulation
simple,8017331055427,BlanX White Shock Treatment 50ml,0,0,0,13.99,taxable,,General Health,BlanX White Shock Treatment 50ml. A health and wellbeing product. Supplied as 50ml.,No regulation
simple,0020714222864,Clinique Dramatically Different Moisturising Gel 50ml,0,0,0,13.99,taxable,,Skincare,Clinique Dramatically Different Moisturising Gel 50ml. A skincare product. Supplied as 50ml.,No regulation
simple,3662042002458,Thealoz Duo Eye Drops 10ml,0,0,0,13.99,taxable,,Eye Care,"Thealoz Duo Eye Drops 10ml. Always read the label and any leaflet supplied. If symptoms persist, speak to your pharmacist or doctor. Supplied as 10ml.",No regulation
simple,5000158101241,Optrex Actimist Spray 10ml,0,0,0,13.99,taxable,,Eye Care,"Optrex Actimist Spray 10ml. Always read the label and any leaflet supplied. If symptoms persist, speak to your pharmacist or doctor. Supplied as 10ml.",No regulation
simple,0083000006456,Nature's Answer Milk Thistle Seed 30ml,0,0,0,13.99,taxable,,General Health,Nature's Answer Milk Thistle Seed 30ml. A health and wellbeing product. Supplied as 30ml.,No regulation
simple,9335955001903,MooGoo Gentle Foaming Face Cleanser 200ml,0,0,0,13.99,taxable,,Skincare,MooGoo Gentle Foaming Face Cleanser 200ml. A skincare product. Supplied as 200ml.,No regulation
simple,3282770390797,Klorane Oat Milk Dry Shampoo with Ceramide 250ml,0,0,0,13.99,taxable,,Hair Care,Klorane Oat Milk Dry Shampoo with Ceramide 250ml. A hair care product. Supplied as 250ml.,No regulation
simple,0054402250266,Australian Gold Accelerator Spray 250ml,0,0,0,13.99,taxable,,Beauty,Australian Gold Accelerator Spray 250ml. A health and beauty product. Supplied as 250ml.,No regulation
simple,5060332533978,Lindens Health + Nutrition MSM (methylsulfonylmethane) 1000mg 360 Tablets,0,0,0,13.99,taxable,,Vitamins,Lindens Health + Nutrition MSM (methylsulfonylmethane) 1000mg 360 Tablets. A vitamins and supplements product. Supplied as 360 Tablets.,No regulation
simple,0878941000072,Liquid Concentrace Trace Mineral Drops 59ml,0,0,0,13.99,taxable,,Vitamins,Liquid Concentrace Trace Mineral Drops 59ml. A vitamins and supplements product. Supplied as 59ml.,No regulation
simple,5060571821225,The Good Guru Organic Ashwagandha + Black Pepper 90 Capsules,0,0,0,13.99,taxable,,Vitamins,The Good Guru Organic Ashwagandha + Black Pepper 90 Capsules. A vitamins and supplements product. Supplied as 90 Capsules.,No regulation
simple,5055148403003,Lamberts Digestizyme (Plant-Sourced Enzymes) 100 Capsules,0,0,0,13.99,taxable,,Vitamins,Lamberts Digestizyme (Plant-Sourced Enzymes) 100 Capsules. A vitamins and supplements product. Supplied as 100 Capsules.,No regulation
simple,5060176676367,Dr. Organic Snail Gel 50ml,0,0,0,13.99,taxable,,Beauty,Dr. Organic Snail Gel 50ml. A health and beauty product. Supplied as 50ml.,No regulation
simple,5034445004144,The Eye Doctor Advanced Comfort Eyelid Oil 10ml,0,0,0,13.99,taxable,,Skincare,The Eye Doctor Advanced Comfort Eyelid Oil 10ml. A skincare product. Supplied as 10ml.,No regulation
simple,5021265243396,Vitabiotics Menopace Night 30 Tablets,0,0,0,13.99,taxable,,Vitamins,Vitabiotics Menopace Night 30 Tablets. A vitamins and supplements product. Supplied as 30 Tablets.,No regulation
simple,4001638086752,Weleda Almond Sensitive Skin Hand Cream 50ml,0,0,0,13.99,taxable,,Skincare,Weleda Almond Sensitive Skin Hand Cream 50ml. A skincare product. Supplied as 50ml.,No regulation
simple,5038483844656,Scholl Softgrip C1 Below The Knee Compression Hosiery Large Closed Toe Natural,0,0,0,13.99,taxable,,Supports & Braces,Scholl Softgrip C1 Below The Knee Compression Hosiery Large Closed Toe Natural. A support and mobility product.,No regulation
simple,5034511005228,Green People Organic Babies Softening Baby Lotion Scent Free 150ml,0,0,0,13.99,taxable,,Baby & Child,Green People Organic Babies Softening Baby Lotion Scent Free 150ml. A baby and child product. Supplied as 150ml.,No regulation
simple,5060099031380,Odylique Lemon Butter Hand Smoothie 60ml,0,0,0,13.99,taxable,,Beauty,Odylique Lemon Butter Hand Smoothie 60ml. A health and beauty product. Supplied as 60ml.,No regulation
simple,5060280920356,FlexiSEQ for Joint Wear & Tear 50g,0,0,0,13.99,taxable,,Pain Relief,"FlexiSEQ for Joint Wear & Tear 50g. Always read the label and any leaflet supplied. If symptoms persist, speak to your pharmacist or doctor. Supplied as 50g.",No regulation
simple,5012335851108,Seven Seas Cod Liver Oil Extra High Strength 60 Capsules,0,0,0,13.99,taxable,,Vitamins,Seven Seas Cod Liver Oil Extra High Strength 60 Capsules. A vitamins and supplements product. Supplied as 60 Capsules.,No regulation
simple,8713975500667,Minami MorEPA Original Omega-3 Fish Oil 30 Capsules,0,0,0,13.99,taxable,,Vitamins,Minami MorEPA Original Omega-3 Fish Oil 30 Capsules. A vitamins and supplements product. Supplied as 30 Capsules.,No regulation
simple,5060571820143,The Good Guru Magnesium Glycinate B6 90 Capsules,0,0,0,13.99,taxable,,Vitamins,The Good Guru Magnesium Glycinate B6 90 Capsules. A vitamins and supplements product. Supplied as 90 Capsules.,No regulation
simple,5027314498212,Bio-Kult Saccharomyces Boulardii Advanced 30 Capsules,0,0,0,13.99,taxable,,Vitamins,Bio-Kult Saccharomyces Boulardii Advanced 30 Capsules. A vitamins and supplements product. Supplied as 30 Capsules.,No regulation
simple,0054402720950,Australian Gold SPF30 Spray Gel with Bronzer 237ml,0,0,0,13.99,taxable,,Skincare,Australian Gold SPF30 Spray Gel with Bronzer 237ml. A skincare product. Supplied as 237ml.,No regulation
simple,5060203791681,"Terranova Glucosamine, Boswellia & MSM Complex 50 Pack",0,0,0,13.99,taxable,,Vitamins,"Terranova Glucosamine, Boswellia & MSM Complex 50 Pack. A vitamins and supplements product. Supplied as 50 Pack.",No regulation
simple,5000167019193,Unguentum M Ambiphilic Dermatological Cream 500g,0,0,0,13.99,taxable,,Skincare,Unguentum M Ambiphilic Dermatological Cream 500g. A skincare product. Supplied as 500g.,No regulation
simple,9327693002670,Sukin Sensitive Body Lotion 500ml,0,0,0,13.99,taxable,,Skincare,Sukin Sensitive Body Lotion 500ml. A skincare product. Supplied as 500ml.,No regulation
simple,0078522030270,Jason Tea Tree Body Wash 887ml,0,0,0,13.99,taxable,,Beauty,Jason Tea Tree Body Wash 887ml. A health and beauty product. Supplied as 887ml.,No regulation
simple,4001638905305,Weleda Foot Balm 75ml,0,0,0,13.99,taxable,,Skincare,Weleda Foot Balm 75ml. A skincare product. Supplied as 75ml.,No regulation
simple,0054402250440,Australian Gold Dark Tanning Accelerator Spray 237ml,0,0,0,13.99,taxable,,Beauty,Australian Gold Dark Tanning Accelerator Spray 237ml. A health and beauty product. Supplied as 237ml.,No regulation
simple,4008666701909,Plantur 39 Phyto-Caffeine Tonic 200ml,0,0,0,13.99,taxable,,General Health,Plantur 39 Phyto-Caffeine Tonic 200ml. A health and wellbeing product. Supplied as 200ml.,No regulation
simple,5060112866197,Fushi Organic Black Seed Oil 100ml,0,0,0,13.99,taxable,zero-rate,Skincare,Fushi Organic Black Seed Oil 100ml. A skincare product. Supplied as 100ml.,No regulation
simple,0054402720905,Australian Gold SPF10 Spray Gel with Bronzer 237ml,0,0,0,13.99,taxable,,Skincare,Australian Gold SPF10 Spray Gel with Bronzer 237ml. A skincare product. Supplied as 237ml.,No regulation
simple,5054563129765,Centrum Advance Adults Mulitvitamin 100 Tablets,0,0,0,13.99,taxable,,Vitamins,Centrum Advance Adults Mulitvitamin 100 Tablets. A vitamins and supplements product. Supplied as 100 Tablets.,No regulation
simple,5038581113616,Woodwick Ellipse Candle Chilli Pepper Gelato 453g,0,0,0,13.99,taxable,,Beauty,Woodwick Ellipse Candle Chilli Pepper Gelato 453g. A health and beauty product. Supplied as 453g.,No regulation
simple,0634158952982,Planet Paleo Primal Goddess 10 Sachets,0,0,0,13.99,taxable,,Vitamins,Planet Paleo Primal Goddess 10 Sachets. A vitamins and supplements product. Supplied as 10 Sachets.,No regulation
simple,5000488301519,Bach Remedy Kit Enjoy The Moment 3 X 10ml,0,0,0,13.99,taxable,,General Health,Bach Remedy Kit Enjoy The Moment 3 X 10ml. A health and wellbeing product. Supplied as 3 X 10ml.,No regulation
simple,9335955002894,MooGoo Cover-Up Buttercup SPF 15 Natural Moisturiser 120g,0,0,0,13.99,taxable,,Skincare,MooGoo Cover-Up Buttercup SPF 15 Natural Moisturiser 120g. A skincare product. Supplied as 120g.,No regulation
simple,0087614019109,Swanson Saw Palmetto 540mg 250 Cpasules,0,0,0,13.99,taxable,,General Health,Swanson Saw Palmetto 540mg 250 Cpasules. A health and wellbeing product. Supplied as 540mg.,No regulation
simple,5060202180509,Cytoplan Methylfolate 400µg 60 Capsules,0,0,0,13.99,taxable,,Vitamins,Cytoplan Methylfolate 400µg 60 Capsules. A vitamins and supplements product. Supplied as 60 Capsules.,No regulation
simple,5060176679900,Dr. Organic Snail Gel Cream 50ml,0,0,0,13.99,taxable,,Skincare,Dr. Organic Snail Gel Cream 50ml. A skincare product. Supplied as 50ml.,No regulation
simple,5000158066663,Fybogel Hi-Fibre Orange 30 Sachets,0,0,0,13.99,taxable,,Digestive,"Fybogel Hi-Fibre Orange 30 Sachets. Always read the label and any leaflet supplied. If symptoms persist, speak to your pharmacist or doctor. Supplied as 30 Sachets.",GSL
simple,5038581152776,Yankee Candle Home Inspiration Sunflower Fields 538g,0,0,0,13.99,taxable,,Beauty,Yankee Candle Home Inspiration Sunflower Fields 538g. A health and beauty product. Supplied as 538g.,No regulation
simple,0078522021131,Jason Lavender Body Wash 900ml,0,0,0,13.99,taxable,,Beauty,Jason Lavender Body Wash 900ml. A health and beauty product. Supplied as 900ml.,No regulation
simple,5000174789379,Olay Complete Night Cream 50ml,0,0,0,13.99,taxable,,Skincare,Olay Complete Night Cream 50ml. A skincare product. Supplied as 50ml.,No regulation
simple,0078522083221,Jason Kid's Natural Sunblock SPF45 113g,0,0,0,13.99,taxable,,Skincare,Jason Kid's Natural Sunblock SPF45 113g. A skincare product. Supplied as 113g.,No regulation
simple,5060202184668,Cytoplan L-Theanine 60 Capsules,0,0,0,13.99,taxable,,Vitamins,Cytoplan L-Theanine 60 Capsules. A vitamins and supplements product. Supplied as 60 Capsules.,No regulation
simple,3574661733715,Aveeno Skin Renewal Smoothing Cream 300ml,0,0,0,13.99,taxable,,Skincare,Aveeno Skin Renewal Smoothing Cream 300ml. A skincare product. Supplied as 300ml.,No regulation
simple,5034511029019,Green People OY! Clear Skin Cleansing Moisturiser 50ml,0,0,0,13.99,taxable,,Skincare,Green People OY! Clear Skin Cleansing Moisturiser 50ml. A skincare product. Supplied as 50ml.,No regulation
simple,0054402720974,Australian Gold SPF30 Lotion with Bronzer 237ml,0,0,0,13.99,taxable,,Skincare,Australian Gold SPF30 Lotion with Bronzer 237ml. A skincare product. Supplied as 237ml.,No regulation
simple,5020465201755,Cetaphil Pro Moisture-Lipid Body Wash 295ml,0,0,0,13.99,taxable,,Skincare,Cetaphil Pro Moisture-Lipid Body Wash 295ml. A skincare product. Supplied as 295ml.,No regulation
simple,9317129040444,Flexitol Heel Balm 112g,0,0,0,13.99,taxable,,Skincare,Flexitol Heel Balm 112g. A skincare product. Supplied as 112g.,No regulation
simple,3760201136546,Lamazuna Gentle Cleansing Duo 1 Pack,0,0,0,13.99,taxable,,Skincare,Lamazuna Gentle Cleansing Duo 1 Pack. A skincare product. Supplied as 1 Pack.,No regulation
simple,4001638580229,Weleda Skin Food Nourishing Day Cream 40ml,0,0,0,13.99,taxable,,Skincare,Weleda Skin Food Nourishing Day Cream 40ml. A skincare product. Supplied as 40ml.,No regulation
simple,5055172211087,Premier First Aid Kit Large,0,0,0,13.99,taxable,,First Aid,"Premier First Aid Kit Large. Always read the label and any leaflet supplied. If symptoms persist, speak to your pharmacist or doctor.",No regulation
simple,0078522021162,Jason Revitalizing Citrus Body Wash 887ml,0,0,0,13.99,taxable,,Beauty,Jason Revitalizing Citrus Body Wash 887ml. A health and beauty product. Supplied as 887ml.,No regulation
simple,5060332535040,"Lindens Health + Nutrition Neurovits Plus (B1, B6, B12, Folic Acid) 360 Tablets",0,0,0,13.99,taxable,,Women's Health,"Lindens Health + Nutrition Neurovits Plus (B1, B6, B12, Folic Acid) 360 Tablets. A women's health product. Supplied as 360 Tablets.",No regulation
simple,5038581147741,Yankee Candle Golden Autumn Large Jar 623g,0,0,0,13.99,taxable,,Beauty,Yankee Candle Golden Autumn Large Jar 623g. A health and beauty product. Supplied as 623g.,No regulation
simple,0078522021056,Jason Aloe Vera Body Wash 887ml,0,0,0,13.99,taxable,,Beauty,Jason Aloe Vera Body Wash 887ml. A health and beauty product. Supplied as 887ml.,No regulation
simple,0078522100300,Jason Dandruff Relief Treatment Shampoo 355ml,0,0,0,13.99,taxable,,Hair Care,Jason Dandruff Relief Treatment Shampoo 355ml. A hair care product. Supplied as 355ml.,No regulation
simple,5060203796129,Terranova CoQXorb CoQ10 Complex 50 Veg Capsules,0,0,0,13.99,taxable,,Vitamins,Terranova CoQXorb CoQ10 Complex 50 Veg Capsules. A vitamins and supplements product.,No regulation
simple,5055148406615,Lamberts Liquid Cherry Concentrate 500ml,0,0,0,13.99,taxable,,General Health,Lamberts Liquid Cherry Concentrate 500ml. A health and wellbeing product. Supplied as 500ml.,No regulation
simple,6001159118497,Bio-Oil Dry Skin Gel 200ml,0,0,0,13.99,taxable,,Skincare,Bio-Oil Dry Skin Gel 200ml. A skincare product. Supplied as 200ml.,No regulation
simple,5010415230409,Tommee Tippee 2 In 1 Thermometer,0,0,0,13.99,taxable,,First Aid,"Tommee Tippee 2 In 1 Thermometer. Always read the label and any leaflet supplied. If symptoms persist, speak to your pharmacist or doctor.",No regulation
simple,4005900475978,Nivea Sun UV Face Q10 Anti-Age SPF50 50ml,0,0,0,13.99,taxable,,Skincare,Nivea Sun UV Face Q10 Anti-Age SPF50 50ml. A skincare product. Supplied as 50ml.,No regulation
simple,4001638580205,Weleda Skin Food Nourishing Night Cream 40ml,0,0,0,13.99,taxable,,Skincare,Weleda Skin Food Nourishing Night Cream 40ml. A skincare product. Supplied as 40ml.,No regulation
simple,6009544943181,USN Micronised Creatine Powder 200g,0,0,0,13.99,taxable,,Vitamins,USN Micronised Creatine Powder 200g. A vitamins and supplements product. Supplied as 200g.,No regulation
simple,0017854110168,Baylis & Harding The Fuzzy Duck Men's Hemp & Bergamot Five Day Set,0,0,0,13.99,taxable,,Beauty,Baylis & Harding The Fuzzy Duck Men's Hemp & Bergamot Five Day Set. A health and beauty product.,No regulation
simple,5700002148865,Ra HYGGE Reishi Filter Grind Coffee 227g,0,0,0,13.99,taxable,zero-rate,General Health,Ra HYGGE Reishi Filter Grind Coffee 227g. A health and wellbeing product. Supplied as 227g.,No regulation
simple,8809416470016,COSRX Advanced Snail 92 All in One Cream 100g,0,0,0,13.99,taxable,,Skincare,COSRX Advanced Snail 92 All in One Cream 100g. A skincare product. Supplied as 100g.,No regulation
simple,4011700444571,Tabac Original 2 Piece Gift Set,0,0,0,13.99,taxable,,Beauty,Tabac Original 2 Piece Gift Set. A health and beauty product.,No regulation
simple,0054402720929,Australian Gold SPF15 Spray Gel with Bronzer 237ml,0,0,0,13.99,taxable,,Skincare,Australian Gold SPF15 Spray Gel with Bronzer 237ml. A skincare product. Supplied as 237ml.,No regulation
simple,4005900998873,Nivea Sun Triple Face Protection SPF50+ 40ml,0,0,0,13.99,taxable,,Skincare,Nivea Sun Triple Face Protection SPF50+ 40ml. A skincare product. Supplied as 40ml.,No regulation
simple,3282770152555,Avène Milk Cleanser 200ml,0,0,0,13.99,taxable,,Skincare,Avène Milk Cleanser 200ml. A skincare product. Supplied as 200ml.,No regulation
simple,0033984041240,Solgar Green Tea Leaf Extract 60 Capsules,0,0,0,13.99,taxable,,Vitamins,Solgar Green Tea Leaf Extract 60 Capsules. A vitamins and supplements product. Supplied as 60 Capsules.,No regulation
simple,5038581130279,Yankee Candle Home Inspiration Elderflower Spritz 538g,0,0,0,13.99,taxable,,Beauty,Yankee Candle Home Inspiration Elderflower Spritz 538g. A health and beauty product. Supplied as 538g.,No regulation
simple,0738678000793,American Crew Fiber & Daily Shampoo Set 2Pc,0,0,0,13.99,taxable,,Hair Care,American Crew Fiber & Daily Shampoo Set 2Pc. A hair care product.,No regulation
simple,5055443654629,Fruit Works Coconut & Lime Shower Gift Set,0,0,0,13.99,taxable,,Beauty,Fruit Works Coconut & Lime Shower Gift Set. A health and beauty product.,No regulation
simple,0054402730034,Australian Gold Ultimate Hydration Lotion SPF30 237ml,0,0,0,13.99,taxable,,Skincare,Australian Gold Ultimate Hydration Lotion SPF30 237ml. A skincare product. Supplied as 237ml.,No regulation
simple,5055148411428,Lamberts Magnesium 375-180 Tablets,0,0,0,13.99,taxable,,Vitamins,Lamberts Magnesium 375-180 Tablets. A vitamins and supplements product. Supplied as 180 Tablets.,No regulation
simple,0839573002070,Grahams Natural Shampoo 250ml,0,0,0,13.99,taxable,,Hair Care,Grahams Natural Shampoo 250ml. A hair care product. Supplied as 250ml.,No regulation
simple,5055148409166,Lamberts Fos (Fructo-Oligosaccharides) 500g Powder,0,0,0,13.99,taxable,,Vitamins,Lamberts Fos (Fructo-Oligosaccharides) 500g Powder. A vitamins and supplements product. Supplied as 500g.,No regulation
simple,5060203790677,Terranova Digestive Enzyme Complex 50 Pack,0,0,0,13.99,taxable,,Vitamins,Terranova Digestive Enzyme Complex 50 Pack. A vitamins and supplements product. Supplied as 50 Pack.,No regulation
simple,7702018966783,Gillette Venus Comfortglide Spa Breeze Women's Razor Blades,0,0,0,13.99,taxable,,Women's Health,Gillette Venus Comfortglide Spa Breeze Women's Razor Blades. A women's health product.,No regulation
simple,5025903027225,Nutri Within Multivitamins & Minerals 365 Tablets,0,0,0,13.99,taxable,,Vitamins,Nutri Within Multivitamins & Minerals 365 Tablets. A vitamins and supplements product. Supplied as 365 Tablets.,No regulation
simple,5055148414726,"Lamberts Multi-Guard Hair, Skin and Nails 60 Gummies",0,0,0,13.99,taxable,,Hair Care,"Lamberts Multi-Guard Hair, Skin and Nails 60 Gummies. A hair care product. Supplied as 60 Gummies.",No regulation
simple,0083000006487,Nature's Answer Mullein Leaf 30ml,0,0,0,13.99,taxable,,General Health,Nature's Answer Mullein Leaf 30ml. A health and wellbeing product. Supplied as 30ml.,No regulation
simple,7350041583400,Conotrane Cream 500g,0,0,0,13.99,taxable,,Skincare,Conotrane Cream 500g. A skincare product. Supplied as 500g.,GSL
simple,5055148400620,Lamberts Cod Liver Oil 1000mg 180 Capsules,0,0,0,13.99,taxable,,Vitamins,Lamberts Cod Liver Oil 1000mg 180 Capsules. A vitamins and supplements product. Supplied as 180 Capsules.,No regulation
simple,0078522021230,Jason Invigorating Rosewater Body Wash 887ml,0,0,0,13.99,taxable,,Beauty,Jason Invigorating Rosewater Body Wash 887ml. A health and beauty product. Supplied as 887ml.,No regulation
simple,5055148413446,Lamberts Imuno-Strength Elderberry & Rosehip Liquid 200ml,0,0,0,13.99,taxable,,General Health,Lamberts Imuno-Strength Elderberry & Rosehip Liquid 200ml. A health and wellbeing product. Supplied as 200ml.,No regulation
simple,9327693004339,Sukin Hydrating Body Lotion Lime & Coconut 500ml,0,0,0,13.99,taxable,,Skincare,Sukin Hydrating Body Lotion Lime & Coconut 500ml. A skincare product. Supplied as 500ml.,No regulation
simple,5060203790011,Terranova Antioxidant Nutrient Complex 50 Pack,0,0,0,13.99,taxable,,Vitamins,Terranova Antioxidant Nutrient Complex 50 Pack. A vitamins and supplements product. Supplied as 50 Pack.,No regulation
simple,5031013104916,Higher Nature Organic Flavour Free Coconut Oil 400g,0,0,0,13.99,taxable,,Vitamins,Higher Nature Organic Flavour Free Coconut Oil 400g. A vitamins and supplements product. Supplied as 400g.,No regulation
simple,5060203791841,"Terranova Coq10, Magnesium & Hawthorn Complex 50 Pack",0,0,0,13.99,taxable,,Vitamins,"Terranova Coq10, Magnesium & Hawthorn Complex 50 Pack. A vitamins and supplements product. Supplied as 50 Pack.",No regulation
simple,3282779028394,Klorane Strengthening & Revitalising Shampoo 400ml,0,0,0,13.99,taxable,,Hair Care,Klorane Strengthening & Revitalising Shampoo 400ml. A hair care product. Supplied as 400ml.,No regulation
simple,7702018607822,Gillette King C Compact Styling Kit,0,0,0,13.99,taxable,,Hair Care,Gillette King C Compact Styling Kit. A hair care product.,No regulation
simple,5060099032301,Odylique Lavender Hydrating Shampoo 200ml,0,0,0,13.99,taxable,,Hair Care,Odylique Lavender Hydrating Shampoo 200ml. A hair care product. Supplied as 200ml.,No regulation
simple,3596200050763,Weleda Birch Juice 200ml,0,0,0,13.99,taxable,,Vitamins,Weleda Birch Juice 200ml. A vitamins and supplements product. Supplied as 200ml.,No regulation
simple,3282770053104,Avène Tolérance Extrême Cleansing Lotion 200ml,0,0,0,13.99,taxable,,Skincare,Avène Tolérance Extrême Cleansing Lotion 200ml. A skincare product. Supplied as 200ml.,No regulation
simple,5055148412487,Lamberts Multi-Guard Advance 60 Tablets,0,0,0,13.99,taxable,,Vitamins,Lamberts Multi-Guard Advance 60 Tablets. A vitamins and supplements product. Supplied as 60 Tablets.,No regulation
simple,5011417588215,FyboCalm Wind & Bloating Relief 30 Capsules,0,0,0,13.99,taxable,,Digestive,"FyboCalm Wind & Bloating Relief 30 Capsules. Always read the label and any leaflet supplied. If symptoms persist, speak to your pharmacist or doctor. Supplied as 30 Capsules.",No regulation
simple,5745000836147,Ra HYGGE Shiitake Coffee Grind 227g,0,0,0,13.95,taxable,zero-rate,General Health,Ra HYGGE Shiitake Coffee Grind 227g. A health and wellbeing product. Supplied as 227g.,No regulation
simple,5054563032485,Voltarol Back & Muscle Pain Relief Gel 100g,0,0,0,13.90,taxable,,Pain Relief,"Voltarol Back & Muscle Pain Relief Gel 100g. Always read the label and any leaflet supplied. If symptoms persist, speak to your pharmacist or doctor. Supplied as 100g.",GSL
simple,3701129803691,Bioderma Photoderm Akn Mat SPF30 40ml,0,0,0,13.90,taxable,,Skincare,Bioderma Photoderm Akn Mat SPF30 40ml. A skincare product. Supplied as 40ml.,No regulation
simple,0074312000072,Nature's Bounty Cran-Max Cranberry 60 Gummies,0,0,0,13.89,taxable,,Vitamins,Nature's Bounty Cran-Max Cranberry 60 Gummies. A vitamins and supplements product. Supplied as 60 Gummies.,No regulation
simple,5055148406196,Lamberts Echinacea Cold & Flu Relief 60 Tablets,0,0,0,13.89,taxable,,Cold & Flu,"Lamberts Echinacea Cold & Flu Relief 60 Tablets. Always read the label and any leaflet supplied. If symptoms persist, speak to your pharmacist or doctor. Supplied as 60 Tablets.",No regulation
simple,5060203791650,Terranova Dong Quai Soya Sprout Complex 50 Pack,0,0,0,13.89,taxable,,Vitamins,Terranova Dong Quai Soya Sprout Complex 50 Pack. A vitamins and supplements product. Supplied as 50 Pack.,No regulation
simple,5704947002725,O'Keeffe's Working Hands Hand Cream 193g,0,0,0,13.89,taxable,,Skincare,O'Keeffe's Working Hands Hand Cream 193g. A skincare product. Supplied as 193g.,No regulation
simple,5031013108785,Higher Nature Daily Nutrients for Vegans 28 Capsules,0,0,0,13.89,taxable,,Vitamins,Higher Nature Daily Nutrients for Vegans 28 Capsules. A vitamins and supplements product. Supplied as 28 Capsules.,No regulation
simple,5055148405236,"Lamberts Imuno-Strength Elderberry, Rosehip & Blackcurrant 500ml",0,0,0,13.89,taxable,,General Health,"Lamberts Imuno-Strength Elderberry, Rosehip & Blackcurrant 500ml. A health and wellbeing product. Supplied as 500ml.",No regulation
simple,5010249041592,FSC Cantamega 180 Tablets,0,0,0,13.89,taxable,,Vitamins,FSC Cantamega 180 Tablets. A vitamins and supplements product. Supplied as 180 Tablets.,No regulation
simple,5011309885217,Hedrin 4% Lotion 150ml,0,0,0,13.89,taxable,,Skincare,"Hedrin 4% Lotion 150ml. Prescription-only medicine, supplied after an online consultation with our pharmacist. Always read the label and any leaflet supplied. If symptoms persist, speak to your pharmacist or doctor. Supplied as 150ml.",P
simple,0033984023154,Solgar Psyllium Husks Fibre 500mg 200 Vegetable Capsules,0,0,0,13.89,taxable,,Digestive,"Solgar Psyllium Husks Fibre 500mg 200 Vegetable Capsules. Always read the label and any leaflet supplied. If symptoms persist, speak to your pharmacist or doctor. Supplied as 500mg.",No regulation
simple,5021265244164,Vitabiotics Wellman Plus 56 Tablets,0,0,0,13.89,taxable,,Vitamins,Vitabiotics Wellman Plus 56 Tablets. A vitamins and supplements product. Supplied as 56 Tablets.,No regulation
simple,0033984005785,Solgar Spirulina 750mg 80 Capsules,0,0,0,13.89,taxable,,Vitamins,Solgar Spirulina 750mg 80 Capsules. A vitamins and supplements product. Supplied as 80 Capsules.,No regulation
simple,5060018511344,KIKI Health Organic Coconut Oil 500ml,0,0,0,13.89,taxable,zero-rate,Vitamins,KIKI Health Organic Coconut Oil 500ml. A vitamins and supplements product. Supplied as 500ml.,No regulation
simple,5055148403287,Lamberts Green Lipped Mussel Extract 350mg 90 Tablets,0,0,0,13.89,taxable,,Vitamins,Lamberts Green Lipped Mussel Extract 350mg 90 Tablets. A vitamins and supplements product. Supplied as 90 Tablets.,No regulation
simple,5012616291609,Lyclear Treatment Sensitive 150ml,0,0,0,13.89,taxable,,General Health,Lyclear Treatment Sensitive 150ml. A health and wellbeing product. Supplied as 150ml.,GSL
simple,5034268005991,ProVen Probiotics Acidophilus & Bifidus 25 Billion 30 Capsules,0,0,0,13.89,taxable,,Digestive,"ProVen Probiotics Acidophilus & Bifidus 25 Billion 30 Capsules. Always read the label and any leaflet supplied. If symptoms persist, speak to your pharmacist or doctor. Supplied as 30 Capsules.",No regulation
simple,5034268004130,ProVen Probiotics Lactobacillus & Bifidus for Breast Fed Babies 30 x 6g,0,0,0,13.89,taxable,,Digestive,"ProVen Probiotics Lactobacillus & Bifidus for Breast Fed Babies 30 x 6g. Always read the label and any leaflet supplied. If symptoms persist, speak to your pharmacist or doctor. Supplied as 30 x 6g.",No regulation
simple,0033984011496,"Solgar Formula Vitamin B-Complex ""100"" Extra High Potency 50 Capsules",0,0,0,13.89,taxable,,Vitamins,"Solgar Formula Vitamin B-Complex ""100"" Extra High Potency 50 Capsules. A vitamins and supplements product. Supplied as 50 Capsules.",No regulation
simple,0033984010703,Solgar Cold Pressed Flaxseed Oil 1250mg 100 Softgels,0,0,0,13.89,taxable,,Cold & Flu,"Solgar Cold Pressed Flaxseed Oil 1250mg 100 Softgels. Always read the label and any leaflet supplied. If symptoms persist, speak to your pharmacist or doctor. Supplied as 100 Softgels.",No regulation
simple,5060332533770,Lindens Health + Nutrition Multivitamins A-Z Daily 360 Tablets,0,0,0,13.89,taxable,,Vitamins,Lindens Health + Nutrition Multivitamins A-Z Daily 360 Tablets. A vitamins and supplements product. Supplied as 360 Tablets.,No regulation
simple,7702018569212,Gillette Styler & Shaving Gel Set,0,0,0,13.89,taxable,,Men's Grooming,Gillette Styler & Shaving Gel Set. A men's grooming product.,No regulation
simple,0033984032804,Solgar Vitamin C 1000mg 100 Capsules,0,0,0,13.89,taxable,,Vitamins,Solgar Vitamin C 1000mg 100 Capsules. A vitamins and supplements product. Supplied as 100 Capsules.,No regulation
simple,0033984023185,Solgar Quercetin Complex 50 Vegetable Capsules,0,0,0,13.89,taxable,,Vitamins,Solgar Quercetin Complex 50 Vegetable Capsules. A vitamins and supplements product.,No regulation
simple,3337875743563,CeraVe Hydrating Cream-To-Foam Cleanser 236ml,0,0,0,13.89,taxable,,Skincare,CeraVe Hydrating Cream-To-Foam Cleanser 236ml. A skincare product. Supplied as 236ml.,No regulation
simple,0033984020504,Solgar Double Strength Omega-3 30 Softgels,0,0,0,13.89,taxable,,Vitamins,Solgar Double Strength Omega-3 30 Softgels. A vitamins and supplements product. Supplied as 30 Softgels.,No regulation
simple,0033984012547,Solgar L-Glutamine 1000mg 60 Tablets,0,0,0,13.89,taxable,,Vitamins,Solgar L-Glutamine 1000mg 60 Tablets. A vitamins and supplements product. Supplied as 60 Tablets.,No regulation
simple,5391500077841,Cleanmarine for Kids Orange Burst Liquid Omega 3 150ml,0,0,0,13.89,taxable,,Vitamins,Cleanmarine for Kids Orange Burst Liquid Omega 3 150ml. A vitamins and supplements product. Supplied as 150ml.,No regulation
simple,5055148413279,Lamberts L-Lysine 1000mg 120 Tablets,0,0,0,13.89,taxable,,Vitamins,Lamberts L-Lysine 1000mg 120 Tablets. A vitamins and supplements product. Supplied as 120 Tablets.,No regulation
simple,5430000934602,Bambaw Reusable Makeup Pads 16 Pack,0,0,0,13.79,taxable,,Beauty,Bambaw Reusable Makeup Pads 16 Pack. A health and beauty product. Supplied as 16 Pack.,No regulation
simple,0033984034006,Solgar Dry Vitamin E 268mg (400IU) 50 Capsules,0,0,0,13.79,taxable,,Vitamins,Solgar Dry Vitamin E 268mg (400IU) 50 Capsules. A vitamins and supplements product. Supplied as 50 Capsules.,No regulation
simple,8809663752439,Mizon Acence Blemish Out Pink Spot 30ml,0,0,0,13.79,taxable,,General Health,Mizon Acence Blemish Out Pink Spot 30ml. A health and wellbeing product. Supplied as 30ml.,No regulation
simple,4086000011891,Fresubin Energy Fibre Drink Vanilla 4 x 200ml,0,0,0,13.79,taxable,zero-rate,Vitamins,Fresubin Energy Fibre Drink Vanilla 4 x 200ml. A vitamins and supplements product. Supplied as 4 x 200ml.,No regulation
simple,7322540696011,Tena PROskin Comfort Normal Pads 42 Pack,0,0,0,13.79,taxable,zero-rate,Continence,Tena PROskin Comfort Normal Pads 42 Pack. A continence care product. Supplied as 42 Pack.,No regulation
simple,5060927260852,"BeYou Hair, Skin & Nails 60 Gummies",0,0,0,13.79,taxable,,Hair Care,"BeYou Hair, Skin & Nails 60 Gummies. A hair care product. Supplied as 60 Gummies.",No regulation
simple,3282770139204,Avène Cleanance Cleansing Gel 200ml,0,0,0,13.79,taxable,,Skincare,Avène Cleanance Cleansing Gel 200ml. A skincare product. Supplied as 200ml.,No regulation
simple,0033984017870,Solgar Multiple Fibre Formula 120 Capsules,0,0,0,13.79,taxable,,Vitamins,Solgar Multiple Fibre Formula 120 Capsules. A vitamins and supplements product. Supplied as 120 Capsules.,No regulation
simple,5016973000195,Balance Activ Moisture Plus Pessaries 2g 10 Pack,0,0,0,13.79,taxable,,Skincare,Balance Activ Moisture Plus Pessaries 2g 10 Pack. A skincare product. Supplied as 10 Pack.,No regulation
simple,4001638096591,Weleda Baby Calendula Cream Bath 200ml,0,0,0,13.79,taxable,,Baby & Child,Weleda Baby Calendula Cream Bath 200ml. A baby and child product. Supplied as 200ml.,No regulation
simple,5010249041011,FSC Acidophilus Fos Vegetarian 120 Capsules,0,0,0,13.79,taxable,,Vitamins,FSC Acidophilus Fos Vegetarian 120 Capsules. A vitamins and supplements product. Supplied as 120 Capsules.,No regulation
simple,4006000100647,Eucerin Urea Repair Day Face Cream 50ml,0,0,0,13.79,taxable,,Skincare,Eucerin Urea Repair Day Face Cream 50ml. A skincare product. Supplied as 50ml.,No regulation
simple,7610313304608,A.Vogel Eye Drops Extra Moisturising 10ml,0,0,0,13.79,taxable,,Eye Care,"A.Vogel Eye Drops Extra Moisturising 10ml. Always read the label and any leaflet supplied. If symptoms persist, speak to your pharmacist or doctor. Supplied as 10ml.",No regulation
simple,5060099031304,Odylique Repair Lotion 60ml,0,0,0,13.79,taxable,,Skincare,Odylique Repair Lotion 60ml. A skincare product. Supplied as 60ml.,No regulation
simple,6001159130994,Bio-Oil Body Lotion 175ml,0,0,0,13.79,taxable,,Skincare,Bio-Oil Body Lotion 175ml. A skincare product. Supplied as 175ml.,No regulation
simple,5055148409845,Lamberts Alpha Lipoic Acid 300mg 90 Tablets,0,0,0,13.79,taxable,,Vitamins,Lamberts Alpha Lipoic Acid 300mg 90 Tablets. A vitamins and supplements product. Supplied as 90 Tablets.,No regulation
simple,5011309720716,Hedrin Treat & Go Mousse 100ml,0,0,0,13.79,taxable,,Hair Care,Hedrin Treat & Go Mousse 100ml. A hair care product. Supplied as 100ml.,No regulation
simple,5023652432031,Nature's Aid Pro-IntiMUM for Pregnancy 30 Capsules,0,0,0,13.69,taxable,,Vitamins,Nature's Aid Pro-IntiMUM for Pregnancy 30 Capsules. A vitamins and supplements product. Supplied as 30 Capsules.,No regulation
simple,5000347078255,Niquitin Clear Patch Step 3 7mg 7 Pack,0,0,0,13.69,taxable,reduced-rate,Stop Smoking,Niquitin Clear Patch Step 3 7mg 7 Pack. A stop-smoking product. Supplied as 7 Pack.,GSL
simple,5060229011930,Pukka Wholistic Neem 30 Capsules,0,0,0,13.69,taxable,,Vitamins,Pukka Wholistic Neem 30 Capsules. A vitamins and supplements product. Supplied as 30 Capsules.,No regulation
simple,0033984508330,Solgar Vegetarian Dha 100mg 30 Veg. Softgels,0,0,0,13.69,taxable,,Vitamins,Solgar Vegetarian Dha 100mg 30 Veg. Softgels. A vitamins and supplements product. Supplied as 100mg.,No regulation
simple,5060229011893,Pukka Aloe Vera 30 Capsules,0,0,0,13.69,taxable,,Vitamins,Pukka Aloe Vera 30 Capsules. A vitamins and supplements product. Supplied as 30 Capsules.,No regulation
simple,5060229014641,Pukka Turmeric Lifekind 30 Capsules,0,0,0,13.69,taxable,,Vitamins,Pukka Turmeric Lifekind 30 Capsules. A vitamins and supplements product. Supplied as 30 Capsules.,No regulation
simple,5060229017901,Pukka Womankind Premenstrual 30 Capsules,0,0,0,13.69,taxable,,Women's Health,Pukka Womankind Premenstrual 30 Capsules. A women's health product. Supplied as 30 Capsules.,No regulation
simple,4001638501491,Weleda Skin Food Light 75ml,0,0,0,13.69,taxable,,Skincare,Weleda Skin Food Light 75ml. A skincare product. Supplied as 75ml.,No regulation
simple,5015632090317,Cath Kidston Cassis & Rose Daily Essentials Set,0,0,0,13.69,taxable,,General Health,Cath Kidston Cassis & Rose Daily Essentials Set. A health and wellbeing product.,No regulation
simple,3282770152371,Avène Cleansing Foam 150ml,0,0,0,13.69,taxable,,Skincare,Avène Cleansing Foam 150ml. A skincare product. Supplied as 150ml.,No regulation
simple,0810071800177,Breathe Right Original Sleep Strips 30 Pack,0,0,0,13.69,taxable,,General Health,Breathe Right Original Sleep Strips 30 Pack. A health and wellbeing product. Supplied as 30 Pack.,No regulation
simple,5060927260272,BeYou Iron Support 60 Gummies,0,0,0,13.69,taxable,,Supports & Braces,BeYou Iron Support 60 Gummies. A support and mobility product. Supplied as 60 Gummies.,No regulation
simple,3380810258288,Clarins My Clarins Pore-Less Blur & Matte Stick 3.2g,0,0,0,13.69,taxable,,General Health,Clarins My Clarins Pore-Less Blur & Matte Stick 3.2g. A health and wellbeing product. Supplied as 3.2g.,No regulation
simple,0615908950977,Tigi Bed Head Duo Shampoo & Conditioner Resurrection 2x 750ml,0,0,0,13.69,taxable,,Hair Care,Tigi Bed Head Duo Shampoo & Conditioner Resurrection 2x 750ml. A hair care product. Supplied as 2x 750ml.,No regulation
simple,5701943102596,Riemann P20 Sun Protection SPF30+ Spray 150ml,0,0,0,13.69,taxable,,Skincare,Riemann P20 Sun Protection SPF30+ Spray 150ml. A skincare product. Supplied as 150ml.,No regulation
simple,5060229011923,Pukka Glow 30 Capsules,0,0,0,13.69,taxable,,Vitamins,Pukka Glow 30 Capsules. A vitamins and supplements product. Supplied as 30 Capsules.,No regulation
simple,5012748615250,Movicol Chocolate 30 Sachets,0,0,0,13.59,taxable,,Prescription Medicines,"Movicol Chocolate 30 Sachets. Prescription-only medicine, supplied after an online consultation with our pharmacist. Always read the label and any leaflet supplied. If symptoms persist, speak to your pharmacist or doctor. Supplied as 30 Sachets.",P
simple,3337875782357,CeraVe Blemish Control Gel 40ml,0,0,0,13.59,taxable,,Skincare,CeraVe Blemish Control Gel 40ml. A skincare product. Supplied as 40ml.,No regulation
simple,5060588690128,itsy Insulatez Combo Bag,0,0,0,13.59,taxable,,General Health,itsy Insulatez Combo Bag. A health and wellbeing product.,No regulation
simple,5060203790042,Terranova Coq10 30mg Complex 50 Pack,0,0,0,13.59,taxable,,Vitamins,Terranova Coq10 30mg Complex 50 Pack. A vitamins and supplements product. Supplied as 50 Pack.,No regulation
simple,3337875597227,CeraVe Moisturising Cream Jar 340g,0,0,0,13.59,taxable,,Skincare,CeraVe Moisturising Cream Jar 340g. A skincare product. Supplied as 340g.,No regulation
simple,8809479164273,11 Village Factory Moisture Eye Cream 30ml,0,0,0,13.59,taxable,,Skincare,11 Village Factory Moisture Eye Cream 30ml. A skincare product. Supplied as 30ml.,No regulation
simple,5060203791629,"Terranova Beauty Complex Skin, Hair & Nails 50 Pack",0,0,0,13.59,taxable,,Hair Care,"Terranova Beauty Complex Skin, Hair & Nails 50 Pack. A hair care product. Supplied as 50 Pack.",No regulation
simple,0634158532900,Wild Nutrition Children's Food-Grown Vitamin C & Zinc 30 Capsules,0,0,0,13.50,taxable,,Baby & Child,Wild Nutrition Children's Food-Grown Vitamin C & Zinc 30 Capsules. A baby and child product. Supplied as 30 Capsules.,No regulation
simple,0634158533389,Wild Nutrition Food-Grown Vitamin B6 60 Capsules,0,0,0,13.50,taxable,,Vitamins,Wild Nutrition Food-Grown Vitamin B6 60 Capsules. A vitamins and supplements product. Supplied as 60 Capsules.,No regulation
simple,0634158533273,Wild Nutrition Food-Grown Folic Acid 30 Capsules,0,0,0,13.50,taxable,,Women's Health,Wild Nutrition Food-Grown Folic Acid 30 Capsules. A women's health product. Supplied as 30 Capsules.,No regulation
simple,3282770141023,Klorane Mango Leave-In Cream 125ml,0,0,0,13.49,taxable,,Skincare,Klorane Mango Leave-In Cream 125ml. A skincare product. Supplied as 125ml.,No regulation
simple,0787211000363,Badedas Bath Gelee Essence Original 750ml,0,0,0,13.49,taxable,,Beauty,Badedas Bath Gelee Essence Original 750ml. A health and beauty product. Supplied as 750ml.,No regulation
simple,7350087736839,E45 Cream Pump 500g,0,0,0,13.49,taxable,,Skincare,E45 Cream Pump 500g. A skincare product. Supplied as 500g.,GSL
simple,5060519147769,Pukka Wholistic Turmeric 30 Capsules,0,0,0,13.49,taxable,,Vitamins,Pukka Wholistic Turmeric 30 Capsules. A vitamins and supplements product. Supplied as 30 Capsules.,No regulation
simple,3282770037678,Avène Cleanance Expert Lotion 40ml,0,0,0,13.49,taxable,,Skincare,Avène Cleanance Expert Lotion 40ml. A skincare product. Supplied as 40ml.,No regulation
simple,5023652440067,Nature's Aid Pro-Cognitiv (10 Bill Bac) 60 Capsules,0,0,0,13.49,taxable,,Vitamins,Nature's Aid Pro-Cognitiv (10 Bill Bac) 60 Capsules. A vitamins and supplements product. Supplied as 60 Capsules.,No regulation
simple,7618900914018,Mavala Cuticle Cream 15ml,0,0,0,13.49,taxable,,Skincare,Mavala Cuticle Cream 15ml. A skincare product. Supplied as 15ml.,No regulation
simple,0658556116883,Botanicals For Life Organic Black Walnut & Wormwood Extract 50ml,0,0,0,13.49,taxable,,General Health,Botanicals For Life Organic Black Walnut & Wormwood Extract 50ml. A health and wellbeing product. Supplied as 50ml.,No regulation
simple,4031626711465,Hycosan Dual 7.5ml,0,0,0,13.49,taxable,,Eye Care,"Hycosan Dual 7.5ml. Always read the label and any leaflet supplied. If symptoms persist, speak to your pharmacist or doctor. Supplied as 7.5ml.",No regulation
simple,5060571721549,UpCircle Gua Sha,0,0,0,13.49,taxable,,General Health,UpCircle Gua Sha. A health and wellbeing product.,No regulation
simple,4005800035883,Eucerin Urea Intensive Treatment Cream 100ml,0,0,0,13.49,taxable,,Skincare,Eucerin Urea Intensive Treatment Cream 100ml. A skincare product. Supplied as 100ml.,No regulation
simple,5055382303923,Alvita Vinyl Powder Free Examination Gloves medium 100 Pack,0,0,0,13.49,taxable,,Vitamins,Alvita Vinyl Powder Free Examination Gloves medium 100 Pack. A vitamins and supplements product. Supplied as 100 Pack.,No regulation
simple,8809566990051,Benton Cacao Moist & Mild Toner 150ml,0,0,0,13.49,taxable,,Skincare,Benton Cacao Moist & Mild Toner 150ml. A skincare product. Supplied as 150ml.,No regulation
simple,5034511001374,Green People Rosemary & Prebiotics Deodorant 75ml,0,0,0,13.49,taxable,,Beauty,Green People Rosemary & Prebiotics Deodorant 75ml. A health and beauty product. Supplied as 75ml.,No regulation
simple,4064951001277,Frontline Spot On for Dogs 2-10kg 1 Pack,0,0,0,13.49,taxable,,Pet Care,Frontline Spot On for Dogs 2-10kg 1 Pack. A pet care product. Supplied as 1 Pack.,No regulation
simple,0033984007802,Solgar Chelated Solamins Multimineral inc. Iodine 90 Tablets,0,0,0,13.49,taxable,,Vitamins,Solgar Chelated Solamins Multimineral inc. Iodine 90 Tablets. A vitamins and supplements product. Supplied as 90 Tablets.,No regulation
simple,5011417588192,FyboCalm Constipation Relief 30 Capsules,0,0,0,13.49,taxable,,Digestive,"FyboCalm Constipation Relief 30 Capsules. Always read the label and any leaflet supplied. If symptoms persist, speak to your pharmacist or doctor. Supplied as 30 Capsules.",No regulation
simple,5060018515519,KIKI Health Organic Beetroot Powder 200g,0,0,0,13.49,taxable,zero-rate,Vitamins,KIKI Health Organic Beetroot Powder 200g. A vitamins and supplements product. Supplied as 200g.,No regulation
simple,5391531760002,Actase Lutein ZA 30 Softgels,0,0,0,13.49,taxable,,Vitamins,Actase Lutein ZA 30 Softgels. A vitamins and supplements product. Supplied as 30 Softgels.,No regulation
simple,5055148408435,Lamberts Veintain (Ginkgo 6000mg Plus Cinnamon & Ginger) 60 Tablets,0,0,0,13.49,taxable,,Vitamins,Lamberts Veintain (Ginkgo 6000mg Plus Cinnamon & Ginger) 60 Tablets. A vitamins and supplements product. Supplied as 60 Tablets.,No regulation
simple,0033984015951,Solgar Sublingual Liquid B12 2000µg with B-Complex 59ml,0,0,0,13.49,taxable,,Vitamins,Solgar Sublingual Liquid B12 2000µg with B-Complex 59ml. A vitamins and supplements product. Supplied as 59ml.,No regulation
simple,5000309008238,CENTRUM FOR WOMEN (60S),0,0,0,13.49,taxable,,Women's Health,CENTRUM FOR WOMEN (60S). A women's health product.,No regulation
simple,5034511001497,Green People Aloe Vera Prebiotics Deodorant 75ml,0,0,0,13.49,taxable,,Beauty,Green People Aloe Vera Prebiotics Deodorant 75ml. A health and beauty product. Supplied as 75ml.,No regulation
simple,5055148415150,Lamberts Biome Balance Everyday Ultra 30 capsules,0,0,0,13.49,taxable,,Vitamins,Lamberts Biome Balance Everyday Ultra 30 capsules. A vitamins and supplements product. Supplied as 30 capsules.,No regulation
simple,5034511002517,Green People Organic Babies Calming Nappy Cream 50ml,0,0,0,13.49,taxable,,Baby & Child,Green People Organic Babies Calming Nappy Cream 50ml. A baby and child product. Supplied as 50ml.,No regulation
simple,4013162020645,Miss Fenjal Touch Of Purple EDT,0,0,0,13.49,taxable,,General Health,Miss Fenjal Touch Of Purple EDT. A health and wellbeing product.,No regulation
simple,5060776980178,DR.VEGAN Debloat & Detox 60 Capsules,0,0,0,13.49,taxable,,Vitamins,DR.VEGAN Debloat & Detox 60 Capsules. A vitamins and supplements product. Supplied as 60 Capsules.,No regulation
simple,5999887678509,Osi Magnesium Magnesium Oil Sensitive Spray 200ml,0,0,0,13.49,taxable,,Vitamins,Osi Magnesium Magnesium Oil Sensitive Spray 200ml. A vitamins and supplements product. Supplied as 200ml.,No regulation
simple,5012748615328,Movicol Plain 30 Sachets,0,0,0,13.49,taxable,,Prescription Medicines,"Movicol Plain 30 Sachets. Prescription-only medicine, supplied after an online consultation with our pharmacist. Always read the label and any leaflet supplied. If symptoms persist, speak to your pharmacist or doctor. Supplied as 30 Sachets.",P
simple,5021265221509,Vitabiotics Pregnacare Original 90 Tablets,0,0,0,13.49,taxable,,Vitamins,Vitabiotics Pregnacare Original 90 Tablets. A vitamins and supplements product. Supplied as 90 Tablets.,No regulation
simple,5029354011208,Activjuice Sour Cherry 1000ml,0,0,0,13.49,taxable,,General Health,Activjuice Sour Cherry 1000ml. A health and wellbeing product. Supplied as 1000ml.,No regulation
simple,5034511001381,Green People Scent-Free Roll-on Deodorant 75ml,0,0,0,13.49,taxable,,Beauty,Green People Scent-Free Roll-on Deodorant 75ml. A health and beauty product. Supplied as 75ml.,No regulation
simple,4013162020560,Miss Fenjal Blosson Edition EDT,0,0,0,13.49,taxable,,General Health,Miss Fenjal Blosson Edition EDT. A health and wellbeing product.,No regulation
simple,4031626710789,Hylo-Forte Eye Drops 10ml,0,0,0,13.49,taxable,,Eye Care,"Hylo-Forte Eye Drops 10ml. Always read the label and any leaflet supplied. If symptoms persist, speak to your pharmacist or doctor. Supplied as 10ml.",No regulation
simple,0033984038622,Solgar Dong Quai 100 Capsules,0,0,0,13.49,taxable,,Vitamins,Solgar Dong Quai 100 Capsules. A vitamins and supplements product. Supplied as 100 Capsules.,No regulation
simple,5060202181803,Cytoplan Saccharomyces Boulardii 250mg 30 Capsules,0,0,0,13.49,taxable,,Vitamins,Cytoplan Saccharomyces Boulardii 250mg 30 Capsules. A vitamins and supplements product. Supplied as 30 Capsules.,No regulation
simple,5023652430037,Nature's Aid OptiGUT-D (10 Bill Bac) 30 Capsules,0,0,0,13.49,taxable,,Vitamins,Nature's Aid OptiGUT-D (10 Bill Bac) 30 Capsules. A vitamins and supplements product. Supplied as 30 Capsules.,No regulation
simple,5709976133501,Pharma Nord Bio-Calcium +D3+K1+K2 500mg 150 Tablets,0,0,0,13.49,taxable,,Vitamins,Pharma Nord Bio-Calcium +D3+K1+K2 500mg 150 Tablets. A vitamins and supplements product. Supplied as 150 Tablets.,No regulation
simple,4013162020621,Miss Fenjal Dark Seduction EDT,0,0,0,13.49,taxable,,General Health,Miss Fenjal Dark Seduction EDT. A health and wellbeing product.,No regulation
simple,5056142600146,Protein World Hunger Buster 90 Capsules,0,0,0,13.49,taxable,,Vitamins,Protein World Hunger Buster 90 Capsules. A vitamins and supplements product. Supplied as 90 Capsules.,No regulation
simple,5034511001091,Green People for Men No. 9 Mint & Prebiotics Deodorant 75ml,0,0,0,13.49,taxable,,Men's Health,Green People for Men No. 9 Mint & Prebiotics Deodorant 75ml. A men's health product. Supplied as 75ml.,No regulation
simple,5031013103384,Higher Nature Premenstrual Complex 60 Capsules,0,0,0,13.49,taxable,,Women's Health,Higher Nature Premenstrual Complex 60 Capsules. A women's health product. Supplied as 60 Capsules.,No regulation
simple,5060203791827,"Terranova Chromium, Cinnamon & Lipoic Acid Complex 50 Pack",0,0,0,13.49,taxable,,Vitamins,"Terranova Chromium, Cinnamon & Lipoic Acid Complex 50 Pack. A vitamins and supplements product. Supplied as 50 Pack.",No regulation
simple,7618900915015,Mavala Cuticle Remover 10ml,0,0,0,13.49,taxable,,Skincare,Mavala Cuticle Remover 10ml. A skincare product. Supplied as 10ml.,No regulation
simple,0859975002263,Andalou Pumpkin Pack in Honey Glycolic Mask 50g,0,0,0,13.49,taxable,,Baby & Child,Andalou Pumpkin Pack in Honey Glycolic Mask 50g. A baby and child product. Supplied as 50g.,No regulation
simple,5031013100116,Higher Nature Serotone 5HTP 100mg 30 Capsules,0,0,0,13.45,taxable,,Vitamins,Higher Nature Serotone 5HTP 100mg 30 Capsules. A vitamins and supplements product. Supplied as 30 Capsules.,No regulation
simple,0033984036253,Solgar Formula Vm-Prime for Adults 50+ 60 Tablets,0,0,0,13.39,taxable,,Vitamins,Solgar Formula Vm-Prime for Adults 50+ 60 Tablets. A vitamins and supplements product. Supplied as 60 Tablets.,No regulation
simple,5060332535767,Lindens Health + Nutrition Chromium Max 1000mcg 360 Tablets,0,0,0,13.39,taxable,,Vitamins,Lindens Health + Nutrition Chromium Max 1000mcg 360 Tablets. A vitamins and supplements product. Supplied as 360 Tablets.,No regulation
simple,5031013102554,Higher Nature Supergar 90 Tablets,0,0,0,13.39,taxable,,Vitamins,Higher Nature Supergar 90 Tablets. A vitamins and supplements product. Supplied as 90 Tablets.,No regulation
simple,5055148400316,Lamberts Vitamin B-100 Complex 60 Tablets,0,0,0,13.39,taxable,,Vitamins,Lamberts Vitamin B-100 Complex 60 Tablets. A vitamins and supplements product. Supplied as 60 Tablets.,No regulation
simple,0033984038189,Solgar Chlorella 520mg 100 Capsules,0,0,0,13.39,taxable,,Vitamins,Solgar Chlorella 520mg 100 Capsules. A vitamins and supplements product. Supplied as 100 Capsules.,No regulation
simple,3337875905626,CeraVe Moisturising Cream Refill Pouch 454g,0,0,0,13.39,taxable,,Skincare,CeraVe Moisturising Cream Refill Pouch 454g. A skincare product. Supplied as 454g.,No regulation
simple,8809566990822,Benton Deep Green Tea Serum 30ml,0,0,0,13.39,taxable,,Skincare,Benton Deep Green Tea Serum 30ml. A skincare product. Supplied as 30ml.,No regulation
simple,5055148412982,Lamberts Ashwagandha with Vitamin C Plus Zinc Complex 60 Capsules,0,0,0,13.39,taxable,,Vitamins,Lamberts Ashwagandha with Vitamin C Plus Zinc Complex 60 Capsules. A vitamins and supplements product. Supplied as 60 Capsules.,No regulation
simple,5031013105845,Higher Nature Oregano Oil 90 Capsules,0,0,0,13.39,taxable,,Vitamins,Higher Nature Oregano Oil 90 Capsules. A vitamins and supplements product. Supplied as 90 Capsules.,No regulation
simple,5060553605089,BeYou Menstrual Cup Medium,0,0,0,13.39,taxable,zero-rate,Women's Health,BeYou Menstrual Cup Medium. A women's health product.,No regulation
simple,5391531760026,Optase Dry Eye Spray 17ml,0,0,0,13.39,taxable,,Eye Care,"Optase Dry Eye Spray 17ml. Always read the label and any leaflet supplied. If symptoms persist, speak to your pharmacist or doctor. Supplied as 17ml.",GSL
simple,5010605402883,Berocca Orange Effervescent 30 Tablets,0,0,0,13.39,taxable,,Vitamins,Berocca Orange Effervescent 30 Tablets. A vitamins and supplements product. Supplied as 30 Tablets.,No regulation
simple,9400097080373,Optima Musselex 500mg Green Lipped Mussel Extract 90 Tablets,0,0,0,13.39,taxable,,Vitamins,Optima Musselex 500mg Green Lipped Mussel Extract 90 Tablets. A vitamins and supplements product. Supplied as 90 Tablets.,No regulation
simple,8577201379522,Urban Tonic Beard Balm Strawberry & Mango 60ml,0,0,0,13.29,taxable,,Men's Grooming,Urban Tonic Beard Balm Strawberry & Mango 60ml. A men's grooming product. Supplied as 60ml.,No regulation
simple,5060420232608,Lansinoh Organic Pre-Birth Preparation Oil 50ml,0,0,0,13.29,taxable,,Skincare,Lansinoh Organic Pre-Birth Preparation Oil 50ml. A skincare product. Supplied as 50ml.,No regulation
simple,5034511004184,Green People Manuka & Lemon Tea Tree Hand Cream 50ml,0,0,0,13.29,taxable,,Skincare,Green People Manuka & Lemon Tea Tree Hand Cream 50ml. A skincare product. Supplied as 50ml.,No regulation
simple,7610313807116,A.Vogel Cough Spray for Kids 30ml,0,0,0,13.29,taxable,,Cold & Flu,"A.Vogel Cough Spray for Kids 30ml. Always read the label and any leaflet supplied. If symptoms persist, speak to your pharmacist or doctor. Supplied as 30ml.",GSL
simple,8578201379628,Urban Tonic Beard Balm Bay Rum 60ml,0,0,0,13.29,taxable,,Men's Grooming,Urban Tonic Beard Balm Bay Rum 60ml. A men's grooming product. Supplied as 60ml.,No regulation
simple,7612367014007,Medela Quick Clean Micro-Steam Bags 5 Pack,0,0,0,13.29,taxable,,General Health,Medela Quick Clean Micro-Steam Bags 5 Pack. A health and wellbeing product. Supplied as 5 Pack.,No regulation
simple,4031626710734,Hylo-Tear Eye Drops 10ml,0,0,0,13.29,taxable,,Eye Care,"Hylo-Tear Eye Drops 10ml. Always read the label and any leaflet supplied. If symptoms persist, speak to your pharmacist or doctor. Supplied as 10ml.",No regulation
simple,0859975002287,Andalou Lemon Sugar Facial Scrub 50g,0,0,0,13.29,taxable,,Skincare,Andalou Lemon Sugar Facial Scrub 50g. A skincare product. Supplied as 50g.,No regulation
simple,4064951001215,Frontline Spot On for Dogs 20-40kg 1 Pack,0,0,0,13.29,taxable,,Pet Care,Frontline Spot On for Dogs 20-40kg 1 Pack. A pet care product. Supplied as 1 Pack.,No regulation
simple,5060673980004,Dayonix Irofix Drops 30ml,0,0,0,13.29,taxable,,Vitamins,Dayonix Irofix Drops 30ml. A vitamins and supplements product. Supplied as 30ml.,No regulation
simple,8576201379624,Urban Tonic Beard Balm Spiced Raspberry 60ml,0,0,0,13.29,taxable,,Men's Grooming,Urban Tonic Beard Balm Spiced Raspberry 60ml. A men's grooming product. Supplied as 60ml.,No regulation
simple,5011417567272,Durex Intense Condoms 12 Pack,0,0,0,13.29,taxable,reduced-rate,Sexual Wellness,"Durex Intense Condoms 12 Pack. Always read the label and any leaflet supplied. If symptoms persist, speak to your pharmacist or doctor. Supplied as 12 Pack.",No regulation
simple,5060697570014,TestCard Urinary Tract Infection (UTI) Kit,0,0,0,13.29,taxable,,General Health,TestCard Urinary Tract Infection (UTI) Kit. A health and wellbeing product.,No regulation
simple,8032779841043,Bazuka Sub-Zero 50ml,0,0,0,13.29,taxable,,General Health,Bazuka Sub-Zero 50ml. A health and wellbeing product. Supplied as 50ml.,GSL
simple,7322540574890,Tena Pants Protect+ Super Large 12 Pack,0,0,0,13.29,taxable,zero-rate,Continence,Tena Pants Protect+ Super Large 12 Pack. A continence care product. Supplied as 12 Pack.,No regulation
simple,8700216075459,Gillette Proglide Gift Bag Set,0,0,0,13.29,taxable,,General Health,Gillette Proglide Gift Bag Set. A health and wellbeing product.,No regulation
simple,5012335880009,Seven Seas Perfect7 Woman 30 Tablets /Capsules,0,0,0,13.29,taxable,,Vitamins,Seven Seas Perfect7 Woman 30 Tablets /Capsules. A vitamins and supplements product. Supplied as 30 Tablets.,No regulation
simple,5051562017208,Voltarol 1.16% Gel 100g,0,0,0,13.29,taxable,,Pain Relief,"Voltarol 1.16% Gel 100g. Prescription-only medicine, supplied after an online consultation with our pharmacist. Always read the label and any leaflet supplied. If symptoms persist, speak to your pharmacist or doctor. Supplied as 100g.",P
simple,0859975002256,Andalou Bioactive Berry Fruit Enzyme Mask 50g,0,0,0,13.29,taxable,,Skincare,Andalou Bioactive Berry Fruit Enzyme Mask 50g. A skincare product. Supplied as 50g.,No regulation
simple,0716237187895,Giovanni Smoothing Castor Oil Shampoo 399ml,0,0,0,13.29,taxable,,Hair Care,Giovanni Smoothing Castor Oil Shampoo 399ml. A hair care product. Supplied as 399ml.,No regulation
simple,8579203756271,Urban Tonic Beard Balm Old School Gold 60ml,0,0,0,13.29,taxable,,Men's Grooming,Urban Tonic Beard Balm Old School Gold 60ml. A men's grooming product. Supplied as 60ml.,No regulation
simple,0017854110977,Baylis & Harding Wild Fig & Pomegranate 3 Piece Set,0,0,0,13.29,taxable,,Beauty,Baylis & Harding Wild Fig & Pomegranate 3 Piece Set. A health and beauty product.,No regulation
simple,0074312002625,Nature's Bounty Omega 3-6-9 1200mg 60 Pack,0,0,0,13.19,taxable,,Vitamins,Nature's Bounty Omega 3-6-9 1200mg 60 Pack. A vitamins and supplements product. Supplied as 60 Pack.,No regulation
simple,5701943030165,Riemann P20 Sun Protection SPF 20+ Lotion 100ml,0,0,0,13.19,taxable,,Skincare,Riemann P20 Sun Protection SPF 20+ Lotion 100ml. A skincare product. Supplied as 100ml.,No regulation
simple,7643022210434,Shea Moisture Coconut & Hibiscus Curling Gel Souffle 340g,0,0,0,13.19,taxable,,Skincare,Shea Moisture Coconut & Hibiscus Curling Gel Souffle 340g. A skincare product. Supplied as 340g.,No regulation
simple,4004148326332,Floradix Detox Bio Herbal Formula 250ml,0,0,0,13.19,taxable,,Vitamins,Floradix Detox Bio Herbal Formula 250ml. A vitamins and supplements product. Supplied as 250ml.,No regulation
simple,5034268004178,ProVen Probiotics for Pregnancy 30 Capsules,0,0,0,13.19,taxable,,Digestive,"ProVen Probiotics for Pregnancy 30 Capsules. Always read the label and any leaflet supplied. If symptoms persist, speak to your pharmacist or doctor. Supplied as 30 Capsules.",No regulation
simple,5031013101571,Higher Nature Ultratrace 57ml,0,0,0,13.19,taxable,,Vitamins,Higher Nature Ultratrace 57ml. A vitamins and supplements product. Supplied as 57ml.,No regulation
simple,5060202181216,Cytoplan Glucosamine Hydrochloride 750mg 60 Capsules,0,0,0,13.10,taxable,,Vitamins,Cytoplan Glucosamine Hydrochloride 750mg 60 Capsules. A vitamins and supplements product. Supplied as 60 Capsules.,No regulation
simple,7618900917019,Mavala Mavapen Cuticle Oil 4.5ml,0,0,0,13.09,taxable,,Skincare,Mavala Mavapen Cuticle Oil 4.5ml. A skincare product. Supplied as 4.5ml.,No regulation
simple,5031013100864,Higher Nature True Food Gtf Chromium 90 Tablets,0,0,0,13.09,taxable,,Vitamins,Higher Nature True Food Gtf Chromium 90 Tablets. A vitamins and supplements product. Supplied as 90 Tablets.,No regulation
simple,3574661748788,Aveeno Calm Restore Oat Gel Moisturiser 50ml,0,0,0,13.09,taxable,,Skincare,Aveeno Calm Restore Oat Gel Moisturiser 50ml. A skincare product. Supplied as 50ml.,No regulation
simple,5010249025028,FSC Glucosamine 500mg & Chondroitin 400mg 60 Tablets,0,0,0,13.09,taxable,,Vitamins,FSC Glucosamine 500mg & Chondroitin 400mg 60 Tablets. A vitamins and supplements product. Supplied as 60 Tablets.,No regulation
simple,8711428079425,3M Steri-Strip 3mm x 7.5mm 12 Pack,0,0,0,13.09,taxable,,General Health,3M Steri-Strip 3mm x 7.5mm 12 Pack. A health and wellbeing product. Supplied as 12 Pack.,No regulation
simple,9338177000600,Dermalex Repair Eczema 30g,0,0,0,13.09,taxable,,Skincare,Dermalex Repair Eczema 30g. A skincare product. Supplied as 30g.,No regulation
simple,3700454505614,Ocryl Cleansing Solution 135ml,0,0,0,13.09,taxable,,Skincare,Ocryl Cleansing Solution 135ml. A skincare product. Supplied as 135ml.,No regulation
simple,5036631008691,Vamousse Head Lice Treatment 160ml,0,0,0,13.09,taxable,,Hair Care,Vamousse Head Lice Treatment 160ml. A hair care product. Supplied as 160ml.,No regulation
simple,5407007651085,Bambaw Shaving Brush Black,0,0,0,13.09,taxable,,Men's Grooming,Bambaw Shaving Brush Black. A men's grooming product.,No regulation
simple,5060112865138,Fushi Organic Reishi Mushroom 60 Capsules,0,0,0,12.99,taxable,,Vitamins,Fushi Organic Reishi Mushroom 60 Capsules. A vitamins and supplements product. Supplied as 60 Capsules.,No regulation
simple,5012617000422,Atopic Eczema Treatment - Audavate RD 0.025% Cream 100g,0,0,0,12.99,taxable,zero-rate,Skincare,"Atopic Eczema Treatment - Audavate RD 0.025% Cream 100g. Prescription-only medicine, supplied after an online consultation with our pharmacist. Always read the label and any leaflet supplied. If symptoms persist, speak to your pharmacist or doctor. Supplied as 100g.",P
simple,5060523019175,Ted Baker 30ml Eau de Toilette & 150ml Body Wash Gift Set,0,0,0,12.99,taxable,,Beauty,Ted Baker 30ml Eau de Toilette & 150ml Body Wash Gift Set. A health and beauty product. Supplied as 150ml.,No regulation
simple,0083000006043,Nature's Answer Dandelion Root 30ml,0,0,0,12.99,taxable,,General Health,Nature's Answer Dandelion Root 30ml. A health and wellbeing product. Supplied as 30ml.,No regulation
simple,5028392002452,Nutri Advanced Milk Thistle Complex 60 Capsules,0,0,0,12.99,taxable,,Vitamins,Nutri Advanced Milk Thistle Complex 60 Capsules. A vitamins and supplements product. Supplied as 60 Capsules.,No regulation
simple,0017854107014,Baylis & Harding Citrus Lime & Mint Water Bottle Gift Set,0,0,0,12.99,taxable,,Beauty,Baylis & Harding Citrus Lime & Mint Water Bottle Gift Set. A health and beauty product.,No regulation
simple,0054402730096,Australian Gold Ultimate Hydration Lotion SPF50 237ml,0,0,0,12.99,taxable,,Skincare,Australian Gold Ultimate Hydration Lotion SPF50 237ml. A skincare product. Supplied as 237ml.,No regulation
simple,7610313304585,A.Vogel Echinaforce Forte Cold & Flu 40 Tablets,0,0,0,12.99,taxable,,Cold & Flu,"A.Vogel Echinaforce Forte Cold & Flu 40 Tablets. Always read the label and any leaflet supplied. If symptoms persist, speak to your pharmacist or doctor. Supplied as 40 Tablets.",GSL
simple,5012617000453,Atopic Eczema Treatment - Audavate RD 0.025% Ointment 100g,0,0,0,12.99,taxable,zero-rate,Skincare,"Atopic Eczema Treatment - Audavate RD 0.025% Ointment 100g. Prescription-only medicine, supplied after an online consultation with our pharmacist. Always read the label and any leaflet supplied. If symptoms persist, speak to your pharmacist or doctor. Supplied as 100g.",P
simple,5000476010638,Johnson's Veterinary Anti-Plaque Powder 70g,0,0,0,12.99,taxable,,Vitamins,Johnson's Veterinary Anti-Plaque Powder 70g. A vitamins and supplements product. Supplied as 70g.,No regulation
simple,3662042007491,Thealipid Dry Eye Relief Eye Drops 10ml,0,0,0,12.99,taxable,,Eye Care,"Thealipid Dry Eye Relief Eye Drops 10ml. Always read the label and any leaflet supplied. If symptoms persist, speak to your pharmacist or doctor. Supplied as 10ml.",No regulation
simple,5056634286957,The Luxury Bathing Company Praline & Vanilla Hot Water Bottle Gift Set,0,0,0,12.99,taxable,,Beauty,The Luxury Bathing Company Praline & Vanilla Hot Water Bottle Gift Set. A health and beauty product.,No regulation
simple,0851325002206,Macadamia Natural Oil Moisturizing Rinse 300ml,0,0,0,12.99,taxable,,Skincare,Macadamia Natural Oil Moisturizing Rinse 300ml. A skincare product. Supplied as 300ml.,No regulation
simple,5060391848341,Dr. Organic Skin Calm Probiotic Protection Serum 30ml,0,0,0,12.99,taxable,,Digestive,"Dr. Organic Skin Calm Probiotic Protection Serum 30ml. Always read the label and any leaflet supplied. If symptoms persist, speak to your pharmacist or doctor. Supplied as 30ml.",No regulation
simple,5000283661924,Dulcolax Twelve Plus 5mg Gastro-Resistant Bisacodyl 100 Tablets,0,0,0,12.99,taxable,,Digestive,"Dulcolax Twelve Plus 5mg Gastro-Resistant Bisacodyl 100 Tablets. Prescription-only medicine, supplied after an online consultation with our pharmacist. Always read the label and any leaflet supplied. If symptoms persist, speak to your pharmacist or doctor. Supplied as 100 Tablets.",P
simple,7350012553449,BioGaia Baby Drops Lactic Acid Bacteria 5ml,0,0,0,12.99,taxable,,Baby & Child,BioGaia Baby Drops Lactic Acid Bacteria 5ml. A baby and child product. Supplied as 5ml.,No regulation
simple,9326922000647,Australian Bush Flower Essences Bush Fuchsia 15ml,0,0,0,12.99,taxable,,General Health,Australian Bush Flower Essences Bush Fuchsia 15ml. A health and wellbeing product. Supplied as 15ml.,No regulation
simple,5060099031519,Odylique Natural Sunscreen SPF30 50ml,0,0,0,12.99,taxable,,Skincare,Odylique Natural Sunscreen SPF30 50ml. A skincare product. Supplied as 50ml.,No regulation
simple,0753950002500,Doctor's Best Vitamin D3 5000IU 360 Softgels,0,0,0,12.99,taxable,,Vitamins,Doctor's Best Vitamin D3 5000IU 360 Softgels. A vitamins and supplements product. Supplied as 360 Softgels.,No regulation
simple,3282770144970,Avène Comedomed Localized Drying Emulsion 15ml,0,0,0,12.99,taxable,,General Health,Avène Comedomed Localized Drying Emulsion 15ml. A health and wellbeing product. Supplied as 15ml.,No regulation
simple,0078522100294,Jason Anti-Dandruff Scalp Care 2-in-1 Shampoo+ Conditioner 355ml,0,0,0,12.99,taxable,,Hair Care,Jason Anti-Dandruff Scalp Care 2-in-1 Shampoo+ Conditioner 355ml. A hair care product. Supplied as 355ml.,No regulation
simple,9326922001040,Australian Bush Flower Essences She Oak 15ml,0,0,0,12.99,taxable,,General Health,Australian Bush Flower Essences She Oak 15ml. A health and wellbeing product. Supplied as 15ml.,No regulation
simple,3337875784054,Cerave Blemish Control Cleanser 236ml,0,0,0,12.99,taxable,,Skincare,Cerave Blemish Control Cleanser 236ml. A skincare product. Supplied as 236ml.,No regulation
simple,5017007601326,Sudocrem Antiseptic Healing Cream 400g,0,0,0,12.99,taxable,,Baby & Child,Sudocrem Antiseptic Healing Cream 400g. A baby and child product. Supplied as 400g.,GSL
simple,0886284905138,Pet Head Furtastic Shampoo 300ml,0,0,0,12.99,taxable,,Pet Care,Pet Head Furtastic Shampoo 300ml. A pet care product. Supplied as 300ml.,No regulation
simple,5011309049114,Cetraben Lotion 475ml,0,0,0,12.99,taxable,,Skincare,Cetraben Lotion 475ml. A skincare product. Supplied as 475ml.,GSL
simple,7322540630763,Tena Pants Protect + Super XL 12 Pack,0,0,0,12.99,taxable,zero-rate,Continence,Tena Pants Protect + Super XL 12 Pack. A continence care product. Supplied as 12 Pack.,No regulation
simple,5060214560610,Sterling Lactulose 3.3g/5ml Oral Solution 500ml,0,0,0,12.99,taxable,,Prescription Medicines,"Sterling Lactulose 3.3g/5ml Oral Solution 500ml. Prescription-only medicine, supplied after an online consultation with our pharmacist. Always read the label and any leaflet supplied. If symptoms persist, speak to your pharmacist or doctor. Supplied as 500ml.",P
simple,5060202180974,Cytoplan Immunovite Beta 1-3 1-6 Glucan 250mg 30 Capsules,0,0,0,12.99,taxable,,Vitamins,Cytoplan Immunovite Beta 1-3 1-6 Glucan 250mg 30 Capsules. A vitamins and supplements product. Supplied as 30 Capsules.,No regulation
simple,4005900475220,Nivea Sun Face SPF50 Shine Control 50ml,0,0,0,12.99,taxable,,Skincare,Nivea Sun Face SPF50 Shine Control 50ml. A skincare product. Supplied as 50ml.,No regulation
simple,4051895016207,Fresubin Juicy Cherry 4x200ml,0,0,0,12.99,taxable,,Vitamins,Fresubin Juicy Cherry 4x200ml. A vitamins and supplements product. Supplied as 4x200ml.,No regulation
simple,5038581152875,Yankee Candle Home Inspiration Chocolate Orange 538g,0,0,0,12.99,taxable,,Beauty,Yankee Candle Home Inspiration Chocolate Orange 538g. A health and beauty product. Supplied as 538g.,No regulation
simple,5034511005068,Green People Organic Children Conditioner Lavender Burst 200ml,0,0,0,12.99,taxable,,Hair Care,Green People Organic Children Conditioner Lavender Burst 200ml. A hair care product. Supplied as 200ml.,No regulation
simple,5060209731230,Lecicarbon Children 10 Suppositories,0,0,0,12.99,taxable,,Prescription Medicines,"Lecicarbon Children 10 Suppositories. Prescription-only medicine, supplied after an online consultation with our pharmacist. Always read the label and any leaflet supplied. If symptoms persist, speak to your pharmacist or doctor. Supplied as 10 Suppositories.",P
simple,5038581149448,Yankee Candle Home Inspiration Bubble Time 538g,0,0,0,12.99,taxable,,Beauty,Yankee Candle Home Inspiration Bubble Time 538g. A health and beauty product. Supplied as 538g.,No regulation
simple,0054402720936,Australian Gold SPF30 Spray Gel 237ml,0,0,0,12.99,taxable,,Skincare,Australian Gold SPF30 Spray Gel 237ml. A skincare product. Supplied as 237ml.,No regulation
simple,0078522040125,Jason 25000IU Vitamin E Moisturising Cream 113g,0,0,0,12.99,taxable,,Skincare,Jason 25000IU Vitamin E Moisturising Cream 113g. A skincare product. Supplied as 113g.,No regulation
simple,5060562640194,Birch & Wilde Marine Collagen 45 Day Supply 90 Capsules,0,0,0,12.99,taxable,,Vitamins,Birch & Wilde Marine Collagen 45 Day Supply 90 Capsules. A vitamins and supplements product. Supplied as 90 Capsules.,No regulation
simple,5701943102565,Riemann P20 Original SPF 50+ Spray 85ml,0,0,0,12.99,taxable,,Skincare,Riemann P20 Original SPF 50+ Spray 85ml. A skincare product. Supplied as 85ml.,No regulation
simple,5036631007090,Hydromol Relief Cream 100ml,0,0,0,12.99,taxable,,Skincare,Hydromol Relief Cream 100ml. A skincare product. Supplied as 100ml.,No regulation
simple,3337875597272,CeraVe Eye Repair Cream 14ml,0,0,0,12.99,taxable,,Skincare,CeraVe Eye Repair Cream 14ml. A skincare product. Supplied as 14ml.,No regulation
simple,5036072003668,Chronic Hives Treatment - Dr. Reddy's Fexofenadine 180mg 30 Tablets,0,0,0,12.99,taxable,zero-rate,Prescription Medicines,"Chronic Hives Treatment - Dr. Reddy's Fexofenadine 180mg 30 Tablets. Prescription-only medicine, supplied after an online consultation with our pharmacist. Always read the label and any leaflet supplied. If symptoms persist, speak to your pharmacist or doctor. Supplied as 30 Tablets.",P
simple,3337875773430,CeraVe Hydrating Foaming Oil Cleanser 236ml,0,0,0,12.99,taxable,,Skincare,CeraVe Hydrating Foaming Oil Cleanser 236ml. A skincare product. Supplied as 236ml.,No regulation
simple,5020465201816,Cetaphil Pro Cleansing Facial Wash Sensitive Skin 236ml,0,0,0,12.99,taxable,,Skincare,Cetaphil Pro Cleansing Facial Wash Sensitive Skin 236ml. A skincare product. Supplied as 236ml.,No regulation
simple,5060291420579,Nursem Body Care Minis Set,0,0,0,12.99,taxable,,General Health,Nursem Body Care Minis Set. A health and wellbeing product.,No regulation
simple,5391513950209,Phoenix Labs Paracetamol 125mg for Children 10 Suppositories,0,0,0,12.99,taxable,,Baby & Child,"Phoenix Labs Paracetamol 125mg for Children 10 Suppositories. Prescription-only medicine, supplied after an online consultation with our pharmacist. Always read the label and any leaflet supplied. If symptoms persist, speak to your pharmacist or doctor. Supplied as 10 Suppositories.",P
simple,0054402730102,Australian Gold Hydrating Spray Oil SPF6 237ml,0,0,0,12.99,taxable,,Skincare,Australian Gold Hydrating Spray Oil SPF6 237ml. A skincare product. Supplied as 237ml.,No regulation
simple,5060499390902,Calcichew 500mg 100 Chewable Tablets,0,0,0,12.99,taxable,,Prescription Medicines,"Calcichew 500mg 100 Chewable Tablets. Prescription-only medicine, supplied after an online consultation with our pharmacist. Always read the label and any leaflet supplied. If symptoms persist, speak to your pharmacist or doctor. Supplied as 100 Chewable.",P
simple,5024091747304,Zirtek Allergy Relief 30 Tablets,0,0,0,12.99,taxable,,Prescription Medicines,"Zirtek Allergy Relief 30 Tablets. Prescription-only medicine, supplied after an online consultation with our pharmacist. Always read the label and any leaflet supplied. If symptoms persist, speak to your pharmacist or doctor. Supplied as 30 Tablets.",P
simple,3800219793871,Alteya Organic Luminous Rose Hydrating Flower Toner 120ml,0,0,0,12.99,taxable,,Skincare,Alteya Organic Luminous Rose Hydrating Flower Toner 120ml. A skincare product. Supplied as 120ml.,No regulation
simple,0033984529076,Solgar Vitamin D3 (Cholecalciferol) 4000IU/100µg 60 Vegetable Capsules,0,0,0,12.99,taxable,,Vitamins,Solgar Vitamin D3 (Cholecalciferol) 4000IU/100µg 60 Vegetable Capsules. A vitamins and supplements product. Supplied as 4000IU.,No regulation
simple,5707725600106,Nourkrin Shampoo for Hair Growth 150ml,0,0,0,12.99,taxable,,Hair Care,Nourkrin Shampoo for Hair Growth 150ml. A hair care product. Supplied as 150ml.,No regulation
simple,5060571820129,The Good Guru Vegan Iron High Strength 90 Capsules,0,0,0,12.99,taxable,,Vitamins,The Good Guru Vegan Iron High Strength 90 Capsules. A vitamins and supplements product. Supplied as 90 Capsules.,No regulation
simple,5060209731049,Lecicarbon Adults 10 Suppositories,0,0,0,12.99,taxable,,Prescription Medicines,"Lecicarbon Adults 10 Suppositories. Prescription-only medicine, supplied after an online consultation with our pharmacist. Always read the label and any leaflet supplied. If symptoms persist, speak to your pharmacist or doctor. Supplied as 10 Suppositories.",P
simple,0015594011752,Astroglide x Premium Silicone Gel 85g,0,0,0,12.99,taxable,,Skincare,Astroglide x Premium Silicone Gel 85g. A skincare product. Supplied as 85g.,No regulation
simple,0083000006647,Nature's Answer Sage 30ml,0,0,0,12.99,taxable,,General Health,Nature's Answer Sage 30ml. A health and wellbeing product. Supplied as 30ml.,No regulation
simple,4001638081306,Weleda Citrus Hand & Nail Cream 50ml,0,0,0,12.99,taxable,,Skincare,Weleda Citrus Hand & Nail Cream 50ml. A skincare product. Supplied as 50ml.,No regulation
simple,5038581063782,Yankee Candle Moonlit Blossoms Large Jar 623g,0,0,0,12.99,taxable,,Beauty,Yankee Candle Moonlit Blossoms Large Jar 623g. A health and beauty product. Supplied as 623g.,No regulation
simple,5702191028454,Acne treatment - Skinoren 20% Cream 30g,0,0,0,12.99,taxable,zero-rate,Skincare,"Acne treatment - Skinoren 20% Cream 30g. Prescription-only medicine, supplied after an online consultation with our pharmacist. Always read the label and any leaflet supplied. If symptoms persist, speak to your pharmacist or doctor. Supplied as 30g.",P
simple,5055148409050,Lamberts Green Tea 5000mg 60 Tablets,0,0,0,12.99,taxable,,Vitamins,Lamberts Green Tea 5000mg 60 Tablets. A vitamins and supplements product. Supplied as 60 Tablets.,No regulation
simple,5034511029088,Green People OY! Deodorant 75ml,0,0,0,12.99,taxable,,Beauty,Green People OY! Deodorant 75ml. A health and beauty product. Supplied as 75ml.,No regulation
simple,0054402700518,Australian Gold Soothing Aloe After Sun Gel 237ml,0,0,0,12.99,taxable,,Skincare,Australian Gold Soothing Aloe After Sun Gel 237ml. A skincare product. Supplied as 237ml.,No regulation
simple,0300658052124,Systane Eyelid Cleansing Wipes 30,0,0,0,12.99,taxable,,Skincare,Systane Eyelid Cleansing Wipes 30. A skincare product.,No regulation
simple,5060203790165,Terranova Beta Carotene Complex 50 Pack,0,0,0,12.99,taxable,,Vitamins,Terranova Beta Carotene Complex 50 Pack. A vitamins and supplements product. Supplied as 50 Pack.,No regulation
simple,5055148414979,Lamberts Magnesium Citrate 150mg 40 Gummies,0,0,0,12.99,taxable,,Vitamins,Lamberts Magnesium Citrate 150mg 40 Gummies. A vitamins and supplements product. Supplied as 40 Gummies.,No regulation
simple,5038581152882,Yankee Candle Home Inspiration Pink Pine 538g,0,0,0,12.99,taxable,,Beauty,Yankee Candle Home Inspiration Pink Pine 538g. A health and beauty product. Supplied as 538g.,No regulation
simple,5038581028910,Yankee Candle Home Inspiration Linen & Lace 538g,0,0,0,12.99,taxable,,Beauty,Yankee Candle Home Inspiration Linen & Lace 538g. A health and beauty product. Supplied as 538g.,No regulation
simple,5055148414436,Lamberts L-Theanine 200mg 60 Tablets,0,0,0,12.99,taxable,,Vitamins,Lamberts L-Theanine 200mg 60 Tablets. A vitamins and supplements product. Supplied as 60 Tablets.,No regulation
simple,0017854118058,Baylis & Harding Signature Men's Black Pepper & Ginseng Trio Gift Set,0,0,0,12.99,taxable,,Beauty,Baylis & Harding Signature Men's Black Pepper & Ginseng Trio Gift Set. A health and beauty product.,No regulation
simple,5709976245105,Pharma Nord Bio-Pycnogenol 40mg 30 Tablets,0,0,0,12.99,taxable,,Vitamins,Pharma Nord Bio-Pycnogenol 40mg 30 Tablets. A vitamins and supplements product. Supplied as 30 Tablets.,No regulation
simple,0083000005800,Nature's Answer Black Walnut Hull 30ml,0,0,0,12.99,taxable,,General Health,Nature's Answer Black Walnut Hull 30ml. A health and wellbeing product. Supplied as 30ml.,No regulation
simple,3282770142280,Avène Tolérance Lotion 200ml,0,0,0,12.99,taxable,,Skincare,Avène Tolérance Lotion 200ml. A skincare product. Supplied as 200ml.,No regulation
simple,0658010118590,Vitamin C Spray (Orange/Tangerine) 58ml,0,0,0,12.99,taxable,,Vitamins,Vitamin C Spray (Orange/Tangerine) 58ml. A vitamins and supplements product. Supplied as 58ml.,No regulation
simple,9327693003769,Sukin Sensitive Night Cream 120ml,0,0,0,12.99,taxable,,Skincare,Sukin Sensitive Night Cream 120ml. A skincare product. Supplied as 120ml.,No regulation
simple,7322540587555,Tena Pants Protect+ Plus XL 12 Pack,0,0,0,12.99,taxable,zero-rate,Continence,Tena Pants Protect+ Plus XL 12 Pack. A continence care product. Supplied as 12 Pack.,No regulation
simple,5000158065574,Gaviscon Original Aniseed 600ml,0,0,0,12.99,taxable,,Digestive,"Gaviscon Original Aniseed 600ml. Always read the label and any leaflet supplied. If symptoms persist, speak to your pharmacist or doctor. Supplied as 600ml.",GSL
simple,8809724475956,Dr.Jart+ Mild Sun SPF43/PA+++ Daily Sunscreen 30ml,0,0,0,12.99,taxable,,Skincare,Dr.Jart+ Mild Sun SPF43/PA+++ Daily Sunscreen 30ml. A skincare product. Supplied as 30ml.,No regulation
simple,3800219790306,Alteya Organic Bulgarian Rose Water Glass Bottle 200ml,0,0,0,12.99,taxable,,General Health,Alteya Organic Bulgarian Rose Water Glass Bottle 200ml. A health and wellbeing product. Supplied as 200ml.,No regulation
simple,5060203792626,Terranova Bilberry 360mg 50 Pack,0,0,0,12.99,taxable,,Vitamins,Terranova Bilberry 360mg 50 Pack. A vitamins and supplements product. Supplied as 50 Pack.,No regulation
simple,5060176674769,Dr. Organic Moroccan Argan Oil Hair Treatment Serum 100ml,0,0,0,12.99,taxable,,Hair Care,Dr. Organic Moroccan Argan Oil Hair Treatment Serum 100ml. A hair care product. Supplied as 100ml.,No regulation
simple,4051895011660,Fresubin 2kcal Drink Vanilla 4x200ml,0,0,0,12.99,taxable,,Vitamins,Fresubin 2kcal Drink Vanilla 4x200ml. A vitamins and supplements product. Supplied as 4x200ml.,No regulation
simple,0033984022720,Solgar Prenatal Nutrients 120 Tablets,0,0,0,12.99,taxable,,Vitamins,Solgar Prenatal Nutrients 120 Tablets. A vitamins and supplements product. Supplied as 120 Tablets.,No regulation
simple,5099299199590,Hives Treatment - Healthcare Pharma Fexofenadine 180mg 30 Tablets,0,0,0,12.99,taxable,zero-rate,Prescription Medicines,"Hives Treatment - Healthcare Pharma Fexofenadine 180mg 30 Tablets. Prescription-only medicine, supplied after an online consultation with our pharmacist. Always read the label and any leaflet supplied. If symptoms persist, speak to your pharmacist or doctor. Supplied as 30 Tablets.",P
simple,5020465201663,Acnecide Wash 5% Gel 100g,0,0,0,12.99,taxable,,Skincare,"Acnecide Wash 5% Gel 100g. Prescription-only medicine, supplied after an online consultation with our pharmacist. Always read the label and any leaflet supplied. If symptoms persist, speak to your pharmacist or doctor. Supplied as 100g.",P
simple,5055148414504,Lamberts Neuro-Guard 60 Tablets,0,0,0,12.99,taxable,,Vitamins,Lamberts Neuro-Guard 60 Tablets. A vitamins and supplements product. Supplied as 60 Tablets.,No regulation
simple,9314839017117,QV Baby Moisturising Cream 500g Pump,0,0,0,12.99,taxable,,Baby & Child,QV Baby Moisturising Cream 500g Pump. A baby and child product. Supplied as 500g.,No regulation
simple,4051895011707,Fresubin 2kcal Drink Forest Fruits 4x200ml,0,0,0,12.99,taxable,,Vitamins,Fresubin 2kcal Drink Forest Fruits 4x200ml. A vitamins and supplements product. Supplied as 4x200ml.,No regulation
simple,5010605400339,Clarinaze Allergy Control Spray 140 Sprays,0,0,0,12.99,taxable,,Prescription Medicines,"Clarinaze Allergy Control Spray 140 Sprays. Prescription-only medicine, supplied after an online consultation with our pharmacist. Always read the label and any leaflet supplied. If symptoms persist, speak to your pharmacist or doctor.",P
simple,5038483844687,Scholl Softgrip C1 Below The Knee Compression Hosiery Large Open Toe Natural,0,0,0,12.99,taxable,,Supports & Braces,Scholl Softgrip C1 Below The Knee Compression Hosiery Large Open Toe Natural. A support and mobility product.,No regulation
simple,5060332530687,Lindens Health + Nutrition Saw Palmetto 500mg 365 Tablets,0,0,0,12.99,taxable,,Vitamins,Lindens Health + Nutrition Saw Palmetto 500mg 365 Tablets. A vitamins and supplements product. Supplied as 365 Tablets.,No regulation
simple,5034268009029,ProVen Probiotics Fit for School 30 Tablets,0,0,0,12.99,taxable,,Digestive,"ProVen Probiotics Fit for School 30 Tablets. Always read the label and any leaflet supplied. If symptoms persist, speak to your pharmacist or doctor. Supplied as 30 Tablets.",No regulation
simple,4103040921963,Sebamed Anti-Stretch Mark Cream 200ml,0,0,0,12.99,taxable,,Skincare,Sebamed Anti-Stretch Mark Cream 200ml. A skincare product. Supplied as 200ml.,No regulation
simple,0886284903134,Pet Head Ditch The Dirt Deodorizing Shampoo 300ml,0,0,0,12.99,taxable,,Pet Care,Pet Head Ditch The Dirt Deodorizing Shampoo 300ml. A pet care product. Supplied as 300ml.,No regulation
simple,5011309048315,Cetraben Moisturising Cream 475ml,0,0,0,12.99,taxable,,Skincare,Cetraben Moisturising Cream 475ml. A skincare product. Supplied as 475ml.,No regulation
simple,5012616267994,Solpadeine Max Soluble 24 Tablets,0,0,0,12.99,taxable,,Pain Relief,"Solpadeine Max Soluble 24 Tablets. Prescription-only medicine, supplied after an online consultation with our pharmacist. Always read the label and any leaflet supplied. If symptoms persist, speak to your pharmacist or doctor. Supplied as 24 Tablets.",P
simple,4006000100272,Eucerin Urea Repair 5% Urea Gentle Shower Gel 400ml,0,0,0,12.99,taxable,,Beauty,Eucerin Urea Repair 5% Urea Gentle Shower Gel 400ml. A health and beauty product. Supplied as 400ml.,No regulation
simple,5012654201387,Carnation Verruca & Wart Remover Freeze Spray 50ml,0,0,0,12.99,taxable,,Skincare,Carnation Verruca & Wart Remover Freeze Spray 50ml. A skincare product. Supplied as 50ml.,No regulation
simple,9326922000753,Australian Bush Flower Essences Fringed Violet 15ml,0,0,0,12.99,taxable,,General Health,Australian Bush Flower Essences Fringed Violet 15ml. A health and wellbeing product. Supplied as 15ml.,No regulation
simple,5060097930746,Hibiscrub 4% Cutaneous Solution 500ml,0,0,0,12.99,taxable,,First Aid,"Hibiscrub 4% Cutaneous Solution 500ml. Always read the label and any leaflet supplied. If symptoms persist, speak to your pharmacist or doctor. Supplied as 500ml.",No regulation
simple,5060310356155,Indigo Herbs Nutrition Chaga Mushroom Extract 50g,0,0,0,12.99,taxable,,Vitamins,Indigo Herbs Nutrition Chaga Mushroom Extract 50g. A vitamins and supplements product. Supplied as 50g.,No regulation
simple,5038483844663,Scholl Softgrip C1 Below The Knee Compression Hosiery Small Open Toe Natural,0,0,0,12.99,taxable,,Supports & Braces,Scholl Softgrip C1 Below The Knee Compression Hosiery Small Open Toe Natural. A support and mobility product.,No regulation
simple,5060571822987,The Good Guru High Strength Berberine 98% HCL 60 Capsules,0,0,0,12.99,taxable,,Vitamins,The Good Guru High Strength Berberine 98% HCL 60 Capsules. A vitamins and supplements product. Supplied as 60 Capsules.,No regulation
simple,5060149640180,SelfCheck Cholesterol Level Test Kit,0,0,0,12.99,taxable,,Testing & Monitoring,"SelfCheck Cholesterol Level Test Kit. Always read the label and any leaflet supplied. If symptoms persist, speak to your pharmacist or doctor.",No regulation
simple,9314839018053,QV Baby Gentle Wash 500g,0,0,0,12.99,taxable,,Baby & Child,QV Baby Gentle Wash 500g. A baby and child product. Supplied as 500g.,No regulation
simple,0054402720912,Australian Gold SPF15 Spray Gel 237ml,0,0,0,12.99,taxable,,Skincare,Australian Gold SPF15 Spray Gel 237ml. A skincare product. Supplied as 237ml.,No regulation
simple,0054402730072,Australian Gold Face Guard SPF50 15ml,0,0,0,12.99,taxable,,Skincare,Australian Gold Face Guard SPF50 15ml. A skincare product. Supplied as 15ml.,No regulation
simple,8594161370468,Enterosgel 90g,0,0,0,12.99,taxable,,Skincare,Enterosgel 90g. A skincare product. Supplied as 90g.,No regulation
simple,4048882620752,Dr. Wolff's V-san Moisturising Cremolum Pessaries 16 Pack,0,0,0,12.99,taxable,,Skincare,Dr. Wolff's V-san Moisturising Cremolum Pessaries 16 Pack. A skincare product. Supplied as 16 Pack.,No regulation
simple,5055148413323,Lamberts Multi-Guard Iron Free Formula 60 Tablets,0,0,0,12.99,taxable,,Vitamins,Lamberts Multi-Guard Iron Free Formula 60 Tablets. A vitamins and supplements product. Supplied as 60 Tablets.,No regulation
simple,5055148401122,Lamberts Natural Beta Carotene 15mg 90 Capsules,0,0,0,12.99,taxable,,Vitamins,Lamberts Natural Beta Carotene 15mg 90 Capsules. A vitamins and supplements product. Supplied as 90 Capsules.,No regulation
simple,4013162025459,Fenjal Intensive Oil & Foam Bath 200ml,0,0,0,12.99,taxable,,Beauty,Fenjal Intensive Oil & Foam Bath 200ml. A health and beauty product. Supplied as 200ml.,No regulation
simple,5011408054415,L'Oréal Paris Age Perfect Collagen Hydrating Night Cream 50ml,0,0,0,12.99,taxable,,Skincare,L'Oréal Paris Age Perfect Collagen Hydrating Night Cream 50ml. A skincare product. Supplied as 50ml.,No regulation
simple,5000283654469,Dioralyte Relief Blackcurrant 20 sachets,0,0,0,12.99,taxable,,Prescription Medicines,"Dioralyte Relief Blackcurrant 20 sachets. Prescription-only medicine, supplied after an online consultation with our pharmacist. Always read the label and any leaflet supplied. If symptoms persist, speak to your pharmacist or doctor. Supplied as 20 sachets.",P
simple,5060291420425,Nursem Hand Care Minis Set,0,0,0,12.99,taxable,,General Health,Nursem Hand Care Minis Set. A health and wellbeing product.,No regulation
simple,5701943102527,Riemann P20 Original SPF30 Spray 85ml,0,0,0,12.99,taxable,,Skincare,Riemann P20 Original SPF30 Spray 85ml. A skincare product. Supplied as 85ml.,No regulation
simple,3282770152517,Avène Soothing Toning Lotion 200ml,0,0,0,12.99,taxable,,Skincare,Avène Soothing Toning Lotion 200ml. A skincare product. Supplied as 200ml.,No regulation
simple,5021265221523,Vitabiotics Pregnacare Plus Omega-3 Dual Pack 56 Tablets /Capsules,0,0,0,12.99,taxable,,Vitamins,Vitabiotics Pregnacare Plus Omega-3 Dual Pack 56 Tablets /Capsules. A vitamins and supplements product. Supplied as 56 Tablets.,No regulation
simple,8809724476953,Dr.Jart+ Every Sun Day Waterproof Sun Milk SPF50+/PA++++ 30ml,0,0,0,12.99,taxable,,Skincare,Dr.Jart+ Every Sun Day Waterproof Sun Milk SPF50+/PA++++ 30ml. A skincare product. Supplied as 30ml.,No regulation
simple,5060776980871,DR.VEGAN Fibre Complex 60 Capsules,0,0,0,12.99,taxable,,Vitamins,DR.VEGAN Fibre Complex 60 Capsules. A vitamins and supplements product. Supplied as 60 Capsules.,No regulation
simple,5013455020078,Weleda Aknedoron Thyme Purifying Lotion 50ml,0,0,0,12.99,taxable,,Skincare,Weleda Aknedoron Thyme Purifying Lotion 50ml. A skincare product. Supplied as 50ml.,No regulation
simple,5055148414078,Lamberts Vitamin C 1000mg 120 Tablets,0,0,0,12.99,taxable,,Vitamins,Lamberts Vitamin C 1000mg 120 Tablets. A vitamins and supplements product. Supplied as 120 Tablets.,No regulation
simple,5060203792909,Terranova Chlorella 500mg (Fresh Freeze Dried- Organic) 50 Pack,0,0,0,12.99,taxable,,Vitamins,Terranova Chlorella 500mg (Fresh Freeze Dried- Organic) 50 Pack. A vitamins and supplements product. Supplied as 50 Pack.,No regulation
simple,0033984347441,Solgar Beetroot Extract 500mg 90 Capsules,0,0,0,12.99,taxable,,Vitamins,Solgar Beetroot Extract 500mg 90 Capsules. A vitamins and supplements product. Supplied as 90 Capsules.,No regulation
simple,0054402720981,Australian Gold SPF15 Lotion with Bronzer 237ml,0,0,0,12.99,taxable,,Skincare,Australian Gold SPF15 Lotion with Bronzer 237ml. A skincare product. Supplied as 237ml.,No regulation
simple,0886284902137,Pet Head Mucky Pup Puppy Shampoo 300ml,0,0,0,12.99,taxable,,Pet Care,Pet Head Mucky Pup Puppy Shampoo 300ml. A pet care product. Supplied as 300ml.,No regulation
simple,5017007013082,Evacal D3 1500mg Chewable 112 Tablets,0,0,0,12.99,taxable,,Prescription Medicines,"Evacal D3 1500mg Chewable 112 Tablets. Prescription-only medicine, supplied after an online consultation with our pharmacist. Always read the label and any leaflet supplied. If symptoms persist, speak to your pharmacist or doctor. Supplied as 112 Tablets.",P
simple,0033984000476,Solgar Acai Extract 60 Softgels,0,0,0,12.99,taxable,,Vitamins,Solgar Acai Extract 60 Softgels. A vitamins and supplements product. Supplied as 60 Softgels.,No regulation
simple,5017123296734,Crescent Aqueous Cream BP 500g,0,0,0,12.99,taxable,,Skincare,Crescent Aqueous Cream BP 500g. A skincare product. Supplied as 500g.,No regulation
simple,5060453461129,Hives Treatment - Noumed Fexofenadine 180mg 30 Tablets,0,0,0,12.99,taxable,zero-rate,Prescription Medicines,"Hives Treatment - Noumed Fexofenadine 180mg 30 Tablets. Prescription-only medicine, supplied after an online consultation with our pharmacist. Always read the label and any leaflet supplied. If symptoms persist, speak to your pharmacist or doctor. Supplied as 30 Tablets.",P
simple,5055148412708,Lamberts Multi-Guard ADR 60 Tablets,0,0,0,12.99,taxable,,Vitamins,Lamberts Multi-Guard ADR 60 Tablets. A vitamins and supplements product. Supplied as 60 Tablets.,No regulation
simple,0033984008779,Solgar Cinnamon 100 Capsules,0,0,0,12.99,taxable,,Vitamins,Solgar Cinnamon 100 Capsules. A vitamins and supplements product. Supplied as 100 Capsules.,No regulation
simple,4006000099422,Eucerin Anti-Pigment Cleansing Gel 200ml,0,0,0,12.99,taxable,,Skincare,Eucerin Anti-Pigment Cleansing Gel 200ml. A skincare product. Supplied as 200ml.,No regulation
simple,0083000008016,Nature's Answer Black Walnut & Wormwood 30ml,0,0,0,12.99,taxable,,General Health,Nature's Answer Black Walnut & Wormwood 30ml. A health and wellbeing product. Supplied as 30ml.,No regulation
simple,5013455230040,Weleda Prunus Elixir 200ml,0,0,0,12.99,taxable,,Vitamins,Weleda Prunus Elixir 200ml. A vitamins and supplements product. Supplied as 200ml.,GSL
simple,5023652321809,Nature's Aid Vitamin C 1000mg Low Acid 180 Tablets,0,0,0,12.99,taxable,,Vitamins,Nature's Aid Vitamin C 1000mg Low Acid 180 Tablets. A vitamins and supplements product. Supplied as 180 Tablets.,No regulation
simple,5010249024960,FSC Coq10 30mg 90 Capsules,0,0,0,12.99,taxable,,Vitamins,FSC Coq10 30mg 90 Capsules. A vitamins and supplements product. Supplied as 90 Capsules.,No regulation
simple,5060523019885,Ted Baker Men's 30ml Eau de Toilette & 150ml Body Wash Gift Set,0,0,0,12.99,taxable,,Beauty,Ted Baker Men's 30ml Eau de Toilette & 150ml Body Wash Gift Set. A health and beauty product. Supplied as 150ml.,No regulation
simple,4005900545701,Nivea Q10 Anti-Wrinkle Firming Eye Cream 15ml,0,0,0,12.99,taxable,,Skincare,Nivea Q10 Anti-Wrinkle Firming Eye Cream 15ml. A skincare product. Supplied as 15ml.,No regulation
simple,0074312008160,Nature's Bounty Beautiful Skin Gummies 60 Pack,0,0,0,12.99,taxable,,Skincare,Nature's Bounty Beautiful Skin Gummies 60 Pack. A skincare product. Supplied as 60 Pack.,No regulation
simple,0859975020021,Andalou 1000 Roses Rosewater Mask 50g,0,0,0,12.99,taxable,,Skincare,Andalou 1000 Roses Rosewater Mask 50g. A skincare product. Supplied as 50g.,No regulation
simple,3607340846571,Lancaster Sun Control Face Cream SPF50 50ml,0,0,0,12.99,taxable,,Skincare,Lancaster Sun Control Face Cream SPF50 50ml. A skincare product. Supplied as 50ml.,No regulation
simple,5000158065581,Gaviscon Original Peppermint 600ml,0,0,0,12.99,taxable,,Digestive,"Gaviscon Original Peppermint 600ml. Always read the label and any leaflet supplied. If symptoms persist, speak to your pharmacist or doctor. Supplied as 600ml.",GSL
simple,0017854118133,Baylis & Harding Signature Collection Black Pepper & Ginseng Wash Gift Set,0,0,0,12.99,taxable,,Beauty,Baylis & Harding Signature Collection Black Pepper & Ginseng Wash Gift Set. A health and beauty product.,No regulation
simple,5060805780052,Evana Heavy Period Relief Tranexamic Acid 500mg 18 Tablets,0,0,0,12.99,taxable,,Women's Health,"Evana Heavy Period Relief Tranexamic Acid 500mg 18 Tablets. Prescription-only medicine, supplied after an online consultation with our pharmacist. Always read the label and any leaflet supplied. If symptoms persist, speak to your pharmacist or doctor. Supplied as 18 Tablets.",P
simple,5056142600160,Protein World Carb Blocker 90 Capsules,0,0,0,12.99,taxable,,Vitamins,Protein World Carb Blocker 90 Capsules. A vitamins and supplements product. Supplied as 90 Capsules.,No regulation
simple,0716237187901,Giovanni Smoothing Castor Oil Conditioner 399ml,0,0,0,12.99,taxable,,Hair Care,Giovanni Smoothing Castor Oil Conditioner 399ml. A hair care product. Supplied as 399ml.,No regulation
simple,9314839018039,QV Baby Bath Oil 500ml,0,0,0,12.99,taxable,,Baby & Child,QV Baby Bath Oil 500ml. A baby and child product. Supplied as 500ml.,No regulation
simple,5055148415037,Lamberts Biome Balance for those on Antibiotics 30 Capsules,0,0,0,12.99,taxable,,Vitamins,Lamberts Biome Balance for those on Antibiotics 30 Capsules. A vitamins and supplements product. Supplied as 30 Capsules.,No regulation
simple,4084500846609,Pepto-Bismol Oral Suspension 480ml,0,0,0,12.99,taxable,,General Health,Pepto-Bismol Oral Suspension 480ml. A health and wellbeing product. Supplied as 480ml.,GSL
simple,4048882677770,Vagisan Moisturising Cream 50g,0,0,0,12.99,taxable,,Women's Health,Vagisan Moisturising Cream 50g. A women's health product. Supplied as 50g.,No regulation
simple,5031013109652,Higher Nature Lion's Mane & Ginkgo 30 Capsules,0,0,0,12.95,taxable,,Vitamins,Higher Nature Lion's Mane & Ginkgo 30 Capsules. A vitamins and supplements product. Supplied as 30 Capsules.,No regulation
simple,5060574680041,"Hashmats Health Vit-D3 20,000IU 30 Capsules",0,0,0,12.95,taxable,,Vitamins,"Hashmats Health Vit-D3 20,000IU 30 Capsules. A vitamins and supplements product. Supplied as 30 Capsules.",No regulation
simple,5060202183548,Cytoplan Kid's Immunovite 60 Vegan Capsules,0,0,0,12.90,taxable,,Vitamins,Cytoplan Kid's Immunovite 60 Vegan Capsules. A vitamins and supplements product.,No regulation
simple,5055443688747,Fruit Works Rhubarb & Pomegranate Shower Gift Set,0,0,0,12.89,taxable,,Beauty,Fruit Works Rhubarb & Pomegranate Shower Gift Set. A health and beauty product.,No regulation
simple,5060112860270,Fushi Organic Aloe Vera Juice 500ml,0,0,0,12.89,taxable,,General Health,Fushi Organic Aloe Vera Juice 500ml. A health and wellbeing product. Supplied as 500ml.,No regulation
simple,0832210001450,Cowshed Bullocks Refining Bracing Facial Scrub 100ml,0,0,0,12.89,taxable,,Skincare,Cowshed Bullocks Refining Bracing Facial Scrub 100ml. A skincare product. Supplied as 100ml.,No regulation
simple,5060018512785,KIKI Health Alkaline Infusion 100g,0,0,0,12.89,taxable,,Vitamins,KIKI Health Alkaline Infusion 100g. A vitamins and supplements product. Supplied as 100g.,No regulation
simple,3600522416906,L'Oréal Paris Revitalift Anti-Ageing Retinol Cream SPF30 50ml,0,0,0,12.89,taxable,,Skincare,L'Oréal Paris Revitalift Anti-Ageing Retinol Cream SPF30 50ml. A skincare product. Supplied as 50ml.,No regulation
simple,9327693003288,DermaSukin Daily Hydrating Soap Free Wash 500ml,0,0,0,12.89,taxable,,Beauty,DermaSukin Daily Hydrating Soap Free Wash 500ml. A health and beauty product. Supplied as 500ml.,No regulation
simple,0033984000704,Solgar Astaxanthin 5mg 30 Softgels,0,0,0,12.89,taxable,,Vitamins,Solgar Astaxanthin 5mg 30 Softgels. A vitamins and supplements product. Supplied as 30 Softgels.,No regulation
simple,8809416470009,COSRX Advanced Snail 96 Mucin Power Essence 100ml,0,0,0,12.89,taxable,,Beauty,COSRX Advanced Snail 96 Mucin Power Essence 100ml. A health and beauty product. Supplied as 100ml.,No regulation
simple,0078522021094,Jason Relaxing Chamomile & Lotus Blossom Body Wash 887ml,0,0,0,12.89,taxable,,Beauty,Jason Relaxing Chamomile & Lotus Blossom Body Wash 887ml. A health and beauty product. Supplied as 887ml.,No regulation
simple,5030451004239,Movelat Cream 125g,0,0,0,12.89,taxable,,Skincare,"Movelat Cream 125g. Prescription-only medicine, supplied after an online consultation with our pharmacist. Always read the label and any leaflet supplied. If symptoms persist, speak to your pharmacist or doctor. Supplied as 125g.",P
simple,5060409580454,Nutrigen Picky Eaters Syrup 200ml,0,0,0,12.89,taxable,,General Health,Nutrigen Picky Eaters Syrup 200ml. A health and wellbeing product. Supplied as 200ml.,No regulation
simple,5060102301769,Cleanmarine for Men 600mg Marine Gelcaps 30 Pack,0,0,0,12.89,taxable,,Men's Health,Cleanmarine for Men 600mg Marine Gelcaps 30 Pack. A men's health product. Supplied as 30 Pack.,No regulation
simple,5015664000612,Systane Balance 10ml,0,0,0,12.89,taxable,,General Health,Systane Balance 10ml. A health and wellbeing product. Supplied as 10ml.,No regulation
simple,5015632090300,Cath Kidston Cassis & Rose Cosmetic Pouch,0,0,0,12.89,taxable,,Beauty,Cath Kidston Cassis & Rose Cosmetic Pouch. A health and beauty product.,No regulation
simple,0033984007505,Solgar Advanced Acidophilus Plus 60 Capsules,0,0,0,12.89,taxable,,Vitamins,Solgar Advanced Acidophilus Plus 60 Capsules. A vitamins and supplements product. Supplied as 60 Capsules.,No regulation
simple,0033984032293,Solgar Vitamin B12 1000µg 100 Nuggets,0,0,0,12.89,taxable,,Vitamins,Solgar Vitamin B12 1000µg 100 Nuggets. A vitamins and supplements product.,No regulation
simple,5060018511191,KIKI Health Aloe Pure 20 Capsules,0,0,0,12.89,taxable,,Vitamins,KIKI Health Aloe Pure 20 Capsules. A vitamins and supplements product. Supplied as 20 Capsules.,No regulation
simple,9338177000648,Dermalex Hand Irritation Treatment 30g,0,0,0,12.89,taxable,,General Health,Dermalex Hand Irritation Treatment 30g. A health and wellbeing product. Supplied as 30g.,No regulation
simple,5060018511290,KIKI Health Organic Aloe Ferox Juice 500ml,0,0,0,12.89,taxable,,Vitamins,KIKI Health Organic Aloe Ferox Juice 500ml. A vitamins and supplements product. Supplied as 500ml.,No regulation
simple,0033984039148,Solgar Ginkgo 60 Capsules,0,0,0,12.89,taxable,,Vitamins,Solgar Ginkgo 60 Capsules. A vitamins and supplements product. Supplied as 60 Capsules.,No regulation
simple,5060420231120,Lansinoh Silicone Breast Pump,0,0,0,12.89,taxable,,General Health,Lansinoh Silicone Breast Pump. A health and wellbeing product.,No regulation
simple,5055193543167,Q-Ki 24 Days Of Beauty Christmas Advent Calendar,0,0,0,12.89,taxable,,General Health,Q-Ki 24 Days Of Beauty Christmas Advent Calendar. A health and wellbeing product.,No regulation
simple,0078522021117,Jason Moisturizing Herbal Body Wash 887ml,0,0,0,12.89,taxable,,Skincare,Jason Moisturizing Herbal Body Wash 887ml. A skincare product. Supplied as 887ml.,No regulation
simple,0033984008304,Solgar Choline 350mg 100 Capsules,0,0,0,12.89,taxable,,Vitamins,Solgar Choline 350mg 100 Capsules. A vitamins and supplements product. Supplied as 100 Capsules.,No regulation
simple,0078522021261,Jason Smoothing Coconut Body Wash 887ml,0,0,0,12.89,taxable,,Beauty,Jason Smoothing Coconut Body Wash 887ml. A health and beauty product. Supplied as 887ml.,No regulation
simple,3578830846367,Arkopharma Migrastick Roll-On 3ml,0,0,0,12.89,taxable,,Beauty,Arkopharma Migrastick Roll-On 3ml. A health and beauty product. Supplied as 3ml.,No regulation
simple,5021265227471,Osteocare Glucosamine & Chondroitin 60 Tablets,0,0,0,12.89,taxable,,Vitamins,Osteocare Glucosamine & Chondroitin 60 Tablets. A vitamins and supplements product. Supplied as 60 Tablets.,No regulation
simple,5391531560404,Spotlight Oral Care Mouthwash for Decay,0,0,0,12.89,taxable,,Oral Care,Spotlight Oral Care Mouthwash for Decay. An oral care product.,No regulation
simple,0054402700730,Australian Gold SPF30 Lotion 237ml,0,0,0,12.89,taxable,,Skincare,Australian Gold SPF30 Lotion 237ml. A skincare product. Supplied as 237ml.,No regulation
simple,5060216565170,Bioglan Active Curcumin Effervescent 15 Tablets,0,0,0,12.89,taxable,,Vitamins,Bioglan Active Curcumin Effervescent 15 Tablets. A vitamins and supplements product. Supplied as 15 Tablets.,No regulation
simple,0078522021070,Jason Apricot Body Wash 887ml,0,0,0,12.89,taxable,,Beauty,Jason Apricot Body Wash 887ml. A health and beauty product. Supplied as 887ml.,No regulation
simple,5010249303904,FSC Aloevera & Manuka Honey Juice 1000ml,0,0,0,12.89,taxable,,General Health,FSC Aloevera & Manuka Honey Juice 1000ml. A health and wellbeing product. Supplied as 1000ml.,No regulation
simple,9338177000617,Dermalex Baby Eczema 30g,0,0,0,12.89,taxable,,Baby & Child,Dermalex Baby Eczema 30g. A baby and child product. Supplied as 30g.,No regulation
simple,0033984004658,Solgar Bromelain 300mg 60 Capsules,0,0,0,12.89,taxable,,Vitamins,Solgar Bromelain 300mg 60 Capsules. A vitamins and supplements product. Supplied as 60 Capsules.,No regulation
simple,5025970012414,Nivea Men Protect & Care 5Pc,0,0,0,12.89,taxable,,General Health,Nivea Men Protect & Care 5Pc. A health and wellbeing product.,No regulation
simple,5055148407599,Candaway (Includes Cinnamon & Olive Leaf) 60 Tablets,0,0,0,12.89,taxable,,Vitamins,Candaway (Includes Cinnamon & Olive Leaf) 60 Tablets. A vitamins and supplements product. Supplied as 60 Tablets.,No regulation
simple,7350087736280,E45 Emollient Bath Oil 500ml,0,0,0,12.79,taxable,,Skincare,E45 Emollient Bath Oil 500ml. A skincare product. Supplied as 500ml.,No regulation
simple,5010058057098,Ultra Four Latex Free Multi-Layer System 18-25cm,0,0,0,12.79,taxable,,General Health,Ultra Four Latex Free Multi-Layer System 18-25cm. A health and wellbeing product.,No regulation
simple,3380810258295,Clarins My Clarins Clear-Out Targets Imperfections 15ml,0,0,0,12.79,taxable,,General Health,Clarins My Clarins Clear-Out Targets Imperfections 15ml. A health and wellbeing product. Supplied as 15ml.,No regulation
simple,5060099032264,Odylique Soothing Conditioner Coconut & Chamomile 140ml,0,0,0,12.79,taxable,,Hair Care,Odylique Soothing Conditioner Coconut & Chamomile 140ml. A hair care product. Supplied as 140ml.,No regulation
simple,7610313202003,A.Vogel Atrogel Arnica Gel 100ml,0,0,0,12.79,taxable,,Skincare,A.Vogel Atrogel Arnica Gel 100ml. A skincare product. Supplied as 100ml.,No regulation
simple,3800219790146,Alteya Organic Bulgarian Lavender Water 500ml,0,0,0,12.79,taxable,,General Health,Alteya Organic Bulgarian Lavender Water 500ml. A health and wellbeing product. Supplied as 500ml.,No regulation
simple,3282770147346,Klorane Aquatic Mint Stick Mask 25g,0,0,0,12.79,taxable,,Skincare,Klorane Aquatic Mint Stick Mask 25g. A skincare product. Supplied as 25g.,No regulation
simple,5060202180233,Cytoplan Little People MVM for Children & Small Adults 60 Tablets,0,0,0,12.79,taxable,,Baby & Child,Cytoplan Little People MVM for Children & Small Adults 60 Tablets. A baby and child product. Supplied as 60 Tablets.,No regulation
simple,5407007651078,Bambaw Shaving Brush Silver,0,0,0,12.79,taxable,,Men's Grooming,Bambaw Shaving Brush Silver. A men's grooming product.,No regulation
simple,0017854118904,Baylis & Harding The Fuzzy Duck Men's Hemp & Bergamot Beard Tin Set,0,0,0,12.79,taxable,,Men's Grooming,Baylis & Harding The Fuzzy Duck Men's Hemp & Bergamot Beard Tin Set. A men's grooming product.,No regulation
simple,8429979439093,Sesderma C-Vit Radiance Body Milk 250ml,0,0,0,12.79,taxable,,General Health,Sesderma C-Vit Radiance Body Milk 250ml. A health and wellbeing product. Supplied as 250ml.,No regulation
simple,5060927260265,BeYou Plant-Picked Immunity Support 60 Gummies,0,0,0,12.79,taxable,,Supports & Braces,BeYou Plant-Picked Immunity Support 60 Gummies. A support and mobility product. Supplied as 60 Gummies.,No regulation
simple,7643022213190,Shea Moisture Strenghthen & Restore Leave-In Conditioner 431ml,0,0,0,12.79,taxable,,Hair Care,Shea Moisture Strenghthen & Restore Leave-In Conditioner 431ml. A hair care product. Supplied as 431ml.,No regulation
simple,5065000523961,Pukka Natural Vitamin C 60 Capsules,0,0,0,12.79,taxable,,Vitamins,Pukka Natural Vitamin C 60 Capsules. A vitamins and supplements product. Supplied as 60 Capsules.,No regulation
simple,9327693000539,Sukin Eye Serum 30ml,0,0,0,12.79,taxable,,Skincare,Sukin Eye Serum 30ml. A skincare product. Supplied as 30ml.,No regulation
simple,4051895011776,Fresubin 2kcal Drink Toffee 4x200ml,0,0,0,12.79,taxable,,Vitamins,Fresubin 2kcal Drink Toffee 4x200ml. A vitamins and supplements product. Supplied as 4x200ml.,No regulation
simple,3800219794281,"Alteya Essential Oils Set - Lavender, Mandarin, Lemongrass 3 x 5ml",0,0,0,12.75,taxable,,Skincare,"Alteya Essential Oils Set - Lavender, Mandarin, Lemongrass 3 x 5ml. A skincare product. Supplied as 3 x 5ml.",No regulation
simple,5023652412064,Nature's Aid Collagen Joint Formula with Collagen,0,0,0,12.69,taxable,,Pain Relief,"Nature's Aid Collagen Joint Formula with Collagen. Always read the label and any leaflet supplied. If symptoms persist, speak to your pharmacist or doctor.",No regulation
simple,5060519145758,Pukka Womankind Menopause 30 Capsules,0,0,0,12.69,taxable,,Women's Health,Pukka Womankind Menopause 30 Capsules. A women's health product. Supplied as 30 Capsules.,No regulation
simple,5060409580478,Nutrigen Childrens Vitamixin Sprinkles 30 Sachets,0,0,0,12.69,taxable,,Vitamins,Nutrigen Childrens Vitamixin Sprinkles 30 Sachets. A vitamins and supplements product. Supplied as 30 Sachets.,No regulation
simple,5023652449060,Nature's Aid D-mannose 1000mg 60 Tablets,0,0,0,12.69,taxable,,Vitamins,Nature's Aid D-mannose 1000mg 60 Tablets. A vitamins and supplements product. Supplied as 60 Tablets.,No regulation
simple,7322540521061,Tena Bed Secure Zone Super Sheets 30 Pack,0,0,0,12.69,taxable,zero-rate,Continence,Tena Bed Secure Zone Super Sheets 30 Pack. A continence care product. Supplied as 30 Pack.,No regulation
simple,9332996000728,Grahams Natural Skin Moisturising Lotion 200ml,0,0,0,12.69,taxable,,Skincare,Grahams Natural Skin Moisturising Lotion 200ml. A skincare product. Supplied as 200ml.,No regulation
simple,5055148411404,Lamberts Vitamin K2 90µg 60 Capsules,0,0,0,12.69,taxable,,Vitamins,Lamberts Vitamin K2 90µg 60 Capsules. A vitamins and supplements product. Supplied as 60 Capsules.,No regulation
simple,5023652410121,Nature's Aid GlucoSlim Glucomannan 500mg Weight Loss Aid 120 Capsules,0,0,0,12.69,taxable,,Weight Management,"Nature's Aid GlucoSlim Glucomannan 500mg Weight Loss Aid 120 Capsules. Always read the label and any leaflet supplied. If symptoms persist, speak to your pharmacist or doctor. Supplied as 120 Capsules.",No regulation
simple,0033984033115,Solgar Vitamin D3 (Cholecalciferol) 1000IU (25ug) 180 Tablets,0,0,0,12.69,taxable,,Vitamins,Solgar Vitamin D3 (Cholecalciferol) 1000IU (25ug) 180 Tablets. A vitamins and supplements product. Supplied as 180 Tablets.,No regulation
simple,4051895011738,Fresubin 2kcal Drink Apricot Peach 4x200ml,0,0,0,12.59,taxable,,Vitamins,Fresubin 2kcal Drink Apricot Peach 4x200ml. A vitamins and supplements product. Supplied as 4x200ml.,No regulation
simple,9327693000508,Sukin Signature Moisture Restoring Night Cream 120ml,0,0,0,12.59,taxable,,Skincare,Sukin Signature Moisture Restoring Night Cream 120ml. A skincare product. Supplied as 120ml.,No regulation
simple,4210201370789,Oral-B Power Refill Head Cross Action 3 Pack,0,0,0,12.59,taxable,,Oral Care,Oral-B Power Refill Head Cross Action 3 Pack. An oral care product. Supplied as 3 Pack.,No regulation
simple,4005808858736,Eucerin AtoControl Acute Care Cream 40ml,0,0,0,12.59,taxable,,Skincare,Eucerin AtoControl Acute Care Cream 40ml. A skincare product. Supplied as 40ml.,No regulation
simple,5031013104152,Higher Nature Mum-2-Be 90 Tablets,0,0,0,12.59,taxable,,Vitamins,Higher Nature Mum-2-Be 90 Tablets. A vitamins and supplements product. Supplied as 90 Tablets.,No regulation
simple,3701129803516,Bioderma Photoderm AR SPF50+ Tinted Sun Cream 30ml,0,0,0,12.59,taxable,,Skincare,Bioderma Photoderm AR SPF50+ Tinted Sun Cream 30ml. A skincare product. Supplied as 30ml.,No regulation
simple,5060144648228,Bulldog Skincare Set,0,0,0,12.59,taxable,,Skincare,Bulldog Skincare Set. A skincare product.,No regulation
simple,5055382303909,Alvita Vinyl Powder Free Examination Gloves Small 100 Pack,0,0,0,12.59,taxable,,Vitamins,Alvita Vinyl Powder Free Examination Gloves Small 100 Pack. A vitamins and supplements product. Supplied as 100 Pack.,No regulation
simple,0054402250037,Australian Gold Indoor Accelerator 250ml,0,0,0,12.59,taxable,,General Health,Australian Gold Indoor Accelerator 250ml. A health and wellbeing product. Supplied as 250ml.,No regulation
simple,9327693004438,Sukin Super Greens Recovery Serum 30ml,0,0,0,12.59,taxable,,Skincare,Sukin Super Greens Recovery Serum 30ml. A skincare product. Supplied as 30ml.,No regulation
simple,0054402700754,Australian Gold SPF10 Spray Gel 237ml,0,0,0,12.59,taxable,,Skincare,Australian Gold SPF10 Spray Gel 237ml. A skincare product. Supplied as 237ml.,No regulation
simple,3282770152463,Avène Makeup Remover Micellar Water 200ml,0,0,0,12.59,taxable,,Skincare,Avène Makeup Remover Micellar Water 200ml. A skincare product. Supplied as 200ml.,No regulation
simple,4001638080316,Weleda Almond Soothing Cleansing Lotion 75ml,0,0,0,12.59,taxable,,Skincare,Weleda Almond Soothing Cleansing Lotion 75ml. A skincare product. Supplied as 75ml.,No regulation
simple,5015632090324,Cath Kidston Keep Kind Cassis & Rose Hand & Lip Tin,0,0,0,12.59,taxable,,General Health,Cath Kidston Keep Kind Cassis & Rose Hand & Lip Tin. A health and wellbeing product.,No regulation
simple,0873024001205,Ener-C Electrolyte Sport Electrolyte Drink Mix 12 Sachets,0,0,0,12.59,taxable,,Vitamins,Ener-C Electrolyte Sport Electrolyte Drink Mix 12 Sachets. A vitamins and supplements product. Supplied as 12 Sachets.,No regulation
simple,5025903026112,Nutri Within 5-HTP 200mg,0,0,0,12.59,taxable,,General Health,Nutri Within 5-HTP 200mg. A health and wellbeing product. Supplied as 200mg.,No regulation
simple,5031013108600,Higher Nature Pro Easy Extra Live Bacteria Powder 37.5g,0,0,0,12.59,taxable,,Vitamins,Higher Nature Pro Easy Extra Live Bacteria Powder 37.5g. A vitamins and supplements product. Supplied as 37.5g.,No regulation
simple,5038483844595,Scholl Softgrip C1 Below The Knee Compression Hosiery Medium Closed Toe Black,0,0,0,12.59,taxable,,Supports & Braces,Scholl Softgrip C1 Below The Knee Compression Hosiery Medium Closed Toe Black. A support and mobility product.,No regulation
simple,5706448000866,Bazuka Advance Treatment Pen 3ml,0,0,0,12.59,taxable,,General Health,Bazuka Advance Treatment Pen 3ml. A health and wellbeing product. Supplied as 3ml.,No regulation
simple,5028392001363,Nutri Advanced Selenium 200mcg 60 Capsules,0,0,0,12.59,taxable,,Vitamins,Nutri Advanced Selenium 200mcg 60 Capsules. A vitamins and supplements product. Supplied as 60 Capsules.,No regulation
simple,5060280920448,Flexiseq Osteo for Joint Wear & Tear,0,0,0,12.49,taxable,,Pain Relief,"Flexiseq Osteo for Joint Wear & Tear. Always read the label and any leaflet supplied. If symptoms persist, speak to your pharmacist or doctor.",No regulation
simple,5038581152158,Yankee Candle Home Inspiration Hello Pumpkin 538g,0,0,0,12.49,taxable,,Beauty,Yankee Candle Home Inspiration Hello Pumpkin 538g. A health and beauty product. Supplied as 538g.,No regulation
simple,5038581130095,Yankee Candle Home Inspiration Wild Daisy 538g,0,0,0,12.49,taxable,,Beauty,Yankee Candle Home Inspiration Wild Daisy 538g. A health and beauty product. Supplied as 538g.,No regulation
simple,5060086610055,Optibac Probiotics for Travelling Abroad 20 Capsules,0,0,0,12.49,taxable,,Digestive,"Optibac Probiotics for Travelling Abroad 20 Capsules. Always read the label and any leaflet supplied. If symptoms persist, speak to your pharmacist or doctor. Supplied as 20 Capsules.",No regulation
simple,5038581110028,Yankee Candle Home Inspiration Fairy Floss 538g,0,0,0,12.49,taxable,,Oral Care,Yankee Candle Home Inspiration Fairy Floss 538g. An oral care product. Supplied as 538g.,No regulation
simple,3337875684118,CeraVe Smoothing Cleanser 236ml,0,0,0,12.49,taxable,,Skincare,CeraVe Smoothing Cleanser 236ml. A skincare product. Supplied as 236ml.,No regulation
simple,5038581028859,Yankee Candle Home Inspiration Soft Cotton 538g,0,0,0,12.49,taxable,,Beauty,Yankee Candle Home Inspiration Soft Cotton 538g. A health and beauty product. Supplied as 538g.,No regulation
simple,5060203791162,Terranova Zinc 15mg Complex 100 Pack,0,0,0,12.49,taxable,,Vitamins,Terranova Zinc 15mg Complex 100 Pack. A vitamins and supplements product. Supplied as 100 Pack.,No regulation
simple,5060084174771,Profoot Women's Heel & Arch Pain Relief Orthotics 1 Pair,0,0,0,12.49,taxable,,Supports & Braces,Profoot Women's Heel & Arch Pain Relief Orthotics 1 Pair. A support and mobility product.,No regulation
simple,5038581086866,Yankee Candle Home Inspiration Daisy & Buttercups 538g,0,0,0,12.49,taxable,,Beauty,Yankee Candle Home Inspiration Daisy & Buttercups 538g. A health and beauty product. Supplied as 538g.,No regulation
simple,5038581061528,Yankee Candle Home Inspiration Sugared Blossom 538g,0,0,0,12.49,taxable,,Beauty,Yankee Candle Home Inspiration Sugared Blossom 538g. A health and beauty product. Supplied as 538g.,No regulation
simple,3800219792133,Alteya Organic Sunscreen Kids & Baby SPF 30 90ml,0,0,0,12.49,taxable,,Baby & Child,Alteya Organic Sunscreen Kids & Baby SPF 30 90ml. A baby and child product. Supplied as 90ml.,No regulation
simple,5060018511580,KIKI Health Magnesium Oil Spray 125ml,0,0,0,12.49,taxable,,Vitamins,KIKI Health Magnesium Oil Spray 125ml. A vitamins and supplements product. Supplied as 125ml.,No regulation
simple,5038581158181,Yankee Candle Home Inspiration Summer Day Dream 538g,0,0,0,12.49,taxable,,Beauty,Yankee Candle Home Inspiration Summer Day Dream 538g. A health and beauty product. Supplied as 538g.,No regulation
simple,5060291420418,Nursem Caring Body Wash 250ml,0,0,0,12.49,taxable,,Beauty,Nursem Caring Body Wash 250ml. A health and beauty product. Supplied as 250ml.,No regulation
simple,5055148401641,Lamberts Betaine HCl 324mg /Pepsin 5mg 180 Tablets,0,0,0,12.49,taxable,,Vitamins,Lamberts Betaine HCl 324mg /Pepsin 5mg 180 Tablets. A vitamins and supplements product. Supplied as 180 Tablets.,No regulation
simple,5038581030340,Yankee Candle Home Inspiration Pomegranate Coconut 538g,0,0,0,12.49,taxable,,Beauty,Yankee Candle Home Inspiration Pomegranate Coconut 538g. A health and beauty product. Supplied as 538g.,No regulation
simple,5012335003309,Seven Seas Cod Liver Oil One-A-Day 120 Capsules,0,0,0,12.49,taxable,,Vitamins,Seven Seas Cod Liver Oil One-A-Day 120 Capsules. A vitamins and supplements product. Supplied as 120 Capsules.,No regulation
simple,5038581028804,Yankee Candle Home Inspiration Exotic Fruits 538g,0,0,0,12.49,taxable,,Beauty,Yankee Candle Home Inspiration Exotic Fruits 538g. A health and beauty product. Supplied as 538g.,No regulation
simple,0054402250051,Australian Gold Moisture Lock 237ml,0,0,0,12.49,taxable,,Skincare,Australian Gold Moisture Lock 237ml. A skincare product. Supplied as 237ml.,No regulation
simple,5038581158198,Yankee Candle Home Inspiration Calming Cabana 538g,0,0,0,12.49,taxable,,Beauty,Yankee Candle Home Inspiration Calming Cabana 538g. A health and beauty product. Supplied as 538g.,No regulation
simple,5055148409326,Lamberts Vitamin D3 4000iu (100µg) 120 Capsules,0,0,0,12.49,taxable,,Vitamins,Lamberts Vitamin D3 4000iu (100µg) 120 Capsules. A vitamins and supplements product. Supplied as 120 Capsules.,No regulation
simple,5038581028439,Yankee Candle Home Inspiration Sparkling Holiday 538g,0,0,0,12.49,taxable,,Beauty,Yankee Candle Home Inspiration Sparkling Holiday 538g. A health and beauty product. Supplied as 538g.,No regulation
simple,5055148400606,Lamberts Soya Lecithin 1200mg 120 Capsules,0,0,0,12.49,taxable,,Vitamins,Lamberts Soya Lecithin 1200mg 120 Capsules. A vitamins and supplements product. Supplied as 120 Capsules.,No regulation
simple,5038581130132,Yankee Candle Home Inspiration Confetti Macaron 538g,0,0,0,12.49,taxable,,Beauty,Yankee Candle Home Inspiration Confetti Macaron 538g. A health and beauty product. Supplied as 538g.,No regulation
simple,5010249041066,FSC Super Multi Vitamin and Minerals 60 Tablets,0,0,0,12.49,taxable,,Vitamins,FSC Super Multi Vitamin and Minerals 60 Tablets. A vitamins and supplements product. Supplied as 60 Tablets.,No regulation
simple,5010605400186,Period Delay - Primolut-N 5mg 7 Days Treatment,0,0,0,12.49,taxable,zero-rate,Sexual Wellness,"Period Delay - Primolut-N 5mg 7 Days Treatment. Prescription-only medicine, supplied after an online consultation with our pharmacist. Always read the label and any leaflet supplied. If symptoms persist, speak to your pharmacist or doctor. Supplied as 5mg.",P
simple,5055148414832,Lamberts Omega 3 for Kids Berry Bursts 60 Capsules,0,0,0,12.49,taxable,,Vitamins,Lamberts Omega 3 for Kids Berry Bursts 60 Capsules. A vitamins and supplements product. Supplied as 60 Capsules.,No regulation
simple,5038581149271,Yankee Candle Home Inspiration Caramel Crunch 538g,0,0,0,12.49,taxable,,Beauty,Yankee Candle Home Inspiration Caramel Crunch 538g. A health and beauty product. Supplied as 538g.,No regulation
simple,5038581042268,Yankee Candle Home Inspiration Glistening Christmas 538g,0,0,0,12.49,taxable,,Beauty,Yankee Candle Home Inspiration Glistening Christmas 538g. A health and beauty product. Supplied as 538g.,No regulation
simple,5038581028781,Yankee Candle Home Inspiration Candy Cane Forest 538g,0,0,0,12.49,taxable,,Beauty,Yankee Candle Home Inspiration Candy Cane Forest 538g. A health and beauty product. Supplied as 538g.,No regulation
simple,5701943102961,Riemann P20 Original SPF20 Spray 85ml,0,0,0,12.49,taxable,,Skincare,Riemann P20 Original SPF20 Spray 85ml. A skincare product. Supplied as 85ml.,No regulation
simple,5038581158167,Yankee Candle Home Inspiration City Blooms 538g,0,0,0,12.49,taxable,,Beauty,Yankee Candle Home Inspiration City Blooms 538g. A health and beauty product. Supplied as 538g.,No regulation
simple,5038581019963,Yankee Candle Home Inspiration Cosy Up 538g,0,0,0,12.49,taxable,,Beauty,Yankee Candle Home Inspiration Cosy Up 538g. A health and beauty product. Supplied as 538g.,No regulation
simple,5060229014658,Pukka Turmeric Active 30 Capsules,0,0,0,12.49,taxable,,Vitamins,Pukka Turmeric Active 30 Capsules. A vitamins and supplements product. Supplied as 30 Capsules.,No regulation
simple,3800219792119,Alteya Organic Sunscreen Whole Body SPF 30 90ml,0,0,0,12.49,taxable,,Skincare,Alteya Organic Sunscreen Whole Body SPF 30 90ml. A skincare product. Supplied as 90ml.,No regulation
simple,5038581109862,Yankee Candle Coral Peony 538g,0,0,0,12.49,taxable,,Beauty,Yankee Candle Coral Peony 538g. A health and beauty product. Supplied as 538g.,No regulation
simple,8809738311790,Barr Centella Calming Gel Cleanser 120ml,0,0,0,12.49,taxable,,Skincare,Barr Centella Calming Gel Cleanser 120ml. A skincare product. Supplied as 120ml.,No regulation
simple,5060086611038,Optibac Probiotics for Your Baby Liquid Drops 30 Servings,0,0,0,12.49,taxable,,Baby & Child,Optibac Probiotics for Your Baby Liquid Drops 30 Servings. A baby and child product.,No regulation
simple,5709976067202,Pharma Nord Bio-CLA + Green Tea 60 Capsules,0,0,0,12.49,taxable,,Vitamins,Pharma Nord Bio-CLA + Green Tea 60 Capsules. A vitamins and supplements product. Supplied as 60 Capsules.,No regulation
simple,5038581038933,Yankee Candle Home Inspiration Pink Island Sunset 538g,0,0,0,12.49,taxable,,Beauty,Yankee Candle Home Inspiration Pink Island Sunset 538g. A health and beauty product. Supplied as 538g.,No regulation
simple,5038581028903,Yankee Candle Home Inspiration Vanilla Frosting 538g,0,0,0,12.49,taxable,,First Aid,"Yankee Candle Home Inspiration Vanilla Frosting 538g. Always read the label and any leaflet supplied. If symptoms persist, speak to your pharmacist or doctor. Supplied as 538g.",No regulation
simple,5038581029634,Yankee Candle Home Inspiration Holiday Magic 538g,0,0,0,12.49,taxable,,Beauty,Yankee Candle Home Inspiration Holiday Magic 538g. A health and beauty product. Supplied as 538g.,No regulation
simple,5038581158174,Yankee Candle Home Inspiration Lemon-Lime Popsicle 538g,0,0,0,12.49,taxable,,Beauty,Yankee Candle Home Inspiration Lemon-Lime Popsicle 538g. A health and beauty product. Supplied as 538g.,No regulation
simple,5038581109985,Yankee Candle Home Inspiration Mango Lemonade 538g,0,0,0,12.49,taxable,,Beauty,Yankee Candle Home Inspiration Mango Lemonade 538g. A health and beauty product. Supplied as 538g.,No regulation
simple,5028392000403,Nutri Advanced D3 Drops 1000 30ml,0,0,0,12.49,taxable,,Vitamins,Nutri Advanced D3 Drops 1000 30ml. A vitamins and supplements product. Supplied as 30ml.,No regulation
simple,0033984033504,Solgar Vitamin E with Yeast Free Selenium 50 Capsules,0,0,0,12.49,taxable,,Vitamins,Solgar Vitamin E with Yeast Free Selenium 50 Capsules. A vitamins and supplements product. Supplied as 50 Capsules.,No regulation
simple,5031013101137,Higher Nature Selenium 60 Tablets,0,0,0,12.45,taxable,,Vitamins,Higher Nature Selenium 60 Tablets. A vitamins and supplements product. Supplied as 60 Tablets.,No regulation
simple,5031013101038,Higher Nature Omega 3 Fish Oil 90 Capsules,0,0,0,12.45,taxable,,Vitamins,Higher Nature Omega 3 Fish Oil 90 Capsules. A vitamins and supplements product. Supplied as 90 Capsules.,No regulation
simple,9335955000319,MooGoo Cream Conditioner 500ml,0,0,0,12.40,taxable,,Hair Care,MooGoo Cream Conditioner 500ml. A hair care product. Supplied as 500ml.,No regulation
simple,5060704340050,Acala Vegan Tampico Bristle Hairbrush,0,0,0,12.39,taxable,,Hair Care,Acala Vegan Tampico Bristle Hairbrush. A hair care product.,No regulation
simple,5055148400675,Lamberts Vitamin C As Ascorbic Acid 250g Powder,0,0,0,12.39,taxable,,Vitamins,Lamberts Vitamin C As Ascorbic Acid 250g Powder. A vitamins and supplements product. Supplied as 250g.,No regulation
simple,5055148413767,Lamberts Glucosamine & Phytodroitin Complex 120 Tablets,0,0,0,12.39,taxable,,Vitamins,Lamberts Glucosamine & Phytodroitin Complex 120 Tablets. A vitamins and supplements product. Supplied as 120 Tablets.,No regulation
simple,5060144647221,Bulldog Beard Care Kit Gift Set,0,0,0,12.39,taxable,,Men's Grooming,Bulldog Beard Care Kit Gift Set. A men's grooming product.,No regulation
simple,0669316441718,American Crew Acumen Classic Pomade 60g,0,0,0,12.39,taxable,,General Health,American Crew Acumen Classic Pomade 60g. A health and wellbeing product. Supplied as 60g.,No regulation
simple,3282770072952,Avène 3 in 1 Makeup Remover 200ml,0,0,0,12.39,taxable,,Beauty,Avène 3 in 1 Makeup Remover 200ml. A health and beauty product. Supplied as 200ml.,No regulation
simple,7391325999906,Nutri Advanced Eskimo-3 Healthy Kids Tutti-Frutti 105ml,0,0,0,12.39,taxable,,General Health,Nutri Advanced Eskimo-3 Healthy Kids Tutti-Frutti 105ml. A health and wellbeing product. Supplied as 105ml.,No regulation
simple,0054402700747,Australian Gold SPF15 Lotion 237ml,0,0,0,12.39,taxable,,Skincare,Australian Gold SPF15 Lotion 237ml. A skincare product. Supplied as 237ml.,No regulation
simple,5055158013179,Epaderm Cream 500g,0,0,0,12.39,taxable,,Skincare,Epaderm Cream 500g. A skincare product. Supplied as 500g.,No regulation
simple,5055148400132,Lamberts Co-Enzyme Q10 30mg 60 Capsules,0,0,0,12.39,taxable,,Vitamins,Lamberts Co-Enzyme Q10 30mg 60 Capsules. A vitamins and supplements product. Supplied as 60 Capsules.,No regulation
simple,0033984015401,Solgar Soya Lecithin 1360mg 100 Softgels,0,0,0,12.39,taxable,,Vitamins,Solgar Soya Lecithin 1360mg 100 Softgels. A vitamins and supplements product. Supplied as 100 Softgels.,No regulation
simple,3597133075656,Epiotic SIS 60ml,0,0,0,12.39,taxable,,General Health,Epiotic SIS 60ml. A health and wellbeing product. Supplied as 60ml.,No regulation
simple,0033984016002,Solgar Liquid Vitamin E 59.2ml,0,0,0,12.29,taxable,,Vitamins,Solgar Liquid Vitamin E 59.2ml. A vitamins and supplements product. Supplied as 59.2ml.,No regulation
simple,8809479164365,11 Village Factory Relax-Day Body Oil Cream 200ml,0,0,0,12.29,taxable,,Skincare,11 Village Factory Relax-Day Body Oil Cream 200ml. A skincare product. Supplied as 200ml.,No regulation
simple,5025970007786,Nivea Sun Holiday Here I Come Set,0,0,0,12.29,taxable,,General Health,Nivea Sun Holiday Here I Come Set. A health and wellbeing product.,No regulation
simple,3800219793826,Alteya Quince Citrus Revitalizing Shampoo 200ml,0,0,0,12.29,taxable,,Hair Care,Alteya Quince Citrus Revitalizing Shampoo 200ml. A hair care product. Supplied as 200ml.,No regulation
simple,5055148412623,Lamberts Multi-Max 60 Tablets,0,0,0,12.29,taxable,,Vitamins,Lamberts Multi-Max 60 Tablets. A vitamins and supplements product. Supplied as 60 Tablets.,No regulation
simple,1210001146440,Viagra Connect 2 Tablets,0,0,0,12.29,taxable,,Sexual Wellness,"Viagra Connect 2 Tablets. Prescription-only medicine, supplied after an online consultation with our pharmacist. Always read the label and any leaflet supplied. If symptoms persist, speak to your pharmacist or doctor. Supplied as 2 Tablets.",P
simple,5031013100796,Higher Nature True Food Calcium & Magnesium 60 Tablets,0,0,0,12.19,taxable,,Vitamins,Higher Nature True Food Calcium & Magnesium 60 Tablets. A vitamins and supplements product. Supplied as 60 Tablets.,No regulation
simple,5060229014665,Pukka Active 35 Oil 100ml,0,0,0,12.19,taxable,,Vitamins,Pukka Active 35 Oil 100ml. A vitamins and supplements product. Supplied as 100ml.,No regulation
simple,7610313606924,A.Vogel Pollinosan Hay Fever Tablets 120 Pack,0,0,0,12.19,taxable,,Vitamins,A.Vogel Pollinosan Hay Fever Tablets 120 Pack. A vitamins and supplements product. Supplied as 120 Pack.,No regulation
simple,0078522040316,Jason Vitamin E 45000IU Maximum Strength Oil 59ml,0,0,0,12.19,taxable,,Vitamins,Jason Vitamin E 45000IU Maximum Strength Oil 59ml. A vitamins and supplements product. Supplied as 59ml.,No regulation
simple,9327693003325,DermaSukin Daily Gentle Lotion 500ml,0,0,0,12.19,taxable,,Skincare,DermaSukin Daily Gentle Lotion 500ml. A skincare product. Supplied as 500ml.,No regulation
simple,9350114000078,DermaSukin Daily Intensive Hydrating Cream 500ml,0,0,0,12.19,taxable,,Skincare,DermaSukin Daily Intensive Hydrating Cream 500ml. A skincare product. Supplied as 500ml.,No regulation
simple,3282770204223,Klorane Eye Makeup Remover Lotion with Cornflower 200ml,0,0,0,12.19,taxable,,Skincare,Klorane Eye Makeup Remover Lotion with Cornflower 200ml. A skincare product. Supplied as 200ml.,No regulation
simple,5060069281869,Clearpore Waterproof Adhesive Film Dressing 60 Pack,0,0,0,12.19,taxable,,First Aid,"Clearpore Waterproof Adhesive Film Dressing 60 Pack. Always read the label and any leaflet supplied. If symptoms persist, speak to your pharmacist or doctor. Supplied as 60 Pack.",No regulation
simple,5031013107214,Higher Nature Relax & Unwind 10 Sachets,0,0,0,12.19,taxable,,Vitamins,Higher Nature Relax & Unwind 10 Sachets. A vitamins and supplements product. Supplied as 10 Sachets.,No regulation
simple,5038483844601,Scholl Softgrip C1 Below The Knee Compression Hosiery Large Closed Toe Black,0,0,0,12.19,taxable,,Supports & Braces,Scholl Softgrip C1 Below The Knee Compression Hosiery Large Closed Toe Black. A support and mobility product.,No regulation
simple,4001638590020,Weleda Sea Buckthorn Elixir 200ml,0,0,0,12.19,taxable,,Vitamins,Weleda Sea Buckthorn Elixir 200ml. A vitamins and supplements product. Supplied as 200ml.,No regulation
simple,5038483844670,Scholl Softgrip C1 Below The Knee Compression Hosiery Medium Natural,0,0,0,12.19,taxable,,Supports & Braces,Scholl Softgrip C1 Below The Knee Compression Hosiery Medium Natural. A support and mobility product.,No regulation
simple,5060258390044,Pro D3 1000IU 30 Capsules,0,0,0,12.19,taxable,,Vitamins,Pro D3 1000IU 30 Capsules. A vitamins and supplements product. Supplied as 30 Capsules.,No regulation
simple,9350114000016,DermaSukin Daily Gentle Soap Free Wash 500ml,0,0,0,12.19,taxable,,Beauty,DermaSukin Daily Gentle Soap Free Wash 500ml. A health and beauty product. Supplied as 500ml.,No regulation
simple,5060574680010,Hashmats Health A-Z Multivitamins 90 Tablets,0,0,0,12.19,taxable,,Vitamins,Hashmats Health A-Z Multivitamins 90 Tablets. A vitamins and supplements product. Supplied as 90 Tablets.,No regulation
simple,5012616265501,Becodefence Plus Allergy Defence 120 Sprays,0,0,0,12.19,taxable,,Beauty,Becodefence Plus Allergy Defence 120 Sprays. A health and beauty product.,GSL
simple,5060099030574,Odylique Tea Tree & Herb Shampoo 200ml,0,0,0,12.19,taxable,,Hair Care,Odylique Tea Tree & Herb Shampoo 200ml. A hair care product. Supplied as 200ml.,No regulation
simple,7702018355518,Gillette Proglide Flexball Razor Manual,0,0,0,12.19,taxable,,Men's Grooming,Gillette Proglide Flexball Razor Manual. A men's grooming product.,No regulation
simple,4007221036197,Drontal Dog Tasty Bone 2 Tablets,0,0,0,12.19,taxable,,Pet Care,Drontal Dog Tasty Bone 2 Tablets. A pet care product. Supplied as 2 Tablets.,No regulation
simple,5060119660019,Medicom Carbomer Eye Gel 0.2% 10g,0,0,0,12.19,taxable,,Skincare,Medicom Carbomer Eye Gel 0.2% 10g. A skincare product. Supplied as 10g.,GSL
simple,9327693000706,Sukin Organic Rosehip Oil 25ml,0,0,0,12.19,taxable,,Skincare,Sukin Organic Rosehip Oil 25ml. A skincare product. Supplied as 25ml.,No regulation
simple,7610313405039,A.Vogel Echinaforce Sore Throat Spray 30ml,0,0,0,12.09,taxable,,Cold & Flu,"A.Vogel Echinaforce Sore Throat Spray 30ml. Always read the label and any leaflet supplied. If symptoms persist, speak to your pharmacist or doctor. Supplied as 30ml.",No regulation
simple,7610313404056,A.Vogel Milk Thistle Tincture 60 Tablets,0,0,0,12.09,taxable,,Vitamins,A.Vogel Milk Thistle Tincture 60 Tablets. A vitamins and supplements product. Supplied as 60 Tablets.,No regulation
simple,5060319460839,It's Pure Organic Herbal Hair Colour Dark Brown 110g,0,0,0,12.09,taxable,,Hair Care,It's Pure Organic Herbal Hair Colour Dark Brown 110g. A hair care product. Supplied as 110g.,No regulation
simple,5060319460853,It's Pure Organic Herbal Hair Colour Natural Brown 110g,0,0,0,12.09,taxable,,Hair Care,It's Pure Organic Herbal Hair Colour Natural Brown 110g. A hair care product. Supplied as 110g.,No regulation
simple,5060319461027,It's Pure Organic Herbal Hair Colour Strawberry Blonde 110g,0,0,0,12.09,taxable,,Hair Care,It's Pure Organic Herbal Hair Colour Strawberry Blonde 110g. A hair care product. Supplied as 110g.,No regulation
simple,5391531560077,Spotlight Oral Care Whitening Pen,0,0,0,12.09,taxable,,Oral Care,Spotlight Oral Care Whitening Pen. An oral care product.,No regulation
simple,5060319461225,It's Pure Organic Herbal Hair Colour Very Dark Brown 110g,0,0,0,12.09,taxable,,Hair Care,It's Pure Organic Herbal Hair Colour Very Dark Brown 110g. A hair care product. Supplied as 110g.,No regulation
simple,5000488107623,Spatone Apple Liquid Iron 28 Sachets,0,0,0,12.09,taxable,,Vitamins,Spatone Apple Liquid Iron 28 Sachets. A vitamins and supplements product. Supplied as 28 Sachets.,No regulation
simple,5060319460846,It's Pure Organic Herbal Hair Colour Chestnut 110g,0,0,0,12.09,taxable,,Hair Care,It's Pure Organic Herbal Hair Colour Chestnut 110g. A hair care product. Supplied as 110g.,No regulation
simple,5023652363038,Nature's Aid Pro-30 MAX (30 Bill Bac) 30 Capsules,0,0,0,12.09,taxable,,Vitamins,Nature's Aid Pro-30 MAX (30 Bill Bac) 30 Capsules. A vitamins and supplements product. Supplied as 30 Capsules.,No regulation
simple,5021265222407,"Vitabiotics Jointace Chondroitin, Turmeric & Glucosamine 30 Tablets",0,0,0,12.09,taxable,,Vitamins,"Vitabiotics Jointace Chondroitin, Turmeric & Glucosamine 30 Tablets. A vitamins and supplements product. Supplied as 30 Tablets.",No regulation
simple,8594161371069,Enterosgel for Kids 90g,0,0,0,12.00,taxable,,Skincare,Enterosgel for Kids 90g. A skincare product. Supplied as 90g.,No regulation
simple,0083000016431,Nature's Answer PerioBrite Wash Mouthwash,0,0,0,11.99,taxable,,Oral Care,Nature's Answer PerioBrite Wash Mouthwash. An oral care product.,No regulation
simple,5065010483064,Fussy Natural Deodorant Night Tales Starter Pack,0,0,0,11.99,taxable,,Beauty,Fussy Natural Deodorant Night Tales Starter Pack. A health and beauty product.,No regulation
simple,5021265232062,Vitabiotics Pregnacare Breast-Feeding Dual Pack 84 Tablets /Capsules,0,0,0,11.99,taxable,,Vitamins,Vitabiotics Pregnacare Breast-Feeding Dual Pack 84 Tablets /Capsules. A vitamins and supplements product. Supplied as 84 Tablets.,No regulation
simple,5060148521282,BetterYou Magnesium Body Butter 200ml,0,0,0,11.99,taxable,,Skincare,BetterYou Magnesium Body Butter 200ml. A skincare product. Supplied as 200ml.,No regulation
simple,5060571821508,The Good Guru Organic Ashwaganda & Black Pepper 60 Capsules,0,0,0,11.99,taxable,,Vitamins,The Good Guru Organic Ashwaganda & Black Pepper 60 Capsules. A vitamins and supplements product. Supplied as 60 Capsules.,No regulation
simple,5000158063693,Gaviscon Advance Aniseed Suspension - Dispensary sale - 500ml,0,0,0,11.99,taxable,,Digestive,"Gaviscon Advance Aniseed Suspension - Dispensary sale - 500ml. Prescription-only medicine, supplied after an online consultation with our pharmacist. Always read the label and any leaflet supplied. If symptoms persist, speak to your pharmacist or doctor. Supplied as 500ml.",P
simple,9335955000074,MooGoo Milk Wash 500ml,0,0,0,11.99,taxable,,Beauty,MooGoo Milk Wash 500ml. A health and beauty product. Supplied as 500ml.,No regulation
simple,5707725600205,Nourkrin Conditioner for Hair Growth 150ml,0,0,0,11.99,taxable,,Hair Care,Nourkrin Conditioner for Hair Growth 150ml. A hair care product. Supplied as 150ml.,No regulation
simple,5060089610748,Eropid Sildenafil 50mg 4 Tablets,0,0,0,11.99,taxable,,Sexual Wellness,"Eropid Sildenafil 50mg 4 Tablets. Prescription-only medicine, supplied after an online consultation with our pharmacist. Always read the label and any leaflet supplied. If symptoms persist, speak to your pharmacist or doctor. Supplied as 4 Tablets.",P
simple,3574661316123,Ovex Suspension Family Pack Banana Flavoured 30ml,0,0,0,11.99,taxable,,Prescription Medicines,"Ovex Suspension Family Pack Banana Flavoured 30ml. Prescription-only medicine, supplied after an online consultation with our pharmacist. Always read the label and any leaflet supplied. If symptoms persist, speak to your pharmacist or doctor. Supplied as 30ml.",P
simple,0886284904339,Pet Head Quick Fix Spray 300ml,0,0,0,11.99,taxable,,Pet Care,Pet Head Quick Fix Spray 300ml. A pet care product. Supplied as 300ml.,No regulation
simple,5011417581858,Nurofen Medicated Plasters pack of 4,0,0,0,11.99,taxable,,Pain Relief,"Nurofen Medicated Plasters pack of 4. Always read the label and any leaflet supplied. If symptoms persist, speak to your pharmacist or doctor.",GSL
simple,4210201316817,Oral-B Power Refill Head Cross Action 2 Pack,0,0,0,11.99,taxable,,Oral Care,Oral-B Power Refill Head Cross Action 2 Pack. An oral care product. Supplied as 2 Pack.,No regulation
simple,5060203791100,Terranova Easy Iron 20mg Complex 100 Tablets,0,0,0,11.99,taxable,,Vitamins,Terranova Easy Iron 20mg Complex 100 Tablets. A vitamins and supplements product. Supplied as 100 Tablets.,No regulation
simple,4001638095617,Weleda Rosemary Revitalising Hair Tonic 100ml,0,0,0,11.99,taxable,,Hair Care,Weleda Rosemary Revitalising Hair Tonic 100ml. A hair care product. Supplied as 100ml.,No regulation
simple,5391531760125,Optase Tea Tree Oil Eye Lid Cleansing Gel,0,0,0,11.99,taxable,,Skincare,Optase Tea Tree Oil Eye Lid Cleansing Gel. A skincare product.,No regulation
simple,7391899803210,ReNu Sensitive Eyes Gentle Formula 240ml,0,0,0,11.99,taxable,,General Health,ReNu Sensitive Eyes Gentle Formula 240ml. A health and wellbeing product. Supplied as 240ml.,No regulation
simple,3574661619958,Aveeno Soothing Bath Soak Oat 8 Sachets,0,0,0,11.99,taxable,,Skincare,Aveeno Soothing Bath Soak Oat 8 Sachets. A skincare product. Supplied as 8 Sachets.,No regulation
simple,5060553605096,BeYou Menstrual Cup Large,0,0,0,11.99,taxable,zero-rate,Women's Health,BeYou Menstrual Cup Large. A women's health product.,No regulation
simple,9300631074038,Gaviscon Infant 30 Sachets,0,0,0,11.99,taxable,,Baby & Child,"Gaviscon Infant 30 Sachets. Prescription-only medicine, supplied after an online consultation with our pharmacist. Always read the label and any leaflet supplied. If symptoms persist, speak to your pharmacist or doctor. Supplied as 30 Sachets.",P
simple,4013162019151,Fenjal Classic Creme Bath Oil 200ml,0,0,0,11.99,taxable,,Beauty,Fenjal Classic Creme Bath Oil 200ml. A health and beauty product. Supplied as 200ml.,No regulation
simple,5000158064515,Gaviscon Advance Peppermint Suspension - Dispensary sale - 500ml,0,0,0,11.99,taxable,,Digestive,"Gaviscon Advance Peppermint Suspension - Dispensary sale - 500ml. Prescription-only medicine, supplied after an online consultation with our pharmacist. Always read the label and any leaflet supplied. If symptoms persist, speak to your pharmacist or doctor. Supplied as 500ml.",P
simple,5025970009834,Nivea Men Gym Kit Set 4Pc,0,0,0,11.99,taxable,,General Health,Nivea Men Gym Kit Set 4Pc. A health and wellbeing product.,No regulation
simple,5060480200234,Georganics Oilpulling Mouthwash Orange 275ml,0,0,0,11.99,taxable,,Oral Care,Georganics Oilpulling Mouthwash Orange 275ml. An oral care product. Supplied as 275ml.,No regulation
simple,5065010483002,Fussy Natural Deodorant Wide Eyed Starter Pack,0,0,0,11.99,taxable,,Beauty,Fussy Natural Deodorant Wide Eyed Starter Pack. A health and beauty product.,No regulation
simple,3401360147508,Bioderma Sebium Global 30ml,0,0,0,11.99,taxable,,General Health,Bioderma Sebium Global 30ml. A health and wellbeing product. Supplied as 30ml.,No regulation
simple,3282770145120,Klorane Centaury Conditioner 200ml,0,0,0,11.99,taxable,,Hair Care,Klorane Centaury Conditioner 200ml. A hair care product. Supplied as 200ml.,No regulation
simple,0615908431766,Tigi Bed Head Masterpiece Extra Strong Hold Hairspray 340ml,0,0,0,11.99,taxable,,Hair Care,Tigi Bed Head Masterpiece Extra Strong Hold Hairspray 340ml. A hair care product. Supplied as 340ml.,No regulation
simple,0886284905220,Pet Head Furtastic Conditioner 250ml,0,0,0,11.99,taxable,,Pet Care,Pet Head Furtastic Conditioner 250ml. A pet care product. Supplied as 250ml.,No regulation
simple,0054402411278,Australian Gold SPF50+ Tattoo Stick 15ml,0,0,0,11.99,taxable,,Skincare,Australian Gold SPF50+ Tattoo Stick 15ml. A skincare product. Supplied as 15ml.,No regulation
simple,4717237078837,I-M Wrist Brace WH-301 Medium,0,0,0,11.99,taxable,,Supports & Braces,I-M Wrist Brace WH-301 Medium. A support and mobility product.,No regulation
simple,0033984017603,Solgar Fish Oil Concentrate 1000mg 60 Softgels,0,0,0,11.99,taxable,,Vitamins,Solgar Fish Oil Concentrate 1000mg 60 Softgels. A vitamins and supplements product. Supplied as 60 Softgels.,No regulation
simple,5010123711139,Migraleve Complete 24 Tablets,0,0,0,11.99,taxable,,Pain Relief,"Migraleve Complete 24 Tablets. Prescription-only medicine, supplied after an online consultation with our pharmacist. Always read the label and any leaflet supplied. If symptoms persist, speak to your pharmacist or doctor. Supplied as 24 Tablets.",P
simple,5060018512860,KIKI Health Activated Charcoal 50 Veg Capsules,0,0,0,11.99,taxable,,Vitamins,KIKI Health Activated Charcoal 50 Veg Capsules. A vitamins and supplements product.,No regulation
simple,5000167056525,Nurofen 200mg 96 Tablets,0,0,0,11.99,taxable,,Pain Relief,"Nurofen 200mg 96 Tablets. Prescription-only medicine, supplied after an online consultation with our pharmacist. Always read the label and any leaflet supplied. If symptoms persist, speak to your pharmacist or doctor. Supplied as 96 Tablets.",P
simple,5013455330023,Weleda Dry Skin & Eczema Relief Spray 20ml,0,0,0,11.99,taxable,,Skincare,Weleda Dry Skin & Eczema Relief Spray 20ml. A skincare product. Supplied as 20ml.,No regulation
simple,5025970014913,Nivea Q10 Energy Skincare Recharging Skin Care Regime,0,0,0,11.99,taxable,,Skincare,Nivea Q10 Energy Skincare Recharging Skin Care Regime. A skincare product.,No regulation
simple,5055148400477,Lamberts Pure Fish Oil 1100mg (Epa 360mg/Dha 240mg) 60 Capsules,0,0,0,11.99,taxable,,Vitamins,Lamberts Pure Fish Oil 1100mg (Epa 360mg/Dha 240mg) 60 Capsules. A vitamins and supplements product. Supplied as 60 Capsules.,No regulation
simple,5060202183807,Cytoplan B12 as Hydroxycobalamin 1mg Sublingual 60 Tablets,0,0,0,11.99,taxable,,Vitamins,Cytoplan B12 as Hydroxycobalamin 1mg Sublingual 60 Tablets. A vitamins and supplements product. Supplied as 60 Tablets.,No regulation
simple,4005900730909,Eucerin UreaRepair Original Cream 100ml,0,0,0,11.99,taxable,,Skincare,Eucerin UreaRepair Original Cream 100ml. A skincare product. Supplied as 100ml.,No regulation
simple,5060086610093,Optibac Probiotics for Daily Immunity 30 Capsules,0,0,0,11.99,taxable,,Digestive,"Optibac Probiotics for Daily Immunity 30 Capsules. Always read the label and any leaflet supplied. If symptoms persist, speak to your pharmacist or doctor. Supplied as 30 Capsules.",No regulation
simple,5017371154701,Calypso Once a Day SPF50+ Spray 150ml,0,0,0,11.99,taxable,,Skincare,Calypso Once a Day SPF50+ Spray 150ml. A skincare product. Supplied as 150ml.,No regulation
simple,5060216560724,Sambucol Extra Defence 120ml,0,0,0,11.99,taxable,,General Health,Sambucol Extra Defence 120ml. A health and wellbeing product. Supplied as 120ml.,No regulation
simple,5060006581625,A&D UC-502 Medical Weighing Scale,0,0,0,11.99,taxable,,General Health,A&D UC-502 Medical Weighing Scale. A health and wellbeing product.,No regulation
simple,5055443677390,The Luxury Bathing Co Bath Fizzer Bars Assorted,0,0,0,11.99,taxable,,Beauty,The Luxury Bathing Co Bath Fizzer Bars Assorted. A health and beauty product.,No regulation
simple,5060209730943,Carmize Carmellose Sodium 0.5% Lubricant 10ml,0,0,0,11.99,taxable,,Sexual Wellness,"Carmize Carmellose Sodium 0.5% Lubricant 10ml. Always read the label and any leaflet supplied. If symptoms persist, speak to your pharmacist or doctor. Supplied as 10ml.",No regulation
simple,9335955002832,MooGoo Tinted SPF40 Face Cream 50g,0,0,0,11.99,taxable,,Skincare,MooGoo Tinted SPF40 Face Cream 50g. A skincare product. Supplied as 50g.,No regulation
simple,4717237078844,I-M Wrist Brace WH-301 Large,0,0,0,11.99,taxable,,Supports & Braces,I-M Wrist Brace WH-301 Large. A support and mobility product.,No regulation
simple,0753950003019,Doctor's Best Biotin 5000mcg 120 Veggie Cap,0,0,0,11.99,taxable,,Vitamins,Doctor's Best Biotin 5000mcg 120 Veggie Cap. A vitamins and supplements product. Supplied as 5000mcg.,No regulation
simple,0886284904421,Pet Head Quick Fix Foam 200ml,0,0,0,11.99,taxable,,Pet Care,Pet Head Quick Fix Foam 200ml. A pet care product. Supplied as 200ml.,No regulation
simple,5055565710838,Male Hair Loss - Finasteride 1mg 28 Tablets,0,0,0,11.99,taxable,zero-rate,Men's Health,"Male Hair Loss - Finasteride 1mg 28 Tablets. Prescription-only medicine, supplied after an online consultation with our pharmacist. Always read the label and any leaflet supplied. If symptoms persist, speak to your pharmacist or doctor. Supplied as 28 Tablets.",P
simple,0085805247959,Elizabeth Arden White Tea Skin Solutions 200ml Toning Lotion,0,0,0,11.99,taxable,,Skincare,Elizabeth Arden White Tea Skin Solutions 200ml Toning Lotion. A skincare product. Supplied as 200ml.,No regulation
simple,5060203790462,Terranova Vitamin D3 2000IU Complex 50 Capsules,0,0,0,11.99,taxable,,Vitamins,Terranova Vitamin D3 2000IU Complex 50 Capsules. A vitamins and supplements product. Supplied as 50 Capsules.,No regulation
simple,9780201379624,Osi Magnesium Body Lotion + Melatonin + OptiMSM Lavender 100ml,0,0,0,11.99,taxable,,Skincare,Osi Magnesium Body Lotion + Melatonin + OptiMSM Lavender 100ml. A skincare product. Supplied as 100ml.,No regulation
simple,5023652252035,Nature's Aid CO-Q-10 100mg 30 Softgels,0,0,0,11.99,taxable,,Vitamins,Nature's Aid CO-Q-10 100mg 30 Softgels. A vitamins and supplements product. Supplied as 30 Softgels.,No regulation
simple,5000488105292,Spatone Original Natural Iron Supplement 28 Sachets,0,0,0,11.99,taxable,,Vitamins,Spatone Original Natural Iron Supplement 28 Sachets. A vitamins and supplements product. Supplied as 28 Sachets.,No regulation
simple,5999860167334,Osi Magnesium Calcium Montmorillonite Clay Bath 1kg,0,0,0,11.99,taxable,,Vitamins,Osi Magnesium Calcium Montmorillonite Clay Bath 1kg. A vitamins and supplements product. Supplied as 1kg.,No regulation
simple,5060601930002,Barber Pro It's All Good Charity Box,0,0,0,11.99,taxable,,General Health,Barber Pro It's All Good Charity Box. A health and wellbeing product.,No regulation
simple,5055148410698,Lamberts Methyl B Complex 60 Tablets,0,0,0,11.99,taxable,,Vitamins,Lamberts Methyl B Complex 60 Tablets. A vitamins and supplements product. Supplied as 60 Tablets.,No regulation
simple,5060102301783,Cleanmarine Menomin for Women 600mg 30 Caps,0,0,0,11.99,taxable,,Women's Health,Cleanmarine Menomin for Women 600mg 30 Caps. A women's health product. Supplied as 30 Caps.,No regulation
simple,4015630065578,FastClix Finger Pricker and Lancets,0,0,0,11.99,taxable,,Testing & Monitoring,"FastClix Finger Pricker and Lancets. Always read the label and any leaflet supplied. If symptoms persist, speak to your pharmacist or doctor.",No regulation
simple,5011309107111,Nizoral Dandruff Treatment Shampoo 100ml,0,0,0,11.99,taxable,,Hair Care,"Nizoral Dandruff Treatment Shampoo 100ml. Prescription-only medicine, supplied after an online consultation with our pharmacist. Always read the label and any leaflet supplied. If symptoms persist, speak to your pharmacist or doctor. Supplied as 100ml.",P
simple,5010934004208,Vagisil ProHydrate Internal Hydrating Gel 5g 6 Applications,0,0,0,11.99,taxable,,Women's Health,Vagisil ProHydrate Internal Hydrating Gel 5g 6 Applications. A women's health product. Supplied as 5g.,GSL
simple,9329401000152,The Goat Skincare Moisturising Lotion 500ml,0,0,0,11.99,taxable,,Skincare,The Goat Skincare Moisturising Lotion 500ml. A skincare product. Supplied as 500ml.,No regulation
simple,0017854117600,Baylis & Harding Limited Edition Moonlight Fig Shower Trio Gift Set,0,0,0,11.99,taxable,,Beauty,Baylis & Harding Limited Edition Moonlight Fig Shower Trio Gift Set. A health and beauty product.,No regulation
simple,4005800182037,Eucerin Dermopurifyer Mattifying Fluid 50ml,0,0,0,11.99,taxable,,General Health,Eucerin Dermopurifyer Mattifying Fluid 50ml. A health and wellbeing product. Supplied as 50ml.,No regulation
simple,5065010483811,Fussy Natural Deodorant Cloud Nine Starter Pack,0,0,0,11.99,taxable,,Beauty,Fussy Natural Deodorant Cloud Nine Starter Pack. A health and beauty product.,No regulation
simple,5021691003687,Lower UTI Treatment - Nitrofurantoin 100mg SR 6 Capsules,0,0,0,11.99,taxable,zero-rate,Women's Health,"Lower UTI Treatment - Nitrofurantoin 100mg SR 6 Capsules. Prescription-only medicine, supplied after an online consultation with our pharmacist. Always read the label and any leaflet supplied. If symptoms persist, speak to your pharmacist or doctor. Supplied as 6 Capsules.",P
simple,0033984024007,Solgar Vitamin C 1000mg with Rose Hips 100 Tablets,0,0,0,11.99,taxable,,Vitamins,Solgar Vitamin C 1000mg with Rose Hips 100 Tablets. A vitamins and supplements product. Supplied as 100 Tablets.,No regulation
simple,5010249118607,FSC Grape Seed Antioxident Formula 90 Tablets,0,0,0,11.99,taxable,,Vitamins,FSC Grape Seed Antioxident Formula 90 Tablets. A vitamins and supplements product. Supplied as 90 Tablets.,No regulation
simple,0017854117259,Baylis & Harding Sweet Mandarin & Grapefruit Bath Gift Set,0,0,0,11.99,taxable,,Beauty,Baylis & Harding Sweet Mandarin & Grapefruit Bath Gift Set. A health and beauty product.,No regulation
simple,3662042002847,Thealoz Duo Gel 30 Doses,0,0,0,11.99,taxable,,Skincare,Thealoz Duo Gel 30 Doses. A skincare product.,No regulation
simple,5026445001582,"Rapport Sport EDT, Shower Gel & Aftershave Bag Sset",0,0,0,11.99,taxable,,Men's Grooming,"Rapport Sport EDT, Shower Gel & Aftershave Bag Sset. A men's grooming product.",No regulation
simple,9335955002931,MooGoo How Now Brown Cow Gradual Tanning Cream 120g,0,0,0,11.99,taxable,,Skincare,MooGoo How Now Brown Cow Gradual Tanning Cream 120g. A skincare product. Supplied as 120g.,No regulation
simple,5014363000039,Emollin Emollient Spray 150ml,0,0,0,11.99,taxable,,Skincare,Emollin Emollient Spray 150ml. A skincare product. Supplied as 150ml.,No regulation
simple,8001841804248,Clearblue Digital Ultra Early Pregnancy Test,0,0,0,11.99,taxable,,Testing & Monitoring,"Clearblue Digital Ultra Early Pregnancy Test. Always read the label and any leaflet supplied. If symptoms persist, speak to your pharmacist or doctor.",No regulation
simple,5011309001716,Hedrin All In One Shampoo 100ml,0,0,0,11.99,taxable,,Hair Care,Hedrin All In One Shampoo 100ml. A hair care product. Supplied as 100ml.,No regulation
simple,0017854107267,Baylis & Harding Signature Collection 7 Piece Shower Gift Set,0,0,0,11.99,taxable,,Beauty,Baylis & Harding Signature Collection 7 Piece Shower Gift Set. A health and beauty product.,No regulation
simple,5000123103614,Atopic Eczema Treatment - Betnovate Scalp Application 100ml,0,0,0,11.99,taxable,zero-rate,Hair Care,"Atopic Eczema Treatment - Betnovate Scalp Application 100ml. Prescription-only medicine, supplied after an online consultation with our pharmacist. Always read the label and any leaflet supplied. If symptoms persist, speak to your pharmacist or doctor. Supplied as 100ml.",P
simple,5021840006002,Mintec 84 Capsules,0,0,0,11.99,taxable,,Vitamins,Mintec 84 Capsules. A vitamins and supplements product. Supplied as 84 Capsules.,GSL
simple,7322542171165,Tena ProSkin Super Extra Large Pants 12 Pack,0,0,0,11.99,taxable,zero-rate,Continence,Tena ProSkin Super Extra Large Pants 12 Pack. A continence care product. Supplied as 12 Pack.,No regulation
simple,0705928051775,NeilMed Saline Spray All-In-One Nasal Wash 177.5g,0,0,0,11.99,taxable,,Cold & Flu,"NeilMed Saline Spray All-In-One Nasal Wash 177.5g. Always read the label and any leaflet supplied. If symptoms persist, speak to your pharmacist or doctor. Supplied as 177.5g.",No regulation
simple,5060229014689,Pukka After Dinner 60 Capsules,0,0,0,11.99,taxable,,Vitamins,Pukka After Dinner 60 Capsules. A vitamins and supplements product. Supplied as 60 Capsules.,No regulation
simple,5030451004246,Movelat Gel 125g,0,0,0,11.99,taxable,,Prescription Medicines,"Movelat Gel 125g. Prescription-only medicine, supplied after an online consultation with our pharmacist. Always read the label and any leaflet supplied. If symptoms persist, speak to your pharmacist or doctor. Supplied as 125g.",P
simple,5060571821843,The Good Guru Vegan Magnesium High Strength 60 Capsules,0,0,0,11.99,taxable,,Vitamins,The Good Guru Vegan Magnesium High Strength 60 Capsules. A vitamins and supplements product. Supplied as 60 Capsules.,No regulation
simple,5038483844618,Scholl Softgrip C1 Below The Knee Compression Hosiery XL Black,0,0,0,11.99,taxable,,Supports & Braces,Scholl Softgrip C1 Below The Knee Compression Hosiery XL Black. A support and mobility product.,No regulation
simple,0886284903226,Pet Head Ditch the Dirt Conditioner 250ml,0,0,0,11.99,taxable,,Pet Care,Pet Head Ditch the Dirt Conditioner 250ml. A pet care product. Supplied as 250ml.,No regulation
simple,5015664006584,Systane Ultra Eye Drops 10ml,0,0,0,11.99,taxable,,Eye Care,"Systane Ultra Eye Drops 10ml. Always read the label and any leaflet supplied. If symptoms persist, speak to your pharmacist or doctor. Supplied as 10ml.",No regulation
simple,5034511002128,Green People Organic Children Quick Clean Hand Foam 100ml,0,0,0,11.99,taxable,,General Health,Green People Organic Children Quick Clean Hand Foam 100ml. A health and wellbeing product. Supplied as 100ml.,No regulation
simple,8809416470054,COSRX BHA Blackhead Power Liquid 100ml,0,0,0,11.99,taxable,,General Health,COSRX BHA Blackhead Power Liquid 100ml. A health and wellbeing product. Supplied as 100ml.,No regulation
simple,3282770397598,Klorane Quinine Conditioner 200ml,0,0,0,11.99,taxable,,Hair Care,Klorane Quinine Conditioner 200ml. A hair care product. Supplied as 200ml.,No regulation
simple,0724742010171,Alba Baby Clear Mineral Sunscreen SPF45,0,0,0,11.99,taxable,,Baby & Child,Alba Baby Clear Mineral Sunscreen SPF45. A baby and child product.,No regulation
simple,5000123101047,Atopic Eczema Treatment - Betnovate RD 0.025% Cream 100g,0,0,0,11.99,taxable,zero-rate,Skincare,"Atopic Eczema Treatment - Betnovate RD 0.025% Cream 100g. Prescription-only medicine, supplied after an online consultation with our pharmacist. Always read the label and any leaflet supplied. If symptoms persist, speak to your pharmacist or doctor. Supplied as 100g.",P
simple,96202463,BetterYou Vitamin C Oral Spray 50ml,0,0,0,11.99,taxable,,Vitamins,BetterYou Vitamin C Oral Spray 50ml. A vitamins and supplements product. Supplied as 50ml.,No regulation
simple,5055148414986,Lamberts Cogni-Focus 30 Capsules,0,0,0,11.99,taxable,,Vitamins,Lamberts Cogni-Focus 30 Capsules. A vitamins and supplements product. Supplied as 30 Capsules.,No regulation
simple,5016695926612,Viatris Lactulose 3.335g/5ml Oral Solution 500ml,0,0,0,11.99,taxable,,Prescription Medicines,"Viatris Lactulose 3.335g/5ml Oral Solution 500ml. Prescription-only medicine, supplied after an online consultation with our pharmacist. Always read the label and any leaflet supplied. If symptoms persist, speak to your pharmacist or doctor. Supplied as 500ml.",P
simple,4004148339745,Floradix Neuro Balance 250ml,0,0,0,11.99,taxable,,General Health,Floradix Neuro Balance 250ml. A health and wellbeing product. Supplied as 250ml.,No regulation
simple,5060203793234,Terranova Ginger 350mg 50 Pack,0,0,0,11.99,taxable,,Vitamins,Terranova Ginger 350mg 50 Pack. A vitamins and supplements product. Supplied as 50 Pack.,No regulation
simple,5014363000046,Emollin Emollient Spray 240ml,0,0,0,11.99,taxable,,Skincare,Emollin Emollient Spray 240ml. A skincare product. Supplied as 240ml.,No regulation
simple,5709976043206,Pharma Nord Bio-Gluco Control 60 Capsules,0,0,0,11.99,taxable,,Vitamins,Pharma Nord Bio-Gluco Control 60 Capsules. A vitamins and supplements product. Supplied as 60 Capsules.,No regulation
simple,9329401000480,The Goat Skincare Lotion 1000ml,0,0,0,11.99,taxable,,Skincare,The Goat Skincare Lotion 1000ml. A skincare product. Supplied as 1000ml.,No regulation
simple,5065010483026,Fussy Natural Deodorant Tropic Tonic Starter Pack,0,0,0,11.99,taxable,,Beauty,Fussy Natural Deodorant Tropic Tonic Starter Pack. A health and beauty product.,No regulation
simple,6001159128281,Bio-Oil Natural Skincare Oil 60ml,0,0,0,11.99,taxable,,Skincare,Bio-Oil Natural Skincare Oil 60ml. A skincare product. Supplied as 60ml.,No regulation
simple,7322542170090,Tena ProSkin Super Medium Pants 12 Pack,0,0,0,11.99,taxable,zero-rate,Continence,Tena ProSkin Super Medium Pants 12 Pack. A continence care product. Supplied as 12 Pack.,No regulation
simple,5060571821683,The Good Guru Organic MultiVitamin for Men 60 Capsules,0,0,0,11.99,taxable,,Men's Health,The Good Guru Organic MultiVitamin for Men 60 Capsules. A men's health product. Supplied as 60 Capsules.,No regulation
simple,5060599183800,Mad Beauty FRIENDS Lip Balm Trio,0,0,0,11.99,taxable,,Skincare,Mad Beauty FRIENDS Lip Balm Trio. A skincare product.,No regulation
simple,4005900835970,Eucerin Hyaluron-Filler + Elasticity Age Spot Correcting Hand Cream 75ml,0,0,0,11.99,taxable,,Skincare,Eucerin Hyaluron-Filler + Elasticity Age Spot Correcting Hand Cream 75ml. A skincare product. Supplied as 75ml.,No regulation
simple,5060480200296,Georganics Oilpulling Mouthwash Tea Tree 275ml,0,0,0,11.99,taxable,,Oral Care,Georganics Oilpulling Mouthwash Tea Tree 275ml. An oral care product. Supplied as 275ml.,No regulation
simple,0886284820813,Arm & Hammer Fresh Coconut Dental Kit Dogs,0,0,0,11.99,taxable,,Oral Care,Arm & Hammer Fresh Coconut Dental Kit Dogs. An oral care product.,No regulation
simple,3282779051361,Avène Soothing Eye Contour Cream 10ml,0,0,0,11.99,taxable,,Skincare,Avène Soothing Eye Contour Cream 10ml. A skincare product. Supplied as 10ml.,No regulation
simple,4005800036798,Eucerin Dermocapillaire Calming Urea Shampoo 250ml,0,0,0,11.99,taxable,,Hair Care,Eucerin Dermocapillaire Calming Urea Shampoo 250ml. A hair care product. Supplied as 250ml.,No regulation
simple,5000123104932,Atopic Eczema Treatment - Betnovate Lotion 100ml,0,0,0,11.99,taxable,zero-rate,Skincare,"Atopic Eczema Treatment - Betnovate Lotion 100ml. Prescription-only medicine, supplied after an online consultation with our pharmacist. Always read the label and any leaflet supplied. If symptoms persist, speak to your pharmacist or doctor. Supplied as 100ml.",P
simple,5060601936936,BeautyPro Warming Eye Mask 5 Pack,0,0,0,11.99,taxable,,Eye Care,"BeautyPro Warming Eye Mask 5 Pack. Always read the label and any leaflet supplied. If symptoms persist, speak to your pharmacist or doctor. Supplied as 5 Pack.",No regulation
simple,5055443651567,The Luxury Bathing Co Cocktail Bath Bomb Fizzers Assorted,0,0,0,11.99,taxable,,Beauty,The Luxury Bathing Co Cocktail Bath Bomb Fizzers Assorted. A health and beauty product.,No regulation
simple,0017854117174,Baylis & Harding Citrus Lime & Mint Invigorating Shower Trio Gift Set,0,0,0,11.99,taxable,,Beauty,Baylis & Harding Citrus Lime & Mint Invigorating Shower Trio Gift Set. A health and beauty product.,No regulation
simple,5060571820198,The Good Guru Organic Vitamin C 60 Capsules,0,0,0,11.99,taxable,,Vitamins,The Good Guru Organic Vitamin C 60 Capsules. A vitamins and supplements product. Supplied as 60 Capsules.,No regulation
simple,5011408054392,L'Oréal Age Perfect Rehydrating Day Cream 50ml,0,0,0,11.99,taxable,,Skincare,L'Oréal Age Perfect Rehydrating Day Cream 50ml. A skincare product. Supplied as 50ml.,No regulation
simple,5060203791384,Terranova Prenatal Multivitamin Complex 50 Capsules,0,0,0,11.99,taxable,,Vitamins,Terranova Prenatal Multivitamin Complex 50 Capsules. A vitamins and supplements product. Supplied as 50 Capsules.,No regulation
simple,5055148413194,Lamberts Vitamin A 5000iu 120 Capsules,0,0,0,11.99,taxable,,Vitamins,Lamberts Vitamin A 5000iu 120 Capsules. A vitamins and supplements product. Supplied as 120 Capsules.,No regulation
simple,9327693005367,Sukin Oil Balancing+ Charcoal Anti-Pollution Facial Masque 100ml,0,0,0,11.99,taxable,,Skincare,Sukin Oil Balancing+ Charcoal Anti-Pollution Facial Masque 100ml. A skincare product. Supplied as 100ml.,No regulation
simple,5013455330047,Weleda Digestive Relief Oral Spray 20ml,0,0,0,11.99,taxable,,Vitamins,Weleda Digestive Relief Oral Spray 20ml. A vitamins and supplements product. Supplied as 20ml.,No regulation
simple,5013455020085,Weleda Aknedoron Cleansing Lotion 100ml,0,0,0,11.99,taxable,,Skincare,Weleda Aknedoron Cleansing Lotion 100ml. A skincare product. Supplied as 100ml.,No regulation
simple,5000158105591,Nurofen Plus 32 Tablets,0,0,0,11.99,taxable,,Pain Relief,"Nurofen Plus 32 Tablets. Prescription-only medicine, supplied after an online consultation with our pharmacist. Always read the label and any leaflet supplied. If symptoms persist, speak to your pharmacist or doctor. Supplied as 32 Tablets.",P
simple,5055148413828,Lamberts Glucosamine Sulphate 2KCl 120 Tablets,0,0,0,11.99,taxable,,Vitamins,Lamberts Glucosamine Sulphate 2KCl 120 Tablets. A vitamins and supplements product. Supplied as 120 Tablets.,No regulation
simple,5055148400514,Lamberts Mega Mineral Complex 90 Tablets,0,0,0,11.99,taxable,,Vitamins,Lamberts Mega Mineral Complex 90 Tablets. A vitamins and supplements product. Supplied as 90 Tablets.,No regulation
simple,3662042001987,Blephagel 30g,0,0,0,11.99,taxable,,Eye Care,"Blephagel 30g. Always read the label and any leaflet supplied. If symptoms persist, speak to your pharmacist or doctor. Supplied as 30g.",No regulation
simple,5025970015156,Nivea Feel Relaxed Moisturising Skincare Set,0,0,0,11.99,taxable,,Skincare,Nivea Feel Relaxed Moisturising Skincare Set. A skincare product.,No regulation
simple,8906167530034,Aqueous Cream BP 500g,0,0,0,11.99,taxable,,Skincare,Aqueous Cream BP 500g. A skincare product. Supplied as 500g.,No regulation
simple,5060149640142,SelfCheck Multi-Drug Test Kit,0,0,0,11.99,taxable,,Testing & Monitoring,"SelfCheck Multi-Drug Test Kit. Always read the label and any leaflet supplied. If symptoms persist, speak to your pharmacist or doctor.",No regulation
simple,3574661740935,Aveeno Skin Relief Shower Cleansing Oil 300ml,0,0,0,11.99,taxable,,Skincare,Aveeno Skin Relief Shower Cleansing Oil 300ml. A skincare product. Supplied as 300ml.,No regulation
simple,5010605054099,Canesten Internal Cream 10% 1 Applicator,0,0,0,11.99,taxable,,Women's Health,"Canesten Internal Cream 10% 1 Applicator. Prescription-only medicine, supplied after an online consultation with our pharmacist. Always read the label and any leaflet supplied. If symptoms persist, speak to your pharmacist or doctor.",P
simple,5010249301207,FSC Organic Omega 369 Optimum Oil 500ml,0,0,0,11.99,taxable,,Vitamins,FSC Organic Omega 369 Optimum Oil 500ml. A vitamins and supplements product. Supplied as 500ml.,No regulation
simple,5000123102532,Atopic Eczema Treatment - Betnovate RD 0.025% Ointment 100g,0,0,0,11.99,taxable,zero-rate,Skincare,"Atopic Eczema Treatment - Betnovate RD 0.025% Ointment 100g. Prescription-only medicine, supplied after an online consultation with our pharmacist. Always read the label and any leaflet supplied. If symptoms persist, speak to your pharmacist or doctor. Supplied as 100g.",P
simple,5060571821782,The Good Guru Vegan Good Sleep Hops & Lemon Balm Extract 60 Capsules,0,0,0,11.99,taxable,,Skincare,The Good Guru Vegan Good Sleep Hops & Lemon Balm Extract 60 Capsules. A skincare product. Supplied as 60 Capsules.,No regulation
simple,5000283657866,Phenergan 10mg 56 Tablets,0,0,0,11.99,taxable,,Prescription Medicines,"Phenergan 10mg 56 Tablets. Prescription-only medicine, supplied after an online consultation with our pharmacist. Always read the label and any leaflet supplied. If symptoms persist, speak to your pharmacist or doctor. Supplied as 56 Tablets.",P
simple,5060099030130,Odylique Gentle Herb Shampoo 200ml,0,0,0,11.99,taxable,,Hair Care,Odylique Gentle Herb Shampoo 200ml. A hair care product. Supplied as 200ml.,No regulation
simple,0033984009158,Solgar Earth Source Food Fermented Koji Zinc 30 Capsules,0,0,0,11.99,taxable,,Vitamins,Solgar Earth Source Food Fermented Koji Zinc 30 Capsules. A vitamins and supplements product. Supplied as 30 Capsules.,No regulation
simple,5025970013183,Nivea Soft Rose Care Collection,0,0,0,11.99,taxable,,General Health,Nivea Soft Rose Care Collection. A health and wellbeing product.,No regulation
simple,5060018513201,KIKI Health Zeolite Powder 120g,0,0,0,11.99,taxable,,Vitamins,KIKI Health Zeolite Powder 120g. A vitamins and supplements product. Supplied as 120g.,No regulation
simple,5391531760149,Optase Allergy Eye Drops 20 x 0.5ml,0,0,0,11.99,taxable,,Eye Care,"Optase Allergy Eye Drops 20 x 0.5ml. Always read the label and any leaflet supplied. If symptoms persist, speak to your pharmacist or doctor. Supplied as 20 x 0.5ml.",GSL
simple,5060148524245,BetterYou Magnesium Menopause Body Spray 100ml,0,0,0,11.99,taxable,,Women's Health,BetterYou Magnesium Menopause Body Spray 100ml. A women's health product. Supplied as 100ml.,No regulation
simple,5016007202106,Optive Solution 10ml,0,0,0,11.99,taxable,,General Health,Optive Solution 10ml. A health and wellbeing product. Supplied as 10ml.,No regulation
simple,5055148403058,Lamberts Cranberry Complex 100g Powder,0,0,0,11.99,taxable,,Vitamins,Lamberts Cranberry Complex 100g Powder. A vitamins and supplements product. Supplied as 100g.,No regulation
simple,5704947016494,O'Keeffe's Hand & Body Lotion 315ml,0,0,0,11.99,taxable,,Skincare,O'Keeffe's Hand & Body Lotion 315ml. A skincare product. Supplied as 315ml.,No regulation
simple,5060480200258,Georganics Oilpulling Mouthwash Spearmint 275ml,0,0,0,11.99,taxable,,Oral Care,Georganics Oilpulling Mouthwash Spearmint 275ml. An oral care product. Supplied as 275ml.,No regulation
simple,4001638095105,Weleda Perineum Massage Oil 50ml,0,0,0,11.99,taxable,,Vitamins,Weleda Perineum Massage Oil 50ml. A vitamins and supplements product. Supplied as 50ml.,No regulation
simple,0017854101074,Baylis & Harding Jasmine & Apple Blossom Hand Wash 5L Refill,0,0,0,11.99,taxable,,Beauty,Baylis & Harding Jasmine & Apple Blossom Hand Wash 5L Refill. A health and beauty product. Supplied as 5L.,No regulation
simple,5060112865534,Fushi Organic Saw Palmetto 60 Capsules,0,0,0,11.99,taxable,,Vitamins,Fushi Organic Saw Palmetto 60 Capsules. A vitamins and supplements product. Supplied as 60 Capsules.,No regulation
simple,5060480200272,Georganics Oilpulling Mouthwash Activated Charcoal 275ml,0,0,0,11.99,taxable,,Oral Care,Georganics Oilpulling Mouthwash Activated Charcoal 275ml. An oral care product. Supplied as 275ml.,No regulation
simple,5015802278200,Colony Vanilla & Cashmere Medium Candle 335g,0,0,0,11.99,taxable,,Beauty,Colony Vanilla & Cashmere Medium Candle 335g. A health and beauty product. Supplied as 335g.,No regulation
simple,1230000007405,Astroglide x Premium Silicone Liquid 74ml,0,0,0,11.99,taxable,,General Health,Astroglide x Premium Silicone Liquid 74ml. A health and wellbeing product. Supplied as 74ml.,No regulation
simple,5060203790370,Terranova Vitamin C 250mg Complex 50 Pack,0,0,0,11.99,taxable,,Vitamins,Terranova Vitamin C 250mg Complex 50 Pack. A vitamins and supplements product. Supplied as 50 Pack.,No regulation
simple,9349392000160,RhinoMed Mute Snore Less Sleep Better Trial Pack S/M/L,0,0,0,11.99,taxable,,General Health,RhinoMed Mute Snore Less Sleep Better Trial Pack S/M/L. A health and wellbeing product.,No regulation
simple,5060193641768,Bloom & Blossom Wonder Worker Multi Tasking Balm 50ml,0,0,0,11.99,taxable,,Skincare,Bloom & Blossom Wonder Worker Multi Tasking Balm 50ml. A skincare product. Supplied as 50ml.,No regulation
simple,4008666213358,Alpecin Tuning Shampoo 200ml,0,0,0,11.99,taxable,,Hair Care,Alpecin Tuning Shampoo 200ml. A hair care product. Supplied as 200ml.,No regulation
simple,4064273000132,Diprobase Advanced Eczema Cream 500ml,0,0,0,11.99,taxable,,Skincare,Diprobase Advanced Eczema Cream 500ml. A skincare product. Supplied as 500ml.,GSL
simple,0886284903332,Pet Head Ditch the Dirt Spray 300ml,0,0,0,11.99,taxable,,Pet Care,Pet Head Ditch the Dirt Spray 300ml. A pet care product. Supplied as 300ml.,No regulation
simple,7702018551101,Gillette Venus Limited Edition Extra Smooth Platinum Shaving Set,0,0,0,11.99,taxable,,Men's Grooming,Gillette Venus Limited Edition Extra Smooth Platinum Shaving Set. A men's grooming product.,No regulation
simple,8710522939413,Simple Skin Hydrating Beauty Bag Gift Set,0,0,0,11.99,taxable,,Skincare,Simple Skin Hydrating Beauty Bag Gift Set. A skincare product.,No regulation
simple,5060571821706,The Good Guru Organic MultiVitamin for Women 60 Capsules,0,0,0,11.99,taxable,,Women's Health,The Good Guru Organic MultiVitamin for Women 60 Capsules. A women's health product. Supplied as 60 Capsules.,No regulation
simple,0895531010174,Australian Gold Dark Sunshine 130ml,0,0,0,11.99,taxable,,General Health,Australian Gold Dark Sunshine 130ml. A health and wellbeing product. Supplied as 130ml.,No regulation
simple,5060448081233,Drapolene Cream 350g,0,0,0,11.99,taxable,,Skincare,Drapolene Cream 350g. A skincare product. Supplied as 350g.,GSL
simple,5013455330054,Weleda Hay Fever Relief Oral Spray 20ml,0,0,0,11.99,taxable,,Vitamins,Weleda Hay Fever Relief Oral Spray 20ml. A vitamins and supplements product. Supplied as 20ml.,No regulation
simple,5060361080511,Xailin Ha Eye Drops 10ml,0,0,0,11.99,taxable,,Eye Care,"Xailin Ha Eye Drops 10ml. Always read the label and any leaflet supplied. If symptoms persist, speak to your pharmacist or doctor. Supplied as 10ml.",No regulation
simple,5060291420203,Nursem Caring Skin Fix 50ml,0,0,0,11.99,taxable,,Skincare,Nursem Caring Skin Fix 50ml. A skincare product. Supplied as 50ml.,No regulation
simple,5011309019711,Oilatum Emollient Cream 500ml,0,0,0,11.99,taxable,,Skincare,Oilatum Emollient Cream 500ml. A skincare product. Supplied as 500ml.,GSL
simple,5000309007545,Nexium Control 20mg Gastro-Resistant Tablets 14 Pack,0,0,0,11.99,taxable,,Vitamins,Nexium Control 20mg Gastro-Resistant Tablets 14 Pack. A vitamins and supplements product. Supplied as 14 Pack.,GSL
simple,5015915832047,Lactulose 3.3g/5ml Oral Solution 500ml,0,0,0,11.99,taxable,,Prescription Medicines,"Lactulose 3.3g/5ml Oral Solution 500ml. Prescription-only medicine, supplied after an online consultation with our pharmacist. Always read the label and any leaflet supplied. If symptoms persist, speak to your pharmacist or doctor. Supplied as 500ml.",P
simple,5065010483019,Fussy Natural Deodorant Wavy Days Starter Pack,0,0,0,11.99,taxable,,Beauty,Fussy Natural Deodorant Wavy Days Starter Pack. A health and beauty product.,No regulation
simple,7610313303557,A.Vogel Echinaforce Echinacea 120 Tablets,0,0,0,11.99,taxable,,Vitamins,A.Vogel Echinaforce Echinacea 120 Tablets. A vitamins and supplements product. Supplied as 120 Tablets.,No regulation
simple,0886284902335,Pet Head Mucky Pup Spray 300ml,0,0,0,11.99,taxable,,Pet Care,Pet Head Mucky Pup Spray 300ml. A pet care product. Supplied as 300ml.,No regulation
simple,5013455330016,Weleda Muscular Pain Relief Oral Spray 20ml,0,0,0,11.99,taxable,,Pain Relief,"Weleda Muscular Pain Relief Oral Spray 20ml. Always read the label and any leaflet supplied. If symptoms persist, speak to your pharmacist or doctor. Supplied as 20ml.",GSL
simple,5025903027201,Nutri Within Magnesium Supplements 200mg,0,0,0,11.99,taxable,,Vitamins,Nutri Within Magnesium Supplements 200mg. A vitamins and supplements product. Supplied as 200mg.,No regulation
simple,5013692252423,Firetrap Nocturnal Eau De Toilette Set,0,0,0,11.99,taxable,,Beauty,Firetrap Nocturnal Eau De Toilette Set. A health and beauty product.,No regulation
simple,9335955000166,MooGoo Sensitive Skin Balm 120g,0,0,0,11.99,taxable,,Skincare,MooGoo Sensitive Skin Balm 120g. A skincare product. Supplied as 120g.,No regulation
simple,5038581130125,Yankee Candle Home Inspiration Pick & Mix 538g,0,0,0,11.99,taxable,,Beauty,Yankee Candle Home Inspiration Pick & Mix 538g. A health and beauty product. Supplied as 538g.,No regulation
simple,0886284905336,Pet Head Furtastic Spray 300ml,0,0,0,11.99,taxable,,Pet Care,Pet Head Furtastic Spray 300ml. A pet care product. Supplied as 300ml.,No regulation
simple,0083000016578,Nature's Answer PerioBrite Mouthwash Cinnamint,0,0,0,11.98,taxable,,Oral Care,Nature's Answer PerioBrite Mouthwash Cinnamint. An oral care product.,No regulation
simple,5025970013275,Nivea Pampering Indulgence Gift Set,0,0,0,11.97,taxable,,Beauty,Nivea Pampering Indulgence Gift Set. A health and beauty product.,No regulation
simple,5038581120591,Yankee Candle Home Inspiration White Pine Cones 538g,0,0,0,11.97,taxable,,Beauty,Yankee Candle Home Inspiration White Pine Cones 538g. A health and beauty product. Supplied as 538g.,No regulation
simple,3416387770073,Z-Gel All-Purpose Soothing Gel 60ml,0,0,0,11.97,taxable,,Skincare,Z-Gel All-Purpose Soothing Gel 60ml. A skincare product. Supplied as 60ml.,No regulation
simple,5031013109683,Higher Nature Icelandic Seaweed Calcium 60 Capsules,0,0,0,11.95,taxable,,Vitamins,Higher Nature Icelandic Seaweed Calcium 60 Capsules. A vitamins and supplements product. Supplied as 60 Capsules.,No regulation
simple,5031013102929,Higher Nature Colloidal Silver 15ml,0,0,0,11.95,taxable,,Vitamins,Higher Nature Colloidal Silver 15ml. A vitamins and supplements product. Supplied as 15ml.,No regulation
simple,5031013101106,Higher Nature Pro-Daily 90 Tablets,0,0,0,11.95,taxable,,Vitamins,Higher Nature Pro-Daily 90 Tablets. A vitamins and supplements product. Supplied as 90 Tablets.,No regulation
simple,4020829005181,Dr. Hauschka Cleansing Cream 50ml,0,0,0,11.89,taxable,,Skincare,Dr. Hauschka Cleansing Cream 50ml. A skincare product. Supplied as 50ml.,No regulation
simple,5023652481039,Wild Earth Multivitamin & Minerals for Women 30 Capsules,0,0,0,11.89,taxable,,Women's Health,Wild Earth Multivitamin & Minerals for Women 30 Capsules. A women's health product. Supplied as 30 Capsules.,No regulation
simple,5012616172403,Lyclear Creme Rinse 59ml 2 Pack,0,0,0,11.89,taxable,,Prescription Medicines,"Lyclear Creme Rinse 59ml 2 Pack. Prescription-only medicine, supplied after an online consultation with our pharmacist. Always read the label and any leaflet supplied. If symptoms persist, speak to your pharmacist or doctor. Supplied as 2 Pack.",P
simple,0033984009554,Solgar Natural Cranberry with Vitamin C 60 Capsules,0,0,0,11.89,taxable,,Vitamins,Solgar Natural Cranberry with Vitamin C 60 Capsules. A vitamins and supplements product. Supplied as 60 Capsules.,No regulation
simple,5031013102059,Higher Nature MSM Joint & Muscle Warming Balm 100ml,0,0,0,11.89,taxable,,Pain Relief,"Higher Nature MSM Joint & Muscle Warming Balm 100ml. Always read the label and any leaflet supplied. If symptoms persist, speak to your pharmacist or doctor. Supplied as 100ml.",No regulation
simple,8809540510251,Benton Honest Cleansing Foam 150ml,0,0,0,11.89,taxable,,Skincare,Benton Honest Cleansing Foam 150ml. A skincare product. Supplied as 150ml.,No regulation
simple,5060052450005,Dandrazol Anti-Dandruff Shampoo 100ml,0,0,0,11.89,taxable,,Hair Care,Dandrazol Anti-Dandruff Shampoo 100ml. A hair care product. Supplied as 100ml.,GSL
simple,0017854109827,Baylis & Harding Sweet Mandarin & Grapefruit Wash Bag Set,0,0,0,11.89,taxable,,Beauty,Baylis & Harding Sweet Mandarin & Grapefruit Wash Bag Set. A health and beauty product.,No regulation
simple,5055148414528,Lamberts Bio-Iron Complex 120 Tablets,0,0,0,11.89,taxable,,Vitamins,Lamberts Bio-Iron Complex 120 Tablets. A vitamins and supplements product. Supplied as 120 Tablets.,No regulation
simple,5038581028897,Yankee Candle Home Inspiration Stony Cove 538g,0,0,0,11.89,taxable,,Beauty,Yankee Candle Home Inspiration Stony Cove 538g. A health and beauty product. Supplied as 538g.,No regulation
simple,5060447948766,Childs Farm 50+ SPF Spray Sun Lotion 100ml,0,0,0,11.89,taxable,,Skincare,Childs Farm 50+ SPF Spray Sun Lotion 100ml. A skincare product. Supplied as 100ml.,No regulation
simple,5010249041714,FSC Original Formula 600 120 Capsules,0,0,0,11.89,taxable,,Vitamins,FSC Original Formula 600 120 Capsules. A vitamins and supplements product. Supplied as 120 Capsules.,No regulation
simple,0033984010505,Solgar Ester-C Plus 1000mg Vitamin C 30 Tablets,0,0,0,11.89,taxable,,Vitamins,Solgar Ester-C Plus 1000mg Vitamin C 30 Tablets. A vitamins and supplements product. Supplied as 30 Tablets.,No regulation
simple,0033984025400,Solgar Selenium 200µg (Yeast Bound) 50 Tablets,0,0,0,11.89,taxable,,Vitamins,Solgar Selenium 200µg (Yeast Bound) 50 Tablets. A vitamins and supplements product. Supplied as 50 Tablets.,No regulation
simple,5011309580013,Hedrin Liquid Gel 100ml,0,0,0,11.89,taxable,,Skincare,Hedrin Liquid Gel 100ml. A skincare product. Supplied as 100ml.,No regulation
simple,5060018513263,KIKI Health Zeolite with Activated Charcoal 100 Capsules,0,0,0,11.89,taxable,,Vitamins,KIKI Health Zeolite with Activated Charcoal 100 Capsules. A vitamins and supplements product. Supplied as 100 Capsules.,No regulation
simple,0792850012950,Burt's Bees Ultimate Care Body Lotion 170g,0,0,0,11.89,taxable,,Skincare,Burt's Bees Ultimate Care Body Lotion 170g. A skincare product. Supplied as 170g.,No regulation
simple,0017854109896,Baylis & Harding Black Pepper & Ginseng Bath Trio Set,0,0,0,11.89,taxable,,Beauty,Baylis & Harding Black Pepper & Ginseng Bath Trio Set. A health and beauty product.,No regulation
simple,5060229017949,Pukka Wholistic Ashwagandha 30 Capsules,0,0,0,11.89,taxable,,Vitamins,Pukka Wholistic Ashwagandha 30 Capsules. A vitamins and supplements product. Supplied as 30 Capsules.,No regulation
simple,0654749361023,Avalon Thickening Biotin B-Complex Shampoo 414ml,0,0,0,11.89,taxable,,Hair Care,Avalon Thickening Biotin B-Complex Shampoo 414ml. A hair care product. Supplied as 414ml.,No regulation
simple,0033984006232,Solgar Menoprime 30 Tablets,0,0,0,11.89,taxable,,Vitamins,Solgar Menoprime 30 Tablets. A vitamins and supplements product. Supplied as 30 Tablets.,No regulation
simple,5012616265150,Lyclear Treatment Shampoo with Comb 200ml,0,0,0,11.89,taxable,,Hair Care,Lyclear Treatment Shampoo with Comb 200ml. A hair care product. Supplied as 200ml.,GSL
simple,0033984018457,Solgar Neuro-Nutrients 30 Capsules,0,0,0,11.89,taxable,,Vitamins,Solgar Neuro-Nutrients 30 Capsules. A vitamins and supplements product. Supplied as 30 Capsules.,No regulation
simple,5060119669999,Lumecare Advance Carmellose Soothing Eye Drops 10ml,0,0,0,11.89,taxable,,Eye Care,"Lumecare Advance Carmellose Soothing Eye Drops 10ml. Always read the label and any leaflet supplied. If symptoms persist, speak to your pharmacist or doctor. Supplied as 10ml.",GSL
simple,5060447948735,Childs Farm Sun Cream SPF50+ 100ml,0,0,0,11.89,taxable,,Skincare,Childs Farm Sun Cream SPF50+ 100ml. A skincare product. Supplied as 100ml.,No regulation
simple,0033984011663,Solgar Formula Vm-75 Capsules 60 Pack,0,0,0,11.89,taxable,,Vitamins,Solgar Formula Vm-75 Capsules 60 Pack. A vitamins and supplements product. Supplied as 60 Pack.,No regulation
simple,5029354011147,Activjuice Orange & Pineapple 500ml,0,0,0,11.89,taxable,,General Health,Activjuice Orange & Pineapple 500ml. A health and wellbeing product. Supplied as 500ml.,No regulation
simple,7643022218904,Shea Moisture Red Palm Oil & Cocoa Butter Curl Stretch Pudding 340g,0,0,0,11.89,taxable,,Skincare,Shea Moisture Red Palm Oil & Cocoa Butter Curl Stretch Pudding 340g. A skincare product. Supplied as 340g.,No regulation
simple,0033984022003,Solgar L-Phenylalanine 500mg 50 Capsules,0,0,0,11.89,taxable,,Vitamins,Solgar L-Phenylalanine 500mg 50 Capsules. A vitamins and supplements product. Supplied as 50 Capsules.,No regulation
simple,4051895014562,Fresubin Protein Energy Drink Vanilla 4 x 200ml,0,0,0,11.89,taxable,,Vitamins,Fresubin Protein Energy Drink Vanilla 4 x 200ml. A vitamins and supplements product. Supplied as 4 x 200ml.,No regulation
simple,5060332531196,Lindens Health + Nutrition Garlic 6000mg 365 Capsules,0,0,0,11.89,taxable,,Vitamins,Lindens Health + Nutrition Garlic 6000mg 365 Capsules. A vitamins and supplements product. Supplied as 365 Capsules.,No regulation
simple,5055148411039,Lamberts L-Glutamine 500mg 90 Capsules,0,0,0,11.89,taxable,,Vitamins,Lamberts L-Glutamine 500mg 90 Capsules. A vitamins and supplements product. Supplied as 90 Capsules.,No regulation
simple,7643022212278,Shea Moisture Superfruit 10-In-1 Multi Benefit Masque 326ml,0,0,0,11.89,taxable,,Skincare,Shea Moisture Superfruit 10-In-1 Multi Benefit Masque 326ml. A skincare product. Supplied as 326ml.,No regulation
simple,8809479164297,11 Village Factory Moisture Cleansing Foam 150ml,0,0,0,11.89,taxable,,Skincare,11 Village Factory Moisture Cleansing Foam 150ml. A skincare product. Supplied as 150ml.,No regulation
simple,5065000523459,Pukka Aloe Vera Juice 500ml,0,0,0,11.89,taxable,,Vitamins,Pukka Aloe Vera Juice 500ml. A vitamins and supplements product. Supplied as 500ml.,No regulation
simple,0033984008830,Solgar Ester-C Plus 24 Hour Immune Support 21 Powder Sachets,0,0,0,11.89,taxable,,Supports & Braces,Solgar Ester-C Plus 24 Hour Immune Support 21 Powder Sachets. A support and mobility product.,No regulation
simple,5060310350900,Indigo Nutrition Reishi Mushroom Powder 50g,0,0,0,11.89,taxable,,Vitamins,Indigo Nutrition Reishi Mushroom Powder 50g. A vitamins and supplements product. Supplied as 50g.,No regulation
simple,7322540574814,Tena Pants Protect+ Super Medium 12 Pack,0,0,0,11.89,taxable,zero-rate,Continence,Tena Pants Protect+ Super Medium 12 Pack. A continence care product. Supplied as 12 Pack.,No regulation
simple,9314839019036,SunSense Kids Sun Lotion SPF 50+ 125ml,0,0,0,11.89,taxable,,Skincare,SunSense Kids Sun Lotion SPF 50+ 125ml. A skincare product. Supplied as 125ml.,No regulation
simple,5031013107443,Higher Nature Skin Support 60 Capsules,0,0,0,11.89,taxable,,Supports & Braces,Higher Nature Skin Support 60 Capsules. A support and mobility product. Supplied as 60 Capsules.,No regulation
simple,96200568,BetterYou Air Defence Daily Oral Spray 25ml,0,0,0,11.89,taxable,,Beauty,BetterYou Air Defence Daily Oral Spray 25ml. A health and beauty product. Supplied as 25ml.,No regulation
simple,0033984015807,Solgar Lipotropic Factors 50 Tablets,0,0,0,11.89,taxable,,Vitamins,Solgar Lipotropic Factors 50 Tablets. A vitamins and supplements product. Supplied as 50 Tablets.,No regulation
simple,5060319461232,It's Pure Organic Herbal Hair Colour Golden Blonde 110g,0,0,0,11.89,taxable,,Hair Care,It's Pure Organic Herbal Hair Colour Golden Blonde 110g. A hair care product. Supplied as 110g.,No regulation
simple,4013474103494,Gehwol Gehwol Softening Balm 125ml,0,0,0,11.89,taxable,,Skincare,Gehwol Gehwol Softening Balm 125ml. A skincare product. Supplied as 125ml.,No regulation
simple,0033984008663,Solgar Chromium Picolinate 200mg 90 Capsules,0,0,0,11.89,taxable,,Vitamins,Solgar Chromium Picolinate 200mg 90 Capsules. A vitamins and supplements product. Supplied as 90 Capsules.,No regulation
simple,5000309008467,Nexium Control 20mg Gastro-Resistant 14 Capsules,0,0,0,11.89,taxable,,Vitamins,Nexium Control 20mg Gastro-Resistant 14 Capsules. A vitamins and supplements product. Supplied as 14 Capsules.,GSL
simple,5060216560779,Sambucol Immuno Forte 30 Capsules,0,0,0,11.79,taxable,,Vitamins,Sambucol Immuno Forte 30 Capsules. A vitamins and supplements product. Supplied as 30 Capsules.,No regulation
simple,4005800182020,Eucerin DermoPurifyer Toner 200ml,0,0,0,11.79,taxable,,Skincare,Eucerin DermoPurifyer Toner 200ml. A skincare product. Supplied as 200ml.,No regulation
simple,0792850001688,Burt's Bees Shea Butter Repair Hand Cream 90g,0,0,0,11.79,taxable,,Skincare,Burt's Bees Shea Butter Repair Hand Cream 90g. A skincare product. Supplied as 90g.,No regulation
simple,9335955002634,MooGoo Gentle Exfoliating Micro Powder 75g,0,0,0,11.79,taxable,,Skincare,MooGoo Gentle Exfoliating Micro Powder 75g. A skincare product. Supplied as 75g.,No regulation
simple,5060310350450,Indigo Nutrition Organic Cacao Butter 500g,0,0,0,11.79,taxable,,Vitamins,Indigo Nutrition Organic Cacao Butter 500g. A vitamins and supplements product. Supplied as 500g.,No regulation
simple,5000158071353,Gaviscon Double Action Mint 48 Tablets,0,0,0,11.79,taxable,,Digestive,"Gaviscon Double Action Mint 48 Tablets. Always read the label and any leaflet supplied. If symptoms persist, speak to your pharmacist or doctor. Supplied as 48 Tablets.",GSL
simple,4005800035548,Eucerin Dry Skin Intensive Lotion 250ml,0,0,0,11.79,taxable,,Skincare,Eucerin Dry Skin Intensive Lotion 250ml. A skincare product. Supplied as 250ml.,No regulation
simple,4005800182044,Eucerin Dermopurifyer Scrub 100ml,0,0,0,11.79,taxable,,Beauty,Eucerin Dermopurifyer Scrub 100ml. A health and beauty product. Supplied as 100ml.,No regulation
simple,0033984027312,Solgar L-Theanine 150mg Vegetable 30 Capsules,0,0,0,11.79,taxable,,Vitamins,Solgar L-Theanine 150mg Vegetable 30 Capsules. A vitamins and supplements product. Supplied as 30 Capsules.,No regulation
simple,5060805780007,Lovima 75 Microgram Film-Coated 28 Tablets,0,0,0,11.79,taxable,,Prescription Medicines,"Lovima 75 Microgram Film-Coated 28 Tablets. Prescription-only medicine, supplied after an online consultation with our pharmacist. Always read the label and any leaflet supplied. If symptoms persist, speak to your pharmacist or doctor. Supplied as 28 Tablets.",P
simple,7702018401055,Gillette Venus Flexi Ball Deluxe Smooth Swirl Razor,0,0,0,11.79,taxable,,Men's Grooming,Gillette Venus Flexi Ball Deluxe Smooth Swirl Razor. A men's grooming product.,No regulation
simple,5060409580461,Nutrigen Childrens Vegy Syrup 200ml,0,0,0,11.79,taxable,,General Health,Nutrigen Childrens Vegy Syrup 200ml. A health and wellbeing product. Supplied as 200ml.,No regulation
simple,5020465201496,Cetaphil Gentle Exfol Cleanser 178ml,0,0,0,11.79,taxable,,Skincare,Cetaphil Gentle Exfol Cleanser 178ml. A skincare product. Supplied as 178ml.,No regulation
simple,5011417578285,Gaviscon Double Action Mixed Berries 48 Chewable Tablets,0,0,0,11.79,taxable,,Digestive,"Gaviscon Double Action Mixed Berries 48 Chewable Tablets. Always read the label and any leaflet supplied. If symptoms persist, speak to your pharmacist or doctor. Supplied as 48 Chewable.",No regulation
simple,0074312002595,Nature's Bounty L-Carnitine 500mg 30 Caplets,0,0,0,11.79,taxable,,General Health,Nature's Bounty L-Carnitine 500mg 30 Caplets. A health and wellbeing product. Supplied as 500mg.,No regulation
simple,5011417573587,Scholl Corn Complete Removal Pen 4ml,0,0,0,11.69,taxable,,Supports & Braces,Scholl Corn Complete Removal Pen 4ml. A support and mobility product. Supplied as 4ml.,No regulation
simple,5010605640117,Canesten Thrush Soft Gel 1 Pessary,0,0,0,11.69,taxable,,Women's Health,"Canesten Thrush Soft Gel 1 Pessary. Prescription-only medicine, supplied after an online consultation with our pharmacist. Always read the label and any leaflet supplied. If symptoms persist, speak to your pharmacist or doctor.",P
simple,0054402700778,Australian Gold SPF6 Spray Gel 237ml,0,0,0,11.69,taxable,,Skincare,Australian Gold SPF6 Spray Gel 237ml. A skincare product. Supplied as 237ml.,No regulation
simple,0054402700792,Australian Gold SPF50 Lotion 237ml,0,0,0,11.69,taxable,,Skincare,Australian Gold SPF50 Lotion 237ml. A skincare product. Supplied as 237ml.,No regulation
simple,3760201136430,Lamazuna Cleansing Wipes with Wash Bag & Wood Box 10 Pack,0,0,0,11.69,taxable,,Skincare,Lamazuna Cleansing Wipes with Wash Bag & Wood Box 10 Pack. A skincare product. Supplied as 10 Pack.,No regulation
simple,9327693004414,Sukin Super Greens Clay Masque 100ml,0,0,0,11.69,taxable,,Vitamins,Sukin Super Greens Clay Masque 100ml. A vitamins and supplements product. Supplied as 100ml.,No regulation
simple,4004148332401,Floradix Vitamin B Complex 250ml,0,0,0,11.69,taxable,,Vitamins,Floradix Vitamin B Complex 250ml. A vitamins and supplements product. Supplied as 250ml.,No regulation
simple,4011700435173,Tabac Shaving Soap Bowl 125g,0,0,0,11.69,taxable,,Men's Grooming,Tabac Shaving Soap Bowl 125g. A men's grooming product. Supplied as 125g.,No regulation
simple,0033984010321,Solgar Advanced Antioxidant Formula 30 Capsules,0,0,0,11.69,taxable,,Vitamins,Solgar Advanced Antioxidant Formula 30 Capsules. A vitamins and supplements product. Supplied as 30 Capsules.,No regulation
simple,5060229011886,Pukka Wholistic Triphala 30 Capsules,0,0,0,11.69,taxable,,Vitamins,Pukka Wholistic Triphala 30 Capsules. A vitamins and supplements product. Supplied as 30 Capsules.,No regulation
simple,4064951001246,Frontline Spot On for Dogs 10-20kg 1 Pack,0,0,0,11.69,taxable,,Pet Care,Frontline Spot On for Dogs 10-20kg 1 Pack. A pet care product. Supplied as 1 Pack.,No regulation
simple,5011417572481,Guardium Acid Reflux Control 20mg 14 Tablets,0,0,0,11.69,taxable,,Digestive,"Guardium Acid Reflux Control 20mg 14 Tablets. Always read the label and any leaflet supplied. If symptoms persist, speak to your pharmacist or doctor. Supplied as 14 Tablets.",GSL
simple,5060035240678,Dermatix Silicone Sheet Clear 4cm x 13cm,0,0,0,11.69,taxable,,General Health,Dermatix Silicone Sheet Clear 4cm x 13cm. A health and wellbeing product.,No regulation
simple,4005800182006,Eucerin Dermo Purifyer Oil Control Adjunctive Soothing Cream 50ml,0,0,0,11.69,taxable,,Skincare,Eucerin Dermo Purifyer Oil Control Adjunctive Soothing Cream 50ml. A skincare product. Supplied as 50ml.,No regulation
simple,3574661411545,Aveeno Dermexa Emollient Cream 200ml,0,0,0,11.69,taxable,,Skincare,Aveeno Dermexa Emollient Cream 200ml. A skincare product. Supplied as 200ml.,No regulation
simple,5060562640040,Birch & Wilde Organic Sea Kelp Refill Pouch 60 Capsules,0,0,0,11.69,taxable,,Vitamins,Birch & Wilde Organic Sea Kelp Refill Pouch 60 Capsules. A vitamins and supplements product. Supplied as 60 Capsules.,No regulation
simple,5027599007215,Lotil Cream Pump 500ml,0,0,0,11.69,taxable,,Skincare,Lotil Cream Pump 500ml. A skincare product. Supplied as 500ml.,No regulation
simple,5012616172700,Lyclear Head Lice Repellent Leave-In Spray 100ml,0,0,0,11.59,taxable,,Beauty,Lyclear Head Lice Repellent Leave-In Spray 100ml. A health and beauty product. Supplied as 100ml.,GSL
simple,5060176674127,Dr. Organic Snail Gel Eye Serum 15ml,0,0,0,11.59,taxable,,Skincare,Dr. Organic Snail Gel Eye Serum 15ml. A skincare product. Supplied as 15ml.,No regulation
simple,5013455330061,Weleda Cold Relief Oral Spray 20ml,0,0,0,11.59,taxable,,Cold & Flu,"Weleda Cold Relief Oral Spray 20ml. Always read the label and any leaflet supplied. If symptoms persist, speak to your pharmacist or doctor. Supplied as 20ml.",GSL
simple,5060332536344,Lindens Health + Nutrition Vitamin D3 5000IU 360 Capsules,0,0,0,11.59,taxable,,Vitamins,Lindens Health + Nutrition Vitamin D3 5000IU 360 Capsules. A vitamins and supplements product. Supplied as 360 Capsules.,No regulation
simple,5055148414252,Lamberts Maxi-Hair 60 Tablets,0,0,0,11.59,taxable,,Hair Care,Lamberts Maxi-Hair 60 Tablets. A hair care product. Supplied as 60 Tablets.,No regulation
simple,3800219794137,Alteya Organic Bulgarian Rose Water Spray 240ml,0,0,0,11.59,taxable,,Beauty,Alteya Organic Bulgarian Rose Water Spray 240ml. A health and beauty product. Supplied as 240ml.,No regulation
simple,5023652214095,"Nature's Aid Hair, Skin & Nails Formula 90 Tablets",0,0,0,11.59,taxable,,Hair Care,"Nature's Aid Hair, Skin & Nails Formula 90 Tablets. A hair care product. Supplied as 90 Tablets.",No regulation
simple,3760201136379,Lamazuna Shaving Bar (Green Tea & Lemon) 17g,0,0,0,11.59,taxable,,Men's Grooming,Lamazuna Shaving Bar (Green Tea & Lemon) 17g. A men's grooming product. Supplied as 17g.,No regulation
simple,3337875597203,CeraVe Micellar Cleansing Water 295ml,0,0,0,11.59,taxable,,Skincare,CeraVe Micellar Cleansing Water 295ml. A skincare product. Supplied as 295ml.,No regulation
simple,0753950002999,Doctor's Best Fully Active B-Complex with Quatrefolic 30 Veggie Caps,0,0,0,11.59,taxable,,Women's Health,Doctor's Best Fully Active B-Complex with Quatrefolic 30 Veggie Caps. A women's health product.,No regulation
simple,5034511001657,Green People Cleanse & Makeup Remover 50ml,0,0,0,11.59,taxable,,Beauty,Green People Cleanse & Makeup Remover 50ml. A health and beauty product. Supplied as 50ml.,No regulation
simple,4005800181757,Eucerin DermoPurifyer Cleansing Gel 200ml,0,0,0,11.59,taxable,,Skincare,Eucerin DermoPurifyer Cleansing Gel 200ml. A skincare product. Supplied as 200ml.,No regulation
simple,0753950004597,Doctor's Best High Absorption Iron with Ferrochel 27mg 120 Tablets,0,0,0,11.59,taxable,,Vitamins,Doctor's Best High Absorption Iron with Ferrochel 27mg 120 Tablets. A vitamins and supplements product. Supplied as 120 Tablets.,No regulation
simple,5055148410360,Lamberts Silica Complete 60 Tablets,0,0,0,11.59,taxable,,Vitamins,Lamberts Silica Complete 60 Tablets. A vitamins and supplements product. Supplied as 60 Tablets.,No regulation
simple,5060018513256,KIKI Health Zeolite Vegicaps 100 Capsules,0,0,0,11.59,taxable,,Vitamins,KIKI Health Zeolite Vegicaps 100 Capsules. A vitamins and supplements product. Supplied as 100 Capsules.,No regulation
simple,7350012555115,BioGaia Protectis Chewable Tablets Strawberry Flavour 30 Pack,0,0,0,11.59,taxable,,Vitamins,BioGaia Protectis Chewable Tablets Strawberry Flavour 30 Pack. A vitamins and supplements product. Supplied as 30 Pack.,No regulation
simple,5060084174764,Profoot Men's Heel & Arch Pain Relief Orthotics 1 Pair,0,0,0,11.59,taxable,,Supports & Braces,Profoot Men's Heel & Arch Pain Relief Orthotics 1 Pair. A support and mobility product.,No regulation
simple,0033984020603,Solgar L-Ornithine 500mg 50 Capsules,0,0,0,11.59,taxable,,Vitamins,Solgar L-Ornithine 500mg 50 Capsules. A vitamins and supplements product. Supplied as 50 Capsules.,No regulation
simple,9314839015809,SunSense Ultra for The Family SPF50+ 125,0,0,0,11.59,taxable,,Skincare,SunSense Ultra for The Family SPF50+ 125. A skincare product.,No regulation
simple,5034511005051,Green People Organic Children Shampoo & Body Wash Lavender Burst 200ml,0,0,0,11.59,taxable,,Hair Care,Green People Organic Children Shampoo & Body Wash Lavender Burst 200ml. A hair care product. Supplied as 200ml.,No regulation
simple,5060203791773,"Terranova Astragalus, Elderberry & Garlic Complex 50 Pack",0,0,0,11.59,taxable,,Vitamins,"Terranova Astragalus, Elderberry & Garlic Complex 50 Pack. A vitamins and supplements product. Supplied as 50 Pack.",No regulation
simple,0851325002107,Macadamia Natural Oil Rejuvenating Shampoo 300ml,0,0,0,11.59,taxable,,Hair Care,Macadamia Natural Oil Rejuvenating Shampoo 300ml. A hair care product. Supplied as 300ml.,No regulation
simple,5013455330030,Weleda Stress Relief Oral Spray 20ml,0,0,0,11.59,taxable,,Vitamins,Weleda Stress Relief Oral Spray 20ml. A vitamins and supplements product. Supplied as 20ml.,GSL
simple,6248905679820,Urban Tonic Beard Wash 125ml,0,0,0,11.59,taxable,,Men's Grooming,Urban Tonic Beard Wash 125ml. A men's grooming product. Supplied as 125ml.,No regulation
simple,5060391848099,Dr. Organic Mum Stretch Mark Oil with Calendula 100ml,0,0,0,11.59,taxable,,Skincare,Dr. Organic Mum Stretch Mark Oil with Calendula 100ml. A skincare product. Supplied as 100ml.,No regulation
simple,5000283661641,DulcoSoft Powder Oral Solution 20 Sachets,0,0,0,11.59,taxable,,Vitamins,DulcoSoft Powder Oral Solution 20 Sachets. A vitamins and supplements product. Supplied as 20 Sachets.,GSL
simple,5055148410957,Lamberts L-Histidine 500mg 30 Capsules,0,0,0,11.49,taxable,,Vitamins,Lamberts L-Histidine 500mg 30 Capsules. A vitamins and supplements product. Supplied as 30 Capsules.,No regulation
simple,0634158970115,Mushrooms 4 Life Organic Cordyceps Beetroot Latte 10 Sachets,0,0,0,11.49,taxable,zero-rate,Vitamins,Mushrooms 4 Life Organic Cordyceps Beetroot Latte 10 Sachets. A vitamins and supplements product. Supplied as 10 Sachets.,No regulation
simple,7702018347629,Gillette Venus 5 Extra Smooth Replacement Blades 4 Pack,0,0,0,11.49,taxable,,General Health,Gillette Venus 5 Extra Smooth Replacement Blades 4 Pack. A health and wellbeing product. Supplied as 4 Pack.,No regulation
simple,5709976999862,Pharma Nord Q10 Revitalizing Day Cream 50ml,0,0,0,11.49,taxable,,Skincare,Pharma Nord Q10 Revitalizing Day Cream 50ml. A skincare product. Supplied as 50ml.,No regulation
simple,96195086,BetterYou Pregnancy Daily Oral Spray 25ml,0,0,0,11.49,taxable,,Beauty,BetterYou Pregnancy Daily Oral Spray 25ml. A health and beauty product. Supplied as 25ml.,No regulation
simple,4005800036712,Eucerin Dermo Capillaire Calming Urea Scalp Treatment 100ml,0,0,0,11.49,taxable,,Hair Care,Eucerin Dermo Capillaire Calming Urea Scalp Treatment 100ml. A hair care product. Supplied as 100ml.,No regulation
simple,5025903027270,Nutri Within Turmeric Powder 500mg,0,0,0,11.49,taxable,,Vitamins,Nutri Within Turmeric Powder 500mg. A vitamins and supplements product. Supplied as 500mg.,No regulation
simple,5055148412715,Lamberts Choline Liver Complex with Vitamin B & Milk Thistle 60 Tablets,0,0,0,11.49,taxable,,Vitamins,Lamberts Choline Liver Complex with Vitamin B & Milk Thistle 60 Tablets. A vitamins and supplements product. Supplied as 60 Tablets.,No regulation
simple,7350005300357,Micralax Micro-enema 5ml,0,0,0,11.49,taxable,zero-rate,Prescription Medicines,"Micralax Micro-enema 5ml. Prescription-only medicine, supplied after an online consultation with our pharmacist. Always read the label and any leaflet supplied. If symptoms persist, speak to your pharmacist or doctor. Supplied as 5ml.",P
simple,5011417591109,Gaviscon Advance Peppermint Liquid 250ml,0,0,0,11.49,taxable,,Digestive,"Gaviscon Advance Peppermint Liquid 250ml. Always read the label and any leaflet supplied. If symptoms persist, speak to your pharmacist or doctor. Supplied as 250ml.",GSL
simple,3800219790207,Alteya Organic Bulgarian Rose Water Glass Bottle 100ml,0,0,0,11.49,taxable,,General Health,Alteya Organic Bulgarian Rose Water Glass Bottle 100ml. A health and wellbeing product. Supplied as 100ml.,No regulation
simple,4028694000393,Vismed Gel Multi 10ml,0,0,0,11.49,taxable,,Skincare,Vismed Gel Multi 10ml. A skincare product. Supplied as 10ml.,No regulation
simple,5060391848112,Dr. Organic Baby Massage Oil with Calendula 150ml,0,0,0,11.49,taxable,,Baby & Child,Dr. Organic Baby Massage Oil with Calendula 150ml. A baby and child product. Supplied as 150ml.,No regulation
simple,0015594010243,Astroglide Strawberry Liquid 148ml,0,0,0,11.49,taxable,,General Health,Astroglide Strawberry Liquid 148ml. A health and wellbeing product. Supplied as 148ml.,No regulation
simple,5029054224021,Kleenex Extra Large Tissues 90 x 6 Pack,0,0,0,11.49,taxable,,General Health,Kleenex Extra Large Tissues 90 x 6 Pack. A health and wellbeing product. Supplied as 90 x 6 Pack.,No regulation
simple,5060018511238,KIKI Health Premium MSM Powder 100g,0,0,0,11.49,taxable,,Vitamins,KIKI Health Premium MSM Powder 100g. A vitamins and supplements product. Supplied as 100g.,No regulation
simple,5055148415082,Lamberts Biome Balance Everyday 30 capsules,0,0,0,11.49,taxable,,Vitamins,Lamberts Biome Balance Everyday 30 capsules. A vitamins and supplements product. Supplied as 30 capsules.,No regulation
simple,3401575645851,Bioderma Sebium H2O 500ml,0,0,0,11.49,taxable,,General Health,Bioderma Sebium H2O 500ml. A health and wellbeing product. Supplied as 500ml.,No regulation
simple,5016007203851,Optive Plus Lubricating Eye Drops 0.5% 10ml,0,0,0,11.49,taxable,,Eye Care,"Optive Plus Lubricating Eye Drops 0.5% 10ml. Always read the label and any leaflet supplied. If symptoms persist, speak to your pharmacist or doctor. Supplied as 10ml.",No regulation
simple,4004148017179,Floradix Floravital Herbal Liquid Iron & Vitamin 250ml,0,0,0,11.49,taxable,,Vitamins,Floradix Floravital Herbal Liquid Iron & Vitamin 250ml. A vitamins and supplements product. Supplied as 250ml.,No regulation
simple,8430308130420,"Balneum Anti-Dandruff Shampoo for Dry, Itchy & Flaky Scalp 200ml",0,0,0,11.49,taxable,,Hair Care,"Balneum Anti-Dandruff Shampoo for Dry, Itchy & Flaky Scalp 200ml. A hair care product. Supplied as 200ml.",No regulation
simple,9335955004348,MooGoo Dry Shampoo 100g,0,0,0,11.49,taxable,,Hair Care,MooGoo Dry Shampoo 100g. A hair care product. Supplied as 100g.,No regulation
simple,7322540712513,Tena Pants Protect+ Super Small 12 Pack,0,0,0,11.49,taxable,zero-rate,Continence,Tena Pants Protect+ Super Small 12 Pack. A continence care product. Supplied as 12 Pack.,No regulation
simple,5999887678059,Osi Magnesium Oil + Capsaicin 100ml,0,0,0,11.49,taxable,,Vitamins,Osi Magnesium Oil + Capsaicin 100ml. A vitamins and supplements product. Supplied as 100ml.,No regulation
simple,5020465202509,Purifide Oil Control Mattifying Moisturiser 50ml,0,0,0,11.49,taxable,,Skincare,Purifide Oil Control Mattifying Moisturiser 50ml. A skincare product. Supplied as 50ml.,No regulation
simple,0017854117181,Baylis & Harding Citrus Lime & Mint Wash Bag & Travel Essentials Gift Set,0,0,0,11.49,taxable,,Beauty,Baylis & Harding Citrus Lime & Mint Wash Bag & Travel Essentials Gift Set. A health and beauty product.,No regulation
simple,5012564000063,Ultrabase Cream 500ml,0,0,0,11.49,taxable,,Skincare,Ultrabase Cream 500ml. A skincare product. Supplied as 500ml.,No regulation
simple,0033984000407,Solgar Alfalfa 600mg 100 Tablets,0,0,0,11.49,taxable,,Vitamins,Solgar Alfalfa 600mg 100 Tablets. A vitamins and supplements product. Supplied as 100 Tablets.,No regulation
simple,0753950002791,Doctor's Best NAC Detox Regulators 60 Veggie Capsules,0,0,0,11.49,taxable,,Vitamins,Doctor's Best NAC Detox Regulators 60 Veggie Capsules. A vitamins and supplements product.,No regulation
simple,7610313605910,A.Vogel Luffa Complex 50ml,0,0,0,11.49,taxable,,Skincare,A.Vogel Luffa Complex 50ml. A skincare product. Supplied as 50ml.,No regulation
simple,4004148017162,Floradix Siberian Ginseng Elixir 250ml,0,0,0,11.49,taxable,,General Health,Floradix Siberian Ginseng Elixir 250ml. A health and wellbeing product. Supplied as 250ml.,No regulation
simple,0895531010181,Australian Gold Bronze Sunshine 130ml,0,0,0,11.49,taxable,,General Health,Australian Gold Bronze Sunshine 130ml. A health and wellbeing product. Supplied as 130ml.,No regulation
simple,0724742008246,Alba Botanica Kukui Nut Body Cream,0,0,0,11.49,taxable,,Skincare,Alba Botanica Kukui Nut Body Cream. A skincare product.,No regulation
simple,5029354000752,Aloe Pura Aloe Vera Cranberry Juice 1000ml,0,0,0,11.49,taxable,,General Health,Aloe Pura Aloe Vera Cranberry Juice 1000ml. A health and wellbeing product. Supplied as 1000ml.,No regulation
simple,5060391848365,Dr. Organic Skin Calm Probiotic Concentrated Cream 50ml,0,0,0,11.49,taxable,,Digestive,"Dr. Organic Skin Calm Probiotic Concentrated Cream 50ml. Always read the label and any leaflet supplied. If symptoms persist, speak to your pharmacist or doctor. Supplied as 50ml.",No regulation
simple,5060499390926,Calcichew D3 100 Chewable Tablets,0,0,0,11.49,taxable,,Prescription Medicines,"Calcichew D3 100 Chewable Tablets. Prescription-only medicine, supplied after an online consultation with our pharmacist. Always read the label and any leaflet supplied. If symptoms persist, speak to your pharmacist or doctor. Supplied as 100 Chewable.",P
simple,5060035240715,Dermatix Silicone Sheet Fabric 4cm x 13cm,0,0,0,11.49,taxable,,General Health,Dermatix Silicone Sheet Fabric 4cm x 13cm. A health and wellbeing product.,No regulation
simple,5021265251124,Neuromind Original 30 Tablets,0,0,0,11.49,taxable,,Vitamins,Neuromind Original 30 Tablets. A vitamins and supplements product. Supplied as 30 Tablets.,No regulation
simple,0797776159482,Active Iron 30 Capsules,0,0,0,11.49,taxable,,Vitamins,Active Iron 30 Capsules. A vitamins and supplements product. Supplied as 30 Capsules.,No regulation
simple,5055148414283,Lamberts Premtesse 60 Tablets,0,0,0,11.49,taxable,,Vitamins,Lamberts Premtesse 60 Tablets. A vitamins and supplements product. Supplied as 60 Tablets.,No regulation
simple,5031013101847,Higher Nature Lysine 90 Tablets,0,0,0,11.45,taxable,,Vitamins,Higher Nature Lysine 90 Tablets. A vitamins and supplements product. Supplied as 90 Tablets.,No regulation
simple,5055148414177,Lamberts Cranberry Tablets 18750mg 60 Tablets,0,0,0,11.39,taxable,,Vitamins,Lamberts Cranberry Tablets 18750mg 60 Tablets. A vitamins and supplements product. Supplied as 60 Tablets.,No regulation
simple,4008666216113,Alpecin Dandruff Killer Shampoo 250ml,0,0,0,11.39,taxable,,Hair Care,Alpecin Dandruff Killer Shampoo 250ml. A hair care product. Supplied as 250ml.,No regulation
simple,3800219793857,Alteya Rose Otto Invigorating Conditioner 200ml,0,0,0,11.39,taxable,,Hair Care,Alteya Rose Otto Invigorating Conditioner 200ml. A hair care product. Supplied as 200ml.,No regulation
simple,4001638096560,Weleda Baby Calendula Oil (Unfragranced) 200ml,0,0,0,11.39,taxable,,Baby & Child,Weleda Baby Calendula Oil (Unfragranced) 200ml. A baby and child product. Supplied as 200ml.,No regulation
simple,0074312002533,Nature's Bounty Hydrolysed Collagen 1000mg with Vitamin C 90 Caplets,0,0,0,11.39,taxable,,Vitamins,Nature's Bounty Hydrolysed Collagen 1000mg with Vitamin C 90 Caplets. A vitamins and supplements product. Supplied as 1000mg.,No regulation
simple,5060519147271,Pukka Elderberry Syrup 100ml,0,0,0,11.39,taxable,,Vitamins,Pukka Elderberry Syrup 100ml. A vitamins and supplements product. Supplied as 100ml.,No regulation
simple,8435465324101,BTB Silicone Lubricant 100ml,0,0,0,11.39,taxable,,Sexual Wellness,"BTB Silicone Lubricant 100ml. Always read the label and any leaflet supplied. If symptoms persist, speak to your pharmacist or doctor. Supplied as 100ml.",No regulation
simple,0764302290230,Shea Moisture Coconut & Hibiscus Hold & Shine Moisture Mist 236ml,0,0,0,11.39,taxable,,Skincare,Shea Moisture Coconut & Hibiscus Hold & Shine Moisture Mist 236ml. A skincare product. Supplied as 236ml.,No regulation
simple,3800219793833,Alteya Rose Otto Invigorating Shampoo 200ml,0,0,0,11.39,taxable,,Hair Care,Alteya Rose Otto Invigorating Shampoo 200ml. A hair care product. Supplied as 200ml.,No regulation
simple,5055148405557,Lamberts Multi-Guard for Kids 100 Tablets,0,0,0,11.39,taxable,,Vitamins,Lamberts Multi-Guard for Kids 100 Tablets. A vitamins and supplements product. Supplied as 100 Tablets.,No regulation
simple,0033984010383,Solgar Ester-C Plus 500mg Vitamin C 50 Capsules,0,0,0,11.39,taxable,,Vitamins,Solgar Ester-C Plus 500mg Vitamin C 50 Capsules. A vitamins and supplements product. Supplied as 50 Capsules.,No regulation
simple,3337875597197,CeraVe Foaming Cleanser 236ml,0,0,0,11.39,taxable,,Skincare,CeraVe Foaming Cleanser 236ml. A skincare product. Supplied as 236ml.,No regulation
simple,5000283659181,Buscopan Ibs Relief 40 Tablets,0,0,0,11.29,taxable,,Digestive,"Buscopan Ibs Relief 40 Tablets. Always read the label and any leaflet supplied. If symptoms persist, speak to your pharmacist or doctor. Supplied as 40 Tablets.",GSL
simple,9335955002733,MooGoo Full Cream Moisturiser 200g,0,0,0,11.29,taxable,,Skincare,MooGoo Full Cream Moisturiser 200g. A skincare product. Supplied as 200g.,No regulation
simple,5056682200653,Thirty:30 Ointment 500g,0,0,0,11.29,taxable,,Skincare,Thirty:30 Ointment 500g. A skincare product. Supplied as 500g.,No regulation
simple,0033984017061,Solgar Chelated Magnesium Calcium 2:1 90 Tablets,0,0,0,11.29,taxable,,Vitamins,Solgar Chelated Magnesium Calcium 2:1 90 Tablets. A vitamins and supplements product. Supplied as 90 Tablets.,No regulation
simple,4004148017063,Floradix Gallexier Liquid Herbal Formula 250ml,0,0,0,11.29,taxable,,Vitamins,Floradix Gallexier Liquid Herbal Formula 250ml. A vitamins and supplements product. Supplied as 250ml.,No regulation
simple,5012616266003,Lyclear Express Spray 100ml,0,0,0,11.29,taxable,,Beauty,Lyclear Express Spray 100ml. A health and beauty product. Supplied as 100ml.,GSL
simple,5010249042308,"The Food Supplement Company Ginger, Curcumin & Boswellia 60 Tablets",0,0,0,11.29,taxable,,Vitamins,"The Food Supplement Company Ginger, Curcumin & Boswellia 60 Tablets. A vitamins and supplements product. Supplied as 60 Tablets.",No regulation
simple,7610313405169,A.Vogel Bronchoforce Ivy Complex Oral Drops 50ml,0,0,0,11.29,taxable,,Vitamins,A.Vogel Bronchoforce Ivy Complex Oral Drops 50ml. A vitamins and supplements product. Supplied as 50ml.,GSL
simple,5031013108945,Higher Nature Super Calcium 90 Capsules,0,0,0,11.29,taxable,,Vitamins,Higher Nature Super Calcium 90 Capsules. A vitamins and supplements product. Supplied as 90 Capsules.,No regulation
simple,9318329125115,A'kin Fragrance Free Mild & Gentle Body Wash 500ml,0,0,0,11.29,taxable,,Beauty,A'kin Fragrance Free Mild & Gentle Body Wash 500ml. A health and beauty product. Supplied as 500ml.,No regulation
simple,4005808951222,Eucerin DermatoCLEAN Micellar Water 3-in-1 with Hyaluronic Acid 200ml,0,0,0,11.19,taxable,,Skincare,Eucerin DermatoCLEAN Micellar Water 3-in-1 with Hyaluronic Acid 200ml. A skincare product. Supplied as 200ml.,No regulation
simple,7610313131358,A.Vogel Echinaforce Echinacea Drops 50ml,0,0,0,11.19,taxable,,Vitamins,A.Vogel Echinaforce Echinacea Drops 50ml. A vitamins and supplements product. Supplied as 50ml.,No regulation
simple,0645638566858,Easychamber Spacer with Adult Mask,0,0,0,11.19,taxable,,Skincare,Easychamber Spacer with Adult Mask. A skincare product.,No regulation
simple,5011309166514,Zeroguent Emollient Cream 500g,0,0,0,11.19,taxable,,Skincare,Zeroguent Emollient Cream 500g. A skincare product. Supplied as 500g.,No regulation
simple,0615908431421,Tigi Bed Head After Party Smoothing Cream Frizz Free Hair 100ml,0,0,0,11.19,taxable,,Hair Care,Tigi Bed Head After Party Smoothing Cream Frizz Free Hair 100ml. A hair care product. Supplied as 100ml.,No regulation
simple,0897762000399,A'kin Sensitive Calming Body Cream 200ml,0,0,0,11.19,taxable,,Skincare,A'kin Sensitive Calming Body Cream 200ml. A skincare product. Supplied as 200ml.,No regulation
simple,5060102301776,Cleanmarine Period Plan 30 Capsules,0,0,0,11.19,taxable,,Women's Health,Cleanmarine Period Plan 30 Capsules. A women's health product. Supplied as 30 Capsules.,No regulation
simple,96195109,BetterYou Children's Health Daily Oral Spray 25ml,0,0,0,11.19,taxable,,Baby & Child,BetterYou Children's Health Daily Oral Spray 25ml. A baby and child product. Supplied as 25ml.,No regulation
simple,4001638096539,Weleda Baby Calendula Body Lotion 200ml,0,0,0,11.19,taxable,,Baby & Child,Weleda Baby Calendula Body Lotion 200ml. A baby and child product. Supplied as 200ml.,No regulation
simple,3282770207514,Klorane Aquatic Mint Detox Dry Shampoo 150ml,0,0,0,11.19,taxable,,Hair Care,Klorane Aquatic Mint Detox Dry Shampoo 150ml. A hair care product. Supplied as 150ml.,No regulation
simple,5034511005037,Green People Organic Children Bath & Shower Lavender Burst 200ml,0,0,0,11.19,taxable,,Beauty,Green People Organic Children Bath & Shower Lavender Burst 200ml. A health and beauty product. Supplied as 200ml.,No regulation
simple,7350082940828,Swiss Clinic Needlehead 0.2mm Face Refill,0,0,0,11.19,taxable,,Skincare,Swiss Clinic Needlehead 0.2mm Face Refill. A skincare product.,No regulation
simple,3574661249926,Aveeno Skin Relief Soothing Shampoo 300ml,0,0,0,11.19,taxable,,Hair Care,Aveeno Skin Relief Soothing Shampoo 300ml. A hair care product. Supplied as 300ml.,No regulation
simple,5034511006744,Green People Organic Children Berry Smoothie Hand Wash 200ml,0,0,0,11.19,taxable,,Beauty,Green People Organic Children Berry Smoothie Hand Wash 200ml. A health and beauty product. Supplied as 200ml.,No regulation
simple,0615908431209,Tigi Bed Head Queen for A Day Volume Thickening Spray for Fine Hair 311ml,0,0,0,11.19,taxable,,Hair Care,Tigi Bed Head Queen for A Day Volume Thickening Spray for Fine Hair 311ml. A hair care product. Supplied as 311ml.,No regulation
simple,5060391847849,Dr. Organic Ageless Daily Hydration Gel Cream with Organic Seaweed,0,0,0,11.19,taxable,,Skincare,Dr. Organic Ageless Daily Hydration Gel Cream with Organic Seaweed. A skincare product.,No regulation
simple,5060099030000,Odylique Aloe Vera Bodywash 200ml,0,0,0,11.19,taxable,,Beauty,Odylique Aloe Vera Bodywash 200ml. A health and beauty product. Supplied as 200ml.,No regulation
simple,5060216560748,Sambucol Immuno Forte Sugar Free 120ml,0,0,0,11.19,taxable,,General Health,Sambucol Immuno Forte Sugar Free 120ml. A health and wellbeing product. Supplied as 120ml.,No regulation
simple,5034445002386,The Eye Doctor Eye Health Food Supplements,0,0,0,11.19,taxable,,Vitamins,The Eye Doctor Eye Health Food Supplements. A vitamins and supplements product.,No regulation
simple,5060216564081,Sambucol Immuno Forte Gummies 30 Pack,0,0,0,11.19,taxable,,Vitamins,Sambucol Immuno Forte Gummies 30 Pack. A vitamins and supplements product. Supplied as 30 Pack.,No regulation
simple,9318329125108,A'kin Relaxing Lavender Body Wash 500ml,0,0,0,11.19,taxable,,Beauty,A'kin Relaxing Lavender Body Wash 500ml. A health and beauty product. Supplied as 500ml.,No regulation
simple,5997372524126,Veloxa for Dogs 4 Chewable Tablets,0,0,0,11.19,taxable,,Pet Care,Veloxa for Dogs 4 Chewable Tablets. A pet care product. Supplied as 4 Chewable.,No regulation
simple,0645638566872,Easychamber Spacer with Infant Mask,0,0,0,11.19,taxable,,Baby & Child,Easychamber Spacer with Infant Mask. A baby and child product.,No regulation
simple,5056156308335,Indigo Herbs Barberry Bark Tincture 50ml,0,0,0,11.19,taxable,,Vitamins,Indigo Herbs Barberry Bark Tincture 50ml. A vitamins and supplements product. Supplied as 50ml.,No regulation
simple,5060018880327,Murine Natural Relief Eye Mist 15ml,0,0,0,11.19,taxable,,Beauty,Murine Natural Relief Eye Mist 15ml. A health and beauty product. Supplied as 15ml.,GSL
simple,5709976470408,Pharma Nord Bio-MSM + Silica 750mg 120 Tablets,0,0,0,11.19,taxable,,Vitamins,Pharma Nord Bio-MSM + Silica 750mg 120 Tablets. A vitamins and supplements product. Supplied as 120 Tablets.,No regulation
simple,0716237187871,Giovanni Smoothing Castor Oil Leave-In Conditioner 340ml,0,0,0,11.19,taxable,,Hair Care,Giovanni Smoothing Castor Oil Leave-In Conditioner 340ml. A hair care product. Supplied as 340ml.,No regulation
simple,5055148411565,Lamberts Acidophilus Extra 4 60 Capsules,0,0,0,11.19,taxable,,Vitamins,Lamberts Acidophilus Extra 4 60 Capsules. A vitamins and supplements product. Supplied as 60 Capsules.,No regulation
simple,0615908431643,Tigi Bed Head Trouble Maker Texture Spray 200ml,0,0,0,11.19,taxable,,Beauty,Tigi Bed Head Trouble Maker Texture Spray 200ml. A health and beauty product. Supplied as 200ml.,No regulation
simple,3760201136768,Lamazuna Solid Conditioner-All Hair Types (Soft Vanilla) 74ml,0,0,0,11.09,taxable,,Hair Care,Lamazuna Solid Conditioner-All Hair Types (Soft Vanilla) 74ml. A hair care product. Supplied as 74ml.,No regulation
simple,7643022209162,Shea Moisture Argan Oil Shampoo 384ml,0,0,0,11.09,taxable,,Hair Care,Shea Moisture Argan Oil Shampoo 384ml. A hair care product. Supplied as 384ml.,No regulation
simple,5035883008084,ActiFreeze Wart & Verruca Remover 38ml,0,0,0,11.09,taxable,,Skincare,ActiFreeze Wart & Verruca Remover 38ml. A skincare product. Supplied as 38ml.,GSL
simple,5012616291272,Wartner Wart & Verruca Remover 50ml,0,0,0,11.09,taxable,,Skincare,Wartner Wart & Verruca Remover 50ml. A skincare product. Supplied as 50ml.,GSL
simple,5017007602200,Liberize 4 Tablets,0,0,0,11.09,taxable,,Prescription Medicines,"Liberize 4 Tablets. Prescription-only medicine, supplied after an online consultation with our pharmacist. Always read the label and any leaflet supplied. If symptoms persist, speak to your pharmacist or doctor. Supplied as 4 Tablets.",P
simple,5060332535064,Lindens Health + Nutrition Vegetarian Omega 3 6 & 9 1000mg 90 Capsules,0,0,0,11.09,taxable,,Vitamins,Lindens Health + Nutrition Vegetarian Omega 3 6 & 9 1000mg 90 Capsules. A vitamins and supplements product. Supplied as 90 Capsules.,No regulation
simple,5060319460860,It's Pure Organic Herbal Hair Colour Henna Red 100g,0,0,0,11.09,taxable,,Hair Care,It's Pure Organic Herbal Hair Colour Henna Red 100g. A hair care product. Supplied as 100g.,No regulation
simple,5010249012530,FSC Vitamin C 1000mg 120 Tablets,0,0,0,11.09,taxable,,Vitamins,FSC Vitamin C 1000mg 120 Tablets. A vitamins and supplements product. Supplied as 120 Tablets.,No regulation
simple,0078522001959,Jason Forest Fresh All-In-One Body Wash 887ml,0,0,0,11.09,taxable,,Beauty,Jason Forest Fresh All-In-One Body Wash 887ml. A health and beauty product. Supplied as 887ml.,No regulation
simple,0851325002152,Macadamia Natural Oil Nourishing Leave in Cream 300ml,0,0,0,11.09,taxable,,Skincare,Macadamia Natural Oil Nourishing Leave in Cream 300ml. A skincare product. Supplied as 300ml.,No regulation
simple,5900627067187,Scholl Gel Activ Insoles Extreme Heels,0,0,0,11.09,taxable,,Supports & Braces,Scholl Gel Activ Insoles Extreme Heels. A support and mobility product.,No regulation
simple,3282779335188,Avène Extremely Gentle Cleanser 200ml,0,0,0,11.09,taxable,,Skincare,Avène Extremely Gentle Cleanser 200ml. A skincare product. Supplied as 200ml.,No regulation
simple,5060319460877,It's Pure Organic Herbal Hair Colour Indigo Black 100g,0,0,0,11.09,taxable,,Hair Care,It's Pure Organic Herbal Hair Colour Indigo Black 100g. A hair care product. Supplied as 100g.,No regulation
simple,5060363050376,Tom Oliver Nutrition Vitamin C 60 Pack,0,0,0,11.09,taxable,,Vitamins,Tom Oliver Nutrition Vitamin C 60 Pack. A vitamins and supplements product. Supplied as 60 Pack.,No regulation
simple,4031626711571,Hycosan Extra Preservative Free 7.5ml,0,0,0,10.99,taxable,,Eye Care,"Hycosan Extra Preservative Free 7.5ml. Always read the label and any leaflet supplied. If symptoms persist, speak to your pharmacist or doctor. Supplied as 7.5ml.",No regulation
simple,5055148413132,Lamberts Garlic 8250mg 60 Tablets,0,0,0,10.99,taxable,,Vitamins,Lamberts Garlic 8250mg 60 Tablets. A vitamins and supplements product. Supplied as 60 Tablets.,No regulation
simple,5060094190013,Glucogel Tubes 3 x 25g,0,0,0,10.99,taxable,,Skincare,Glucogel Tubes 3 x 25g. A skincare product. Supplied as 3 x 25g.,No regulation
simple,3337875598996,CeraVe Moisturising Cream Tube 177ml,0,0,0,10.99,taxable,,Skincare,CeraVe Moisturising Cream Tube 177ml. A skincare product. Supplied as 177ml.,No regulation
simple,5060156070062,Clinitas Soothe Multi 0.4% Eye Drops 10ml,0,0,0,10.99,taxable,,Eye Care,"Clinitas Soothe Multi 0.4% Eye Drops 10ml. Always read the label and any leaflet supplied. If symptoms persist, speak to your pharmacist or doctor. Supplied as 10ml.",No regulation
simple,8809598455627,COSRX Low pH Niacinamide Cleansing Water 400ml,0,0,0,10.99,taxable,,Skincare,COSRX Low pH Niacinamide Cleansing Water 400ml. A skincare product. Supplied as 400ml.,No regulation
simple,4004148346286,Floradix Kids Iron & Vitamin Formula for Children 250ml,0,0,0,10.99,taxable,,Baby & Child,Floradix Kids Iron & Vitamin Formula for Children 250ml. A baby and child product. Supplied as 250ml.,No regulation
simple,7610313404216,A.Vogel Passiflora Complex Drops 50ml,0,0,0,10.99,taxable,,Vitamins,A.Vogel Passiflora Complex Drops 50ml. A vitamins and supplements product. Supplied as 50ml.,No regulation
simple,0615908431674,Tigi Bed Head Extreme Hold Hair Spray 385ml,0,0,0,10.99,taxable,,Hair Care,Tigi Bed Head Extreme Hold Hair Spray 385ml. A hair care product. Supplied as 385ml.,No regulation
simple,8809598454309,COSRX Propolis Synergy Toner 150ml,0,0,0,10.99,taxable,,Skincare,COSRX Propolis Synergy Toner 150ml. A skincare product. Supplied as 150ml.,No regulation
simple,8809416470030,COSRX AHA/BHA Clarifying Treatment Toner 150ml,0,0,0,10.99,taxable,,Skincare,COSRX AHA/BHA Clarifying Treatment Toner 150ml. A skincare product. Supplied as 150ml.,No regulation
simple,4005900600172,Nivea Sun Kids Sensitive Lotion SPF50+,0,0,0,10.99,taxable,,Skincare,Nivea Sun Kids Sensitive Lotion SPF50+. A skincare product.,No regulation
simple,5011408104257,L'Oreal Men Expert Magnesium Defence Gift Set,0,0,0,10.99,taxable,,Vitamins,L'Oreal Men Expert Magnesium Defence Gift Set. A vitamins and supplements product.,No regulation
simple,9314839020742,QV Moisturising Cream for Sensitive Skin 500g,0,0,0,10.99,taxable,,Skincare,QV Moisturising Cream for Sensitive Skin 500g. A skincare product. Supplied as 500g.,No regulation
simple,5025452001110,Salt of the Earth Deodorant Refillable Stick 84g,0,0,0,10.99,taxable,,Beauty,Salt of the Earth Deodorant Refillable Stick 84g. A health and beauty product. Supplied as 84g.,No regulation
simple,4005900809308,Eucerin UreaRepair Plus Shower Foam 150ml,0,0,0,10.99,taxable,,Beauty,Eucerin UreaRepair Plus Shower Foam 150ml. A health and beauty product. Supplied as 150ml.,No regulation
simple,5060636882635,ecoLiving Adult Multivitamins 60 Gummies,0,0,0,10.99,taxable,,Vitamins,ecoLiving Adult Multivitamins 60 Gummies. A vitamins and supplements product. Supplied as 60 Gummies.,No regulation
simple,5000167019094,Balneum Plus Bath Additive 500ml,0,0,0,10.99,taxable,,Beauty,Balneum Plus Bath Additive 500ml. A health and beauty product. Supplied as 500ml.,No regulation
simple,0894147000586,Sliquid Naturals Satin Moisturiser Lubricant 125ml,0,0,0,10.99,taxable,,Sexual Wellness,"Sliquid Naturals Satin Moisturiser Lubricant 125ml. Always read the label and any leaflet supplied. If symptoms persist, speak to your pharmacist or doctor. Supplied as 125ml.",No regulation
simple,5021265250592,Vitabiotics Pregnacare Conception 30 Tablets,0,0,0,10.99,taxable,,Vitamins,Vitabiotics Pregnacare Conception 30 Tablets. A vitamins and supplements product. Supplied as 30 Tablets.,No regulation
simple,3662042002403,Thealoz Duo UD Eye Drops 30 Doses,0,0,0,10.99,taxable,,Eye Care,"Thealoz Duo UD Eye Drops 30 Doses. Always read the label and any leaflet supplied. If symptoms persist, speak to your pharmacist or doctor.",No regulation
simple,5391500077346,One Nutrition Lacto Shield 30 Tablets,0,0,0,10.99,taxable,,Vitamins,One Nutrition Lacto Shield 30 Tablets. A vitamins and supplements product. Supplied as 30 Tablets.,No regulation
simple,5011417568743,Gaviscon Advance Aniseed Liquid 300ml,0,0,0,10.99,taxable,,Digestive,"Gaviscon Advance Aniseed Liquid 300ml. Always read the label and any leaflet supplied. If symptoms persist, speak to your pharmacist or doctor. Supplied as 300ml.",GSL
simple,5060523017560,Ted Baker Eau De Toilette for Men 75ml,0,0,0,10.99,taxable,,Men's Health,Ted Baker Eau De Toilette for Men 75ml. A men's health product. Supplied as 75ml.,No regulation
simple,3282770150124,Klorane Anti-Dandruff Shampoo with Galangal 200ml,0,0,0,10.99,taxable,,Hair Care,Klorane Anti-Dandruff Shampoo with Galangal 200ml. A hair care product. Supplied as 200ml.,No regulation
simple,5011309727814,Oilatum Junior Cream 500ml,0,0,0,10.99,taxable,,Skincare,Oilatum Junior Cream 500ml. A skincare product. Supplied as 500ml.,No regulation
simple,3574661593593,Aveeno Skin Relief Moisturising Lotion 500ml,0,0,0,10.99,taxable,,Skincare,Aveeno Skin Relief Moisturising Lotion 500ml. A skincare product. Supplied as 500ml.,No regulation
simple,0615908431469,Tigi Bed Head Headrush Shine Spray 200ml,0,0,0,10.99,taxable,,Beauty,Tigi Bed Head Headrush Shine Spray 200ml. A health and beauty product. Supplied as 200ml.,No regulation
simple,5055148415112,Lamberts Biome Balance Travel 30 capsules,0,0,0,10.99,taxable,,Vitamins,Lamberts Biome Balance Travel 30 capsules. A vitamins and supplements product. Supplied as 30 capsules.,No regulation
simple,8718117603107,Aptamil Lactose Free First Infant Milk Breastmilk Subsitute 400g,0,0,0,10.99,taxable,zero-rate,Baby & Child,Aptamil Lactose Free First Infant Milk Breastmilk Subsitute 400g. A baby and child product. Supplied as 400g.,No regulation
simple,7610313404063,A.Vogel Milk Thistle Complex Drops 50ml,0,0,0,10.99,taxable,,Vitamins,A.Vogel Milk Thistle Complex Drops 50ml. A vitamins and supplements product. Supplied as 50ml.,No regulation
simple,5015802290431,Colony Milk & Cookies Medium Candle 335g,0,0,0,10.99,taxable,,Beauty,Colony Milk & Cookies Medium Candle 335g. A health and beauty product. Supplied as 335g.,No regulation
simple,0033984009226,Solgar Vegan Vitamin D3 1000 IU 60 Capsules,0,0,0,10.99,taxable,,Vitamins,Solgar Vegan Vitamin D3 1000 IU 60 Capsules. A vitamins and supplements product. Supplied as 60 Capsules.,No regulation
simple,9329401000299,The Goat Skincare Conditioner 500ml,0,0,0,10.99,taxable,,Hair Care,The Goat Skincare Conditioner 500ml. A hair care product. Supplied as 500ml.,No regulation
simple,4031626711595,Hycosan Plus Eye Drops Preservative Free 7.5ml,0,0,0,10.99,taxable,,Eye Care,"Hycosan Plus Eye Drops Preservative Free 7.5ml. Always read the label and any leaflet supplied. If symptoms persist, speak to your pharmacist or doctor. Supplied as 7.5ml.",No regulation
simple,5060480200548,Georganics Chewing Gum English Peppermint 120 Pack,0,0,0,10.99,taxable,,Oral Care,Georganics Chewing Gum English Peppermint 120 Pack. An oral care product. Supplied as 120 Pack.,No regulation
simple,5391500077391,One Nutrition D3 3000IU + K2 100µg Oral Spray,0,0,0,10.99,taxable,,Vitamins,One Nutrition D3 3000IU + K2 100µg Oral Spray. A vitamins and supplements product. Supplied as 3000IU.,No regulation
simple,5010123711443,Migraleve Pink 24 Tablets,0,0,0,10.99,taxable,,Pain Relief,"Migraleve Pink 24 Tablets. Prescription-only medicine, supplied after an online consultation with our pharmacist. Always read the label and any leaflet supplied. If symptoms persist, speak to your pharmacist or doctor. Supplied as 24 Tablets.",P
simple,5060062997644,Lansinoh Therapearl 3-in-1 Breast Therapy Breast Pads Hot & Cold 2 Pack,0,0,0,10.99,taxable,,Women's Health,Lansinoh Therapearl 3-in-1 Breast Therapy Breast Pads Hot & Cold 2 Pack. A women's health product. Supplied as 2 Pack.,No regulation
simple,5037353010320,Skins Vital Lubes & Fruity Tubes Assorted Pack 6 x 12ml,0,0,0,10.99,taxable,,Sexual Wellness,"Skins Vital Lubes & Fruity Tubes Assorted Pack 6 x 12ml. Always read the label and any leaflet supplied. If symptoms persist, speak to your pharmacist or doctor. Supplied as 6 x 12ml.",No regulation
simple,8809663751647,Mizon All in One Snail Repair Cream 35ml,0,0,0,10.99,taxable,,Skincare,Mizon All in One Snail Repair Cream 35ml. A skincare product. Supplied as 35ml.,No regulation
simple,0033984020306,Solgar Natural Source Oceanic Beta-Carotene 60 Softgels,0,0,0,10.99,taxable,,Vitamins,Solgar Natural Source Oceanic Beta-Carotene 60 Softgels. A vitamins and supplements product. Supplied as 60 Softgels.,No regulation
simple,0078522030119,Jason Purifying Tea Tree Skin Oil 30ml,0,0,0,10.99,taxable,,Skincare,Jason Purifying Tea Tree Skin Oil 30ml. A skincare product. Supplied as 30ml.,No regulation
simple,5060391848402,Dr. Organic Skin Calm Probiotic Recovery Mask 100ml,0,0,0,10.99,taxable,,Digestive,"Dr. Organic Skin Calm Probiotic Recovery Mask 100ml. Always read the label and any leaflet supplied. If symptoms persist, speak to your pharmacist or doctor. Supplied as 100ml.",No regulation
simple,3600540305305,Garnier Ambre Solaire After Sun 24H Hydrating Lotion 200ml,0,0,0,10.99,taxable,,Skincare,Garnier Ambre Solaire After Sun 24H Hydrating Lotion 200ml. A skincare product. Supplied as 200ml.,No regulation
simple,5021265223534,Vitabiotics Wellman Conception 30 Tablets,0,0,0,10.99,taxable,,Vitamins,Vitabiotics Wellman Conception 30 Tablets. A vitamins and supplements product. Supplied as 30 Tablets.,No regulation
simple,5011309081916,Oilatum Soothing Scalp Shampoo 100ml,0,0,0,10.99,taxable,,Hair Care,Oilatum Soothing Scalp Shampoo 100ml. A hair care product. Supplied as 100ml.,GSL
simple,3401345935571,Bioderma Sensibio H2O 500ml,0,0,0,10.99,taxable,,General Health,Bioderma Sensibio H2O 500ml. A health and wellbeing product. Supplied as 500ml.,No regulation
simple,5055148413033,Lamberts Vitamin D3 2000iu 120 Capsules,0,0,0,10.99,taxable,,Vitamins,Lamberts Vitamin D3 2000iu 120 Capsules. A vitamins and supplements product. Supplied as 120 Capsules.,No regulation
simple,8809743540369,Mizon Collagen Power Lifting Cream 35ml,0,0,0,10.99,taxable,,Skincare,Mizon Collagen Power Lifting Cream 35ml. A skincare product. Supplied as 35ml.,No regulation
simple,5060601936981,BARBER PRO Warming Eye Mask 5 Pack,0,0,0,10.99,taxable,,Eye Care,"BARBER PRO Warming Eye Mask 5 Pack. Always read the label and any leaflet supplied. If symptoms persist, speak to your pharmacist or doctor. Supplied as 5 Pack.",No regulation
simple,5016379156007,Dermol Cream 500g,0,0,0,10.99,taxable,,Skincare,"Dermol Cream 500g. Prescription-only medicine, supplied after an online consultation with our pharmacist. Always read the label and any leaflet supplied. If symptoms persist, speak to your pharmacist or doctor. Supplied as 500g.",P
simple,4008666704054,Plantur Colour Brown Conditioner 150ml,0,0,0,10.99,taxable,,Hair Care,Plantur Colour Brown Conditioner 150ml. A hair care product. Supplied as 150ml.,No regulation
simple,5060203794385,Terranova Green Child Living Multivitamin 50 Pack,0,0,0,10.99,taxable,,Vitamins,Terranova Green Child Living Multivitamin 50 Pack. A vitamins and supplements product. Supplied as 50 Pack.,No regulation
simple,5060176673052,Dr. Organic Rose Otto Facial Serum 30ml,0,0,0,10.99,taxable,,Skincare,Dr. Organic Rose Otto Facial Serum 30ml. A skincare product. Supplied as 30ml.,No regulation
simple,5016379190001,Doublebase Gel Pump 500g,0,0,0,10.99,taxable,,Prescription Medicines,"Doublebase Gel Pump 500g. Prescription-only medicine, supplied after an online consultation with our pharmacist. Always read the label and any leaflet supplied. If symptoms persist, speak to your pharmacist or doctor. Supplied as 500g.",P
simple,0033984003972,Solgar Methylcobalamin (Vitamin B12) 1000µg 30 Nuggets,0,0,0,10.99,taxable,,Vitamins,Solgar Methylcobalamin (Vitamin B12) 1000µg 30 Nuggets. A vitamins and supplements product.,No regulation
simple,0721107354086,Aacu KreaMoint Yellow Soft Paraffin Ointment 500g,0,0,0,10.99,taxable,,Skincare,Aacu KreaMoint Yellow Soft Paraffin Ointment 500g. A skincare product. Supplied as 500g.,No regulation
simple,4004148047268,Floradix Epresat 250ml,0,0,0,10.99,taxable,,General Health,Floradix Epresat 250ml. A health and wellbeing product. Supplied as 250ml.,No regulation
simple,0033984013803,Solgar Hematinic Formula 100 Tablets,0,0,0,10.99,taxable,,Vitamins,Solgar Hematinic Formula 100 Tablets. A vitamins and supplements product. Supplied as 100 Tablets.,No regulation
simple,0017854106703,Baylis & Harding The Fuzzy Duck Winter Wonderland Fragrance Set,0,0,0,10.99,taxable,,Beauty,Baylis & Harding The Fuzzy Duck Winter Wonderland Fragrance Set. A health and beauty product.,No regulation
simple,5026470565271,Silamarie Milk Thistle Fruits 60 Capsules,0,0,0,10.99,taxable,,Vitamins,Silamarie Milk Thistle Fruits 60 Capsules. A vitamins and supplements product. Supplied as 60 Capsules.,No regulation
simple,5060480200173,Georganics Oilpulling Mouthwash English Peppermint 275ml,0,0,0,10.99,taxable,,Oral Care,Georganics Oilpulling Mouthwash English Peppermint 275ml. An oral care product. Supplied as 275ml.,No regulation
simple,5034511005013,Green People Organic Babies Lavender Wash & Shampoo 150ml,0,0,0,10.99,taxable,,Hair Care,Green People Organic Babies Lavender Wash & Shampoo 150ml. A hair care product. Supplied as 150ml.,No regulation
simple,3701056801555,Puressentiel Hypertonic Nasal Spray 15ml,0,0,0,10.99,taxable,,Cold & Flu,"Puressentiel Hypertonic Nasal Spray 15ml. Always read the label and any leaflet supplied. If symptoms persist, speak to your pharmacist or doctor. Supplied as 15ml.",No regulation
simple,5015802290448,Colony Mulled Wine Medium Candle 335g,0,0,0,10.99,taxable,,Beauty,Colony Mulled Wine Medium Candle 335g. A health and beauty product. Supplied as 335g.,No regulation
simple,5055148410834,Lamberts Saccharomyces Cerevisiae Boulardii 300mg 30 Capsules,0,0,0,10.99,taxable,,Vitamins,Lamberts Saccharomyces Cerevisiae Boulardii 300mg 30 Capsules. A vitamins and supplements product. Supplied as 30 Capsules.,No regulation
simple,0017854101081,Baylis & Harding Sweet Mandarin & Grapefruit Hand Wash 5L Refill,0,0,0,10.99,taxable,,Beauty,Baylis & Harding Sweet Mandarin & Grapefruit Hand Wash 5L Refill. A health and beauty product. Supplied as 5L.,No regulation
simple,5060896571829,Bull Dog Original Ultimate Beard Care Kit,0,0,0,10.99,taxable,,Pet Care,Bull Dog Original Ultimate Beard Care Kit. A pet care product.,No regulation
simple,4004148350030,Floradix Iron & Vitamin 84 Tablets,0,0,0,10.99,taxable,,Vitamins,Floradix Iron & Vitamin 84 Tablets. A vitamins and supplements product. Supplied as 84 Tablets.,No regulation
simple,4004148017766,"Floradix Saludynam Liquid Calcium, Magnesium, Zinc & Vitamin D Formula 250ml",0,0,0,10.99,taxable,,Vitamins,"Floradix Saludynam Liquid Calcium, Magnesium, Zinc & Vitamin D Formula 250ml. A vitamins and supplements product. Supplied as 250ml.",No regulation
simple,5000158101081,Nurofen Express 400mg 20 Liquid Capsules,0,0,0,10.99,taxable,,Pain Relief,"Nurofen Express 400mg 20 Liquid Capsules. Prescription-only medicine, supplied after an online consultation with our pharmacist. Always read the label and any leaflet supplied. If symptoms persist, speak to your pharmacist or doctor. Supplied as 400mg.",P
simple,5012674049907,Ovex Family Pack 4 Tablets,0,0,0,10.99,taxable,,Prescription Medicines,"Ovex Family Pack 4 Tablets. Prescription-only medicine, supplied after an online consultation with our pharmacist. Always read the label and any leaflet supplied. If symptoms persist, speak to your pharmacist or doctor. Supplied as 4 Tablets.",P
simple,0033984004115,Solgar Elderberry Extract 60 Capsules,0,0,0,10.99,taxable,,Vitamins,Solgar Elderberry Extract 60 Capsules. A vitamins and supplements product. Supplied as 60 Capsules.,No regulation
simple,4004148348693,Floradix Immune Support Liquid Formula 250ml,0,0,0,10.99,taxable,,Supports & Braces,Floradix Immune Support Liquid Formula 250ml. A support and mobility product. Supplied as 250ml.,No regulation
simple,5025970009636,Nivea Men Everyday Fresh Set 5Pc,0,0,0,10.99,taxable,,General Health,Nivea Men Everyday Fresh Set 5Pc. A health and wellbeing product.,No regulation
simple,0033984010857,Solgar U-Cubes Children Vitamin C 90 Gummies,0,0,0,10.99,taxable,,Vitamins,Solgar U-Cubes Children Vitamin C 90 Gummies. A vitamins and supplements product. Supplied as 90 Gummies.,No regulation
simple,8809598455559,COSRX Advanced Snail 92 All in One Cream 50g,0,0,0,10.99,taxable,,Skincare,COSRX Advanced Snail 92 All in One Cream 50g. A skincare product. Supplied as 50g.,No regulation
simple,5055148406622,Lamberts Soya Isoflavones 50mg 60 Tablets,0,0,0,10.99,taxable,,Vitamins,Lamberts Soya Isoflavones 50mg 60 Tablets. A vitamins and supplements product. Supplied as 60 Tablets.,No regulation
simple,5055148401368,Lamberts Calcium Pantothenate 500mg Time Release 60 Tablets,0,0,0,10.99,taxable,,Vitamins,Lamberts Calcium Pantothenate 500mg Time Release 60 Tablets. A vitamins and supplements product. Supplied as 60 Tablets.,No regulation
simple,0078522021100,Jason Mango Softening Body Wash 887ml,0,0,0,10.99,taxable,,Beauty,Jason Mango Softening Body Wash 887ml. A health and beauty product. Supplied as 887ml.,No regulation
simple,5013455060128,Weleda Relaxing Oral Drops 25ml,0,0,0,10.99,taxable,,Vitamins,Weleda Relaxing Oral Drops 25ml. A vitamins and supplements product. Supplied as 25ml.,GSL
simple,5034268004222,ProVen Probiotics Acidophilus & Bifidus Plus Total Immune & Energy 14 Sachets,0,0,0,10.99,taxable,,Digestive,"ProVen Probiotics Acidophilus & Bifidus Plus Total Immune & Energy 14 Sachets. Always read the label and any leaflet supplied. If symptoms persist, speak to your pharmacist or doctor. Supplied as 14 Sachets.",No regulation
simple,5060203790349,Terranova Vitamin B12 500µg 50 Capsules,0,0,0,10.99,taxable,,Vitamins,Terranova Vitamin B12 500µg 50 Capsules. A vitamins and supplements product. Supplied as 50 Capsules.,No regulation
simple,5999887678349,Osi Magnesium Oil+ OptiMSM 100ml,0,0,0,10.99,taxable,,Vitamins,Osi Magnesium Oil+ OptiMSM 100ml. A vitamins and supplements product. Supplied as 100ml.,No regulation
simple,5060102301790,Cleanmarine Krill Oil High Strength 590 Marine Gelcaps 30 Pack,0,0,0,10.99,taxable,,Skincare,Cleanmarine Krill Oil High Strength 590 Marine Gelcaps 30 Pack. A skincare product. Supplied as 30 Pack.,No regulation
simple,5015802280036,Colony Pumpkin Spice Medium Candle 335g,0,0,0,10.99,taxable,,Beauty,Colony Pumpkin Spice Medium Candle 335g. A health and beauty product. Supplied as 335g.,No regulation
simple,4005900728562,Eucerin Hyaluron-Filler Mist Spray 150ml,0,0,0,10.99,taxable,,Beauty,Eucerin Hyaluron-Filler Mist Spray 150ml. A health and beauty product. Supplied as 150ml.,No regulation
simple,5060086610079,Optibac Probiotics for Every Day 30 Capsules,0,0,0,10.99,taxable,,Digestive,"Optibac Probiotics for Every Day 30 Capsules. Always read the label and any leaflet supplied. If symptoms persist, speak to your pharmacist or doctor. Supplied as 30 Capsules.",No regulation
simple,4005808583447,Eucerin DermatoCLEAN Refresh Cleansing Gel 200ml,0,0,0,10.99,taxable,,Skincare,Eucerin DermatoCLEAN Refresh Cleansing Gel 200ml. A skincare product. Supplied as 200ml.,No regulation
simple,5051562030603,Voltarol 12hr Joint Pain Relief 50g,0,0,0,10.99,taxable,,Pain Relief,"Voltarol 12hr Joint Pain Relief 50g. Prescription-only medicine, supplied after an online consultation with our pharmacist. Always read the label and any leaflet supplied. If symptoms persist, speak to your pharmacist or doctor. Supplied as 50g.",P
simple,4005900600202,Nivea Sun Kids SPF50+ Sensitive Spray 200ml,0,0,0,10.99,taxable,,Skincare,Nivea Sun Kids SPF50+ Sensitive Spray 200ml. A skincare product. Supplied as 200ml.,No regulation
simple,0033984017504,Solgar Megasorb Vitamin B-Complex 50 Tablets,0,0,0,10.99,taxable,,Vitamins,Solgar Megasorb Vitamin B-Complex 50 Tablets. A vitamins and supplements product. Supplied as 50 Tablets.,No regulation
simple,5000283661948,Dulcolax Twelve Plus Pico Liquid Oral Solution 300ml,0,0,0,10.99,taxable,,Digestive,"Dulcolax Twelve Plus Pico Liquid Oral Solution 300ml. Prescription-only medicine, supplied after an online consultation with our pharmacist. Always read the label and any leaflet supplied. If symptoms persist, speak to your pharmacist or doctor. Supplied as 300ml.",P
simple,7643022210366,Shea Moisture Coconut & Hibiscus Curl Enhancing Smoothie Cream 340g,0,0,0,10.99,taxable,,Skincare,Shea Moisture Coconut & Hibiscus Curl Enhancing Smoothie Cream 340g. A skincare product. Supplied as 340g.,No regulation
simple,0764302280613,Shea Moisture Extra Moisture Transitioning Milk 236ml,0,0,0,10.99,taxable,,Skincare,Shea Moisture Extra Moisture Transitioning Milk 236ml. A skincare product. Supplied as 236ml.,No regulation
simple,5034268006226,ProVen Probiotics Probiotics plus Total Intestinal & Digestive Support 14 Sachets,0,0,0,10.99,taxable,,Supports & Braces,ProVen Probiotics Probiotics plus Total Intestinal & Digestive Support 14 Sachets. A support and mobility product. Supplied as 14 Sachets.,No regulation
simple,5034445002591,The Eye Doctor Intense Relief Eye Mist 10ml,0,0,0,10.99,taxable,,Beauty,The Eye Doctor Intense Relief Eye Mist 10ml. A health and beauty product. Supplied as 10ml.,GSL
simple,8714207000061,Multi-Gyn Actigel 50ml,0,0,0,10.99,taxable,,Skincare,Multi-Gyn Actigel 50ml. A skincare product. Supplied as 50ml.,No regulation
simple,5015802278194,Colony Lavender Fields Medium Candle 335g,0,0,0,10.99,taxable,,Beauty,Colony Lavender Fields Medium Candle 335g. A health and beauty product. Supplied as 335g.,No regulation
simple,4051895014586,Fresubin Energy Protein Drink Strawberry 4 x 200ml,0,0,0,10.99,taxable,zero-rate,Vitamins,Fresubin Energy Protein Drink Strawberry 4 x 200ml. A vitamins and supplements product. Supplied as 4 x 200ml.,No regulation
simple,5060102301912,One Nutrition Gluten Shield 30 Tablets,0,0,0,10.99,taxable,,Vitamins,One Nutrition Gluten Shield 30 Tablets. A vitamins and supplements product. Supplied as 30 Tablets.,No regulation
simple,5012716192004,Neutrogena T-Gel Therapeutic Shampoo 250ml,0,0,0,10.99,taxable,,Hair Care,Neutrogena T-Gel Therapeutic Shampoo 250ml. A hair care product. Supplied as 250ml.,GSL
simple,5060655500138,Unicare Vinyl Powder Free Examination Gloves large 100 Pack,0,0,0,10.99,taxable,,Vitamins,Unicare Vinyl Powder Free Examination Gloves large 100 Pack. A vitamins and supplements product. Supplied as 100 Pack.,No regulation
simple,5060203790226,Terranova Folate (Methylfolate) 400Ug Complex 50 Pack,0,0,0,10.99,taxable,,Vitamins,Terranova Folate (Methylfolate) 400Ug Complex 50 Pack. A vitamins and supplements product. Supplied as 50 Pack.,No regulation
simple,7322540587531,Tena Pants Protect+ Plus Small 14 Pack,0,0,0,10.99,taxable,zero-rate,Continence,Tena Pants Protect+ Plus Small 14 Pack. A continence care product. Supplied as 14 Pack.,No regulation
simple,0022600000464,Viviscal Gorgeous Growth Densifying Shampoo 250ml,0,0,0,10.99,taxable,,Hair Care,Viviscal Gorgeous Growth Densifying Shampoo 250ml. A hair care product. Supplied as 250ml.,No regulation
simple,0017854106420,Baylis & Harding Royale Garden Everyday Hand Cream Treat,0,0,0,10.99,taxable,,Skincare,Baylis & Harding Royale Garden Everyday Hand Cream Treat. A skincare product.,No regulation
simple,9317129041793,Flexitol Nail Revitaliser Gel 15ml,0,0,0,10.99,taxable,,Beauty,Flexitol Nail Revitaliser Gel 15ml. A health and beauty product. Supplied as 15ml.,No regulation
simple,5055148412616,Lamberts Turmeric Fast Release 60 Tablets,0,0,0,10.99,taxable,,Vitamins,Lamberts Turmeric Fast Release 60 Tablets. A vitamins and supplements product. Supplied as 60 Tablets.,No regulation
simple,9421023629893,Manuka Honey Oral Spray with Propolis 20ml,0,0,0,10.99,taxable,,Beauty,Manuka Honey Oral Spray with Propolis 20ml. A health and beauty product. Supplied as 20ml.,No regulation
simple,4008666704412,Plantur Colour Silver Conditioner 150ml,0,0,0,10.99,taxable,,Hair Care,Plantur Colour Silver Conditioner 150ml. A hair care product. Supplied as 150ml.,No regulation
simple,5023652482036,Wild Earth Immune Support Complex 30 Capsules,0,0,0,10.99,taxable,,Supports & Braces,Wild Earth Immune Support Complex 30 Capsules. A support and mobility product. Supplied as 30 Capsules.,No regulation
simple,3282779416139,Avène Cicalfate Restorative Hand Cream 100ml,0,0,0,10.99,taxable,,Skincare,Avène Cicalfate Restorative Hand Cream 100ml. A skincare product. Supplied as 100ml.,No regulation
simple,5010249309661,FSC CLA 1000mg 90 Tablets,0,0,0,10.99,taxable,,Vitamins,FSC CLA 1000mg 90 Tablets. A vitamins and supplements product. Supplied as 90 Tablets.,No regulation
simple,9335955001095,MooGoo Scalp Cream 120g,0,0,0,10.99,taxable,,Hair Care,MooGoo Scalp Cream 120g. A hair care product. Supplied as 120g.,No regulation
simple,4001638096669,Weleda White Mallow Face Cream 50ml,0,0,0,10.99,taxable,,Skincare,Weleda White Mallow Face Cream 50ml. A skincare product. Supplied as 50ml.,No regulation
simple,5015802278255,Colony Sweet Honeysuckle Medium Candle 335g,0,0,0,10.99,taxable,,Beauty,Colony Sweet Honeysuckle Medium Candle 335g. A health and beauty product. Supplied as 335g.,No regulation
simple,7419871234774,Crescent Pharma Emulsifying Wax & Soft Paraffin Ointment 500g,0,0,0,10.99,taxable,,Skincare,Crescent Pharma Emulsifying Wax & Soft Paraffin Ointment 500g. A skincare product. Supplied as 500g.,No regulation
simple,7610313405107,A.Vogel Dormeasan Valerian-Hops Oral Drops 50ml,0,0,0,10.99,taxable,,Vitamins,A.Vogel Dormeasan Valerian-Hops Oral Drops 50ml. A vitamins and supplements product. Supplied as 50ml.,No regulation
simple,5015664008052,Systane Original UD Eye Drops 0.8ml 28 doses,0,0,0,10.99,taxable,,Eye Care,"Systane Original UD Eye Drops 0.8ml 28 doses. Always read the label and any leaflet supplied. If symptoms persist, speak to your pharmacist or doctor. Supplied as 0.8ml.",No regulation
simple,0895531010167,Australian Gold Sunshine 130ml,0,0,0,10.99,taxable,,General Health,Australian Gold Sunshine 130ml. A health and wellbeing product. Supplied as 130ml.,No regulation
simple,5607886000800,Ocry-Gel 10g,0,0,0,10.99,taxable,,Skincare,Ocry-Gel 10g. A skincare product. Supplied as 10g.,No regulation
simple,5060562640187,Birch & Wilde Marine Collagen Capsules 1200mg Refill Pouch 60 Capsules,0,0,0,10.99,taxable,,Vitamins,Birch & Wilde Marine Collagen Capsules 1200mg Refill Pouch 60 Capsules. A vitamins and supplements product. Supplied as 60 Capsules.,No regulation
simple,5055148411008,Lamberts L-Methionine 500mg 60 Capsules,0,0,0,10.99,taxable,,Vitamins,Lamberts L-Methionine 500mg 60 Capsules. A vitamins and supplements product. Supplied as 60 Capsules.,No regulation
simple,5055148406431,Lamberts Multi-Guard Sport 60 Tablets,0,0,0,10.99,taxable,,Vitamins,Lamberts Multi-Guard Sport 60 Tablets. A vitamins and supplements product. Supplied as 60 Tablets.,No regulation
simple,4008666701510,Plantur 39 Conditioner for Fine & Brittle Hair 150ml,0,0,0,10.99,taxable,,Hair Care,Plantur 39 Conditioner for Fine & Brittle Hair 150ml. A hair care product. Supplied as 150ml.,No regulation
simple,7610313405121,A.Vogel Stress Relief Daytime 50ml,0,0,0,10.99,taxable,,Skincare,A.Vogel Stress Relief Daytime 50ml. A skincare product. Supplied as 50ml.,No regulation
simple,5060062996104,Lansinoh HPA Lanolin Nipple Cream 40ml,0,0,0,10.99,taxable,,Skincare,Lansinoh HPA Lanolin Nipple Cream 40ml. A skincare product. Supplied as 40ml.,No regulation
simple,5034511005280,Green People Organic Babies Baby Wash & Shampoo Scent Free 150ml,0,0,0,10.99,taxable,,Baby & Child,Green People Organic Babies Baby Wash & Shampoo Scent Free 150ml. A baby and child product. Supplied as 150ml.,No regulation
simple,0792850010116,Burt's Bees Baby Bee Original Lotion 170g,0,0,0,10.99,taxable,,Baby & Child,Burt's Bees Baby Bee Original Lotion 170g. A baby and child product. Supplied as 170g.,No regulation
simple,5060254922294,Enopen Cream 500g,0,0,0,10.99,taxable,,Skincare,Enopen Cream 500g. A skincare product. Supplied as 500g.,No regulation
simple,5016973991561,Balance Activ Moisture Gel Pre-Filled Single Use Applicators 7 Pack,0,0,0,10.99,taxable,,Skincare,Balance Activ Moisture Gel Pre-Filled Single Use Applicators 7 Pack. A skincare product. Supplied as 7 Pack.,No regulation
simple,5055148412920,Lamberts Saw Palmetto Extract 160mg 60 Capsules,0,0,0,10.99,taxable,,Vitamins,Lamberts Saw Palmetto Extract 160mg 60 Capsules. A vitamins and supplements product. Supplied as 60 Capsules.,No regulation
simple,4008666212375,Alpecin Liquid 200ml,0,0,0,10.99,taxable,,Hair Care,Alpecin Liquid 200ml. A hair care product. Supplied as 200ml.,No regulation
simple,3337875597180,CeraVe Hydrating Cleanser 236ml,0,0,0,10.99,taxable,,Skincare,CeraVe Hydrating Cleanser 236ml. A skincare product. Supplied as 236ml.,No regulation
simple,0083000016561,Nature's Answer PerioBrite Mouthwash Wintermint,0,0,0,10.99,taxable,,Oral Care,Nature's Answer PerioBrite Mouthwash Wintermint. An oral care product.,No regulation
simple,5000283661559,Pharmaton Vitality11 Multivitamin 30 Caplets,0,0,0,10.99,taxable,,Vitamins,Pharmaton Vitality11 Multivitamin 30 Caplets. A vitamins and supplements product.,No regulation
simple,7643022211660,Shea Moisture Raw Shea Butter Moisture Treatment Masque 326ml,0,0,0,10.99,taxable,,Skincare,Shea Moisture Raw Shea Butter Moisture Treatment Masque 326ml. A skincare product. Supplied as 326ml.,No regulation
simple,3337875597210,CeraVe Moisturising Lotion 236ml,0,0,0,10.99,taxable,,Skincare,CeraVe Moisturising Lotion 236ml. A skincare product. Supplied as 236ml.,No regulation
simple,0634158637803,Wild Nutrition Take Control Of Your Endometriosis Book,0,0,0,10.99,taxable,,Vitamins,Wild Nutrition Take Control Of Your Endometriosis Book. A vitamins and supplements product.,No regulation
simple,5052197045451,Durex Intimate Feel Thin Condoms 12 Pack,0,0,0,10.99,taxable,reduced-rate,Sexual Wellness,"Durex Intimate Feel Thin Condoms 12 Pack. Always read the label and any leaflet supplied. If symptoms persist, speak to your pharmacist or doctor. Supplied as 12 Pack.",No regulation
simple,4005900695871,Nivea Sun Protect & Dry Touch Refreshing Mist SPF50 200ml,0,0,0,10.99,taxable,,Skincare,Nivea Sun Protect & Dry Touch Refreshing Mist SPF50 200ml. A skincare product. Supplied as 200ml.,No regulation
simple,93468183,Australian Bush Flower Essences Sexuality Drops 30ml,0,0,0,10.95,taxable,,Vitamins,Australian Bush Flower Essences Sexuality Drops 30ml. A vitamins and supplements product. Supplied as 30ml.,No regulation
simple,93468145,Australian Bush Flower Essences Emergency Drops 30ml,0,0,0,10.95,taxable,,Vitamins,Australian Bush Flower Essences Emergency Drops 30ml. A vitamins and supplements product. Supplied as 30ml.,No regulation
simple,9326922006533,Australian Bush Flower Essences Abund Oral Spray 30ml,0,0,0,10.95,taxable,,Beauty,Australian Bush Flower Essences Abund Oral Spray 30ml. A health and beauty product. Supplied as 30ml.,No regulation
simple,93468190,Australian Bush Flower Essences Solaris Drops 30ml,0,0,0,10.95,taxable,,Vitamins,Australian Bush Flower Essences Solaris Drops 30ml. A vitamins and supplements product. Supplied as 30ml.,No regulation
simple,0033984009455,Solgar Coq-10 30mg Softgels 30 Pack,0,0,0,10.89,taxable,,Vitamins,Solgar Coq-10 30mg Softgels 30 Pack. A vitamins and supplements product. Supplied as 30 Pack.,No regulation
simple,9335955002726,MooGoo Skin Milk Udder Cream 200g,0,0,0,10.89,taxable,,Skincare,MooGoo Skin Milk Udder Cream 200g. A skincare product. Supplied as 200g.,No regulation
simple,0033984001008,Solgar Amino 75 30 Capsules,0,0,0,10.89,taxable,,Vitamins,Solgar Amino 75 30 Capsules. A vitamins and supplements product. Supplied as 30 Capsules.,No regulation
simple,4015600254254,Wella Professional Shampoo Enrich Coarse/Thick Hair 500ml,0,0,0,10.89,taxable,,Hair Care,Wella Professional Shampoo Enrich Coarse/Thick Hair 500ml. A hair care product. Supplied as 500ml.,No regulation
simple,5391500077797,Cleanmarine for Kids 200mg 60 Gelcaps,0,0,0,10.89,taxable,,Skincare,Cleanmarine for Kids 200mg 60 Gelcaps. A skincare product. Supplied as 200mg.,No regulation
simple,0033984027602,Solgar L-Tyrosine 500mg 50 Capsules,0,0,0,10.89,taxable,,Vitamins,Solgar L-Tyrosine 500mg 50 Capsules. A vitamins and supplements product. Supplied as 50 Capsules.,No regulation
simple,0033984320482,Solgar Vitamin D3 2500IU (62.5µg) Liquid 59ml,0,0,0,10.89,taxable,,Vitamins,Solgar Vitamin D3 2500IU (62.5µg) Liquid 59ml. A vitamins and supplements product. Supplied as 59ml.,No regulation
simple,3282770037067,Avène Cleanance MAT Mattifying Lotion 200ml,0,0,0,10.89,taxable,,Skincare,Avène Cleanance MAT Mattifying Lotion 200ml. A skincare product. Supplied as 200ml.,No regulation
simple,0033984009417,Solgar Cod Liver Oil 250 Softgels,0,0,0,10.89,taxable,,Vitamins,Solgar Cod Liver Oil 250 Softgels. A vitamins and supplements product. Supplied as 250 Softgels.,No regulation
simple,5055148402396,Lamberts Flaxseed Oil 1000mg 90 Capsules,0,0,0,10.89,taxable,,Vitamins,Lamberts Flaxseed Oil 1000mg 90 Capsules. A vitamins and supplements product. Supplied as 90 Capsules.,No regulation
simple,0033984024601,Solgar Rutin 500mg 50 Tablets,0,0,0,10.89,taxable,,Vitamins,Solgar Rutin 500mg 50 Tablets. A vitamins and supplements product. Supplied as 50 Tablets.,No regulation
simple,0033984009318,Solgar Coq-10 30mg 30 Capsules,0,0,0,10.89,taxable,,Vitamins,Solgar Coq-10 30mg 30 Capsules. A vitamins and supplements product. Supplied as 30 Capsules.,No regulation
simple,0033984039032,Solgar Ginger Root 100 Capsules,0,0,0,10.89,taxable,,Vitamins,Solgar Ginger Root 100 Capsules. A vitamins and supplements product. Supplied as 100 Capsules.,No regulation
simple,0033984311701,Solgar Super Cod Liver Oil Complex 60 Softgels,0,0,0,10.89,taxable,,Vitamins,Solgar Super Cod Liver Oil Complex 60 Softgels. A vitamins and supplements product. Supplied as 60 Softgels.,No regulation
simple,5060018511559,KIKI Health Organic Goji Berry Powder 70g,0,0,0,10.89,taxable,zero-rate,Vitamins,KIKI Health Organic Goji Berry Powder 70g. A vitamins and supplements product. Supplied as 70g.,No regulation
simple,0078522083009,Jason Family Natural Sunblock SPF45 113g,0,0,0,10.89,taxable,,Skincare,Jason Family Natural Sunblock SPF45 113g. A skincare product. Supplied as 113g.,No regulation
simple,0033984017351,"Solgar Skin, Nails & Hair Formula 60 Tablets",0,0,0,10.89,taxable,,Hair Care,"Solgar Skin, Nails & Hair Formula 60 Tablets. A hair care product. Supplied as 60 Tablets.",No regulation
simple,0033984000551,Solgar Alpha-Lipoic Acid 60mg 30 Capsules,0,0,0,10.89,taxable,,Vitamins,Solgar Alpha-Lipoic Acid 60mg 30 Capsules. A vitamins and supplements product. Supplied as 30 Capsules.,No regulation
simple,0033984013209,Solgar L-Glutamine 500mg 50 Capsules,0,0,0,10.89,taxable,,Vitamins,Solgar L-Glutamine 500mg 50 Capsules. A vitamins and supplements product. Supplied as 50 Capsules.,No regulation
simple,0033984014107,Solgar Gold Specifics Homocysteine Modulators 60 Capsules,0,0,0,10.89,taxable,,Vitamins,Solgar Gold Specifics Homocysteine Modulators 60 Capsules. A vitamins and supplements product. Supplied as 60 Capsules.,No regulation
simple,5012616291708,Beconase Hay Fever 180 Sprays,0,0,0,10.89,taxable,,Prescription Medicines,"Beconase Hay Fever 180 Sprays. Prescription-only medicine, supplied after an online consultation with our pharmacist. Always read the label and any leaflet supplied. If symptoms persist, speak to your pharmacist or doctor.",P
simple,5016379153501,Dermol 600 Bath Emollient 600ml,0,0,0,10.89,taxable,,Skincare,"Dermol 600 Bath Emollient 600ml. Prescription-only medicine, supplied after an online consultation with our pharmacist. Always read the label and any leaflet supplied. If symptoms persist, speak to your pharmacist or doctor. Supplied as 600ml.",P
simple,5060018511535,KIKI Health Organic Baobab Powder 100g,0,0,0,10.89,taxable,zero-rate,Vitamins,KIKI Health Organic Baobab Powder 100g. A vitamins and supplements product. Supplied as 100g.,No regulation
simple,0033984010567,Solgar Evening Primrose Oil 1300mg 30 Softgels,0,0,0,10.89,taxable,,Vitamins,Solgar Evening Primrose Oil 1300mg 30 Softgels. A vitamins and supplements product. Supplied as 30 Softgels.,No regulation
simple,9335955004461,MooGoo Baby Soothing Moisturiser Nut Oil Free 120g,0,0,0,10.89,taxable,,Baby & Child,MooGoo Baby Soothing Moisturiser Nut Oil Free 120g. A baby and child product. Supplied as 120g.,No regulation
simple,3282770145700,Klorane Peony Conditioner 150ml,0,0,0,10.89,taxable,,Hair Care,Klorane Peony Conditioner 150ml. A hair care product. Supplied as 150ml.,No regulation
simple,3600523526062,L'Oréal Men Expert Barber Club Long Beard Skin Oil 30ml,0,0,0,10.89,taxable,,Men's Grooming,L'Oréal Men Expert Barber Club Long Beard Skin Oil 30ml. A men's grooming product. Supplied as 30ml.,No regulation
simple,4015600254315,Wella Professional Shampoo Enrich Fine/Normal Hair 500ml,0,0,0,10.89,taxable,,Hair Care,Wella Professional Shampoo Enrich Fine/Normal Hair 500ml. A hair care product. Supplied as 500ml.,No regulation
simple,5029354002718,Aloe Pura Aloe Vera Sun Lotion SPF15 200ml,0,0,0,10.79,taxable,,Skincare,Aloe Pura Aloe Vera Sun Lotion SPF15 200ml. A skincare product. Supplied as 200ml.,No regulation
simple,5704947003487,O'Keeffe's Skin Relief & Repair Intensive Body Cream 325ml,0,0,0,10.79,taxable,,Skincare,O'Keeffe's Skin Relief & Repair Intensive Body Cream 325ml. A skincare product. Supplied as 325ml.,No regulation
simple,5012616172601,Lyclear Dermal Cream 30g,0,0,0,10.79,taxable,,Skincare,"Lyclear Dermal Cream 30g. Prescription-only medicine, supplied after an online consultation with our pharmacist. Always read the label and any leaflet supplied. If symptoms persist, speak to your pharmacist or doctor. Supplied as 30g.",P
simple,5060571721570,UpCircle Lip Balm with Hemp Seed Oil & Shea Butter 15ml,0,0,0,10.79,taxable,,Skincare,UpCircle Lip Balm with Hemp Seed Oil & Shea Butter 15ml. A skincare product. Supplied as 15ml.,No regulation
simple,5060599183916,Mad Beauty FRIENDS 12 Day Advent Calendar,0,0,0,10.79,taxable,,General Health,Mad Beauty FRIENDS 12 Day Advent Calendar. A health and wellbeing product.,No regulation
simple,42360759,Nivea Sun Kids Roll-On SPF50 Green 50ml,0,0,0,10.79,taxable,,Skincare,Nivea Sun Kids Roll-On SPF50 Green 50ml. A skincare product. Supplied as 50ml.,No regulation
simple,5021265223527,Vitabiotics Wellman Sport 30 Tablets,0,0,0,10.79,taxable,,Vitamins,Vitabiotics Wellman Sport 30 Tablets. A vitamins and supplements product. Supplied as 30 Tablets.,No regulation
simple,5060099032134,Odylique Lavender Essential Oil Organic 10ml,0,0,0,10.79,taxable,,Skincare,Odylique Lavender Essential Oil Organic 10ml. A skincare product. Supplied as 10ml.,No regulation
simple,7391899836591,ReNu Fresh Lens Comfort 240ml,0,0,0,10.79,taxable,,General Health,ReNu Fresh Lens Comfort 240ml. A health and wellbeing product. Supplied as 240ml.,No regulation
simple,5035883000101,Snoreeze Throat Spray 22ml,0,0,0,10.79,taxable,,Cold & Flu,"Snoreeze Throat Spray 22ml. Always read the label and any leaflet supplied. If symptoms persist, speak to your pharmacist or doctor. Supplied as 22ml.",No regulation
simple,8809566990846,Benton Deep Green Tea Cleansing Foam 120g,0,0,0,10.79,taxable,,Skincare,Benton Deep Green Tea Cleansing Foam 120g. A skincare product. Supplied as 120g.,No regulation
simple,4005808583669,Eucerin DermatoCLEAN Clarifying Toner with Hyaluronic Acid 200ml,0,0,0,10.79,taxable,,Skincare,Eucerin DermatoCLEAN Clarifying Toner with Hyaluronic Acid 200ml. A skincare product. Supplied as 200ml.,No regulation
simple,5060203792565,Terranova Artichoke Leaf 250mg 50 Pack,0,0,0,10.79,taxable,,Vitamins,Terranova Artichoke Leaf 250mg 50 Pack. A vitamins and supplements product. Supplied as 50 Pack.,No regulation
simple,5060319461218,It's Pure Organic Herbal Hair Colour Auburn 110g,0,0,0,10.79,taxable,,First Aid,"It's Pure Organic Herbal Hair Colour Auburn 110g. Always read the label and any leaflet supplied. If symptoms persist, speak to your pharmacist or doctor. Supplied as 110g.",No regulation
simple,4005800275210,Eucerin DermatoCLEAN Cleansing Milk 200ml,0,0,0,10.79,taxable,,Skincare,Eucerin DermatoCLEAN Cleansing Milk 200ml. A skincare product. Supplied as 200ml.,No regulation
simple,5060094190006,Glucogel 80g,0,0,0,10.69,taxable,,Skincare,Glucogel 80g. A skincare product. Supplied as 80g.,No regulation
simple,5016379291869,Ibuleve Pain Relief Gel 5% 100g,0,0,0,10.69,taxable,,Pain Relief,"Ibuleve Pain Relief Gel 5% 100g. Always read the label and any leaflet supplied. If symptoms persist, speak to your pharmacist or doctor. Supplied as 100g.",GSL
simple,3282770149272,Klorane Brightening Shampoo with Camomile for Blonde Hair 200ml,0,0,0,10.69,taxable,,Hair Care,Klorane Brightening Shampoo with Camomile for Blonde Hair 200ml. A hair care product. Supplied as 200ml.,No regulation
simple,5056156307499,Indigo Herbs Bladderwrack Powder 100g,0,0,0,10.69,taxable,,Vitamins,Indigo Herbs Bladderwrack Powder 100g. A vitamins and supplements product. Supplied as 100g.,No regulation
simple,5016007204674,Optive Fusion Eye Drops 10ml,0,0,0,10.69,taxable,,Eye Care,"Optive Fusion Eye Drops 10ml. Always read the label and any leaflet supplied. If symptoms persist, speak to your pharmacist or doctor. Supplied as 10ml.",No regulation
simple,3282770143522,Klorane Pomegranate Conditioner 200ml,0,0,0,10.69,taxable,,Hair Care,Klorane Pomegranate Conditioner 200ml. A hair care product. Supplied as 200ml.,No regulation
simple,5013455260375,Weleda Prunus Spinosa 6X Drops 25ml,0,0,0,10.69,taxable,,Vitamins,Weleda Prunus Spinosa 6X Drops 25ml. A vitamins and supplements product. Supplied as 25ml.,GSL
simple,5709976115200,Pharma Nord Bio-Culture Probiotics 60 Capsules,0,0,0,10.69,taxable,,Digestive,"Pharma Nord Bio-Culture Probiotics 60 Capsules. Always read the label and any leaflet supplied. If symptoms persist, speak to your pharmacist or doctor. Supplied as 60 Capsules.",No regulation
simple,0033984012493,Solgar Gentle Iron 20mg 90 Capsules,0,0,0,10.69,taxable,,Vitamins,Solgar Gentle Iron 20mg 90 Capsules. A vitamins and supplements product. Supplied as 90 Capsules.,No regulation
simple,3614224084141,Lancaster Sun Sensitive Delicate Softening Body Milk SPF30 125ml,0,0,0,10.69,taxable,,Skincare,Lancaster Sun Sensitive Delicate Softening Body Milk SPF30 125ml. A skincare product. Supplied as 125ml.,No regulation
simple,5055148400262,Lamberts Silica 200mg 90 Capsules,0,0,0,10.69,taxable,,Vitamins,Lamberts Silica 200mg 90 Capsules. A vitamins and supplements product. Supplied as 90 Capsules.,No regulation
simple,3282770140972,Klorane Mango Conditioner 200ml,0,0,0,10.69,taxable,,Hair Care,Klorane Mango Conditioner 200ml. A hair care product. Supplied as 200ml.,No regulation
simple,5060704340371,Acala Beachwood Shaving Brush,0,0,0,10.69,taxable,,Men's Grooming,Acala Beachwood Shaving Brush. A men's grooming product.,No regulation
simple,3282779051378,Avène Gentle Eye Makeup Remover 125ml,0,0,0,10.69,taxable,,Beauty,Avène Gentle Eye Makeup Remover 125ml. A health and beauty product. Supplied as 125ml.,No regulation
simple,5060553605119,BeYou Anti Chafing Cream 50g,0,0,0,10.69,taxable,,Skincare,BeYou Anti Chafing Cream 50g. A skincare product. Supplied as 50g.,No regulation
simple,7333350858148,Epaderm Ointment 500g,0,0,0,10.69,taxable,,Skincare,Epaderm Ointment 500g. A skincare product. Supplied as 500g.,No regulation
simple,3282770147469,Klorane Volume Conditioner with Flax Fiber 200ml,0,0,0,10.69,taxable,,Hair Care,Klorane Volume Conditioner with Flax Fiber 200ml. A hair care product. Supplied as 200ml.,No regulation
simple,0033984049949,Solgar Scutellariae 50 Capsules,0,0,0,10.69,taxable,,Vitamins,Solgar Scutellariae 50 Capsules. A vitamins and supplements product. Supplied as 50 Capsules.,No regulation
simple,7610313304578,A.Vogel Eye Drops 10ml,0,0,0,10.69,taxable,,Eye Care,"A.Vogel Eye Drops 10ml. Always read the label and any leaflet supplied. If symptoms persist, speak to your pharmacist or doctor. Supplied as 10ml.",No regulation
simple,3574661156392,Aveeno Cream 500ml,0,0,0,10.69,taxable,,Skincare,Aveeno Cream 500ml. A skincare product. Supplied as 500ml.,No regulation
simple,5027314496713,Bio-Kult Infantis 16 Sachets,0,0,0,10.59,taxable,,Baby & Child,Bio-Kult Infantis 16 Sachets. A baby and child product. Supplied as 16 Sachets.,No regulation
simple,0033984040687,Solgar Vegetal Silica 100 Capsules,0,0,0,10.59,taxable,,Vitamins,Solgar Vegetal Silica 100 Capsules. A vitamins and supplements product. Supplied as 100 Capsules.,No regulation
simple,5060375230179,Flarin 200mg Ibuprofen 30 Soft Capsules,0,0,0,10.59,taxable,,Pain Relief,"Flarin 200mg Ibuprofen 30 Soft Capsules. Prescription-only medicine, supplied after an online consultation with our pharmacist. Always read the label and any leaflet supplied. If symptoms persist, speak to your pharmacist or doctor. Supplied as 200mg.",P
simple,0033984035058,Solgar Vitamin E 134mg (200IU) 50 Vegetable Softgels,0,0,0,10.59,taxable,,Vitamins,Solgar Vitamin E 134mg (200IU) 50 Vegetable Softgels. A vitamins and supplements product. Supplied as 200IU.,No regulation
simple,7643022208554,Shea Moisture African Black Soap Bamboo Charcoal Deep Cleansing Shampoo 384ml,0,0,0,10.59,taxable,,Hair Care,Shea Moisture African Black Soap Bamboo Charcoal Deep Cleansing Shampoo 384ml. A hair care product. Supplied as 384ml.,No regulation
simple,5038581143941,Yankee Candle Home Inspiration Elderberry Blush 538g,0,0,0,10.59,taxable,,Beauty,Yankee Candle Home Inspiration Elderberry Blush 538g. A health and beauty product. Supplied as 538g.,No regulation
simple,9335955000159,MooGoo Soothing MSM Moisturiser 120g,0,0,0,10.59,taxable,,Skincare,MooGoo Soothing MSM Moisturiser 120g. A skincare product. Supplied as 120g.,No regulation
simple,5038581130200,Yankee Candle Home Inspiration Citrus Spice 538g,0,0,0,10.59,taxable,,Beauty,Yankee Candle Home Inspiration Citrus Spice 538g. A health and beauty product. Supplied as 538g.,No regulation
simple,9335955000050,MooGoo Milk Shampoo 500ml,0,0,0,10.59,taxable,,Hair Care,MooGoo Milk Shampoo 500ml. A hair care product. Supplied as 500ml.,No regulation
simple,0615908431339,Tigi Bed Head Smalltalk Styling Cream for Fine Hair 240ml,0,0,0,10.59,taxable,,Hair Care,Tigi Bed Head Smalltalk Styling Cream for Fine Hair 240ml. A hair care product. Supplied as 240ml.,No regulation
simple,8719327597811,ALTRUIST FAMILY SUNSPRAY SPF50 250ML,0,0,0,10.59,taxable,,Skincare,ALTRUIST FAMILY SUNSPRAY SPF50 250ML. A skincare product. Supplied as 250ML.,No regulation
simple,8809990007424,Skybottle White Rain Perfumed Hand Cream 50ml,0,0,0,10.59,taxable,,Skincare,Skybottle White Rain Perfumed Hand Cream 50ml. A skincare product. Supplied as 50ml.,No regulation
simple,4005900577948,Eucerin Aquaphor Soothing Skin Balm 45ml,0,0,0,10.59,taxable,,Skincare,Eucerin Aquaphor Soothing Skin Balm 45ml. A skincare product. Supplied as 45ml.,No regulation
simple,0078522000464,Jason Thin-To-Thick Extra Volume Hair Spray 237ml,0,0,0,10.59,taxable,,Hair Care,Jason Thin-To-Thick Extra Volume Hair Spray 237ml. A hair care product. Supplied as 237ml.,No regulation
simple,4008666701800,Plantur 39 Shampoo for Fine & Brittle Hair 250ml,0,0,0,10.59,taxable,,Hair Care,Plantur 39 Shampoo for Fine & Brittle Hair 250ml. A hair care product. Supplied as 250ml.,No regulation
simple,5038581136707,Yankee Candle Home Inspiration Snow Dusted Pine 538g,0,0,0,10.59,taxable,,Beauty,Yankee Candle Home Inspiration Snow Dusted Pine 538g. A health and beauty product. Supplied as 538g.,No regulation
simple,7643022211592,Shea Moisture Raw Shea Butter Moisture Restorative Conditioner 379ml,0,0,0,10.59,taxable,,Hair Care,Shea Moisture Raw Shea Butter Moisture Restorative Conditioner 379ml. A hair care product. Supplied as 379ml.,No regulation
simple,0810020170467,Bondi Sands Hydrating Body Lotion Uv Protect Spf50+ 150ml,0,0,0,10.59,taxable,,Skincare,Bondi Sands Hydrating Body Lotion Uv Protect Spf50+ 150ml. A skincare product. Supplied as 150ml.,No regulation
simple,5013455142381,Weleda Rhinodoron Nasal Spray with Aloe Vera 20ml,0,0,0,10.59,taxable,,Cold & Flu,"Weleda Rhinodoron Nasal Spray with Aloe Vera 20ml. Always read the label and any leaflet supplied. If symptoms persist, speak to your pharmacist or doctor. Supplied as 20ml.",No regulation
simple,5020465203278,Cetaphil Hydrating Foaming Cream Cleanser 236ml,0,0,0,10.59,taxable,,Skincare,Cetaphil Hydrating Foaming Cream Cleanser 236ml. A skincare product. Supplied as 236ml.,No regulation
simple,5060203790196,Terranova B-Complex w/ Vitamin C 50 Pack,0,0,0,10.59,taxable,,Vitamins,Terranova B-Complex w/ Vitamin C 50 Pack. A vitamins and supplements product. Supplied as 50 Pack.,No regulation
simple,3574661184272,Piz Buin Tan & Protect Tan Intensifying Sun Lotion SPF30 150ml,0,0,0,10.59,taxable,,Skincare,Piz Buin Tan & Protect Tan Intensifying Sun Lotion SPF30 150ml. A skincare product. Supplied as 150ml.,No regulation
simple,4013474113035,Gehwol Leg Balm 125ml,0,0,0,10.59,taxable,,Skincare,Gehwol Leg Balm 125ml. A skincare product. Supplied as 125ml.,No regulation
simple,0033984007000,Solgar Chelated Magnesium 100 Tablets,0,0,0,10.49,taxable,,Vitamins,Solgar Chelated Magnesium 100 Tablets. A vitamins and supplements product. Supplied as 100 Tablets.,No regulation
simple,5065000523343,Pukka Clean Chlorella 150 Tablets,0,0,0,10.49,taxable,,Vitamins,Pukka Clean Chlorella 150 Tablets. A vitamins and supplements product. Supplied as 150 Tablets.,No regulation
simple,5060420232752,Lansinoh Cold & Warm Post-Birth Relief Pad 12 Pack,0,0,0,10.49,taxable,zero-rate,Cold & Flu,"Lansinoh Cold & Warm Post-Birth Relief Pad 12 Pack. Always read the label and any leaflet supplied. If symptoms persist, speak to your pharmacist or doctor. Supplied as 12 Pack.",No regulation
simple,3800219796131,Alteya Organic Rose Otto Intensive Hand Cream 90ml,0,0,0,10.49,taxable,,Skincare,Alteya Organic Rose Otto Intensive Hand Cream 90ml. A skincare product. Supplied as 90ml.,No regulation
simple,5060086611106,Optibac Gut Health Gummies 30 Pack,0,0,0,10.49,taxable,,Vitamins,Optibac Gut Health Gummies 30 Pack. A vitamins and supplements product. Supplied as 30 Pack.,No regulation
simple,5060391848389,Dr. Organic Skin Calm Probiotic Cream Cleanser 150ml,0,0,0,10.49,taxable,,Digestive,"Dr. Organic Skin Calm Probiotic Cream Cleanser 150ml. Always read the label and any leaflet supplied. If symptoms persist, speak to your pharmacist or doctor. Supplied as 150ml.",No regulation
simple,0033984033160,Solgar Vitamin D3 2200IU (55µg) 50 Vegetable Capsules,0,0,0,10.49,taxable,,Vitamins,Solgar Vitamin D3 2200IU (55µg) 50 Vegetable Capsules. A vitamins and supplements product. Supplied as 2200IU.,No regulation
simple,5054563908117,Voltarol 12HR Emugel 50g,0,0,0,10.49,taxable,,Pain Relief,"Voltarol 12HR Emugel 50g. Always read the label and any leaflet supplied. If symptoms persist, speak to your pharmacist or doctor. Supplied as 50g.",GSL
simple,0705928045309,NeilMed Nasogel Spray for Dry Noses 30ml,0,0,0,10.49,taxable,,Skincare,NeilMed Nasogel Spray for Dry Noses 30ml. A skincare product. Supplied as 30ml.,No regulation
simple,5060384790091,Cosmocol Plain 30 Sachets,0,0,0,10.49,taxable,,Prescription Medicines,"Cosmocol Plain 30 Sachets. Prescription-only medicine, supplied after an online consultation with our pharmacist. Always read the label and any leaflet supplied. If symptoms persist, speak to your pharmacist or doctor. Supplied as 30 Sachets.",P
simple,5709976283503,Pharma Nord Bio-Garlic 300mg 150 Tablets,0,0,0,10.49,taxable,,Vitamins,Pharma Nord Bio-Garlic 300mg 150 Tablets. A vitamins and supplements product. Supplied as 150 Tablets.,No regulation
simple,0724742007621,Alba Botanica Acne Oil Control Lotion 57g,0,0,0,10.49,taxable,,Skincare,Alba Botanica Acne Oil Control Lotion 57g. A skincare product. Supplied as 57g.,No regulation
simple,0705928602755,NeilMed Clearcanal Earwax Removal Complete Kit,0,0,0,10.49,taxable,,General Health,NeilMed Clearcanal Earwax Removal Complete Kit. A health and wellbeing product.,No regulation
simple,0078522000440,Jason Thin-To-Thick Extra Volume Conditioner 227g,0,0,0,10.49,taxable,,Hair Care,Jason Thin-To-Thick Extra Volume Conditioner 227g. A hair care product. Supplied as 227g.,No regulation
simple,4005800270406,Eucerin DermatoCLEAN Micellar Eye Makeup Remover 125ml,0,0,0,10.49,taxable,,Skincare,Eucerin DermatoCLEAN Micellar Eye Makeup Remover 125ml. A skincare product. Supplied as 125ml.,No regulation
simple,5060372800214,Dr.PawPaw It Does It All 7 in 1 Hair Treatment Styler 150ml,0,0,0,10.49,taxable,,Hair Care,Dr.PawPaw It Does It All 7 in 1 Hair Treatment Styler 150ml. A hair care product. Supplied as 150ml.,No regulation
simple,5013455061262,Weleda Digestion Calming Drops 25ml,0,0,0,10.49,taxable,,Vitamins,Weleda Digestion Calming Drops 25ml. A vitamins and supplements product. Supplied as 25ml.,GSL
simple,5011309040111,Care+ Co-Lactase Infant Drops 10ml,0,0,0,10.49,taxable,,Baby & Child,Care+ Co-Lactase Infant Drops 10ml. A baby and child product. Supplied as 10ml.,No regulation
simple,5060571821805,The Good Guru Vegan JointAid 60 Capsules,0,0,0,10.49,taxable,,Vitamins,The Good Guru Vegan JointAid 60 Capsules. A vitamins and supplements product. Supplied as 60 Capsules.,No regulation
simple,5060148520315,BetterYou Magnesium Oil Joint Spray 100ml,0,0,0,10.49,taxable,,Pain Relief,"BetterYou Magnesium Oil Joint Spray 100ml. Always read the label and any leaflet supplied. If symptoms persist, speak to your pharmacist or doctor. Supplied as 100ml.",No regulation
simple,5011501080038,Deep Relief Triple Action Joint Pain Gel 100g,0,0,0,10.49,taxable,,Pain Relief,"Deep Relief Triple Action Joint Pain Gel 100g. Prescription-only medicine, supplied after an online consultation with our pharmacist. Always read the label and any leaflet supplied. If symptoms persist, speak to your pharmacist or doctor. Supplied as 100g.",P
simple,5021284190763,Beaphar One Dose Dog Wormer 6-40kg Tablets,0,0,0,10.49,taxable,,Pet Care,Beaphar One Dose Dog Wormer 6-40kg Tablets. A pet care product. Supplied as 40kg.,No regulation
simple,4008666701619,Plantur 39 Conditioner for Coloured & Stressed Hair 150ml,0,0,0,10.49,taxable,,Hair Care,Plantur 39 Conditioner for Coloured & Stressed Hair 150ml. A hair care product. Supplied as 150ml.,No regulation
simple,5016379175008,Doublebase Once Emollient Gel 500g,0,0,0,10.49,taxable,,Skincare,Doublebase Once Emollient Gel 500g. A skincare product. Supplied as 500g.,No regulation
simple,5023652438125,Nature's Aid OptiGUT-C (15 Bill Bac) 120g Powder,0,0,0,10.49,taxable,,Vitamins,Nature's Aid OptiGUT-C (15 Bill Bac) 120g Powder. A vitamins and supplements product. Supplied as 120g.,No regulation
simple,5028392001899,Nutri Advanced Vitamin D3 High Strength 60 Tablets,0,0,0,10.49,taxable,,Vitamins,Nutri Advanced Vitamin D3 High Strength 60 Tablets. A vitamins and supplements product. Supplied as 60 Tablets.,No regulation
simple,9327693005404,Sukin Hydrating Facial Masque 100ml,0,0,0,10.49,taxable,,Skincare,Sukin Hydrating Facial Masque 100ml. A skincare product. Supplied as 100ml.,No regulation
simple,5038483844588,Scholl Softgrip C1 Below The Knee Compression Hosiery Small Black,0,0,0,10.49,taxable,,Supports & Braces,Scholl Softgrip C1 Below The Knee Compression Hosiery Small Black. A support and mobility product.,No regulation
simple,5060203792985,Terranova Cranberry 300mg 50 Capsules,0,0,0,10.49,taxable,,Vitamins,Terranova Cranberry 300mg 50 Capsules. A vitamins and supplements product. Supplied as 50 Capsules.,No regulation
simple,5010724000496,Hero Mighty Patch Surface 10's,0,0,0,10.49,taxable,,General Health,Hero Mighty Patch Surface 10's. A health and wellbeing product.,No regulation
simple,0798092218358,Back Pain Treatment - Naproxen 250mg 84 Tablets,0,0,0,10.49,taxable,zero-rate,Pain Relief,"Back Pain Treatment - Naproxen 250mg 84 Tablets. Prescription-only medicine, supplied after an online consultation with our pharmacist. Always read the label and any leaflet supplied. If symptoms persist, speak to your pharmacist or doctor. Supplied as 84 Tablets.",P
simple,0071409543405,Mane 'n Tail Hair Strengthener 178ml,0,0,0,10.49,taxable,,Hair Care,Mane 'n Tail Hair Strengthener 178ml. A hair care product. Supplied as 178ml.,No regulation
simple,5054563948656,Centrum Advance 50+ Adults Multivitamin 60 Tablets,0,0,0,10.49,taxable,,Vitamins,Centrum Advance 50+ Adults Multivitamin 60 Tablets. A vitamins and supplements product. Supplied as 60 Tablets.,No regulation
simple,5025452001073,Salt of the Earth Lavender & Vanilla Deodorant Stick 84g,0,0,0,10.49,taxable,,Beauty,Salt of the Earth Lavender & Vanilla Deodorant Stick 84g. A health and beauty product. Supplied as 84g.,No regulation
simple,5010605054112,Canesten Thrush Pessary 500mg,0,0,0,10.49,taxable,,Women's Health,"Canesten Thrush Pessary 500mg. Prescription-only medicine, supplied after an online consultation with our pharmacist. Always read the label and any leaflet supplied. If symptoms persist, speak to your pharmacist or doctor. Supplied as 500mg.",P
simple,5055148412890,Lamberts Vegan Vitamin D3 1000IU 90 Capsules,0,0,0,10.49,taxable,,Vitamins,Lamberts Vegan Vitamin D3 1000IU 90 Capsules. A vitamins and supplements product. Supplied as 90 Capsules.,No regulation
simple,5060104170615,YES Natural Plant-Oil Based Personal Lubricant-80ml,0,0,0,10.49,taxable,,Sexual Wellness,"YES Natural Plant-Oil Based Personal Lubricant-80ml. Always read the label and any leaflet supplied. If symptoms persist, speak to your pharmacist or doctor. Supplied as 80ml.",No regulation
simple,0015594011035,Astroglide Ultra Gentle Gel 85g,0,0,0,10.49,taxable,,Skincare,Astroglide Ultra Gentle Gel 85g. A skincare product. Supplied as 85g.,No regulation
simple,5013455050112,Weleda Herb & Honey Cough Elixir 100ml,0,0,0,10.49,taxable,,Cold & Flu,"Weleda Herb & Honey Cough Elixir 100ml. Always read the label and any leaflet supplied. If symptoms persist, speak to your pharmacist or doctor. Supplied as 100ml.",GSL
simple,5031013102172,Higher Nature Vitamin B12 30g Powder,0,0,0,10.49,taxable,,Vitamins,Higher Nature Vitamin B12 30g Powder. A vitamins and supplements product. Supplied as 30g.,No regulation
simple,5021265222575,Vitabiotics Ultra Omega-3 High Purity Fish Oil 60 Capsules,0,0,0,10.49,taxable,,Vitamins,Vitabiotics Ultra Omega-3 High Purity Fish Oil 60 Capsules. A vitamins and supplements product. Supplied as 60 Capsules.,No regulation
simple,5011309102512,Cetraben Pro Hydrate Five Intensely Hydrating Body Cream 250ml,0,0,0,10.49,taxable,,Skincare,Cetraben Pro Hydrate Five Intensely Hydrating Body Cream 250ml. A skincare product. Supplied as 250ml.,No regulation
simple,5031013109089,Higher Nature Pro-Easy Powder 90g,0,0,0,10.45,taxable,,Vitamins,Higher Nature Pro-Easy Powder 90g. A vitamins and supplements product. Supplied as 90g.,No regulation
simple,5031013108952,Higher Nature Gentle Iron Complex 60 Capsules,0,0,0,10.45,taxable,,Vitamins,Higher Nature Gentle Iron Complex 60 Capsules. A vitamins and supplements product. Supplied as 60 Capsules.,No regulation
simple,5031013100512,Higher Nature Pro-Gest Vegetable 30 Capsules,0,0,0,10.39,taxable,,Vitamins,Higher Nature Pro-Gest Vegetable 30 Capsules. A vitamins and supplements product. Supplied as 30 Capsules.,No regulation
simple,8809990007417,Skybottle Spring Fever Perfumed Hand Cream 50ml,0,0,0,10.39,taxable,,Skincare,Skybottle Spring Fever Perfumed Hand Cream 50ml. A skincare product. Supplied as 50ml.,No regulation
simple,5016379293009,Ibuleve Gel 100g,0,0,0,10.39,taxable,,Pain Relief,"Ibuleve Gel 100g. Prescription-only medicine, supplied after an online consultation with our pharmacist. Always read the label and any leaflet supplied. If symptoms persist, speak to your pharmacist or doctor. Supplied as 100g.",P
simple,8809990007400,Skybottle Starry Night Perfumed Hand Cream 50ml,0,0,0,10.39,taxable,,Skincare,Skybottle Starry Night Perfumed Hand Cream 50ml. A skincare product. Supplied as 50ml.,No regulation
simple,3662042006104,Hyabak Eye Drops Hypotonic for Dry Eyes 10ml,0,0,0,10.39,taxable,,Eye Care,"Hyabak Eye Drops Hypotonic for Dry Eyes 10ml. Always read the label and any leaflet supplied. If symptoms persist, speak to your pharmacist or doctor. Supplied as 10ml.",GSL
simple,0738678151761,American Crew Pomade 85g,0,0,0,10.39,taxable,,General Health,American Crew Pomade 85g. A health and wellbeing product. Supplied as 85g.,No regulation
simple,0078522000648,Jason Hi-Shine Styling Gel 170g,0,0,0,10.39,taxable,,Hair Care,Jason Hi-Shine Styling Gel 170g. A hair care product. Supplied as 170g.,No regulation
simple,0017854110311,Baylis & Harding Wild Fig & Pomegranate 6 Bauble Gift Set,0,0,0,10.39,taxable,,Beauty,Baylis & Harding Wild Fig & Pomegranate 6 Bauble Gift Set. A health and beauty product.,No regulation
simple,5034445003710,The Eye Doctor Junior Mask,0,0,0,10.39,taxable,,Skincare,The Eye Doctor Junior Mask. A skincare product.,No regulation
simple,5060310353031,Indigo Nutrition Organic Virgin Coconut Oil 500ml,0,0,0,10.39,taxable,,Vitamins,Indigo Nutrition Organic Virgin Coconut Oil 500ml. A vitamins and supplements product. Supplied as 500ml.,No regulation
simple,5060018514673,KIKI Health Organic Raspberry Leaf Vegicaps 60 Vegicaps,0,0,0,10.39,taxable,,Vitamins,KIKI Health Organic Raspberry Leaf Vegicaps 60 Vegicaps. A vitamins and supplements product.,No regulation
simple,5060086611069,Optibac Kids 30 Gummies,0,0,0,10.39,taxable,,Vitamins,Optibac Kids 30 Gummies. A vitamins and supplements product. Supplied as 30 Gummies.,No regulation
simple,0033984015227,Solgar Griffonia 5-HTP Complex 30 Capsules,0,0,0,10.39,taxable,,Vitamins,Solgar Griffonia 5-HTP Complex 30 Capsules. A vitamins and supplements product. Supplied as 30 Capsules.,No regulation
simple,0033984037861,Solgar Cayenne 520mg 100 Capsules,0,0,0,10.29,taxable,,Vitamins,Solgar Cayenne 520mg 100 Capsules. A vitamins and supplements product. Supplied as 100 Capsules.,No regulation
simple,4062981021937,Numark Ibuprofen 400mg 96 Coated Tablets,0,0,0,10.29,taxable,,Pain Relief,"Numark Ibuprofen 400mg 96 Coated Tablets. Prescription-only medicine, supplied after an online consultation with our pharmacist. Always read the label and any leaflet supplied. If symptoms persist, speak to your pharmacist or doctor. Supplied as 400mg.",P
simple,0033984041189,Solgar Deglycyrrhised Licorice Root Extract 60 Capsules,0,0,0,10.29,taxable,,Vitamins,Solgar Deglycyrrhised Licorice Root Extract 60 Capsules. A vitamins and supplements product. Supplied as 60 Capsules.,No regulation
simple,5055148403553,Lamberts Rutin and Vitamin C 500mg 90 Tablets,0,0,0,10.29,taxable,,Vitamins,Lamberts Rutin and Vitamin C 500mg 90 Tablets. A vitamins and supplements product. Supplied as 90 Tablets.,No regulation
simple,0033984038851,Solgar Fenugreek 100 Capsules,0,0,0,10.29,taxable,,Vitamins,Solgar Fenugreek 100 Capsules. A vitamins and supplements product. Supplied as 100 Capsules.,No regulation
simple,5055144200859,Relonchem Ibuprofen 400mg 84 Tablets,0,0,0,10.29,taxable,,Pain Relief,"Relonchem Ibuprofen 400mg 84 Tablets. Prescription-only medicine, supplied after an online consultation with our pharmacist. Always read the label and any leaflet supplied. If symptoms persist, speak to your pharmacist or doctor. Supplied as 84 Tablets.",P
simple,4004148057076,Floradix Liquid Iron & Vitamin Formula 250ml,0,0,0,10.29,taxable,,Vitamins,Floradix Liquid Iron & Vitamin Formula 250ml. A vitamins and supplements product. Supplied as 250ml.,No regulation
simple,5034511002098,Green People Organic Babies Scent Free Baby Oil 100ml,0,0,0,10.29,taxable,,Baby & Child,Green People Organic Babies Scent Free Baby Oil 100ml. A baby and child product. Supplied as 100ml.,No regulation
simple,0033984006096,Solgar Earth Source Food Fermented Koji Iron 27mg 30 Capsules,0,0,0,10.29,taxable,,Vitamins,Solgar Earth Source Food Fermented Koji Iron 27mg 30 Capsules. A vitamins and supplements product. Supplied as 30 Capsules.,No regulation
simple,5000488109733,Bach Rescue Night Spray 20ml,0,0,0,10.29,taxable,,Beauty,Bach Rescue Night Spray 20ml. A health and beauty product. Supplied as 20ml.,No regulation
simple,5060202184057,Cytoplan B12 Methylcobalamin & Adenosylcobalamin Sublingual 60 Tablets,0,0,0,10.29,taxable,,Vitamins,Cytoplan B12 Methylcobalamin & Adenosylcobalamin Sublingual 60 Tablets. A vitamins and supplements product. Supplied as 60 Tablets.,No regulation
simple,5391531760521,Vivio Junior Multivitamin Tonic 250ml,0,0,0,10.29,taxable,,Vitamins,Vivio Junior Multivitamin Tonic 250ml. A vitamins and supplements product. Supplied as 250ml.,No regulation
simple,5017007603665,Motusol Gel 1.16% w/w Gel 100g,0,0,0,10.20,taxable,,Skincare,Motusol Gel 1.16% w/w Gel 100g. A skincare product. Supplied as 100g.,GSL
simple,5021044126803,Garnier Naturality Cleansing Gift Set,0,0,0,10.19,taxable,,Skincare,Garnier Naturality Cleansing Gift Set. A skincare product.,No regulation
simple,0033984001602,Solgar L-Arginine L-Ornithine 500mg/250mg 50 Capsules,0,0,0,10.19,taxable,,Vitamins,Solgar L-Arginine L-Ornithine 500mg/250mg 50 Capsules. A vitamins and supplements product. Supplied as 50 Capsules.,No regulation
simple,5060176672130,Dr. Organic Aloe Vera Cream 50ml,0,0,0,10.19,taxable,,Skincare,Dr. Organic Aloe Vera Cream 50ml. A skincare product. Supplied as 50ml.,No regulation
simple,3800219794151,Alteya Organic Bulgarian White Rose Water (Rosa Alba) Spray 240ml,0,0,0,10.19,taxable,,Beauty,Alteya Organic Bulgarian White Rose Water (Rosa Alba) Spray 240ml. A health and beauty product. Supplied as 240ml.,No regulation
simple,5055148409623,Lamberts Vitamin D3 1000iu (25μg) 120 Capsules,0,0,0,10.19,taxable,,Vitamins,Lamberts Vitamin D3 1000iu (25μg) 120 Capsules. A vitamins and supplements product. Supplied as 120 Capsules.,No regulation
simple,5060176672192,Dr. Organic Manuka Honey Cream 50ml,0,0,0,10.19,taxable,,Skincare,Dr. Organic Manuka Honey Cream 50ml. A skincare product. Supplied as 50ml.,No regulation
simple,4013474117101,Gehwol Antiperspirant Cream 125ml,0,0,0,10.19,taxable,,Skincare,Gehwol Antiperspirant Cream 125ml. A skincare product. Supplied as 125ml.,No regulation
simple,4008666701855,Plantur 39 Shampoo for Coloured & Stressed Hair 250ml,0,0,0,10.19,taxable,,Hair Care,Plantur 39 Shampoo for Coloured & Stressed Hair 250ml. A hair care product. Supplied as 250ml.,No regulation
simple,9332996000605,Grahams Nappy Rash Cream 100g,0,0,0,10.19,taxable,,Baby & Child,Grahams Nappy Rash Cream 100g. A baby and child product. Supplied as 100g.,No regulation
simple,4004148333767,Floradix Kindervital Fruity Formula 250ml,0,0,0,10.19,taxable,,General Health,Floradix Kindervital Fruity Formula 250ml. A health and wellbeing product. Supplied as 250ml.,No regulation
simple,0615908427844,Tigi Bed Head Fully Loaded Massive Volume Conditioner 750ml,0,0,0,10.19,taxable,,Hair Care,Tigi Bed Head Fully Loaded Massive Volume Conditioner 750ml. A hair care product. Supplied as 750ml.,No regulation
simple,3800219794199,Alteya Organic Bulgarian Chamomile Roman Water Spray 240ml,0,0,0,10.19,taxable,,Beauty,Alteya Organic Bulgarian Chamomile Roman Water Spray 240ml. A health and beauty product. Supplied as 240ml.,No regulation
simple,5060099032165,Odylique Citrus Natural Deodorant 70ml,0,0,0,10.19,taxable,,Beauty,Odylique Citrus Natural Deodorant 70ml. A health and beauty product. Supplied as 70ml.,No regulation
simple,3282770145311,Klorane Oat Milk Conditioner 200ml,0,0,0,10.19,taxable,,Hair Care,Klorane Oat Milk Conditioner 200ml. A hair care product. Supplied as 200ml.,No regulation
simple,5060176672895,Dr. Organic Rose Otto Night Cream 50ml,0,0,0,10.19,taxable,,Skincare,Dr. Organic Rose Otto Night Cream 50ml. A skincare product. Supplied as 50ml.,No regulation
simple,5025903028932,Careway Foot Pedi Callous Remover,0,0,0,10.19,taxable,,General Health,Careway Foot Pedi Callous Remover. A health and wellbeing product.,No regulation
simple,5056142607961,Protein World Vital Vitamin D3 60 Capsules,0,0,0,10.19,taxable,,Vitamins,Protein World Vital Vitamin D3 60 Capsules. A vitamins and supplements product. Supplied as 60 Capsules.,No regulation
simple,5038581148007,Yankee Candle Wax Melt Burner & Wax Melt 75g,0,0,0,10.19,taxable,,Beauty,Yankee Candle Wax Melt Burner & Wax Melt 75g. A health and beauty product. Supplied as 75g.,No regulation
simple,4011700447688,Tabac Original Craftsman 2 Piece Gift Set,0,0,0,10.19,taxable,,Beauty,Tabac Original Craftsman 2 Piece Gift Set. A health and beauty product.,No regulation
simple,0078522000426,Jason Thin-To-Thick Extra Volume Shampoo 237ml,0,0,0,10.19,taxable,,Hair Care,Jason Thin-To-Thick Extra Volume Shampoo 237ml. A hair care product. Supplied as 237ml.,No regulation
simple,5025970012834,Nivea Men to Go Wash Kit,0,0,0,10.19,taxable,,Beauty,Nivea Men to Go Wash Kit. A health and beauty product.,No regulation
simple,5016003772900,Contour Plus Blood Glucose Test Strips 50 Pack,0,0,0,10.19,taxable,,Testing & Monitoring,"Contour Plus Blood Glucose Test Strips 50 Pack. Always read the label and any leaflet supplied. If symptoms persist, speak to your pharmacist or doctor. Supplied as 50 Pack.",No regulation
simple,93468152,Australian Bush Flower Essences Travel Drops 30ml,0,0,0,10.19,taxable,,Vitamins,Australian Bush Flower Essences Travel Drops 30ml. A vitamins and supplements product. Supplied as 30ml.,No regulation
simple,0033984023079,Solgar P-5'-P (Pyridoxal-5'-Phosphate) 50mg 50 Tablets,0,0,0,10.19,taxable,,Vitamins,Solgar P-5'-P (Pyridoxal-5'-Phosphate) 50mg 50 Tablets. A vitamins and supplements product. Supplied as 50 Tablets.,No regulation
simple,3282770139259,Klorane Shampoo Bar with Mango 80g,0,0,0,10.19,taxable,,Hair Care,Klorane Shampoo Bar with Mango 80g. A hair care product. Supplied as 80g.,No regulation
simple,5056142607305,Protein World Maximum Vitamin C 60 Capsules,0,0,0,10.19,taxable,,Vitamins,Protein World Maximum Vitamin C 60 Capsules. A vitamins and supplements product. Supplied as 60 Capsules.,No regulation
simple,3282770141917,Klorane Oily Hair Shampoo with Organic Nettle 200ml,0,0,0,10.19,taxable,,Hair Care,Klorane Oily Hair Shampoo with Organic Nettle 200ml. A hair care product. Supplied as 200ml.,No regulation
simple,5060519147462,Pukka Calm Collection 30 Tea Sachets,0,0,0,10.19,taxable,zero-rate,Vitamins,Pukka Calm Collection 30 Tea Sachets. A vitamins and supplements product.,No regulation
simple,93468251,Australian Bush Flower Essences Woman Drops 30ml,0,0,0,10.19,taxable,,Vitamins,Australian Bush Flower Essences Woman Drops 30ml. A vitamins and supplements product. Supplied as 30ml.,No regulation
simple,3282770144628,Klorane Anti-Pollution Conditioner with Aquatic Mint 150ml,0,0,0,10.19,taxable,,Hair Care,Klorane Anti-Pollution Conditioner with Aquatic Mint 150ml. A hair care product. Supplied as 150ml.,No regulation
simple,7702018529179,Venus Extra Smooth Snap Sensitive,0,0,0,10.19,taxable,,General Health,Venus Extra Smooth Snap Sensitive. A health and wellbeing product.,No regulation
simple,8032668870918,HydraMed Forte 30 Doses,0,0,0,10.19,taxable,,General Health,HydraMed Forte 30 Doses. A health and wellbeing product.,No regulation
simple,5010249190276,FSC Head High Pro-Amino 120 Veg Capsules,0,0,0,10.19,taxable,,Vitamins,FSC Head High Pro-Amino 120 Veg Capsules. A vitamins and supplements product.,No regulation
simple,5060332535958,Lindens Health + Nutrition Pro Billion X20 20 Bn CFU 60 VegCaps,0,0,0,10.19,taxable,,Vitamins,Lindens Health + Nutrition Pro Billion X20 20 Bn CFU 60 VegCaps. A vitamins and supplements product.,No regulation
simple,5021265243341,Vitabiotics Immunace Extra Protection 30 Tablets,0,0,0,10.19,taxable,,Vitamins,Vitabiotics Immunace Extra Protection 30 Tablets. A vitamins and supplements product. Supplied as 30 Tablets.,No regulation
simple,8809990007448,Skybottle Blue Agave Hand Cream 50ml,0,0,0,10.19,taxable,,Skincare,Skybottle Blue Agave Hand Cream 50ml. A skincare product. Supplied as 50ml.,No regulation
simple,0010181041532,Palmer's Cocoa Butter Formula Skin Therapy Oil 150ml,0,0,0,10.19,taxable,,Skincare,Palmer's Cocoa Butter Formula Skin Therapy Oil 150ml. A skincare product. Supplied as 150ml.,No regulation
simple,5026468744732,Martindale Chloramphenicol 1% w/w Eye Ointment 4g,0,0,0,10.19,taxable,,Eye Care,"Martindale Chloramphenicol 1% w/w Eye Ointment 4g. Prescription-only medicine, supplied after an online consultation with our pharmacist. Always read the label and any leaflet supplied. If symptoms persist, speak to your pharmacist or doctor. Supplied as 4g.",P
simple,3574661461908,Benacort Nasal Spray 64mcg 120 Sprays,0,0,0,10.19,taxable,,Cold & Flu,"Benacort Nasal Spray 64mcg 120 Sprays. Prescription-only medicine, supplied after an online consultation with our pharmacist. Always read the label and any leaflet supplied. If symptoms persist, speak to your pharmacist or doctor. Supplied as 64mcg.",P
simple,96186138,BetterYou Vegan Health Daily Oral Spray 25ml,0,0,0,10.09,taxable,,Beauty,BetterYou Vegan Health Daily Oral Spray 25ml. A health and beauty product. Supplied as 25ml.,No regulation
simple,0078522040118,Jason Vitamin E 32000IU Extra Strength Oil Scar & Stretch Marks 30ml,0,0,0,10.09,taxable,,Vitamins,Jason Vitamin E 32000IU Extra Strength Oil Scar & Stretch Marks 30ml. A vitamins and supplements product. Supplied as 30ml.,No regulation
simple,7618900903012,Mavala Stop 10ml,0,0,0,10.09,taxable,,General Health,Mavala Stop 10ml. A health and wellbeing product. Supplied as 10ml.,No regulation
simple,9318329010107,A'kin Mild & Gentle Fragrance Free Conditioner 225ml,0,0,0,10.09,taxable,,Hair Care,A'kin Mild & Gentle Fragrance Free Conditioner 225ml. A hair care product. Supplied as 225ml.,No regulation
simple,3574661528939,Aveeno Baby Dermexa Good Night Balm 75ml,0,0,0,10.09,taxable,,Baby & Child,Aveeno Baby Dermexa Good Night Balm 75ml. A baby and child product. Supplied as 75ml.,No regulation
simple,5060409580423,Nutrigen Omega Syrup 200ml,0,0,0,10.09,taxable,,Vitamins,Nutrigen Omega Syrup 200ml. A vitamins and supplements product. Supplied as 200ml.,No regulation
simple,5010249309784,FSC Standardised Rhodiola Root Extract 500mg 90 Capsules,0,0,0,10.09,taxable,,Vitamins,FSC Standardised Rhodiola Root Extract 500mg 90 Capsules. A vitamins and supplements product. Supplied as 90 Capsules.,No regulation
simple,3574661800660,Aveeno Dermexa Night-Time Relief Balm 75ml,0,0,0,10.09,taxable,,Skincare,Aveeno Dermexa Night-Time Relief Balm 75ml. A skincare product. Supplied as 75ml.,No regulation
simple,5052197045277,Durex Thin Feel Condoms 12 Pack,0,0,0,10.09,taxable,reduced-rate,Sexual Wellness,"Durex Thin Feel Condoms 12 Pack. Always read the label and any leaflet supplied. If symptoms persist, speak to your pharmacist or doctor. Supplied as 12 Pack.",No regulation
simple,3600523350148,L'Oréal Paris Wrinkle Expert 55+ Night Cream 50ml,0,0,0,10.09,taxable,,Skincare,L'Oréal Paris Wrinkle Expert 55+ Night Cream 50ml. A skincare product. Supplied as 50ml.,No regulation
simple,5010249300101,FSC Horny Goat Weed Complex 90 Capsules,0,0,0,10.09,taxable,,Vitamins,FSC Horny Goat Weed Complex 90 Capsules. A vitamins and supplements product. Supplied as 90 Capsules.,No regulation
simple,0724742007645,Alba Botanica Acne Invisible Treatment Gel 14g,0,0,0,10.09,taxable,,Skincare,Alba Botanica Acne Invisible Treatment Gel 14g. A skincare product. Supplied as 14g.,No regulation
simple,5023323033888,Mini-Wright Peak Flow Meter Standard,0,0,0,10.09,taxable,,General Health,Mini-Wright Peak Flow Meter Standard. A health and wellbeing product.,No regulation
simple,7643022212032,Shea Moisture Superfruit 10-In-1 Multi Benefit Shampoo 379ml,0,0,0,10.09,taxable,,Hair Care,Shea Moisture Superfruit 10-In-1 Multi Benefit Shampoo 379ml. A hair care product. Supplied as 379ml.,No regulation
simple,5010249300804,FSC Mushroom Formula Vegetarian 60 Capsules,0,0,0,10.09,taxable,,Vitamins,FSC Mushroom Formula Vegetarian 60 Capsules. A vitamins and supplements product. Supplied as 60 Capsules.,No regulation
simple,5011417590942,Optrex Double Action Preservative Free Rehydrating Eye Drops 10ml,0,0,0,10.09,taxable,,Eye Care,"Optrex Double Action Preservative Free Rehydrating Eye Drops 10ml. Always read the label and any leaflet supplied. If symptoms persist, speak to your pharmacist or doctor. Supplied as 10ml.",GSL
simple,7350057520017,Footner Exfoliating Socks 1 Pair,0,0,0,10.09,taxable,,Skincare,Footner Exfoliating Socks 1 Pair. A skincare product.,No regulation
simple,5060332530465,"Lindens Health + Nutrition Serrapeptase 80,000IU 90 Tablets",0,0,0,10.09,taxable,,Vitamins,"Lindens Health + Nutrition Serrapeptase 80,000IU 90 Tablets. A vitamins and supplements product. Supplied as 90 Tablets.",No regulation
simple,5010249028470,FSC Evening Primrose Oil 1000mg 90 Capsules,0,0,0,10.09,taxable,,Vitamins,FSC Evening Primrose Oil 1000mg 90 Capsules. A vitamins and supplements product. Supplied as 90 Capsules.,No regulation
simple,3800219790337,Alteya Organic Calming Massage Oil 110ml,0,0,0,10.09,taxable,,Skincare,Alteya Organic Calming Massage Oil 110ml. A skincare product. Supplied as 110ml.,No regulation
simple,9327693007576,Sukin Blemish Control Oil Free Moisturiser 125ml,0,0,0,10.09,taxable,,Skincare,Sukin Blemish Control Oil Free Moisturiser 125ml. A skincare product. Supplied as 125ml.,No regulation
simple,0074312002618,Nature's Bounty Mini Omega-3 450mg 60 Pack,0,0,0,10.09,taxable,,Vitamins,Nature's Bounty Mini Omega-3 450mg 60 Pack. A vitamins and supplements product. Supplied as 60 Pack.,No regulation
simple,5060776980147,DR.VEGAN UltraEnergy Complete B- Complex 30 Capsules,0,0,0,9.99,taxable,,Vitamins,DR.VEGAN UltraEnergy Complete B- Complex 30 Capsules. A vitamins and supplements product. Supplied as 30 Capsules.,No regulation
simple,0792850712119,Burt's Bees Baby Bee Original Nourishing Baby Oil 115ml,0,0,0,9.99,taxable,,Baby & Child,Burt's Bees Baby Bee Original Nourishing Baby Oil 115ml. A baby and child product. Supplied as 115ml.,No regulation
simple,5999887678332,Osi Magnesium Magnesium Oil Spray 100ml,0,0,0,9.99,taxable,,Vitamins,Osi Magnesium Magnesium Oil Spray 100ml. A vitamins and supplements product. Supplied as 100ml.,No regulation
simple,3573994006343,Dexeryl Cream 500g,0,0,0,9.99,taxable,,Skincare,Dexeryl Cream 500g. A skincare product. Supplied as 500g.,No regulation
simple,5016379150005,Dermol 500 Lotion 500ml,0,0,0,9.99,taxable,,Skincare,"Dermol 500 Lotion 500ml. Prescription-only medicine, supplied after an online consultation with our pharmacist. Always read the label and any leaflet supplied. If symptoms persist, speak to your pharmacist or doctor. Supplied as 500ml.",P
simple,5055148410742,Lamberts High Potency Omega 3s for Cats & Dogs 120 Capsules,0,0,0,9.99,taxable,,Pet Care,Lamberts High Potency Omega 3s for Cats & Dogs 120 Capsules. A pet care product. Supplied as 120 Capsules.,No regulation
simple,0017854117303,Baylis & Harding Sweet Mandarin & Grapefruit Mini Stack Set,0,0,0,9.99,taxable,,Beauty,Baylis & Harding Sweet Mandarin & Grapefruit Mini Stack Set. A health and beauty product.,No regulation
simple,5000158066366,Gaviscon Advance 60 Tablets,0,0,0,9.99,taxable,,Digestive,"Gaviscon Advance 60 Tablets. Always read the label and any leaflet supplied. If symptoms persist, speak to your pharmacist or doctor. Supplied as 60 Tablets.",GSL
simple,3574661491233,Aveeno Skin Relief Bodywash 500ml,0,0,0,9.99,taxable,,Skincare,Aveeno Skin Relief Bodywash 500ml. A skincare product. Supplied as 500ml.,No regulation
simple,0700461912194,Gengigel Hylauronic Acid Oral Fluid 50ml,0,0,0,9.99,taxable,,Skincare,Gengigel Hylauronic Acid Oral Fluid 50ml. A skincare product. Supplied as 50ml.,No regulation
simple,5055148413088,Lamberts Astaxanthin 8mg 30 Capsules,0,0,0,9.99,taxable,,Vitamins,Lamberts Astaxanthin 8mg 30 Capsules. A vitamins and supplements product. Supplied as 30 Capsules.,No regulation
simple,5055071900013,Gengigel Mouthrinse 150ml,0,0,0,9.99,taxable,,Skincare,Gengigel Mouthrinse 150ml. A skincare product. Supplied as 150ml.,No regulation
simple,4008666704047,Plantur 39 Color Brown Phyto-Caffeine Shampoo 250ml,0,0,0,9.99,taxable,,Hair Care,Plantur 39 Color Brown Phyto-Caffeine Shampoo 250ml. A hair care product. Supplied as 250ml.,No regulation
simple,5021265249305,Vitabiotics Osteocare Original 90 Tablets,0,0,0,9.99,taxable,,Vitamins,Vitabiotics Osteocare Original 90 Tablets. A vitamins and supplements product. Supplied as 90 Tablets.,No regulation
simple,5060310350627,Indigo Herbs Bentonite Clay Powder 150g,0,0,0,9.99,taxable,,Vitamins,Indigo Herbs Bentonite Clay Powder 150g. A vitamins and supplements product. Supplied as 150g.,No regulation
simple,5060384790060,Cosmocol Orange 30 Sachets,0,0,0,9.99,taxable,,Prescription Medicines,"Cosmocol Orange 30 Sachets. Prescription-only medicine, supplied after an online consultation with our pharmacist. Always read the label and any leaflet supplied. If symptoms persist, speak to your pharmacist or doctor. Supplied as 30 Sachets.",P
simple,3401578653709,Bioderma Sebium Gel Moussant 200ml,0,0,0,9.99,taxable,,Skincare,Bioderma Sebium Gel Moussant 200ml. A skincare product. Supplied as 200ml.,No regulation
simple,4005808430208,Nivea Sun Moisturising Lotion SPF50+ 200ML,0,0,0,9.99,taxable,,Skincare,Nivea Sun Moisturising Lotion SPF50+ 200ML. A skincare product. Supplied as 200ML.,No regulation
simple,50483464,Optrex Infected Eye Drops 10ml,0,0,0,9.99,taxable,zero-rate,Eye Care,"Optrex Infected Eye Drops 10ml. Prescription-only medicine, supplied after an online consultation with our pharmacist. Always read the label and any leaflet supplied. If symptoms persist, speak to your pharmacist or doctor. Supplied as 10ml.",P
simple,5038483000090,Paramol Paracetamol Dihydrocodeine 32 Tablets,0,0,0,9.99,taxable,,Pain Relief,"Paramol Paracetamol Dihydrocodeine 32 Tablets. Prescription-only medicine, supplied after an online consultation with our pharmacist. Always read the label and any leaflet supplied. If symptoms persist, speak to your pharmacist or doctor. Supplied as 32 Tablets.",P
simple,3282770145281,Klorane Softening 2-in-1 Shampoo Bar with Oat 80g,0,0,0,9.99,taxable,,Hair Care,Klorane Softening 2-in-1 Shampoo Bar with Oat 80g. A hair care product. Supplied as 80g.,No regulation
simple,3282770390759,Klorane Oat Milk Dry Shampoo Spray 150ml,0,0,0,9.99,taxable,,Hair Care,Klorane Oat Milk Dry Shampoo Spray 150ml. A hair care product. Supplied as 150ml.,No regulation
simple,0894147000319,Sliquid Naturals Sassy Anal Lubricant 125ml,0,0,0,9.99,taxable,,Sexual Wellness,"Sliquid Naturals Sassy Anal Lubricant 125ml. Always read the label and any leaflet supplied. If symptoms persist, speak to your pharmacist or doctor. Supplied as 125ml.",No regulation
simple,5055148414696,Lamberts Vitamin D3 1000iu 60 Gummies,0,0,0,9.99,taxable,,Vitamins,Lamberts Vitamin D3 1000iu 60 Gummies. A vitamins and supplements product. Supplied as 60 Gummies.,No regulation
simple,3395014090008,Decléor Hand & Nail Cream 50ml,0,0,0,9.99,taxable,,Skincare,Decléor Hand & Nail Cream 50ml. A skincare product. Supplied as 50ml.,No regulation
simple,0634158987557,Botanicals 4 Life Echinacea & Olive Leaf Extract 50ml,0,0,0,9.99,taxable,,General Health,Botanicals 4 Life Echinacea & Olive Leaf Extract 50ml. A health and wellbeing product. Supplied as 50ml.,No regulation
simple,5036072001312,Histahive Fexofenadine 180mg 30 Tablets,0,0,0,9.99,taxable,,Prescription Medicines,"Histahive Fexofenadine 180mg 30 Tablets. Prescription-only medicine, supplied after an online consultation with our pharmacist. Always read the label and any leaflet supplied. If symptoms persist, speak to your pharmacist or doctor. Supplied as 30 Tablets.",P
simple,5038581158235,Yankee Candle Home Inspiration Tropical Skies 538g,0,0,0,9.99,taxable,,Beauty,Yankee Candle Home Inspiration Tropical Skies 538g. A health and beauty product. Supplied as 538g.,No regulation
simple,5060216564784,Haliborange Omega 3 Orange Softies 60 Pack,0,0,0,9.99,taxable,,Vitamins,Haliborange Omega 3 Orange Softies 60 Pack. A vitamins and supplements product. Supplied as 60 Pack.,No regulation
simple,8719327023839,Altruist Dermatologist Face Fluid SPF50 50ml,0,0,0,9.99,taxable,,Skincare,Altruist Dermatologist Face Fluid SPF50 50ml. A skincare product. Supplied as 50ml.,No regulation
simple,4001638096614,Weleda Baby Calendula Face Cream 50ml,0,0,0,9.99,taxable,,Baby & Child,Weleda Baby Calendula Face Cream 50ml. A baby and child product. Supplied as 50ml.,No regulation
simple,5999860167549,Osi Magnesium Good Mood Mandarin Bath Flakes 1kg,0,0,0,9.99,taxable,,Vitamins,Osi Magnesium Good Mood Mandarin Bath Flakes 1kg. A vitamins and supplements product. Supplied as 1kg.,No regulation
simple,5012748615304,Movicol-Half Lemon & Lime 30 Sachets,0,0,0,9.99,taxable,,Prescription Medicines,"Movicol-Half Lemon & Lime 30 Sachets. Prescription-only medicine, supplied after an online consultation with our pharmacist. Always read the label and any leaflet supplied. If symptoms persist, speak to your pharmacist or doctor. Supplied as 30 Sachets.",P
simple,96188620,BetterYou Iron 10 Oral Spray 25ml,0,0,0,9.99,taxable,,Vitamins,BetterYou Iron 10 Oral Spray 25ml. A vitamins and supplements product. Supplied as 25ml.,No regulation
simple,0033984017337,Solgar MSM 1000mg 60 Tablets,0,0,0,9.99,taxable,,Vitamins,Solgar MSM 1000mg 60 Tablets. A vitamins and supplements product. Supplied as 60 Tablets.,No regulation
simple,5012616291692,Alphosyl 2-In-1 Medicated Shampoo 250ml,0,0,0,9.99,taxable,,Hair Care,Alphosyl 2-In-1 Medicated Shampoo 250ml. A hair care product. Supplied as 250ml.,GSL
simple,3800219793840,Alteya Quince Citrus Revitalizing Conditioner 200ml,0,0,0,9.99,taxable,,Hair Care,Alteya Quince Citrus Revitalizing Conditioner 200ml. A hair care product. Supplied as 200ml.,No regulation
simple,5037127029145,Wahl Peaky Blinders Beard Trimmer Gift Set,0,0,0,9.99,taxable,,Men's Grooming,Wahl Peaky Blinders Beard Trimmer Gift Set. A men's grooming product.,No regulation
simple,5060104170707,YES Vaginal Moisturising Gel 100ml,0,0,0,9.99,taxable,,Women's Health,YES Vaginal Moisturising Gel 100ml. A women's health product. Supplied as 100ml.,No regulation
simple,5055148410964,Lamberts L-Tyrosine 500mg 60 Tablets,0,0,0,9.99,taxable,,Vitamins,Lamberts L-Tyrosine 500mg 60 Tablets. A vitamins and supplements product. Supplied as 60 Tablets.,No regulation
simple,5055148414719,Lamberts Multi-Guard for Kids 60 Gummies,0,0,0,9.99,taxable,,Vitamins,Lamberts Multi-Guard for Kids 60 Gummies. A vitamins and supplements product. Supplied as 60 Gummies.,No regulation
simple,0087614142050,Swanson Shilajit Extract 400mg 60 Veggie Capsules,0,0,0,9.99,taxable,,Vitamins,Swanson Shilajit Extract 400mg 60 Veggie Capsules. A vitamins and supplements product. Supplied as 400mg.,No regulation
simple,5029354000189,Aloe Pura Aloe Vera Maximum Strength Juice 1000ml,0,0,0,9.99,taxable,,General Health,Aloe Pura Aloe Vera Maximum Strength Juice 1000ml. A health and wellbeing product. Supplied as 1000ml.,No regulation
simple,5055148414702,Lamberts Imuno-Strength 60 Gummies,0,0,0,9.99,taxable,,Vitamins,Lamberts Imuno-Strength 60 Gummies. A vitamins and supplements product. Supplied as 60 Gummies.,No regulation
simple,5999860167556,Osi Magnesium Good Night Bath Flakes 1kg,0,0,0,9.99,taxable,,Vitamins,Osi Magnesium Good Night Bath Flakes 1kg. A vitamins and supplements product. Supplied as 1kg.,No regulation
simple,5060455149155,Nail HQ Nail Pamper Set,0,0,0,9.99,taxable,,Beauty,Nail HQ Nail Pamper Set. A health and beauty product.,No regulation
simple,5060203791032,Terranova Calcium Magnesium 2:1 Complex 50 Capsules,0,0,0,9.99,taxable,,Vitamins,Terranova Calcium Magnesium 2:1 Complex 50 Capsules. A vitamins and supplements product. Supplied as 50 Capsules.,No regulation
simple,4008666704429,Plantur Colour Silver Shampoo 250ml,0,0,0,9.99,taxable,,Hair Care,Plantur Colour Silver Shampoo 250ml. A hair care product. Supplied as 250ml.,No regulation
simple,5055148414580,Lamberts Lactase Enzyme 9000 FCC 60 Tablets,0,0,0,9.99,taxable,,Vitamins,Lamberts Lactase Enzyme 9000 FCC 60 Tablets. A vitamins and supplements product. Supplied as 60 Tablets.,No regulation
simple,5709976104402,Pharma Nord Bio-Fish Oil 500mg 120 Caps,0,0,0,9.99,taxable,,Vitamins,Pharma Nord Bio-Fish Oil 500mg 120 Caps. A vitamins and supplements product. Supplied as 120 Caps.,No regulation
simple,8710522938164,Dove Radiantly Refreshing Complete Collection,0,0,0,9.99,taxable,,General Health,Dove Radiantly Refreshing Complete Collection. A health and wellbeing product.,No regulation
simple,5099186001289,Pinewood Codeine Linctus BP Codeine Phosphate 200ml,0,0,0,9.99,taxable,,Pain Relief,"Pinewood Codeine Linctus BP Codeine Phosphate 200ml. Prescription-only medicine, supplied after an online consultation with our pharmacist. Always read the label and any leaflet supplied. If symptoms persist, speak to your pharmacist or doctor. Supplied as 200ml.",P
simple,3800219794212,Alteya Organic Bulgarian Melissa Water 240ml,0,0,0,9.99,taxable,,General Health,Alteya Organic Bulgarian Melissa Water 240ml. A health and wellbeing product. Supplied as 240ml.,No regulation
simple,5000283657750,Phenergan Night Time 25mg 14 Tablets,0,0,0,9.99,taxable,,Prescription Medicines,"Phenergan Night Time 25mg 14 Tablets. Prescription-only medicine, supplied after an online consultation with our pharmacist. Always read the label and any leaflet supplied. If symptoms persist, speak to your pharmacist or doctor. Supplied as 14 Tablets.",P
simple,5017007600855,Infacol Oral Suspension 85ml,0,0,0,9.99,taxable,,General Health,Infacol Oral Suspension 85ml. A health and wellbeing product. Supplied as 85ml.,GSL
simple,9335955002603,MooGoo Protein Shot Leave in Conditioner 120g,0,0,0,9.99,taxable,,Hair Care,MooGoo Protein Shot Leave in Conditioner 120g. A hair care product. Supplied as 120g.,No regulation
simple,8809642714526,Dr.Jart+ Cryo Rubber Soothing Face Mask 40g,0,0,0,9.99,taxable,,Skincare,Dr.Jart+ Cryo Rubber Soothing Face Mask 40g. A skincare product. Supplied as 40g.,No regulation
simple,4051895014531,Fresubin Energy Protein Drink Chocolate 4 x 200ml,0,0,0,9.99,taxable,zero-rate,Vitamins,Fresubin Energy Protein Drink Chocolate 4 x 200ml. A vitamins and supplements product. Supplied as 4 x 200ml.,No regulation
simple,5060057403136,Almus Ibuprofen & Codeine 200mg/12.8mg 32 Tablets,0,0,0,9.99,taxable,,Pain Relief,"Almus Ibuprofen & Codeine 200mg/12.8mg 32 Tablets. Prescription-only medicine, supplied after an online consultation with our pharmacist. Always read the label and any leaflet supplied. If symptoms persist, speak to your pharmacist or doctor. Supplied as 32 Tablets.",P
simple,5010123711788,Migraleve Yellow 24 Tablets,0,0,0,9.99,taxable,,Pain Relief,"Migraleve Yellow 24 Tablets. Prescription-only medicine, supplied after an online consultation with our pharmacist. Always read the label and any leaflet supplied. If symptoms persist, speak to your pharmacist or doctor. Supplied as 24 Tablets.",P
simple,,UpCircle Lip Balm with upcycled Hemp Seed Oil & Shea Butter 15ml,0,0,0,9.99,taxable,,Skincare,UpCircle Lip Balm with upcycled Hemp Seed Oil & Shea Butter 15ml. A skincare product. Supplied as 15ml.,No regulation
simple,5020465200383,Acnecide 5% w/w Gel 30g,0,0,0,9.99,taxable,,Skincare,"Acnecide 5% w/w Gel 30g. Prescription-only medicine, supplied after an online consultation with our pharmacist. Always read the label and any leaflet supplied. If symptoms persist, speak to your pharmacist or doctor. Supplied as 30g.",P
simple,0017854105904,Baylis & Harding Sweet Mandarin & Grapefruit Mini Treats 3 Piece Gift Set,0,0,0,9.99,taxable,,Beauty,Baylis & Harding Sweet Mandarin & Grapefruit Mini Treats 3 Piece Gift Set. A health and beauty product.,No regulation
simple,4006000075419,Nivea Sun Kids Spray SPF50+ 200ml,0,0,0,9.99,taxable,,Skincare,Nivea Sun Kids Spray SPF50+ 200ml. A skincare product. Supplied as 200ml.,No regulation
simple,5060571821485,"The Good Guru Organic Turmeric, Black Pepper & Ginger 60 Capsules",0,0,0,9.99,taxable,,Vitamins,"The Good Guru Organic Turmeric, Black Pepper & Ginger 60 Capsules. A vitamins and supplements product. Supplied as 60 Capsules.",No regulation
simple,5029354004880,Optima Glucosamine Complex Gel with Aloe Pura Aloe Vera & Devil's Claw 125ml,0,0,0,9.99,taxable,,Vitamins,Optima Glucosamine Complex Gel with Aloe Pura Aloe Vera & Devil's Claw 125ml. A vitamins and supplements product. Supplied as 125ml.,No regulation
simple,5021265242252,Vitabiotics Diabetone 30 Tablets,0,0,0,9.99,taxable,,Testing & Monitoring,"Vitabiotics Diabetone 30 Tablets. Always read the label and any leaflet supplied. If symptoms persist, speak to your pharmacist or doctor. Supplied as 30 Tablets.",No regulation
simple,5055757900641,Fushi Organic Castor Oil 250ml,0,0,0,9.99,taxable,zero-rate,Skincare,Fushi Organic Castor Oil 250ml. A skincare product. Supplied as 250ml.,No regulation
simple,8001090438973,Always Discreet Boutique Pants Black Med 9 Pack,0,0,0,9.99,taxable,zero-rate,Continence,Always Discreet Boutique Pants Black Med 9 Pack. A continence care product. Supplied as 9 Pack.,No regulation
simple,5029053574141,Huggies Disney Princess Pull Ups Night-Time Pants Size 6 18 Pack,0,0,0,9.99,taxable,zero-rate,General Health,Huggies Disney Princess Pull Ups Night-Time Pants Size 6 18 Pack. A health and wellbeing product. Supplied as 18 Pack.,No regulation
simple,5031013108907,Higher Nature Organic Apple Cider Vinegar 500ml,0,0,0,9.99,taxable,,Vitamins,Higher Nature Organic Apple Cider Vinegar 500ml. A vitamins and supplements product. Supplied as 500ml.,No regulation
simple,5060391846941,Dr. Organic Calendula Cream 50ml,0,0,0,9.99,taxable,,Skincare,Dr. Organic Calendula Cream 50ml. A skincare product. Supplied as 50ml.,No regulation
simple,0017854117518,"Baylis & Harding Jojoba, Vanilla & Almond Oil Gift Set",0,0,0,9.99,taxable,,Beauty,"Baylis & Harding Jojoba, Vanilla & Almond Oil Gift Set. A health and beauty product.",No regulation
simple,3574660538359,Piz Buin Allergy Lotion SPF30 200ml,0,0,0,9.99,taxable,,Skincare,Piz Buin Allergy Lotion SPF30 200ml. A skincare product. Supplied as 200ml.,No regulation
simple,0017854111080,Baylis & Harding The Fuzzy Duck Cotswold Spa Hand Care Set,0,0,0,9.99,taxable,,Beauty,Baylis & Harding The Fuzzy Duck Cotswold Spa Hand Care Set. A health and beauty product.,No regulation
simple,7702018263813,Gillette Mach 3 Turbo 4 Refill Blades,0,0,0,9.99,taxable,,General Health,Gillette Mach 3 Turbo 4 Refill Blades. A health and wellbeing product.,No regulation
simple,8006540154274,Pantene Hair Mask Menopause 160ml,0,0,0,9.99,taxable,,Women's Health,Pantene Hair Mask Menopause 160ml. A women's health product. Supplied as 160ml.,No regulation
simple,0074312002588,Nature's Bounty Hyaluronic Acid 20mg with Vitamin C 30 Capsules,0,0,0,9.99,taxable,,Vitamins,Nature's Bounty Hyaluronic Acid 20mg with Vitamin C 30 Capsules. A vitamins and supplements product. Supplied as 30 Capsules.,No regulation
simple,5055148412067,Lamberts Osteoguard 90 Tablets,0,0,0,9.99,taxable,,Vitamins,Lamberts Osteoguard 90 Tablets. A vitamins and supplements product. Supplied as 90 Tablets.,No regulation
simple,5060319461089,It's Pure Organic Neutral Cassia Herbal Hair Treatment 100g,0,0,0,9.99,taxable,,Hair Care,It's Pure Organic Neutral Cassia Herbal Hair Treatment 100g. A hair care product. Supplied as 100g.,No regulation
simple,5038581148045,Yankee Candle Gift Set 8x49g,0,0,0,9.99,taxable,,Beauty,Yankee Candle Gift Set 8x49g. A health and beauty product. Supplied as 8x49g.,No regulation
simple,5999860167563,Osi Magnesium Muscle Relax Bath Flakes 1kg,0,0,0,9.99,taxable,,Pain Relief,"Osi Magnesium Muscle Relax Bath Flakes 1kg. Always read the label and any leaflet supplied. If symptoms persist, speak to your pharmacist or doctor. Supplied as 1kg.",No regulation
simple,5000347079016,Eumovate Eczema & Dermatitis Cream 15g,0,0,0,9.99,taxable,,Skincare,"Eumovate Eczema & Dermatitis Cream 15g. Prescription-only medicine, supplied after an online consultation with our pharmacist. Always read the label and any leaflet supplied. If symptoms persist, speak to your pharmacist or doctor. Supplied as 15g.",P
simple,5022339350019,Quest Enzyme Digest with Peppermint Oil 135 Tablets,0,0,0,9.99,taxable,,Vitamins,Quest Enzyme Digest with Peppermint Oil 135 Tablets. A vitamins and supplements product. Supplied as 135 Tablets.,No regulation
simple,5017007601302,Sudocrem Antiseptic Healing Cream 250g,0,0,0,9.99,taxable,,Baby & Child,Sudocrem Antiseptic Healing Cream 250g. A baby and child product. Supplied as 250g.,GSL
simple,0033984004009,Solgar Brewer's Yeast with Vitamin B12 250 Tablets,0,0,0,9.99,taxable,,Vitamins,Solgar Brewer's Yeast with Vitamin B12 250 Tablets. A vitamins and supplements product. Supplied as 250 Tablets.,No regulation
simple,9329401000091,The Goat Skincare Shampoo 500ml,0,0,0,9.99,taxable,,Hair Care,The Goat Skincare Shampoo 500ml. A hair care product. Supplied as 500ml.,No regulation
simple,7350133960096,Otovent Glue Ear Treatment,0,0,0,9.99,taxable,,General Health,Otovent Glue Ear Treatment. A health and wellbeing product.,No regulation
simple,5060776980062,DR.VEGAN Ashwagandha KSM-66 500mg 30 Capsules,0,0,0,9.99,taxable,,Vitamins,DR.VEGAN Ashwagandha KSM-66 500mg 30 Capsules. A vitamins and supplements product. Supplied as 30 Capsules.,No regulation
simple,8809642714519,Dr.Jart+ Cryo Rubber Vitamin C Brightening Face Mask 40g,0,0,0,9.99,taxable,,Skincare,Dr.Jart+ Cryo Rubber Vitamin C Brightening Face Mask 40g. A skincare product. Supplied as 40g.,No regulation
simple,5060104170691,YES Vaginal Moisturising Gel 6x5ml,0,0,0,9.99,taxable,,Women's Health,YES Vaginal Moisturising Gel 6x5ml. A women's health product. Supplied as 6x5ml.,No regulation
simple,0645638566865,EasyChamber Spacer with Child Mask,0,0,0,9.99,taxable,,Skincare,EasyChamber Spacer with Child Mask. A skincare product.,No regulation
simple,7643022211738,Shea Moisture Raw Shea Butter Extra-Moisture Detangler 236ml,0,0,0,9.99,taxable,,Skincare,Shea Moisture Raw Shea Butter Extra-Moisture Detangler 236ml. A skincare product. Supplied as 236ml.,No regulation
simple,3800219790788,Alteya Organic Bulgarian White Rose Water (Rosa Alba) Spray 250ml,0,0,0,9.99,taxable,,Beauty,Alteya Organic Bulgarian White Rose Water (Rosa Alba) Spray 250ml. A health and beauty product. Supplied as 250ml.,No regulation
simple,8809642714502,Dr.Jart+ Cryo Rubber Firming Face Mask 40g,0,0,0,9.99,taxable,,Skincare,Dr.Jart+ Cryo Rubber Firming Face Mask 40g. A skincare product. Supplied as 40g.,No regulation
simple,0017854107427,Baylis & Harding Elements Luxury Wash Bag Set,0,0,0,9.99,taxable,,Beauty,Baylis & Harding Elements Luxury Wash Bag Set. A health and beauty product.,No regulation
simple,5391531761009,Fusion Allergy Eye Spray 10ml,0,0,0,9.99,taxable,,Beauty,Fusion Allergy Eye Spray 10ml. A health and beauty product. Supplied as 10ml.,No regulation
simple,8809642714533,Dr.Jart+ Cryo Rubber Mask with Hyaluronic Acid 40g,0,0,0,9.99,taxable,,Skincare,Dr.Jart+ Cryo Rubber Mask with Hyaluronic Acid 40g. A skincare product. Supplied as 40g.,No regulation
simple,0894147000012,Sliquid Naturals H20 Water Based Lubricant 125ml,0,0,0,9.99,taxable,,Sexual Wellness,"Sliquid Naturals H20 Water Based Lubricant 125ml. Always read the label and any leaflet supplied. If symptoms persist, speak to your pharmacist or doctor. Supplied as 125ml.",No regulation
simple,5011417567265,Durex Intense Gel 10ml,0,0,0,9.99,taxable,,Sexual Wellness,"Durex Intense Gel 10ml. Always read the label and any leaflet supplied. If symptoms persist, speak to your pharmacist or doctor. Supplied as 10ml.",No regulation
simple,5031013101298,Higher Nature Sea Calcium 180 Tablets,0,0,0,9.99,taxable,,Vitamins,Higher Nature Sea Calcium 180 Tablets. A vitamins and supplements product. Supplied as 180 Tablets.,No regulation
simple,0705928003101,Neilmed Adult Sinurinse Starter Kit 10 sachet,0,0,0,9.99,taxable,,Vitamins,Neilmed Adult Sinurinse Starter Kit 10 sachet. A vitamins and supplements product. Supplied as 10 sachet.,No regulation
simple,7702018612550,Gillette Hand Luggage Travel Set,0,0,0,9.99,taxable,,General Health,Gillette Hand Luggage Travel Set. A health and wellbeing product.,No regulation
simple,42360766,Nivea Sun Kids Roll-On SPF50 Pink 50ml,0,0,0,9.99,taxable,,Skincare,Nivea Sun Kids Roll-On SPF50 Pink 50ml. A skincare product. Supplied as 50ml.,No regulation
simple,9335955000463,MooGoo Tail Swat Body Spray 200ml,0,0,0,9.99,taxable,,Beauty,MooGoo Tail Swat Body Spray 200ml. A health and beauty product. Supplied as 200ml.,No regulation
simple,5038581147994,Yankee Candle Wax Melt Burner & Wax Melts 3x22g,0,0,0,9.99,taxable,,Beauty,Yankee Candle Wax Melt Burner & Wax Melts 3x22g. A health and beauty product. Supplied as 3x22g.,No regulation
simple,5030451003454,Cetraben Cream 500g,0,0,0,9.99,taxable,,Skincare,Cetraben Cream 500g. A skincare product. Supplied as 500g.,No regulation
simple,5012616262210,BUTTERCUP BRONCHOSTOP SYRUP (240ML),0,0,0,9.99,taxable,,Beauty,BUTTERCUP BRONCHOSTOP SYRUP (240ML). A health and beauty product. Supplied as 240ML.,GSL
simple,5038581136608,Yankee Candle Home Inspiration Wild Berry Fizz 538g,0,0,0,9.99,taxable,,Beauty,Yankee Candle Home Inspiration Wild Berry Fizz 538g. A health and beauty product. Supplied as 538g.,No regulation
simple,9335955000494,MooGoo 2-in-1 Bubbly Wash 500ml,0,0,0,9.99,taxable,,Beauty,MooGoo 2-in-1 Bubbly Wash 500ml. A health and beauty product. Supplied as 500ml.,No regulation
simple,4004148017605,Floradix Protecor Liquid Formula 250ml,0,0,0,9.99,taxable,,General Health,Floradix Protecor Liquid Formula 250ml. A health and wellbeing product. Supplied as 250ml.,No regulation
simple,5060391841243,Dr. Organic Hemp Oil Rescue Cream 50ml,0,0,0,9.99,taxable,,Skincare,Dr. Organic Hemp Oil Rescue Cream 50ml. A skincare product. Supplied as 50ml.,No regulation
simple,0017854117167,Baylis & Harding Citrus Lime & Mint Travel Essentials Gift Set,0,0,0,9.99,taxable,,Beauty,Baylis & Harding Citrus Lime & Mint Travel Essentials Gift Set. A health and beauty product.,No regulation
simple,7643022211424,Shea Moisture Raw Shea Butter Moisture Shampoo 379ml,0,0,0,9.99,taxable,,Hair Care,Shea Moisture Raw Shea Butter Moisture Shampoo 379ml. A hair care product. Supplied as 379ml.,No regulation
simple,8032668871908,HydraMed Forte Lubricating Eye Drops 10ml,0,0,0,9.99,taxable,,Eye Care,"HydraMed Forte Lubricating Eye Drops 10ml. Always read the label and any leaflet supplied. If symptoms persist, speak to your pharmacist or doctor. Supplied as 10ml.",No regulation
simple,5015664005990,Systane Lubricating Eye Drops 10ml,0,0,0,9.99,taxable,,Eye Care,"Systane Lubricating Eye Drops 10ml. Always read the label and any leaflet supplied. If symptoms persist, speak to your pharmacist or doctor. Supplied as 10ml.",No regulation
simple,96190890,BetterYou Folic Acid Daily Oral Spray 25ml,0,0,0,9.99,taxable,,Women's Health,BetterYou Folic Acid Daily Oral Spray 25ml. A women's health product. Supplied as 25ml.,No regulation
simple,5011417566411,Optrex Bacterial Conjunctivitis 1% w/w Eye Ointment 4g,0,0,0,9.99,taxable,,Eye Care,"Optrex Bacterial Conjunctivitis 1% w/w Eye Ointment 4g. Prescription-only medicine, supplied after an online consultation with our pharmacist. Always read the label and any leaflet supplied. If symptoms persist, speak to your pharmacist or doctor. Supplied as 4g.",P
simple,5027314502537,Bio-Kult Everyday Advanced Digestive Formula 30 Capsules,0,0,0,9.99,taxable,,Vitamins,Bio-Kult Everyday Advanced Digestive Formula 30 Capsules. A vitamins and supplements product. Supplied as 30 Capsules.,No regulation
simple,5010724529256,Replens MD Long Lasting Vaginal Moisturiser 35g,0,0,0,9.99,taxable,,Women's Health,Replens MD Long Lasting Vaginal Moisturiser 35g. A women's health product. Supplied as 35g.,GSL
simple,4008666710062,Plantur21 Nutri Caffeine Elixir 200ml,0,0,0,9.99,taxable,,General Health,Plantur21 Nutri Caffeine Elixir 200ml. A health and wellbeing product. Supplied as 200ml.,No regulation
simple,0017854107885,Baylis & Harding White Tea & Neroli Luxury Mineral Bath Crystals 550g,0,0,0,9.99,taxable,,Beauty,Baylis & Harding White Tea & Neroli Luxury Mineral Bath Crystals 550g. A health and beauty product. Supplied as 550g.,No regulation
simple,5020465202554,Cetaphil Gentle Skin Cleanser 236ml,0,0,0,9.99,taxable,,Skincare,Cetaphil Gentle Skin Cleanser 236ml. A skincare product. Supplied as 236ml.,No regulation
simple,4005900695789,Nivea Sun Soothing Sensitive Face Cream SPF50 50ml,0,0,0,9.99,taxable,,Skincare,Nivea Sun Soothing Sensitive Face Cream SPF50 50ml. A skincare product. Supplied as 50ml.,No regulation
simple,5000158106529,Nurofen Pain Relief Max Strength 512mg 24 Pack,0,0,0,9.99,taxable,,Pain Relief,"Nurofen Pain Relief Max Strength 512mg 24 Pack. Prescription-only medicine, supplied after an online consultation with our pharmacist. Always read the label and any leaflet supplied. If symptoms persist, speak to your pharmacist or doctor. Supplied as 24 Pack.",P
simple,8033959760987,Evolve HA 0.2% Eye Drops 10ml,0,0,0,9.99,taxable,,Eye Care,"Evolve HA 0.2% Eye Drops 10ml. Always read the label and any leaflet supplied. If symptoms persist, speak to your pharmacist or doctor. Supplied as 10ml.",No regulation
simple,5060123415346,GLUCORX GEL CHERRY BAKEWELL 15G (3X23.5),0,0,0,9.99,taxable,reduced-rate,Testing & Monitoring,"GLUCORX GEL CHERRY BAKEWELL 15G (3X23.5). Always read the label and any leaflet supplied. If symptoms persist, speak to your pharmacist or doctor. Supplied as 15G.",No regulation
simple,8001090571021,Gillette Mach3 Classic 4 Piece Gift Set,0,0,0,9.99,taxable,,Beauty,Gillette Mach3 Classic 4 Piece Gift Set. A health and beauty product.,No regulation
simple,8710522511312,Brut Just Smells Good Gift Set,0,0,0,9.99,taxable,,Beauty,Brut Just Smells Good Gift Set. A health and beauty product.,No regulation
simple,5060203792640,Terranova Bitter Melon 500mg 50 Capsules,0,0,0,9.99,taxable,,Vitamins,Terranova Bitter Melon 500mg 50 Capsules. A vitamins and supplements product. Supplied as 50 Capsules.,No regulation
simple,3760201136256,Lamazuna Solid Cocoa Butter (Frangipani) 28ml,0,0,0,9.99,taxable,,Beauty,Lamazuna Solid Cocoa Butter (Frangipani) 28ml. A health and beauty product. Supplied as 28ml.,No regulation
simple,5060173370008,Tangle Teezer Original Pink Fizz,0,0,0,9.99,taxable,,General Health,Tangle Teezer Original Pink Fizz. A health and wellbeing product.,No regulation
simple,0017854107632,Baylis & Harding Elements Luxury Body & Shower Treats,0,0,0,9.99,taxable,,Beauty,Baylis & Harding Elements Luxury Body & Shower Treats. A health and beauty product.,No regulation
simple,8000036024782,ThermaCare Back Pain Relief Heat Wraps 2 Pack,0,0,0,9.99,taxable,,Pain Relief,"ThermaCare Back Pain Relief Heat Wraps 2 Pack. Always read the label and any leaflet supplied. If symptoms persist, speak to your pharmacist or doctor. Supplied as 2 Pack.",No regulation
simple,5709976019300,Pharma Nord Bio-Selenium + Zinc 90 Tablets,0,0,0,9.99,taxable,,Vitamins,Pharma Nord Bio-Selenium + Zinc 90 Tablets. A vitamins and supplements product. Supplied as 90 Tablets.,No regulation
simple,5038581149288,Yankee Candle Home Inspiration Morning Bliss 538g,0,0,0,9.99,taxable,,Beauty,Yankee Candle Home Inspiration Morning Bliss 538g. A health and beauty product. Supplied as 538g.,No regulation
simple,5060102170785,Baby Earol Olive Oil Spray 10ml,0,0,0,9.99,taxable,,Baby & Child,Baby Earol Olive Oil Spray 10ml. A baby and child product. Supplied as 10ml.,GSL
simple,5391531563337,Spotlight Oral Care Fresh Breath Whitening Mouthwash,0,0,0,9.99,taxable,,Oral Care,Spotlight Oral Care Fresh Breath Whitening Mouthwash. An oral care product.,No regulation
simple,3800219796322,Alteya Organic Rose Glow Face Collagen Mist 120ml,0,0,0,9.99,taxable,,Skincare,Alteya Organic Rose Glow Face Collagen Mist 120ml. A skincare product. Supplied as 120ml.,No regulation
simple,3282770140934,Klorane Mango Shampoo 200ml,0,0,0,9.99,taxable,,Hair Care,Klorane Mango Shampoo 200ml. A hair care product. Supplied as 200ml.,No regulation
simple,5000158105270,Cuprofen Maximum Strength 96 Tablets,0,0,0,9.99,taxable,,Prescription Medicines,"Cuprofen Maximum Strength 96 Tablets. Prescription-only medicine, supplied after an online consultation with our pharmacist. Always read the label and any leaflet supplied. If symptoms persist, speak to your pharmacist or doctor. Supplied as 96 Tablets.",P
simple,5060332535149,Lindens Health + Nutrition Evening Primrose Oil 1000mg 90 Capsules,0,0,0,9.99,taxable,,Vitamins,Lindens Health + Nutrition Evening Primrose Oil 1000mg 90 Capsules. A vitamins and supplements product. Supplied as 90 Capsules.,No regulation
simple,5011408110098,L'Oreal Men Expert Barber Club Essentials Set,0,0,0,9.99,taxable,,General Health,L'Oreal Men Expert Barber Club Essentials Set. A health and wellbeing product.,No regulation
simple,5012616291913,Solpadeine Plus 32 Tablets,0,0,0,9.99,taxable,,Pain Relief,"Solpadeine Plus 32 Tablets. Prescription-only medicine, supplied after an online consultation with our pharmacist. Always read the label and any leaflet supplied. If symptoms persist, speak to your pharmacist or doctor. Supplied as 32 Tablets.",P
simple,5060553605102,BeYou Menstrual Cup Wash 80ml,0,0,0,9.99,taxable,,Women's Health,BeYou Menstrual Cup Wash 80ml. A women's health product. Supplied as 80ml.,No regulation
simple,5060176673274,Dr. Organic Royal Jelly Light & Bright Cream 125ml,0,0,0,9.99,taxable,,Skincare,Dr. Organic Royal Jelly Light & Bright Cream 125ml. A skincare product. Supplied as 125ml.,No regulation
simple,5025970022574,Nivea Refreshingly Soft Moisturising Cream 200ml,0,0,0,9.99,taxable,,Skincare,Nivea Refreshingly Soft Moisturising Cream 200ml. A skincare product. Supplied as 200ml.,No regulation
simple,0615908423150,Tigi Bed Head Colour Goddess Conditioner 750ml,0,0,0,9.99,taxable,,Hair Care,Tigi Bed Head Colour Goddess Conditioner 750ml. A hair care product. Supplied as 750ml.,No regulation
simple,5016379330001,Betacap Scalp Application 100ml,0,0,0,9.99,taxable,zero-rate,Hair Care,"Betacap Scalp Application 100ml. Prescription-only medicine, supplied after an online consultation with our pharmacist. Always read the label and any leaflet supplied. If symptoms persist, speak to your pharmacist or doctor. Supplied as 100ml.",P
simple,5025970011103,Nivea Natural Trio Gift Set,0,0,0,9.99,taxable,,Beauty,Nivea Natural Trio Gift Set. A health and beauty product.,No regulation
simple,5060176672161,Dr. Organic Vitamin E Cream 50ml,0,0,0,9.99,taxable,,Skincare,Dr. Organic Vitamin E Cream 50ml. A skincare product. Supplied as 50ml.,No regulation
simple,5011309729511,Oilatum Junior Bath Emollient Additive 300ml,0,0,0,9.99,taxable,,Skincare,Oilatum Junior Bath Emollient Additive 300ml. A skincare product. Supplied as 300ml.,No regulation
simple,5060203790431,Terranova Vitamin D3 1000IU Complex 50 Capsules,0,0,0,9.99,taxable,,Vitamins,Terranova Vitamin D3 1000IU Complex 50 Capsules. A vitamins and supplements product. Supplied as 50 Capsules.,No regulation
simple,5023652296060,Nature's Aid Super Strength Fish Oil Omega 3 60 Capsules,0,0,0,9.99,taxable,,Vitamins,Nature's Aid Super Strength Fish Oil Omega 3 60 Capsules. A vitamins and supplements product. Supplied as 60 Capsules.,No regulation
simple,5011784080114,Astral Intensive Moisturiser Original 500ml,0,0,0,9.99,taxable,,Skincare,Astral Intensive Moisturiser Original 500ml. A skincare product. Supplied as 500ml.,No regulation
simple,8001090111715,Always Discreet Pants Medium 9 Pack,0,0,0,9.99,taxable,zero-rate,Continence,Always Discreet Pants Medium 9 Pack. A continence care product. Supplied as 9 Pack.,No regulation
simple,5012335850507,Seven Seas Clo Max Strength Liquid,0,0,0,9.99,taxable,,Vitamins,Seven Seas Clo Max Strength Liquid. A vitamins and supplements product.,No regulation
simple,5055148410995,Lamberts L-Phenylalanine 500mg 60 Capsules,0,0,0,9.98,taxable,,Vitamins,Lamberts L-Phenylalanine 500mg 60 Capsules. A vitamins and supplements product. Supplied as 60 Capsules.,No regulation
simple,7702018597154,Gillette Fusion5 2 Piece Gift Set,0,0,0,9.98,taxable,,Beauty,Gillette Fusion5 2 Piece Gift Set. A health and beauty product.,No regulation
simple,5031013101182,Higher Nature Ocean Kelp 180 Tablets,0,0,0,9.95,taxable,,Vitamins,Higher Nature Ocean Kelp 180 Tablets. A vitamins and supplements product. Supplied as 180 Tablets.,No regulation
simple,5031013100901,Higher Nature Citricidal 25ml,0,0,0,9.95,taxable,,Vitamins,Higher Nature Citricidal 25ml. A vitamins and supplements product. Supplied as 25ml.,No regulation
simple,8700216433280,Seven Seas Jointcare Essential Capsules 30 Caps,0,0,0,9.95,taxable,,Vitamins,Seven Seas Jointcare Essential Capsules 30 Caps. A vitamins and supplements product. Supplied as 30 Caps.,No regulation
simple,4028694000256,Vismed Multi Lubricant Eye Drops 10ml,0,0,0,9.89,taxable,,Sexual Wellness,"Vismed Multi Lubricant Eye Drops 10ml. Always read the label and any leaflet supplied. If symptoms persist, speak to your pharmacist or doctor. Supplied as 10ml.",No regulation
simple,0856175001911,Fake Bake Beyond Bronze Self Tanning Mousse 210ml,0,0,0,9.89,taxable,,Hair Care,Fake Bake Beyond Bronze Self Tanning Mousse 210ml. A hair care product. Supplied as 210ml.,No regulation
simple,0300656144067,Opti-Free Express Multi-Purpose Disinfecting Solution 355ml,0,0,0,9.89,taxable,,General Health,Opti-Free Express Multi-Purpose Disinfecting Solution 355ml. A health and wellbeing product. Supplied as 355ml.,No regulation
simple,0010181043598,Palmer's Cocoa Butter Formula Skin Therapy Oil Rosehip 150ml,0,0,0,9.89,taxable,,Skincare,Palmer's Cocoa Butter Formula Skin Therapy Oil Rosehip 150ml. A skincare product. Supplied as 150ml.,No regulation
simple,5060704340364,Acala Jade Roller,0,0,0,9.89,taxable,,General Health,Acala Jade Roller. A health and wellbeing product.,No regulation
simple,0033984004252,Solgar Formula Vm-2000 30 Tablets,0,0,0,9.89,taxable,,Vitamins,Solgar Formula Vm-2000 30 Tablets. A vitamins and supplements product. Supplied as 30 Tablets.,No regulation
simple,5055148403171,Lamberts MSM 1000mg 120 Tablets,0,0,0,9.89,taxable,,Vitamins,Lamberts MSM 1000mg 120 Tablets. A vitamins and supplements product. Supplied as 120 Tablets.,No regulation
simple,5060519147301,Pukka Festive Collection 30 Tea Sachets,0,0,0,9.89,taxable,zero-rate,Vitamins,Pukka Festive Collection 30 Tea Sachets. A vitamins and supplements product.,No regulation
simple,9349288140543,A'kin Micellar Water 150ml,0,0,0,9.89,taxable,,Skincare,A'kin Micellar Water 150ml. A skincare product. Supplied as 150ml.,No regulation
simple,5060409580447,Nutrigen Propolis Syrup 200ml,0,0,0,9.89,taxable,,General Health,Nutrigen Propolis Syrup 200ml. A health and wellbeing product. Supplied as 200ml.,No regulation
simple,0033984018518,Solgar Niacin (Vitamin B3) 500mg 100 Capsules,0,0,0,9.89,taxable,,Vitamins,Solgar Niacin (Vitamin B3) 500mg 100 Capsules. A vitamins and supplements product. Supplied as 100 Capsules.,No regulation
simple,0033984013407,Solgar L-Glutathione Reduced 50mg 30 Capsules,0,0,0,9.89,taxable,,Vitamins,Solgar L-Glutathione Reduced 50mg 30 Capsules. A vitamins and supplements product. Supplied as 30 Capsules.,No regulation
simple,5391531560534,Spotlight Oral Care Bamboo Toothbrush 5 Pack,0,0,0,9.89,taxable,,Oral Care,Spotlight Oral Care Bamboo Toothbrush 5 Pack. An oral care product. Supplied as 5 Pack.,No regulation
simple,5010249041868,FSC Quercetin 200mg 60 Capsules,0,0,0,9.89,taxable,,Vitamins,FSC Quercetin 200mg 60 Capsules. A vitamins and supplements product. Supplied as 60 Capsules.,No regulation
simple,5060193642109,Bloom & Blossom The Enormous Crocodile's Mandarin & Lavender Pillow Spray 75ml,0,0,0,9.89,taxable,,Beauty,Bloom & Blossom The Enormous Crocodile's Mandarin & Lavender Pillow Spray 75ml. A health and beauty product. Supplied as 75ml.,No regulation
simple,5060018511665,KIKI Health Organic Premium 4 Root Maca Powder 100g,0,0,0,9.89,taxable,zero-rate,Vitamins,KIKI Health Organic Premium 4 Root Maca Powder 100g. A vitamins and supplements product. Supplied as 100g.,No regulation
simple,9327693007569,Sukin Blemish Control Clearing Facial Wash 125ml,0,0,0,9.89,taxable,,Skincare,Sukin Blemish Control Clearing Facial Wash 125ml. A skincare product. Supplied as 125ml.,No regulation
simple,0033984033191,Solgar Vitamin D3 (Cholecalciferol) 600 IU (15μg) 120 Capsules,0,0,0,9.89,taxable,,Vitamins,Solgar Vitamin D3 (Cholecalciferol) 600 IU (15μg) 120 Capsules. A vitamins and supplements product. Supplied as 120 Capsules.,No regulation
simple,5055148412883,Lamberts Garlic 1650mg 60 Tablets,0,0,0,9.89,taxable,,Vitamins,Lamberts Garlic 1650mg 60 Tablets. A vitamins and supplements product. Supplied as 60 Tablets.,No regulation
simple,7350082940200,Swiss Clinic Detoxifying Grey Clay Mask 30g,0,0,0,9.89,taxable,,Skincare,Swiss Clinic Detoxifying Grey Clay Mask 30g. A skincare product. Supplied as 30g.,No regulation
simple,6001159111344,Bio-Oil Skincare Oil 60ml,0,0,0,9.89,taxable,,Skincare,Bio-Oil Skincare Oil 60ml. A skincare product. Supplied as 60ml.,No regulation
simple,5038483999011,Scholl 2-In-1 Corn Express Pen 1ml,0,0,0,9.89,taxable,,Supports & Braces,Scholl 2-In-1 Corn Express Pen 1ml. A support and mobility product. Supplied as 1ml.,No regulation
simple,0764302280620,Shea Moisture Raw Shea Butter Damage Repair Hair & Scalp Serum 59ml,0,0,0,9.89,taxable,,Hair Care,Shea Moisture Raw Shea Butter Damage Repair Hair & Scalp Serum 59ml. A hair care product. Supplied as 59ml.,No regulation
simple,0033984028203,Solgar Dry Vitamin A 5000IU (1502μg) 100 Tablets,0,0,0,9.89,taxable,,Vitamins,Solgar Dry Vitamin A 5000IU (1502μg) 100 Tablets. A vitamins and supplements product. Supplied as 100 Tablets.,No regulation
simple,4031626711588,Hycosan Original Preservative Free 7.5ml,0,0,0,9.89,taxable,,Eye Care,"Hycosan Original Preservative Free 7.5ml. Always read the label and any leaflet supplied. If symptoms persist, speak to your pharmacist or doctor. Supplied as 7.5ml.",No regulation
simple,0078522002048,Jason Coarse Hair Men's Shave Oil,0,0,0,9.89,taxable,,Hair Care,Jason Coarse Hair Men's Shave Oil. A hair care product.,No regulation
simple,5060018516745,KIKI Health Organic Castor Oil 250ml,0,0,0,9.89,taxable,,Vitamins,KIKI Health Organic Castor Oil 250ml. A vitamins and supplements product. Supplied as 250ml.,No regulation
simple,8430308132479,Balneum Bath Oil Additive 500ml,0,0,0,9.89,taxable,,Beauty,Balneum Bath Oil Additive 500ml. A health and beauty product. Supplied as 500ml.,No regulation
simple,5060018512280,KIKI Health Organic Premium Turmeric Powder 150g,0,0,0,9.89,taxable,zero-rate,Vitamins,KIKI Health Organic Premium Turmeric Powder 150g. A vitamins and supplements product. Supplied as 150g.,No regulation
simple,5011309055610,Cetraben Moisturising Cream 200ml,0,0,0,9.89,taxable,,Skincare,Cetraben Moisturising Cream 200ml. A skincare product. Supplied as 200ml.,No regulation
simple,0764302280231,Shea Moisture Raw Shea Butter Elixir 118ml,0,0,0,9.89,taxable,,Skincare,Shea Moisture Raw Shea Butter Elixir 118ml. A skincare product. Supplied as 118ml.,No regulation
simple,5060409580485,Nutrigen Childrens Ferromixin Sprinkles 30 Sachets,0,0,0,9.89,taxable,,Vitamins,Nutrigen Childrens Ferromixin Sprinkles 30 Sachets. A vitamins and supplements product. Supplied as 30 Sachets.,No regulation
simple,0033984011809,Solgar Formula Vm-75 30 Tablets,0,0,0,9.89,taxable,,Vitamins,Solgar Formula Vm-75 30 Tablets. A vitamins and supplements product. Supplied as 30 Tablets.,No regulation
simple,0074312010941,Nature's Bounty Adult Multivitamin 60 Gummies,0,0,0,9.89,taxable,,Vitamins,Nature's Bounty Adult Multivitamin 60 Gummies. A vitamins and supplements product. Supplied as 60 Gummies.,No regulation
simple,5060018512839,KIKI Health Activated Charcoal Powder 70g,0,0,0,9.89,taxable,,Vitamins,KIKI Health Activated Charcoal Powder 70g. A vitamins and supplements product. Supplied as 70g.,No regulation
simple,5012616163708,Wartner Verruca & Wart Remover Pen,0,0,0,9.89,taxable,,Skincare,Wartner Verruca & Wart Remover Pen. A skincare product.,GSL
simple,5060363050345,Tom Oliver Nutrition Vitamin B Complex 60 Pack,0,0,0,9.89,taxable,,Vitamins,Tom Oliver Nutrition Vitamin B Complex 60 Pack. A vitamins and supplements product. Supplied as 60 Pack.,No regulation
simple,5060571720726,UpCircle Organic Muslin Cloths 2 Pack,0,0,0,9.89,taxable,,General Health,UpCircle Organic Muslin Cloths 2 Pack. A health and wellbeing product. Supplied as 2 Pack.,No regulation
simple,5023652489035,Wild Earth Organic Evening Primrose Oil 30 Capsules,0,0,0,9.89,taxable,,Vitamins,Wild Earth Organic Evening Primrose Oil 30 Capsules. A vitamins and supplements product. Supplied as 30 Capsules.,No regulation
simple,0897762000405,A'kin Sensitive Calming Hand Cream 75ml,0,0,0,9.89,taxable,,Skincare,A'kin Sensitive Calming Hand Cream 75ml. A skincare product. Supplied as 75ml.,No regulation
simple,5060018511481,KIKI Health Organic Moringa Powder 100g,0,0,0,9.89,taxable,zero-rate,Vitamins,KIKI Health Organic Moringa Powder 100g. A vitamins and supplements product. Supplied as 100g.,No regulation
simple,5023652480032,Wild Earth Gentle Magnesium 30 Capsules,0,0,0,9.89,taxable,,Vitamins,Wild Earth Gentle Magnesium 30 Capsules. A vitamins and supplements product. Supplied as 30 Capsules.,No regulation
simple,5060018511740,KIKI Health Organic Pea Protein Powder 170g,0,0,0,9.89,taxable,zero-rate,Vitamins,KIKI Health Organic Pea Protein Powder 170g. A vitamins and supplements product. Supplied as 170g.,No regulation
simple,96194799,Bloom & Blossom Lip Service Nourishing Lip Balm 15ml,0,0,0,9.89,taxable,,Skincare,Bloom & Blossom Lip Service Nourishing Lip Balm 15ml. A skincare product. Supplied as 15ml.,No regulation
simple,5060601932969,BeautyPro Spa At Home: The Glow Edit,0,0,0,9.89,taxable,,General Health,BeautyPro Spa At Home: The Glow Edit. A health and wellbeing product.,No regulation
simple,5060148520100,BetterYou Magnesium Oil Body Spray 100ml,0,0,0,9.89,taxable,,Vitamins,BetterYou Magnesium Oil Body Spray 100ml. A vitamins and supplements product. Supplied as 100ml.,No regulation
simple,0724742008109,Alba Botanica Pore-Fecting Papaya Enzyme Facial Mask 85g,0,0,0,9.89,taxable,,Skincare,Alba Botanica Pore-Fecting Papaya Enzyme Facial Mask 85g. A skincare product. Supplied as 85g.,No regulation
simple,3574660712025,Imodium Instant Melts 18 Tablets,0,0,0,9.89,taxable,,Digestive,"Imodium Instant Melts 18 Tablets. Prescription-only medicine, supplied after an online consultation with our pharmacist. Always read the label and any leaflet supplied. If symptoms persist, speak to your pharmacist or doctor. Supplied as 18 Tablets.",P
simple,0033984039377,Solgar Hawthorne Berry 100 Capsules,0,0,0,9.89,taxable,,Vitamins,Solgar Hawthorne Berry 100 Capsules. A vitamins and supplements product. Supplied as 100 Capsules.,No regulation
simple,5012616265686,Nytol Liquid Caramel Flavour 300ml,0,0,0,9.89,taxable,,Prescription Medicines,"Nytol Liquid Caramel Flavour 300ml. Prescription-only medicine, supplied after an online consultation with our pharmacist. Always read the label and any leaflet supplied. If symptoms persist, speak to your pharmacist or doctor. Supplied as 300ml.",P
simple,8001090615732,Gillette Fusion5 Proshield Chill Razor for Men + 1 Blade Refill,0,0,0,9.89,taxable,,Men's Health,Gillette Fusion5 Proshield Chill Razor for Men + 1 Blade Refill. A men's health product.,No regulation
simple,9329401000497,The Goat Skincare Body Wash with Coconut 500ml,0,0,0,9.89,taxable,,Skincare,The Goat Skincare Body Wash with Coconut 500ml. A skincare product. Supplied as 500ml.,No regulation
simple,3282779002721,Avène Cold Cream 100ml,0,0,0,9.89,taxable,,Cold & Flu,"Avène Cold Cream 100ml. Always read the label and any leaflet supplied. If symptoms persist, speak to your pharmacist or doctor. Supplied as 100ml.",No regulation
simple,0033984009608,Solgar L-Cysteine 500mg 30 Capsules,0,0,0,9.89,taxable,,Vitamins,Solgar L-Cysteine 500mg 30 Capsules. A vitamins and supplements product. Supplied as 30 Capsules.,No regulation
simple,0850835000603,Pukka Castor Oil 250ml,0,0,0,9.89,taxable,,Vitamins,Pukka Castor Oil 250ml. A vitamins and supplements product. Supplied as 250ml.,No regulation
simple,5055148414566,Lamberts Rhodiola Rosea 500mg 60 Tablets,0,0,0,9.89,taxable,,Vitamins,Lamberts Rhodiola Rosea 500mg 60 Tablets. A vitamins and supplements product. Supplied as 60 Tablets.,No regulation
simple,5060332534340,Lindens Health + Nutrition Omega 3 Fish Oil Extra 90 Capsules,0,0,0,9.89,taxable,,Vitamins,Lindens Health + Nutrition Omega 3 Fish Oil Extra 90 Capsules. A vitamins and supplements product. Supplied as 90 Capsules.,No regulation
simple,5023652520301,Nature's Aid Vitamin E 1000iu Natural Form 30 Softgels,0,0,0,9.89,taxable,,Vitamins,Nature's Aid Vitamin E 1000iu Natural Form 30 Softgels. A vitamins and supplements product. Supplied as 30 Softgels.,No regulation
simple,5060391848136,Dr. Organic Baby Bum Balm with Calendula 50ml,0,0,0,9.89,taxable,,Baby & Child,Dr. Organic Baby Bum Balm with Calendula 50ml. A baby and child product. Supplied as 50ml.,No regulation
simple,0033984549562,Solgar Vitamin D3 1000IU (25μg) 100 Chewable Tablets,0,0,0,9.89,taxable,,Vitamins,Solgar Vitamin D3 1000IU (25μg) 100 Chewable Tablets. A vitamins and supplements product. Supplied as 100 Chewable.,No regulation
simple,5023323001610,Mini-Wright Afs Low Range Peak Flow Meter,0,0,0,9.89,taxable,,General Health,Mini-Wright Afs Low Range Peak Flow Meter. A health and wellbeing product.,No regulation
simple,9318329122244,A'kin Lavender & Anthyllis Leave-In Conditioner 150ml,0,0,0,9.89,taxable,,Hair Care,A'kin Lavender & Anthyllis Leave-In Conditioner 150ml. A hair care product. Supplied as 150ml.,No regulation
simple,9318329114140,A'kin Mild & Gentle Fragrance Free Shampoo 225ml,0,0,0,9.89,taxable,,Hair Care,A'kin Mild & Gentle Fragrance Free Shampoo 225ml. A hair care product. Supplied as 225ml.,No regulation
simple,5000347062193,Night Nurse Liquid 160ml,0,0,0,9.89,taxable,,Prescription Medicines,"Night Nurse Liquid 160ml. Prescription-only medicine, supplied after an online consultation with our pharmacist. Always read the label and any leaflet supplied. If symptoms persist, speak to your pharmacist or doctor. Supplied as 160ml.",P
simple,5060018513218,KIKI Health Zeolite with Activated Charcoal Powder 60g,0,0,0,9.89,taxable,,Vitamins,KIKI Health Zeolite with Activated Charcoal Powder 60g. A vitamins and supplements product. Supplied as 60g.,No regulation
simple,5060148520186,BetterYou Magnesium Sleep Spray 100ml,0,0,0,9.89,taxable,,Vitamins,BetterYou Magnesium Sleep Spray 100ml. A vitamins and supplements product. Supplied as 100ml.,No regulation
simple,7643022212100,Shea Moisture Superfruit 10-In-1 Multi Benefit Conditioner 379ml,0,0,0,9.89,taxable,,Hair Care,Shea Moisture Superfruit 10-In-1 Multi Benefit Conditioner 379ml. A hair care product. Supplied as 379ml.,No regulation
simple,0033984002005,Solgar Vitamin B-Complex with Vitamin C 100 Tablets,0,0,0,9.89,taxable,,Vitamins,Solgar Vitamin B-Complex with Vitamin C 100 Tablets. A vitamins and supplements product. Supplied as 100 Tablets.,No regulation
simple,5034445002225,The Eye Doctor Eye Drops Intensive Relief 10ml,0,0,0,9.89,taxable,,Eye Care,"The Eye Doctor Eye Drops Intensive Relief 10ml. Always read the label and any leaflet supplied. If symptoms persist, speak to your pharmacist or doctor. Supplied as 10ml.",GSL
simple,7350082940194,Swiss Clinic Purifying Pink Clay Mask 30g,0,0,0,9.89,taxable,,Skincare,Swiss Clinic Purifying Pink Clay Mask 30g. A skincare product. Supplied as 30g.,No regulation
simple,5060104170660,YES Ultra Gentle Intimate Foam Wash Unfragranced,0,0,0,9.88,taxable,,Sexual Wellness,"YES Ultra Gentle Intimate Foam Wash Unfragranced. Always read the label and any leaflet supplied. If symptoms persist, speak to your pharmacist or doctor.",No regulation
simple,0724742007607,Alba Botanica Acne Deep Pore Wash 113g,0,0,0,9.79,taxable,,Skincare,Alba Botanica Acne Deep Pore Wash 113g. A skincare product. Supplied as 113g.,No regulation
simple,5900741962610,Xailin Plus 0.2% Ha Pf Eye Drops 10ml,0,0,0,9.79,taxable,,Eye Care,"Xailin Plus 0.2% Ha Pf Eye Drops 10ml. Always read the label and any leaflet supplied. If symptoms persist, speak to your pharmacist or doctor. Supplied as 10ml.",No regulation
simple,4032129107373,Adcal-D3 Dissolve 1500mg/400 I.U 56 Effervescent Tablets,0,0,0,9.79,taxable,,Prescription Medicines,"Adcal-D3 Dissolve 1500mg/400 I.U 56 Effervescent Tablets. Prescription-only medicine, supplied after an online consultation with our pharmacist. Always read the label and any leaflet supplied. If symptoms persist, speak to your pharmacist or doctor. Supplied as 56 Effervescent.",P
simple,5060176674707,Dr. Organic Moroccan Argan Oil Day Cream 50ml,0,0,0,9.79,taxable,,Skincare,Dr. Organic Moroccan Argan Oil Day Cream 50ml. A skincare product. Supplied as 50ml.,No regulation
simple,0859975020014,Andalou 1000 Roses Cleansing Foam 163ml,0,0,0,9.79,taxable,,Skincare,Andalou 1000 Roses Cleansing Foam 163ml. A skincare product. Supplied as 163ml.,No regulation
simple,5060176674806,Dr. Organic Moroccan Argan Oil Night Cream 50ml,0,0,0,9.79,taxable,,Skincare,Dr. Organic Moroccan Argan Oil Night Cream 50ml. A skincare product. Supplied as 50ml.,No regulation
simple,5010249118904,FSC MSM 750mg 120 Tablets,0,0,0,9.79,taxable,,Vitamins,FSC MSM 750mg 120 Tablets. A vitamins and supplements product. Supplied as 120 Tablets.,No regulation
simple,5017978000050,Probio 7 Global Travel 15 Vegcaps,0,0,0,9.79,taxable,,Vitamins,Probio 7 Global Travel 15 Vegcaps. A vitamins and supplements product.,No regulation
simple,5060176673298,Dr. Organic Skin Expert Leg & Vein Cream with Organic Royal Jelly,0,0,0,9.79,taxable,,Skincare,Dr. Organic Skin Expert Leg & Vein Cream with Organic Royal Jelly. A skincare product.,No regulation
simple,5011309047110,Polytar Coal Tar Scalp Solution 150ml,0,0,0,9.79,taxable,,Hair Care,Polytar Coal Tar Scalp Solution 150ml. A hair care product. Supplied as 150ml.,GSL
simple,0672153905954,Woody's Text Web Hair Pomade,0,0,0,9.79,taxable,,Hair Care,Woody's Text Web Hair Pomade. A hair care product.,No regulation
simple,5020465201601,Acnecide Face Gel Spot Treatment 5% Benzoyl Peroxide 15g,0,0,0,9.79,taxable,,Skincare,Acnecide Face Gel Spot Treatment 5% Benzoyl Peroxide 15g. A skincare product. Supplied as 15g.,GSL
simple,4013474107249,Gehwol Med Sensitive 75ml,0,0,0,9.79,taxable,,General Health,Gehwol Med Sensitive 75ml. A health and wellbeing product. Supplied as 75ml.,No regulation
simple,5034268006189,ProVen Probiotics Lactobacillus & Bifidus for Toddlers 60g,0,0,0,9.79,taxable,,Baby & Child,ProVen Probiotics Lactobacillus & Bifidus for Toddlers 60g. A baby and child product. Supplied as 60g.,No regulation
simple,5060601930453,BeautyPro Barber Pro Skin Revival Kit,0,0,0,9.79,taxable,,Skincare,BeautyPro Barber Pro Skin Revival Kit. A skincare product.,No regulation
simple,5060180811242,Animology Clean Sheets Pet Wipes 80pk,0,0,0,9.79,taxable,,Pet Care,Animology Clean Sheets Pet Wipes 80pk. A pet care product.,No regulation
simple,4103040167958,Sebamed Anti-Dry Day Defence Cream 50ml,0,0,0,9.79,taxable,,Skincare,Sebamed Anti-Dry Day Defence Cream 50ml. A skincare product. Supplied as 50ml.,No regulation
simple,0033984525504,Solgar U-Cubes Multi-Vitamin & Mineral 60 Gummies,0,0,0,9.79,taxable,,Vitamins,Solgar U-Cubes Multi-Vitamin & Mineral 60 Gummies. A vitamins and supplements product. Supplied as 60 Gummies.,No regulation
simple,5060391847801,Dr. Organic Ageless Eye Contour Serum with Organic Seaweed,0,0,0,9.79,taxable,,Skincare,Dr. Organic Ageless Eye Contour Serum with Organic Seaweed. A skincare product.,No regulation
simple,3574661656342,Aveeno Baby Dermexa Emollient Cream 150ml,0,0,0,9.79,taxable,,Baby & Child,Aveeno Baby Dermexa Emollient Cream 150ml. A baby and child product. Supplied as 150ml.,No regulation
simple,4048882000325,Dr. Wolff's V-san Intimate Wash Lotion 200ml,0,0,0,9.79,taxable,,Sexual Wellness,"Dr. Wolff's V-san Intimate Wash Lotion 200ml. Always read the label and any leaflet supplied. If symptoms persist, speak to your pharmacist or doctor. Supplied as 200ml.",No regulation
simple,0033984008106,Solgar Lactase 3500 30 Wafers,0,0,0,9.69,taxable,,Vitamins,Solgar Lactase 3500 30 Wafers. A vitamins and supplements product.,No regulation
simple,3830070471304,Viscotears Hyaluronic Acid Preservative Free Eye Drops 10ml,0,0,0,9.69,taxable,,Eye Care,"Viscotears Hyaluronic Acid Preservative Free Eye Drops 10ml. Always read the label and any leaflet supplied. If symptoms persist, speak to your pharmacist or doctor. Supplied as 10ml.",No regulation
simple,3282770396416,Klorane Nettle Sebo-Regulating Dry Shampoo 150ml,0,0,0,9.69,taxable,,Hair Care,Klorane Nettle Sebo-Regulating Dry Shampoo 150ml. A hair care product. Supplied as 150ml.,No regulation
simple,8809663751708,Mizon Snail Repair Eye Cream 15ml,0,0,0,9.69,taxable,,Skincare,Mizon Snail Repair Eye Cream 15ml. A skincare product. Supplied as 15ml.,No regulation
simple,3282770207712,Avène Cleanance Cleansing Gel 100ml,0,0,0,9.69,taxable,,Skincare,Avène Cleanance Cleansing Gel 100ml. A skincare product. Supplied as 100ml.,No regulation
simple,5013455040120,Weleda Arnica Massage Balm 50ml,0,0,0,9.69,taxable,,Skincare,Weleda Arnica Massage Balm 50ml. A skincare product. Supplied as 50ml.,No regulation
simple,5023652270091,Nature's Aid JointEeze 300mg 90 Tablets,0,0,0,9.69,taxable,,Vitamins,Nature's Aid JointEeze 300mg 90 Tablets. A vitamins and supplements product. Supplied as 90 Tablets.,No regulation
simple,0033984010154,Solgar Kangavites Children Multivitamin (Berry) 60 Tablets,0,0,0,9.69,taxable,,Vitamins,Solgar Kangavites Children Multivitamin (Berry) 60 Tablets. A vitamins and supplements product. Supplied as 60 Tablets.,No regulation
simple,9349288140550,A'kin Hydrating Mist Toner 150ml,0,0,0,9.69,taxable,,Skincare,A'kin Hydrating Mist Toner 150ml. A skincare product. Supplied as 150ml.,No regulation
simple,5016973991172,Balance Activ Pessaries 25g 7 Pack,0,0,0,9.69,taxable,,General Health,Balance Activ Pessaries 25g 7 Pack. A health and wellbeing product. Supplied as 7 Pack.,No regulation
simple,8420212035058,Cuderm Moisturising Cream 500ml,0,0,0,9.69,taxable,,Skincare,Cuderm Moisturising Cream 500ml. A skincare product. Supplied as 500ml.,No regulation
simple,5060148522838,BetterYou Magnesium Muscle Oil Spray 100ml,0,0,0,9.69,taxable,,Pain Relief,"BetterYou Magnesium Muscle Oil Spray 100ml. Always read the label and any leaflet supplied. If symptoms persist, speak to your pharmacist or doctor. Supplied as 100ml.",No regulation
simple,0033984025561,Solgar Selenium 200µg (Yeast Free) 50 Tablets,0,0,0,9.69,taxable,,Vitamins,Solgar Selenium 200µg (Yeast Free) 50 Tablets. A vitamins and supplements product. Supplied as 50 Tablets.,No regulation
simple,0033984010185,Solgar Kangavites Children Multivitamin (Tropical) 60 Tablets,0,0,0,9.69,taxable,,Vitamins,Solgar Kangavites Children Multivitamin (Tropical) 60 Tablets. A vitamins and supplements product. Supplied as 60 Tablets.,No regulation
simple,4001638096652,Weleda White Mallow Nappy Change Cream 50ml,0,0,0,9.69,taxable,,Baby & Child,Weleda White Mallow Nappy Change Cream 50ml. A baby and child product. Supplied as 50ml.,No regulation
simple,5016379297007,Nicam Acne Treatment 4% w/w Gel 60g,0,0,0,9.69,taxable,,Skincare,"Nicam Acne Treatment 4% w/w Gel 60g. Prescription-only medicine, supplied after an online consultation with our pharmacist. Always read the label and any leaflet supplied. If symptoms persist, speak to your pharmacist or doctor. Supplied as 60g.",P
simple,9327693000430,Sukin Botanical Body Wash 500ml,0,0,0,9.69,taxable,,Beauty,Sukin Botanical Body Wash 500ml. A health and beauty product. Supplied as 500ml.,No regulation
simple,3574661412672,Aveeno Dermexa Daily Emollient Body Wash 300ml,0,0,0,9.69,taxable,,Skincare,Aveeno Dermexa Daily Emollient Body Wash 300ml. A skincare product. Supplied as 300ml.,No regulation
simple,5060203792589,Terranova Astragalus 500mg 50 Capsules,0,0,0,9.59,taxable,,Vitamins,Terranova Astragalus 500mg 50 Capsules. A vitamins and supplements product. Supplied as 50 Capsules.,No regulation
simple,5060332533671,Lindens Health + Nutrition Glucosamine & Chondroitin 60 Capsules,0,0,0,9.59,taxable,,Vitamins,Lindens Health + Nutrition Glucosamine & Chondroitin 60 Capsules. A vitamins and supplements product. Supplied as 60 Capsules.,No regulation
simple,0792850336414,Burt's Bees Baby Bee Original Bubble Bath 350ml,0,0,0,9.59,taxable,,Baby & Child,Burt's Bees Baby Bee Original Bubble Bath 350ml. A baby and child product. Supplied as 350ml.,No regulation
simple,0753950002180,Doctor's Best Vitamin D3 5000 IU 180 Softgels,0,0,0,9.59,taxable,,Vitamins,Doctor's Best Vitamin D3 5000 IU 180 Softgels. A vitamins and supplements product. Supplied as 180 Softgels.,No regulation
simple,0017854117471,"Baylis & Harding Jojoba, Vanilla & Almond Oil Mini Stack Set",0,0,0,9.59,taxable,,Beauty,"Baylis & Harding Jojoba, Vanilla & Almond Oil Mini Stack Set. A health and beauty product.",No regulation
simple,4717237000388,I-M Airprene Universal Wrist Wrap AS-402 One Size,0,0,0,9.59,taxable,,Supports & Braces,I-M Airprene Universal Wrist Wrap AS-402 One Size. A support and mobility product.,No regulation
simple,5012616262203,Buttercup Bronchostop Cough Syrup 200ml,0,0,0,9.59,taxable,,Cold & Flu,"Buttercup Bronchostop Cough Syrup 200ml. Always read the label and any leaflet supplied. If symptoms persist, speak to your pharmacist or doctor. Supplied as 200ml.",GSL
simple,5060896571881,Bulldog Skincare Duo Sensitive Set,0,0,0,9.59,taxable,,Skincare,Bulldog Skincare Duo Sensitive Set. A skincare product.,No regulation
simple,5054563213501,Voltarol Medicated Plaster 2 Patches,0,0,0,9.59,taxable,,Pain Relief,"Voltarol Medicated Plaster 2 Patches. Prescription-only medicine, supplied after an online consultation with our pharmacist. Always read the label and any leaflet supplied. If symptoms persist, speak to your pharmacist or doctor. Supplied as 2 Patches.",P
simple,4987241163670,Rohto Dry Aid Intensive Eye Relief Drops 10ml,0,0,0,9.59,taxable,,Vitamins,Rohto Dry Aid Intensive Eye Relief Drops 10ml. A vitamins and supplements product. Supplied as 10ml.,GSL
simple,5028392001943,Nutri Advanced Vitamin D3 Lemon Melts 2000IU 120 Tablets,0,0,0,9.59,taxable,,Vitamins,Nutri Advanced Vitamin D3 Lemon Melts 2000IU 120 Tablets. A vitamins and supplements product. Supplied as 120 Tablets.,No regulation
simple,5065000523367,Pukka Essential Spirulina 150 Tablets,0,0,0,9.59,taxable,,Vitamins,Pukka Essential Spirulina 150 Tablets. A vitamins and supplements product. Supplied as 150 Tablets.,No regulation
simple,3800219794175,Alteya Organic Bulgarian Lavender Water Spray 240ml,0,0,0,9.59,taxable,,Beauty,Alteya Organic Bulgarian Lavender Water Spray 240ml. A health and beauty product. Supplied as 240ml.,No regulation
simple,3337875597296,CeraVe SA Renewing Foot Cream 88ml,0,0,0,9.59,taxable,,Skincare,CeraVe SA Renewing Foot Cream 88ml. A skincare product. Supplied as 88ml.,No regulation
simple,5060104170578,YES Organic Water Based Personal Lubricant-100ml,0,0,0,9.59,taxable,,Sexual Wellness,"YES Organic Water Based Personal Lubricant-100ml. Always read the label and any leaflet supplied. If symptoms persist, speak to your pharmacist or doctor. Supplied as 100ml.",No regulation
simple,5011309692617,Zeroveen Emollient Cream 500g,0,0,0,9.59,taxable,,Skincare,Zeroveen Emollient Cream 500g. A skincare product. Supplied as 500g.,No regulation
simple,0017854117686,Baylis & Harding Wild Fig & Pomegranate Mini Stack Gift Set,0,0,0,9.59,taxable,,Beauty,Baylis & Harding Wild Fig & Pomegranate Mini Stack Gift Set. A health and beauty product.,No regulation
simple,5060361080344,Xailin Sterile Eye Wash Solution 20 Doses,0,0,0,9.59,taxable,,Eye Care,"Xailin Sterile Eye Wash Solution 20 Doses. Always read the label and any leaflet supplied. If symptoms persist, speak to your pharmacist or doctor.",No regulation
simple,7702018544646,Gillette King C Replacement Blades 3 Pack,0,0,0,9.59,taxable,,General Health,Gillette King C Replacement Blades 3 Pack. A health and wellbeing product. Supplied as 3 Pack.,No regulation
simple,5010415364791,Tommee Tippee Kalani Maxi Sensory Teething Toy,0,0,0,9.59,taxable,,Baby & Child,Tommee Tippee Kalani Maxi Sensory Teething Toy. A baby and child product.,No regulation
simple,5017007100447,Lactulose Solution Teva 300ml,0,0,0,9.49,taxable,,Prescription Medicines,"Lactulose Solution Teva 300ml. Prescription-only medicine, supplied after an online consultation with our pharmacist. Always read the label and any leaflet supplied. If symptoms persist, speak to your pharmacist or doctor. Supplied as 300ml.",P
simple,3661103045229,Frontline Spot On Dog 1 Pipette,0,0,0,9.49,taxable,,Pet Care,Frontline Spot On Dog 1 Pipette. A pet care product.,No regulation
simple,3282770200904,Klorane Non Aerosol Dry Shampoo with Oat Milk 50g,0,0,0,9.49,taxable,,Hair Care,Klorane Non Aerosol Dry Shampoo with Oat Milk 50g. A hair care product. Supplied as 50g.,No regulation
simple,5011417591048,Gaviscon Double Action Mint Oral Suspension 250ml,0,0,0,9.49,taxable,,Digestive,"Gaviscon Double Action Mint Oral Suspension 250ml. Always read the label and any leaflet supplied. If symptoms persist, speak to your pharmacist or doctor. Supplied as 250ml.",GSL
simple,5391531760835,Optase Life Sensitive Eye Makeup Remover,0,0,0,9.49,taxable,,Beauty,Optase Life Sensitive Eye Makeup Remover. A health and beauty product.,No regulation
simple,5031013105968,Higher Nature Feverfew Migraine Relief 30 Capsules,0,0,0,9.49,taxable,,Pain Relief,"Higher Nature Feverfew Migraine Relief 30 Capsules. Always read the label and any leaflet supplied. If symptoms persist, speak to your pharmacist or doctor. Supplied as 30 Capsules.",No regulation
simple,3830070471311,Viscotears Hyaluronic Acid Plus Presservative Free Eye Drops 10ml,0,0,0,9.49,taxable,,Eye Care,"Viscotears Hyaluronic Acid Plus Presservative Free Eye Drops 10ml. Always read the label and any leaflet supplied. If symptoms persist, speak to your pharmacist or doctor. Supplied as 10ml.",No regulation
simple,5060144647023,Bulldog Oil Care Skincare Duo Gift Set,0,0,0,9.49,taxable,,Skincare,Bulldog Oil Care Skincare Duo Gift Set. A skincare product.,No regulation
simple,5012616265518,Becodefence Kids Nasal Spray 280 Sprays,0,0,0,9.49,taxable,,Cold & Flu,"Becodefence Kids Nasal Spray 280 Sprays. Always read the label and any leaflet supplied. If symptoms persist, speak to your pharmacist or doctor.",GSL
simple,0654749351109,Avalon Rosemary Volumizing Shampoo,0,0,0,9.49,taxable,,Hair Care,Avalon Rosemary Volumizing Shampoo. A hair care product.,No regulation
simple,5010605142741,Bepanthen Ointment for Nappy Rash 100g,0,0,0,9.49,taxable,,Baby & Child,Bepanthen Ointment for Nappy Rash 100g. A baby and child product. Supplied as 100g.,No regulation
simple,5011417591024,Gaviscon Double Action Mixed Berries Liquid 250ml,0,0,0,9.49,taxable,,Digestive,"Gaviscon Double Action Mixed Berries Liquid 250ml. Always read the label and any leaflet supplied. If symptoms persist, speak to your pharmacist or doctor. Supplied as 250ml.",GSL
simple,0859975002379,Andalou Blemish Vanishing Gel 18ml,0,0,0,9.49,taxable,,Skincare,Andalou Blemish Vanishing Gel 18ml. A skincare product. Supplied as 18ml.,No regulation
simple,5038581103242,Woodwick Hourglass Candle Black Peppercorn 275g,0,0,0,9.49,taxable,,Skincare,Woodwick Hourglass Candle Black Peppercorn 275g. A skincare product. Supplied as 275g.,No regulation
simple,5015259005121,Sea-Band One Pair Acupressure Wrist Bands,0,0,0,9.49,taxable,,Supports & Braces,Sea-Band One Pair Acupressure Wrist Bands. A support and mobility product.,No regulation
simple,5000283662211,Allevia 120mg 30 Tablets,0,0,0,9.49,taxable,,Vitamins,Allevia 120mg 30 Tablets. A vitamins and supplements product. Supplied as 30 Tablets.,GSL
simple,9314839020698,QV Intensive Ointment for Dry Skin Conditions 450g,0,0,0,9.49,taxable,,Skincare,QV Intensive Ointment for Dry Skin Conditions 450g. A skincare product. Supplied as 450g.,No regulation
simple,7614700017812,Pernaton Warming Gel 125ml,0,0,0,9.49,taxable,,Skincare,Pernaton Warming Gel 125ml. A skincare product. Supplied as 125ml.,No regulation
simple,4005808856695,Nivea Sun Spray SPF50+ 200ml,0,0,0,9.49,taxable,,Skincare,Nivea Sun Spray SPF50+ 200ml. A skincare product. Supplied as 200ml.,No regulation
simple,5028816000163,Bee Health Propolis 1000mg 90 Tablets,0,0,0,9.49,taxable,,Vitamins,Bee Health Propolis 1000mg 90 Tablets. A vitamins and supplements product. Supplied as 90 Tablets.,No regulation
simple,5020465202394,Purifide Blackhead Deep Exfoliating Cleanser 120ml,0,0,0,9.49,taxable,,Skincare,Purifide Blackhead Deep Exfoliating Cleanser 120ml. A skincare product. Supplied as 120ml.,No regulation
simple,5060018511764,KIKI Health Organic Raw Carob Powder 185g,0,0,0,9.49,taxable,zero-rate,Vitamins,KIKI Health Organic Raw Carob Powder 185g. A vitamins and supplements product. Supplied as 185g.,No regulation
simple,5034511006676,Green People Fresh & Wild Mandarin Hand Cream 30ml,0,0,0,9.49,taxable,,Skincare,Green People Fresh & Wild Mandarin Hand Cream 30ml. A skincare product. Supplied as 30ml.,No regulation
simple,5010249049017,The Food Supplement Company Lutein 20mg 60 Capsules,0,0,0,9.49,taxable,,Vitamins,The Food Supplement Company Lutein 20mg 60 Capsules. A vitamins and supplements product. Supplied as 60 Capsules.,No regulation
simple,5010605055225,Canesten Canesfresh Intimate Care Soothing Gel Wash 200ml,0,0,0,9.49,taxable,,Sexual Wellness,"Canesten Canesfresh Intimate Care Soothing Gel Wash 200ml. Always read the label and any leaflet supplied. If symptoms persist, speak to your pharmacist or doctor. Supplied as 200ml.",No regulation
simple,5060421930138,Aproderm Colloidal Oat Cream 500ml,0,0,0,9.49,taxable,,Skincare,Aproderm Colloidal Oat Cream 500ml. A skincare product. Supplied as 500ml.,No regulation
simple,5011309011418,Covonia Dry & Tickly Cough 300ml,0,0,0,9.49,taxable,,Cold & Flu,"Covonia Dry & Tickly Cough 300ml. Always read the label and any leaflet supplied. If symptoms persist, speak to your pharmacist or doctor. Supplied as 300ml.",No regulation
simple,5060384790015,Cosmocol Orange Lemon & Lime 30 Sachets,0,0,0,9.49,taxable,,Prescription Medicines,"Cosmocol Orange Lemon & Lime 30 Sachets. Prescription-only medicine, supplied after an online consultation with our pharmacist. Always read the label and any leaflet supplied. If symptoms persist, speak to your pharmacist or doctor. Supplied as 30 Sachets.",P
simple,5016379197000,Doublebase Dayleve Gel 500g,0,0,0,9.49,taxable,,Prescription Medicines,"Doublebase Dayleve Gel 500g. Prescription-only medicine, supplied after an online consultation with our pharmacist. Always read the label and any leaflet supplied. If symptoms persist, speak to your pharmacist or doctor. Supplied as 500g.",P
simple,5060216560458,Sambucol Immuno Forte Effervescent 15 Tablets,0,0,0,9.49,taxable,,Vitamins,Sambucol Immuno Forte Effervescent 15 Tablets. A vitamins and supplements product. Supplied as 15 Tablets.,No regulation
simple,5060018511771,KIKI Health Organic Raw Cacao Powder 150g,0,0,0,9.49,taxable,zero-rate,Vitamins,KIKI Health Organic Raw Cacao Powder 150g. A vitamins and supplements product. Supplied as 150g.,No regulation
simple,5038581113593,Woodwick Hourglass Candle Chilli Pepper Gelato 275g,0,0,0,9.49,taxable,,Beauty,Woodwick Hourglass Candle Chilli Pepper Gelato 275g. A health and beauty product. Supplied as 275g.,No regulation
simple,5060384790176,Cosmocol Lemon & Lime 30 Sachets,0,0,0,9.49,taxable,,Prescription Medicines,"Cosmocol Lemon & Lime 30 Sachets. Prescription-only medicine, supplied after an online consultation with our pharmacist. Always read the label and any leaflet supplied. If symptoms persist, speak to your pharmacist or doctor. Supplied as 30 Sachets.",P
simple,5011417571125,Optrex Double Action Itchy & Watery Eyes Drops 10ml,0,0,0,9.49,taxable,,Eye Care,"Optrex Double Action Itchy & Watery Eyes Drops 10ml. Always read the label and any leaflet supplied. If symptoms persist, speak to your pharmacist or doctor. Supplied as 10ml.",GSL
simple,3830070472028,Viscotears Treha Duo Presservative Free Eye Drops,0,0,0,9.49,taxable,,Eye Care,"Viscotears Treha Duo Presservative Free Eye Drops. Always read the label and any leaflet supplied. If symptoms persist, speak to your pharmacist or doctor.",No regulation
simple,0705928052000,NeilMed Sinus Rinse 50 Premixed Sachets,0,0,0,9.49,taxable,,Cold & Flu,"NeilMed Sinus Rinse 50 Premixed Sachets. Always read the label and any leaflet supplied. If symptoms persist, speak to your pharmacist or doctor.",No regulation
simple,96195079,BetterYou Conception Daily Oral Spray 25ml,0,0,0,9.49,taxable,,Beauty,BetterYou Conception Daily Oral Spray 25ml. A health and beauty product. Supplied as 25ml.,No regulation
simple,5011309102413,Cetraben Pro Hydrate Five Intensely Hydrating Skin Saviour 75ml,0,0,0,9.49,taxable,,Skincare,Cetraben Pro Hydrate Five Intensely Hydrating Skin Saviour 75ml. A skincare product. Supplied as 75ml.,No regulation
simple,3574661604732,Aveeno Daily Moisturising Body Lotion 500ml,0,0,0,9.49,taxable,,Skincare,Aveeno Daily Moisturising Body Lotion 500ml. A skincare product. Supplied as 500ml.,No regulation
simple,3282770145069,Klorane Shampoo with Peony 200ml,0,0,0,9.49,taxable,,Hair Care,Klorane Shampoo with Peony 200ml. A hair care product. Supplied as 200ml.,No regulation
simple,5060132680070,Rayner Hydromoor Soothing Eye Drops 30 x 0.4ml,0,0,0,9.49,taxable,,Eye Care,"Rayner Hydromoor Soothing Eye Drops 30 x 0.4ml. Prescription-only medicine, supplied after an online consultation with our pharmacist. Always read the label and any leaflet supplied. If symptoms persist, speak to your pharmacist or doctor. Supplied as 30 x 0.4ml.",P
simple,5011417540169,Veet Pure Inspirations Hair Removal Cream 200ml,0,0,0,9.49,taxable,,Hair Care,Veet Pure Inspirations Hair Removal Cream 200ml. A hair care product. Supplied as 200ml.,No regulation
simple,3282770200850,Klorane Oat Milk Dry Shampoo Spray (for Brown to Dark Hair) 150ml,0,0,0,9.49,taxable,,Hair Care,Klorane Oat Milk Dry Shampoo Spray (for Brown to Dark Hair) 150ml. A hair care product. Supplied as 150ml.,No regulation
simple,5060203793203,Terranova Garlic 500mg 50 Pack,0,0,0,9.49,taxable,,Vitamins,Terranova Garlic 500mg 50 Pack. A vitamins and supplements product. Supplied as 50 Pack.,No regulation
simple,5020465202318,Purifide Ph Control Face Wash 150ml,0,0,0,9.49,taxable,,Skincare,Purifide Ph Control Face Wash 150ml. A skincare product. Supplied as 150ml.,No regulation
simple,4005808515554,Nivea Refreshingly Soft Moisturising Cream 300ml,0,0,0,9.49,taxable,,Skincare,Nivea Refreshingly Soft Moisturising Cream 300ml. A skincare product. Supplied as 300ml.,No regulation
simple,5011417579053,Senokot Max Strength 12 Years Plus Senna Fruit 48 Tablets,0,0,0,9.49,taxable,,Digestive,"Senokot Max Strength 12 Years Plus Senna Fruit 48 Tablets. Prescription-only medicine, supplied after an online consultation with our pharmacist. Always read the label and any leaflet supplied. If symptoms persist, speak to your pharmacist or doctor. Supplied as 48 Tablets.",P
simple,5060110222049,I-Care Chloramphenicol Anti-Biotic Eye Ointment 1% 4g,0,0,0,9.49,taxable,,Eye Care,"I-Care Chloramphenicol Anti-Biotic Eye Ointment 1% 4g. Prescription-only medicine, supplied after an online consultation with our pharmacist. Always read the label and any leaflet supplied. If symptoms persist, speak to your pharmacist or doctor. Supplied as 4g.",P
simple,7311620012964,Lamisil Once 4g,0,0,0,9.49,taxable,,General Health,Lamisil Once 4g. A health and wellbeing product. Supplied as 4g.,GSL
simple,4015400628408,Always Discreet L Pants 10 Pack,0,0,0,9.49,taxable,zero-rate,Continence,Always Discreet L Pants 10 Pack. A continence care product. Supplied as 10 Pack.,No regulation
simple,0859975020045,Andalou 1000 Roses Floral Toner 178ml,0,0,0,9.49,taxable,,Skincare,Andalou 1000 Roses Floral Toner 178ml. A skincare product. Supplied as 178ml.,No regulation
simple,4013474113103,Gehwol Foot & Shoe Deodorant Spray 150ml,0,0,0,9.49,taxable,,Beauty,Gehwol Foot & Shoe Deodorant Spray 150ml. A health and beauty product. Supplied as 150ml.,No regulation
simple,5098928125726,Ennogen Healthcare Ovelle Cetomacrogol Cream BP 500g,0,0,0,9.49,taxable,,Skincare,Ennogen Healthcare Ovelle Cetomacrogol Cream BP 500g. A skincare product. Supplied as 500g.,No regulation
simple,5060203791124,Terranova Magnesium Calcium Complex 50 Veg Capsules,0,0,0,9.49,taxable,,Vitamins,Terranova Magnesium Calcium Complex 50 Veg Capsules. A vitamins and supplements product.,No regulation
simple,8809663751524,Mizon Collagen Power Firming Eye Cream 10ml,0,0,0,9.46,taxable,,Skincare,Mizon Collagen Power Firming Eye Cream 10ml. A skincare product. Supplied as 10ml.,No regulation
simple,3474630741713,Matrix Total Results So Silver Shampoo 300ml,0,0,0,9.39,taxable,,Hair Care,Matrix Total Results So Silver Shampoo 300ml. A hair care product. Supplied as 300ml.,No regulation
simple,4031678036226,Sterillium Gel Hand Disinfectant 475ml,0,0,0,9.39,taxable,,Home & Household,Sterillium Gel Hand Disinfectant 475ml. A home and household product. Supplied as 475ml.,No regulation
simple,5012616264283,Bronchostop Junior Syrup 200ml,0,0,0,9.39,taxable,,General Health,Bronchostop Junior Syrup 200ml. A health and wellbeing product. Supplied as 200ml.,No regulation
simple,5033847001966,Pyrocalm Control 20mg 14 Tablets,0,0,0,9.39,taxable,,Vitamins,Pyrocalm Control 20mg 14 Tablets. A vitamins and supplements product. Supplied as 14 Tablets.,GSL
simple,5034511006669,Green People Born To Be Wild Manuka Hand Cream 30ml,0,0,0,9.39,taxable,,Skincare,Green People Born To Be Wild Manuka Hand Cream 30ml. A skincare product. Supplied as 30ml.,No regulation
simple,5060143340000,Bimuno Daily 30 Sachets,0,0,0,9.39,taxable,zero-rate,Vitamins,Bimuno Daily 30 Sachets. A vitamins and supplements product. Supplied as 30 Sachets.,No regulation
simple,5055148409562,Lamberts Horse Chestnut Complex 60 Tablets,0,0,0,9.39,taxable,,Vitamins,Lamberts Horse Chestnut Complex 60 Tablets. A vitamins and supplements product. Supplied as 60 Tablets.,No regulation
simple,5060143340079,Bimuno Ibaid 30 Pastilles,0,0,0,9.39,taxable,,Cold & Flu,"Bimuno Ibaid 30 Pastilles. Always read the label and any leaflet supplied. If symptoms persist, speak to your pharmacist or doctor. Supplied as 30 Pastilles.",No regulation
simple,5055148404895,Lamberts Cinnamon 2500mg 60 Tablets,0,0,0,9.39,taxable,,Vitamins,Lamberts Cinnamon 2500mg 60 Tablets. A vitamins and supplements product. Supplied as 60 Tablets.,No regulation
simple,5055148401238,Lamberts Gentle Vitamin C 500mg 100 Tablets,0,0,0,9.39,taxable,,Vitamins,Lamberts Gentle Vitamin C 500mg 100 Tablets. A vitamins and supplements product. Supplied as 100 Tablets.,No regulation
simple,4001638098069,Weleda Ratanhia Mouthwash 50ml,0,0,0,9.39,taxable,,Oral Care,Weleda Ratanhia Mouthwash 50ml. An oral care product. Supplied as 50ml.,No regulation
simple,5011417591055,Gaviscon Double Action Aniseed 250ml,0,0,0,9.39,taxable,,Digestive,"Gaviscon Double Action Aniseed 250ml. Always read the label and any leaflet supplied. If symptoms persist, speak to your pharmacist or doctor. Supplied as 250ml.",GSL
simple,5034445002126,The Eye Doctor Eye Screen Time Drops 10ml,0,0,0,9.39,taxable,,Vitamins,The Eye Doctor Eye Screen Time Drops 10ml. A vitamins and supplements product. Supplied as 10ml.,GSL
simple,9318329121247,A'kin Daily Shine Avocado Calendula Conditioner 225ml,0,0,0,9.39,taxable,,Hair Care,A'kin Daily Shine Avocado Calendula Conditioner 225ml. A hair care product. Supplied as 225ml.,No regulation
simple,5011309728811,Oilatum Moisture Rich Bath Soak 300ml,0,0,0,9.39,taxable,,Skincare,Oilatum Moisture Rich Bath Soak 300ml. A skincare product. Supplied as 300ml.,GSL
simple,4002448116554,Scholl Velvet Smooth Dry Skin Exfoliator Refill 2 Pack,0,0,0,9.39,taxable,,Supports & Braces,Scholl Velvet Smooth Dry Skin Exfoliator Refill 2 Pack. A support and mobility product. Supplied as 2 Pack.,No regulation
simple,4210201853893,Oral-B Interspace Refill Head 2 Pack,0,0,0,9.29,taxable,,Oral Care,Oral-B Interspace Refill Head 2 Pack. An oral care product. Supplied as 2 Pack.,No regulation
simple,0615908425284,Tigi Bed Head Smalltalk Stylizer 200ml,0,0,0,9.29,taxable,,General Health,Tigi Bed Head Smalltalk Stylizer 200ml. A health and wellbeing product. Supplied as 200ml.,No regulation
simple,5038581133256,Woodwick Hourglass Candle Trilogy Amethyst Sky 275g,0,0,0,9.29,taxable,,Beauty,Woodwick Hourglass Candle Trilogy Amethyst Sky 275g. A health and beauty product. Supplied as 275g.,No regulation
simple,5023652264090,Nature's Aid Acidophilus Complex 90 Capsules,0,0,0,9.29,taxable,,Vitamins,Nature's Aid Acidophilus Complex 90 Capsules. A vitamins and supplements product. Supplied as 90 Capsules.,No regulation
simple,7643022210298,Shea Moisture Coconut & Hibiscus Curl & Shine Conditioner 384ml,0,0,0,9.29,taxable,,Hair Care,Shea Moisture Coconut & Hibiscus Curl & Shine Conditioner 384ml. A hair care product. Supplied as 384ml.,No regulation
simple,8888650407217,Tiger Balm Neck & Shoulder Rub 50g,0,0,0,9.29,taxable,,Skincare,Tiger Balm Neck & Shoulder Rub 50g. A skincare product. Supplied as 50g.,GSL
simple,5010249041677,FSC Multinutrient Formula for Men 60 Tablets,0,0,0,9.29,taxable,,Men's Health,FSC Multinutrient Formula for Men 60 Tablets. A men's health product. Supplied as 60 Tablets.,No regulation
simple,3282770204247,Klorane Waterproof Eye Makeup Remover 100ml,0,0,0,9.29,taxable,,Beauty,Klorane Waterproof Eye Makeup Remover 100ml. A health and beauty product. Supplied as 100ml.,No regulation
simple,5060332530038,Lindens Health + Nutrition Turmeric 500mg 100 Capsules,0,0,0,9.19,taxable,,Vitamins,Lindens Health + Nutrition Turmeric 500mg 100 Capsules. A vitamins and supplements product. Supplied as 100 Capsules.,No regulation
simple,0716237150080,Giovanni Tea Tree Triple Treat Conditioner 250ml,0,0,0,9.19,taxable,,Hair Care,Giovanni Tea Tree Triple Treat Conditioner 250ml. A hair care product. Supplied as 250ml.,No regulation
simple,9318329112146,A'kin Daily Shine Rosemary Shampoo 225ml,0,0,0,9.19,taxable,,Hair Care,A'kin Daily Shine Rosemary Shampoo 225ml. A hair care product. Supplied as 225ml.,No regulation
simple,5060176675001,Dr. Organic Virgin Coconut Oil Day Cream 50ml,0,0,0,9.19,taxable,,Skincare,Dr. Organic Virgin Coconut Oil Day Cream 50ml. A skincare product. Supplied as 50ml.,No regulation
simple,9318329116144,A'kin Colour Protection Ylang Ylang & Quinoa Shampoo 225ml,0,0,0,9.19,taxable,,Hair Care,A'kin Colour Protection Ylang Ylang & Quinoa Shampoo 225ml. A hair care product. Supplied as 225ml.,No regulation
simple,3800219796155,Alteya Rose Hand Cream Hydrating Rosa Damascena Hydrolat 90ml,0,0,0,9.19,taxable,,Skincare,Alteya Rose Hand Cream Hydrating Rosa Damascena Hydrolat 90ml. A skincare product. Supplied as 90ml.,No regulation
simple,5011784001768,Snufflebabe Nasal Aspirator,0,0,0,9.19,taxable,,Cold & Flu,"Snufflebabe Nasal Aspirator. Always read the label and any leaflet supplied. If symptoms persist, speak to your pharmacist or doctor.",No regulation
simple,5030451004765,Cetraben Lotion 500ml,0,0,0,9.19,taxable,,Skincare,Cetraben Lotion 500ml. A skincare product. Supplied as 500ml.,GSL
simple,5016003657108,Microlet Lancets 0.5mm 28 Gauge 200 Pack,0,0,0,9.19,taxable,,Testing & Monitoring,"Microlet Lancets 0.5mm 28 Gauge 200 Pack. Always read the label and any leaflet supplied. If symptoms persist, speak to your pharmacist or doctor. Supplied as 200 Pack.",No regulation
simple,4007221033264,Drontal Film-Coated Tablets for Cats 2 Pack,0,0,0,9.19,taxable,,Pet Care,Drontal Film-Coated Tablets for Cats 2 Pack. A pet care product. Supplied as 2 Pack.,No regulation
simple,7702018578955,Gillette Mach 3 Turbo 4 Replacement Blades,0,0,0,9.19,taxable,,General Health,Gillette Mach 3 Turbo 4 Replacement Blades. A health and wellbeing product.,No regulation
simple,5060216562629,Bioglan Vitagummies Womens Multivitamin 60 Gummies,0,0,0,9.19,taxable,,Women's Health,Bioglan Vitagummies Womens Multivitamin 60 Gummies. A women's health product. Supplied as 60 Gummies.,No regulation
simple,3564300031289,Becocleanse Congestion Relief Nasal Spray 135ml,0,0,0,9.19,taxable,,Cold & Flu,"Becocleanse Congestion Relief Nasal Spray 135ml. Always read the label and any leaflet supplied. If symptoms persist, speak to your pharmacist or doctor. Supplied as 135ml.",GSL
simple,0716237181718,Giovanni Root 66 Max Volume Shampoo 250ml,0,0,0,9.19,taxable,,Hair Care,Giovanni Root 66 Max Volume Shampoo 250ml. A hair care product. Supplied as 250ml.,No regulation
simple,3282770141252,Klorane Quinine Shampoo 200ml,0,0,0,9.19,taxable,,Hair Care,Klorane Quinine Shampoo 200ml. A hair care product. Supplied as 200ml.,No regulation
simple,3435172351006,Quies Specific Air Travel Anti-Pressure Ear Plugs 1 Pair,0,0,0,9.19,taxable,,General Health,Quies Specific Air Travel Anti-Pressure Ear Plugs 1 Pair. A health and wellbeing product.,No regulation
simple,5099299042452,Frontline Wormer for Dogs >3kg 2 Tablets,0,0,0,9.19,taxable,,Pet Care,Frontline Wormer for Dogs >3kg 2 Tablets. A pet care product. Supplied as 2 Tablets.,No regulation
simple,4086000011693,Fresubin Energy Drink Lemon 4 x 200ml,0,0,0,9.19,taxable,,Vitamins,Fresubin Energy Drink Lemon 4 x 200ml. A vitamins and supplements product. Supplied as 4 x 200ml.,No regulation
simple,5391531760231,Optase Protect 100ml,0,0,0,9.19,taxable,,General Health,Optase Protect 100ml. A health and wellbeing product. Supplied as 100ml.,GSL
simple,3282770147292,Klorane Flax Fibres Shampoo 200ml,0,0,0,9.19,taxable,,Hair Care,Klorane Flax Fibres Shampoo 200ml. A hair care product. Supplied as 200ml.,No regulation
simple,5010605402449,SanatoGEN A-Z Complete Multivitamin,0,0,0,9.19,taxable,,Vitamins,SanatoGEN A-Z Complete Multivitamin. A vitamins and supplements product.,No regulation
simple,9001616669903,Mam Feeding Bottle Anti-Colic 0+ Months 160ml,0,0,0,9.19,taxable,,Baby & Child,Mam Feeding Bottle Anti-Colic 0+ Months 160ml. A baby and child product. Supplied as 160ml.,No regulation
simple,4001638096522,Weleda Calendula Moisturising Body Cream 75ml,0,0,0,9.19,taxable,,Skincare,Weleda Calendula Moisturising Body Cream 75ml. A skincare product. Supplied as 75ml.,No regulation
simple,0017854109889,Baylis & Harding Signature Collection Black Pepper & Ginseng Grooming Gift Set,0,0,0,9.19,taxable,,Men's Grooming,Baylis & Harding Signature Collection Black Pepper & Ginseng Grooming Gift Set. A men's grooming product.,No regulation
simple,5060896571867,Bull Dog Original Shave Duo,0,0,0,9.19,taxable,,Pet Care,Bull Dog Original Shave Duo. A pet care product.,No regulation
simple,5020465202578,Cetaphil Oily Skin Cleanser 236ml,0,0,0,9.19,taxable,,Skincare,Cetaphil Oily Skin Cleanser 236ml. A skincare product. Supplied as 236ml.,No regulation
simple,0615908431599,Tigi Bed Head Manipulator Matte Wax 57g,0,0,0,9.19,taxable,,General Health,Tigi Bed Head Manipulator Matte Wax 57g. A health and wellbeing product. Supplied as 57g.,No regulation
simple,9349288130421,A'kin Colour Protection Quinoa & Abyssinian Oil Conditioner 225ml,0,0,0,9.19,taxable,,Hair Care,A'kin Colour Protection Quinoa & Abyssinian Oil Conditioner 225ml. A hair care product. Supplied as 225ml.,No regulation
simple,5012616265495,Becodefence Allergy Defence Adult Nasal Spray 20ml,0,0,0,9.19,taxable,,Cold & Flu,"Becodefence Allergy Defence Adult Nasal Spray 20ml. Always read the label and any leaflet supplied. If symptoms persist, speak to your pharmacist or doctor. Supplied as 20ml.",GSL
simple,0716237060082,Giovanni Nutra Fix Hair Reconstructor 200ml,0,0,0,9.19,taxable,,Hair Care,Giovanni Nutra Fix Hair Reconstructor 200ml. A hair care product. Supplied as 200ml.,No regulation
simple,7610313605934,A.Vogel Pollinosan Allergy Nasal Spray 20ml,0,0,0,9.19,taxable,,Cold & Flu,"A.Vogel Pollinosan Allergy Nasal Spray 20ml. Always read the label and any leaflet supplied. If symptoms persist, speak to your pharmacist or doctor. Supplied as 20ml.",No regulation
simple,3282770144864,Klorane Aquatic Mint Shampoo 200ml,0,0,0,9.19,taxable,,Hair Care,Klorane Aquatic Mint Shampoo 200ml. A hair care product. Supplied as 200ml.,No regulation
simple,7702018566983,Gillette Venus 3 Smooth Razor + Replacement Blades 2 Pack,0,0,0,9.19,taxable,,Men's Grooming,Gillette Venus 3 Smooth Razor + Replacement Blades 2 Pack. A men's grooming product. Supplied as 2 Pack.,No regulation
simple,7702018264230,Gillette Mach 3 Replacement Blades 4 Pack,0,0,0,9.19,taxable,,General Health,Gillette Mach 3 Replacement Blades 4 Pack. A health and wellbeing product. Supplied as 4 Pack.,No regulation
simple,0615908432152,Tigi Bed Head Curls Rockhair Cream for Defined Curls 113ml,0,0,0,9.19,taxable,,Hair Care,Tigi Bed Head Curls Rockhair Cream for Defined Curls 113ml. A hair care product. Supplied as 113ml.,No regulation
simple,5060332533510,Lindens Health + Nutrition CoEnzyme Q10 30mg 120 Tablets,0,0,0,9.19,taxable,,Vitamins,Lindens Health + Nutrition CoEnzyme Q10 30mg 120 Tablets. A vitamins and supplements product. Supplied as 120 Tablets.,No regulation
simple,0716237120083,Giovanni Mousse Hair Styling Foam 207ml,0,0,0,9.19,taxable,,Hair Care,Giovanni Mousse Hair Styling Foam 207ml. A hair care product. Supplied as 207ml.,No regulation
simple,0615908431292,Tigi Bed Head Oh Bee Hive Dry Shampoo 238ml,0,0,0,9.19,taxable,,Hair Care,Tigi Bed Head Oh Bee Hive Dry Shampoo 238ml. A hair care product. Supplied as 238ml.,No regulation
simple,0033984014497,Solgar Inositol 500mg 50 Capsules,0,0,0,9.19,taxable,,Vitamins,Solgar Inositol 500mg 50 Capsules. A vitamins and supplements product. Supplied as 50 Capsules.,No regulation
simple,5060176675087,Dr. Organic Virgin Coconut Oil Night Cream 50ml,0,0,0,9.19,taxable,,Skincare,Dr. Organic Virgin Coconut Oil Night Cream 50ml. A skincare product. Supplied as 50ml.,No regulation
simple,0716237070081,Giovanni Direct Leave-In Conditioner 250ml,0,0,0,9.19,taxable,,Hair Care,Giovanni Direct Leave-In Conditioner 250ml. A hair care product. Supplied as 250ml.,No regulation
simple,4005800270376,Eucerin DermatoCLEAN Micellar Foam with Hyaluronic Acid 150ml,0,0,0,9.19,taxable,,Skincare,Eucerin DermatoCLEAN Micellar Foam with Hyaluronic Acid 150ml. A skincare product. Supplied as 150ml.,No regulation
simple,7322540887624,Tena Men Active Fit Plus S/M 9 Pack,0,0,0,9.19,taxable,,Continence,Tena Men Active Fit Plus S/M 9 Pack. A continence care product. Supplied as 9 Pack.,No regulation
simple,0832826004272,Clear Zal Hard Skin Remover 100g,0,0,0,9.19,taxable,,Skincare,Clear Zal Hard Skin Remover 100g. A skincare product. Supplied as 100g.,No regulation
simple,5021265243389,Vitabiotics Wellwoman Sport 30 Tablets,0,0,0,9.15,taxable,,Vitamins,Vitabiotics Wellwoman Sport 30 Tablets. A vitamins and supplements product. Supplied as 30 Tablets.,No regulation
simple,5060601935205,BeautyPro Revitalising Daily Serum Vitamin Cake Watermelon & Kiwi 30ml,0,0,0,9.09,taxable,,Skincare,BeautyPro Revitalising Daily Serum Vitamin Cake Watermelon & Kiwi 30ml. A skincare product. Supplied as 30ml.,No regulation
simple,5060601934802,BeautyPro SQUALANE Nourishing Daily Serum 30ml,0,0,0,9.09,taxable,,Skincare,BeautyPro SQUALANE Nourishing Daily Serum 30ml. A skincare product. Supplied as 30ml.,No regulation
simple,5000488201383,Bach Rescue Remedy Spray 20ml,0,0,0,9.09,taxable,,Beauty,Bach Rescue Remedy Spray 20ml. A health and beauty product. Supplied as 20ml.,No regulation
simple,5021769917090,Technic Man'Stuff Sports Bag Toiletry Kit,0,0,0,9.09,taxable,,Skincare,Technic Man'Stuff Sports Bag Toiletry Kit. A skincare product.,No regulation
simple,5021265223510,Vitabiotics Wellman 50+ 30 Tablets,0,0,0,9.09,taxable,,Vitamins,Vitabiotics Wellman 50+ 30 Tablets. A vitamins and supplements product. Supplied as 30 Tablets.,No regulation
simple,5000488108415,Bach Rescue Day Melts 28 Capsules,0,0,0,9.09,taxable,,Vitamins,Bach Rescue Day Melts 28 Capsules. A vitamins and supplements product. Supplied as 28 Capsules.,No regulation
simple,0074312002717,Nature's Bounty Magnesium 250mg 100 Tablets,0,0,0,9.09,taxable,,Vitamins,Nature's Bounty Magnesium 250mg 100 Tablets. A vitamins and supplements product. Supplied as 100 Tablets.,No regulation
simple,5010249042001,FSC Vitamin C Powder Low Acid 150g,0,0,0,9.09,taxable,,Vitamins,FSC Vitamin C Powder Low Acid 150g. A vitamins and supplements product. Supplied as 150g.,No regulation
simple,5060363050116,Natural Teeth Whitening Co Activated Charcoal 50g,0,0,0,9.09,taxable,,Oral Care,Natural Teeth Whitening Co Activated Charcoal 50g. An oral care product. Supplied as 50g.,No regulation
simple,5060148520469,BetterYou Magnesium Gel 150ml,0,0,0,9.09,taxable,,Vitamins,BetterYou Magnesium Gel 150ml. A vitamins and supplements product. Supplied as 150ml.,No regulation
simple,0654749351857,Avalon Lemon Bath & Shower Gel 355ml,0,0,0,9.09,taxable,,Beauty,Avalon Lemon Bath & Shower Gel 355ml. A health and beauty product. Supplied as 355ml.,No regulation
simple,4001638098649,Weleda Skin Food 30ml,0,0,0,9.09,taxable,,Skincare,Weleda Skin Food 30ml. A skincare product. Supplied as 30ml.,No regulation
simple,5013455060104,Weleda Arnica Bumps & Bruises Skin Salve 25g,0,0,0,9.09,taxable,,Skincare,Weleda Arnica Bumps & Bruises Skin Salve 25g. A skincare product. Supplied as 25g.,No regulation
simple,4013474117132,Gehwol Med Protective Nail & Skin Cream 15ml,0,0,0,9.09,taxable,,Skincare,Gehwol Med Protective Nail & Skin Cream 15ml. A skincare product. Supplied as 15ml.,No regulation
simple,5060332536238,Lindens Health + Nutrition Vegan Omega 3 6 & 9 1000mg 90 Capsules,0,0,0,9.09,taxable,,Vitamins,Lindens Health + Nutrition Vegan Omega 3 6 & 9 1000mg 90 Capsules. A vitamins and supplements product. Supplied as 90 Capsules.,No regulation
simple,5060601934406,BeautyPro Firming Daily Serum Aha + Enzymes Pumpkin & Bergamot 30ml,0,0,0,9.09,taxable,,Skincare,BeautyPro Firming Daily Serum Aha + Enzymes Pumpkin & Bergamot 30ml. A skincare product. Supplied as 30ml.,No regulation
simple,5060144641489,Bull Dog Original Travel Kit,0,0,0,9.09,taxable,,Pet Care,Bull Dog Original Travel Kit. A pet care product.,No regulation
simple,5060176672871,Dr. Organic Rose Otto Day Cream 50ml,0,0,0,9.09,taxable,,Skincare,Dr. Organic Rose Otto Day Cream 50ml. A skincare product. Supplied as 50ml.,No regulation
simple,5028816000026,Bee Health Propolis 1000mg 90 Capsules,0,0,0,9.09,taxable,,Vitamins,Bee Health Propolis 1000mg 90 Capsules. A vitamins and supplements product. Supplied as 90 Capsules.,No regulation
simple,0810020171655,Bondi Sands Tan Eraser Gel,0,0,0,9.09,taxable,,Skincare,Bondi Sands Tan Eraser Gel. A skincare product.,No regulation
simple,9327693002663,Sukin Sensitive Soap Free Body Wash 500ml,0,0,0,9.09,taxable,,Beauty,Sukin Sensitive Soap Free Body Wash 500ml. A health and beauty product. Supplied as 500ml.,No regulation
simple,5037353004114,"Skins Assorted 16 Pack (6 Natural, 5 Dots & Rib, 5 Ultra Thin)",0,0,0,9.00,taxable,reduced-rate,Skincare,"Skins Assorted 16 Pack (6 Natural, 5 Dots & Rib, 5 Ultra Thin). A skincare product. Supplied as 16 Pack.",No regulation
simple,5025452002261,Salt of the Earth Lavender & Vanilla Deodorant Stick Refill 75g,0,0,0,8.99,taxable,,Beauty,Salt of the Earth Lavender & Vanilla Deodorant Stick Refill 75g. A health and beauty product. Supplied as 75g.,No regulation
simple,5060571721723,UpCircle Reusable Makeup Remover 7 Pads,0,0,0,8.99,taxable,,Beauty,UpCircle Reusable Makeup Remover 7 Pads. A health and beauty product. Supplied as 7 Pads.,No regulation
simple,5011309441116,Covonia Catarrh Relief Formula 150ml,0,0,0,8.99,taxable,,Cold & Flu,"Covonia Catarrh Relief Formula 150ml. Always read the label and any leaflet supplied. If symptoms persist, speak to your pharmacist or doctor. Supplied as 150ml.",GSL
simple,5011417583180,Gavinatura 14 Tablets,0,0,0,8.99,taxable,,Vitamins,Gavinatura 14 Tablets. A vitamins and supplements product. Supplied as 14 Tablets.,No regulation
simple,7350087736662,E45 Cream Tub 350g,0,0,0,8.99,taxable,,Skincare,E45 Cream Tub 350g. A skincare product. Supplied as 350g.,No regulation
simple,5029354015893,AloeDent Teeth Whitening Strips 14 Day Treatment,0,0,0,8.99,taxable,,Oral Care,AloeDent Teeth Whitening Strips 14 Day Treatment. An oral care product.,No regulation
simple,3600520752228,L'Oréal Elvive Nutri Gloss Shine Dull Hair Conditioner 400ml,0,0,0,8.99,taxable,,Hair Care,L'Oréal Elvive Nutri Gloss Shine Dull Hair Conditioner 400ml. A hair care product. Supplied as 400ml.,No regulation
simple,5054563176660,Voltarol Naturals 50ml,0,0,0,8.99,taxable,,Pain Relief,"Voltarol Naturals 50ml. Always read the label and any leaflet supplied. If symptoms persist, speak to your pharmacist or doctor. Supplied as 50ml.",No regulation
simple,5037353004084,Skins Dots & Ribs Condoms 16 Pack,0,0,0,8.99,taxable,reduced-rate,Sexual Wellness,"Skins Dots & Ribs Condoms 16 Pack. Always read the label and any leaflet supplied. If symptoms persist, speak to your pharmacist or doctor. Supplied as 16 Pack.",No regulation
simple,3600522500728,L'Oréal Elvive Fibrology Fine Hair Conditioner 400ml,0,0,0,8.99,taxable,,Hair Care,L'Oréal Elvive Fibrology Fine Hair Conditioner 400ml. A hair care product. Supplied as 400ml.,No regulation
simple,5013455061002,Weleda HyperCal Wound Salve 25g,0,0,0,8.99,taxable,,First Aid,"Weleda HyperCal Wound Salve 25g. Always read the label and any leaflet supplied. If symptoms persist, speak to your pharmacist or doctor. Supplied as 25g.",No regulation
simple,5037353010337,Skins Vital Lubes Assorted Pack 3 x 12ml,0,0,0,8.99,taxable,,Sexual Wellness,"Skins Vital Lubes Assorted Pack 3 x 12ml. Always read the label and any leaflet supplied. If symptoms persist, speak to your pharmacist or doctor. Supplied as 3 x 12ml.",No regulation
simple,5060391847948,Dr. Organic Tea Tree & Lemon Shampoo Bar 75g,0,0,0,8.99,taxable,,Hair Care,Dr. Organic Tea Tree & Lemon Shampoo Bar 75g. A hair care product. Supplied as 75g.,No regulation
simple,5000477808227,Kalms Day 168 Tablets,0,0,0,8.99,taxable,,Vitamins,Kalms Day 168 Tablets. A vitamins and supplements product. Supplied as 168 Tablets.,No regulation
simple,5013455061415,Weleda Ruta Ointment 25g,0,0,0,8.99,taxable,,Vitamins,Weleda Ruta Ointment 25g. A vitamins and supplements product. Supplied as 25g.,GSL
simple,3282779003124,Avène Thermal Water Spray 150ml,0,0,0,8.99,taxable,,Beauty,Avène Thermal Water Spray 150ml. A health and beauty product. Supplied as 150ml.,No regulation
simple,5011309015416,Covonia Chesty Cough 300ml,0,0,0,8.99,taxable,,Cold & Flu,"Covonia Chesty Cough 300ml. Always read the label and any leaflet supplied. If symptoms persist, speak to your pharmacist or doctor. Supplied as 300ml.",GSL
simple,5010605296055,Rennie Deflatine 36 Tablets,0,0,0,8.99,taxable,,Digestive,"Rennie Deflatine 36 Tablets. Always read the label and any leaflet supplied. If symptoms persist, speak to your pharmacist or doctor. Supplied as 36 Tablets.",GSL
simple,0716237140081,Giovanni Frizz Be Gone Hair Serum 82.5ml,0,0,0,8.99,taxable,,Hair Care,Giovanni Frizz Be Gone Hair Serum 82.5ml. A hair care product. Supplied as 82.5ml.,No regulation
simple,4084500846579,Pepto-Bismol Oral Suspension 240ml,0,0,0,8.99,taxable,,General Health,Pepto-Bismol Oral Suspension 240ml. A health and wellbeing product. Supplied as 240ml.,GSL
simple,5016379196003,Doublebase Emollient Wash Gel 200g,0,0,0,8.99,taxable,,Skincare,"Doublebase Emollient Wash Gel 200g. Prescription-only medicine, supplied after an online consultation with our pharmacist. Always read the label and any leaflet supplied. If symptoms persist, speak to your pharmacist or doctor. Supplied as 200g.",P
simple,5065006309033,MyMouth JiBee Tongue Cleaner Pink,0,0,0,8.99,taxable,,Oral Care,MyMouth JiBee Tongue Cleaner Pink. An oral care product.,No regulation
simple,0078522040026,Jason Soothing 89% Aloe Vera Moisturising Cream 113g,0,0,0,8.99,taxable,,Skincare,Jason Soothing 89% Aloe Vera Moisturising Cream 113g. A skincare product. Supplied as 113g.,No regulation
simple,8432225129891,Revlon Uniq One Coconut Hair Treatment 150ml,0,0,0,8.99,taxable,,Hair Care,Revlon Uniq One Coconut Hair Treatment 150ml. A hair care product. Supplied as 150ml.,No regulation
simple,5060384790213,Cosmocol Half Oral Powder 6.9g 30 Sachets,0,0,0,8.99,taxable,,Prescription Medicines,"Cosmocol Half Oral Powder 6.9g 30 Sachets. Prescription-only medicine, supplied after an online consultation with our pharmacist. Always read the label and any leaflet supplied. If symptoms persist, speak to your pharmacist or doctor. Supplied as 30 Sachets.",P
simple,3574661450735,Neutrogena T-Gel Dry to Normal Hair Anti-Dandruff Shampoo 250ml,0,0,0,8.99,taxable,,Hair Care,Neutrogena T-Gel Dry to Normal Hair Anti-Dandruff Shampoo 250ml. A hair care product. Supplied as 250ml.,No regulation
simple,0017854117914,Baylis & Harding The Fuzzy Duck Winter Wonderland Wash Gift Set,0,0,0,8.99,taxable,,Beauty,Baylis & Harding The Fuzzy Duck Winter Wonderland Wash Gift Set. A health and beauty product.,No regulation
simple,4001638501484,Weleda Skin Food Light 30ml,0,0,0,8.99,taxable,,Skincare,Weleda Skin Food Light 30ml. A skincare product. Supplied as 30ml.,No regulation
simple,9327693001253,Sukin Face Scrub for Men 125ml,0,0,0,8.99,taxable,,Men's Health,Sukin Face Scrub for Men 125ml. A men's health product. Supplied as 125ml.,No regulation
simple,5060144648969,Bull Dog Original Grooming Kit,0,0,0,8.99,taxable,,Pet Care,Bull Dog Original Grooming Kit. A pet care product.,No regulation
simple,5037563002436,Numark Ibuprofen 100mg/5ml Oral Suspension 100ml,0,0,0,8.99,taxable,,Pain Relief,"Numark Ibuprofen 100mg/5ml Oral Suspension 100ml. Always read the label and any leaflet supplied. If symptoms persist, speak to your pharmacist or doctor. Supplied as 100ml.",GSL
simple,0716237187888,Giovanni Pure Castor Oil 240ml,0,0,0,8.99,taxable,,Skincare,Giovanni Pure Castor Oil 240ml. A skincare product. Supplied as 240ml.,No regulation
simple,5012335888302,HALIBORANGE ORANGE SYRUP (300ML),0,0,0,8.99,taxable,,General Health,HALIBORANGE ORANGE SYRUP (300ML). A health and wellbeing product. Supplied as 300ML.,No regulation
simple,5054563197306,Centrum Performance Complete 30 Pack,0,0,0,8.99,taxable,,Vitamins,Centrum Performance Complete 30 Pack. A vitamins and supplements product. Supplied as 30 Pack.,No regulation
simple,5025903026143,Nutri Within 1000μg Vitamin B12 180 Tablets,0,0,0,8.99,taxable,,Vitamins,Nutri Within 1000μg Vitamin B12 180 Tablets. A vitamins and supplements product. Supplied as 180 Tablets.,No regulation
simple,5016298210989,Laxido Orange Sugar Free Sachets 30 Pack,0,0,0,8.99,taxable,,Prescription Medicines,"Laxido Orange Sugar Free Sachets 30 Pack. Prescription-only medicine, supplied after an online consultation with our pharmacist. Always read the label and any leaflet supplied. If symptoms persist, speak to your pharmacist or doctor. Supplied as 30 Pack.",P
simple,0716237100085,Giovanni LA Hold Styling Gel 200ml,0,0,0,8.99,taxable,,Hair Care,Giovanni LA Hold Styling Gel 200ml. A hair care product. Supplied as 200ml.,No regulation
simple,3574661491219,Aveeno Skin Relief Body Wash 300ml,0,0,0,8.99,taxable,,Skincare,Aveeno Skin Relief Body Wash 300ml. A skincare product. Supplied as 300ml.,No regulation
simple,8411300692000,L'Oréal Paris Revitalift Anti-Wrinkle & Firming Retinol Night Cream 50ml,0,0,0,8.99,taxable,,Skincare,L'Oréal Paris Revitalift Anti-Wrinkle & Firming Retinol Night Cream 50ml. A skincare product. Supplied as 50ml.,No regulation
simple,0074312016745,Nature's Bounty Daily Bone Support 100 Caplets,0,0,0,8.99,taxable,,Supports & Braces,Nature's Bounty Daily Bone Support 100 Caplets. A support and mobility product.,No regulation
simple,0195893995646,GO2 Essential Oil Inhaler Sticks 4 Pack,0,0,0,8.99,taxable,,Skincare,GO2 Essential Oil Inhaler Sticks 4 Pack. A skincare product. Supplied as 4 Pack.,No regulation
simple,5055148414740,Lamberts Biome Balance 30 Gummies,0,0,0,8.99,taxable,,Vitamins,Lamberts Biome Balance 30 Gummies. A vitamins and supplements product. Supplied as 30 Gummies.,No regulation
simple,4032651215058,Schulke Octenisan Wash Lotion 500ml,0,0,0,8.99,taxable,,Skincare,Schulke Octenisan Wash Lotion 500ml. A skincare product. Supplied as 500ml.,No regulation
simple,8001090439055,Always Dailies Discreet Boutique Plus Pants Large 8 Pack,0,0,0,8.99,taxable,zero-rate,Women's Health,Always Dailies Discreet Boutique Plus Pants Large 8 Pack. A women's health product. Supplied as 8 Pack.,No regulation
simple,5060320560092,SUNVIT-D3 [C/CALCIFEROL 5000IU] DD0006 (28),0,0,0,8.99,taxable,,General Health,SUNVIT-D3 [C/CALCIFEROL 5000IU] DD0006 (28). A health and wellbeing product. Supplied as 5000IU.,No regulation
simple,8001090594662,Gillette Venus 3 Smooth Razor 4 Replacement Blades,0,0,0,8.99,taxable,,Men's Grooming,Gillette Venus 3 Smooth Razor 4 Replacement Blades. A men's grooming product.,No regulation
simple,3282779007481,Klorane Chamomile Shampoo 200ml,0,0,0,8.99,taxable,,Hair Care,Klorane Chamomile Shampoo 200ml. A hair care product. Supplied as 200ml.,No regulation
simple,5025452001134,Salt of the Earth Amber & Sandalwood Deodorant Stick Refill 75g,0,0,0,8.99,taxable,,Beauty,Salt of the Earth Amber & Sandalwood Deodorant Stick Refill 75g. A health and beauty product. Supplied as 75g.,No regulation
simple,4005900444554,Nivea Express Hydration Body Lotion 400ml,0,0,0,8.99,taxable,,Skincare,Nivea Express Hydration Body Lotion 400ml. A skincare product. Supplied as 400ml.,No regulation
simple,5011417576908,Durex Cherry Pleasure Gel 100ml,0,0,0,8.99,taxable,,Sexual Wellness,"Durex Cherry Pleasure Gel 100ml. Always read the label and any leaflet supplied. If symptoms persist, speak to your pharmacist or doctor. Supplied as 100ml.",No regulation
simple,9327693007583,Sukin Blemish Control Pore Perfecting Toner 125ml,0,0,0,8.99,taxable,,Skincare,Sukin Blemish Control Pore Perfecting Toner 125ml. A skincare product. Supplied as 125ml.,No regulation
simple,8716900552755,Nutricia Fortisip Compact Energy Drink Chocolate 4 x 125ml,0,0,0,8.99,taxable,zero-rate,General Health,Nutricia Fortisip Compact Energy Drink Chocolate 4 x 125ml. A health and wellbeing product. Supplied as 4 x 125ml.,No regulation
simple,5060209730240,Carmize 0.5% 30 Re-Closable Vials,0,0,0,8.99,taxable,,General Health,Carmize 0.5% 30 Re-Closable Vials. A health and wellbeing product.,No regulation
simple,0615908431575,Tigi Bed Head Manipulator Matte Hair Wax Paste Strong Hold 57g,0,0,0,8.99,taxable,,Hair Care,Tigi Bed Head Manipulator Matte Hair Wax Paste Strong Hold 57g. A hair care product. Supplied as 57g.,No regulation
simple,0724742007614,Alba Botanica Acne Face & Body Scrub 227g,0,0,0,8.99,taxable,,Skincare,Alba Botanica Acne Face & Body Scrub 227g. A skincare product. Supplied as 227g.,No regulation
simple,5055148409746,Lamberts L-Lysine 500mg 120 Tablets,0,0,0,8.99,taxable,,Vitamins,Lamberts L-Lysine 500mg 120 Tablets. A vitamins and supplements product. Supplied as 120 Tablets.,No regulation
simple,5034445001143,The Eye Doctor Essential Compress,0,0,0,8.99,taxable,,General Health,The Eye Doctor Essential Compress. A health and wellbeing product.,No regulation
simple,5060203791063,Terranova Chromium 200Ug Complex 50 Pack,0,0,0,8.99,taxable,,Vitamins,Terranova Chromium 200Ug Complex 50 Pack. A vitamins and supplements product. Supplied as 50 Pack.,No regulation
simple,5054563129796,Centrum Advance Adults Daily Multivitamin 60 Tablets,0,0,0,8.99,taxable,,Vitamins,Centrum Advance Adults Daily Multivitamin 60 Tablets. A vitamins and supplements product. Supplied as 60 Tablets.,No regulation
simple,4005900695864,Nivea Sun Protect & Dry Mist SPF30 200ml,0,0,0,8.99,taxable,,Skincare,Nivea Sun Protect & Dry Mist SPF30 200ml. A skincare product. Supplied as 200ml.,No regulation
simple,7612367050470,Medela Breastmilk Storage Bag 50 Pack,0,0,0,8.99,taxable,,General Health,Medela Breastmilk Storage Bag 50 Pack. A health and wellbeing product. Supplied as 50 Pack.,No regulation
simple,3662042002953,Blephaclean Eyelid Wipes 20 Pack,0,0,0,8.99,taxable,,Eye Care,"Blephaclean Eyelid Wipes 20 Pack. Always read the label and any leaflet supplied. If symptoms persist, speak to your pharmacist or doctor. Supplied as 20 Pack.",No regulation
simple,5060216560168,Sambucol Kids 120ml,0,0,0,8.99,taxable,,General Health,Sambucol Kids 120ml. A health and wellbeing product. Supplied as 120ml.,No regulation
simple,0017854117150,Baylis & Harding Citrus Lime & Mint Shower Duo Gift Set,0,0,0,8.99,taxable,,Beauty,Baylis & Harding Citrus Lime & Mint Shower Duo Gift Set. A health and beauty product.,No regulation
simple,5392000104228,Optase Moist Heat Mask,0,0,0,8.99,taxable,,Skincare,Optase Moist Heat Mask. A skincare product.,No regulation
simple,5025452000823,Salt of the Earth Amber & Sandalwood Deodorant Balm 60g,0,0,0,8.99,taxable,,Skincare,Salt of the Earth Amber & Sandalwood Deodorant Balm 60g. A skincare product. Supplied as 60g.,No regulation
simple,0817513010019,Cantu Shea Butter for Natural Hair Conditioning Creamy Hair Lotion 355ml,0,0,0,8.99,taxable,,Hair Care,Cantu Shea Butter for Natural Hair Conditioning Creamy Hair Lotion 355ml. A hair care product. Supplied as 355ml.,No regulation
simple,0017854118041,Baylis & Harding Signature Men's Black Pepper & Ginseng Duo Gift Set,0,0,0,8.99,taxable,,Beauty,Baylis & Harding Signature Men's Black Pepper & Ginseng Duo Gift Set. A health and beauty product.,No regulation
simple,5055148409074,"Lamberts Rosehip 10,000mg 60 Tablets",0,0,0,8.99,taxable,,Vitamins,"Lamberts Rosehip 10,000mg 60 Tablets. A vitamins and supplements product. Supplied as 60 Tablets.",No regulation
simple,0074312002663,Nature's Bounty Turmeric 500mg 60 Capsules,0,0,0,8.99,taxable,,Vitamins,Nature's Bounty Turmeric 500mg 60 Capsules. A vitamins and supplements product. Supplied as 60 Capsules.,No regulation
simple,0017854117709,Baylis & Harding Wild Fig & Pomegranate Light Up Decanter,0,0,0,8.99,taxable,,Beauty,Baylis & Harding Wild Fig & Pomegranate Light Up Decanter. A health and beauty product.,No regulation
simple,0654749351673,Avalon Tea Tree Scalp Treatment Conditioner 312g,0,0,0,8.99,taxable,,Hair Care,Avalon Tea Tree Scalp Treatment Conditioner 312g. A hair care product. Supplied as 312g.,No regulation
simple,5038483224410,Full Marks Solution 5 Minute Treatment 100ml,0,0,0,8.99,taxable,,General Health,Full Marks Solution 5 Minute Treatment 100ml. A health and wellbeing product. Supplied as 100ml.,GSL
simple,5023652373037,Nature's Aid Men Health & Vitality 30 Capsules,0,0,0,8.99,taxable,,Vitamins,Nature's Aid Men Health & Vitality 30 Capsules. A vitamins and supplements product. Supplied as 30 Capsules.,No regulation
simple,5013455060623,Weleda Combudoron Ointment 25g,0,0,0,8.99,taxable,,Vitamins,Weleda Combudoron Ointment 25g. A vitamins and supplements product. Supplied as 25g.,GSL
simple,8420212035034,Cuderm Moisturising Lotion 500ml,0,0,0,8.99,taxable,,Skincare,Cuderm Moisturising Lotion 500ml. A skincare product. Supplied as 500ml.,No regulation
simple,3574661625379,Aveeno Nourishing Oat Cleanser 200ml,0,0,0,8.99,taxable,,Skincare,Aveeno Nourishing Oat Cleanser 200ml. A skincare product. Supplied as 200ml.,No regulation
simple,0083000016783,Nature's Answer PerioBrite Charcoal Toothpaste Peppermint,0,0,0,8.99,taxable,,Oral Care,Nature's Answer PerioBrite Charcoal Toothpaste Peppermint. An oral care product.,No regulation
simple,5025452000816,Salt of the Earth Lavender & Vanilla Deodorant Balm 60g,0,0,0,8.99,taxable,,Skincare,Salt of the Earth Lavender & Vanilla Deodorant Balm 60g. A skincare product. Supplied as 60g.,No regulation
simple,3574661732992,Aveeno Skin Renewal Gentle Body Scrub 200ml,0,0,0,8.99,taxable,,Skincare,Aveeno Skin Renewal Gentle Body Scrub 200ml. A skincare product. Supplied as 200ml.,No regulation
simple,5055565706480,Sildenafil Accord 100mg 8 Tablets,0,0,0,8.99,taxable,zero-rate,Sexual Wellness,"Sildenafil Accord 100mg 8 Tablets. Prescription-only medicine, supplied after an online consultation with our pharmacist. Always read the label and any leaflet supplied. If symptoms persist, speak to your pharmacist or doctor. Supplied as 8 Tablets.",P
simple,5065007265277,Purosure Paraffin 50:50% w/w Ointment 500g,0,0,0,8.99,taxable,,Skincare,Purosure Paraffin 50:50% w/w Ointment 500g. A skincare product. Supplied as 500g.,No regulation
simple,5011309586114,Cetraben Natural Oatmeal Cream 190g,0,0,0,8.99,taxable,,Skincare,Cetraben Natural Oatmeal Cream 190g. A skincare product. Supplied as 190g.,No regulation
simple,9335955004782,MooGoo Nappy Balm 120g,0,0,0,8.99,taxable,,Baby & Child,MooGoo Nappy Balm 120g. A baby and child product. Supplied as 120g.,No regulation
simple,5010934004772,Just For Men Control GX Grey Reducing 2-In-1 Shampoo & Conditioner 118ml,0,0,0,8.99,taxable,,Men's Health,Just For Men Control GX Grey Reducing 2-In-1 Shampoo & Conditioner 118ml. A men's health product. Supplied as 118ml.,No regulation
simple,5016379194009,Doublebase Emollient Bath Additive 500ml,0,0,0,8.99,taxable,,Skincare,Doublebase Emollient Bath Additive 500ml. A skincare product. Supplied as 500ml.,GSL
simple,5392000104266,Optase Tea Tree Oil Eyelid Wipes 20 Pack,0,0,0,8.99,taxable,,Skincare,Optase Tea Tree Oil Eyelid Wipes 20 Pack. A skincare product. Supplied as 20 Pack.,No regulation
simple,4004148017704,Floradix Calcium Liquid Formula 250ml,0,0,0,8.99,taxable,,Vitamins,Floradix Calcium Liquid Formula 250ml. A vitamins and supplements product. Supplied as 250ml.,No regulation
simple,5011309020618,Oilatum Shower Gel Fragrance-Free 150g,0,0,0,8.99,taxable,,Beauty,Oilatum Shower Gel Fragrance-Free 150g. A health and beauty product. Supplied as 150g.,GSL
simple,5011309871814,Galfer Syrup Liquid Iron Supplement 300ml,0,0,0,8.99,taxable,,Vitamins,"Galfer Syrup Liquid Iron Supplement 300ml. Prescription-only medicine, supplied after an online consultation with our pharmacist. Always read the label and any leaflet supplied. If symptoms persist, speak to your pharmacist or doctor. Supplied as 300ml.",P
simple,4001638096638,Weleda Baby Calendula Weather Protection Cream 30ml,0,0,0,8.99,taxable,,Baby & Child,Weleda Baby Calendula Weather Protection Cream 30ml. A baby and child product. Supplied as 30ml.,No regulation
simple,4013474117125,Gehwol Callus Cream 75ml,0,0,0,8.99,taxable,,Skincare,Gehwol Callus Cream 75ml. A skincare product. Supplied as 75ml.,No regulation
simple,3600540305008,Garnier Ambre Solaire Kids Sensitive Sun Cream Lotion SPF50+ 200ml,0,0,0,8.99,taxable,,Skincare,Garnier Ambre Solaire Kids Sensitive Sun Cream Lotion SPF50+ 200ml. A skincare product. Supplied as 200ml.,No regulation
simple,5060391847993,Dr. Organic Lip Balm Trio Gift Set,0,0,0,8.99,taxable,,Skincare,Dr. Organic Lip Balm Trio Gift Set. A skincare product.,No regulation
simple,5011309089813,Virasoothe Chickenpox Cooling Gel 75g,0,0,0,8.99,taxable,,Skincare,Virasoothe Chickenpox Cooling Gel 75g. A skincare product. Supplied as 75g.,No regulation
simple,3616302013180,Adidas Bodycare Spray Gift Set,0,0,0,8.99,taxable,,Beauty,Adidas Bodycare Spray Gift Set. A health and beauty product.,No regulation
simple,5060018513188,KIKI Health Marine Collagen Beauty Blend Powder 20g,0,0,0,8.99,taxable,,Vitamins,KIKI Health Marine Collagen Beauty Blend Powder 20g. A vitamins and supplements product. Supplied as 20g.,No regulation
simple,5000347039386,Biotene Moisturising Gel Flavour Free 50g,0,0,0,8.99,taxable,,Skincare,Biotene Moisturising Gel Flavour Free 50g. A skincare product. Supplied as 50g.,No regulation
simple,0716237130082,Giovanni Tea Tree Triple Treat Shampoo 250ml,0,0,0,8.99,taxable,,Hair Care,Giovanni Tea Tree Triple Treat Shampoo 250ml. A hair care product. Supplied as 250ml.,No regulation
simple,5060464500220,Ibuprofen 400mg 96 Tablets,0,0,0,8.99,taxable,,Pain Relief,"Ibuprofen 400mg 96 Tablets. Prescription-only medicine, supplied after an online consultation with our pharmacist. Always read the label and any leaflet supplied. If symptoms persist, speak to your pharmacist or doctor. Supplied as 96 Tablets.",P
simple,5055148403102,Lamberts GTF Chromium 200µg 100 Tablets,0,0,0,8.99,taxable,,Vitamins,Lamberts GTF Chromium 200µg 100 Tablets. A vitamins and supplements product. Supplied as 100 Tablets.,No regulation
simple,0654749351178,Avalon Tea Tree Scalp Treatment Shampoo 325ml,0,0,0,8.99,taxable,,Hair Care,Avalon Tea Tree Scalp Treatment Shampoo 325ml. A hair care product. Supplied as 325ml.,No regulation
simple,5021265223602,Vitabiotics Wellwoman 50+ 30 Capsules,0,0,0,8.99,taxable,,Vitamins,Vitabiotics Wellwoman 50+ 30 Capsules. A vitamins and supplements product. Supplied as 30 Capsules.,No regulation
simple,5023652263031,Nature's Aid Quantum Ultra Potency Multi-Vitamins & Minerals 30 Tablets,0,0,0,8.99,taxable,,Vitamins,Nature's Aid Quantum Ultra Potency Multi-Vitamins & Minerals 30 Tablets. A vitamins and supplements product. Supplied as 30 Tablets.,No regulation
simple,4015630056972,ACCU-CHEK FastClix Lancets 0.3MM 30G 204 pack,0,0,0,8.99,taxable,,Testing & Monitoring,"ACCU-CHEK FastClix Lancets 0.3MM 30G 204 pack. Always read the label and any leaflet supplied. If symptoms persist, speak to your pharmacist or doctor. Supplied as 204 pack.",No regulation
simple,0716237181725,Giovanni Root 66 Max Volume Conditioner 250ml,0,0,0,8.99,taxable,,Hair Care,Giovanni Root 66 Max Volume Conditioner 250ml. A hair care product. Supplied as 250ml.,No regulation
simple,9335955004454,MooGoo Baby Gentle Shampoo 250ml,0,0,0,8.99,taxable,,Baby & Child,MooGoo Baby Gentle Shampoo 250ml. A baby and child product. Supplied as 250ml.,No regulation
simple,3574661730578,Zarbee's Immune Support Syrup 120ml,0,0,0,8.99,taxable,,Supports & Braces,Zarbee's Immune Support Syrup 120ml. A support and mobility product. Supplied as 120ml.,No regulation
simple,0017854110991,Baylis & Harding The Fuzzy Duck Men's Hemp & Bergamot Duo Set,0,0,0,8.99,taxable,,Beauty,Baylis & Harding The Fuzzy Duck Men's Hemp & Bergamot Duo Set. A health and beauty product.,No regulation
simple,5701943100042,Perspirex Anti Perspirant Comfort Roll-on 20ml,0,0,0,8.99,taxable,,Beauty,Perspirex Anti Perspirant Comfort Roll-on 20ml. A health and beauty product. Supplied as 20ml.,No regulation
simple,8719324977159,We Love The Planet Deodorant Stick-So Sensitive 65g,0,0,0,8.99,taxable,,Beauty,We Love The Planet Deodorant Stick-So Sensitive 65g. A health and beauty product. Supplied as 65g.,No regulation
simple,5034511010352,Green People Organic Children Aloe Vera After Sun Lotion 50ml,0,0,0,8.99,taxable,,Skincare,Green People Organic Children Aloe Vera After Sun Lotion 50ml. A skincare product. Supplied as 50ml.,No regulation
simple,3616301033882,Max Factor Mascara Lash Revival 2pc Set,0,0,0,8.99,taxable,,Beauty,Max Factor Mascara Lash Revival 2pc Set. A health and beauty product.,No regulation
simple,6921756492434,Flowflex COVID-19 Antigen Home Test 5 Tests,0,0,0,8.99,taxable,,Testing & Monitoring,"Flowflex COVID-19 Antigen Home Test 5 Tests. Always read the label and any leaflet supplied. If symptoms persist, speak to your pharmacist or doctor.",No regulation
simple,5010724506387,First Response Early Result Pregnancy Test 2 Pack,0,0,0,8.99,taxable,,Testing & Monitoring,"First Response Early Result Pregnancy Test 2 Pack. Always read the label and any leaflet supplied. If symptoms persist, speak to your pharmacist or doctor. Supplied as 2 Pack.",No regulation
simple,5055148414160,Lamberts Methyl Folate 400µg 60 Tablets,0,0,0,8.99,taxable,,Vitamins,Lamberts Methyl Folate 400µg 60 Tablets. A vitamins and supplements product. Supplied as 60 Tablets.,No regulation
simple,5060332534555,Lindens Health + Nutrition Alpha Lipoic Acid 250mg 90 Capsules,0,0,0,8.99,taxable,,Vitamins,Lindens Health + Nutrition Alpha Lipoic Acid 250mg 90 Capsules. A vitamins and supplements product. Supplied as 90 Capsules.,No regulation
simple,4015400628262,Always Discreet Pants Medium 12 Pack,0,0,0,8.99,taxable,zero-rate,Continence,Always Discreet Pants Medium 12 Pack. A continence care product. Supplied as 12 Pack.,No regulation
simple,5013455061408,Weleda Rhus Tox Ointment 25g,0,0,0,8.99,taxable,,Vitamins,Weleda Rhus Tox Ointment 25g. A vitamins and supplements product. Supplied as 25g.,GSL
simple,5011309102710,Cetraben Pro Hydrate Five Intensely Hydrating Night Cream 150ml,0,0,0,8.99,taxable,,Skincare,Cetraben Pro Hydrate Five Intensely Hydrating Night Cream 150ml. A skincare product. Supplied as 150ml.,No regulation
simple,5011309729313,Oilatum Junior Cream 350ml,0,0,0,8.99,taxable,,Skincare,Oilatum Junior Cream 350ml. A skincare product. Supplied as 350ml.,GSL
simple,5055148411831,Lamberts P5P 20mg 60 Tablets,0,0,0,8.99,taxable,,Vitamins,Lamberts P5P 20mg 60 Tablets. A vitamins and supplements product. Supplied as 60 Tablets.,No regulation
simple,4031626711274,Hycosan Fresh 7.5ml,0,0,0,8.99,taxable,,Eye Care,"Hycosan Fresh 7.5ml. Always read the label and any leaflet supplied. If symptoms persist, speak to your pharmacist or doctor. Supplied as 7.5ml.",No regulation
simple,7322542091227,Tena Silhouette High Waist Underwear Black Medium 9 Pack,0,0,0,8.99,taxable,zero-rate,Continence,Tena Silhouette High Waist Underwear Black Medium 9 Pack. A continence care product. Supplied as 9 Pack.,No regulation
simple,4103040043689,Sebamed Feminine Intimate Wash 200ml,0,0,0,8.99,taxable,,Sexual Wellness,"Sebamed Feminine Intimate Wash 200ml. Always read the label and any leaflet supplied. If symptoms persist, speak to your pharmacist or doctor. Supplied as 200ml.",No regulation
simple,5065006309026,MyMouth JiBee Tongue Cleaner Orange,0,0,0,8.99,taxable,,Oral Care,MyMouth JiBee Tongue Cleaner Orange. An oral care product.,No regulation
simple,8006540894415,Oral-B Refills Precision Clean X-Fila 2,0,0,0,8.99,taxable,,Oral Care,Oral-B Refills Precision Clean X-Fila 2. An oral care product.,No regulation
simple,5016379171017,Doublebase Diomed Dry Skin Emollient 250g,0,0,0,8.99,taxable,,Skincare,Doublebase Diomed Dry Skin Emollient 250g. A skincare product. Supplied as 250g.,No regulation
simple,8720182567710,"LYNX Black Trio Gift Set Body Wash, Body Spray & Anti-Perspirant",0,0,0,8.99,taxable,,Beauty,"LYNX Black Trio Gift Set Body Wash, Body Spray & Anti-Perspirant. A health and beauty product.",No regulation
simple,5999887678110,Osi Magnesium Bath Flakes 1kg,0,0,0,8.99,taxable,,Vitamins,Osi Magnesium Bath Flakes 1kg. A vitamins and supplements product. Supplied as 1kg.,No regulation
simple,5065006309002,MyMouth JiBee Tongue Cleaner Sky Blue,0,0,0,8.99,taxable,,Oral Care,MyMouth JiBee Tongue Cleaner Sky Blue. An oral care product.,No regulation
simple,3574661287232,Neutrogena Hydro Boost Gel Cream 50ml,0,0,0,8.99,taxable,,Skincare,Neutrogena Hydro Boost Gel Cream 50ml. A skincare product. Supplied as 50ml.,No regulation
simple,3331300097788,Stérimar Stop & Protect Cold & Sinus Relief 20ml,0,0,0,8.99,taxable,,Cold & Flu,"Stérimar Stop & Protect Cold & Sinus Relief 20ml. Always read the label and any leaflet supplied. If symptoms persist, speak to your pharmacist or doctor. Supplied as 20ml.",No regulation
simple,5060776980154,DR.VEGAN Curcumin & Turmeric 30 Capsules,0,0,0,8.99,taxable,,Vitamins,DR.VEGAN Curcumin & Turmeric 30 Capsules. A vitamins and supplements product. Supplied as 30 Capsules.,No regulation
simple,5014713100303,Tiger Balm Regular White 30g,0,0,0,8.99,taxable,,Skincare,Tiger Balm Regular White 30g. A skincare product. Supplied as 30g.,GSL
simple,5011309120516,Cetraben Moisturising Facial Day Cream 75g,0,0,0,8.99,taxable,,Skincare,Cetraben Moisturising Facial Day Cream 75g. A skincare product. Supplied as 75g.,No regulation
simple,5016007205015,Liquifilm Tears Udv 30 x 0.4ml,0,0,0,8.99,taxable,,General Health,Liquifilm Tears Udv 30 x 0.4ml. A health and wellbeing product. Supplied as 30 x 0.4ml.,No regulation
simple,7317510000615,Molaxole Powder for Oral Solution 30 Sachets,0,0,0,8.99,taxable,,Prescription Medicines,"Molaxole Powder for Oral Solution 30 Sachets. Prescription-only medicine, supplied after an online consultation with our pharmacist. Always read the label and any leaflet supplied. If symptoms persist, speak to your pharmacist or doctor. Supplied as 30 Sachets.",P
simple,5017402008478,Tisserand Rosemary Organic Essential Oil 9ml,0,0,0,8.99,taxable,,Skincare,Tisserand Rosemary Organic Essential Oil 9ml. A skincare product. Supplied as 9ml.,No regulation
simple,5037353004145,Skins Extra Large Condoms 16 Pack,0,0,0,8.99,taxable,reduced-rate,Sexual Wellness,"Skins Extra Large Condoms 16 Pack. Always read the label and any leaflet supplied. If symptoms persist, speak to your pharmacist or doctor. Supplied as 16 Pack.",No regulation
simple,5017402041604,Tisserand Rosemary Hair Oil 100ml,0,0,0,8.99,taxable,,Hair Care,Tisserand Rosemary Hair Oil 100ml. A hair care product. Supplied as 100ml.,No regulation
simple,5000477669170,Kalms 84 Tablets,0,0,0,8.99,taxable,,Vitamins,Kalms 84 Tablets. A vitamins and supplements product. Supplied as 84 Tablets.,No regulation
simple,5031013106439,Higher Nature Milk Thistle 30 Capsules,0,0,0,8.99,taxable,,Vitamins,Higher Nature Milk Thistle 30 Capsules. A vitamins and supplements product. Supplied as 30 Capsules.,No regulation
simple,5023652517035,Nature's Aid Menopause Support Formula 30 Capsules,0,0,0,8.99,taxable,,Supports & Braces,Nature's Aid Menopause Support Formula 30 Capsules. A support and mobility product. Supplied as 30 Capsules.,No regulation
simple,0033984017108,Solgar Magnesium Citrate 60 Tablets,0,0,0,8.99,taxable,,Vitamins,Solgar Magnesium Citrate 60 Tablets. A vitamins and supplements product. Supplied as 60 Tablets.,No regulation
simple,3331300097771,Stérimar Stop & Protect Allergy Response 20ml,0,0,0,8.99,taxable,,General Health,Stérimar Stop & Protect Allergy Response 20ml. A health and wellbeing product. Supplied as 20ml.,No regulation
simple,8720182406927,Lynx Epic Fresh Duo & Socks Set,0,0,0,8.99,taxable,,Beauty,Lynx Epic Fresh Duo & Socks Set. A health and beauty product.,No regulation
simple,0753950002098,Doctor's Best Vitamin D3 1000IU 180 Softgels,0,0,0,8.99,taxable,,Vitamins,Doctor's Best Vitamin D3 1000IU 180 Softgels. A vitamins and supplements product. Supplied as 180 Softgels.,No regulation
simple,5011309102116,Cetraben Pro Hydrate Five Intensely Hydrating Body Lotion 250ml,0,0,0,8.99,taxable,,Skincare,Cetraben Pro Hydrate Five Intensely Hydrating Body Lotion 250ml. A skincare product. Supplied as 250ml.,No regulation
simple,5010934002174,Just For Men Original Formula H-55 Real Black Hair Dye Kit,0,0,0,8.99,taxable,,Men's Health,Just For Men Original Formula H-55 Real Black Hair Dye Kit. A men's health product.,No regulation
simple,0615908425819,Tigi Bed Head B for Men Matte Separation Workable Wax 85g,0,0,0,8.99,taxable,,Men's Health,Tigi Bed Head B for Men Matte Separation Workable Wax 85g. A men's health product. Supplied as 85g.,No regulation
simple,6936983119450,2San Menopause Rapid Test 2 Pack,0,0,0,8.99,taxable,,Women's Health,2San Menopause Rapid Test 2 Pack. A women's health product. Supplied as 2 Pack.,No regulation
simple,5060391848327,Dr. Organic Castor Oil 250ml,0,0,0,8.99,taxable,,Skincare,Dr. Organic Castor Oil 250ml. A skincare product. Supplied as 250ml.,No regulation
simple,0033984027701,Solgar Ultimate B+C Complex 30 Tablets,0,0,0,8.99,taxable,,Vitamins,Solgar Ultimate B+C Complex 30 Tablets. A vitamins and supplements product. Supplied as 30 Tablets.,No regulation
simple,5055148414313,Lamberts Milk Thistle 60 Tablets,0,0,0,8.99,taxable,,Vitamins,Lamberts Milk Thistle 60 Tablets. A vitamins and supplements product. Supplied as 60 Tablets.,No regulation
simple,5060571721532,UpCircle Cleansing Face Milk with Oat Powder 50ml,0,0,0,8.99,taxable,,Skincare,UpCircle Cleansing Face Milk with Oat Powder 50ml. A skincare product. Supplied as 50ml.,No regulation
simple,5023652411050,Nature's Aid Vegan Vitamin D3 2500iu 50ml,0,0,0,8.99,taxable,,Vitamins,Nature's Aid Vegan Vitamin D3 2500iu 50ml. A vitamins and supplements product. Supplied as 50ml.,No regulation
simple,3600542126885,Garnier Ambre Solaire Kids Sensitive Wet Skin Sun Cream SPF50 150ml,0,0,0,8.99,taxable,,Skincare,Garnier Ambre Solaire Kids Sensitive Wet Skin Sun Cream SPF50 150ml. A skincare product. Supplied as 150ml.,No regulation
simple,5034445003901,The Eye Doctor Hypochlorous Eyelid Spray,0,0,0,8.99,taxable,,Beauty,The Eye Doctor Hypochlorous Eyelid Spray. A health and beauty product.,No regulation
simple,0017854117143,Baylis & Harding Citrus Lime & Mint Racing Car Tin Gift Set,0,0,0,8.99,taxable,,Beauty,Baylis & Harding Citrus Lime & Mint Racing Car Tin Gift Set. A health and beauty product.,No regulation
simple,5407007650187,Bambaw Reusable Sanitary Pads Heavy Flow,0,0,0,8.99,taxable,zero-rate,Women's Health,Bambaw Reusable Sanitary Pads Heavy Flow. A women's health product.,No regulation
simple,5029053574103,Huggies Disney Princess Pull-Up Nappies 2-4 years 20 Pack,0,0,0,8.99,taxable,zero-rate,Baby & Child,Huggies Disney Princess Pull-Up Nappies 2-4 years 20 Pack. A baby and child product. Supplied as 20 Pack.,No regulation
simple,5060202182282,Cytoplan Vegan Vitamin D3 62.5μg 60 Tablets,0,0,0,8.99,taxable,,Vitamins,Cytoplan Vegan Vitamin D3 62.5μg 60 Tablets. A vitamins and supplements product. Supplied as 60 Tablets.,No regulation
simple,5060332531967,Lindens Health + Nutrition Royal Jelly 150mg 100 Capsules,0,0,0,8.99,taxable,,Vitamins,Lindens Health + Nutrition Royal Jelly 150mg 100 Capsules. A vitamins and supplements product. Supplied as 100 Capsules.,No regulation
simple,0716237030085,Giovanni 50:50 Balanced Shampoo 250ml,0,0,0,8.99,taxable,,Hair Care,Giovanni 50:50 Balanced Shampoo 250ml. A hair care product. Supplied as 250ml.,No regulation
simple,0859975002461,Andalou Clementine + C Illuminating Toner 178ml,0,0,0,8.99,taxable,,Skincare,Andalou Clementine + C Illuminating Toner 178ml. A skincare product. Supplied as 178ml.,No regulation
simple,9314839020728,QV Bath Oil for Dry & Sensitive Skin 500ml,0,0,0,8.99,taxable,,Skincare,QV Bath Oil for Dry & Sensitive Skin 500ml. A skincare product. Supplied as 500ml.,No regulation
simple,5060119660842,Evolve Carbomer Soothe & Renew 10ml,0,0,0,8.99,taxable,,General Health,Evolve Carbomer Soothe & Renew 10ml. A health and wellbeing product. Supplied as 10ml.,No regulation
simple,4013162027187,Fenjal Intensive Body Oil 145ml,0,0,0,8.99,taxable,,Skincare,Fenjal Intensive Body Oil 145ml. A skincare product. Supplied as 145ml.,No regulation
simple,9314839016943,QV Baby Moisturising Cream 250g Pump,0,0,0,8.99,taxable,,Baby & Child,QV Baby Moisturising Cream 250g Pump. A baby and child product. Supplied as 250g.,No regulation
simple,7613036546072,SMA Lactose Free Infant Milk Powder 400g,0,0,0,8.99,taxable,zero-rate,Baby & Child,SMA Lactose Free Infant Milk Powder 400g. A baby and child product. Supplied as 400g.,No regulation
simple,9327693004513,Sukin Super Greens Facial Moisturiser 125ml,0,0,0,8.99,taxable,,Skincare,Sukin Super Greens Facial Moisturiser 125ml. A skincare product. Supplied as 125ml.,No regulation
simple,5011309107012,Nizoral Anti-Dandruff Shampoo 60ml,0,0,0,8.99,taxable,,Hair Care,Nizoral Anti-Dandruff Shampoo 60ml. A hair care product. Supplied as 60ml.,GSL
simple,3574661353340,Benylin Mucus Cough Max Honey & Lemon 300ml,0,0,0,8.99,taxable,,Cold & Flu,"Benylin Mucus Cough Max Honey & Lemon 300ml. Always read the label and any leaflet supplied. If symptoms persist, speak to your pharmacist or doctor. Supplied as 300ml.",GSL
simple,5060156070123,Clinitas Soothe 0.4% Perservative Free Eye Drops 30 x 0.5ml,0,0,0,8.99,taxable,,Eye Care,"Clinitas Soothe 0.4% Perservative Free Eye Drops 30 x 0.5ml. Always read the label and any leaflet supplied. If symptoms persist, speak to your pharmacist or doctor. Supplied as 30 x 0.5ml.",No regulation
simple,5016379100406,Adex Gel 500g,0,0,0,8.99,taxable,,Skincare,Adex Gel 500g. A skincare product. Supplied as 500g.,No regulation
simple,5701943100103,Perspirex Anti Perspirant Mens Max Roll-on 20ml,0,0,0,8.99,taxable,,Beauty,Perspirex Anti Perspirant Mens Max Roll-on 20ml. A health and beauty product. Supplied as 20ml.,No regulation
simple,5011309068115,Cetraben Moisture Protect Facial Cleanser 200ml,0,0,0,8.99,taxable,,Skincare,Cetraben Moisture Protect Facial Cleanser 200ml. A skincare product. Supplied as 200ml.,No regulation
simple,7643022209230,Shea Moisture Argan Oil Conditioner 384ml,0,0,0,8.99,taxable,,Hair Care,Shea Moisture Argan Oil Conditioner 384ml. A hair care product. Supplied as 384ml.,No regulation
simple,5011417582077,FyboGel Citrus FibreChews 30 Tablets,0,0,0,8.99,taxable,,Digestive,"FyboGel Citrus FibreChews 30 Tablets. Always read the label and any leaflet supplied. If symptoms persist, speak to your pharmacist or doctor. Supplied as 30 Tablets.",GSL
simple,5038581156262,Yankee Candle Sugared Blossom Reed Diffuser 90ml,0,0,0,8.99,taxable,,Beauty,Yankee Candle Sugared Blossom Reed Diffuser 90ml. A health and beauty product. Supplied as 90ml.,No regulation
simple,5000488103359,Bach White Chestnut Remedy 20ml,0,0,0,8.99,taxable,,General Health,Bach White Chestnut Remedy 20ml. A health and wellbeing product. Supplied as 20ml.,No regulation
simple,4004148057069,Floradix Kindervital 250ml,0,0,0,8.99,taxable,,General Health,Floradix Kindervital 250ml. A health and wellbeing product. Supplied as 250ml.,No regulation
simple,8432225129785,Revlon Uniq One Hair Treatment Original 150ml,0,0,0,8.99,taxable,,Hair Care,Revlon Uniq One Hair Treatment Original 150ml. A hair care product. Supplied as 150ml.,No regulation
simple,3600541992412,Garnier Ambre Solaire Sensitive Hydrating Face Sun Cream SPF50 75ml,0,0,0,8.99,taxable,,Skincare,Garnier Ambre Solaire Sensitive Hydrating Face Sun Cream SPF50 75ml. A skincare product. Supplied as 75ml.,No regulation
simple,1230000007399,Astroglide Water Based Personal Lubricant 148ml,0,0,0,8.99,taxable,,Sexual Wellness,"Astroglide Water Based Personal Lubricant 148ml. Always read the label and any leaflet supplied. If symptoms persist, speak to your pharmacist or doctor. Supplied as 148ml.",No regulation
simple,9329401000442,The Goat Skincare Body Wash with Chamomile 500ml,0,0,0,8.99,taxable,,Skincare,The Goat Skincare Body Wash with Chamomile 500ml. A skincare product. Supplied as 500ml.,No regulation
simple,5011309020915,Eurax Cream 100g,0,0,0,8.99,taxable,,Skincare,Eurax Cream 100g. A skincare product. Supplied as 100g.,GSL
simple,5701943011430,Perspirex Original Roll-On 20ml,0,0,0,8.99,taxable,,Beauty,Perspirex Original Roll-On 20ml. A health and beauty product. Supplied as 20ml.,No regulation
simple,4013162027460,Fenjal Sensitive Body Oil 145ml,0,0,0,8.99,taxable,,Skincare,Fenjal Sensitive Body Oil 145ml. A skincare product. Supplied as 145ml.,No regulation
simple,3661103045205,Frontline Spot On Cat 1 Pipette,0,0,0,8.99,taxable,,Pet Care,Frontline Spot On Cat 1 Pipette. A pet care product.,No regulation
simple,3574661519760,Aveeno Baby Daily Care Wipes 4 Pack,0,0,0,8.99,taxable,,Baby & Child,Aveeno Baby Daily Care Wipes 4 Pack. A baby and child product. Supplied as 4 Pack.,No regulation
simple,5060574680065,Hashmats Health Fish Oil Omega-3 EPA & DHA 30 Softgels,0,0,0,8.99,taxable,,Vitamins,Hashmats Health Fish Oil Omega-3 EPA & DHA 30 Softgels. A vitamins and supplements product. Supplied as 30 Softgels.,No regulation
simple,5011309162615,Zerobase Emollient Cream 500g,0,0,0,8.99,taxable,,Skincare,Zerobase Emollient Cream 500g. A skincare product. Supplied as 500g.,No regulation
simple,8432225129877,Revlon Uniq One Lotus Flower Hair Treatment 150ml,0,0,0,8.99,taxable,,Hair Care,Revlon Uniq One Lotus Flower Hair Treatment 150ml. A hair care product. Supplied as 150ml.,No regulation
simple,5010605054075,Canesten Thrush Cream 20g,0,0,0,8.99,taxable,,Women's Health,"Canesten Thrush Cream 20g. Prescription-only medicine, supplied after an online consultation with our pharmacist. Always read the label and any leaflet supplied. If symptoms persist, speak to your pharmacist or doctor. Supplied as 20g.",P
simple,5034445002119,The Eye Doctor Stye Relief Compress,0,0,0,8.99,taxable,,General Health,The Eye Doctor Stye Relief Compress. A health and wellbeing product.,No regulation
simple,0078522000259,Jason Moisturising Aloe Vera Shampoo 473ml,0,0,0,8.99,taxable,,Hair Care,Jason Moisturising Aloe Vera Shampoo 473ml. A hair care product. Supplied as 473ml.,No regulation
simple,0716237010087,Giovanni Golden Wheat Shampoo 250ml,0,0,0,8.99,taxable,,Hair Care,Giovanni Golden Wheat Shampoo 250ml. A hair care product. Supplied as 250ml.,No regulation
simple,9421903096821,Antipodes Divine Face Oil Mini 10ml,0,0,0,8.99,taxable,,Skincare,Antipodes Divine Face Oil Mini 10ml. A skincare product. Supplied as 10ml.,No regulation
simple,5712249121822,Novofine Needles 4mm 32G 100 Needles,0,0,0,8.99,taxable,,General Health,Novofine Needles 4mm 32G 100 Needles. A health and wellbeing product. Supplied as 32G.,No regulation
simple,3574661571645,Nicorette Icy White 2mg Nicotine Gum 30 Pack,0,0,0,8.99,taxable,,Stop Smoking,Nicorette Icy White 2mg Nicotine Gum 30 Pack. A stop-smoking product. Supplied as 30 Pack.,GSL
simple,8720182567734,"LYNX Epic Trio Gift Set Body Wash, Body Spray & Anti-Perspirant",0,0,0,8.99,taxable,,Beauty,"LYNX Epic Trio Gift Set Body Wash, Body Spray & Anti-Perspirant. A health and beauty product.",No regulation
simple,9329401000114,The Goat Skincare Moisturising Wash Original 500ml,0,0,0,8.99,taxable,,Skincare,The Goat Skincare Moisturising Wash Original 500ml. A skincare product. Supplied as 500ml.,No regulation
simple,3574661730547,Zarbee's Children's Immune Support Syrup 120ml,0,0,0,8.99,taxable,,Supports & Braces,Zarbee's Children's Immune Support Syrup 120ml. A support and mobility product. Supplied as 120ml.,No regulation
simple,5060291420197,Nursem Caring Hand Wash 300ml,0,0,0,8.99,taxable,,Beauty,Nursem Caring Hand Wash 300ml. A health and beauty product. Supplied as 300ml.,No regulation
simple,5037353004022,Skins Natural Condoms 16 Pack,0,0,0,8.99,taxable,reduced-rate,Sexual Wellness,"Skins Natural Condoms 16 Pack. Always read the label and any leaflet supplied. If symptoms persist, speak to your pharmacist or doctor. Supplied as 16 Pack.",No regulation
simple,5029354000240,Aloe Pura Aloe Vera Juice Peppermint & Chamomile 500ml,0,0,0,8.99,taxable,,General Health,Aloe Pura Aloe Vera Juice Peppermint & Chamomile 500ml. A health and wellbeing product. Supplied as 500ml.,No regulation
simple,0022600200048,VIVISCAL DENSIFYING CONDITIONER (250ML),0,0,0,8.99,taxable,,Hair Care,VIVISCAL DENSIFYING CONDITIONER (250ML). A hair care product. Supplied as 250ML.,No regulation
simple,5000476020538,Johnson's Veterinary One Dose Wormer Size 3,0,0,0,8.99,taxable,,Pet Care,Johnson's Veterinary One Dose Wormer Size 3. A pet care product.,No regulation
simple,5025452001165,Salt of the Earth Unscented Deodorant Stick Refill 75g,0,0,0,8.99,taxable,,Beauty,Salt of the Earth Unscented Deodorant Stick Refill 75g. A health and beauty product. Supplied as 75g.,No regulation
simple,5999887678493,Osi Magnesium Magnesium Oil Sensitive Spray 100ml,0,0,0,8.99,taxable,,Vitamins,Osi Magnesium Magnesium Oil Sensitive Spray 100ml. A vitamins and supplements product. Supplied as 100ml.,No regulation
simple,5391531760286,Fusion Allergy Nasal Spray 20ml,0,0,0,8.99,taxable,,Cold & Flu,"Fusion Allergy Nasal Spray 20ml. Always read the label and any leaflet supplied. If symptoms persist, speak to your pharmacist or doctor. Supplied as 20ml.",GSL
simple,5065006309019,MyMouth JiBee Tongue Cleaner Grey,0,0,0,8.99,taxable,,Oral Care,MyMouth JiBee Tongue Cleaner Grey. An oral care product.,No regulation
simple,96032893,BetterYou B12 Boost Spray 25ml,0,0,0,8.99,taxable,,Vitamins,BetterYou B12 Boost Spray 25ml. A vitamins and supplements product. Supplied as 25ml.,No regulation
simple,5037353004176,Skins Flavoured Condoms 16 Pack,0,0,0,8.99,taxable,reduced-rate,Sexual Wellness,"Skins Flavoured Condoms 16 Pack. Always read the label and any leaflet supplied. If symptoms persist, speak to your pharmacist or doctor. Supplied as 16 Pack.",No regulation
simple,3616304218460,Adidas Pure Game Gift Set,0,0,0,8.99,taxable,,Beauty,Adidas Pure Game Gift Set. A health and beauty product.,No regulation
simple,5010605153044,Berocca Mango 15 Effervescent Tablets,0,0,0,8.99,taxable,,Vitamins,Berocca Mango 15 Effervescent Tablets. A vitamins and supplements product. Supplied as 15 Effervescent.,No regulation
simple,0087614020730,Swanson Albion Magnesium Glycinate 133mg 90 Capsules,0,0,0,8.99,taxable,,Vitamins,Swanson Albion Magnesium Glycinate 133mg 90 Capsules. A vitamins and supplements product. Supplied as 90 Capsules.,No regulation
simple,5020465200468,Cetaphil Moisturising Cream 100g,0,0,0,8.99,taxable,,Skincare,Cetaphil Moisturising Cream 100g. A skincare product. Supplied as 100g.,No regulation
simple,4030571004356,Viscotears Eye Gel Single Dose Units 30 x 0.6ml,0,0,0,8.99,taxable,,Prescription Medicines,"Viscotears Eye Gel Single Dose Units 30 x 0.6ml. Prescription-only medicine, supplied after an online consultation with our pharmacist. Always read the label and any leaflet supplied. If symptoms persist, speak to your pharmacist or doctor. Supplied as 30 x 0.6ml.",P
simple,0716237020086,Giovanni Smooth As Silk Conditioner 250ml,0,0,0,8.99,taxable,,Hair Care,Giovanni Smooth As Silk Conditioner 250ml. A hair care product. Supplied as 250ml.,No regulation
simple,0017854117334,Baylis & Harding Sweet Mandarin & Grapefruit Light Up Bath Bubbles,0,0,0,8.99,taxable,,Beauty,Baylis & Harding Sweet Mandarin & Grapefruit Light Up Bath Bubbles. A health and beauty product.,No regulation
simple,5038581105871,Yankee Candle Sleep Diffuser Kit Bronze,0,0,0,8.99,taxable,,Beauty,Yankee Candle Sleep Diffuser Kit Bronze. A health and beauty product.,No regulation
simple,0716237180537,Giovanni Smooth As Silk Shampoo 250ml,0,0,0,8.99,taxable,,Hair Care,Giovanni Smooth As Silk Shampoo 250ml. A hair care product. Supplied as 250ml.,No regulation
simple,5016379142000,Dermax Therapeutic Shampoo 250ml,0,0,0,8.99,taxable,,Hair Care,"Dermax Therapeutic Shampoo 250ml. Prescription-only medicine, supplied after an online consultation with our pharmacist. Always read the label and any leaflet supplied. If symptoms persist, speak to your pharmacist or doctor. Supplied as 250ml.",P
simple,0724742008277,Alba Hawaiian Green Tea SPF 45 Sunscreen,0,0,0,8.99,taxable,,Skincare,Alba Hawaiian Green Tea SPF 45 Sunscreen. A skincare product.,No regulation
simple,5029053574110,Huggies Pull-Ups Boy 2-4yr Nappies 20 Pack,0,0,0,8.99,taxable,zero-rate,Baby & Child,Huggies Pull-Ups Boy 2-4yr Nappies 20 Pack. A baby and child product. Supplied as 20 Pack.,No regulation
simple,5029053574158,Huggies Disney Cars Pull Ups Night-Time Nappies Size 6 18 Pack,0,0,0,8.99,taxable,zero-rate,Baby & Child,Huggies Disney Cars Pull Ups Night-Time Nappies Size 6 18 Pack. A baby and child product. Supplied as 18 Pack.,No regulation
simple,7350087737003,E45 Itch Relief Gel 100ml,0,0,0,8.99,taxable,,Skincare,E45 Itch Relief Gel 100ml. A skincare product. Supplied as 100ml.,No regulation
simple,5023652020900,Nature's Aid Korean Ginseng 40mg (600mg equiv) 90 Tablets,0,0,0,8.99,taxable,,Vitamins,Nature's Aid Korean Ginseng 40mg (600mg equiv) 90 Tablets. A vitamins and supplements product. Supplied as 90 Tablets.,No regulation
simple,5060391847924,Dr. Organic Coconut & Orange Shampoo & Conditioner Bar 75g,0,0,0,8.99,taxable,,Hair Care,Dr. Organic Coconut & Orange Shampoo & Conditioner Bar 75g. A hair care product. Supplied as 75g.,No regulation
simple,0851325002282,Macadamia Natural Oil Deep Repair Masque 100ml,0,0,0,8.99,taxable,,Skincare,Macadamia Natural Oil Deep Repair Masque 100ml. A skincare product. Supplied as 100ml.,No regulation
simple,5034511002937,Green People Organic Babies Soothing Nipple Balm Scent Free 50ml,0,0,0,8.99,taxable,,Skincare,Green People Organic Babies Soothing Nipple Balm Scent Free 50ml. A skincare product. Supplied as 50ml.,No regulation
simple,0033984025516,Solgar Selenium 100µg (Yeast Free) 100 Tablets,0,0,0,8.99,taxable,,Vitamins,Solgar Selenium 100µg (Yeast Free) 100 Tablets. A vitamins and supplements product. Supplied as 100 Tablets.,No regulation
simple,5037353004053,Skins Ultra Thin Condoms 16 Pack,0,0,0,8.98,taxable,reduced-rate,Sexual Wellness,"Skins Ultra Thin Condoms 16 Pack. Always read the label and any leaflet supplied. If symptoms persist, speak to your pharmacist or doctor. Supplied as 16 Pack.",No regulation
simple,5031013108617,Higher Nature High Strength Vitamin D3 2000IU 60 Capsules,0,0,0,8.95,taxable,,Vitamins,Higher Nature High Strength Vitamin D3 2000IU 60 Capsules. A vitamins and supplements product. Supplied as 60 Capsules.,No regulation
simple,5054563258588,Pirilieve Hayfever Relief 120mg 30 Tablets,0,0,0,8.95,taxable,,Vitamins,Pirilieve Hayfever Relief 120mg 30 Tablets. A vitamins and supplements product. Supplied as 30 Tablets.,GSL
