Type,SKU,Name,Published,In stock?,Stock,Regular price,Tax status,Tax class,Categories,Description,Meta: _sp_regulation
simple,5060999812003,BeautyPro PHOTON LED Light Therapy Face Mask,0,0,0,189.99,taxable,,Skincare,BeautyPro PHOTON LED Light Therapy Face Mask. A skincare product.,No regulation
simple,4210201337997,Oral-B Pro 3 Electric Toothbrush,0,0,0,169.99,taxable,,Oral Care,Oral-B Pro 3 Electric Toothbrush. An oral care product.,No regulation
simple,5391531561913,Spotlight Oral Care Smile Rejuvenation System,0,0,0,122.89,taxable,,Oral Care,Spotlight Oral Care Smile Rejuvenation System. An oral care product.,No regulation
simple,5391531561586,Spotlight Oral Care Spotlight Oral Care Mum to Be Luxury Gift Set,0,0,0,119.99,taxable,,Oral Care,Spotlight Oral Care Spotlight Oral Care Mum to Be Luxury Gift Set. An oral care product.,No regulation
simple,5707725104017,Nourkrin Man for Hair Preservation 180 Tablets,0,0,0,119.99,taxable,,Hair Care,Nourkrin Man for Hair Preservation 180 Tablets. A hair care product. Supplied as 180 Tablets.,No regulation
simple,5707725100224,Nourkrin Woman for Hair Growth 180 Tablets,0,0,0,119.99,taxable,,Hair Care,Nourkrin Woman for Hair Growth 180 Tablets. A hair care product. Supplied as 180 Tablets.,No regulation
simple,8594739305427,Zentiva Nevolat (Saxenda/Liraglutide) 6mg/ml 3 x 3ml Pens,0,0,0,119.99,taxable,zero-rate,Weight Management,"Zentiva Nevolat (Saxenda/Liraglutide) 6mg/ml 3 x 3ml Pens. Prescription-only medicine, supplied after an online consultation with our pharmacist. Always read the label and any leaflet supplied. If symptoms persist, speak to your pharmacist or doctor. Supplied as 3 x 3ml.",P
simple,5707725702015,Nourkrin Woman Value Pack 3 Month Supply,0,0,0,118.99,taxable,,Hair Care,Nourkrin Woman Value Pack 3 Month Supply. A hair care product.,No regulation
simple,5391529530006,Weight Loss Treatment - Mysimba 112 Tablets,0,0,0,116.89,taxable,zero-rate,Weight Management,"Weight Loss Treatment - Mysimba 112 Tablets. Prescription-only medicine, supplied after an online consultation with our pharmacist. Always read the label and any leaflet supplied. If symptoms persist, speak to your pharmacist or doctor. Supplied as 112 Tablets.",P
simple,5391531561395,Spotlight Oral Care Graphite Grey Sonic Toothbrush,0,0,0,109.99,taxable,,Oral Care,Spotlight Oral Care Graphite Grey Sonic Toothbrush. An oral care product.,No regulation
simple,5391531561579,Spotlight Oral Care Pride Sonic Toothbrush,0,0,0,109.99,taxable,,Oral Care,Spotlight Oral Care Pride Sonic Toothbrush. An oral care product.,No regulation
simple,4210201396826,Oral-B GeniusX Midnight Black Bluetooth Electric Toothbrush,0,0,0,109.99,taxable,,Oral Care,Oral-B GeniusX Midnight Black Bluetooth Electric Toothbrush. An oral care product.,No regulation
simple,5391531561388,Spotlight Oral Care Rose Gold Sonic Toothbrush,0,0,0,109.99,taxable,,Oral Care,Spotlight Oral Care Rose Gold Sonic Toothbrush. An oral care product.,No regulation
simple,0732068566876,Rightangled Covid-19 Rt- Pack r Test,0,0,0,108.89,taxable,,Testing & Monitoring,"Rightangled Covid-19 Rt- Pack r Test. Always read the label and any leaflet supplied. If symptoms persist, speak to your pharmacist or doctor.",No regulation
simple,5707725704019,Nourkrin Man Value Pack 3 Month Supply with Conditioner & Shampoo,0,0,0,102.29,taxable,,Hair Care,Nourkrin Man Value Pack 3 Month Supply with Conditioner & Shampoo. A hair care product.,No regulation
simple,9007653000037,AOP Orphan Naltrexone Hydrochloride 50mg Film-Coated 28 Tablets,0,0,0,100.00,taxable,,Vitamins,AOP Orphan Naltrexone Hydrochloride 50mg Film-Coated 28 Tablets. A vitamins and supplements product. Supplied as 28 Tablets.,GSL
simple,1230000026024,Altrient Glutathione Liposomal Setria Glutathione 30 x 5.4ml Sachets,0,0,0,98.99,taxable,,Vitamins,Altrient Glutathione Liposomal Setria Glutathione 30 x 5.4ml Sachets. A vitamins and supplements product. Supplied as 30 x 5.4ml.,No regulation
simple,2222222222222,Coronavirus IgG Antibody Test Past Exposure,0,0,0,98.90,taxable,,General Health,Coronavirus IgG Antibody Test Past Exposure. A health and wellbeing product.,No regulation
simple,5010441075685,Numark Melolin 10x20cm 100 pack,0,0,0,97.99,taxable,,General Health,Numark Melolin 10x20cm 100 pack. A health and wellbeing product. Supplied as 100 pack.,No regulation
simple,0033984020726,Solgar Omnium 180 Tablets,0,0,0,93.99,taxable,,Vitamins,Solgar Omnium 180 Tablets. A vitamins and supplements product. Supplied as 180 Tablets.,No regulation
simple,5809885045800,Vital Proteins Collagen Peptides Bundle 3 x 567g,0,0,0,89.99,taxable,,Vitamins,Vital Proteins Collagen Peptides Bundle 3 x 567g. A vitamins and supplements product. Supplied as 3 x 567g.,No regulation
simple,5391531561227,Spotlight Oral Care Water Flosser,0,0,0,89.89,taxable,,Oral Care,Spotlight Oral Care Water Flosser. An oral care product.,No regulation
simple,5060332534975,Lindens Health + Nutrition Green Lipped Mussel 500mg 1000 Capsules,0,0,0,87.69,taxable,,Vitamins,Lindens Health + Nutrition Green Lipped Mussel 500mg 1000 Capsules. A vitamins and supplements product. Supplied as 1000 Capsules.,No regulation
simple,1230000026154,Altrient Liposomal Magnesium L-Threonate,0,0,0,82.89,taxable,,Vitamins,Altrient Liposomal Magnesium L-Threonate. A vitamins and supplements product.,No regulation
simple,5017978000159,Probio 7 Contour Shots 10 Vials,0,0,0,82.89,taxable,,Vitamins,Probio 7 Contour Shots 10 Vials. A vitamins and supplements product.,No regulation
simple,5060409330240,Zen CBD Oil 15% (1500mg) 10ml,0,0,0,82.59,taxable,,Skincare,Zen CBD Oil 15% (1500mg) 10ml. A skincare product. Supplied as 10ml.,No regulation
simple,5014602401078,Cialis Tadalafil 20mg 8 Tablets,0,0,0,79.99,taxable,zero-rate,Sexual Wellness,"Cialis Tadalafil 20mg 8 Tablets. Prescription-only medicine, supplied after an online consultation with our pharmacist. Always read the label and any leaflet supplied. If symptoms persist, speak to your pharmacist or doctor. Supplied as 8 Tablets.",P
simple,1230000026031,Altrient Liposomal R-Alpha Lipoic Acid 30 x 5.7ml Sachets,0,0,0,79.89,taxable,,Vitamins,Altrient Liposomal R-Alpha Lipoic Acid 30 x 5.7ml Sachets. A vitamins and supplements product. Supplied as 30 x 5.7ml.,No regulation
simple,5060999811730,BeautyPro LED WAND Ombre 5-in-1 technology,0,0,0,76.99,taxable,,General Health,BeautyPro LED WAND Ombre 5-in-1 technology. A health and wellbeing product.,No regulation
simple,1210001142190,Viagra 100mg 8 Tablets,0,0,0,74.99,taxable,zero-rate,Sexual Wellness,"Viagra 100mg 8 Tablets. Prescription-only medicine, supplied after an online consultation with our pharmacist. Always read the label and any leaflet supplied. If symptoms persist, speak to your pharmacist or doctor. Supplied as 8 Tablets.",P
simple,5391531561401,Spotlight Oral Care White Sonic Toothbrush,0,0,0,72.99,taxable,,Oral Care,Spotlight Oral Care White Sonic Toothbrush. An oral care product.,No regulation
simple,5026468000166,Paracetamol 240mg 10 Suppositories,0,0,0,71.99,taxable,,Pain Relief,"Paracetamol 240mg 10 Suppositories. Prescription-only medicine, supplied after an online consultation with our pharmacist. Always read the label and any leaflet supplied. If symptoms persist, speak to your pharmacist or doctor. Supplied as 10 Suppositories.",P
simple,5060221910200,Symprove Daily Live & Bacteria Supplement Strawberry & Raspberry 4 x 500ml,0,0,0,69.99,taxable,,Vitamins,Symprove Daily Live & Bacteria Supplement Strawberry & Raspberry 4 x 500ml. A vitamins and supplements product. Supplied as 4 x 500ml.,No regulation
simple,0033984013193,Solgar Extra Strength Glucosamine Chondroitin MSM 120 Tablets,0,0,0,69.99,taxable,,Vitamins,Solgar Extra Strength Glucosamine Chondroitin MSM 120 Tablets. A vitamins and supplements product. Supplied as 120 Tablets.,No regulation
simple,5060221910057,Symprove Daily Live & Bacteria Supplement Original Flavour 4 x 500ml,0,0,0,69.99,taxable,,Vitamins,Symprove Daily Live & Bacteria Supplement Original Flavour 4 x 500ml. A vitamins and supplements product. Supplied as 4 x 500ml.,No regulation
simple,5060221910033,Symprove Daily Live & Bacteria Supplement Mango & Passion Fruit 4 x 500ml,0,0,0,69.99,taxable,,Vitamins,Symprove Daily Live & Bacteria Supplement Mango & Passion Fruit 4 x 500ml. A vitamins and supplements product. Supplied as 4 x 500ml.,No regulation
simple,8809480780356,Shangpree S Energy Long Lasting Concentrated Serum 50ml,0,0,0,69.99,taxable,,First Aid,"Shangpree S Energy Long Lasting Concentrated Serum 50ml. Always read the label and any leaflet supplied. If symptoms persist, speak to your pharmacist or doctor. Supplied as 50ml.",No regulation
simple,3574661567808,Regaine for Men Extra Strength 3 Month's Supply,0,0,0,69.99,taxable,,Men's Health,"Regaine for Men Extra Strength 3 Month's Supply. Prescription-only medicine, supplied after an online consultation with our pharmacist. Always read the label and any leaflet supplied. If symptoms persist, speak to your pharmacist or doctor.",P
simple,0033984504981,Solgar 7 90 Capsules,0,0,0,68.99,taxable,,Vitamins,Solgar 7 90 Capsules. A vitamins and supplements product. Supplied as 90 Capsules.,No regulation
simple,8809480780394,Shangpree S Energy Repair Eye Cream 10ml,0,0,0,68.99,taxable,,Skincare,Shangpree S Energy Repair Eye Cream 10ml. A skincare product. Supplied as 10ml.,No regulation
simple,5430000087254,Mindscopic Vive Vitae 45ml,0,0,0,68.99,taxable,,General Health,Mindscopic Vive Vitae 45ml. A health and wellbeing product. Supplied as 45ml.,No regulation
simple,5060204164033,Maloff Protect 36 Tablets,0,0,0,68.99,taxable,,Prescription Medicines,"Maloff Protect 36 Tablets. Prescription-only medicine, supplied after an online consultation with our pharmacist. Always read the label and any leaflet supplied. If symptoms persist, speak to your pharmacist or doctor. Supplied as 36 Tablets.",P
simple,5702191026276,Psoriasis treatment - Enstilar Foam 60g,0,0,0,67.99,taxable,zero-rate,Skincare,"Psoriasis treatment - Enstilar Foam 60g. Prescription-only medicine, supplied after an online consultation with our pharmacist. Always read the label and any leaflet supplied. If symptoms persist, speak to your pharmacist or doctor. Supplied as 60g.",P
simple,5021791003389,Freestyle Libre 3,0,0,0,67.99,taxable,,General Health,Freestyle Libre 3. A health and wellbeing product.,No regulation
simple,5702191014969,Psoriasis treatment - Dovobet Gel 60g,0,0,0,66.99,taxable,zero-rate,Skincare,"Psoriasis treatment - Dovobet Gel 60g. Prescription-only medicine, supplied after an online consultation with our pharmacist. Always read the label and any leaflet supplied. If symptoms persist, speak to your pharmacist or doctor. Supplied as 60g.",P
simple,8809480780370,Shangpree S Energy Resilience Cream,0,0,0,65.99,taxable,,Skincare,Shangpree S Energy Resilience Cream. A skincare product.,No regulation
simple,0033984009882,Solgar D-Ribose Powder 150g Powder,0,0,0,65.49,taxable,,Vitamins,Solgar D-Ribose Powder 150g Powder. A vitamins and supplements product. Supplied as 150g.,No regulation
simple,7350082940347,Swiss Clinic Night Cream 50ml,0,0,0,63.99,taxable,,Skincare,Swiss Clinic Night Cream 50ml. A skincare product. Supplied as 50ml.,No regulation
simple,7350082940330,Swiss Clinic Day Cream 50ml,0,0,0,62.89,taxable,,Skincare,Swiss Clinic Day Cream 50ml. A skincare product. Supplied as 50ml.,No regulation
simple,5025970011882,Eucerin Anti-Pigment Regime Set,0,0,0,62.19,taxable,,General Health,Eucerin Anti-Pigment Regime Set. A health and wellbeing product.,No regulation
simple,7610313405404,A.Vogel Prostasan Saw Palmetto Capsules 90 Pack,0,0,0,61.39,taxable,,Vitamins,A.Vogel Prostasan Saw Palmetto Capsules 90 Pack. A vitamins and supplements product. Supplied as 90 Pack.,No regulation
simple,0033984023062,Solgar Pycnogenol 100mg 30 Capsules,0,0,0,60.99,taxable,,Vitamins,Solgar Pycnogenol 100mg 30 Capsules. A vitamins and supplements product. Supplied as 30 Capsules.,No regulation
simple,7350038490636,Dynamic Code Sexually Transmitted Diseases (Stds) Test for Women,0,0,0,59.99,taxable,,Women's Health,Dynamic Code Sexually Transmitted Diseases (Stds) Test for Women. A women's health product.,No regulation
simple,5060018515489,KIKI Health Beauty with Ceramides 60 Vegicaps,0,0,0,59.99,taxable,,Vitamins,KIKI Health Beauty with Ceramides 60 Vegicaps. A vitamins and supplements product.,No regulation
simple,5709976180505,Pharma Nord Bio-Quinone Active Q10 GOLD 100mg 150 Capsules,0,0,0,59.99,taxable,,Vitamins,Pharma Nord Bio-Quinone Active Q10 GOLD 100mg 150 Capsules. A vitamins and supplements product. Supplied as 150 Capsules.,No regulation
simple,5060202183883,Cytoplan Nicotinamide Riboside 100mg 60 Capsules,0,0,0,59.99,taxable,,Vitamins,Cytoplan Nicotinamide Riboside 100mg 60 Capsules. A vitamins and supplements product. Supplied as 60 Capsules.,No regulation
simple,0033984035423,Solgar Vitamin E 268mg (400IU) 250 Softgels,0,0,0,59.99,taxable,,Vitamins,Solgar Vitamin E 268mg (400IU) 250 Softgels. A vitamins and supplements product. Supplied as 250 Softgels.,No regulation
simple,5021791006694,Freestyle Libre 2 Plus Sensor,0,0,0,59.99,taxable,,General Health,Freestyle Libre 2 Plus Sensor. A health and wellbeing product.,No regulation
simple,0033984547087,Solgar Full Spectrum Curcumin 90 Licaps,0,0,0,59.99,taxable,,Vitamins,Solgar Full Spectrum Curcumin 90 Licaps. A vitamins and supplements product.,No regulation
simple,5060284540185,Cepton Medicated Skin Wash 150ml,0,0,0,59.99,taxable,,Skincare,Cepton Medicated Skin Wash 150ml. A skincare product. Supplied as 150ml.,GSL
simple,7350038490629,Dynamic Code Sexually Transmitted Diseases (Stds) Test for Men,0,0,0,59.99,taxable,,Men's Health,Dynamic Code Sexually Transmitted Diseases (Stds) Test for Men. A men's health product.,No regulation
simple,5028392001578,Metagenics Ultra Potent Vitamin C 232g Powder,0,0,0,59.89,taxable,,Vitamins,Metagenics Ultra Potent Vitamin C 232g Powder. A vitamins and supplements product. Supplied as 232g.,No regulation
simple,1230000026048,Altrient Liposomal Acetyl L Carnitine 30 x 5.7ml Sachets,0,0,0,59.89,taxable,,Vitamins,Altrient Liposomal Acetyl L Carnitine 30 x 5.7ml Sachets. A vitamins and supplements product. Supplied as 30 x 5.7ml.,No regulation
simple,0085805144715,Elizabeth Arden Prevage 30ml Anti-Aging + Intensive Repair Daily Serum,0,0,0,58.99,taxable,,Skincare,Elizabeth Arden Prevage 30ml Anti-Aging + Intensive Repair Daily Serum. A skincare product. Supplied as 30ml.,No regulation
simple,1230000026017,Altrient Liposomal Vitamin B & Mineral Complex 30 x 6ml Sachets,0,0,0,58.99,taxable,,Vitamins,Altrient Liposomal Vitamin B & Mineral Complex 30 x 6ml Sachets. A vitamins and supplements product. Supplied as 30 x 6ml.,No regulation
simple,5034511000049,Green People Alexandra Kay Time To Breathe Essential Oil Scent Diffuser,0,0,0,58.99,taxable,,Home & Household,Green People Alexandra Kay Time To Breathe Essential Oil Scent Diffuser. A home and household product.,No regulation
simple,0020714773823,Clinique Even Better Clinical Dark Spot Corrector & Optimizer 50ml,0,0,0,58.39,taxable,,General Health,Clinique Even Better Clinical Dark Spot Corrector & Optimizer 50ml. A health and wellbeing product. Supplied as 50ml.,No regulation
simple,5060203791919,"Terranova Red Yeast Rice, CoQ10 & Bergamot Complex 100 Capsules",0,0,0,57.99,taxable,,Vitamins,"Terranova Red Yeast Rice, CoQ10 & Bergamot Complex 100 Capsules. A vitamins and supplements product. Supplied as 100 Capsules.",No regulation
simple,5013945120332,Androgenetic Alopecia Treatment - Propecia 1mg 28 Tablets,0,0,0,57.99,taxable,zero-rate,Men's Health,"Androgenetic Alopecia Treatment - Propecia 1mg 28 Tablets. Prescription-only medicine, supplied after an online consultation with our pharmacist. Always read the label and any leaflet supplied. If symptoms persist, speak to your pharmacist or doctor. Supplied as 28 Tablets.",P
simple,7350082940163,Swiss Clinic Hair Renewal Serum 50ml,0,0,0,57.89,taxable,,Hair Care,Swiss Clinic Hair Renewal Serum 50ml. A hair care product. Supplied as 50ml.,No regulation
simple,7350082940224,Swiss Clinic Eyebrow Growth Serum 6ml,0,0,0,57.89,taxable,,Skincare,Swiss Clinic Eyebrow Growth Serum 6ml. A skincare product. Supplied as 6ml.,No regulation
simple,7350082940361,Swiss Clinic Reviving Face Serum 30ml,0,0,0,57.89,taxable,,Skincare,Swiss Clinic Reviving Face Serum 30ml. A skincare product. Supplied as 30ml.,No regulation
simple,5060018510019,KIKI Health Organic Nature's Living Superfood 300g,0,0,0,57.49,taxable,,Vitamins,KIKI Health Organic Nature's Living Superfood 300g. A vitamins and supplements product. Supplied as 300g.,No regulation
simple,0033984018235,Solgar Nutri-Nano Coq-10 Ala 60 Softgels,0,0,0,57.39,taxable,,Vitamins,Solgar Nutri-Nano Coq-10 Ala 60 Softgels. A vitamins and supplements product. Supplied as 60 Softgels.,No regulation
simple,5013457010817,Viagra 25mg 8 Tablets,0,0,0,56.99,taxable,zero-rate,Sexual Wellness,"Viagra 25mg 8 Tablets. Prescription-only medicine, supplied after an online consultation with our pharmacist. Always read the label and any leaflet supplied. If symptoms persist, speak to your pharmacist or doctor. Supplied as 8 Tablets.",P
simple,0033984004245,Solgar Earth Source Multi-Nutrient 180 Tablets,0,0,0,56.99,taxable,,Vitamins,Solgar Earth Source Multi-Nutrient 180 Tablets. A vitamins and supplements product. Supplied as 180 Tablets.,No regulation
simple,0033984026025,Solgar Shark Cartilage 750mg 180 Capsules,0,0,0,56.99,taxable,,Vitamins,Solgar Shark Cartilage 750mg 180 Capsules. A vitamins and supplements product. Supplied as 180 Capsules.,No regulation
simple,5060409330233,Zen CBD Oil 10% (1000mg) 10ml,0,0,0,56.76,taxable,,Skincare,Zen CBD Oil 10% (1000mg) 10ml. A skincare product. Supplied as 10ml.,No regulation
simple,3800219793789,Alteya Organic Bio Damascena - Rose Otto Regenerating Concentrate 30ml,0,0,0,56.29,taxable,,General Health,Alteya Organic Bio Damascena - Rose Otto Regenerating Concentrate 30ml. A health and wellbeing product. Supplied as 30ml.,No regulation
simple,0658556025017,Planet Paleo Marine Collagen 450g,0,0,0,55.99,taxable,,Vitamins,Planet Paleo Marine Collagen 450g. A vitamins and supplements product. Supplied as 450g.,No regulation
simple,5060391847399,Pure Gold Manuka Honey 340 MGO 500g,0,0,0,55.99,taxable,,General Health,Pure Gold Manuka Honey 340 MGO 500g. A health and wellbeing product. Supplied as 500g.,No regulation
simple,0033984007390,Solgar Advanced Multi-Billion Dophilus 120 Capsules,0,0,0,55.99,taxable,,Vitamins,Solgar Advanced Multi-Billion Dophilus 120 Capsules. A vitamins and supplements product. Supplied as 120 Capsules.,No regulation
simple,0033984036680,Solgar Whey To Go Protein Powder (Vanilla) 907g Powder,0,0,0,55.39,taxable,,Vitamins,Solgar Whey To Go Protein Powder (Vanilla) 907g Powder. A vitamins and supplements product. Supplied as 907g.,No regulation
simple,5021791001033,Freestyle Libre 2 Sensor,0,0,0,54.99,taxable,,General Health,Freestyle Libre 2 Sensor. A health and wellbeing product.,No regulation
simple,5060086610512,Optibac Probiotics for Every Day Extra Strength 90 Capsules,0,0,0,54.99,taxable,,Digestive,"Optibac Probiotics for Every Day Extra Strength 90 Capsules. Always read the label and any leaflet supplied. If symptoms persist, speak to your pharmacist or doctor. Supplied as 90 Capsules.",No regulation
simple,5025970011875,Eucerin Hyaluron-Filler Anti-Age Starter Kit,0,0,0,53.99,taxable,,General Health,Eucerin Hyaluron-Filler Anti-Age Starter Kit. A health and wellbeing product.,No regulation
simple,7350082940712,Swiss Clinic Regenerating Cream,0,0,0,53.29,taxable,,Skincare,Swiss Clinic Regenerating Cream. A skincare product.,No regulation
simple,5060202183944,Cytoplan Cell-Active Glutathione 60 Capsules,0,0,0,52.99,taxable,,Vitamins,Cytoplan Cell-Active Glutathione 60 Capsules. A vitamins and supplements product. Supplied as 60 Capsules.,No regulation
simple,8809480780349,Shangpree S Energy All Day Preparation Toner 120ml,0,0,0,52.99,taxable,,Skincare,Shangpree S Energy All Day Preparation Toner 120ml. A skincare product. Supplied as 120ml.,No regulation
simple,5707725401505,Nourella Skin Rejuvenation System Dual Pack 60 Tablets + 50ml Cream,0,0,0,52.99,taxable,,Skincare,Nourella Skin Rejuvenation System Dual Pack 60 Tablets + 50ml Cream. A skincare product. Supplied as 50ml.,No regulation
simple,0033984020672,Solgar Omnium 90 Tablets,0,0,0,52.69,taxable,,Vitamins,Solgar Omnium 90 Tablets. A vitamins and supplements product. Supplied as 90 Tablets.,No regulation
simple,5031013103476,Higher Nature True Food Vitamin E 180 Capsules,0,0,0,52.59,taxable,,Vitamins,Higher Nature True Food Vitamin E 180 Capsules. A vitamins and supplements product. Supplied as 180 Capsules.,No regulation
simple,5060018511214,KIKI Health Body Biotics 120 Capsules,0,0,0,52.49,taxable,,Vitamins,KIKI Health Body Biotics 120 Capsules. A vitamins and supplements product. Supplied as 120 Capsules.,No regulation
simple,5028392001561,Metagenics Ultra Potent Vitamin C 1000mg 90 Tablets,0,0,0,51.99,taxable,,Vitamins,Metagenics Ultra Potent Vitamin C 1000mg 90 Tablets. A vitamins and supplements product. Supplied as 90 Tablets.,No regulation
simple,5031013104572,Higher Nature Advanced Brain Nutrients 180 Capsules,0,0,0,51.89,taxable,,Vitamins,Higher Nature Advanced Brain Nutrients 180 Capsules. A vitamins and supplements product. Supplied as 180 Capsules.,No regulation
simple,8809480780004,Shangpree Gold Black Pearl Eye Mask,0,0,0,51.89,taxable,,Eye Care,"Shangpree Gold Black Pearl Eye Mask. Always read the label and any leaflet supplied. If symptoms persist, speak to your pharmacist or doctor.",No regulation
simple,5060391846026,Pure Gold Premium Select 525+MGO Manuka Honey 500g,0,0,0,51.19,taxable,,General Health,Pure Gold Premium Select 525+MGO Manuka Honey 500g. A health and wellbeing product. Supplied as 500g.,No regulation
simple,4210201161479,Oral-B Smart 4 Bluetooth Electric Toothbrush Europlug,0,0,0,51.19,taxable,,Oral Care,Oral-B Smart 4 Bluetooth Electric Toothbrush Europlug. An oral care product.,No regulation
simple,7350082940217,Swiss Clinic Eyelash Growth Serum 6ml,0,0,0,51.19,taxable,,Skincare,Swiss Clinic Eyelash Growth Serum 6ml. A skincare product. Supplied as 6ml.,No regulation
simple,5707725100217,Nourkrin Woman 1 Month Supply 60 Tablets,0,0,0,51.09,taxable,,Hair Care,Nourkrin Woman 1 Month Supply 60 Tablets. A hair care product. Supplied as 60 Tablets.,No regulation
simple,7350082940408,Swiss Clinic Cryogel Body Serum 100ml,0,0,0,50.29,taxable,,Skincare,Swiss Clinic Cryogel Body Serum 100ml. A skincare product. Supplied as 100ml.,No regulation
simple,5060499390643,Weight Loss Treatment - Orlistat 120mg 84 Capsules,0,0,0,49.99,taxable,zero-rate,Weight Management,"Weight Loss Treatment - Orlistat 120mg 84 Capsules. Prescription-only medicine, supplied after an online consultation with our pharmacist. Always read the label and any leaflet supplied. If symptoms persist, speak to your pharmacist or doctor. Supplied as 84 Capsules.",P
simple,0033984010536,Solgar Ester-C Plus 1000mg Vitamin C 180 Tablets,0,0,0,49.99,taxable,,Vitamins,Solgar Ester-C Plus 1000mg Vitamin C 180 Tablets. A vitamins and supplements product. Supplied as 180 Tablets.,No regulation
simple,9335955004973,MooGoo Cream Conditioner 2.5l,0,0,0,49.99,taxable,,Hair Care,MooGoo Cream Conditioner 2.5l. A hair care product. Supplied as 2.5l.,No regulation
simple,0033984011519,"Solgar Formula Vitamin B-Complex ""100"" Extra High Potency 250 Capsules",0,0,0,49.99,taxable,,Vitamins,"Solgar Formula Vitamin B-Complex ""100"" Extra High Potency 250 Capsules. A vitamins and supplements product. Supplied as 250 Capsules.",No regulation
simple,8001090909268,Clearblue Connected Ovulation Test System,0,0,0,49.99,taxable,,Women's Health,Clearblue Connected Ovulation Test System. A women's health product.,No regulation
simple,5060391847757,Dr. Organic Tea Tree Body Wash 5L,0,0,0,49.99,taxable,,Beauty,Dr. Organic Tea Tree Body Wash 5L. A health and beauty product. Supplied as 5L.,No regulation
simple,9335955004966,MooGoo Milk Shampoo 2.5l,0,0,0,49.99,taxable,,Hair Care,MooGoo Milk Shampoo 2.5l. A hair care product. Supplied as 2.5l.,No regulation
simple,5014602401061,Cialis Tadalafil 20mg 4 Tablets,0,0,0,49.99,taxable,zero-rate,Sexual Wellness,"Cialis Tadalafil 20mg 4 Tablets. Prescription-only medicine, supplied after an online consultation with our pharmacist. Always read the label and any leaflet supplied. If symptoms persist, speak to your pharmacist or doctor. Supplied as 4 Tablets.",P
simple,5054563013729,Alli 60mg Hard Capsules 84 Pack,0,0,0,49.99,taxable,,Weight Management,"Alli 60mg Hard Capsules 84 Pack. Prescription-only medicine, supplied after an online consultation with our pharmacist. Always read the label and any leaflet supplied. If symptoms persist, speak to your pharmacist or doctor. Supplied as 84 Pack.",P
simple,0085805411169,Elizabeth Arden Ceramide 50ml Lift & Firm Day Cream SPF15,0,0,0,49.99,taxable,,Skincare,Elizabeth Arden Ceramide 50ml Lift & Firm Day Cream SPF15. A skincare product. Supplied as 50ml.,No regulation
simple,1230000026000,Altrient Liposomal Vitamin C 30 x 5.7ml Sachets,0,0,0,49.96,taxable,,Vitamins,Altrient Liposomal Vitamin C 30 x 5.7ml Sachets. A vitamins and supplements product. Supplied as 30 x 5.7ml.,No regulation
simple,3380811099101,Clarins Super Restorative Total Eye Concentrate Eye Cream 15ml,0,0,0,49.89,taxable,,Skincare,Clarins Super Restorative Total Eye Concentrate Eye Cream 15ml. A skincare product. Supplied as 15ml.,No regulation
simple,5014602401054,Cialis Tadalafil 10mg 4 Tablets,0,0,0,49.69,taxable,zero-rate,Sexual Wellness,"Cialis Tadalafil 10mg 4 Tablets. Prescription-only medicine, supplied after an online consultation with our pharmacist. Always read the label and any leaflet supplied. If symptoms persist, speak to your pharmacist or doctor. Supplied as 4 Tablets.",P
simple,5060332530472,"Lindens Health + Nutrition Serrapeptase 80,000IU 500 Tablets",0,0,0,49.59,taxable,,Vitamins,"Lindens Health + Nutrition Serrapeptase 80,000IU 500 Tablets. A vitamins and supplements product. Supplied as 500 Tablets.",No regulation
simple,0033984036734,Solgar Whey To Go Protein Powder (Chocolate) 1162g,0,0,0,49.39,taxable,,Vitamins,Solgar Whey To Go Protein Powder (Chocolate) 1162g. A vitamins and supplements product. Supplied as 1162g.,No regulation
simple,7350082940996,Swiss Clinic Skin Roller,0,0,0,48.99,taxable,,Skincare,Swiss Clinic Skin Roller. A skincare product.,No regulation
simple,0658556025246,Planet Paleo Organic Bone Broth Collagen Protein - Cooling Herbs 450g,0,0,0,48.99,taxable,,Vitamins,Planet Paleo Organic Bone Broth Collagen Protein - Cooling Herbs 450g. A vitamins and supplements product. Supplied as 450g.,No regulation
simple,0658556025260,Planet Paleo Bone Broth Sports Protein Vanilla & Banana 480g,0,0,0,48.99,taxable,,Vitamins,Planet Paleo Bone Broth Sports Protein Vanilla & Banana 480g. A vitamins and supplements product. Supplied as 480g.,No regulation
simple,0658556025147,Planet Paleo Organic Bone Broth Collagen Protein - Pure 450g,0,0,0,48.99,taxable,,Vitamins,Planet Paleo Organic Bone Broth Collagen Protein - Pure 450g. A vitamins and supplements product. Supplied as 450g.,No regulation
simple,0658556025161,Planet Paleo Organic Bone Broth Collagen Protein Original 450g,0,0,0,48.99,taxable,,Vitamins,Planet Paleo Organic Bone Broth Collagen Protein Original 450g. A vitamins and supplements product. Supplied as 450g.,No regulation
simple,5038227000423,Priligy - Dapoxetine 60mg 6 Tablets,0,0,0,48.99,taxable,zero-rate,Prescription Medicines,"Priligy - Dapoxetine 60mg 6 Tablets. Prescription-only medicine, supplied after an online consultation with our pharmacist. Always read the label and any leaflet supplied. If symptoms persist, speak to your pharmacist or doctor. Supplied as 6 Tablets.",P
simple,0658556025222,Planet Paleo Bone Broth Collagen Protein Ancient Mushrooms 450g,0,0,0,48.99,taxable,,Vitamins,Planet Paleo Bone Broth Collagen Protein Ancient Mushrooms 450g. A vitamins and supplements product. Supplied as 450g.,No regulation
simple,5034511010826,Age Defy+ Retinal Booster Serum big,0,0,0,48.99,taxable,,Skincare,Age Defy+ Retinal Booster Serum big. A skincare product.,No regulation
simple,3597133090543,Virbac Effipro 402mg Spot-On for Dogs 40-60kg 4 Pack,0,0,0,48.99,taxable,,Pet Care,Virbac Effipro 402mg Spot-On for Dogs 40-60kg 4 Pack. A pet care product. Supplied as 4 Pack.,No regulation
simple,0658556025185,Planet Paleo Organic Bone Broth Collagen Protein Golden Turmeric 450g,0,0,0,48.99,taxable,,Vitamins,Planet Paleo Organic Bone Broth Collagen Protein Golden Turmeric 450g. A vitamins and supplements product. Supplied as 450g.,No regulation
simple,0850006075058,Results Rna Acg Glutathione Extra Strength Spray 60ml,0,0,0,48.39,taxable,,Beauty,Results Rna Acg Glutathione Extra Strength Spray 60ml. A health and beauty product. Supplied as 60ml.,No regulation
simple,5060571721846,"UpCircle Cleanse, Tone + Moisturise Set",0,0,0,48.15,taxable,,Skincare,"UpCircle Cleanse, Tone + Moisturise Set. A skincare product.",No regulation
simple,5060391847740,Dr. Organic Moroccan Argan Oil Body Wash 5L,0,0,0,47.99,taxable,,Beauty,Dr. Organic Moroccan Argan Oil Body Wash 5L. A health and beauty product. Supplied as 5L.,No regulation
simple,7350082940125,Swiss Clinic Whitening System 9ml,0,0,0,47.99,taxable,,Oral Care,Swiss Clinic Whitening System 9ml. An oral care product. Supplied as 9ml.,No regulation
simple,5060391847733,Dr. Organic Aloe Vera Body Wash 5L,0,0,0,47.99,taxable,,Beauty,Dr. Organic Aloe Vera Body Wash 5L. A health and beauty product. Supplied as 5L.,No regulation
simple,0033984009486,Solgar Coq-10 200mg 30 Vegetable Capsules,0,0,0,47.25,taxable,,Vitamins,Solgar Coq-10 200mg 30 Vegetable Capsules. A vitamins and supplements product. Supplied as 200mg.,No regulation
simple,5034511006898,Green People Skin Gym Kit,0,0,0,47.09,taxable,,Skincare,Green People Skin Gym Kit. A skincare product.,No regulation
simple,0033984007383,Solgar Advanced 40+ Acidophilus 120 Capsules,0,0,0,46.99,taxable,,Vitamins,Solgar Advanced 40+ Acidophilus 120 Capsules. A vitamins and supplements product. Supplied as 120 Capsules.,No regulation
simple,5060204164026,Maloff Protect 24 Tablets,0,0,0,46.99,taxable,,Prescription Medicines,"Maloff Protect 24 Tablets. Prescription-only medicine, supplied after an online consultation with our pharmacist. Always read the label and any leaflet supplied. If symptoms persist, speak to your pharmacist or doctor. Supplied as 24 Tablets.",P
simple,5012917010572,Frontline Tri-Act for Dogs 40-60kg 3 Pack,0,0,0,46.99,taxable,,Pet Care,Frontline Tri-Act for Dogs 40-60kg 3 Pack. A pet care product. Supplied as 3 Pack.,No regulation
simple,0021078008231,Source Naturals Wellness Formula 180 Tablets,0,0,0,45.99,taxable,,Vitamins,Source Naturals Wellness Formula 180 Tablets. A vitamins and supplements product. Supplied as 180 Tablets.,No regulation
simple,5707725100255,Nourkrin Man 1 Month Supply 60 Tablets,0,0,0,45.99,taxable,,Hair Care,Nourkrin Man 1 Month Supply 60 Tablets. A hair care product. Supplied as 60 Tablets.,No regulation
simple,0033984020535,Solgar Double Strength Omega-3 120 Softgels,0,0,0,45.99,taxable,,Vitamins,Solgar Double Strength Omega-3 120 Softgels. A vitamins and supplements product. Supplied as 120 Softgels.,No regulation
simple,0658556025284,Planet Paleo Bone Broth Sports Protein Chocolate 480g,0,0,0,45.99,taxable,,Vitamins,Planet Paleo Bone Broth Sports Protein Chocolate 480g. A vitamins and supplements product. Supplied as 480g.,No regulation
simple,5060203792015,Terranova Life Drink (Unflavoured) 454g,0,0,0,45.99,taxable,,Vitamins,Terranova Life Drink (Unflavoured) 454g. A vitamins and supplements product. Supplied as 454g.,No regulation
simple,0020714297923,Clinique Redness Solutions Daily Relief Cream 50ml,0,0,0,45.99,taxable,,Skincare,Clinique Redness Solutions Daily Relief Cream 50ml. A skincare product. Supplied as 50ml.,No regulation
simple,5060334120107,Norgalax 6 Micro-Enemas 10g,0,0,0,45.99,taxable,,Prescription Medicines,"Norgalax 6 Micro-Enemas 10g. Prescription-only medicine, supplied after an online consultation with our pharmacist. Always read the label and any leaflet supplied. If symptoms persist, speak to your pharmacist or doctor. Supplied as 10g.",P
simple,0753950002838,Doctor's Best Brain Magnesium with Magtein 50 mg 90 Veggie Capsules,0,0,0,45.99,taxable,,Vitamins,Doctor's Best Brain Magnesium with Magtein 50 mg 90 Veggie Capsules. A vitamins and supplements product. Supplied as 50 mg.,No regulation
simple,5031013102233,Higher Nature True Food All Man 180 Capsules,0,0,0,45.49,taxable,,Vitamins,Higher Nature True Food All Man 180 Capsules. A vitamins and supplements product. Supplied as 180 Capsules.,No regulation
simple,5031812509158,Coatex Liquid Pump 150ml,0,0,0,45.29,taxable,,General Health,Coatex Liquid Pump 150ml. A health and wellbeing product. Supplied as 150ml.,No regulation
simple,0033984011830,Solgar Formula Vm-75 Extra Potency 180 Tablets,0,0,0,44.99,taxable,,Vitamins,Solgar Formula Vm-75 Extra Potency 180 Tablets. A vitamins and supplements product. Supplied as 180 Tablets.,No regulation
simple,5060203790080,Terranova Coq10 100mg Complex 100 Pack,0,0,0,44.99,taxable,,Vitamins,Terranova Coq10 100mg Complex 100 Pack. A vitamins and supplements product. Supplied as 100 Pack.,No regulation
simple,0033984010499,Solgar Ester-C Plus 500mg Vitamin C 250 Capsules,0,0,0,44.99,taxable,,Vitamins,Solgar Ester-C Plus 500mg Vitamin C 250 Capsules. A vitamins and supplements product. Supplied as 250 Capsules.,No regulation
simple,0658556025208,Planet Paleo Organic Bone Broth Collagen Protein Herbal Defence 450g,0,0,0,44.99,taxable,,Vitamins,Planet Paleo Organic Bone Broth Collagen Protein Herbal Defence 450g. A vitamins and supplements product. Supplied as 450g.,No regulation
simple,5060018516561,KIKI NMN 60 Vegicaps,0,0,0,44.99,taxable,,General Health,KIKI NMN 60 Vegicaps. A health and wellbeing product.,No regulation
simple,8710103895060,Phillips Avent Anti-Colic Baby Bottle Starter Gift Set,0,0,0,44.99,taxable,,Baby & Child,Phillips Avent Anti-Colic Baby Bottle Starter Gift Set. A baby and child product.,No regulation
simple,5060018516608,KIKI Himalayan Shilajit 30g,0,0,0,44.99,taxable,,General Health,KIKI Himalayan Shilajit 30g. A health and wellbeing product. Supplied as 30g.,No regulation
simple,5000243502939,Minami PlusEPA Smart Fats 60 Capsules,0,0,0,44.95,taxable,,Vitamins,Minami PlusEPA Smart Fats 60 Capsules. A vitamins and supplements product. Supplied as 60 Capsules.,No regulation
simple,3337873400994,Sanoflore Merveilleuse Essence 30ml,0,0,0,44.89,taxable,,General Health,Sanoflore Merveilleuse Essence 30ml. A health and wellbeing product. Supplied as 30ml.,No regulation
simple,0033984009363,Solgar Coq-10 60mg 60 Capsules,0,0,0,44.49,taxable,,Vitamins,Solgar Coq-10 60mg 60 Capsules. A vitamins and supplements product. Supplied as 60 Capsules.,No regulation
simple,0033984013223,Solgar L-Glutamine 500mg 250 Capsules,0,0,0,44.49,taxable,,Vitamins,Solgar L-Glutamine 500mg 250 Capsules. A vitamins and supplements product. Supplied as 250 Capsules.,No regulation
simple,5060202181001,Cytoplan Improved: Phytoshield: Phyto-antioxidant 60 Capsules,0,0,0,43.99,taxable,,Vitamins,Cytoplan Improved: Phytoshield: Phyto-antioxidant 60 Capsules. A vitamins and supplements product. Supplied as 60 Capsules.,No regulation
simple,0033984020580,Solgar Triple Strength Omega-3 100 Softgels,0,0,0,43.99,taxable,,Vitamins,Solgar Triple Strength Omega-3 100 Softgels. A vitamins and supplements product. Supplied as 100 Softgels.,No regulation
simple,0033984008335,Solgar Whey To Go Unflavoured Protein 1044g,0,0,0,43.99,taxable,,Vitamins,Solgar Whey To Go Unflavoured Protein 1044g. A vitamins and supplements product. Supplied as 1044g.,No regulation
simple,0814784027258,SunWarrior Protein Classic Unflavoured 750g,0,0,0,43.99,taxable,,Vitamins,SunWarrior Protein Classic Unflavoured 750g. A vitamins and supplements product. Supplied as 750g.,No regulation
simple,0814784027265,SunWarrior Protein Classic Chocolate 750g,0,0,0,43.99,taxable,,Vitamins,SunWarrior Protein Classic Chocolate 750g. A vitamins and supplements product. Supplied as 750g.,No regulation
simple,0796548445020,Revive Collagen - Menopause Max Collagen Drink 14 sachets,0,0,0,43.99,taxable,,Women's Health,Revive Collagen - Menopause Max Collagen Drink 14 sachets. A women's health product. Supplied as 14 sachets.,No regulation
simple,0814784027104,SunWarrior Protein Warrior Blend Berry 750g,0,0,0,43.99,taxable,,Vitamins,SunWarrior Protein Warrior Blend Berry 750g. A vitamins and supplements product. Supplied as 750g.,No regulation
simple,5034511006782,Green People Heritage Beauty Trio 3 x 50ml,0,0,0,43.99,taxable,,General Health,Green People Heritage Beauty Trio 3 x 50ml. A health and wellbeing product. Supplied as 3 x 50ml.,No regulation
simple,0739090023254,Fipnil Plus Spot-On Solution for Extra Large Dogs 3 x 4.02ml,0,0,0,43.98,taxable,,General Health,Fipnil Plus Spot-On Solution for Extra Large Dogs 3 x 4.02ml. A health and wellbeing product. Supplied as 3 x 4.02ml.,No regulation
simple,5060086610802,Optibac Probiotics for Women 90 Capsules,0,0,0,43.89,taxable,,Women's Health,Optibac Probiotics for Women 90 Capsules. A women's health product. Supplied as 90 Capsules.,No regulation
simple,0658556024522,Planet Paleo Keto C8 MCT Oil 1000ml,0,0,0,43.89,taxable,,Skincare,Planet Paleo Keto C8 MCT Oil 1000ml. A skincare product. Supplied as 1000ml.,No regulation
simple,5060332533688,Lindens Health + Nutrition Glucosamine & Chondroitin 500/400 365 Capsules,0,0,0,42.99,taxable,,Vitamins,Lindens Health + Nutrition Glucosamine & Chondroitin 500/400 365 Capsules. A vitamins and supplements product. Supplied as 365 Capsules.,No regulation
simple,5060259570179,Gold Collagen Forte 10x50ml,0,0,0,42.99,taxable,,Vitamins,Gold Collagen Forte 10x50ml. A vitamins and supplements product. Supplied as 10x50ml.,No regulation
simple,5034511005983,Age Defy+ Tinted DD Moisturiser SPF15 Medium 30ml,0,0,0,42.99,taxable,,Skincare,Age Defy+ Tinted DD Moisturiser SPF15 Medium 30ml. A skincare product. Supplied as 30ml.,No regulation
simple,5034511005976,Age Defy+ Tinted SPF15 Moisturiser Light 30ml,0,0,0,42.99,taxable,,Skincare,Age Defy+ Tinted SPF15 Moisturiser Light 30ml. A skincare product. Supplied as 30ml.,No regulation
simple,0658556025062,Planet Paleo Keto Collagen 440g,0,0,0,42.99,taxable,,Vitamins,Planet Paleo Keto Collagen 440g. A vitamins and supplements product. Supplied as 440g.,No regulation
simple,5060202180134,Cytoplan Foundation Formula 120 Tablets,0,0,0,42.99,taxable,,Beauty,Cytoplan Foundation Formula 120 Tablets. A health and beauty product. Supplied as 120 Tablets.,No regulation
simple,5028392002681,Metagenics MegaMag PeriMeno Plus 30 Servings,0,0,0,42.99,taxable,,General Health,Metagenics MegaMag PeriMeno Plus 30 Servings. A health and wellbeing product.,No regulation
simple,0658556025086,Planet Paleo Keto C8 MCT Powder 440g,0,0,0,42.99,taxable,,Vitamins,Planet Paleo Keto C8 MCT Powder 440g. A vitamins and supplements product. Supplied as 440g.,No regulation
simple,5060203796174,Terranova CurcuSol Curmin Complex (BioSNEDS) 100's (NEW PRODUCT),0,0,0,42.99,taxable,,Vitamins,Terranova CurcuSol Curmin Complex (BioSNEDS) 100's (NEW PRODUCT). A vitamins and supplements product.,No regulation
simple,0814784027142,SunWarrior Protein Warrior Blend Vanilla 750g,0,0,0,42.99,taxable,,Vitamins,SunWarrior Protein Warrior Blend Vanilla 750g. A vitamins and supplements product. Supplied as 750g.,No regulation
simple,3800219790375,Alteya Organic Rose Otto Ageless Face Cream Bio Damascena 50ml,0,0,0,42.99,taxable,,Skincare,Alteya Organic Rose Otto Ageless Face Cream Bio Damascena 50ml. A skincare product. Supplied as 50ml.,No regulation
simple,5060363050390,Tom Oliver Nutrition Probiotic Complete 60 Pack,0,0,0,42.89,taxable,,Digestive,"Tom Oliver Nutrition Probiotic Complete 60 Pack. Always read the label and any leaflet supplied. If symptoms persist, speak to your pharmacist or doctor. Supplied as 60 Pack.",No regulation
simple,5017978000012,Probio 7 Ultra 30 Vegecaps,0,0,0,42.89,taxable,,Vitamins,Probio 7 Ultra 30 Vegecaps. A vitamins and supplements product.,No regulation
simple,8809480780011,Shangpree Gold Hydrogel Eye Mask,0,0,0,42.89,taxable,,Eye Care,"Shangpree Gold Hydrogel Eye Mask. Always read the label and any leaflet supplied. If symptoms persist, speak to your pharmacist or doctor.",No regulation
simple,5060259571565,Gold Collagen Forte Plus 10 x 50ml,0,0,0,42.59,taxable,,Vitamins,Gold Collagen Forte Plus 10 x 50ml. A vitamins and supplements product. Supplied as 10 x 50ml.,No regulation
simple,0634158532955,Wild Nutrition Hyaluronic Acid 30 Capsules,0,0,0,42.00,taxable,,Vitamins,Wild Nutrition Hyaluronic Acid 30 Capsules. A vitamins and supplements product. Supplied as 30 Capsules.,No regulation
simple,3574660663136,Nicorette Inhalator 15mg 36 Cartridges,0,0,0,41.99,taxable,zero-rate,Stop Smoking,Nicorette Inhalator 15mg 36 Cartridges. A stop-smoking product. Supplied as 15mg.,GSL
simple,0754590219792,Revive Collagen Enhanced Plus - Marine Collagen Drink 14 sachets,0,0,0,41.99,taxable,,Vitamins,Revive Collagen Enhanced Plus - Marine Collagen Drink 14 sachets. A vitamins and supplements product. Supplied as 14 sachets.,No regulation
simple,5034511029422,Green People OY! Born Free My Skin Goals Set,0,0,0,41.99,taxable,,Skincare,Green People OY! Born Free My Skin Goals Set. A skincare product.,No regulation
simple,0658010120838,Raw Organic Fit Chocolate 455g,0,0,0,41.99,taxable,,General Health,Raw Organic Fit Chocolate 455g. A health and wellbeing product. Supplied as 455g.,No regulation
simple,0658010120913,Raw Organic Protein & Greens Chocolate 610g,0,0,0,41.99,taxable,,Vitamins,Raw Organic Protein & Greens Chocolate 610g. A vitamins and supplements product. Supplied as 610g.,No regulation
simple,5060259571640,Gold Collagen Hairlift 10x50ml,0,0,0,41.99,taxable,,Hair Care,Gold Collagen Hairlift 10x50ml. A hair care product. Supplied as 10x50ml.,No regulation
simple,5425018610600,Minami MorEPA Smart Fats 2 x 60 Capsules,0,0,0,41.39,taxable,,Vitamins,Minami MorEPA Smart Fats 2 x 60 Capsules. A vitamins and supplements product. Supplied as 2 x 60 Capsules.,No regulation
simple,5060704340463,Acala Zero Waste Essentials Bag with Razor,0,0,0,41.39,taxable,,Men's Grooming,Acala Zero Waste Essentials Bag with Razor. A men's grooming product.,No regulation
simple,5056555204672,Applied Nutrition WHEY Advanced Protein Banana Milkshake Flavour 2kg,0,0,0,40.99,taxable,,Vitamins,Applied Nutrition WHEY Advanced Protein Banana Milkshake Flavour 2kg. A vitamins and supplements product. Supplied as 2kg.,No regulation
simple,5056555202494,Applied Nutrition WHEY Advanced Protein Salted Caramel Flavour 2kg,0,0,0,40.99,taxable,,Vitamins,Applied Nutrition WHEY Advanced Protein Salted Caramel Flavour 2kg. A vitamins and supplements product. Supplied as 2kg.,No regulation
simple,5034511006751,Green People AHA Radiance Peel Mask,0,0,0,40.99,taxable,,Skincare,Green People AHA Radiance Peel Mask. A skincare product.,No regulation
simple,5056555204702,Applied Nutrition WHEY Advanced Protein Strawberry Milkshake Flavour 2kg,0,0,0,40.99,taxable,,Vitamins,Applied Nutrition WHEY Advanced Protein Strawberry Milkshake Flavour 2kg. A vitamins and supplements product. Supplied as 2kg.,No regulation
simple,0658556024997,Planet Paleo Osteo Collagen 175g,0,0,0,40.99,taxable,,Vitamins,Planet Paleo Osteo Collagen 175g. A vitamins and supplements product. Supplied as 175g.,No regulation
simple,5060518931451,Zooki Vitamin D3 + Vitamin K2 Liposomal Mixed Berry Liquid Sachets 30 x 10ml,0,0,0,40.99,taxable,,Vitamins,Zooki Vitamin D3 + Vitamin K2 Liposomal Mixed Berry Liquid Sachets 30 x 10ml. A vitamins and supplements product. Supplied as 30 x 10ml.,No regulation
simple,5060203793296,Terranova Ginseng 500mg (Fresh Freeze Dried- Organic) 100 Pack,0,0,0,40.99,taxable,,Vitamins,Terranova Ginseng 500mg (Fresh Freeze Dried- Organic) 100 Pack. A vitamins and supplements product. Supplied as 100 Pack.,No regulation
simple,5060203790806,Terranova Amino Freedom Protein Digestion Complex 100 Pack,0,0,0,40.99,taxable,,Vitamins,Terranova Amino Freedom Protein Digestion Complex 100 Pack. A vitamins and supplements product. Supplied as 100 Pack.,No regulation
simple,5060102300724,Udo's Choice Super 8 60 Vegecaps,0,0,0,40.99,taxable,,General Health,Udo's Choice Super 8 60 Vegecaps. A health and wellbeing product.,No regulation
simple,4001638086608,Weleda Evening Primrose Concentrate 30ml,0,0,0,40.89,taxable,,Vitamins,Weleda Evening Primrose Concentrate 30ml. A vitamins and supplements product. Supplied as 30ml.,No regulation
simple,5000243503134,Minami PluShinzO-3 + Anti-Oxidant Complex 30 Softgels,0,0,0,40.89,taxable,,Vitamins,Minami PluShinzO-3 + Anti-Oxidant Complex 30 Softgels. A vitamins and supplements product. Supplied as 30 Softgels.,No regulation
simple,5391531562538,Spotlight Oral Care Make Smiles Happen for Her Set,0,0,0,40.89,taxable,,Oral Care,Spotlight Oral Care Make Smiles Happen for Her Set. An oral care product.,No regulation
simple,0814784026800,SunWarrior Collagen Building Protein Peptides Unflavoured 500g,0,0,0,40.89,taxable,,Vitamins,SunWarrior Collagen Building Protein Peptides Unflavoured 500g. A vitamins and supplements product. Supplied as 500g.,No regulation
simple,5391531562521,Spotlight Oral Care Make Smiles Happen for Him set,0,0,0,40.89,taxable,,Oral Care,Spotlight Oral Care Make Smiles Happen for Him set. An oral care product.,No regulation
simple,9421900569809,Antipodes Apostle Sensitive Skin Renew Serum 30ml,0,0,0,40.89,taxable,,Skincare,Antipodes Apostle Sensitive Skin Renew Serum 30ml. A skincare product. Supplied as 30ml.,No regulation
simple,5060332535071,Lindens Health + Nutrition Vegetarian Omega 3 6 & 9 1000mg 360 Capsules,0,0,0,40.69,taxable,,Vitamins,Lindens Health + Nutrition Vegetarian Omega 3 6 & 9 1000mg 360 Capsules. A vitamins and supplements product. Supplied as 360 Capsules.,No regulation
simple,5060332536245,Lindens Health + Nutrition Vegan Omega 3 6 & 9 1000mg 360 Capsules,0,0,0,40.69,taxable,,Vitamins,Lindens Health + Nutrition Vegan Omega 3 6 & 9 1000mg 360 Capsules. A vitamins and supplements product. Supplied as 360 Capsules.,No regulation
simple,3661103048855,Frontline Plus Spot-On Dog Large 3 Pipettes,0,0,0,40.29,taxable,,Pet Care,Frontline Plus Spot-On Dog Large 3 Pipettes. A pet care product.,No regulation
simple,5060203792145,Terranova Dynamic Synergy 100 Pack,0,0,0,40.19,taxable,,Vitamins,Terranova Dynamic Synergy 100 Pack. A vitamins and supplements product. Supplied as 100 Pack.,No regulation
simple,0033984013513,Solgar Maximised L-Glutathione 250mg 60 Capsules,0,0,0,39.99,taxable,,Vitamins,Solgar Maximised L-Glutathione 250mg 60 Capsules. A vitamins and supplements product. Supplied as 60 Capsules.,No regulation
simple,5010605211102,Levitra Vardenafil 10mg 4 Tablets,0,0,0,39.99,taxable,zero-rate,Sexual Wellness,"Levitra Vardenafil 10mg 4 Tablets. Prescription-only medicine, supplied after an online consultation with our pharmacist. Always read the label and any leaflet supplied. If symptoms persist, speak to your pharmacist or doctor. Supplied as 4 Tablets.",P
simple,5012917010657,Frontline Tri-Act for Dogs 10-20kg 3 Pack,0,0,0,39.99,taxable,,Pet Care,Frontline Tri-Act for Dogs 10-20kg 3 Pack. A pet care product. Supplied as 3 Pack.,No regulation
simple,0658556025024,Planet Paleo MSC Certified Beauty Collagen 285g,0,0,0,39.99,taxable,,Vitamins,Planet Paleo MSC Certified Beauty Collagen 285g. A vitamins and supplements product. Supplied as 285g.,No regulation
simple,5012917010619,Frontline Tri-Act for Dogs 20-40kg 3 Pack,0,0,0,39.99,taxable,,Pet Care,Frontline Tri-Act for Dogs 20-40kg 3 Pack. A pet care product. Supplied as 3 Pack.,No regulation
simple,0033984023048,Solgar Pycnogenol 30mg 60 Capsules,0,0,0,39.99,taxable,,Vitamins,Solgar Pycnogenol 30mg 60 Capsules. A vitamins and supplements product. Supplied as 60 Capsules.,No regulation
simple,0033984010352,Solgar Advanced Antioxidant Formula 120 Capsules,0,0,0,39.99,taxable,,Vitamins,Solgar Advanced Antioxidant Formula 120 Capsules. A vitamins and supplements product. Supplied as 120 Capsules.,No regulation
simple,0033984004399,Solgar Formula Vm-2000 180 Tablets,0,0,0,39.99,taxable,,Vitamins,Solgar Formula Vm-2000 180 Tablets. A vitamins and supplements product. Supplied as 180 Tablets.,No regulation
simple,0033984035614,Solgar Vitamin E 671mg (1000IU) 100 Softgels,0,0,0,39.99,taxable,,Vitamins,Solgar Vitamin E 671mg (1000IU) 100 Softgels. A vitamins and supplements product. Supplied as 100 Softgels.,No regulation
simple,0814784024172,SunWarrior Classic Plus Chocolate 750g,0,0,0,39.99,taxable,,Vitamins,SunWarrior Classic Plus Chocolate 750g. A vitamins and supplements product. Supplied as 750g.,No regulation
simple,0658010120883,Garden Of Life Raw Organic Protein Chocolate 660g,0,0,0,39.99,taxable,,Vitamins,Garden Of Life Raw Organic Protein Chocolate 660g. A vitamins and supplements product. Supplied as 660g.,No regulation
simple,5060086610833,Optibac Probiotics for Babies & Children 90 Sachets,0,0,0,39.99,taxable,,Digestive,"Optibac Probiotics for Babies & Children 90 Sachets. Always read the label and any leaflet supplied. If symptoms persist, speak to your pharmacist or doctor. Supplied as 90 Sachets.",No regulation
simple,5702191009415,Psoriasis treatment - Dovobet Ointment 30g,0,0,0,39.99,taxable,zero-rate,Skincare,"Psoriasis treatment - Dovobet Ointment 30g. Prescription-only medicine, supplied after an online consultation with our pharmacist. Always read the label and any leaflet supplied. If symptoms persist, speak to your pharmacist or doctor. Supplied as 30g.",P
simple,5060202185054,Cytoplan Women’s Wholefood Multi 120 Capsules,0,0,0,39.99,taxable,,Vitamins,Cytoplan Women’s Wholefood Multi 120 Capsules. A vitamins and supplements product. Supplied as 120 Capsules.,No regulation
simple,0033984009240,Solgar Coq-10 120mg 30 Capsules,0,0,0,39.99,taxable,,Vitamins,Solgar Coq-10 120mg 30 Capsules. A vitamins and supplements product. Supplied as 30 Capsules.,No regulation
simple,0814784025926,SunWarrior Classic Organic Vanilla 750g,0,0,0,39.99,taxable,,Vitamins,SunWarrior Classic Organic Vanilla 750g. A vitamins and supplements product. Supplied as 750g.,No regulation
simple,5055382306269,Alvita Arm Advanced Blood Pressure Monitor,0,0,0,39.99,taxable,,Testing & Monitoring,"Alvita Arm Advanced Blood Pressure Monitor. Always read the label and any leaflet supplied. If symptoms persist, speak to your pharmacist or doctor.",No regulation
simple,5060203791612,Terranova Advanced Beauty Complex 100 Capsules,0,0,0,39.99,taxable,,Vitamins,Terranova Advanced Beauty Complex 100 Capsules. A vitamins and supplements product. Supplied as 100 Capsules.,No regulation
simple,5420036914945,Capstar 57mg Nitenpryram for Large Dogs 6 Tablets,0,0,0,39.99,taxable,,Vitamins,Capstar 57mg Nitenpryram for Large Dogs 6 Tablets. A vitamins and supplements product. Supplied as 6 Tablets.,GSL
simple,0726754953163,Feel Supreme NMN + Astaxanthin 60 Capsules,0,0,0,39.99,taxable,,Vitamins,Feel Supreme NMN + Astaxanthin 60 Capsules. A vitamins and supplements product. Supplied as 60 Capsules.,No regulation
simple,7610313304462,A.Vogel Menoforce Sage 90 Tablets,0,0,0,39.99,taxable,,Vitamins,A.Vogel Menoforce Sage 90 Tablets. A vitamins and supplements product. Supplied as 90 Tablets.,No regulation
simple,3597133090536,Virbac Effipro 268mg Spot-On for Dogs 20-40kg 4 Pack,0,0,0,39.99,taxable,,Pet Care,Virbac Effipro 268mg Spot-On for Dogs 20-40kg 4 Pack. A pet care product. Supplied as 4 Pack.,No regulation
simple,0814784024295,SunWarrior Blend Unflavored 750g,0,0,0,39.99,taxable,,Vitamins,SunWarrior Blend Unflavored 750g. A vitamins and supplements product. Supplied as 750g.,No regulation
simple,0814784024271,SunWarrior Blend Mocha 750g,0,0,0,39.99,taxable,,Vitamins,SunWarrior Blend Mocha 750g. A vitamins and supplements product. Supplied as 750g.,No regulation
simple,5060410577184,Beauty Kitchen Pure Source Collagen Serum 30ml,0,0,0,39.99,taxable,,Skincare,Beauty Kitchen Pure Source Collagen Serum 30ml. A skincare product. Supplied as 30ml.,No regulation
simple,4064666310619,Nioxin for Natural Hair with Progressed Thinning System 2 Loyalty Kit,0,0,0,39.99,taxable,,Hair Care,Nioxin for Natural Hair with Progressed Thinning System 2 Loyalty Kit. A hair care product.,No regulation
simple,5060018513164,KIKI Health Marine Collagen Beauty Blend Powder 200g,0,0,0,39.99,taxable,,Vitamins,KIKI Health Marine Collagen Beauty Blend Powder 200g. A vitamins and supplements product. Supplied as 200g.,No regulation
simple,5034511004320,Green People Age Defy+ by Cha Vøhtz Hydra Glow Sleep Mask,0,0,0,39.99,taxable,,Skincare,Green People Age Defy+ by Cha Vøhtz Hydra Glow Sleep Mask. A skincare product.,No regulation
simple,0814784024196,SunWarrior Classic Plus Unflavored 750g,0,0,0,39.99,taxable,,Vitamins,SunWarrior Classic Plus Unflavored 750g. A vitamins and supplements product. Supplied as 750g.,No regulation
simple,5060259572296,Gold Collagen Pure Plus 10 x 50ml,0,0,0,39.99,taxable,,Vitamins,Gold Collagen Pure Plus 10 x 50ml. A vitamins and supplements product. Supplied as 10 x 50ml.,No regulation
simple,5060018516547,KIKI Spermidine 60 Vegicaps,0,0,0,39.99,taxable,,General Health,KIKI Spermidine 60 Vegicaps. A health and wellbeing product.,No regulation
simple,0814784028408,Sunwarrior Beauty Greens Collagen Booster Unflavoured 300g,0,0,0,39.99,taxable,,Vitamins,Sunwarrior Beauty Greens Collagen Booster Unflavoured 300g. A vitamins and supplements product. Supplied as 300g.,No regulation
simple,0814784027524,Sunwarrior Beauty Greens Collagen Booster Pina Colada 300g,0,0,0,39.99,taxable,,Vitamins,Sunwarrior Beauty Greens Collagen Booster Pina Colada 300g. A vitamins and supplements product. Supplied as 300g.,No regulation
simple,5031013109195,Higher Nature Collagen 180 Tablets,0,0,0,39.95,taxable,,Vitamins,Higher Nature Collagen 180 Tablets. A vitamins and supplements product. Supplied as 180 Tablets.,No regulation
simple,4005900853301,Eucerin Anti Pigment Dual Serum 30ml,0,0,0,39.89,taxable,,Skincare,Eucerin Anti Pigment Dual Serum 30ml. A skincare product. Supplied as 30ml.,No regulation
simple,5028392002667,Metagenics Algae-Sourced Calcium 90 Capsules,0,0,0,39.89,taxable,,Vitamins,Metagenics Algae-Sourced Calcium 90 Capsules. A vitamins and supplements product. Supplied as 90 Capsules.,No regulation
simple,5034511000704,Green People Scent Free Be Kind Trio 2 x 50ml,0,0,0,39.69,taxable,,General Health,Green People Scent Free Be Kind Trio 2 x 50ml. A health and wellbeing product. Supplied as 2 x 50ml.,No regulation
simple,0033984017290,Solgar MSM Powder 226g Powder,0,0,0,39.59,taxable,,Vitamins,Solgar MSM Powder 226g Powder. A vitamins and supplements product. Supplied as 226g.,No regulation
simple,5060968690434,Pregnancy + New Mother Multi 90 Capsules,0,0,0,39.49,taxable,,Vitamins,Pregnancy + New Mother Multi 90 Capsules. A vitamins and supplements product. Supplied as 90 Capsules.,No regulation
simple,5060332530762,Lindens Health + Nutrition Horny Goat Weed 1000mg 500 Capsules,0,0,0,39.49,taxable,,Vitamins,Lindens Health + Nutrition Horny Goat Weed 1000mg 500 Capsules. A vitamins and supplements product. Supplied as 500 Capsules.,No regulation
simple,0814784027203,SunWarrior Protein Classic Plus Vanilla 750g,0,0,0,39.49,taxable,,Vitamins,SunWarrior Protein Classic Plus Vanilla 750g. A vitamins and supplements product. Supplied as 750g.,No regulation
simple,5028392001998,Nutri Advanced Megamag Fem Balance 306g,0,0,0,39.49,taxable,,General Health,Nutri Advanced Megamag Fem Balance 306g. A health and wellbeing product. Supplied as 306g.,No regulation
simple,0634158637643,Turmaforte Full Spectrum Turmeric 60 Capsules,0,0,0,39.49,taxable,,Vitamins,Turmaforte Full Spectrum Turmeric 60 Capsules. A vitamins and supplements product. Supplied as 60 Capsules.,No regulation
simple,7350038490643,Dynamic Code Skin & Foot Fungus Test,0,0,0,38.99,taxable,,Skincare,Dynamic Code Skin & Foot Fungus Test. A skincare product.,No regulation
simple,0658010120845,Garden Of Life Raw Organic Fit Vanilla 465g,0,0,0,38.99,taxable,,General Health,Garden Of Life Raw Organic Fit Vanilla 465g. A health and wellbeing product. Supplied as 465g.,No regulation
simple,7350038490650,Dynamic Code Muscle Type Dna Test,0,0,0,38.99,taxable,,Pain Relief,"Dynamic Code Muscle Type Dna Test. Always read the label and any leaflet supplied. If symptoms persist, speak to your pharmacist or doctor.",No regulation
simple,0658010120906,Garden Of Life Raw Organic Protein Vanilla 620g,0,0,0,38.99,taxable,,Vitamins,Garden Of Life Raw Organic Protein Vanilla 620g. A vitamins and supplements product. Supplied as 620g.,No regulation
simple,7350038490667,Dynamic Code Fat & Health Dna Test,0,0,0,38.99,taxable,,General Health,Dynamic Code Fat & Health Dna Test. A health and wellbeing product.,No regulation
simple,0658010120937,Garden Of Life Raw Organic Protein & Greens Vanilla 550g,0,0,0,38.99,taxable,,Vitamins,Garden Of Life Raw Organic Protein & Greens Vanilla 550g. A vitamins and supplements product. Supplied as 550g.,No regulation
simple,0033984010437,Solgar Evening Primrose Oil 500mg 180 Softgels,0,0,0,38.99,taxable,,Vitamins,Solgar Evening Primrose Oil 500mg 180 Softgels. A vitamins and supplements product. Supplied as 180 Softgels.,No regulation
simple,1210001147140,Viagra Connect 8 Tablets,0,0,0,38.99,taxable,,Sexual Wellness,"Viagra Connect 8 Tablets. Prescription-only medicine, supplied after an online consultation with our pharmacist. Always read the label and any leaflet supplied. If symptoms persist, speak to your pharmacist or doctor. Supplied as 8 Tablets.",P
simple,0658010120876,Garden Of Life Raw Organic All-In-One Shake Vanilla 484g,0,0,0,38.99,taxable,,General Health,Garden Of Life Raw Organic All-In-One Shake Vanilla 484g. A health and wellbeing product. Supplied as 484g.,No regulation
simple,5420036914822,Capstar 11.4mg Nitenpryram for Cats & Small Dogs 6 Tablets,0,0,0,38.99,taxable,,Pet Care,Capstar 11.4mg Nitenpryram for Cats & Small Dogs 6 Tablets. A pet care product. Supplied as 6 Tablets.,GSL
simple,7350038490704,Dynamic Code Bacterial Vaginosis & Candida Test,0,0,0,38.99,taxable,,Women's Health,Dynamic Code Bacterial Vaginosis & Candida Test. A women's health product.,No regulation
simple,0658010120890,Garden Of Life Raw Organic Protein Unflavoured 560g,0,0,0,38.99,taxable,,Vitamins,Garden Of Life Raw Organic Protein Unflavoured 560g. A vitamins and supplements product. Supplied as 560g.,No regulation
simple,7350038490223,Dynamic Code Chlamydia & Mycoplasma Test for Men,0,0,0,38.99,taxable,,Men's Health,Dynamic Code Chlamydia & Mycoplasma Test for Men. A men's health product.,No regulation
simple,0634158637711,Endo Complex 90 Capsules,0,0,0,38.99,taxable,,Vitamins,Endo Complex 90 Capsules. A vitamins and supplements product. Supplied as 90 Capsules.,No regulation
simple,5060203790622,Terranova Vitamin D3 2000IU with Vitamin K2 100Ug Complex 100 Pack,0,0,0,38.99,taxable,,Vitamins,Terranova Vitamin D3 2000IU with Vitamin K2 100Ug Complex 100 Pack. A vitamins and supplements product. Supplied as 100 Pack.,No regulation
simple,0658010120869,Garden Of Life Raw Organic All-In-One Shake Chocolate 509g,0,0,0,38.99,taxable,,General Health,Garden Of Life Raw Organic All-In-One Shake Chocolate 509g. A health and wellbeing product. Supplied as 509g.,No regulation
simple,5060144752369,YuMOVE Advance 360 Joint Care for Dogs 60 Tablets,0,0,0,38.99,taxable,,Pet Care,YuMOVE Advance 360 Joint Care for Dogs 60 Tablets. A pet care product. Supplied as 60 Tablets.,No regulation
simple,7350038490711,Dynamic Code Nail Fungus Test,0,0,0,38.99,taxable,,Beauty,Dynamic Code Nail Fungus Test. A health and beauty product.,No regulation
simple,0033984239432,Solgar L-Glutamine Powder 200g Powder,0,0,0,38.89,taxable,,Vitamins,Solgar L-Glutamine Powder 200g Powder. A vitamins and supplements product. Supplied as 200g.,No regulation
simple,3800219792607,Alteya Organic Illuminating Perfecting Serum Rose Jasminium 30ml,0,0,0,38.89,taxable,,Skincare,Alteya Organic Illuminating Perfecting Serum Rose Jasminium 30ml. A skincare product. Supplied as 30ml.,No regulation
simple,5028392001882,Nutri Advanced Multi Essentials Pregnancy 60 Tablets,0,0,0,38.89,taxable,,Vitamins,Nutri Advanced Multi Essentials Pregnancy 60 Tablets. A vitamins and supplements product. Supplied as 60 Tablets.,No regulation
simple,5060391845982,Pure Gold Premium Select 300+mgo Manuka Honey 500g,0,0,0,38.89,taxable,zero-rate,General Health,Pure Gold Premium Select 300+mgo Manuka Honey 500g. A health and wellbeing product. Supplied as 500g.,No regulation
simple,5031013106507,Higher Nature Aeterna Gold Collagen Crème Serum 150ml,0,0,0,38.89,taxable,,Skincare,Higher Nature Aeterna Gold Collagen Crème Serum 150ml. A skincare product. Supplied as 150ml.,No regulation
simple,5028392002360,Metagenics MegaMag Night Plus 30 Servings,0,0,0,38.79,taxable,,General Health,Metagenics MegaMag Night Plus 30 Servings. A health and wellbeing product.,No regulation
simple,5060203795009,Terranova Intense Berries Super-Shake 224g,0,0,0,38.49,taxable,,Vitamins,Terranova Intense Berries Super-Shake 224g. A vitamins and supplements product. Supplied as 224g.,No regulation
simple,5028392002575,Nutri Advanced Plus Ultra Probioplex 60 Capsules,0,0,0,38.39,taxable,,Vitamins,Nutri Advanced Plus Ultra Probioplex 60 Capsules. A vitamins and supplements product. Supplied as 60 Capsules.,No regulation
simple,7350082941016,Swiss Clinic Hair Serum 2.5% 50 ml,0,0,0,38.39,taxable,,Hair Care,Swiss Clinic Hair Serum 2.5% 50 ml. A hair care product. Supplied as 50 ml.,No regulation
simple,5060203795061,Terranova Intense Greens Super-Shake 224g,0,0,0,37.99,taxable,,Vitamins,Terranova Intense Greens Super-Shake 224g. A vitamins and supplements product. Supplied as 224g.,No regulation
simple,4005900735997,Eucerin Hyaluron-Filler + Elasticity 3D Serum 30ml,0,0,0,37.99,taxable,,Skincare,Eucerin Hyaluron-Filler + Elasticity 3D Serum 30ml. A skincare product. Supplied as 30ml.,No regulation
simple,5034511006690,Green People Age Defy+ by Cha Vøhtz Liquid Gold Tanning Drops,0,0,0,37.99,taxable,,Vitamins,Green People Age Defy+ by Cha Vøhtz Liquid Gold Tanning Drops. A vitamins and supplements product.,No regulation
simple,5060203793968,Terranova Glucosamine & Hyaluronic Acid Complex 100 Pack,0,0,0,37.99,taxable,,Vitamins,Terranova Glucosamine & Hyaluronic Acid Complex 100 Pack. A vitamins and supplements product. Supplied as 100 Pack.,No regulation
simple,9421900569014,Antipodes Avocado Pear Nourishing Night Cream 60ml,0,0,0,37.99,taxable,,Skincare,Antipodes Avocado Pear Nourishing Night Cream 60ml. A skincare product. Supplied as 60ml.,No regulation
simple,4020829006911,Dr. Hauschka Soothing Intensive Treatment 40ml,0,0,0,37.99,taxable,,General Health,Dr. Hauschka Soothing Intensive Treatment 40ml. A health and wellbeing product. Supplied as 40ml.,No regulation
simple,0033984026414,Solgar Ubiquinol 100mg 50 Softgels,0,0,0,37.99,taxable,,Vitamins,Solgar Ubiquinol 100mg 50 Softgels. A vitamins and supplements product. Supplied as 50 Softgels.,No regulation
simple,0658010121002,Garden Of Life Organic Plant Calcium 90 Tabs,0,0,0,37.99,taxable,,Vitamins,Garden Of Life Organic Plant Calcium 90 Tabs. A vitamins and supplements product. Supplied as 90 Tabs.,No regulation
simple,8000300431940,Garden of Life Microbiome Once Daily Ultra 30 Capsules,0,0,0,37.99,taxable,,Vitamins,Garden of Life Microbiome Once Daily Ultra 30 Capsules. A vitamins and supplements product. Supplied as 30 Capsules.,No regulation
simple,0033984013186,Solgar Extra Strength Glucosamine Chondroitin MSM 60 Tablets,0,0,0,37.99,taxable,,Vitamins,Solgar Extra Strength Glucosamine Chondroitin MSM 60 Tablets. A vitamins and supplements product. Supplied as 60 Tablets.,No regulation
simple,7350082940910,Swiss Clinic Hyaluronic Microneedle Patches,0,0,0,37.89,taxable,,General Health,Swiss Clinic Hyaluronic Microneedle Patches. A health and wellbeing product.,No regulation
simple,4020829006904,Dr. Hauschka Clarifying Intensive Treatment (25+ Years) 40ml,0,0,0,37.89,taxable,,General Health,Dr. Hauschka Clarifying Intensive Treatment (25+ Years) 40ml. A health and wellbeing product. Supplied as 40ml.,No regulation
simple,5055148412951,Lamberts Ubiquinol 100mg (Reduced Coq10) 60 Capsules,0,0,0,37.89,taxable,,Vitamins,Lamberts Ubiquinol 100mg (Reduced Coq10) 60 Capsules. A vitamins and supplements product. Supplied as 60 Capsules.,No regulation
simple,5060259570377,Gold Collagen Active 10x50ml,0,0,0,37.89,taxable,,Vitamins,Gold Collagen Active 10x50ml. A vitamins and supplements product. Supplied as 10x50ml.,No regulation
simple,5060332531097,Lindens Health + Nutrition Beetroot 3500mg 500 Capsules,0,0,0,37.79,taxable,,Vitamins,Lindens Health + Nutrition Beetroot 3500mg 500 Capsules. A vitamins and supplements product. Supplied as 500 Capsules.,No regulation
simple,3337873401236,Sanoflore Reines Elixir Des Reines 30ml,0,0,0,37.79,taxable,,General Health,Sanoflore Reines Elixir Des Reines 30ml. A health and wellbeing product. Supplied as 30ml.,No regulation
simple,5060259570001,Gold Collagen Pure 10x50ml,0,0,0,37.59,taxable,,Vitamins,Gold Collagen Pure 10x50ml. A vitamins and supplements product. Supplied as 10x50ml.,No regulation
simple,0033984017528,Solgar Megasorb Vitamin B-Complex 250 Tablets,0,0,0,37.59,taxable,,Vitamins,Solgar Megasorb Vitamin B-Complex 250 Tablets. A vitamins and supplements product. Supplied as 250 Tablets.,No regulation
simple,0033984020665,Solgar Omnium 60 Tablets,0,0,0,37.39,taxable,,Vitamins,Solgar Omnium 60 Tablets. A vitamins and supplements product. Supplied as 60 Tablets.,No regulation
simple,0033984007147,Solgar Ultibio Plus 30 Capsules,0,0,0,37.19,taxable,,Vitamins,Solgar Ultibio Plus 30 Capsules. A vitamins and supplements product. Supplied as 30 Capsules.,No regulation
simple,0610370601549,Wild Nutrition Multi-Strain Biotic (General Living) 90g,0,0,0,37.00,taxable,,Vitamins,Wild Nutrition Multi-Strain Biotic (General Living) 90g. A vitamins and supplements product. Supplied as 90g.,No regulation
simple,0610370613986,Women's Daily Multi Nutrient 45+ 60 Capsules,0,0,0,36.99,taxable,,Women's Health,Women's Daily Multi Nutrient 45+ 60 Capsules. A women's health product. Supplied as 60 Capsules.,No regulation
simple,0610370613979,Womens Daily Multi Nutrient 60 Capsules,0,0,0,36.99,taxable,,Women's Health,Womens Daily Multi Nutrient 60 Capsules. A women's health product. Supplied as 60 Capsules.,No regulation
simple,5055565743812,Vardenafil Accord 20mg 8 Tablets,0,0,0,36.99,taxable,zero-rate,Sexual Wellness,"Vardenafil Accord 20mg 8 Tablets. Prescription-only medicine, supplied after an online consultation with our pharmacist. Always read the label and any leaflet supplied. If symptoms persist, speak to your pharmacist or doctor. Supplied as 8 Tablets.",P
simple,0658556024980,Planet Paleo Digestive Collagen 245g,0,0,0,36.99,taxable,,Vitamins,Planet Paleo Digestive Collagen 245g. A vitamins and supplements product. Supplied as 245g.,No regulation
simple,3597133090529,Virbac Effipro 134mg Spot-On for Dogs 10-20kg 4 Pack,0,0,0,36.99,taxable,,Pet Care,Virbac Effipro 134mg Spot-On for Dogs 10-20kg 4 Pack. A pet care product. Supplied as 4 Pack.,No regulation
simple,0658556024942,Planet Paleo Active Collagen 210g,0,0,0,36.99,taxable,,Vitamins,Planet Paleo Active Collagen 210g. A vitamins and supplements product. Supplied as 210g.,No regulation
simple,0739090023247,Fipnil Plus Spot-On Solution for Large Dogs 3 x 2.68ml,0,0,0,36.99,taxable,,General Health,Fipnil Plus Spot-On Solution for Large Dogs 3 x 2.68ml. A health and wellbeing product. Supplied as 3 x 2.68ml.,No regulation
simple,0658010121026,Garden Of Life Prenatal Once Daily 30 Tabs,0,0,0,36.99,taxable,,General Health,Garden Of Life Prenatal Once Daily 30 Tabs. A health and wellbeing product. Supplied as 30 Tabs.,No regulation
simple,5038227000409,Priligy - Dapoxetine 30mg 6 Tablets,0,0,0,36.99,taxable,zero-rate,Prescription Medicines,"Priligy - Dapoxetine 30mg 6 Tablets. Prescription-only medicine, supplied after an online consultation with our pharmacist. Always read the label and any leaflet supplied. If symptoms persist, speak to your pharmacist or doctor. Supplied as 6 Tablets.",P
simple,0610370613993,Women's Fertility Support 60 Capsules,0,0,0,36.99,taxable,,Supports & Braces,Women's Fertility Support 60 Capsules. A support and mobility product. Supplied as 60 Capsules.,No regulation
simple,0658556024966,Planet Paleo Primal Goddess Berry Flavour 210g,0,0,0,36.99,taxable,,General Health,Planet Paleo Primal Goddess Berry Flavour 210g. A health and wellbeing product. Supplied as 210g.,No regulation
simple,5060203790158,Terranova Lycopene 15mg Complex 100 Pack,0,0,0,36.99,taxable,,Vitamins,Terranova Lycopene 15mg Complex 100 Pack. A vitamins and supplements product. Supplied as 100 Pack.,No regulation
simple,0634158637407,Pure Strength Omega 3 120 Capsules,0,0,0,36.99,taxable,,Vitamins,Pure Strength Omega 3 120 Capsules. A vitamins and supplements product. Supplied as 120 Capsules.,No regulation
simple,0634158637285,Men's Daily Multi Nutrient 60 Capsules,0,0,0,36.99,taxable,,Vitamins,Men's Daily Multi Nutrient 60 Capsules. A vitamins and supplements product. Supplied as 60 Capsules.,No regulation
simple,5031013102783,Higher Nature Colloidal Silver 200ml,0,0,0,36.95,taxable,,Vitamins,Higher Nature Colloidal Silver 200ml. A vitamins and supplements product. Supplied as 200ml.,No regulation
simple,3661103048848,Frontline Plus Spot-On Dog Medium 3 Pipettes,0,0,0,36.89,taxable,,Pet Care,Frontline Plus Spot-On Dog Medium 3 Pipettes. A pet care product.,No regulation
simple,4005900542724,Eucerin Hyaluron-Filler Night Peeling Serum 30ml,0,0,0,36.79,taxable,,Skincare,Eucerin Hyaluron-Filler Night Peeling Serum 30ml. A skincare product. Supplied as 30ml.,No regulation
simple,5707725401017,Nourella Active Skin 60 Tablets,0,0,0,36.79,taxable,,Skincare,Nourella Active Skin 60 Tablets. A skincare product. Supplied as 60 Tablets.,No regulation
simple,5707725402014,Nourella Active Skin Cream 50ml,0,0,0,36.79,taxable,,Skincare,Nourella Active Skin Cream 50ml. A skincare product. Supplied as 50ml.,No regulation
simple,5060588690005,itsy Blitz Portable Processor,0,0,0,36.69,taxable,,General Health,itsy Blitz Portable Processor. A health and wellbeing product.,No regulation
simple,0033984005716,Solgar L-Carnitine 500mg 60 Tablets,0,0,0,36.69,taxable,,Vitamins,Solgar L-Carnitine 500mg 60 Tablets. A vitamins and supplements product. Supplied as 60 Tablets.,No regulation
simple,5034511006607,Green People Age Defy+ by Cha Vøhtz Infinite Beauty Gift Set,0,0,0,36.59,taxable,,Beauty,Green People Age Defy+ by Cha Vøhtz Infinite Beauty Gift Set. A health and beauty product.,No regulation
simple,5031013103063,Higher Nature Aeterna Gold Collagen Beauty 90 Capsules,0,0,0,36.45,taxable,,Vitamins,Higher Nature Aeterna Gold Collagen Beauty 90 Capsules. A vitamins and supplements product. Supplied as 90 Capsules.,No regulation
simple,0850006075164,Results Rna C3 Curcumin Complex Extra Strength Spray 60ml,0,0,0,36.39,taxable,,Beauty,Results Rna C3 Curcumin Complex Extra Strength Spray 60ml. A health and beauty product. Supplied as 60ml.,No regulation
simple,0033984015616,Solgar Soya Lecithin Granules 454g,0,0,0,36.39,taxable,,Vitamins,Solgar Soya Lecithin Granules 454g. A vitamins and supplements product. Supplied as 454g.,No regulation
simple,0814784026527,SunWarrior Collagen Tahitian Vanilla 500g,0,0,0,35.99,taxable,,Vitamins,SunWarrior Collagen Tahitian Vanilla 500g. A vitamins and supplements product. Supplied as 500g.,No regulation
simple,5060518932953,Zooki Super Strength Collagen Sour Cherry Liquid Sachets 14 x 18.5ml,0,0,0,35.99,taxable,,Vitamins,Zooki Super Strength Collagen Sour Cherry Liquid Sachets 14 x 18.5ml. A vitamins and supplements product. Supplied as 14 x 18.5ml.,No regulation
simple,0658556025048,Planet Paleo MSC Certified Cacao Collagen 285g,0,0,0,35.99,taxable,,Vitamins,Planet Paleo MSC Certified Cacao Collagen 285g. A vitamins and supplements product. Supplied as 285g.,No regulation
simple,5028816000033,Bee Health Propolis 1000mg 365 Capsules,0,0,0,35.99,taxable,,Vitamins,Bee Health Propolis 1000mg 365 Capsules. A vitamins and supplements product. Supplied as 365 Capsules.,No regulation
simple,5060518933370,Zooki Super Strength Collagen Mango Peach Liquid Sachets 14 x 18.5ml,0,0,0,35.99,taxable,,Vitamins,Zooki Super Strength Collagen Mango Peach Liquid Sachets 14 x 18.5ml. A vitamins and supplements product. Supplied as 14 x 18.5ml.,No regulation
simple,3862700018252,Dexcom One Sensor,0,0,0,35.99,taxable,,General Health,Dexcom One Sensor. A health and wellbeing product.,No regulation
simple,4007221046851,Advantage Flea Treatment for Dogs 10-25kg 4 Pack,0,0,0,35.99,taxable,,Pet Care,Advantage Flea Treatment for Dogs 10-25kg 4 Pack. A pet care product. Supplied as 4 Pack.,No regulation
simple,5060203791810,"Terranova Bilberry, Lutein & Astaxanthin Complex 100 Pack",0,0,0,35.99,taxable,,Vitamins,"Terranova Bilberry, Lutein & Astaxanthin Complex 100 Pack. A vitamins and supplements product. Supplied as 100 Pack.",No regulation
simple,0085805410940,Elizabeth Arden Advanced Ceramide Lift & Firm Day Cream 50ml,0,0,0,35.99,taxable,,Skincare,Elizabeth Arden Advanced Ceramide Lift & Firm Day Cream 50ml. A skincare product. Supplied as 50ml.,No regulation
simple,0634158637698,Breastfeeding Complex 90 Capsules,0,0,0,35.99,taxable,,Vitamins,Breastfeeding Complex 90 Capsules. A vitamins and supplements product. Supplied as 90 Capsules.,No regulation
simple,4015600566920,Clearblue Advanced Digital Ovulation Test 20 Pack,0,0,0,35.99,taxable,,Women's Health,Clearblue Advanced Digital Ovulation Test 20 Pack. A women's health product. Supplied as 20 Pack.,No regulation
simple,5031013103025,Higher Nature Visualeyes 90 Capsules,0,0,0,35.95,taxable,,Vitamins,Higher Nature Visualeyes 90 Capsules. A vitamins and supplements product. Supplied as 90 Capsules.,No regulation
simple,5028392001844,Metagenics Multi Essentials for Men 60 Tablets,0,0,0,35.89,taxable,,Men's Health,Metagenics Multi Essentials for Men 60 Tablets. A men's health product. Supplied as 60 Tablets.,No regulation
simple,0857273008703,Vital Proteins Matcha Collagen 341g,0,0,0,35.89,taxable,,Vitamins,Vital Proteins Matcha Collagen 341g. A vitamins and supplements product. Supplied as 341g.,No regulation
simple,3282779324458,Avène Hydrance Rehydrating Routine Kit,0,0,0,35.79,taxable,,General Health,Avène Hydrance Rehydrating Routine Kit. A health and wellbeing product.,No regulation
simple,7391325633336,Nutri Advanced Eskimo-3 Brainsharp Fish Oil 120 Capsules,0,0,0,35.79,taxable,,Vitamins,Nutri Advanced Eskimo-3 Brainsharp Fish Oil 120 Capsules. A vitamins and supplements product. Supplied as 120 Capsules.,No regulation
simple,3282770153170,Avène Hyaluron Activ B3 Cell Renewal Cream 50ml,0,0,0,35.79,taxable,,Skincare,Avène Hyaluron Activ B3 Cell Renewal Cream 50ml. A skincare product. Supplied as 50ml.,No regulation
simple,5060259572180,Gold Collagen Scalp Revival Night Serum 100ml,0,0,0,35.79,taxable,,Hair Care,Gold Collagen Scalp Revival Night Serum 100ml. A hair care product. Supplied as 100ml.,No regulation
simple,5060193643809,Bloom & Blossom Baby On Board Maternity Gift Set,0,0,0,35.79,taxable,,Baby & Child,Bloom & Blossom Baby On Board Maternity Gift Set. A baby and child product.,No regulation
simple,3282770153101,Avène Hyaluron Activ B3 Concentrated Plumping Serum 30ml,0,0,0,35.79,taxable,,Skincare,Avène Hyaluron Activ B3 Concentrated Plumping Serum 30ml. A skincare product. Supplied as 30ml.,No regulation
simple,5060259572067,Gold Collagen Hydra Essence Serum,0,0,0,35.79,taxable,,Skincare,Gold Collagen Hydra Essence Serum. A skincare product.,No regulation
simple,3282770153200,Avène Hyaluron Activ B3 Multi-Intensive Night Cream 40ml,0,0,0,35.79,taxable,,Skincare,Avène Hyaluron Activ B3 Multi-Intensive Night Cream 40ml. A skincare product. Supplied as 40ml.,No regulation
simple,0016185300309,Neocell Super Collagen + Vitamin C & Biotin 270 Tabs,0,0,0,35.79,taxable,,Vitamins,Neocell Super Collagen + Vitamin C & Biotin 270 Tabs. A vitamins and supplements product. Supplied as 270 Tabs.,No regulation
simple,5028392001554,Nutri Advanced Megamag Muscleze 162g,0,0,0,35.79,taxable,,Pain Relief,"Nutri Advanced Megamag Muscleze 162g. Always read the label and any leaflet supplied. If symptoms persist, speak to your pharmacist or doctor. Supplied as 162g.",No regulation
simple,3574661571799,Regaine Foam for Men 73ml,0,0,0,35.69,taxable,,Men's Health,Regaine Foam for Men 73ml. A men's health product. Supplied as 73ml.,GSL
simple,7391325933337,Nutri Advanced Eskimo-3 Brainsharp Pure Omega-3 Fish Oil Lemon 210ml,0,0,0,35.69,taxable,,Vitamins,Nutri Advanced Eskimo-3 Brainsharp Pure Omega-3 Fish Oil Lemon 210ml. A vitamins and supplements product. Supplied as 210ml.,No regulation
simple,0610370614013,Men's Fertility 60 Capsules,0,0,0,35.49,taxable,,Vitamins,Men's Fertility 60 Capsules. A vitamins and supplements product. Supplied as 60 Capsules.,No regulation
simple,5025201661978,Armour Up Molded Cup Respirator 10 Masks,0,0,0,35.19,taxable,,Skincare,Armour Up Molded Cup Respirator 10 Masks. A skincare product.,No regulation
simple,0610370601501,Wild Nutrition Food-Grown Total Cleanse Complex 90 Capsules,0,0,0,35.00,taxable,,Vitamins,Wild Nutrition Food-Grown Total Cleanse Complex 90 Capsules. A vitamins and supplements product. Supplied as 90 Capsules.,No regulation
simple,0726754953156,Feel Supreme Altai Shilajit Resin 50g,0,0,0,34.99,taxable,,General Health,Feel Supreme Altai Shilajit Resin 50g. A health and wellbeing product. Supplied as 50g.,No regulation
simple,0634158532894,Premenstrual Complex 60 Capsules,0,0,0,34.99,taxable,,Women's Health,Premenstrual Complex 60 Capsules. A women's health product. Supplied as 60 Capsules.,No regulation
simple,5056142608005,Protein World Immunity+ Collection Supplements,0,0,0,34.99,taxable,,Vitamins,Protein World Immunity+ Collection Supplements. A vitamins and supplements product.,No regulation
simple,0017854118416,Baylis & Harding Beauticology Candy 24 Days of Beauty Magic Gift Set,0,0,0,34.99,taxable,,Beauty,Baylis & Harding Beauticology Candy 24 Days of Beauty Magic Gift Set. A health and beauty product.,No regulation
simple,5055565743775,Vardenafil Accord 10mg 8 Tablets,0,0,0,34.99,taxable,zero-rate,Sexual Wellness,"Vardenafil Accord 10mg 8 Tablets. Prescription-only medicine, supplied after an online consultation with our pharmacist. Always read the label and any leaflet supplied. If symptoms persist, speak to your pharmacist or doctor. Supplied as 8 Tablets.",P
simple,0033984010017,Solgar Digestive Enzymes 250 Tablets,0,0,0,34.99,taxable,,Vitamins,Solgar Digestive Enzymes 250 Tablets. A vitamins and supplements product. Supplied as 250 Tablets.,No regulation
simple,5425010394041,Biosil Advanced Collagen Generator 60 Liquid Capsules,0,0,0,34.99,taxable,,Vitamins,Biosil Advanced Collagen Generator 60 Liquid Capsules. A vitamins and supplements product.,No regulation
simple,3574661365909,Regaine for Women Foam 73ml- 2 Months Supply,0,0,0,34.99,taxable,,Women's Health,"Regaine for Women Foam 73ml- 2 Months Supply. Prescription-only medicine, supplied after an online consultation with our pharmacist. Always read the label and any leaflet supplied. If symptoms persist, speak to your pharmacist or doctor. Supplied as 73ml.",P
simple,8594739273863,Zentiva Paracetamol Soluble 500mg 100 Tablets,0,0,0,34.99,taxable,,Pain Relief,"Zentiva Paracetamol Soluble 500mg 100 Tablets. Prescription-only medicine, supplied after an online consultation with our pharmacist. Always read the label and any leaflet supplied. If symptoms persist, speak to your pharmacist or doctor. Supplied as 100 Tablets.",P
simple,0702811534551,Immune Support 60 Capsules,0,0,0,34.99,taxable,,Supports & Braces,Immune Support 60 Capsules. A support and mobility product. Supplied as 60 Capsules.,No regulation
simple,0754590219778,Revive Collagen - Hydrolysed Marine Collagen Drink 14 sachets,0,0,0,34.99,taxable,,Vitamins,Revive Collagen - Hydrolysed Marine Collagen Drink 14 sachets. A vitamins and supplements product. Supplied as 14 sachets.,No regulation
simple,5060320560023,Sunvit-D3 50000iu DD1250 15 Pack,0,0,0,34.99,taxable,,General Health,Sunvit-D3 50000iu DD1250 15 Pack. A health and wellbeing product. Supplied as 15 Pack.,No regulation
simple,8445290804679,Minami MorEPA Move Omega-3 Fish Oil 60 Capsules,0,0,0,34.99,taxable,,Vitamins,Minami MorEPA Move Omega-3 Fish Oil 60 Capsules. A vitamins and supplements product. Supplied as 60 Capsules.,No regulation
simple,5060018516578,KIKI Resveratrol 60 Vegicaps,0,0,0,34.99,taxable,,General Health,KIKI Resveratrol 60 Vegicaps. A health and wellbeing product.,No regulation
simple,5060203790820,Terranova Microbiome Woman 100 Veg Capsules,0,0,0,34.99,taxable,,Vitamins,Terranova Microbiome Woman 100 Veg Capsules. A vitamins and supplements product.,No regulation
simple,5060391846002,Pure Gold Premium Select 525+MGO Manuka Honey 250g,0,0,0,34.99,taxable,,General Health,Pure Gold Premium Select 525+MGO Manuka Honey 250g. A health and wellbeing product. Supplied as 250g.,No regulation
simple,5000283663010,Cialis Together 10mg 8 Tablets,0,0,0,34.99,taxable,,Sexual Wellness,"Cialis Together 10mg 8 Tablets. Prescription-only medicine, supplied after an online consultation with our pharmacist. Always read the label and any leaflet supplied. If symptoms persist, speak to your pharmacist or doctor. Supplied as 8 Tablets.",P
simple,0634158637247,Bone + Muscle Support Complex 90 Capsules,0,0,0,34.99,taxable,,Supports & Braces,Bone + Muscle Support Complex 90 Capsules. A support and mobility product. Supplied as 90 Capsules.,No regulation
simple,5430000087025,Mindscopic Clearfocus Caffeine Free 50 Caps,0,0,0,34.99,taxable,,General Health,Mindscopic Clearfocus Caffeine Free 50 Caps. A health and wellbeing product. Supplied as 50 Caps.,No regulation
simple,0658556024935,Planet Paleo Pure Collagen 450g,0,0,0,34.99,taxable,,Vitamins,Planet Paleo Pure Collagen 450g. A vitamins and supplements product. Supplied as 450g.,No regulation
simple,8470003406581,Sesderma C-Vit Radiance Glowing Fluid 50ml,0,0,0,34.99,taxable,,General Health,Sesderma C-Vit Radiance Glowing Fluid 50ml. A health and wellbeing product. Supplied as 50ml.,No regulation
simple,5060018513249,KIKI Health Marine Collagen Beauty Blend Vegicaps 150 Capsules,0,0,0,34.99,taxable,,Vitamins,KIKI Health Marine Collagen Beauty Blend Vegicaps 150 Capsules. A vitamins and supplements product. Supplied as 150 Capsules.,No regulation
simple,9421904569010,Manuka Vet Skin & Wound Gel 100g,0,0,0,34.99,taxable,,First Aid,"Manuka Vet Skin & Wound Gel 100g. Always read the label and any leaflet supplied. If symptoms persist, speak to your pharmacist or doctor. Supplied as 100g.",No regulation
simple,5060086610895,Optibac Probiotics for Every Day Max 30 Capsules,0,0,0,34.99,taxable,,Digestive,"Optibac Probiotics for Every Day Max 30 Capsules. Always read the label and any leaflet supplied. If symptoms persist, speak to your pharmacist or doctor. Supplied as 30 Capsules.",No regulation
simple,4007221046844,"Advantage Flea Treatment for Cats, Dogs and Rabbits <4kg 4 Pack",0,0,0,34.99,taxable,,Pet Care,"Advantage Flea Treatment for Cats, Dogs and Rabbits <4kg 4 Pack. A pet care product. Supplied as 4 Pack.",No regulation
simple,0033984011229,"Solgar Formula Vitamin B-Complex ""50"" High Potency 250 Capsules",0,0,0,34.99,taxable,,Vitamins,"Solgar Formula Vitamin B-Complex ""50"" High Potency 250 Capsules. A vitamins and supplements product. Supplied as 250 Capsules.",No regulation
simple,7350038490230,Dynamic Code Chlamydia & Mycoplasma Test for Women,0,0,0,34.99,taxable,,Women's Health,Dynamic Code Chlamydia & Mycoplasma Test for Women. A women's health product.,No regulation
simple,0658556025000,Planet Paleo Marine Collagen 225g,0,0,0,34.99,taxable,,Vitamins,Planet Paleo Marine Collagen 225g. A vitamins and supplements product. Supplied as 225g.,No regulation
simple,5430000087001,Mindscopic Clearfocus 50 Capsules,0,0,0,34.99,taxable,,Vitamins,Mindscopic Clearfocus 50 Capsules. A vitamins and supplements product. Supplied as 50 Capsules.,No regulation
simple,5000198521702,Piriton Allergy 4mg 500 Tablets,0,0,0,34.99,taxable,,Prescription Medicines,"Piriton Allergy 4mg 500 Tablets. Prescription-only medicine, supplied after an online consultation with our pharmacist. Always read the label and any leaflet supplied. If symptoms persist, speak to your pharmacist or doctor. Supplied as 500 Tablets.",P
simple,0016185300149,Neocell Collagen Complex 120 Capsules,0,0,0,34.99,taxable,,Vitamins,Neocell Collagen Complex 120 Capsules. A vitamins and supplements product. Supplied as 120 Capsules.,No regulation
simple,0768990017933,Nordic Naturals Ultimate Omega 2840mg Lemon Flavour 119ml,0,0,0,34.99,taxable,,Vitamins,Nordic Naturals Ultimate Omega 2840mg Lemon Flavour 119ml. A vitamins and supplements product. Supplied as 119ml.,No regulation
simple,3282770393408,Avène Hyaluron Activ B3 Aqua Gel 50ml,0,0,0,34.99,taxable,,Skincare,Avène Hyaluron Activ B3 Aqua Gel 50ml. A skincare product. Supplied as 50ml.,No regulation
simple,0702811534513,Menopause Complex 60 Caps,0,0,0,34.99,taxable,,Women's Health,Menopause Complex 60 Caps. A women's health product. Supplied as 60 Caps.,No regulation
simple,5031013102899,Higher Nature MSM Glucosamine Joint Complex 240 Tablets,0,0,0,34.95,taxable,,Pain Relief,"Higher Nature MSM Glucosamine Joint Complex 240 Tablets. Always read the label and any leaflet supplied. If symptoms persist, speak to your pharmacist or doctor. Supplied as 240 Tablets.",No regulation
simple,5031013104565,Higher Nature Advanced Brain Nutrients 90 Capsules,0,0,0,34.95,taxable,,Vitamins,Higher Nature Advanced Brain Nutrients 90 Capsules. A vitamins and supplements product. Supplied as 90 Capsules.,No regulation
simple,0850005892007,Vital Proteins Collagen Peptides 567g,0,0,0,34.89,taxable,,Vitamins,Vital Proteins Collagen Peptides 567g. A vitamins and supplements product. Supplied as 567g.,No regulation
simple,5391531562248,Spotlight Oral Care UV Sanitiser,0,0,0,34.89,taxable,,Oral Care,Spotlight Oral Care UV Sanitiser. An oral care product.,No regulation
simple,5031013104053,Higher Nature Aeterna Gold Hyaluronic Acid 30 Capsules,0,0,0,34.89,taxable,,Vitamins,Higher Nature Aeterna Gold Hyaluronic Acid 30 Capsules. A vitamins and supplements product. Supplied as 30 Capsules.,No regulation
simple,3395019899460,Decléor Harmonie Calm Organic 2 in 1 Cream & Mask 50ml,0,0,0,34.89,taxable,,Skincare,Decléor Harmonie Calm Organic 2 in 1 Cream & Mask 50ml. A skincare product. Supplied as 50ml.,No regulation
simple,5060363050406,Tom Oliver Nutrition Curcumin Complete 60 Pack,0,0,0,34.89,taxable,,Vitamins,Tom Oliver Nutrition Curcumin Complete 60 Pack. A vitamins and supplements product. Supplied as 60 Pack.,No regulation
simple,5028392001974,Nutri Advanced Megamag Energen Plus 210g,0,0,0,34.79,taxable,,General Health,Nutri Advanced Megamag Energen Plus 210g. A health and wellbeing product. Supplied as 210g.,No regulation
simple,4005800077296,Eucerin Anti-Age Hyaluron-Filler 6 Ampoules,0,0,0,34.59,taxable,,General Health,Eucerin Anti-Age Hyaluron-Filler 6 Ampoules. A health and wellbeing product.,No regulation
simple,5031013100659,Higher Nature Serotone 5HTP 100mg 90 Capsules,0,0,0,34.45,taxable,,Vitamins,Higher Nature Serotone 5HTP 100mg 90 Capsules. A vitamins and supplements product. Supplied as 90 Capsules.,No regulation
simple,5028392002810,Metagenics Multi Essentials for Women 60 Tablets,0,0,0,34.29,taxable,,Women's Health,Metagenics Multi Essentials for Women 60 Tablets. A women's health product. Supplied as 60 Tablets.,No regulation
simple,5060704340449,Acala Zero Waste Shaving Bag with Brush,0,0,0,34.19,taxable,,Men's Grooming,Acala Zero Waste Shaving Bag with Brush. A men's grooming product.,No regulation
simple,5060571721167,UpCircle Caffeinated Skincare Duo,0,0,0,34.19,taxable,,Skincare,UpCircle Caffeinated Skincare Duo. A skincare product.,No regulation
simple,4007221047667,Advantage Flea Treatment for Cats and Pet Rabbits >4kg 4 Pack,0,0,0,33.99,taxable,,Pet Care,Advantage Flea Treatment for Cats and Pet Rabbits >4kg 4 Pack. A pet care product. Supplied as 4 Pack.,No regulation
simple,5060202186174,Cytoplan Women's Biotic 60 Capsules,0,0,0,33.99,taxable,,Women's Health,Cytoplan Women's Biotic 60 Capsules. A women's health product. Supplied as 60 Capsules.,No regulation
simple,5055148414825,Lamberts Vegan Omega 3 60 Capsules,0,0,0,33.99,taxable,,Vitamins,Lamberts Vegan Omega 3 60 Capsules. A vitamins and supplements product. Supplied as 60 Capsules.,No regulation
simple,5060203791872,"Terranova Ginkgo, Rhodiola & Choline Complex 100 Pack",0,0,0,33.99,taxable,,Vitamins,"Terranova Ginkgo, Rhodiola & Choline Complex 100 Pack. A vitamins and supplements product. Supplied as 100 Pack.",No regulation
simple,5708932531474,Biatain Silicone 15cmx15cm 5 pcs,0,0,0,33.99,taxable,,General Health,Biatain Silicone 15cmx15cm 5 pcs. A health and wellbeing product.,No regulation
simple,0033984025585,Solgar Selenium 200g (Yeast Free) 250 Tablets,0,0,0,33.99,taxable,,Vitamins,Solgar Selenium 200g (Yeast Free) 250 Tablets. A vitamins and supplements product. Supplied as 250 Tablets.,No regulation
simple,0033984035027,Solgar Vitamin E 134mg (200IU) 250 Softgels,0,0,0,33.99,taxable,,Vitamins,Solgar Vitamin E 134mg (200IU) 250 Softgels. A vitamins and supplements product. Supplied as 250 Softgels.,No regulation
simple,5055148414092,Lamberts Double Strength Neuro-Logical Plus 60 Capsules,0,0,0,33.99,taxable,,Vitamins,Lamberts Double Strength Neuro-Logical Plus 60 Capsules. A vitamins and supplements product. Supplied as 60 Capsules.,No regulation
simple,3661103004615,Frontline Spot On for Dogs 40-60kg 3 Pack,0,0,0,33.99,taxable,,Pet Care,Frontline Spot On for Dogs 40-60kg 3 Pack. A pet care product. Supplied as 3 Pack.,No regulation
simple,5707390040269,Pharma Nord BioActive Omega 7 Sea Buckthorn Oil 150 Capsules,0,0,0,33.99,taxable,,Vitamins,Pharma Nord BioActive Omega 7 Sea Buckthorn Oil 150 Capsules. A vitamins and supplements product. Supplied as 150 Capsules.,No regulation
simple,0083000263705,Nature's Answer UTI Answer D-Mannose & Cranberry Concentrate 120ml,0,0,0,33.99,taxable,,Women's Health,Nature's Answer UTI Answer D-Mannose & Cranberry Concentrate 120ml. A women's health product. Supplied as 120ml.,No regulation
simple,0739090023230,Fipnil Plus Spot-On Solution for Medium Dogs 3 x 1.34ml,0,0,0,33.99,taxable,,General Health,Fipnil Plus Spot-On Solution for Medium Dogs 3 x 1.34ml. A health and wellbeing product. Supplied as 3 x 1.34ml.,No regulation
simple,5027314502551,Bio-Kult Everyday 120 Capsules,0,0,0,33.99,taxable,,Vitamins,Bio-Kult Everyday 120 Capsules. A vitamins and supplements product. Supplied as 120 Capsules.,No regulation
simple,5060203794705,Terranova Green Child Sneaky Greens Super Shake 180g,0,0,0,33.99,taxable,,Vitamins,Terranova Green Child Sneaky Greens Super Shake 180g. A vitamins and supplements product. Supplied as 180g.,No regulation
simple,4007221046837,Advantage Flea Treatment for Dogs 4kg-10kg 4 Pack,0,0,0,33.99,taxable,,Pet Care,Advantage Flea Treatment for Dogs 4kg-10kg 4 Pack. A pet care product. Supplied as 4 Pack.,No regulation
simple,5060202184712,Cytoplan Cell Active Curcumin 60 Capsules,0,0,0,33.99,taxable,,Vitamins,Cytoplan Cell Active Curcumin 60 Capsules. A vitamins and supplements product. Supplied as 60 Capsules.,No regulation
simple,3800219790269,Alteya Organic Rose Otto Nourishing Face Serum Bio Damascena 20ml,0,0,0,33.99,taxable,,Skincare,Alteya Organic Rose Otto Nourishing Face Serum Bio Damascena 20ml. A skincare product. Supplied as 20ml.,No regulation
simple,5060259572050,Gold Collagen Instant Glow Serum,0,0,0,33.99,taxable,,Skincare,Gold Collagen Instant Glow Serum. A skincare product.,No regulation
simple,3380810378641,Clarins Face Treatment Oil Lotus 30ml,0,0,0,33.99,taxable,,Skincare,Clarins Face Treatment Oil Lotus 30ml. A skincare product. Supplied as 30ml.,No regulation
simple,94183986,Antipodes Kiwi Seed Oil Eye Cream 30ml,0,0,0,33.99,taxable,,Skincare,Antipodes Kiwi Seed Oil Eye Cream 30ml. A skincare product. Supplied as 30ml.,No regulation
simple,5060259572043,Gold Collagen Night Renewal Serum 30ml,0,0,0,33.99,taxable,,Skincare,Gold Collagen Night Renewal Serum 30ml. A skincare product. Supplied as 30ml.,No regulation
simple,5060202181674,Cytoplan Fos-A-Dophilus 60 Capsules,0,0,0,33.99,taxable,,Vitamins,Cytoplan Fos-A-Dophilus 60 Capsules. A vitamins and supplements product. Supplied as 60 Capsules.,No regulation
simple,5031013105227,Higher Nature Collaflex Drink 185g,0,0,0,33.95,taxable,,Vitamins,Higher Nature Collaflex Drink 185g. A vitamins and supplements product. Supplied as 185g.,No regulation
simple,8809480781650,Shangpree Ginseng Berry Eye Mask,0,0,0,33.89,taxable,,Eye Care,"Shangpree Ginseng Berry Eye Mask. Always read the label and any leaflet supplied. If symptoms persist, speak to your pharmacist or doctor.",No regulation
simple,5055148400699,Lamberts Vitamin B-100 Complex 200 Tablets,0,0,0,33.89,taxable,,Vitamins,Lamberts Vitamin B-100 Complex 200 Tablets. A vitamins and supplements product. Supplied as 200 Tablets.,No regulation
simple,3661103048831,Frontline Plus Spot-On Dog Small 3 Pipettes,0,0,0,33.89,taxable,,Pet Care,Frontline Plus Spot-On Dog Small 3 Pipettes. A pet care product.,No regulation
simple,5012917010695,Frontline Tri-Act for Dogs 5-10kg 3 Pack,0,0,0,33.79,taxable,,Pet Care,Frontline Tri-Act for Dogs 5-10kg 3 Pack. A pet care product. Supplied as 3 Pack.,No regulation
simple,0634158894084,Neutrient Total C 150g,0,0,0,33.79,taxable,,General Health,Neutrient Total C 150g. A health and wellbeing product. Supplied as 150g.,No regulation
simple,8470001669421,Sesderma C- Vit Liposomal Moisturizing Facial Cream 50ml,0,0,0,33.79,taxable,,Skincare,Sesderma C- Vit Liposomal Moisturizing Facial Cream 50ml. A skincare product. Supplied as 50ml.,No regulation
simple,0016185128996,Neocell Collagen Pomegranate Liquid 473ml,0,0,0,33.79,taxable,,Vitamins,Neocell Collagen Pomegranate Liquid 473ml. A vitamins and supplements product. Supplied as 473ml.,No regulation
simple,5012917010732,Frontline Tri-Act for Dogs 2-5kg 3 Pack,0,0,0,33.79,taxable,,Pet Care,Frontline Tri-Act for Dogs 2-5kg 3 Pack. A pet care product. Supplied as 3 Pack.,No regulation
simple,5010605640322,Canespro Fungal Nail Treatment Set,0,0,0,33.79,taxable,,Beauty,Canespro Fungal Nail Treatment Set. A health and beauty product.,GSL
simple,5060202182503,Cytoplan D-Mannose Plus Powder 50g,0,0,0,33.69,taxable,,Vitamins,Cytoplan D-Mannose Plus Powder 50g. A vitamins and supplements product. Supplied as 50g.,No regulation
simple,5028392002179,Nutri Advanced Megamag Calmeze 270G,0,0,0,33.69,taxable,,General Health,Nutri Advanced Megamag Calmeze 270G. A health and wellbeing product. Supplied as 270G.,No regulation
simple,0033984006416,Solgar Brain Works with Full Spectrum Curcumin & Bacomind 60 Capsules,0,0,0,33.49,taxable,,Vitamins,Solgar Brain Works with Full Spectrum Curcumin & Bacomind 60 Capsules. A vitamins and supplements product. Supplied as 60 Capsules.,No regulation
simple,5060202181612,Cytoplan Krill Oil 60 Capsules,0,0,0,33.40,taxable,,Vitamins,Cytoplan Krill Oil 60 Capsules. A vitamins and supplements product. Supplied as 60 Capsules.,No regulation
simple,0033984000285,Solgar Ultimate Bone Support 120 Tablets,0,0,0,33.29,taxable,,Supports & Braces,Solgar Ultimate Bone Support 120 Tablets. A support and mobility product. Supplied as 120 Tablets.,No regulation
simple,3380810649109,Clarins Eau Dynamisante Moisturising Body Lotion 250ml,0,0,0,33.19,taxable,,Skincare,Clarins Eau Dynamisante Moisturising Body Lotion 250ml. A skincare product. Supplied as 250ml.,No regulation
simple,5060144750358,YuMOVE Digestive Care for All Dogs 120 Tablets,0,0,0,33.19,taxable,,Vitamins,YuMOVE Digestive Care for All Dogs 120 Tablets. A vitamins and supplements product. Supplied as 120 Tablets.,No regulation
simple,0850030689177,Revive Kidney - 360 vcaps,0,0,0,33.09,taxable,,General Health,Revive Kidney - 360 vcaps. A health and wellbeing product.,No regulation
simple,7350082940477,Swiss Clinic Self-Tan Drops 15ml,0,0,0,33.09,taxable,,Vitamins,Swiss Clinic Self-Tan Drops 15ml. A vitamins and supplements product. Supplied as 15ml.,No regulation
simple,3800219790382,Alteya Organic Rose Otto Ageless Eye Cream Bio Damascena 15ml,0,0,0,32.99,taxable,,Skincare,Alteya Organic Rose Otto Ageless Eye Cream Bio Damascena 15ml. A skincare product. Supplied as 15ml.,No regulation
simple,8445290724960,Minami MorEPA Platinum Elite Omega-3 + 1000IU Vitamin D3 60 Capsules,0,0,0,32.99,taxable,,Vitamins,Minami MorEPA Platinum Elite Omega-3 + 1000IU Vitamin D3 60 Capsules. A vitamins and supplements product. Supplied as 60 Capsules.,No regulation
simple,3597133090512,Virbac Effipro 67mg Spot-On for Dogs 2-10kg 4 Pack,0,0,0,32.99,taxable,,Pet Care,Virbac Effipro 67mg Spot-On for Dogs 2-10kg 4 Pack. A pet care product. Supplied as 4 Pack.,No regulation
simple,0033984009479,Solgar Coq-10 100mg 30 Softgels,0,0,0,32.99,taxable,,Vitamins,Solgar Coq-10 100mg 30 Softgels. A vitamins and supplements product. Supplied as 30 Softgels.,No regulation
simple,5017978000340,Probio 7 100 Capsules,0,0,0,32.99,taxable,,Vitamins,Probio 7 100 Capsules. A vitamins and supplements product. Supplied as 100 Capsules.,No regulation
simple,8032665371067,Derma Silk Washable Eczema Gloves Size M 1 Pair,0,0,0,32.99,taxable,,Skincare,Derma Silk Washable Eczema Gloves Size M 1 Pair. A skincare product.,No regulation
simple,5060702872799,Vital Baby 4 In 1 Contactless Thermometer,0,0,0,32.99,taxable,,Baby & Child,Vital Baby 4 In 1 Contactless Thermometer. A baby and child product.,No regulation
simple,5060203791438,Terranova Living Multivitamin Woman 100 Capsules,0,0,0,32.99,taxable,,Vitamins,Terranova Living Multivitamin Woman 100 Capsules. A vitamins and supplements product. Supplied as 100 Capsules.,No regulation
simple,5060552881026,Neubria NeuCollagen Liquid Collagen Drink 14 Servings,0,0,0,32.99,taxable,,Vitamins,Neubria NeuCollagen Liquid Collagen Drink 14 Servings. A vitamins and supplements product.,No regulation
simple,5060259572128,Gold Collagen Hyaluronic Formula 90 Tablets,0,0,0,32.99,taxable,,Vitamins,Gold Collagen Hyaluronic Formula 90 Tablets. A vitamins and supplements product. Supplied as 90 Tablets.,No regulation
simple,0658556025123,Planet Paleo Pure Collagen Matcha Latte 225g,0,0,0,32.99,taxable,,Vitamins,Planet Paleo Pure Collagen Matcha Latte 225g. A vitamins and supplements product. Supplied as 225g.,No regulation
simple,5060278341927,Freestyle Optium Ketone Test Strips 10,0,0,0,32.99,taxable,,Testing & Monitoring,"Freestyle Optium Ketone Test Strips 10. Always read the label and any leaflet supplied. If symptoms persist, speak to your pharmacist or doctor.",No regulation
simple,0726436089661,Feel Supreme Berberine & Resveratrol 60 Capsule,0,0,0,32.99,taxable,,Vitamins,Feel Supreme Berberine & Resveratrol 60 Capsule. A vitamins and supplements product. Supplied as 60 Capsule.,No regulation
simple,8809480780318,Shangpree Crystal BB Cream,0,0,0,32.99,taxable,,Skincare,Shangpree Crystal BB Cream. A skincare product.,No regulation
simple,5060203795450,Terranova Vegan Collagen & Hyaluronic Acid Complex 100 Capsules,0,0,0,32.99,taxable,,Vitamins,Terranova Vegan Collagen & Hyaluronic Acid Complex 100 Capsules. A vitamins and supplements product. Supplied as 100 Capsules.,No regulation
simple,5055565743799,Vardenafil Accord 5mg 8 Tablets,0,0,0,32.99,taxable,zero-rate,Sexual Wellness,"Vardenafil Accord 5mg 8 Tablets. Prescription-only medicine, supplied after an online consultation with our pharmacist. Always read the label and any leaflet supplied. If symptoms persist, speak to your pharmacist or doctor. Supplied as 8 Tablets.",P
simple,3574661343013,Nicorette Quickmist Cool Berry 1mg Mouthspray 2 Pack,0,0,0,32.99,taxable,,Stop Smoking,Nicorette Quickmist Cool Berry 1mg Mouthspray 2 Pack. A stop-smoking product. Supplied as 2 Pack.,GSL
simple,8429979355355,Sesderma C-Vit Liposomal Serum 30ml,0,0,0,32.99,taxable,,Skincare,Sesderma C-Vit Liposomal Serum 30ml. A skincare product. Supplied as 30ml.,No regulation
simple,5060202186303,Cytoplan Vegan Collagen 120 Capsules,0,0,0,32.99,taxable,,Vitamins,Cytoplan Vegan Collagen 120 Capsules. A vitamins and supplements product. Supplied as 120 Capsules.,No regulation
simple,0033984035478,Solgar Vitamin E 268mg (400IU) 100 Vegetable Softgels,0,0,0,32.99,taxable,,Vitamins,Solgar Vitamin E 268mg (400IU) 100 Vegetable Softgels. A vitamins and supplements product. Supplied as 400IU.,No regulation
simple,8445291270053,Vital Proteins Marine Collagen 221g,0,0,0,32.99,taxable,,Vitamins,Vital Proteins Marine Collagen 221g. A vitamins and supplements product. Supplied as 221g.,No regulation
simple,5031013103032,Higher Nature Co-Enzyme Q10 90 Tablets,0,0,0,32.95,taxable,,Vitamins,Higher Nature Co-Enzyme Q10 90 Tablets. A vitamins and supplements product. Supplied as 90 Tablets.,No regulation
simple,5060391847061,Pure Gold Premium Select Manuka Honey 370 375g,0,0,0,32.89,taxable,,General Health,Pure Gold Premium Select Manuka Honey 370 375g. A health and wellbeing product. Supplied as 375g.,No regulation
simple,5024084002106,Pharma Nord Bio-Quinone Active Q10 GOLD 100mg 60 Caps,0,0,0,32.89,taxable,,Vitamins,Pharma Nord Bio-Quinone Active Q10 GOLD 100mg 60 Caps. A vitamins and supplements product. Supplied as 60 Caps.,No regulation
simple,3574660478532,Nicorette Original Gum 4mg 210 Pack,0,0,0,32.69,taxable,reduced-rate,Stop Smoking,Nicorette Original Gum 4mg 210 Pack. A stop-smoking product. Supplied as 210 Pack.,GSL
simple,5028392002629,Nutri Advanced Collagen Forte Joints+ Bones 275g Powder,0,0,0,32.69,taxable,,Vitamins,Nutri Advanced Collagen Forte Joints+ Bones 275g Powder. A vitamins and supplements product. Supplied as 275g.,No regulation
simple,5391531561364,Spotlight Oral Care Male Teeth Whitening System,0,0,0,32.59,taxable,,Oral Care,Spotlight Oral Care Male Teeth Whitening System. An oral care product.,No regulation
simple,7391325333410,Nutri Advanced Eskimo-3 Pure Omega-3 Fish Oil 250 Capsules,0,0,0,32.59,taxable,,Vitamins,Nutri Advanced Eskimo-3 Pure Omega-3 Fish Oil 250 Capsules. A vitamins and supplements product. Supplied as 250 Capsules.,No regulation
simple,5034511002562,Green People Scent Free Sun Cream SPF30 200ml,0,0,0,32.49,taxable,,Skincare,Green People Scent Free Sun Cream SPF30 200ml. A skincare product. Supplied as 200ml.,No regulation
simple,5031013102080,Higher Nature Alpha 90 Capsules,0,0,0,32.45,taxable,,Vitamins,Higher Nature Alpha 90 Capsules. A vitamins and supplements product. Supplied as 90 Capsules.,No regulation
simple,3337873401892,Sanoflore Rosa Angelica Baume De Rosee 50ml,0,0,0,32.39,taxable,,Skincare,Sanoflore Rosa Angelica Baume De Rosee 50ml. A skincare product. Supplied as 50ml.,No regulation
simple,7350038490162,Dynamic Code Chlamydia Test for Men,0,0,0,32.39,taxable,,Men's Health,Dynamic Code Chlamydia Test for Men. A men's health product.,No regulation
simple,5060571722539,UpCircle Hair Care Shampoo & Conditioner Duo 2x100ml,0,0,0,32.39,taxable,,Hair Care,UpCircle Hair Care Shampoo & Conditioner Duo 2x100ml. A hair care product. Supplied as 2x100ml.,No regulation
simple,0610370601495,Wild Nutrition Food-Grown Balance Multi Nutrient 90 Capsules,0,0,0,32.00,taxable,,Vitamins,Wild Nutrition Food-Grown Balance Multi Nutrient 90 Capsules. A vitamins and supplements product. Supplied as 90 Capsules.,No regulation
simple,0610370601518,Wild Nutrition Women's Food-Grown Antioxidant Boost 60 Capsules,0,0,0,32.00,taxable,,Women's Health,Wild Nutrition Women's Food-Grown Antioxidant Boost 60 Capsules. A women's health product. Supplied as 60 Capsules.,No regulation
simple,0610370614006,"Wild Nutrition Food-Grown Skin, Hair & Nails 60 Capsules",0,0,0,32.00,taxable,,Hair Care,"Wild Nutrition Food-Grown Skin, Hair & Nails 60 Capsules. A hair care product. Supplied as 60 Capsules.",No regulation
simple,6009544916109,USN All-in-One Hyperbolic Mass Gainer Strawberry Flavour 2kg,0,0,0,31.99,taxable,,General Health,USN All-in-One Hyperbolic Mass Gainer Strawberry Flavour 2kg. A health and wellbeing product. Supplied as 2kg.,No regulation
simple,1210001140776,Viagra 100mg 4 Tablets,0,0,0,31.99,taxable,zero-rate,Sexual Wellness,"Viagra 100mg 4 Tablets. Prescription-only medicine, supplied after an online consultation with our pharmacist. Always read the label and any leaflet supplied. If symptoms persist, speak to your pharmacist or doctor. Supplied as 4 Tablets.",P
simple,5012917012217,Frontline Plus Spot On for Dogs 2-10kg 3 Pack,0,0,0,31.99,taxable,,Pet Care,Frontline Plus Spot On for Dogs 2-10kg 3 Pack. A pet care product. Supplied as 3 Pack.,No regulation
simple,5060202185757,Cytoplan Menopause Support 60 caps,0,0,0,31.99,taxable,,Supports & Braces,Cytoplan Menopause Support 60 caps. A support and mobility product. Supplied as 60 caps.,No regulation
simple,5060203791902,"Terranova Red Yeast Rice, CoQ10 & Bergamot Complex 50 Capsules",0,0,0,31.99,taxable,,Vitamins,"Terranova Red Yeast Rice, CoQ10 & Bergamot Complex 50 Capsules. A vitamins and supplements product. Supplied as 50 Capsules.",No regulation
simple,5060203795269,Terranova Super Skin Drink 90g,0,0,0,31.99,taxable,,Skincare,Terranova Super Skin Drink 90g. A skincare product. Supplied as 90g.,No regulation
simple,5425010394089,Biosil Advanced Collagen Generator Drops 30ml,0,0,0,31.99,taxable,,Vitamins,Biosil Advanced Collagen Generator Drops 30ml. A vitamins and supplements product. Supplied as 30ml.,No regulation
simple,0033984017672,Solgar Epa/Gla 60 Softgels,0,0,0,31.99,taxable,,Vitamins,Solgar Epa/Gla 60 Softgels. A vitamins and supplements product. Supplied as 60 Softgels.,No regulation
simple,3661103003427,Frontline Spot On for Dogs 20-40kg 3 Pack,0,0,0,31.99,taxable,,Pet Care,Frontline Spot On for Dogs 20-40kg 3 Pack. A pet care product. Supplied as 3 Pack.,No regulation
simple,5060203793517,Terranova Rhodiola 300mg 100 Pack,0,0,0,31.99,taxable,,Vitamins,Terranova Rhodiola 300mg 100 Pack. A vitamins and supplements product. Supplied as 100 Pack.,No regulation
simple,0658556116975,Mushrooms For Life Organic Tremella Powder 60g,0,0,0,31.99,taxable,,Vitamins,Mushrooms For Life Organic Tremella Powder 60g. A vitamins and supplements product. Supplied as 60g.,No regulation
simple,8429979417312,Sesderma Retiage Facial Anti-Aging Cream 50ml,0,0,0,31.99,taxable,,Skincare,Sesderma Retiage Facial Anti-Aging Cream 50ml. A skincare product. Supplied as 50ml.,No regulation
simple,5425010394003,Biosil Advanced Collagen Generator 60 Original Capsules,0,0,0,31.99,taxable,,Vitamins,Biosil Advanced Collagen Generator 60 Original Capsules. A vitamins and supplements product.,No regulation
simple,0033984020283,"Solgar Omega 3-6-9 Fish, Flax, Borage 120 Softgels",0,0,0,31.99,taxable,,Vitamins,"Solgar Omega 3-6-9 Fish, Flax, Borage 120 Softgels. A vitamins and supplements product. Supplied as 120 Softgels.",No regulation
simple,3661103003434,Frontline Spot On for Dogs 10-20kg 3 Pack,0,0,0,31.99,taxable,,Pet Care,Frontline Spot On for Dogs 10-20kg 3 Pack. A pet care product. Supplied as 3 Pack.,No regulation
simple,4210201319757,Oral-B IO Ultimate 4 Black Refill Heads,0,0,0,31.99,taxable,,Oral Care,Oral-B IO Ultimate 4 Black Refill Heads. An oral care product.,No regulation
simple,5060202185719,Cytoplan Marine Collagen 150g Powder,0,0,0,31.99,taxable,,Vitamins,Cytoplan Marine Collagen 150g Powder. A vitamins and supplements product. Supplied as 150g.,No regulation
simple,4020829041356,Dr. Hauschka Hydrating Cream Mask 30ml,0,0,0,31.99,taxable,,Skincare,Dr. Hauschka Hydrating Cream Mask 30ml. A skincare product. Supplied as 30ml.,No regulation
simple,5055148412425,Lamberts Pulse Pure Fish Oil 1300mg & Coq10 100mg 90 Capsules,0,0,0,31.99,taxable,,Vitamins,Lamberts Pulse Pure Fish Oil 1300mg & Coq10 100mg 90 Capsules. A vitamins and supplements product. Supplied as 90 Capsules.,No regulation
simple,6009544916079,USN All-in-One Hyperbolic Mass Gainer Chocolate Flavour 2kg,0,0,0,31.99,taxable,,General Health,USN All-in-One Hyperbolic Mass Gainer Chocolate Flavour 2kg. A health and wellbeing product. Supplied as 2kg.,No regulation
simple,7350082940132,Swiss Clinic Teeth Whitening Pen 2ml,0,0,0,31.89,taxable,,Oral Care,Swiss Clinic Teeth Whitening Pen 2ml. An oral care product. Supplied as 2ml.,No regulation
simple,5060704340531,Acala Zero Waste Spa Day Pamper Bag,0,0,0,31.69,taxable,,General Health,Acala Zero Waste Spa Day Pamper Bag. A health and wellbeing product.,No regulation
simple,5060332535989,Lindens Health + Nutrition Pro Bio Live Max 6BN 365 Veg Capsules,0,0,0,31.69,taxable,,Vitamins,Lindens Health + Nutrition Pro Bio Live Max 6BN 365 Veg Capsules. A vitamins and supplements product.,No regulation
simple,7350082940354,Swiss Clinic Eye Cream 15ml,0,0,0,31.59,taxable,,Skincare,Swiss Clinic Eye Cream 15ml. A skincare product. Supplied as 15ml.,No regulation
simple,5028392002193,Metagenics ImmunoBlast 60 Tablets,0,0,0,31.49,taxable,,Vitamins,Metagenics ImmunoBlast 60 Tablets. A vitamins and supplements product. Supplied as 60 Tablets.,No regulation
simple,5060258390006,"Pro D3 20,000IU Weekly Dose 30 Capsules",0,0,0,31.39,taxable,,Vitamins,"Pro D3 20,000IU Weekly Dose 30 Capsules. A vitamins and supplements product. Supplied as 30 Capsules.",No regulation
simple,5060203792022,Terranova Life Drink 12g 15 Sachets,0,0,0,31.39,taxable,,Vitamins,Terranova Life Drink 12g 15 Sachets. A vitamins and supplements product. Supplied as 15 Sachets.,No regulation
simple,5031013101281,Higher Nature Phosphatidyl Serine 45 Capsules,0,0,0,31.39,taxable,,Vitamins,Higher Nature Phosphatidyl Serine 45 Capsules. A vitamins and supplements product. Supplied as 45 Capsules.,No regulation
simple,5391531560336,Spotlight Oral Care Teeth Whitening System,0,0,0,31.19,taxable,,Oral Care,Spotlight Oral Care Teeth Whitening System. An oral care product.,No regulation
simple,7350082941009,Swiss Clinic Rejuvenating Serum X3 (30ml),0,0,0,30.99,taxable,,Skincare,Swiss Clinic Rejuvenating Serum X3 (30ml). A skincare product. Supplied as 30ml.,No regulation
simple,8445290883612,Vital Proteins Beauty Collagen Strawberry Lemon 271g,0,0,0,30.99,taxable,,Vitamins,Vital Proteins Beauty Collagen Strawberry Lemon 271g. A vitamins and supplements product. Supplied as 271g.,No regulation
simple,0016185096653,Neocell Hyaluronic Acid Berry Liquid 473ml,0,0,0,30.99,taxable,,General Health,Neocell Hyaluronic Acid Berry Liquid 473ml. A health and wellbeing product. Supplied as 473ml.,No regulation
simple,0739090023223,Fipnil Plus Spot-On Solution for Small Dogs 3 x 0.67ml,0,0,0,30.99,taxable,,General Health,Fipnil Plus Spot-On Solution for Small Dogs 3 x 0.67ml. A health and wellbeing product. Supplied as 3 x 0.67ml.,No regulation
simple,5060203790110,Terranova Astaxanthin 4mg Complex 100 Capsules,0,0,0,30.99,taxable,,Vitamins,Terranova Astaxanthin 4mg Complex 100 Capsules. A vitamins and supplements product. Supplied as 100 Capsules.,No regulation
simple,5017007601630,Exorex Lotion 5% Coal Tar Solution 250ml,0,0,0,30.99,taxable,,Skincare,Exorex Lotion 5% Coal Tar Solution 250ml. A skincare product. Supplied as 250ml.,GSL
simple,5060086610482,Optibac Probiotics for Every Day 90 Capsules,0,0,0,30.99,taxable,,Digestive,"Optibac Probiotics for Every Day 90 Capsules. Always read the label and any leaflet supplied. If symptoms persist, speak to your pharmacist or doctor. Supplied as 90 Capsules.",No regulation
simple,0873024003209,Ener-C Electrolyte Sport Tub 154g,0,0,0,30.99,taxable,,Vitamins,Ener-C Electrolyte Sport Tub 154g. A vitamins and supplements product. Supplied as 154g.,No regulation
simple,5055148410322,Lamberts Co Enzyme Q 10 200mg 60 Capsules,0,0,0,30.99,taxable,,Vitamins,Lamberts Co Enzyme Q 10 200mg 60 Capsules. A vitamins and supplements product. Supplied as 60 Capsules.,No regulation
simple,8713975500520,Minami MorEPA Move 60 Capsules,0,0,0,30.99,taxable,,Vitamins,Minami MorEPA Move 60 Capsules. A vitamins and supplements product. Supplied as 60 Capsules.,No regulation
simple,5028392002704,Nutri Advanced Berberine 250 120 Caps,0,0,0,30.99,taxable,,General Health,Nutri Advanced Berberine 250 120 Caps. A health and wellbeing product. Supplied as 120 Caps.,No regulation
simple,5060203795498,Terranova Vegan Collagen & Glucosamine Complex 100 Capsules,0,0,0,30.99,taxable,,Vitamins,Terranova Vegan Collagen & Glucosamine Complex 100 Capsules. A vitamins and supplements product. Supplied as 100 Capsules.,No regulation
simple,5060363050000,Tom Oliver Nutrition Omega 3 Herring Caviar 60 Pack,0,0,0,30.89,taxable,,Vitamins,Tom Oliver Nutrition Omega 3 Herring Caviar 60 Pack. A vitamins and supplements product. Supplied as 60 Pack.,No regulation
simple,7391325900544,Eskimo Balanced Mind 50 Capsules,0,0,0,30.69,taxable,,Vitamins,Eskimo Balanced Mind 50 Capsules. A vitamins and supplements product. Supplied as 50 Capsules.,No regulation
simple,4005900875259,Eucerin Hyaluron-Filler Concentrate 5ml 6 Pack,0,0,0,30.69,taxable,,General Health,Eucerin Hyaluron-Filler Concentrate 5ml 6 Pack. A health and wellbeing product. Supplied as 6 Pack.,No regulation
simple,4005800025358,Eucerin Hyaluron-Filler SPF15 Dry Skin Day Cream 50ml,0,0,0,30.69,taxable,,Skincare,Eucerin Hyaluron-Filler SPF15 Dry Skin Day Cream 50ml. A skincare product. Supplied as 50ml.,No regulation
simple,5391520940743,Dermalex Psoriasis 150g,0,0,0,30.69,taxable,,Skincare,Dermalex Psoriasis 150g. A skincare product. Supplied as 150g.,No regulation
simple,5060099030888,Odylique Superfruit Concentrate 30ml,0,0,0,30.69,taxable,,General Health,Odylique Superfruit Concentrate 30ml. A health and wellbeing product. Supplied as 30ml.,No regulation
simple,6009544916130,USN All-in-One Hyperbolic Mass Gainer Vanilla Flavour 2kg,0,0,0,30.29,taxable,,General Health,USN All-in-One Hyperbolic Mass Gainer Vanilla Flavour 2kg. A health and wellbeing product. Supplied as 2kg.,No regulation
simple,5060503930025,LithoLexal Joint Health Advanced 60 Tablets,0,0,0,30.09,taxable,,Pain Relief,"LithoLexal Joint Health Advanced 60 Tablets. Always read the label and any leaflet supplied. If symptoms persist, speak to your pharmacist or doctor. Supplied as 60 Tablets.",No regulation
simple,0610370614037,Wild Nutrition Food-Grown Wild Traveller 32 Capsules,0,0,0,30.00,taxable,,Vitamins,Wild Nutrition Food-Grown Wild Traveller 32 Capsules. A vitamins and supplements product. Supplied as 32 Capsules.,No regulation
simple,0658556024768,Living Nutrition Organic Fermented Cordyceps 60 Capsules,0,0,0,29.99,taxable,,Vitamins,Living Nutrition Organic Fermented Cordyceps 60 Capsules. A vitamins and supplements product. Supplied as 60 Capsules.,No regulation
simple,0658556025154,Planet Paleo Bone Broth Collagen Protein Original 225g,0,0,0,29.99,taxable,,Vitamins,Planet Paleo Bone Broth Collagen Protein Original 225g. A vitamins and supplements product. Supplied as 225g.,No regulation
simple,0033984009332,Solgar Coq-10 30mg 90 Capsules,0,0,0,29.99,taxable,,Vitamins,Solgar Coq-10 30mg 90 Capsules. A vitamins and supplements product. Supplied as 90 Capsules.,No regulation
simple,0658556025277,Planet Paleo Bone Broth Sports Protein Chocolate 240g,0,0,0,29.99,taxable,,Vitamins,Planet Paleo Bone Broth Sports Protein Chocolate 240g. A vitamins and supplements product. Supplied as 240g.,No regulation
simple,5034511010253,Green People Scent Free Mineral Sun Cream SPF30 50ml,0,0,0,29.99,taxable,,Skincare,Green People Scent Free Mineral Sun Cream SPF30 50ml. A skincare product. Supplied as 50ml.,No regulation
simple,3574660635607,Nicorette 15mg Inhalator 20 Cartridges,0,0,0,29.99,taxable,reduced-rate,Stop Smoking,Nicorette 15mg Inhalator 20 Cartridges. A stop-smoking product. Supplied as 15mg.,GSL
simple,5391531561418,Spotlight Oral Care Kit for Sensitivity,0,0,0,29.99,taxable,,Oral Care,Spotlight Oral Care Kit for Sensitivity. An oral care product.,No regulation
simple,8809684560655,Milk Touch Glossy Moisture Cream 50ml,0,0,0,29.99,taxable,,Skincare,Milk Touch Glossy Moisture Cream 50ml. A skincare product. Supplied as 50ml.,No regulation
simple,5060203795474,Terranova Vegan Collagen & Silica Complex 100 Capsules,0,0,0,29.99,taxable,,Vitamins,Terranova Vegan Collagen & Silica Complex 100 Capsules. A vitamins and supplements product. Supplied as 100 Capsules.,No regulation
simple,5055148414931,Lamberts Curcumin Ultra+ Turmeric Extract 60 Capsules,0,0,0,29.99,taxable,,Vitamins,Lamberts Curcumin Ultra+ Turmeric Extract 60 Capsules. A vitamins and supplements product. Supplied as 60 Capsules.,No regulation
simple,4064666321790,"Nioxin Scalp Recovery Kit for Itchy, Flaky Scalp",0,0,0,29.99,taxable,,Hair Care,"Nioxin Scalp Recovery Kit for Itchy, Flaky Scalp. A hair care product.",No regulation
simple,0658556025253,Planet Paleo Bone Broth Sports Protein Vanilla & Banana 240g,0,0,0,29.99,taxable,,Vitamins,Planet Paleo Bone Broth Sports Protein Vanilla & Banana 240g. A vitamins and supplements product. Supplied as 240g.,No regulation
simple,5060203791940,Terranova Theanine Ashwagandha & Rhodiola Complex 50 Vegetarian Capsules,0,0,0,29.99,taxable,,Vitamins,Terranova Theanine Ashwagandha & Rhodiola Complex 50 Vegetarian Capsules. A vitamins and supplements product.,No regulation
simple,5060216563947,Bioglan Collagen Powder 151g,0,0,0,29.99,taxable,,Vitamins,Bioglan Collagen Powder 151g. A vitamins and supplements product. Supplied as 151g.,No regulation
simple,0658556025130,Planet Paleo Organic Bone Broth Collagen Protein - Pure 225g,0,0,0,29.99,taxable,,Vitamins,Planet Paleo Organic Bone Broth Collagen Protein - Pure 225g. A vitamins and supplements product. Supplied as 225g.,No regulation
simple,0033984026766,Solgar Super Starflower Oil 1300mg 60 Softgels,0,0,0,29.99,taxable,,Vitamins,Solgar Super Starflower Oil 1300mg 60 Softgels. A vitamins and supplements product. Supplied as 60 Softgels.,No regulation
simple,5060018516042,KIKI Health Vitamin B Complex 30 Capsules,0,0,0,29.99,taxable,,Vitamins,KIKI Health Vitamin B Complex 30 Capsules. A vitamins and supplements product. Supplied as 30 Capsules.,No regulation
simple,0658556024744,Living Nutrition Organic Fermented Lion's Mane 60 Capsules,0,0,0,29.99,taxable,,Vitamins,Living Nutrition Organic Fermented Lion's Mane 60 Capsules. A vitamins and supplements product. Supplied as 60 Capsules.,No regulation
simple,5060203793678,"Terranova Cordyceps, Rhodiola & Ginseng Super-Blend Capsules 50 Pack",0,0,0,29.99,taxable,,Vitamins,"Terranova Cordyceps, Rhodiola & Ginseng Super-Blend Capsules 50 Pack. A vitamins and supplements product. Supplied as 50 Pack.",No regulation
simple,0768455109609,AquacelAg Hydrofiber Dressing with Silver 5cm x 5cm,0,0,0,29.99,taxable,,First Aid,"AquacelAg Hydrofiber Dressing with Silver 5cm x 5cm. Always read the label and any leaflet supplied. If symptoms persist, speak to your pharmacist or doctor.",No regulation
simple,3574660619812,Nicorette Quickmist 1mg Mouthspray Freshmint 2 x 150 Doses,0,0,0,29.99,taxable,reduced-rate,Stop Smoking,Nicorette Quickmist 1mg Mouthspray Freshmint 2 x 150 Doses. A stop-smoking product. Supplied as 1mg.,GSL
simple,0033984015272,Solgar Griffonia 5-HTP Complex 90 Capsules,0,0,0,29.99,taxable,,Vitamins,Solgar Griffonia 5-HTP Complex 90 Capsules. A vitamins and supplements product. Supplied as 90 Capsules.,No regulation
simple,0033984001022,Solgar Amino 75 90 Capsules,0,0,0,29.99,taxable,,Vitamins,Solgar Amino 75 90 Capsules. A vitamins and supplements product. Supplied as 90 Capsules.,No regulation
simple,8809684561249,Milk Touch Green Apple Pore Collagen Cream 50ml,0,0,0,29.99,taxable,,Skincare,Milk Touch Green Apple Pore Collagen Cream 50ml. A skincare product. Supplied as 50ml.,No regulation
simple,0083000261374,Nature's Answer Liquid Omega-3 480ml,0,0,0,29.99,taxable,,Vitamins,Nature's Answer Liquid Omega-3 480ml. A vitamins and supplements product. Supplied as 480ml.,No regulation
simple,5055382306245,Alvita Upper Arm Standard Blood Pressure Monitor,0,0,0,29.99,taxable,,Testing & Monitoring,"Alvita Upper Arm Standard Blood Pressure Monitor. Always read the label and any leaflet supplied. If symptoms persist, speak to your pharmacist or doctor.",No regulation
simple,5060342242358,GLUCORX X6 URIC ACID TEST STRIPS (10),0,0,0,29.99,taxable,,Testing & Monitoring,"GLUCORX X6 URIC ACID TEST STRIPS (10). Always read the label and any leaflet supplied. If symptoms persist, speak to your pharmacist or doctor.",No regulation
simple,0033984004238,Solgar Earth Source Multi-Nutrient 90 Tablets,0,0,0,29.99,taxable,,Vitamins,Solgar Earth Source Multi-Nutrient 90 Tablets. A vitamins and supplements product. Supplied as 90 Tablets.,No regulation
simple,5060031470512,Activon Tulle with Medical Grade Manuka Honey 10cm x 10cm,0,0,0,29.99,taxable,,General Health,Activon Tulle with Medical Grade Manuka Honey 10cm x 10cm. A health and wellbeing product.,No regulation
simple,0033984026018,Solgar Shark Cartilage 750mg 90 Capsules,0,0,0,29.99,taxable,,Vitamins,Solgar Shark Cartilage 750mg 90 Capsules. A vitamins and supplements product. Supplied as 90 Capsules.,No regulation
simple,0658556024676,Living Nutrition Organic Fermented Red Ginseng 60 Capsules,0,0,0,29.99,taxable,,Vitamins,Living Nutrition Organic Fermented Red Ginseng 60 Capsules. A vitamins and supplements product. Supplied as 60 Capsules.,No regulation
simple,5015802293265,"Sara Miller Mandarin, Tuberose & Wild Musk Candle & Mug Gift Set",0,0,0,29.99,taxable,,Beauty,"Sara Miller Mandarin, Tuberose & Wild Musk Candle & Mug Gift Set. A health and beauty product.",No regulation
simple,0658556025215,Planet Paleo Organic Bone Broth Collagen Protein - Ancient Mushrooms 225g,0,0,0,29.99,taxable,,Vitamins,Planet Paleo Organic Bone Broth Collagen Protein - Ancient Mushrooms 225g. A vitamins and supplements product. Supplied as 225g.,No regulation
simple,0658556025178,Planet Paleo Bone Broth Collagen Protein Golden Turmeric 225g,0,0,0,29.99,taxable,,Vitamins,Planet Paleo Bone Broth Collagen Protein Golden Turmeric 225g. A vitamins and supplements product. Supplied as 225g.,No regulation
simple,0634158970139,Mushrooms 4 Life Organic Cordyceps Beetroot Latte 130g,0,0,0,29.99,taxable,zero-rate,General Health,Mushrooms 4 Life Organic Cordyceps Beetroot Latte 130g. A health and wellbeing product. Supplied as 130g.,No regulation
simple,5060018513157,KIKI Health Pure Marine Collagen Powder 200g,0,0,0,29.99,taxable,,Vitamins,KIKI Health Pure Marine Collagen Powder 200g. A vitamins and supplements product. Supplied as 200g.,No regulation
simple,5060203794118,Terranova Red Yeast Rice Complex Statin-free 50 Capsules,0,0,0,29.99,taxable,,Vitamins,Terranova Red Yeast Rice Complex Statin-free 50 Capsules. A vitamins and supplements product. Supplied as 50 Capsules.,No regulation
simple,3574661383606,Neutrogena Visibly Clear Acne Light Therapy Spot Treatment,0,0,0,29.99,taxable,,Skincare,Neutrogena Visibly Clear Acne Light Therapy Spot Treatment. A skincare product.,No regulation
simple,0083000261398,Nature's Answer Vitamin D3 & K2 15ml,0,0,0,29.99,taxable,,Vitamins,Nature's Answer Vitamin D3 & K2 15ml. A vitamins and supplements product. Supplied as 15ml.,No regulation
simple,9421900569021,Antipodes Vanilla Pod Hydrating Day Cream 60ml,0,0,0,29.99,taxable,,Skincare,Antipodes Vanilla Pod Hydrating Day Cream 60ml. A skincare product. Supplied as 60ml.,No regulation
simple,0814784024240,SunWarrior Blend Chocolate 375g,0,0,0,29.99,taxable,,Vitamins,SunWarrior Blend Chocolate 375g. A vitamins and supplements product. Supplied as 375g.,No regulation
simple,5034511010307,Green People SPF15 Sun Cream with Natural Insect Repellent 100ml,0,0,0,29.99,taxable,,Skincare,Green People SPF15 Sun Cream with Natural Insect Repellent 100ml. A skincare product. Supplied as 100ml.,No regulation
simple,5060144753397,YuMOVE Skin & Coat Care Boost for All Dogs 91.5g,0,0,0,29.99,taxable,,Skincare,YuMOVE Skin & Coat Care Boost for All Dogs 91.5g. A skincare product. Supplied as 91.5g.,No regulation
simple,0020714576219,Clinique Moisture Surge Overnight Mask 100ml,0,0,0,29.99,taxable,,Skincare,Clinique Moisture Surge Overnight Mask 100ml. A skincare product. Supplied as 100ml.,No regulation
simple,8445290701787,Minami MorEPA Original Omega-3 60 Capsules,0,0,0,29.99,taxable,,Vitamins,Minami MorEPA Original Omega-3 60 Capsules. A vitamins and supplements product. Supplied as 60 Capsules.,No regulation
simple,8809684560020,Milk Touch Hedera Helix Relaxing Cream 50ml,0,0,0,29.99,taxable,,Skincare,Milk Touch Hedera Helix Relaxing Cream 50ml. A skincare product. Supplied as 50ml.,No regulation
simple,3666057174445,Clarins Tonic Hydrating Oil-Balm 200ml,0,0,0,29.99,taxable,,Skincare,Clarins Tonic Hydrating Oil-Balm 200ml. A skincare product. Supplied as 200ml.,No regulation
simple,5060018513614,KIKI Health Organic 8 Mushroom Extract Blend 60 Capsules,0,0,0,29.99,taxable,,Vitamins,KIKI Health Organic 8 Mushroom Extract Blend 60 Capsules. A vitamins and supplements product. Supplied as 60 Capsules.,No regulation
simple,0768990061103,Nordic Naturals Ultimate Omega 2X TEEN - 60 mini softgels,0,0,0,29.99,taxable,,Vitamins,Nordic Naturals Ultimate Omega 2X TEEN - 60 mini softgels. A vitamins and supplements product.,No regulation
simple,5023652441033,Nature's Aid Pro 100 Ultra (100 Bill Bac) 30 Capsules,0,0,0,29.99,taxable,,Vitamins,Nature's Aid Pro 100 Ultra (100 Bill Bac) 30 Capsules. A vitamins and supplements product. Supplied as 30 Capsules.,No regulation
simple,8429979417343,Sesderma Retiage Anti-Aging Serum 30ml,0,0,0,29.99,taxable,,Skincare,Sesderma Retiage Anti-Aging Serum 30ml. A skincare product. Supplied as 30ml.,No regulation
simple,5060202184934,Cytoplan Omega Balance 60 Capsules,0,0,0,29.99,taxable,,Vitamins,Cytoplan Omega Balance 60 Capsules. A vitamins and supplements product. Supplied as 60 Capsules.,No regulation
simple,5055148403041,Lamberts Pycnogenol 40mg 60 Capsules,0,0,0,29.99,taxable,,Vitamins,Lamberts Pycnogenol 40mg 60 Capsules. A vitamins and supplements product. Supplied as 60 Capsules.,No regulation
simple,7046260606319,Nicorette Icy White 2mg Nicotine Gum 210 Pack,0,0,0,29.99,taxable,,Stop Smoking,Nicorette Icy White 2mg Nicotine Gum 210 Pack. A stop-smoking product. Supplied as 210 Pack.,GSL
simple,0658556025192,Planet Paleo Bone Broth Collagen Protein Herbal Defence 225g,0,0,0,29.99,taxable,,Vitamins,Planet Paleo Bone Broth Collagen Protein Herbal Defence 225g. A vitamins and supplements product. Supplied as 225g.,No regulation
simple,5391531561425,Spotlight Oral Care Kit for Bad Breath,0,0,0,29.99,taxable,,Oral Care,Spotlight Oral Care Kit for Bad Breath. An oral care product.,No regulation
simple,8000300432244,Garden of Life Microbiome Once Daily Men's 30 Capsules,0,0,0,29.99,taxable,,Vitamins,Garden of Life Microbiome Once Daily Men's 30 Capsules. A vitamins and supplements product. Supplied as 30 Capsules.,No regulation
simple,5060018513591,KIKI Health Organic Reishi Extract Mushroom 60 Capsules,0,0,0,29.99,taxable,,Vitamins,KIKI Health Organic Reishi Extract Mushroom 60 Capsules. A vitamins and supplements product. Supplied as 60 Capsules.,No regulation
simple,0658556117026,Mushrooms For Life Organic Lion's Mane Powder 60g,0,0,0,29.99,taxable,,Vitamins,Mushrooms For Life Organic Lion's Mane Powder 60g. A vitamins and supplements product. Supplied as 60g.,No regulation
simple,0013964127423,Mad Hippie Vitamin C Serum 30ml,0,0,0,29.99,taxable,,Skincare,Mad Hippie Vitamin C Serum 30ml. A skincare product. Supplied as 30ml.,No regulation
simple,6945799150281,Scian Automatic Upper Arm Blood Pressure Monitor,0,0,0,29.99,taxable,,Testing & Monitoring,"Scian Automatic Upper Arm Blood Pressure Monitor. Always read the label and any leaflet supplied. If symptoms persist, speak to your pharmacist or doctor.",No regulation
simple,8000300432305,Garden of Life Microbiome Once Daily Mood+ 60 Capsules,0,0,0,29.99,taxable,,Vitamins,Garden of Life Microbiome Once Daily Mood+ 60 Capsules. A vitamins and supplements product. Supplied as 60 Capsules.,No regulation
simple,5060018513553,KIKI Health Organic Chaga Extract Mushroom 60 Capsules,0,0,0,29.99,taxable,,Vitamins,KIKI Health Organic Chaga Extract Mushroom 60 Capsules. A vitamins and supplements product. Supplied as 60 Capsules.,No regulation
simple,7702018508341,Gillette Mach 3 Shaving Set,0,0,0,29.99,taxable,,Men's Grooming,Gillette Mach 3 Shaving Set. A men's grooming product.,No regulation
simple,5015802289923,Sara Miller Scented Votive Gift Set,0,0,0,29.99,taxable,,Beauty,Sara Miller Scented Votive Gift Set. A health and beauty product.,No regulation
simple,8000300432268,Garden of Life Microbiome Once Daily Women's 30 Capsules,0,0,0,29.99,taxable,,Women's Health,Garden of Life Microbiome Once Daily Women's 30 Capsules. A women's health product. Supplied as 30 Capsules.,No regulation
simple,5055148414900,Lamberts Collagen Radiance Powder 100g,0,0,0,29.99,taxable,,Vitamins,Lamberts Collagen Radiance Powder 100g. A vitamins and supplements product. Supplied as 100g.,No regulation
simple,0634158883996,Wild Nutrition Food-Grown Polycys Complex 90 Capsules,0,0,0,29.99,taxable,,Vitamins,Wild Nutrition Food-Grown Polycys Complex 90 Capsules. A vitamins and supplements product. Supplied as 90 Capsules.,No regulation
simple,5060018510002,KIKI Health Organic Nature's Living Superfood 150g,0,0,0,29.99,taxable,,Vitamins,KIKI Health Organic Nature's Living Superfood 150g. A vitamins and supplements product. Supplied as 150g.,No regulation
simple,5060018514680,KIKI Health Organic Maitake & Reishi Extract Blend 60 Vegicaps,0,0,0,29.99,taxable,,Vitamins,KIKI Health Organic Maitake & Reishi Extract Blend 60 Vegicaps. A vitamins and supplements product.,No regulation
simple,5060202183890,Cytoplan Magnesium Threonate 50mg 60 Capsules,0,0,0,29.99,taxable,,Vitamins,Cytoplan Magnesium Threonate 50mg 60 Capsules. A vitamins and supplements product. Supplied as 60 Capsules.,No regulation
simple,5031013100697,Higher Nature Cranberry 90 Capsules,0,0,0,29.95,taxable,,Vitamins,Higher Nature Cranberry 90 Capsules. A vitamins and supplements product. Supplied as 90 Capsules.,No regulation
simple,5031013100925,Higher Nature Citricidal 100ml,0,0,0,29.95,taxable,,Vitamins,Higher Nature Citricidal 100ml. A vitamins and supplements product. Supplied as 100ml.,No regulation
simple,5031013109584,Higher Nature True Food Clarity for Women 60 Capsules,0,0,0,29.95,taxable,,Women's Health,Higher Nature True Food Clarity for Women 60 Capsules. A women's health product. Supplied as 60 Capsules.,No regulation
simple,5031013102776,Higher Nature Astaxanthin & Blackcurrant 90 Capsules,0,0,0,29.95,taxable,,Vitamins,Higher Nature Astaxanthin & Blackcurrant 90 Capsules. A vitamins and supplements product. Supplied as 90 Capsules.,No regulation
simple,5031013109669,Higher Nature True Food Rekindle for Women 60 Capsules,0,0,0,29.95,taxable,,Women's Health,Higher Nature True Food Rekindle for Women 60 Capsules. A women's health product. Supplied as 60 Capsules.,No regulation
simple,5060342242310,GLUCORX X6 MULTI-FUNCTION MONITORING SYS (1),0,0,0,29.95,taxable,,Testing & Monitoring,"GLUCORX X6 MULTI-FUNCTION MONITORING SYS (1). Always read the label and any leaflet supplied. If symptoms persist, speak to your pharmacist or doctor.",No regulation
simple,5031013109676,Higher Nature True Food Vitality for Women 60 Capsules,0,0,0,29.95,taxable,,Women's Health,Higher Nature True Food Vitality for Women 60 Capsules. A women's health product. Supplied as 60 Capsules.,No regulation
simple,3380810032840,Clarins Eye Contour Gel 20ml,0,0,0,29.89,taxable,,Skincare,Clarins Eye Contour Gel 20ml. A skincare product. Supplied as 20ml.,No regulation
simple,3337873401793,Sanoflore Essence Magnifica 30ml,0,0,0,29.89,taxable,,General Health,Sanoflore Essence Magnifica 30ml. A health and wellbeing product. Supplied as 30ml.,No regulation
simple,5060342242341,GLUCORX X6 LACTATE TEST STRIPS (10),0,0,0,29.89,taxable,,Testing & Monitoring,"GLUCORX X6 LACTATE TEST STRIPS (10). Always read the label and any leaflet supplied. If symptoms persist, speak to your pharmacist or doctor.",No regulation
simple,8718053574318,Nailner Fungal Nail Infection Treat & Colour 2 x 5ml,0,0,0,29.89,taxable,,Beauty,Nailner Fungal Nail Infection Treat & Colour 2 x 5ml. A health and beauty product. Supplied as 2 x 5ml.,No regulation
simple,5060363050109,Tom Oliver Collagen Caviar Skincare 84 Tablets,0,0,0,29.89,taxable,,Skincare,Tom Oliver Collagen Caviar Skincare 84 Tablets. A skincare product. Supplied as 84 Tablets.,No regulation
simple,0033984009165,Solgar Nutri-Nano Coq-10 50 Softgels,0,0,0,29.89,taxable,,Vitamins,Solgar Nutri-Nano Coq-10 50 Softgels. A vitamins and supplements product. Supplied as 50 Softgels.,No regulation
simple,0033984001169,Solgar Antioxidant Nutrients 100 Tablets,0,0,0,29.89,taxable,,Vitamins,Solgar Antioxidant Nutrients 100 Tablets. A vitamins and supplements product. Supplied as 100 Tablets.,No regulation
simple,5036631008646,Kelo-Cote UV Scar Gel 15g,0,0,0,29.89,taxable,,Skincare,Kelo-Cote UV Scar Gel 15g. A skincare product. Supplied as 15g.,No regulation
simple,3380810648454,Clarins Eau Dynamisante Spray 50ml,0,0,0,29.89,taxable,,Beauty,Clarins Eau Dynamisante Spray 50ml. A health and beauty product. Supplied as 50ml.,No regulation
simple,0033984014176,Solgar Collagen Hyaluronic Acid Complex 30 Tablets,0,0,0,29.79,taxable,,Vitamins,Solgar Collagen Hyaluronic Acid Complex 30 Tablets. A vitamins and supplements product. Supplied as 30 Tablets.,No regulation
simple,4007221036395,Drontal Dog Tasty Bone 6 Tablets,0,0,0,29.69,taxable,,Pet Care,Drontal Dog Tasty Bone 6 Tablets. A pet care product. Supplied as 6 Tablets.,No regulation
simple,0033984007543,Solgar Advanced Multi-Billion Dophilus 60 Capsules,0,0,0,29.69,taxable,,Vitamins,Solgar Advanced Multi-Billion Dophilus 60 Capsules. A vitamins and supplements product. Supplied as 60 Capsules.,No regulation
simple,5060148521138,Betteryou Magnesium Flakes 5kg,0,0,0,29.69,taxable,,Vitamins,Betteryou Magnesium Flakes 5kg. A vitamins and supplements product. Supplied as 5kg.,No regulation
simple,5031013100192,Higher Nature Aloe Gold Cherry & Cranberry 485ml,0,0,0,29.69,taxable,,Vitamins,Higher Nature Aloe Gold Cherry & Cranberry 485ml. A vitamins and supplements product. Supplied as 485ml.,No regulation
simple,5012564005341,Menthoderm 1% Menthol Aqueous Cream Pot 500g,0,0,0,29.69,taxable,,Skincare,Menthoderm 1% Menthol Aqueous Cream Pot 500g. A skincare product. Supplied as 500g.,No regulation
simple,0634158533228,Daily Multi Nutrient for Teengirl 60 Capsules,0,0,0,29.49,taxable,,Vitamins,Daily Multi Nutrient for Teengirl 60 Capsules. A vitamins and supplements product. Supplied as 60 Capsules.,No regulation
simple,7350012553487,BioGaia Protectis for Immune System with Vitamin D+ 90 Chewables,0,0,0,29.49,taxable,,Vitamins,BioGaia Protectis for Immune System with Vitamin D+ 90 Chewables. A vitamins and supplements product.,No regulation
simple,5060202181827,Cytoplan 50+ Multivitamin & Mineral 60 Capsules,0,0,0,29.49,taxable,,Vitamins,Cytoplan 50+ Multivitamin & Mineral 60 Capsules. A vitamins and supplements product. Supplied as 60 Capsules.,No regulation
simple,0089815200140,Scope Omega Eye Food Supplement 120 Capsules,0,0,0,29.49,taxable,,Vitamins,Scope Omega Eye Food Supplement 120 Capsules. A vitamins and supplements product. Supplied as 120 Capsules.,No regulation
simple,5031013100543,Higher Nature Glutamine Powder 200g,0,0,0,29.45,taxable,,Vitamins,Higher Nature Glutamine Powder 200g. A vitamins and supplements product. Supplied as 200g.,No regulation
simple,5031013108518,Higher Nature High Strength Turmeric 60 Capsules,0,0,0,29.45,taxable,,Vitamins,Higher Nature High Strength Turmeric 60 Capsules. A vitamins and supplements product. Supplied as 60 Capsules.,No regulation
simple,5011417576205,Schollmed Once Weekly Fungal Nail Treatment Kit,0,0,0,29.39,taxable,,Supports & Braces,Schollmed Once Weekly Fungal Nail Treatment Kit. A support and mobility product.,GSL
simple,0020714656034,Clinique Moisture Surge Cc Cream SPF30 Light 40ml,0,0,0,29.29,taxable,,Skincare,Clinique Moisture Surge Cc Cream SPF30 Light 40ml. A skincare product. Supplied as 40ml.,No regulation
simple,5060035240654,Dermatix Silicone Sheet Clear 13cm x 13cm,0,0,0,29.19,taxable,,General Health,Dermatix Silicone Sheet Clear 13cm x 13cm. A health and wellbeing product.,No regulation
simple,5060332530977,Lindens Health + Nutrition Garlic 6000mg 1000 Capsules,0,0,0,29.19,taxable,,Vitamins,Lindens Health + Nutrition Garlic 6000mg 1000 Capsules. A vitamins and supplements product. Supplied as 1000 Capsules.,No regulation
simple,5060035240692,Dermatix Silicone Sheet Fabric 13cm x 13cm,0,0,0,29.19,taxable,,General Health,Dermatix Silicone Sheet Fabric 13cm x 13cm. A health and wellbeing product.,No regulation
simple,5031812509103,Coatex Liquid Pump 65ml,0,0,0,29.19,taxable,,General Health,Coatex Liquid Pump 65ml. A health and wellbeing product. Supplied as 65ml.,No regulation
simple,0033984014749,Solgar Super Concentrated Isoflavones 60 Tablets,0,0,0,29.19,taxable,,Vitamins,Solgar Super Concentrated Isoflavones 60 Tablets. A vitamins and supplements product. Supplied as 60 Tablets.,No regulation
simple,0033984035607,Solgar Vitamin E 671mg (1000IU) 50 Softgels,0,0,0,28.99,taxable,,Vitamins,Solgar Vitamin E 671mg (1000IU) 50 Softgels. A vitamins and supplements product. Supplied as 50 Softgels.,No regulation
simple,5391528870158,PrecisionBiotics Alflorex Chewable 30 Tablets,0,0,0,28.99,taxable,,Vitamins,PrecisionBiotics Alflorex Chewable 30 Tablets. A vitamins and supplements product. Supplied as 30 Tablets.,No regulation
simple,5060519147547,Pukka Workday Wellness Tea Selection,0,0,0,28.99,taxable,zero-rate,Vitamins,Pukka Workday Wellness Tea Selection. A vitamins and supplements product.,No regulation
simple,0658556025093,Planet Paleo Pure Collagen Keto Coffee 213g,0,0,0,28.99,taxable,,Vitamins,Planet Paleo Pure Collagen Keto Coffee 213g. A vitamins and supplements product. Supplied as 213g.,No regulation
simple,0658556025109,Planet Paleo Pure Collagen Cacao Magic 264g,0,0,0,28.99,taxable,,Vitamins,Planet Paleo Pure Collagen Cacao Magic 264g. A vitamins and supplements product. Supplied as 264g.,No regulation
simple,8809844991084,Dr.Jart+ Cicapair Tiger Grass Colour Correcting Treatment 50ml,0,0,0,28.99,taxable,,General Health,Dr.Jart+ Cicapair Tiger Grass Colour Correcting Treatment 50ml. A health and wellbeing product. Supplied as 50ml.,No regulation
simple,0604565041036,Feel Supreme Lion's Mane Mushroom Liquid 60 ml,0,0,0,28.99,taxable,,General Health,Feel Supreme Lion's Mane Mushroom Liquid 60 ml. A health and wellbeing product. Supplied as 60 ml.,No regulation
simple,5060203794002,Terranova Aplha Lipoic Acid 300mg Complex 100 Pack,0,0,0,28.99,taxable,,Vitamins,Terranova Aplha Lipoic Acid 300mg Complex 100 Pack. A vitamins and supplements product. Supplied as 100 Pack.,No regulation
simple,5055148412678,"Lamberts Turmeric 20,000mg 120 Tablets",0,0,0,28.99,taxable,,Vitamins,"Lamberts Turmeric 20,000mg 120 Tablets. A vitamins and supplements product. Supplied as 120 Tablets.",No regulation
simple,5060202183852,Cytoplan Coq10 Multi 60 Capsules,0,0,0,28.99,taxable,,Vitamins,Cytoplan Coq10 Multi 60 Capsules. A vitamins and supplements product. Supplied as 60 Capsules.,No regulation
simple,8809566990075,Benton Snail Bee Ultimate Serum 35ml,0,0,0,28.99,taxable,,Skincare,Benton Snail Bee Ultimate Serum 35ml. A skincare product. Supplied as 35ml.,No regulation
simple,5034511000308,Green People Alexandra Kay Time To Ease Muscle Relax Body Oil Blend,0,0,0,28.99,taxable,,Pain Relief,"Green People Alexandra Kay Time To Ease Muscle Relax Body Oil Blend. Always read the label and any leaflet supplied. If symptoms persist, speak to your pharmacist or doctor.",No regulation
simple,8809844993101,Dr.Jart+ Ceramidin Skin Barrier Moisturising Cream 50ml,0,0,0,28.99,taxable,,Skincare,Dr.Jart+ Ceramidin Skin Barrier Moisturising Cream 50ml. A skincare product. Supplied as 50ml.,No regulation
simple,0768990017940,"Nordic Naturals Ultimate Omega-D3, 1280mg Lemon - 60 Softgels",0,0,0,28.99,taxable,,Vitamins,"Nordic Naturals Ultimate Omega-D3, 1280mg Lemon - 60 Softgels. A vitamins and supplements product. Supplied as 60 Softgels.",No regulation
simple,8809626566608,Beaudiani Facial Mist Damask Rose 95ml,0,0,0,28.99,taxable,,Skincare,Beaudiani Facial Mist Damask Rose 95ml. A skincare product. Supplied as 95ml.,No regulation
simple,8809844996553,Dr. Jart+ Cicapair Intensive Soothing Repair Gel Cream 50ml,0,0,0,28.99,taxable,,Skincare,Dr. Jart+ Cicapair Intensive Soothing Repair Gel Cream 50ml. A skincare product. Supplied as 50ml.,No regulation
simple,5010724932544,Viviscal Maximum Strength Hair Growth Supplement 30 Tablets,0,0,0,28.99,taxable,,Hair Care,Viviscal Maximum Strength Hair Growth Supplement 30 Tablets. A hair care product. Supplied as 30 Tablets.,No regulation
simple,0033984017023,Solgar L-Lysine 1000mg 250 Tablets,0,0,0,28.99,taxable,,Vitamins,Solgar L-Lysine 1000mg 250 Tablets. A vitamins and supplements product. Supplied as 250 Tablets.,No regulation
simple,4005900570802,Eucerin Anti-Pigment Night Cream 50ml,0,0,0,28.99,taxable,,Skincare,Eucerin Anti-Pigment Night Cream 50ml. A skincare product. Supplied as 50ml.,No regulation
simple,5060150090158,Dermacool Menthol Aqueous Cream 2% 500g,0,0,0,28.99,taxable,,Skincare,Dermacool Menthol Aqueous Cream 2% 500g. A skincare product. Supplied as 500g.,No regulation
simple,5060203790776,Terranova Probiotic-Digestive Enzyme Complex with Microflora 100 Pack,0,0,0,28.99,taxable,,Digestive,"Terranova Probiotic-Digestive Enzyme Complex with Microflora 100 Pack. Always read the label and any leaflet supplied. If symptoms persist, speak to your pharmacist or doctor. Supplied as 100 Pack.",No regulation
simple,8809844996515,Dr.Jart+ Cicapair Intensive Soothing Repair Cream 50ml,0,0,0,28.99,taxable,,Skincare,Dr.Jart+ Cicapair Intensive Soothing Repair Cream 50ml. A skincare product. Supplied as 50ml.,No regulation
simple,5036631003610,Kelo-Cote Scar Treatment 15g,0,0,0,28.99,taxable,,General Health,Kelo-Cote Scar Treatment 15g. A health and wellbeing product. Supplied as 15g.,No regulation
simple,5010441075333,Numark Melolin 5x5cm 100,0,0,0,28.99,taxable,,General Health,Numark Melolin 5x5cm 100. A health and wellbeing product.,No regulation
simple,0658556025116,Planet Paleo Turmeric Latte Collagen Hottie 260g,0,0,0,28.99,taxable,,Vitamins,Planet Paleo Turmeric Latte Collagen Hottie 260g. A vitamins and supplements product. Supplied as 260g.,No regulation
simple,9421904521926,Antipodes Rejoice Light Facial Day Cream 60ml,0,0,0,28.99,taxable,,Skincare,Antipodes Rejoice Light Facial Day Cream 60ml. A skincare product. Supplied as 60ml.,No regulation
simple,8809566991621,Benton Goodbye Redness Centella Special Set,0,0,0,28.99,taxable,,General Health,Benton Goodbye Redness Centella Special Set. A health and wellbeing product.,No regulation
simple,5012564005358,Menthoderm Cream 2% 500g,0,0,0,28.99,taxable,,Skincare,Menthoderm Cream 2% 500g. A skincare product. Supplied as 500g.,No regulation
simple,5060203795429,Terranova Vegan Collagen Complex 100 Capsules,0,0,0,28.99,taxable,,Vitamins,Terranova Vegan Collagen Complex 100 Capsules. A vitamins and supplements product. Supplied as 100 Capsules.,No regulation
simple,0089815200157,Scope Omega Eye Liquid Food Supplement 200ml,0,0,0,28.99,taxable,,Vitamins,Scope Omega Eye Liquid Food Supplement 200ml. A vitamins and supplements product. Supplied as 200ml.,No regulation
simple,0658556024515,Planet Paleo Keto C8 MCT Oil 500ml,0,0,0,28.99,taxable,,Skincare,Planet Paleo Keto C8 MCT Oil 500ml. A skincare product. Supplied as 500ml.,No regulation
simple,3616302514502,Lancaster Sun Sport Cooling Invisible Body Mist SPF30 200ml,0,0,0,28.99,taxable,,Skincare,Lancaster Sun Sport Cooling Invisible Body Mist SPF30 200ml. A skincare product. Supplied as 200ml.,No regulation
simple,5010123725969,Nicorette Freshmint Gum 4mg 210 Pack,0,0,0,28.99,taxable,reduced-rate,Stop Smoking,Nicorette Freshmint Gum 4mg 210 Pack. A stop-smoking product. Supplied as 210 Pack.,GSL
simple,3862700027858,Dexcom One Transmitter,0,0,0,28.99,taxable,,General Health,Dexcom One Transmitter. A health and wellbeing product.,No regulation
simple,5060203791469,Terranova Living Multivitamin Man 100 Capsules,0,0,0,28.99,taxable,,Vitamins,Terranova Living Multivitamin Man 100 Capsules. A vitamins and supplements product. Supplied as 100 Capsules.,No regulation
simple,8809083996857,Sioris Fresh Moment Cleansing Oil,0,0,0,28.99,taxable,,Skincare,Sioris Fresh Moment Cleansing Oil. A skincare product.,No regulation
simple,4005900728586,Eucerin Hyaluron-Filler + Elasticity Day Cream SPF30 50ml,0,0,0,28.99,taxable,,Skincare,Eucerin Hyaluron-Filler + Elasticity Day Cream SPF30 50ml. A skincare product. Supplied as 50ml.,No regulation
simple,5031013101151,Higher Nature Starflower Oil 90 Capsules,0,0,0,28.95,taxable,,Vitamins,Higher Nature Starflower Oil 90 Capsules. A vitamins and supplements product. Supplied as 90 Capsules.,No regulation
simple,3800219792645,Alteya Organic Timeless Glow Renewal Moisturiser Rose Jasminium 50ml,0,0,0,28.89,taxable,,Skincare,Alteya Organic Timeless Glow Renewal Moisturiser Rose Jasminium 50ml. A skincare product. Supplied as 50ml.,No regulation
simple,0017854110373,Baylis & Harding Wild Fig & Pomegranate Tray Set,0,0,0,28.59,taxable,,Beauty,Baylis & Harding Wild Fig & Pomegranate Tray Set. A health and beauty product.,No regulation
simple,5060704340418,Acala Deluxe Soap Lovers Gift Bag,0,0,0,28.59,taxable,,Beauty,Acala Deluxe Soap Lovers Gift Bag. A health and beauty product.,No regulation
simple,5012564000117,Menthoderm Cream 5% 500g,0,0,0,28.59,taxable,,Skincare,Menthoderm Cream 5% 500g. A skincare product. Supplied as 500g.,No regulation
simple,0814784027081,SunWarrior Protein Warrior Blend Unflavoured 375g,0,0,0,28.59,taxable,,Vitamins,SunWarrior Protein Warrior Blend Unflavoured 375g. A vitamins and supplements product. Supplied as 375g.,No regulation
simple,4005800161445,Eucerin Anti-Age Hyaluron-Filler Night Cream,0,0,0,28.59,taxable,,Skincare,Eucerin Anti-Age Hyaluron-Filler Night Cream. A skincare product.,No regulation
simple,5027519009008,Artelac 0.32% Sterile Eye Drops Unit Dose 30 Pack,0,0,0,28.59,taxable,,Eye Care,"Artelac 0.32% Sterile Eye Drops Unit Dose 30 Pack. Prescription-only medicine, supplied after an online consultation with our pharmacist. Always read the label and any leaflet supplied. If symptoms persist, speak to your pharmacist or doctor. Supplied as 30 Pack.",P
simple,4005800161421,Eucerin Hyaluron-Filler + Elasticity Day Cream SPF15,0,0,0,28.59,taxable,,Skincare,Eucerin Hyaluron-Filler + Elasticity Day Cream SPF15. A skincare product.,No regulation
simple,0814784027098,Sunwarrior Protein Warrior Blend Vanilla 375g,0,0,0,28.59,taxable,,Vitamins,Sunwarrior Protein Warrior Blend Vanilla 375g. A vitamins and supplements product. Supplied as 375g.,No regulation
simple,5712249121143,Gina 10 mcg HRT 24 vaginal tablets,0,0,0,28.49,taxable,,Women's Health,"Gina 10 mcg HRT 24 vaginal tablets. Prescription-only medicine, supplied after an online consultation with our pharmacist. Always read the label and any leaflet supplied. If symptoms persist, speak to your pharmacist or doctor. Supplied as 10 mcg.",P
simple,5060018511573,KIKI Health Organic Acerola Powder 100g,0,0,0,28.49,taxable,zero-rate,Vitamins,KIKI Health Organic Acerola Powder 100g. A vitamins and supplements product. Supplied as 100g.,No regulation
simple,5031013100949,Higher Nature Alkaline pH Capsules 180 Pack,0,0,0,28.45,taxable,,Vitamins,Higher Nature Alkaline pH Capsules 180 Pack. A vitamins and supplements product. Supplied as 180 Pack.,No regulation
simple,5036631001524,Macushield Gold 90 Capsules 30 Day Pack,0,0,0,28.29,taxable,,Vitamins,Macushield Gold 90 Capsules 30 Day Pack. A vitamins and supplements product. Supplied as 90 Capsules.,No regulation
simple,5392000067417,Precision Biotics Alflorex Original 30 Capsules,0,0,0,28.19,taxable,,Vitamins,Precision Biotics Alflorex Original 30 Capsules. A vitamins and supplements product. Supplied as 30 Capsules.,No regulation
simple,5065000523220,Pukka Vitalise 120g Powder,0,0,0,28.19,taxable,,Vitamins,Pukka Vitalise 120g Powder. A vitamins and supplements product. Supplied as 120g.,No regulation
simple,5060332531417,Lindens Health + Nutrition Peppermint Oil 50mg 1000 Capsules,0,0,0,28.19,taxable,,Vitamins,Lindens Health + Nutrition Peppermint Oil 50mg 1000 Capsules. A vitamins and supplements product. Supplied as 1000 Capsules.,No regulation
simple,3282770101669,Avène A-Oxitive Antioxidant Defense Serum 30ml,0,0,0,28.09,taxable,,Skincare,Avène A-Oxitive Antioxidant Defense Serum 30ml. A skincare product. Supplied as 30ml.,No regulation
simple,3800219790252,Alteya Organic Rose Otto Restoring Eye Serum Bio Damascena 10ml,0,0,0,28.09,taxable,,Skincare,Alteya Organic Rose Otto Restoring Eye Serum Bio Damascena 10ml. A skincare product. Supplied as 10ml.,No regulation
simple,0634158637155,Wild Nutrition Food-Grown Thyroid Connect 60 Capsules,0,0,0,28.00,taxable,,Vitamins,Wild Nutrition Food-Grown Thyroid Connect 60 Capsules. A vitamins and supplements product. Supplied as 60 Capsules.,No regulation
simple,4210201343530,Oral-B Io Gentle White Refill Heads 4,0,0,0,27.99,taxable,,Oral Care,Oral-B Io Gentle White Refill Heads 4. An oral care product.,No regulation
simple,0033984040236,Solgar Saw Palmetto Berries 100 Capsules,0,0,0,27.99,taxable,,Vitamins,Solgar Saw Palmetto Berries 100 Capsules. A vitamins and supplements product. Supplied as 100 Capsules.,No regulation
simple,5060202184569,Cytoplan Celadrin 400mg 60 Capsules,0,0,0,27.99,taxable,,Vitamins,Cytoplan Celadrin 400mg 60 Capsules. A vitamins and supplements product. Supplied as 60 Capsules.,No regulation
simple,0753950001831,Doctor's Best High Absorption CoQ10 with BioPerine 100 mg 120 Softgels,0,0,0,27.99,taxable,,Vitamins,Doctor's Best High Absorption CoQ10 with BioPerine 100 mg 120 Softgels. A vitamins and supplements product. Supplied as 120 Softgels.,No regulation
simple,0850043624158,Regenerative Omegas Plant-Based Omega 3-6-9 120 Softgel Capsules,0,0,0,27.99,taxable,,Vitamins,Regenerative Omegas Plant-Based Omega 3-6-9 120 Softgel Capsules. A vitamins and supplements product. Supplied as 120 Softgel.,No regulation
simple,0658556117040,Mushrooms For Life Organic Chaga Powder 60g,0,0,0,27.99,taxable,,Vitamins,Mushrooms For Life Organic Chaga Powder 60g. A vitamins and supplements product. Supplied as 60g.,No regulation
simple,5060150090011,Dermacool 1% Menthol Aqueous Cream Tub 500g,0,0,0,27.99,taxable,,Skincare,Dermacool 1% Menthol Aqueous Cream Tub 500g. A skincare product. Supplied as 500g.,GSL
simple,5028392002636,Metagenics MetaActive Forte 30 Capsules,0,0,0,27.99,taxable,,Vitamins,Metagenics MetaActive Forte 30 Capsules. A vitamins and supplements product. Supplied as 30 Capsules.,No regulation
simple,5021265248452,Vitabiotics Hairfollic Woman Advanced 60 Capsules,0,0,0,27.99,taxable,,Hair Care,Vitabiotics Hairfollic Woman Advanced 60 Capsules. A hair care product. Supplied as 60 Capsules.,No regulation
simple,0658556117002,Mushrooms For Life Organic Reishi Powder 60g,0,0,0,27.99,taxable,,Vitamins,Mushrooms For Life Organic Reishi Powder 60g. A vitamins and supplements product. Supplied as 60g.,No regulation
simple,0658556117477,CardioSmile Pine Tree Planet Sterols 2000mg 30 Sachets,0,0,0,27.99,taxable,,Vitamins,CardioSmile Pine Tree Planet Sterols 2000mg 30 Sachets. A vitamins and supplements product. Supplied as 30 Sachets.,No regulation
simple,0658556116920,Mushrooms For Life Organic Myco Synergy Powder 60g,0,0,0,27.99,taxable,,Vitamins,Mushrooms For Life Organic Myco Synergy Powder 60g. A vitamins and supplements product. Supplied as 60g.,No regulation
simple,7350082941115,Swiss Clinic Bye Bye Puffiness+ 30 ml,0,0,0,27.99,taxable,,General Health,Swiss Clinic Bye Bye Puffiness+ 30 ml. A health and wellbeing product. Supplied as 30 ml.,No regulation
simple,8445291071766,Vital Proteins Collagen Peptides Cocoa Flavour 297g,0,0,0,27.99,taxable,,Vitamins,Vital Proteins Collagen Peptides Cocoa Flavour 297g. A vitamins and supplements product. Supplied as 297g.,No regulation
simple,5060018513232,KIKI Health Pure Marine Collagen Vegicaps 150 Capsules,0,0,0,27.99,taxable,,Vitamins,KIKI Health Pure Marine Collagen Vegicaps 150 Capsules. A vitamins and supplements product. Supplied as 150 Capsules.,No regulation
simple,5060704340456,Acala Zero Waste Essentials Bag without Razor,0,0,0,27.99,taxable,,Men's Grooming,Acala Zero Waste Essentials Bag without Razor. A men's grooming product.,No regulation
simple,50562558,KIKI Health Body Biotics 60 Capsules,0,0,0,27.99,taxable,,Vitamins,KIKI Health Body Biotics 60 Capsules. A vitamins and supplements product. Supplied as 60 Capsules.,No regulation
simple,9421904569096,Manuka Vet Skin & Wound Creme 100g,0,0,0,27.99,taxable,,First Aid,"Manuka Vet Skin & Wound Creme 100g. Always read the label and any leaflet supplied. If symptoms persist, speak to your pharmacist or doctor. Supplied as 100g.",No regulation
simple,5070000991238,R.Y.M. De-Stress Relax & Calm Formula 30 Capsules,0,0,0,27.99,taxable,,Vitamins,R.Y.M. De-Stress Relax & Calm Formula 30 Capsules. A vitamins and supplements product. Supplied as 30 Capsules.,No regulation
simple,5060018515021,KIKI Health Liquid Chlorophyll 250ml,0,0,0,27.99,taxable,,Vitamins,KIKI Health Liquid Chlorophyll 250ml. A vitamins and supplements product. Supplied as 250ml.,No regulation
simple,0033984010529,Solgar Ester-C Plus 1000mg Vitamin C 90 Tablets,0,0,0,27.99,taxable,,Vitamins,Solgar Ester-C Plus 1000mg Vitamin C 90 Tablets. A vitamins and supplements product. Supplied as 90 Tablets.,No regulation
simple,5060203791315,Terranova Full-Spectrum Multivitamin Complex 100 Pack,0,0,0,27.99,taxable,,Vitamins,Terranova Full-Spectrum Multivitamin Complex 100 Pack. A vitamins and supplements product. Supplied as 100 Pack.,No regulation
simple,7350087736730,E45 Itch Relief Cream Pump 500g,0,0,0,27.99,taxable,,Skincare,E45 Itch Relief Cream Pump 500g. A skincare product. Supplied as 500g.,GSL
simple,0814784024301,SunWarrior Blend Vanilla 375g,0,0,0,27.99,taxable,,Vitamins,SunWarrior Blend Vanilla 375g. A vitamins and supplements product. Supplied as 375g.,No regulation
simple,5060018513560,KIKI Health Organic Cordyceps Extract Mushroom 60 Capsules,0,0,0,27.99,taxable,,Vitamins,KIKI Health Organic Cordyceps Extract Mushroom 60 Capsules. A vitamins and supplements product. Supplied as 60 Capsules.,No regulation
simple,5034511000209,Green People Alexandra Kay Time To Soothe Scent Free Body Oil Blend,0,0,0,27.99,taxable,,Skincare,Green People Alexandra Kay Time To Soothe Scent Free Body Oil Blend. A skincare product.,No regulation
simple,4005800025365,Eucerin Hyaluron-Filler Night Cream 50ml,0,0,0,27.99,taxable,,Skincare,Eucerin Hyaluron-Filler Night Cream 50ml. A skincare product. Supplied as 50ml.,No regulation
simple,3597134003054,Virbac Allerderm Sensitive Skin Shampoo 250ml,0,0,0,27.99,taxable,,Hair Care,Virbac Allerderm Sensitive Skin Shampoo 250ml. A hair care product. Supplied as 250ml.,No regulation
simple,5031013102523,Higher Nature SX 180 Capsules,0,0,0,27.99,taxable,,Vitamins,Higher Nature SX 180 Capsules. A vitamins and supplements product. Supplied as 180 Capsules.,No regulation
simple,5060018515335,KIKI Health Organic Turkey Tail Extract Mushroom 60 Vegicaps,0,0,0,27.99,taxable,,Vitamins,KIKI Health Organic Turkey Tail Extract Mushroom 60 Vegicaps. A vitamins and supplements product.,No regulation
simple,5034511002524,Green People Edelweiss Sun Cream with Tan Accelerator SPF15 200ml,0,0,0,27.99,taxable,,Skincare,Green People Edelweiss Sun Cream with Tan Accelerator SPF15 200ml. A skincare product. Supplied as 200ml.,No regulation
simple,0016185300293,Neocell Super Collagen + Vitamin C & Biotin 180 Tabs,0,0,0,27.99,taxable,,Vitamins,Neocell Super Collagen + Vitamin C & Biotin 180 Tabs. A vitamins and supplements product. Supplied as 180 Tabs.,No regulation
simple,5060203792893,Terranova Chaga Fresh Freeze Dried Organic 100x500mg,0,0,0,27.99,taxable,,Vitamins,Terranova Chaga Fresh Freeze Dried Organic 100x500mg. A vitamins and supplements product. Supplied as 100x500mg.,No regulation
simple,0658556116890,Mushrooms For Life Organic Myco Zen 60g,0,0,0,27.99,taxable,,General Health,Mushrooms For Life Organic Myco Zen 60g. A health and wellbeing product. Supplied as 60g.,No regulation
simple,0658556116937,Mushrooms For Life Organic Mycomplex Powder 60g,0,0,0,27.99,taxable,,Vitamins,Mushrooms For Life Organic Mycomplex Powder 60g. A vitamins and supplements product. Supplied as 60g.,No regulation
simple,3380812554104,Clarins Eau Ressourcante Silky Smooth Body Cream 200ml,0,0,0,27.99,taxable,,Skincare,Clarins Eau Ressourcante Silky Smooth Body Cream 200ml. A skincare product. Supplied as 200ml.,No regulation
simple,8809567929838,Barr Super Balance Brightening Ampoule 30ml,0,0,0,27.99,taxable,,General Health,Barr Super Balance Brightening Ampoule 30ml. A health and wellbeing product. Supplied as 30ml.,No regulation
simple,0658556025239,Planet Paleo Organic Bone Broth Collagen Protein - Cooling Herbs 225g,0,0,0,27.99,taxable,,Vitamins,Planet Paleo Organic Bone Broth Collagen Protein - Cooling Herbs 225g. A vitamins and supplements product. Supplied as 225g.,No regulation
simple,0033984012059,Solgar Female Multiple 120 Tablets,0,0,0,27.99,taxable,,Women's Health,Solgar Female Multiple 120 Tablets. A women's health product. Supplied as 120 Tablets.,No regulation
simple,8009722003964,Peptivet Oto Gel 25ml,0,0,0,27.99,taxable,,Skincare,Peptivet Oto Gel 25ml. A skincare product. Supplied as 25ml.,No regulation
simple,0658556116913,Mushrooms For Life Organic Myco Beauty Powder 60g,0,0,0,27.99,taxable,,Vitamins,Mushrooms For Life Organic Myco Beauty Powder 60g. A vitamins and supplements product. Supplied as 60g.,No regulation
simple,9337213007184,Conceive Plus Women's Ovulation Support 120 Capsules,0,0,0,27.99,taxable,,Supports & Braces,Conceive Plus Women's Ovulation Support 120 Capsules. A support and mobility product. Supplied as 120 Capsules.,No regulation
simple,5055148403737,Lamberts L-Glutamine 500g Powder,0,0,0,27.99,taxable,,Vitamins,Lamberts L-Glutamine 500g Powder. A vitamins and supplements product. Supplied as 500g.,No regulation
simple,0814784027050,Sunwarrior Protein Warrior Blend Berry 375g,0,0,0,27.99,taxable,,Vitamins,Sunwarrior Protein Warrior Blend Berry 375g. A vitamins and supplements product. Supplied as 375g.,No regulation
simple,5024084000034,Pharma Nord Prelox 60 Tablets,0,0,0,27.99,taxable,,Vitamins,Pharma Nord Prelox 60 Tablets. A vitamins and supplements product. Supplied as 60 Tablets.,No regulation
simple,5707637900028,Pharma Nord Lady Prelox 60 Tablets,0,0,0,27.99,taxable,,Vitamins,Pharma Nord Lady Prelox 60 Tablets. A vitamins and supplements product. Supplied as 60 Tablets.,No regulation
simple,4005900916174,Eucerin Anti-Pigment Day Cream Tinted SPF30 Light 50ml,0,0,0,27.99,taxable,,Skincare,Eucerin Anti-Pigment Day Cream Tinted SPF30 Light 50ml. A skincare product. Supplied as 50ml.,No regulation
simple,5060469590066,Love CBD 500mg Dutch CBD Spray 20ml,0,0,0,27.99,taxable,,Beauty,Love CBD 500mg Dutch CBD Spray 20ml. A health and beauty product. Supplied as 20ml.,No regulation
simple,9314839019197,SunSense Ultra SPF50 Sunscreen 500ml,0,0,0,27.99,taxable,,Skincare,SunSense Ultra SPF50 Sunscreen 500ml. A skincare product. Supplied as 500ml.,No regulation
simple,5031013104626,Higher Nature Balance for Nerves 90 Capsules,0,0,0,27.95,taxable,,Vitamins,Higher Nature Balance for Nerves 90 Capsules. A vitamins and supplements product. Supplied as 90 Capsules.,No regulation
simple,5031013103797,Higher Nature Pro-Intensive 90 Capsules,0,0,0,27.95,taxable,,Vitamins,Higher Nature Pro-Intensive 90 Capsules. A vitamins and supplements product. Supplied as 90 Capsules.,No regulation
simple,0850030689085,Revive Digest Aid - 90 vcaps,0,0,0,27.89,taxable,,General Health,Revive Digest Aid - 90 vcaps. A health and wellbeing product.,No regulation
simple,0033984032811,Solgar Vitamin C 1000mg 250 Capsules,0,0,0,27.89,taxable,,Vitamins,Solgar Vitamin C 1000mg 250 Capsules. A vitamins and supplements product. Supplied as 250 Capsules.,No regulation
simple,5391528870103,PrecisionBiotics Zenflore Food Supplements 30 Capsules,0,0,0,27.89,taxable,,Vitamins,PrecisionBiotics Zenflore Food Supplements 30 Capsules. A vitamins and supplements product. Supplied as 30 Capsules.,No regulation
simple,5055148413361,Lamberts Biome Balance 25 Digestive Aid 60 Capsules,0,0,0,27.89,taxable,,Vitamins,Lamberts Biome Balance 25 Digestive Aid 60 Capsules. A vitamins and supplements product. Supplied as 60 Capsules.,No regulation
simple,0033984007819,Solgar Chelated Solamins Multimineral 180 Tablets,0,0,0,27.69,taxable,,Vitamins,Solgar Chelated Solamins Multimineral 180 Tablets. A vitamins and supplements product. Supplied as 180 Tablets.,No regulation
simple,5036072007628,Aronix 50mg Film-Coated 8 Tablets,0,0,0,27.59,taxable,,Prescription Medicines,"Aronix 50mg Film-Coated 8 Tablets. Prescription-only medicine, supplied after an online consultation with our pharmacist. Always read the label and any leaflet supplied. If symptoms persist, speak to your pharmacist or doctor. Supplied as 8 Tablets.",P
simple,5060203791353,Terranova Living Multinutrient Complex 100 Capsules,0,0,0,27.59,taxable,,Vitamins,Terranova Living Multinutrient Complex 100 Capsules. A vitamins and supplements product. Supplied as 100 Capsules.,No regulation
simple,5060203791728,"Terranova Dandelion, Artichoke & Cysteine Complex 100 Pack",0,0,0,27.59,taxable,,Vitamins,"Terranova Dandelion, Artichoke & Cysteine Complex 100 Pack. A vitamins and supplements product. Supplied as 100 Pack.",No regulation
simple,9421900569786,Antipodes Hosanna Skin-Plumping Serum 30ml,0,0,0,27.59,taxable,,Skincare,Antipodes Hosanna Skin-Plumping Serum 30ml. A skincare product. Supplied as 30ml.,No regulation
simple,5056142607213,Protein World IBCAA Peach Tea Powder 500g,0,0,0,27.59,taxable,,Vitamins,Protein World IBCAA Peach Tea Powder 500g. A vitamins and supplements product. Supplied as 500g.,No regulation
simple,5060193642451,Bloom & Blossom You Glow Girl Performance Body Oil 150ml,0,0,0,27.59,taxable,,Skincare,Bloom & Blossom You Glow Girl Performance Body Oil 150ml. A skincare product. Supplied as 150ml.,No regulation
simple,3661103000433,Frontline Spray for Dogs & Cats 100ml,0,0,0,27.49,taxable,,Pet Care,Frontline Spray for Dogs & Cats 100ml. A pet care product. Supplied as 100ml.,No regulation
simple,5060035240609,Dermatix Silicone Scar Reduction Gel 15g,0,0,0,27.49,taxable,,Skincare,Dermatix Silicone Scar Reduction Gel 15g. A skincare product. Supplied as 15g.,No regulation
simple,4008600405528,Nuk Perfect Baby Start Set,0,0,0,27.49,taxable,,Baby & Child,Nuk Perfect Baby Start Set. A baby and child product.,No regulation
simple,5034511002500,Green People Facial Sun Cream Scent Free SPF30 50ml,0,0,0,27.49,taxable,,Skincare,Green People Facial Sun Cream Scent Free SPF30 50ml. A skincare product. Supplied as 50ml.,No regulation
simple,8806158552581,Sioris Enriched By Nature Cream 50ml,0,0,0,27.49,taxable,,Skincare,Sioris Enriched By Nature Cream 50ml. A skincare product. Supplied as 50ml.,No regulation
simple,8445290821546,Minami VeganDHA 60 Capsules,0,0,0,27.49,taxable,,Vitamins,Minami VeganDHA 60 Capsules. A vitamins and supplements product. Supplied as 60 Capsules.,No regulation
simple,5034511000926,Green People Day Solution SPF15 50ml,0,0,0,27.49,taxable,,Skincare,Green People Day Solution SPF15 50ml. A skincare product. Supplied as 50ml.,No regulation
simple,0658556116906,Mushrooms For Life Organic Myco O2 Powder 60g,0,0,0,27.49,taxable,,Vitamins,Mushrooms For Life Organic Myco O2 Powder 60g. A vitamins and supplements product. Supplied as 60g.,No regulation
simple,5060203792244,"Terranova Beetroot Juice, Cordyceps & Reishi Powder 70g",0,0,0,27.49,taxable,,Vitamins,"Terranova Beetroot Juice, Cordyceps & Reishi Powder 70g. A vitamins and supplements product. Supplied as 70g.",No regulation
simple,3380810032901,Clarins Toning Lotion Normal Or Dry Skin with Camomile 400ml,0,0,0,27.39,taxable,,Skincare,Clarins Toning Lotion Normal Or Dry Skin with Camomile 400ml. A skincare product. Supplied as 400ml.,No regulation
simple,7350082940484,Swiss Clinic Hydrating Self-Tan Pads,0,0,0,27.29,taxable,,General Health,Swiss Clinic Hydrating Self-Tan Pads. A health and wellbeing product.,No regulation
simple,5012564005419,Menthoderm Cream 2% Pump 500g,0,0,0,27.29,taxable,,Skincare,Menthoderm Cream 2% Pump 500g. A skincare product. Supplied as 500g.,No regulation
simple,8009722008709,Peptivet Shampoo 200ml,0,0,0,27.19,taxable,,Hair Care,Peptivet Shampoo 200ml. A hair care product. Supplied as 200ml.,No regulation
simple,7350082941122,Swiss Clinic Oh Mega Oil 8+(30 ml),0,0,0,27.19,taxable,,Skincare,Swiss Clinic Oh Mega Oil 8+(30 ml). A skincare product. Supplied as 30 ml.,No regulation
simple,0702811534544,Wild Nutrition Multi-Strain Biotic (Children) 90g,0,0,0,27.00,taxable,,Vitamins,Wild Nutrition Multi-Strain Biotic (Children) 90g. A vitamins and supplements product. Supplied as 90g.,No regulation
simple,5034511001664,Green People Firming Face & Neck Serum 50ml,0,0,0,26.99,taxable,,Skincare,Green People Firming Face & Neck Serum 50ml. A skincare product. Supplied as 50ml.,No regulation
simple,3606000619814,CeraVe Skin Renewing 10% Pure Vitamin C Serum 30ml,0,0,0,26.99,taxable,,Skincare,CeraVe Skin Renewing 10% Pure Vitamin C Serum 30ml. A skincare product. Supplied as 30ml.,No regulation
simple,0658556117088,Mushrooms For Life Organic Myco Synergy 60 Capsules,0,0,0,26.99,taxable,,Vitamins,Mushrooms For Life Organic Myco Synergy 60 Capsules. A vitamins and supplements product. Supplied as 60 Capsules.,No regulation
simple,5012564005402,Menthoderm Cream 1% 500g,0,0,0,26.99,taxable,,Skincare,Menthoderm Cream 1% 500g. A skincare product. Supplied as 500g.,No regulation
simple,4005800053061,Eucerin Hyaluron Filler + Volume Lift Night Cream 50ml,0,0,0,26.99,taxable,,Skincare,Eucerin Hyaluron Filler + Volume Lift Night Cream 50ml. A skincare product. Supplied as 50ml.,No regulation
simple,0658556117163,Mushrooms For Life Organic Reishi Spore Capsules 60 Capsules,0,0,0,26.99,taxable,,Vitamins,Mushrooms For Life Organic Reishi Spore Capsules 60 Capsules. A vitamins and supplements product. Supplied as 60 Capsules.,No regulation
simple,4015600566968,Clearblue Advanced Digital Ovulation Test 10 Pack,0,0,0,26.99,taxable,,Women's Health,Clearblue Advanced Digital Ovulation Test 10 Pack. A women's health product. Supplied as 10 Pack.,No regulation
simple,0033984012066,Solgar Male Multiple 120 Tablets,0,0,0,26.99,taxable,,Vitamins,Solgar Male Multiple 120 Tablets. A vitamins and supplements product. Supplied as 120 Tablets.,No regulation
simple,0033984035416,Solgar Vitamin E 268mg (400IU) 100 Softgels,0,0,0,26.99,taxable,,Vitamins,Solgar Vitamin E 268mg (400IU) 100 Softgels. A vitamins and supplements product. Supplied as 100 Softgels.,No regulation
simple,5060018515052,KIKI Health Body Biotics for Children 60 Fruit Gummies,0,0,0,26.99,taxable,,Baby & Child,KIKI Health Body Biotics for Children 60 Fruit Gummies. A baby and child product.,No regulation
simple,5060519147479,Pukka Organic Tea Discovery Chest 42 Sachets,0,0,0,26.99,taxable,zero-rate,Vitamins,Pukka Organic Tea Discovery Chest 42 Sachets. A vitamins and supplements product. Supplied as 42 Sachets.,No regulation
simple,5060332534678,Lindens Health + Nutrition Vitamin B5 500mg 360 Tablets,0,0,0,26.99,taxable,,Vitamins,Lindens Health + Nutrition Vitamin B5 500mg 360 Tablets. A vitamins and supplements product. Supplied as 360 Tablets.,No regulation
simple,5060150090110,Dermacool 5% Menthol Cream 500g,0,0,0,26.99,taxable,,Skincare,Dermacool 5% Menthol Cream 500g. A skincare product. Supplied as 500g.,GSL
simple,5034511002739,Green People Gentle Cleanse & Makeup Remover 150ml,0,0,0,26.99,taxable,,Beauty,Green People Gentle Cleanse & Makeup Remover 150ml. A health and beauty product. Supplied as 150ml.,No regulation
simple,5034511002784,Green People Self Tan Lotion 150ml,0,0,0,26.99,taxable,,Skincare,Green People Self Tan Lotion 150ml. A skincare product. Supplied as 150ml.,No regulation
simple,5060203796136,Terranova CoQXorb CoQ10 Complex 100 Veg Capsules,0,0,0,26.99,taxable,,Vitamins,Terranova CoQXorb CoQ10 Complex 100 Veg Capsules. A vitamins and supplements product.,No regulation
simple,0726754953170,Feel Supreme Turkey Tail Mushroom Liquid 60ml,0,0,0,26.99,taxable,,General Health,Feel Supreme Turkey Tail Mushroom Liquid 60ml. A health and wellbeing product. Supplied as 60ml.,No regulation
simple,9332996000124,Grahams Natural C Eczema & Dermatitis Cream 120g,0,0,0,26.99,taxable,,Skincare,Grahams Natural C Eczema & Dermatitis Cream 120g. A skincare product. Supplied as 120g.,No regulation
simple,0506073442087,Rose & Caramel Purity Excel 3 Minute Miracle Self Tan Removing Scrub 440ml,0,0,0,26.99,taxable,,Beauty,Rose & Caramel Purity Excel 3 Minute Miracle Self Tan Removing Scrub 440ml. A health and beauty product. Supplied as 440ml.,No regulation
simple,5034511002814,Green People Scent Free Cleanser 150ml,0,0,0,26.99,taxable,,Skincare,Green People Scent Free Cleanser 150ml. A skincare product. Supplied as 150ml.,No regulation
simple,5060018513584,KIKI Health Organic Maitake Extract Mushroom 60 Capsules,0,0,0,26.99,taxable,,Vitamins,KIKI Health Organic Maitake Extract Mushroom 60 Capsules. A vitamins and supplements product. Supplied as 60 Capsules.,No regulation
simple,1210001140783,Viagra 25mg 4 Tablets,0,0,0,26.99,taxable,zero-rate,Sexual Wellness,"Viagra 25mg 4 Tablets. Prescription-only medicine, supplied after an online consultation with our pharmacist. Always read the label and any leaflet supplied. If symptoms persist, speak to your pharmacist or doctor. Supplied as 4 Tablets.",P
simple,3597134005461,Virbac Allerderm Dry & Scaly Skin Shampoo 250ml,0,0,0,26.99,taxable,,Hair Care,Virbac Allerderm Dry & Scaly Skin Shampoo 250ml. A hair care product. Supplied as 250ml.,No regulation
simple,5060136930010,Arjun 0.5% Menthol Aqueous Cream 500g,0,0,0,26.99,taxable,,Skincare,Arjun 0.5% Menthol Aqueous Cream 500g. A skincare product. Supplied as 500g.,No regulation
simple,0017854117396,Baylis & Harding Ladies Luxury 24 Days of Beauty Advent Calendar,0,0,0,26.99,taxable,,Beauty,Baylis & Harding Ladies Luxury 24 Days of Beauty Advent Calendar. A health and beauty product.,No regulation
simple,5034511002586,Green People Organic Children Scent Free Sun Cream SPF30 150ml,0,0,0,26.99,taxable,,Skincare,Green People Organic Children Scent Free Sun Cream SPF30 150ml. A skincare product. Supplied as 150ml.,No regulation
simple,5055148414870,Lamberts Night Time 30 capsules,0,0,0,26.99,taxable,,Vitamins,Lamberts Night Time 30 capsules. A vitamins and supplements product. Supplied as 30 capsules.,No regulation
simple,0083000006517,Nature's Answer Oil Of Oregano 30ml,0,0,0,26.99,taxable,,Skincare,Nature's Answer Oil Of Oregano 30ml. A skincare product. Supplied as 30ml.,No regulation
simple,5060332530427,Lindens Health + Nutrition Magnesium (MgO 500mg) 1000 Tablets,0,0,0,26.99,taxable,,Vitamins,Lindens Health + Nutrition Magnesium (MgO 500mg) 1000 Tablets. A vitamins and supplements product. Supplied as 1000 Tablets.,No regulation
simple,5055148408534,Lamberts Phosphatidyl Serine with Zinc 100mg 60 Tablets,0,0,0,26.99,taxable,,Vitamins,Lamberts Phosphatidyl Serine with Zinc 100mg 60 Tablets. A vitamins and supplements product. Supplied as 60 Tablets.,No regulation
simple,5060202185108,Cytoplan Nutri Bears 90 Gummies,0,0,0,26.99,taxable,,Vitamins,Cytoplan Nutri Bears 90 Gummies. A vitamins and supplements product. Supplied as 90 Gummies.,No regulation
simple,5060203793371,Terranova Milk Thistle 500mg 100 Pack,0,0,0,26.99,taxable,,Vitamins,Terranova Milk Thistle 500mg 100 Pack. A vitamins and supplements product. Supplied as 100 Pack.,No regulation
simple,5038227000416,Priligy - Dapoxetine 60mg 3 Tablets,0,0,0,26.99,taxable,zero-rate,Prescription Medicines,"Priligy - Dapoxetine 60mg 3 Tablets. Prescription-only medicine, supplied after an online consultation with our pharmacist. Always read the label and any leaflet supplied. If symptoms persist, speak to your pharmacist or doctor. Supplied as 3 Tablets.",P
simple,0851325002053,Macadamia Natural Oil Deep Repair Masque 470ml,0,0,0,26.99,taxable,,Skincare,Macadamia Natural Oil Deep Repair Masque 470ml. A skincare product. Supplied as 470ml.,No regulation
simple,5070000991214,R.Y.M. Sleep Rest & Restore Formula 30 Capsules,0,0,0,26.99,taxable,,Vitamins,R.Y.M. Sleep Rest & Restore Formula 30 Capsules. A vitamins and supplements product. Supplied as 30 Capsules.,No regulation
simple,0726754953200,Feel Supreme Reishi Mushroom Liquid Extract 60ml,0,0,0,26.99,taxable,,General Health,Feel Supreme Reishi Mushroom Liquid Extract 60ml. A health and wellbeing product. Supplied as 60ml.,No regulation
simple,0033984029804,Solgar Vitamin B1 (Thiamin) 500mg 100 Tablets,0,0,0,26.99,taxable,,Vitamins,Solgar Vitamin B1 (Thiamin) 500mg 100 Tablets. A vitamins and supplements product. Supplied as 100 Tablets.,No regulation
simple,5056142607244,Protein World Pre Workout Summer Fruits Protein Powder 500g,0,0,0,26.99,taxable,,Vitamins,Protein World Pre Workout Summer Fruits Protein Powder 500g. A vitamins and supplements product. Supplied as 500g.,No regulation
simple,0658556116999,Mushrooms For Life Organic Reishi Spore 60g,0,0,0,26.99,taxable,,General Health,Mushrooms For Life Organic Reishi Spore 60g. A health and wellbeing product. Supplied as 60g.,No regulation
simple,5060099033018,Odylique Prebiotic Gentle Herb Shampoo 500ml,0,0,0,26.99,taxable,,Hair Care,Odylique Prebiotic Gentle Herb Shampoo 500ml. A hair care product. Supplied as 500ml.,No regulation
simple,5055148400569,Lamberts Natural Vitamin E 400IU 180 Capsules,0,0,0,26.99,taxable,,Vitamins,Lamberts Natural Vitamin E 400IU 180 Capsules. A vitamins and supplements product. Supplied as 180 Capsules.,No regulation
simple,3597133027334,Virbac Etiderm Dog & Cat Shampoo 200ml,0,0,0,26.99,taxable,,Pet Care,Virbac Etiderm Dog & Cat Shampoo 200ml. A pet care product. Supplied as 200ml.,No regulation
simple,4005900570796,Eucerin Anti-Pigment Day Cream SPF30 50ml,0,0,0,26.99,taxable,,Skincare,Eucerin Anti-Pigment Day Cream SPF30 50ml. A skincare product. Supplied as 50ml.,No regulation
simple,5056142607220,Protein World IBCAA Summer Fruits Powder 500g,0,0,0,26.99,taxable,,Vitamins,Protein World IBCAA Summer Fruits Powder 500g. A vitamins and supplements product. Supplied as 500g.,No regulation
simple,0033984011991,Solgar Soya Lecithin 1360mg 180 Softgels,0,0,0,26.99,taxable,,Vitamins,Solgar Soya Lecithin 1360mg 180 Softgels. A vitamins and supplements product. Supplied as 180 Softgels.,No regulation
simple,5707725100118,Nourkrin Woman 15 Days Supply 30 Tablets,0,0,0,26.99,taxable,,Hair Care,Nourkrin Woman 15 Days Supply 30 Tablets. A hair care product. Supplied as 30 Tablets.,No regulation
simple,0658010121040,Garden Of Life Vitamin B Complex Tablet 30 Tabs,0,0,0,26.99,taxable,,Vitamins,Garden Of Life Vitamin B Complex Tablet 30 Tabs. A vitamins and supplements product. Supplied as 30 Tabs.,No regulation
simple,5060018511672,KIKI Health Alkaline Infusion Powder 250g,0,0,0,26.99,taxable,,Vitamins,KIKI Health Alkaline Infusion Powder 250g. A vitamins and supplements product. Supplied as 250g.,No regulation
simple,0731788983611,Feel Supreme Tongkat Ali 60 Capsules,0,0,0,26.99,taxable,,Vitamins,Feel Supreme Tongkat Ali 60 Capsules. A vitamins and supplements product. Supplied as 60 Capsules.,No regulation
simple,0033984020320,Solgar Natural Source Oceanic Beta-Carotene 180 Softgels,0,0,0,26.98,taxable,,Vitamins,Solgar Natural Source Oceanic Beta-Carotene 180 Softgels. A vitamins and supplements product. Supplied as 180 Softgels.,No regulation
simple,5031013100109,Higher Nature Serotone 5HTP 50mg 90 Capsules,0,0,0,26.95,taxable,,Vitamins,Higher Nature Serotone 5HTP 50mg 90 Capsules. A vitamins and supplements product. Supplied as 90 Capsules.,No regulation
simple,5031013104640,Higher Nature Essential Omegas 3:6:7:9 90 Capsules,0,0,0,26.95,taxable,,Vitamins,Higher Nature Essential Omegas 3:6:7:9 90 Capsules. A vitamins and supplements product. Supplied as 90 Capsules.,No regulation
simple,5017978104758,Probio 7 Advanced Formula 60 Vegcaps,0,0,0,26.89,taxable,,Vitamins,Probio 7 Advanced Formula 60 Vegcaps. A vitamins and supplements product.,No regulation
simple,5017978000272,Probio 7 Kidskalm 28 Sachets,0,0,0,26.89,taxable,,Vitamins,Probio 7 Kidskalm 28 Sachets. A vitamins and supplements product. Supplied as 28 Sachets.,No regulation
simple,7618900711013,Mavala Manicure Cuticle Nipper,0,0,0,26.89,taxable,,Skincare,Mavala Manicure Cuticle Nipper. A skincare product.,No regulation
simple,7618900906709,Mavala Eyelash Curler,0,0,0,26.89,taxable,,General Health,Mavala Eyelash Curler. A health and wellbeing product.,No regulation
simple,0020714462741,Clinique Clarifying Lotion 4 Oily 400ml,0,0,0,26.89,taxable,,Skincare,Clinique Clarifying Lotion 4 Oily 400ml. A skincare product. Supplied as 400ml.,No regulation
simple,8809408730920,Dr. Oracle 21 Stay A-Thera Toner 120ml,0,0,0,26.89,taxable,,Skincare,Dr. Oracle 21 Stay A-Thera Toner 120ml. A skincare product. Supplied as 120ml.,No regulation
simple,4001638088039,Weleda Birch Cellulite Oil 100ml,0,0,0,26.69,taxable,,Vitamins,Weleda Birch Cellulite Oil 100ml. A vitamins and supplements product. Supplied as 100ml.,No regulation
simple,5028392001356,Metagenics MetaRelax 90 Tablets,0,0,0,26.69,taxable,,Vitamins,Metagenics MetaRelax 90 Tablets. A vitamins and supplements product. Supplied as 90 Tablets.,No regulation
simple,5060332534944,Lindens Health + Nutrition D-Mannose 1000mg 120 Tablets,0,0,0,26.69,taxable,,Vitamins,Lindens Health + Nutrition D-Mannose 1000mg 120 Tablets. A vitamins and supplements product. Supplied as 120 Tablets.,No regulation
simple,3800219790399,Alteya Organic Rose Otto Cleansing Milk Bio Damascena 200ml,0,0,0,26.59,taxable,,Skincare,Alteya Organic Rose Otto Cleansing Milk Bio Damascena 200ml. A skincare product. Supplied as 200ml.,No regulation
simple,3282770153217,Avène Hyaluron Activ B3 Triple Correction Eye Cream 15ml,0,0,0,26.59,taxable,,Skincare,Avène Hyaluron Activ B3 Triple Correction Eye Cream 15ml. A skincare product. Supplied as 15ml.,No regulation
simple,5391531562835,Spotlight Oral Care Whitening Accelerator Gel 30ml,0,0,0,26.59,taxable,,Oral Care,Spotlight Oral Care Whitening Accelerator Gel 30ml. An oral care product. Supplied as 30ml.,No regulation
simple,0850018802215,Olaplex No.0 Intensive Bond Building Hair Treatment 155ml,0,0,0,26.59,taxable,,Hair Care,Olaplex No.0 Intensive Bond Building Hair Treatment 155ml. A hair care product. Supplied as 155ml.,No regulation
simple,4005900517852,Eucerin Hyaluron-Filler Day Cream SPF30 50ml,0,0,0,26.59,taxable,,Skincare,Eucerin Hyaluron-Filler Day Cream SPF30 50ml. A skincare product. Supplied as 50ml.,No regulation
simple,5420036936268,Surosolve 125ml,0,0,0,26.59,taxable,,General Health,Surosolve 125ml. A health and wellbeing product. Supplied as 125ml.,No regulation
simple,0658556025079,Planet Paleo Keto C8 MCT Powder 220g,0,0,0,26.50,taxable,,Vitamins,Planet Paleo Keto C8 MCT Powder 220g. A vitamins and supplements product. Supplied as 220g.,No regulation
simple,5060136930034,Arjun 2% Menthol Aqueous Cream 500g,0,0,0,26.49,taxable,,Skincare,Arjun 2% Menthol Aqueous Cream 500g. A skincare product. Supplied as 500g.,No regulation
simple,0634158533211,Daily Multi Nutrient for Teenboy 60 Capsules,0,0,0,26.49,taxable,,Vitamins,Daily Multi Nutrient for Teenboy 60 Capsules. A vitamins and supplements product. Supplied as 60 Capsules.,No regulation
simple,5060332534968,Lindens Health + Nutrition Green Lipped Mussel 500mg 360 Capsules,0,0,0,26.49,taxable,,Vitamins,Lindens Health + Nutrition Green Lipped Mussel 500mg 360 Capsules. A vitamins and supplements product. Supplied as 360 Capsules.,No regulation
simple,5031812509202,Coatex Medicated Shampoo 500ml,0,0,0,26.49,taxable,,Hair Care,Coatex Medicated Shampoo 500ml. A hair care product. Supplied as 500ml.,No regulation
simple,5060203790745,Terranova Microflora Complex with FOS & More 100 Capsules,0,0,0,26.49,taxable,,Vitamins,Terranova Microflora Complex with FOS & More 100 Capsules. A vitamins and supplements product. Supplied as 100 Capsules.,No regulation
simple,4020829007314,Dr. Hauschka Soothing Mask 30ml,0,0,0,26.39,taxable,,Skincare,Dr. Hauschka Soothing Mask 30ml. A skincare product. Supplied as 30ml.,No regulation
simple,9421900569076,Antipodes Aura Manuka Honey Mask 75ml,0,0,0,26.39,taxable,,Skincare,Antipodes Aura Manuka Honey Mask 75ml. A skincare product. Supplied as 75ml.,No regulation
simple,5060202181179,Cytoplan Cyto-Zyme Digestive Enzyme 545mg 60 Capsules,0,0,0,26.29,taxable,,Vitamins,Cytoplan Cyto-Zyme Digestive Enzyme 545mg 60 Capsules. A vitamins and supplements product. Supplied as 60 Capsules.,No regulation
simple,5021265222544,Vitabiotics Max Triple Collagen Glucosamine Omega 3 84 Pack,0,0,0,26.29,taxable,,Vitamins,Vitabiotics Max Triple Collagen Glucosamine Omega 3 84 Pack. A vitamins and supplements product. Supplied as 84 Pack.,No regulation
simple,5028392002001,Nutri Advanced Nutrimonium 14 Sachets,0,0,0,26.19,taxable,,Vitamins,Nutri Advanced Nutrimonium 14 Sachets. A vitamins and supplements product. Supplied as 14 Sachets.,No regulation
simple,3380810033694,Clarins Toning Lotion Com/Oily Skin 400ml,0,0,0,26.19,taxable,,Skincare,Clarins Toning Lotion Com/Oily Skin 400ml. A skincare product. Supplied as 400ml.,No regulation
simple,5060704340432,Acala Zero Waste Shaving Bag without Brush,0,0,0,26.09,taxable,,Men's Grooming,Acala Zero Waste Shaving Bag without Brush. A men's grooming product.,No regulation
simple,3282770101652,Avène A-Oxitive Antioxidant Water Cream Moisturiser 30ml,0,0,0,26.09,taxable,,Skincare,Avène A-Oxitive Antioxidant Water Cream Moisturiser 30ml. A skincare product. Supplied as 30ml.,No regulation
simple,0737870240761,Life Extension Curcumin Elite Turmeric Extract 60 Vegetarian Capsules,0,0,0,25.99,taxable,,Vitamins,Life Extension Curcumin Elite Turmeric Extract 60 Vegetarian Capsules. A vitamins and supplements product.,No regulation
simple,5060518932588,Zooki Magnesium Pineapple Guava Liquid Sachets 14 x 15ml,0,0,0,25.99,taxable,,Vitamins,Zooki Magnesium Pineapple Guava Liquid Sachets 14 x 15ml. A vitamins and supplements product. Supplied as 14 x 15ml.,No regulation
simple,0658556024645,Living Nutrition Your Flora Terrain 60 Capsules,0,0,0,25.99,taxable,,Vitamins,Living Nutrition Your Flora Terrain 60 Capsules. A vitamins and supplements product. Supplied as 60 Capsules.,No regulation
simple,5060018515366,KIKI Health Organic Chaga Extract Mushroom Powder 50g,0,0,0,25.99,taxable,zero-rate,Vitamins,KIKI Health Organic Chaga Extract Mushroom Powder 50g. A vitamins and supplements product. Supplied as 50g.,No regulation
simple,0658556116968,Mushrooms For Life Organic Turkey Tail Powder Amber Glass 60g,0,0,0,25.99,taxable,,Vitamins,Mushrooms For Life Organic Turkey Tail Powder Amber Glass 60g. A vitamins and supplements product. Supplied as 60g.,No regulation
simple,5060776980864,DR.VEGAN Men's ProMulti 60 Capsules,0,0,0,25.99,taxable,,Vitamins,DR.VEGAN Men's ProMulti 60 Capsules. A vitamins and supplements product. Supplied as 60 Capsules.,No regulation
simple,0658556024812,Living Nutrition Natural Nootropic 60 Capsules,0,0,0,25.99,taxable,,Vitamins,Living Nutrition Natural Nootropic 60 Capsules. A vitamins and supplements product. Supplied as 60 Capsules.,No regulation
simple,8809567925182,Barr Centella Calming Ampoule Toner 200ml,0,0,0,25.99,taxable,,Skincare,Barr Centella Calming Ampoule Toner 200ml. A skincare product. Supplied as 200ml.,No regulation
simple,6009544910619,USN BlueLab 100% Whey Premium Protein Vanilla Flavour 908g,0,0,0,25.99,taxable,,Vitamins,USN BlueLab 100% Whey Premium Protein Vanilla Flavour 908g. A vitamins and supplements product. Supplied as 908g.,No regulation
simple,5060099032424,Odylique Reviving Rosemary Shampoo 500ml,0,0,0,25.99,taxable,,Hair Care,Odylique Reviving Rosemary Shampoo 500ml. A hair care product. Supplied as 500ml.,No regulation
simple,5021791704460,Freestyle Blood Glucose Test Strips 50,0,0,0,25.99,taxable,,Testing & Monitoring,"Freestyle Blood Glucose Test Strips 50. Always read the label and any leaflet supplied. If symptoms persist, speak to your pharmacist or doctor.",No regulation
simple,0033984041387,Solgar Korean Ginseng Root Extract 60 Capsules,0,0,0,25.99,taxable,,Vitamins,Solgar Korean Ginseng Root Extract 60 Capsules. A vitamins and supplements product. Supplied as 60 Capsules.,No regulation
simple,5060968690472,Wild Nutrition Daily Multi Nutrient 45+ for Man 60 Capsules,0,0,0,25.99,taxable,,Vitamins,Wild Nutrition Daily Multi Nutrient 45+ for Man 60 Capsules. A vitamins and supplements product. Supplied as 60 Capsules.,No regulation
simple,0658556116982,Mushrooms For Life Organic Shiitake 60g Powder,0,0,0,25.99,taxable,,Vitamins,Mushrooms For Life Organic Shiitake 60g Powder. A vitamins and supplements product. Supplied as 60g.,No regulation
simple,3380810304916,Clarins Sun Care Body Cream SPF30 150ml,0,0,0,25.99,taxable,,Skincare,Clarins Sun Care Body Cream SPF30 150ml. A skincare product. Supplied as 150ml.,No regulation
simple,6009544910596,USN BlueLab 100% Whey Premium Protein Strawberry Flavour 908g,0,0,0,25.99,taxable,,Vitamins,USN BlueLab 100% Whey Premium Protein Strawberry Flavour 908g. A vitamins and supplements product. Supplied as 908g.,No regulation
simple,0033984020511,Solgar Double Strength Omega-3 60 Softgels,0,0,0,25.99,taxable,,Vitamins,Solgar Double Strength Omega-3 60 Softgels. A vitamins and supplements product. Supplied as 60 Softgels.,No regulation
simple,4005900782878,Eucerin Hyaluron-Filler Skin Refining Serum 30ml,0,0,0,25.99,taxable,,Skincare,Eucerin Hyaluron-Filler Skin Refining Serum 30ml. A skincare product. Supplied as 30ml.,No regulation
simple,5060203794781,Terranova Fermented Astragalus Fermagalus Capsules 50,0,0,0,25.99,taxable,,Vitamins,Terranova Fermented Astragalus Fermagalus Capsules 50. A vitamins and supplements product.,No regulation
simple,0658556024546,Living Nutrition Turmeric Alive 60 Capsules,0,0,0,25.99,taxable,,Vitamins,Living Nutrition Turmeric Alive 60 Capsules. A vitamins and supplements product. Supplied as 60 Capsules.,No regulation
simple,4005900661388,Nivea Q10 Power 60+ Antiwrinkle Oil 30ml,0,0,0,25.99,taxable,,Skincare,Nivea Q10 Power 60+ Antiwrinkle Oil 30ml. A skincare product. Supplied as 30ml.,No regulation
simple,5031013105593,Higher Nature Wise Woman 90 Capsules,0,0,0,25.99,taxable,,Vitamins,Higher Nature Wise Woman 90 Capsules. A vitamins and supplements product. Supplied as 90 Capsules.,No regulation
simple,5016870224274,Kinetik Wellbeing Finger Pulse Oximeter,0,0,0,25.99,taxable,,Testing & Monitoring,"Kinetik Wellbeing Finger Pulse Oximeter. Always read the label and any leaflet supplied. If symptoms persist, speak to your pharmacist or doctor.",No regulation
simple,5031013109720,Higher Nature True Food Vitality Multivitamin for Men 60 Capsules,0,0,0,25.99,taxable,,Men's Health,Higher Nature True Food Vitality Multivitamin for Men 60 Capsules. A men's health product. Supplied as 60 Capsules.,No regulation
simple,5060136930027,Arjun 1% Menthol Aqueous Cream 500g,0,0,0,25.99,taxable,,Skincare,Arjun 1% Menthol Aqueous Cream 500g. A skincare product. Supplied as 500g.,No regulation
simple,6009544910657,USN BlueLab 100% Whey Premium Protein Banana Flavour 908g,0,0,0,25.99,taxable,,Vitamins,USN BlueLab 100% Whey Premium Protein Banana Flavour 908g. A vitamins and supplements product. Supplied as 908g.,No regulation
simple,5410765002686,Excilor Ultra Nail Fungus Treatment 30ml,0,0,0,25.99,taxable,,Beauty,Excilor Ultra Nail Fungus Treatment 30ml. A health and beauty product. Supplied as 30ml.,No regulation
simple,5060552880500,Neubria Krill Oil 500mg Omega-3 60 Capsules,0,0,0,25.99,taxable,,Vitamins,Neubria Krill Oil 500mg Omega-3 60 Capsules. A vitamins and supplements product. Supplied as 60 Capsules.,No regulation
simple,5034268006066,ProVen Probiotics 50 Billion - Shapeline 30 Capsules,0,0,0,25.99,taxable,,Digestive,"ProVen Probiotics 50 Billion - Shapeline 30 Capsules. Always read the label and any leaflet supplied. If symptoms persist, speak to your pharmacist or doctor. Supplied as 30 Capsules.",No regulation
simple,5060203791858,"Terranova Coq10, Magnesium & Hawthorn Complex 100 Pack",0,0,0,25.99,taxable,,Vitamins,"Terranova Coq10, Magnesium & Hawthorn Complex 100 Pack. A vitamins and supplements product. Supplied as 100 Pack.",No regulation
simple,0705928888012,NeilMed Sinugator Cordless Pulsating Nasal Wash 30 Premixed Packets,0,0,0,25.99,taxable,,Cold & Flu,"NeilMed Sinugator Cordless Pulsating Nasal Wash 30 Premixed Packets. Always read the label and any leaflet supplied. If symptoms persist, speak to your pharmacist or doctor.",No regulation
simple,6009544910633,USN BlueLab 100% Whey Premium Protein Caramel Chocolate Flavour 908g,0,0,0,25.99,taxable,,Vitamins,USN BlueLab 100% Whey Premium Protein Caramel Chocolate Flavour 908g. A vitamins and supplements product. Supplied as 908g.,No regulation
simple,7350038490124,Dynamic Code Lactose Intolerance Test,0,0,0,25.99,taxable,,General Health,Dynamic Code Lactose Intolerance Test. A health and wellbeing product.,No regulation
simple,5055565743768,Vardenafil Accord 10mg 4 Tablets,0,0,0,25.99,taxable,zero-rate,Sexual Wellness,"Vardenafil Accord 10mg 4 Tablets. Prescription-only medicine, supplied after an online consultation with our pharmacist. Always read the label and any leaflet supplied. If symptoms persist, speak to your pharmacist or doctor. Supplied as 4 Tablets.",P
simple,4007221046868,Advantage Flea Treatment for Dogs 25-40kg 4 Pack,0,0,0,25.99,taxable,,Pet Care,Advantage Flea Treatment for Dogs 25-40kg 4 Pack. A pet care product. Supplied as 4 Pack.,No regulation
simple,5060203792008,Terranova Life Drink (Unflavoured) 227g,0,0,0,25.99,taxable,,Vitamins,Terranova Life Drink (Unflavoured) 227g. A vitamins and supplements product. Supplied as 227g.,No regulation
simple,5060776980659,DR.VEGAN pH Hero 30 Capsules,0,0,0,25.99,taxable,,Vitamins,DR.VEGAN pH Hero 30 Capsules. A vitamins and supplements product. Supplied as 30 Capsules.,No regulation
simple,6009644650033,USN Pure Creatine Monohydrate Powder 500g,0,0,0,25.99,taxable,,Vitamins,USN Pure Creatine Monohydrate Powder 500g. A vitamins and supplements product. Supplied as 500g.,No regulation
simple,4210201329855,Oral-B Pro 570 Cross Action Electric Toothbrush,0,0,0,25.99,taxable,,Oral Care,Oral-B Pro 570 Cross Action Electric Toothbrush. An oral care product.,No regulation
simple,5060203796228,Terranova NADPro NAD+ Activator Complex 50 Veg Capsules,0,0,0,25.99,taxable,,Vitamins,Terranova NADPro NAD+ Activator Complex 50 Veg Capsules. A vitamins and supplements product.,No regulation
simple,0021078000228,Source Naturals Wellness Formula 90 Tabs,0,0,0,25.99,taxable,,General Health,Source Naturals Wellness Formula 90 Tabs. A health and wellbeing product. Supplied as 90 Tabs.,No regulation
simple,5060086610123,Optibac Probiotics Saccharomyces Boulardii 80 Capsules,0,0,0,25.99,taxable,,Digestive,"Optibac Probiotics Saccharomyces Boulardii 80 Capsules. Always read the label and any leaflet supplied. If symptoms persist, speak to your pharmacist or doctor. Supplied as 80 Capsules.",No regulation
simple,4020829005235,Dr. Hauschka Facial Toner 100ml,0,0,0,25.99,taxable,,Skincare,Dr. Hauschka Facial Toner 100ml. A skincare product. Supplied as 100ml.,No regulation
simple,5060018515472,KIKI Health Immunity Capsules 60 Vegicaps,0,0,0,25.99,taxable,,Vitamins,KIKI Health Immunity Capsules 60 Vegicaps. A vitamins and supplements product.,No regulation
simple,0033984028029,Solgar Vegan Digestive Enzymes 250 Tablets,0,0,0,25.99,taxable,,Vitamins,Solgar Vegan Digestive Enzymes 250 Tablets. A vitamins and supplements product. Supplied as 250 Tablets.,No regulation
simple,5060018515342,KIKI Health Organic Oyster Extract Mushroom 60 Vegicaps,0,0,0,25.99,taxable,,Vitamins,KIKI Health Organic Oyster Extract Mushroom 60 Vegicaps. A vitamins and supplements product.,No regulation
simple,0020714598907,Clinique Dramatically Different Moisturising Lotion+ 125ml,0,0,0,25.99,taxable,,Skincare,Clinique Dramatically Different Moisturising Lotion+ 125ml. A skincare product. Supplied as 125ml.,No regulation
simple,5056682200608,AquaSoothe 1% Menthol Aqueous Cream 500g,0,0,0,25.97,taxable,,Skincare,AquaSoothe 1% Menthol Aqueous Cream 500g. A skincare product. Supplied as 500g.,No regulation
simple,5056682200615,AquaSoothe 2% Menthol Aqueous Cream 500g,0,0,0,25.96,taxable,,Skincare,AquaSoothe 2% Menthol Aqueous Cream 500g. A skincare product. Supplied as 500g.,No regulation
simple,5031013103728,Higher Nature Nails & Hair 120 Capsules,0,0,0,25.95,taxable,,Hair Care,Higher Nature Nails & Hair 120 Capsules. A hair care product. Supplied as 120 Capsules.,No regulation
simple,5031013104275,Higher Nature Red Sterol Complex 90 Tablets,0,0,0,25.95,taxable,,Vitamins,Higher Nature Red Sterol Complex 90 Tablets. A vitamins and supplements product. Supplied as 90 Tablets.,No regulation
simple,0033984023192,Solgar Quercetin Complex 100 Capsules,0,0,0,25.89,taxable,,Vitamins,Solgar Quercetin Complex 100 Capsules. A vitamins and supplements product. Supplied as 100 Capsules.,No regulation
simple,7702018425198,Gillette Fusion Progilde Flexball Manual Razor,0,0,0,25.89,taxable,,Men's Grooming,Gillette Fusion Progilde Flexball Manual Razor. A men's grooming product.,No regulation
simple,5060409330226,Zen CBD Oil 5% (500mg) 10ml,0,0,0,25.89,taxable,,Skincare,Zen CBD Oil 5% (500mg) 10ml. A skincare product. Supplied as 10ml.,No regulation
simple,0033984024212,Solgar Vitamin C 1500mg with Rose Hips 180 Tablets,0,0,0,25.89,taxable,,Vitamins,Solgar Vitamin C 1500mg with Rose Hips 180 Tablets. A vitamins and supplements product. Supplied as 180 Tablets.,No regulation
simple,5055148400149,Lamberts Co Enzyme Q 10 30mg 180 Capsules,0,0,0,25.89,taxable,,Vitamins,Lamberts Co Enzyme Q 10 30mg 180 Capsules. A vitamins and supplements product. Supplied as 180 Capsules.,No regulation
simple,0033984007154,Solgar Ultibio Vegetable 30 Capsules,0,0,0,25.79,taxable,,Vitamins,Solgar Ultibio Vegetable 30 Capsules. A vitamins and supplements product. Supplied as 30 Capsules.,No regulation
simple,0814784027234,SunWarrior Protein Classic Vanilla 375g,0,0,0,25.69,taxable,,Vitamins,SunWarrior Protein Classic Vanilla 375g. A vitamins and supplements product. Supplied as 375g.,No regulation
simple,5025201661961,Armour Up Moulded Cup Respirator with Valve 5 Masks,0,0,0,25.69,taxable,,Skincare,Armour Up Moulded Cup Respirator with Valve 5 Masks. A skincare product.,No regulation
simple,5391531561494,Spotlight Oral Care Rose Gold Replacement Sonic Heads,0,0,0,25.59,taxable,,Oral Care,Spotlight Oral Care Rose Gold Replacement Sonic Heads. An oral care product.,No regulation
simple,5060927260531,BeYou Tired Foot Cream 100ml,0,0,0,25.59,taxable,,Skincare,BeYou Tired Foot Cream 100ml. A skincare product. Supplied as 100ml.,No regulation
simple,8436583640173,MiiN Gua Sha & Roller Set,0,0,0,25.59,taxable,,General Health,MiiN Gua Sha & Roller Set. A health and wellbeing product.,No regulation
simple,0896364002756,Olaplex No.4 Shampoo Bond Maintenance 250ml,0,0,0,25.59,taxable,,Continence,Olaplex No.4 Shampoo Bond Maintenance 250ml. A continence care product. Supplied as 250ml.,No regulation
simple,0020714222857,Clinique Dramatically Different Moisturising Gel with Pump 125ml,0,0,0,25.59,taxable,,Skincare,Clinique Dramatically Different Moisturising Gel with Pump 125ml. A skincare product. Supplied as 125ml.,No regulation
simple,3282770207552,Klorane Cornflower Serum 50ml,0,0,0,25.59,taxable,,Skincare,Klorane Cornflower Serum 50ml. A skincare product. Supplied as 50ml.,No regulation
simple,5060644167410,Lash Fx Glam Lash Set,0,0,0,25.59,taxable,,General Health,Lash Fx Glam Lash Set. A health and wellbeing product.,No regulation
simple,5060193641744,Bloom & Blossom Cooling Leg Serum 100ml,0,0,0,25.59,taxable,,Skincare,Bloom & Blossom Cooling Leg Serum 100ml. A skincare product. Supplied as 100ml.,No regulation
simple,0658010120814,Garden Of Life Organic Kids+ 30 Tabs,0,0,0,25.59,taxable,,General Health,Garden Of Life Organic Kids+ 30 Tabs. A health and wellbeing product. Supplied as 30 Tabs.,No regulation
simple,8809566990440,Benton Snail Bee Ultimate Hydrogel Eye Patch 1.1g x 60 Pack,0,0,0,25.59,taxable,,Beauty,Benton Snail Bee Ultimate Hydrogel Eye Patch 1.1g x 60 Pack. A health and beauty product. Supplied as 60 Pack.,No regulation
simple,5060588690357,itsy Hungry Bundle,0,0,0,25.59,taxable,,General Health,itsy Hungry Bundle. A health and wellbeing product.,No regulation
simple,5034511006645,Green People Wildy Kind Organic Scent Free Skin Care Duo,0,0,0,25.59,taxable,,Skincare,Green People Wildy Kind Organic Scent Free Skin Care Duo. A skincare product.,No regulation
simple,5060099031281,Odylique Coconut Candy Scrub 175g,0,0,0,25.59,taxable,,Beauty,Odylique Coconut Candy Scrub 175g. A health and beauty product. Supplied as 175g.,No regulation
simple,9421906730708,Antipodes Juliet Brightening Gel Cleanser,0,0,0,25.59,taxable,,Skincare,Antipodes Juliet Brightening Gel Cleanser. A skincare product.,No regulation
simple,5060704340517,Acala Zero Waste Dental Care Bag,0,0,0,25.59,taxable,,Oral Care,Acala Zero Waste Dental Care Bag. An oral care product.,No regulation
simple,5060644167427,Lash Fx Perfect Lash Set,0,0,0,25.59,taxable,,General Health,Lash Fx Perfect Lash Set. A health and wellbeing product.,No regulation
simple,5060644167403,Lash Fx Super Lash Set,0,0,0,25.59,taxable,,General Health,Lash Fx Super Lash Set. A health and wellbeing product.,No regulation
simple,5028392003077,Metagenics MetaDigest Triple Action 60 Capsules,0,0,0,25.59,taxable,,Vitamins,Metagenics MetaDigest Triple Action 60 Capsules. A vitamins and supplements product. Supplied as 60 Capsules.,No regulation
simple,9338177000587,Dermalex Atopic Adult 100g,0,0,0,25.59,taxable,,General Health,Dermalex Atopic Adult 100g. A health and wellbeing product. Supplied as 100g.,No regulation
simple,5034511000155,Green People Vita Min Fix Moisturiser 50ml,0,0,0,25.49,taxable,,Skincare,Green People Vita Min Fix Moisturiser 50ml. A skincare product. Supplied as 50ml.,No regulation
simple,3361370620722,Milton Combi Microwave Or Cold Water Steriliser,0,0,0,25.49,taxable,,Cold & Flu,"Milton Combi Microwave Or Cold Water Steriliser. Always read the label and any leaflet supplied. If symptoms persist, speak to your pharmacist or doctor.",No regulation
simple,5060203790172,Terranova Beta Carotene Complex 100 Pack,0,0,0,25.49,taxable,,Vitamins,Terranova Beta Carotene Complex 100 Pack. A vitamins and supplements product. Supplied as 100 Pack.,No regulation
simple,0850018802796,Olaplex No.6 Bond Smoother 100ml,0,0,0,25.49,taxable,,General Health,Olaplex No.6 Bond Smoother 100ml. A health and wellbeing product. Supplied as 100ml.,No regulation
simple,5034511000162,Green People Fruitful Nights Night Cream 50ml,0,0,0,25.49,taxable,,Skincare,Green People Fruitful Nights Night Cream 50ml. A skincare product. Supplied as 50ml.,No regulation
simple,5031812509257,Coatex Aloe & Oatmeal Shampoo 500ml,0,0,0,25.49,taxable,,Hair Care,Coatex Aloe & Oatmeal Shampoo 500ml. A hair care product. Supplied as 500ml.,No regulation
simple,5060202182541,Cytoplan Omega Balance Vegan 60 Capsules,0,0,0,25.49,taxable,,Vitamins,Cytoplan Omega Balance Vegan 60 Capsules. A vitamins and supplements product. Supplied as 60 Capsules.,No regulation
simple,5060999811884,Wonderbalm All Purpose Balm 50ml,0,0,0,25.49,taxable,,Skincare,Wonderbalm All Purpose Balm 50ml. A skincare product. Supplied as 50ml.,No regulation
simple,5034511000117,Green People Day Solution Moisturiser 50ml,0,0,0,25.49,taxable,,Skincare,Green People Day Solution Moisturiser 50ml. A skincare product. Supplied as 50ml.,No regulation
simple,5055148410674,Lamberts Omega 3 Ultra Pure Fish Oil 1300mg 60 Capsules,0,0,0,25.49,taxable,,Vitamins,Lamberts Omega 3 Ultra Pure Fish Oil 1300mg 60 Capsules. A vitamins and supplements product. Supplied as 60 Capsules.,No regulation
simple,5034511000353,Green People Anti-Ageing 24hr Cream 50ml,0,0,0,25.49,taxable,,Skincare,Green People Anti-Ageing 24hr Cream 50ml. A skincare product. Supplied as 50ml.,No regulation
simple,5060089610755,Eropid Sildenafil 50mg 8 Tablets,0,0,0,25.49,taxable,,Sexual Wellness,"Eropid Sildenafil 50mg 8 Tablets. Prescription-only medicine, supplied after an online consultation with our pharmacist. Always read the label and any leaflet supplied. If symptoms persist, speak to your pharmacist or doctor. Supplied as 8 Tablets.",P
simple,5012564005334,Menthoderm Cream 0.5% 500g,0,0,0,25.49,taxable,,Skincare,Menthoderm Cream 0.5% 500g. A skincare product. Supplied as 500g.,No regulation
simple,5060805780014,Lovima 75 Microgram Film-Coated 84 Tablets,0,0,0,25.49,taxable,,Prescription Medicines,"Lovima 75 Microgram Film-Coated 84 Tablets. Prescription-only medicine, supplied after an online consultation with our pharmacist. Always read the label and any leaflet supplied. If symptoms persist, speak to your pharmacist or doctor. Supplied as 84 Tablets.",P
simple,0896364002763,Olaplex No.5 Conditioner Bond Maintenance 250ml,0,0,0,25.49,taxable,,Continence,Olaplex No.5 Conditioner Bond Maintenance 250ml. A continence care product. Supplied as 250ml.,No regulation
simple,5060409330134,Living Nutrition Kefir-Kombucha + Chaga Mushroom 60 Capsules,0,0,0,25.39,taxable,,Vitamins,Living Nutrition Kefir-Kombucha + Chaga Mushroom 60 Capsules. A vitamins and supplements product. Supplied as 60 Capsules.,No regulation
simple,0074312002724,Nature's Bounty Maximum Strength Glucosamine & Chondroitin 60 Caplets,0,0,0,25.39,taxable,,Vitamins,Nature's Bounty Maximum Strength Glucosamine & Chondroitin 60 Caplets. A vitamins and supplements product.,No regulation
simple,5060409330059,Living Nutrition Warrior 60 Capsules,0,0,0,25.29,taxable,,Vitamins,Living Nutrition Warrior 60 Capsules. A vitamins and supplements product. Supplied as 60 Capsules.,No regulation
simple,7391325933382,Nutri Advanced Eskimo-3 Extra High Strength Fish Oil 50 Capsules,0,0,0,25.29,taxable,,Vitamins,Nutri Advanced Eskimo-3 Extra High Strength Fish Oil 50 Capsules. A vitamins and supplements product. Supplied as 50 Capsules.,No regulation
simple,7350082941146,Swiss Clinic Super Glue+ 30 ml,0,0,0,25.19,taxable,,General Health,Swiss Clinic Super Glue+ 30 ml. A health and wellbeing product. Supplied as 30 ml.,No regulation
simple,8809408731019,Dr. Oracle 21 Stay Blueberry Sleeping Mask 100ml,0,0,0,25.19,taxable,,Skincare,Dr. Oracle 21 Stay Blueberry Sleeping Mask 100ml. A skincare product. Supplied as 100ml.,No regulation
simple,7350082941160,Swiss Clinic Grade Up Retinol+ 0.3% 30 ml,0,0,0,25.19,taxable,,General Health,Swiss Clinic Grade Up Retinol+ 0.3% 30 ml. A health and wellbeing product. Supplied as 30 ml.,No regulation
simple,8809083997106,Sioris Deep In A Barrier Cream,0,0,0,25.09,taxable,,Skincare,Sioris Deep In A Barrier Cream. A skincare product.,No regulation
simple,8809663751654,Mizon All in One Snail Repair Cream 75ml,0,0,0,25.09,taxable,,Skincare,Mizon All in One Snail Repair Cream 75ml. A skincare product. Supplied as 75ml.,No regulation
simple,5060203793579,Terranova Turmeric Root 350mg 100's,0,0,0,24.99,taxable,,Vitamins,Terranova Turmeric Root 350mg 100's. A vitamins and supplements product. Supplied as 350mg.,No regulation
simple,9314839010040,SunSense Sensitive Sun Lotion SPF 50 100g,0,0,0,24.99,taxable,,Skincare,SunSense Sensitive Sun Lotion SPF 50 100g. A skincare product. Supplied as 100g.,No regulation
simple,5060291420609,Nursem Ultra Caring Body Balm 250ml,0,0,0,24.99,taxable,,Skincare,Nursem Ultra Caring Body Balm 250ml. A skincare product. Supplied as 250ml.,No regulation
simple,0658556117484,Mushrooms For Life Organic Lion’s Mane - Focus Coffee,0,0,0,24.99,taxable,zero-rate,General Health,Mushrooms For Life Organic Lion’s Mane - Focus Coffee. A health and wellbeing product.,No regulation
simple,0634158970252,Mushrooms 4 Life Organic Chaga Turmeric Latte 120g,0,0,0,24.99,taxable,zero-rate,Vitamins,Mushrooms 4 Life Organic Chaga Turmeric Latte 120g. A vitamins and supplements product. Supplied as 120g.,No regulation
simple,5060018515465,KIKI Health Cognitive Capsules 60 Vegicaps,0,0,0,24.99,taxable,,Vitamins,KIKI Health Cognitive Capsules 60 Vegicaps. A vitamins and supplements product.,No regulation
simple,0851325002008,Macadamia Natural Oil Healing Oil Treatment 125ml,0,0,0,24.99,taxable,,Skincare,Macadamia Natural Oil Healing Oil Treatment 125ml. A skincare product. Supplied as 125ml.,No regulation
simple,8809566990952,Benton Let's Carrot Oil Toner 150ml,0,0,0,24.99,taxable,,Skincare,Benton Let's Carrot Oil Toner 150ml. A skincare product. Supplied as 150ml.,No regulation
simple,5060018515380,KIKI Health Organic Maitake Extract Mushroom Powder 50g,0,0,0,24.99,taxable,zero-rate,Vitamins,KIKI Health Organic Maitake Extract Mushroom Powder 50g. A vitamins and supplements product. Supplied as 50g.,No regulation
simple,0634158970191,Mushrooms For Life Organic Lion's Mane Matcha Latte 110g,0,0,0,24.99,taxable,zero-rate,General Health,Mushrooms For Life Organic Lion's Mane Matcha Latte 110g. A health and wellbeing product. Supplied as 110g.,No regulation
simple,5060018515403,KIKI Health Organic Reishi Extract Mushroom Powder 50g,0,0,0,24.99,taxable,zero-rate,Vitamins,KIKI Health Organic Reishi Extract Mushroom Powder 50g. A vitamins and supplements product. Supplied as 50g.,No regulation
simple,5056142611227,Protein World Marine Collagen Peptides Tropical 250g,0,0,0,24.99,taxable,,Vitamins,Protein World Marine Collagen Peptides Tropical 250g. A vitamins and supplements product. Supplied as 250g.,No regulation
simple,5060018515434,KIKI Health Organic Decaffeinated Mushroom Extract Coffee Powder 75g,0,0,0,24.99,taxable,zero-rate,Vitamins,KIKI Health Organic Decaffeinated Mushroom Extract Coffee Powder 75g. A vitamins and supplements product. Supplied as 75g.,No regulation
simple,5391531561449,Spotlight Oral Care Water Flosser Classic Jet Tips,0,0,0,24.99,taxable,,Oral Care,Spotlight Oral Care Water Flosser Classic Jet Tips. An oral care product.,No regulation
simple,0658556117019,Mushrooms For Life Organic Maitake Powder 60g,0,0,0,24.99,taxable,,Vitamins,Mushrooms For Life Organic Maitake Powder 60g. A vitamins and supplements product. Supplied as 60g.,No regulation
simple,5060968691110,Ksm-66 Ashwagandha Plus 60 Capsules,0,0,0,24.99,taxable,,Vitamins,Ksm-66 Ashwagandha Plus 60 Capsules. A vitamins and supplements product. Supplied as 60 Capsules.,No regulation
simple,0033984504974,Solgar 7 Joint Support 30 Capsules,0,0,0,24.99,taxable,,Supports & Braces,Solgar 7 Joint Support 30 Capsules. A support and mobility product. Supplied as 30 Capsules.,No regulation
simple,0658556024737,Living Nutrition Organic Fermented Reishi Spores 60 Capsules,0,0,0,24.99,taxable,,Vitamins,Living Nutrition Organic Fermented Reishi Spores 60 Capsules. A vitamins and supplements product. Supplied as 60 Capsules.,No regulation
simple,8809408730913,Dr. Oracle 21 Stay A-Thera Cream 50ml,0,0,0,24.99,taxable,,Skincare,Dr. Oracle 21 Stay A-Thera Cream 50ml. A skincare product. Supplied as 50ml.,No regulation
simple,4064666310541,Nioxin for Natural Hair with Progressed Thinning System 2 Trial Kit,0,0,0,24.99,taxable,,Hair Care,Nioxin for Natural Hair with Progressed Thinning System 2 Trial Kit. A hair care product.,No regulation
simple,5060523017454,Ted Baker 50ml Polly Eau de Toilette & 100ml Cream Set,0,0,0,24.99,taxable,,Skincare,Ted Baker 50ml Polly Eau de Toilette & 100ml Cream Set. A skincare product. Supplied as 100ml.,No regulation
simple,5060018515458,KIKI Health Organic Mushroom Extract Cacao Powder 105g,0,0,0,24.99,taxable,zero-rate,Vitamins,KIKI Health Organic Mushroom Extract Cacao Powder 105g. A vitamins and supplements product. Supplied as 105g.,No regulation
simple,5011309031119,Flexitol Rescue Heel Balm 485g,0,0,0,24.99,taxable,,Skincare,Flexitol Rescue Heel Balm 485g. A skincare product. Supplied as 485g.,No regulation
simple,5060018515397,KIKI Health Organic Oyster Extract Mushroom Powder 50g,0,0,0,24.99,taxable,zero-rate,Vitamins,KIKI Health Organic Oyster Extract Mushroom Powder 50g. A vitamins and supplements product. Supplied as 50g.,No regulation
simple,5012564005112,Sebco Coconut Compound Ointment 100g,0,0,0,24.99,taxable,,Skincare,Sebco Coconut Compound Ointment 100g. A skincare product. Supplied as 100g.,GSL
simple,8000300431926,Garden of Life Microbiome Once Daily 30 Capsules,0,0,0,24.99,taxable,,Vitamins,Garden of Life Microbiome Once Daily 30 Capsules. A vitamins and supplements product. Supplied as 30 Capsules.,No regulation
simple,0658556024775,Living Nutrition Organic Fermented Myco Blend 60 Capsules,0,0,0,24.99,taxable,,Vitamins,Living Nutrition Organic Fermented Myco Blend 60 Capsules. A vitamins and supplements product. Supplied as 60 Capsules.,No regulation
simple,0083000006289,Nature's Answer Goldenseal Root 30ml,0,0,0,24.99,taxable,,General Health,Nature's Answer Goldenseal Root 30ml. A health and wellbeing product. Supplied as 30ml.,No regulation
simple,5391531561869,Spotlight Oral Care SOC Prideheads Sonic Head,0,0,0,24.99,taxable,,Oral Care,Spotlight Oral Care SOC Prideheads Sonic Head. An oral care product.,No regulation
simple,8809684560808,Milk Touch Five Flower Dark Spot Clearing Serum 40ml,0,0,0,24.99,taxable,,Skincare,Milk Touch Five Flower Dark Spot Clearing Serum 40ml. A skincare product. Supplied as 40ml.,No regulation
simple,5060203791698,"Terranova Glucosamine, Boswellia & MSM Complex 100 Pack",0,0,0,24.99,taxable,,Vitamins,"Terranova Glucosamine, Boswellia & MSM Complex 100 Pack. A vitamins and supplements product. Supplied as 100 Pack.",No regulation
simple,0731788983628,Feel Supreme Tongkat Ali with Fadogia Agrestis 90 Capsules,0,0,0,24.99,taxable,,Vitamins,Feel Supreme Tongkat Ali with Fadogia Agrestis 90 Capsules. A vitamins and supplements product. Supplied as 90 Capsules.,No regulation
simple,5056142607237,Protein World Pre Workout Peach Tea Protein Powder 500g,0,0,0,24.99,taxable,,Vitamins,Protein World Pre Workout Peach Tea Protein Powder 500g. A vitamins and supplements product. Supplied as 500g.,No regulation
simple,0753950000872,Doctor's Best High Absorption Magnesium 100mg 240 Tablets,0,0,0,24.99,taxable,,Vitamins,Doctor's Best High Absorption Magnesium 100mg 240 Tablets. A vitamins and supplements product. Supplied as 240 Tablets.,No regulation
simple,0850005892052,Vital Proteins Collagen Vanilla Creamer 305g,0,0,0,24.99,taxable,,Skincare,Vital Proteins Collagen Vanilla Creamer 305g. A skincare product. Supplied as 305g.,No regulation
simple,5060083290311,LMX4 Lidocaine 4% w/w Cream 30g,0,0,0,24.99,taxable,,Skincare,"LMX4 Lidocaine 4% w/w Cream 30g. Prescription-only medicine, supplied after an online consultation with our pharmacist. Always read the label and any leaflet supplied. If symptoms persist, speak to your pharmacist or doctor. Supplied as 30g.",P
simple,5060203791254,Terranova Magnesium 100mg Complex 100 Pack,0,0,0,24.99,taxable,,Vitamins,Terranova Magnesium 100mg Complex 100 Pack. A vitamins and supplements product. Supplied as 100 Pack.,No regulation
simple,4005900645432,Eucerin Hyaluron-Filler + Elasticity Eye Cream 15ml,0,0,0,24.99,taxable,,Skincare,Eucerin Hyaluron-Filler + Elasticity Eye Cream 15ml. A skincare product. Supplied as 15ml.,No regulation
simple,5060018513577,KIKI Health Organic Lion's Mane Extract Mushroom 60 Capsules,0,0,0,24.99,taxable,,Vitamins,KIKI Health Organic Lion's Mane Extract Mushroom 60 Capsules. A vitamins and supplements product. Supplied as 60 Capsules.,No regulation
simple,8809567925205,Barr Centella Calming Barrier Cream 80ml,0,0,0,24.99,taxable,,Skincare,Barr Centella Calming Barrier Cream 80ml. A skincare product. Supplied as 80ml.,No regulation
simple,5060018513607,KIKI Health Organic Shiitake Extract Mushroom 60 Capsules,0,0,0,24.99,taxable,,Vitamins,KIKI Health Organic Shiitake Extract Mushroom 60 Capsules. A vitamins and supplements product. Supplied as 60 Capsules.,No regulation
simple,5060280920516,FlexiSEQ Max Strength Osteo Gel 100g,0,0,0,24.99,taxable,,Skincare,FlexiSEQ Max Strength Osteo Gel 100g. A skincare product. Supplied as 100g.,No regulation
simple,0658556024782,Living Nutrition Organic Fermented True Adaptogens 60 Capsules,0,0,0,24.99,taxable,,Vitamins,Living Nutrition Organic Fermented True Adaptogens 60 Capsules. A vitamins and supplements product. Supplied as 60 Capsules.,No regulation
simple,5060927260524,BeYou Muscle & Joint Gel 100ml,0,0,0,24.99,taxable,,Pain Relief,"BeYou Muscle & Joint Gel 100ml. Always read the label and any leaflet supplied. If symptoms persist, speak to your pharmacist or doctor. Supplied as 100ml.",No regulation
simple,5060018515441,KIKI Health Organic Mushroom Extract Coffee Powder 75g,0,0,0,24.99,taxable,zero-rate,Vitamins,KIKI Health Organic Mushroom Extract Coffee Powder 75g. A vitamins and supplements product. Supplied as 75g.,No regulation
simple,0634158970160,Mushrooms 4 Life Organic Reishi Cacao Latte 140g,0,0,0,24.99,taxable,zero-rate,General Health,Mushrooms 4 Life Organic Reishi Cacao Latte 140g. A health and wellbeing product. Supplied as 140g.,No regulation
simple,3800219792164,Alteya Organic Face Sunscreen Rose Otto SPF25 50ml,0,0,0,24.99,taxable,,Skincare,Alteya Organic Face Sunscreen Rose Otto SPF25 50ml. A skincare product. Supplied as 50ml.,No regulation
simple,0634158970313,Mushrooms 4 Life Organic Cordyceps Adaptogen Coffee,0,0,0,24.99,taxable,zero-rate,General Health,Mushrooms 4 Life Organic Cordyceps Adaptogen Coffee. A health and wellbeing product.,No regulation
simple,0634158970221,Mushrooms 4 Life Organic Maitake Ginger Latte 110g,0,0,0,24.99,taxable,zero-rate,General Health,Mushrooms 4 Life Organic Maitake Ginger Latte 110g. A health and wellbeing product. Supplied as 110g.,No regulation
simple,5060203790059,Terranova Coq10 30mg Complex 100 Pack,0,0,0,24.99,taxable,,Vitamins,Terranova Coq10 30mg Complex 100 Pack. A vitamins and supplements product. Supplied as 100 Pack.,No regulation
simple,5055148407575,Lamberts Pure Fish Oil 1100mg 180 Capsules,0,0,0,24.99,taxable,,Vitamins,Lamberts Pure Fish Oil 1100mg 180 Capsules. A vitamins and supplements product. Supplied as 180 Capsules.,No regulation
simple,3574661568119,Regaine for Women 2% 60ml,0,0,0,24.99,taxable,,Women's Health,"Regaine for Women 2% 60ml. Prescription-only medicine, supplied after an online consultation with our pharmacist. Always read the label and any leaflet supplied. If symptoms persist, speak to your pharmacist or doctor. Supplied as 60ml.",P
simple,9335955005703,MooGoo Face Hydration Pack,0,0,0,24.99,taxable,,Skincare,MooGoo Face Hydration Pack. A skincare product.,No regulation
simple,0878941000065,Liquid Concentrace Trace Mineral Drops 118ml,0,0,0,24.99,taxable,,Vitamins,Liquid Concentrace Trace Mineral Drops 118ml. A vitamins and supplements product. Supplied as 118ml.,No regulation
simple,5034511006638,Green People Glow Wild Organic Day & Night Skin Treatment Duo,0,0,0,24.99,taxable,,Cold & Flu,"Green People Glow Wild Organic Day & Night Skin Treatment Duo. Always read the label and any leaflet supplied. If symptoms persist, speak to your pharmacist or doctor.",No regulation
simple,5056142606162,Protein World Whey Protein Concentrate Milk Chocolate 520g,0,0,0,24.99,taxable,,Vitamins,Protein World Whey Protein Concentrate Milk Chocolate 520g. A vitamins and supplements product. Supplied as 520g.,No regulation
simple,5702191008395,Psoriasis treatment - Dovonex Ointment 30g,0,0,0,24.99,taxable,zero-rate,Skincare,"Psoriasis treatment - Dovonex Ointment 30g. Prescription-only medicine, supplied after an online consultation with our pharmacist. Always read the label and any leaflet supplied. If symptoms persist, speak to your pharmacist or doctor. Supplied as 30g.",P
simple,0658556117033,Mushrooms For Life Organic Cordyceps 60g Powder,0,0,0,24.99,taxable,,Vitamins,Mushrooms For Life Organic Cordyceps 60g Powder. A vitamins and supplements product. Supplied as 60g.,No regulation
simple,4064666224503,Nioxin for Chemically Treated Hair with Light Thinning System 5 Trial Kit,0,0,0,24.99,taxable,,Hair Care,Nioxin for Chemically Treated Hair with Light Thinning System 5 Trial Kit. A hair care product.,No regulation
simple,5060018515359,KIKI Health Organic Cordyceps Extract Mushroom Powder 50g,0,0,0,24.99,taxable,zero-rate,Vitamins,KIKI Health Organic Cordyceps Extract Mushroom Powder 50g. A vitamins and supplements product. Supplied as 50g.,No regulation
simple,5025903023395,Careway Nitrile Exam Gloves Medium 250 Pack,0,0,0,24.99,taxable,,General Health,Careway Nitrile Exam Gloves Medium 250 Pack. A health and wellbeing product. Supplied as 250 Pack.,No regulation
simple,0739090023216,Fipnil Plus Spot-On Solution for Cats 3 x 0.5ml,0,0,0,24.99,taxable,,Pet Care,Fipnil Plus Spot-On Solution for Cats 3 x 0.5ml. A pet care product. Supplied as 3 x 0.5ml.,No regulation
simple,0658556116944,Mushrooms For Life Organic Lion's Mane Focus Full Spectrum Powder 60g,0,0,0,24.99,taxable,,Vitamins,Mushrooms For Life Organic Lion's Mane Focus Full Spectrum Powder 60g. A vitamins and supplements product. Supplied as 60g.,No regulation
simple,0033984003163,Solgar Vision Plus 60 Capsules,0,0,0,24.99,taxable,,Vitamins,Solgar Vision Plus 60 Capsules. A vitamins and supplements product. Supplied as 60 Capsules.,No regulation
simple,8429979417336,Sesderma Retiage Eye Contour 15ml,0,0,0,24.99,taxable,,General Health,Sesderma Retiage Eye Contour 15ml. A health and wellbeing product. Supplied as 15ml.,No regulation
simple,5025903023418,Careway Nitrile Exam Gloves X-Large 230 Pack,0,0,0,24.99,taxable,,General Health,Careway Nitrile Exam Gloves X-Large 230 Pack. A health and wellbeing product. Supplied as 230 Pack.,No regulation
simple,0658556024850,Living Nutrition Organic Fermented Rhodiola 60 Capsules,0,0,0,24.99,taxable,,Vitamins,Living Nutrition Organic Fermented Rhodiola 60 Capsules. A vitamins and supplements product. Supplied as 60 Capsules.,No regulation
simple,9335955004522,MooGoo Soothing MSM Moisturiser 500g,0,0,0,24.99,taxable,,Skincare,MooGoo Soothing MSM Moisturiser 500g. A skincare product. Supplied as 500g.,No regulation
simple,5055132717451,Scabies Treatment - Morningside Permethrin 5% Cream 30g,0,0,0,24.99,taxable,,Skincare,"Scabies Treatment - Morningside Permethrin 5% Cream 30g. Prescription-only medicine, supplied after an online consultation with our pharmacist. Always read the label and any leaflet supplied. If symptoms persist, speak to your pharmacist or doctor. Supplied as 30g.",P
simple,5031013109591,Higher Nature Mushroom Vitality 60 Capsules,0,0,0,24.95,taxable,,Vitamins,Higher Nature Mushroom Vitality 60 Capsules. A vitamins and supplements product. Supplied as 60 Capsules.,No regulation
simple,5060203791834,"Terranova Chromium, Cinnamon & Lipoic Acid Complex 100 Pack",0,0,0,24.89,taxable,,Vitamins,"Terranova Chromium, Cinnamon & Lipoic Acid Complex 100 Pack. A vitamins and supplements product. Supplied as 100 Pack.",No regulation
simple,5012674901748,Otoclean Cat & Dog Ear Cleaner 5ml 18pk,0,0,0,24.89,taxable,,Pet Care,Otoclean Cat & Dog Ear Cleaner 5ml 18pk. A pet care product. Supplied as 5ml.,No regulation
simple,0033984020573,Solgar Triple Strength Omega-3 50 Softgels,0,0,0,24.89,taxable,,Vitamins,Solgar Triple Strength Omega-3 50 Softgels. A vitamins and supplements product. Supplied as 50 Softgels.,No regulation
simple,8809083995409,Sioris Stay with Me Day Cream,0,0,0,24.89,taxable,,Skincare,Sioris Stay with Me Day Cream. A skincare product.,No regulation
simple,5060519148278,Pukka Days of Gifting Advent Calendar,0,0,0,24.89,taxable,zero-rate,Vitamins,Pukka Days of Gifting Advent Calendar. A vitamins and supplements product.,No regulation
simple,9337213007191,Conceive Plus Men's Motility Support 60 Capsules,0,0,0,24.89,taxable,,Supports & Braces,Conceive Plus Men's Motility Support 60 Capsules. A support and mobility product. Supplied as 60 Capsules.,No regulation
simple,3800219792652,Alteya Organic Active Vitality Energizing Eye Cream Rose Jasminium 15ml,0,0,0,24.89,taxable,,Skincare,Alteya Organic Active Vitality Energizing Eye Cream Rose Jasminium 15ml. A skincare product. Supplied as 15ml.,No regulation
simple,5060018511429,KIKI Health Organic Premium Chlorella Powder 200g,0,0,0,24.89,taxable,,Vitamins,KIKI Health Organic Premium Chlorella Powder 200g. A vitamins and supplements product. Supplied as 200g.,No regulation
simple,8809540510206,Benton Fermentation Eye Cream 30g,0,0,0,24.89,taxable,,Skincare,Benton Fermentation Eye Cream 30g. A skincare product. Supplied as 30g.,No regulation
simple,4020829065437,Dr. Hauschka Night Serum 20ml,0,0,0,24.89,taxable,,Skincare,Dr. Hauschka Night Serum 20ml. A skincare product. Supplied as 20ml.,No regulation
simple,5060203790028,Terranova Antioxidant Nutrient Complex 100 Pack,0,0,0,24.89,taxable,,Vitamins,Terranova Antioxidant Nutrient Complex 100 Pack. A vitamins and supplements product. Supplied as 100 Pack.,No regulation
simple,0033984011106,Solgar Full Spectrum Omega Salmon Oil 120 Softgels,0,0,0,24.89,taxable,,Vitamins,Solgar Full Spectrum Omega Salmon Oil 120 Softgels. A vitamins and supplements product. Supplied as 120 Softgels.,No regulation
simple,5025903024620,Careway Nitrile Exam Gloves Size Small 250 Pack,0,0,0,24.79,taxable,,General Health,Careway Nitrile Exam Gloves Size Small 250 Pack. A health and wellbeing product. Supplied as 250 Pack.,No regulation
simple,5060704340470,Acala Zero Waste Traveller Gift Bag,0,0,0,24.79,taxable,,General Health,Acala Zero Waste Traveller Gift Bag. A health and wellbeing product.,No regulation
simple,3574660411805,Nicorette Nasal Spray 10ml,0,0,0,24.69,taxable,reduced-rate,Stop Smoking,Nicorette Nasal Spray 10ml. A stop-smoking product. Supplied as 10ml.,GSL
simple,5060409330035,Living Nutrition Candi-X 60 Capsules,0,0,0,24.69,taxable,,Vitamins,Living Nutrition Candi-X 60 Capsules. A vitamins and supplements product. Supplied as 60 Capsules.,No regulation
simple,5060409330042,Living Nutrition Cognitive 60 Capsules,0,0,0,24.69,taxable,,Vitamins,Living Nutrition Cognitive 60 Capsules. A vitamins and supplements product. Supplied as 60 Capsules.,No regulation
simple,0033984039728,Solgar Milk Thistle 100 Capsules,0,0,0,24.59,taxable,,Vitamins,Solgar Milk Thistle 100 Capsules. A vitamins and supplements product. Supplied as 100 Capsules.,No regulation
simple,3411113007324,Douxo S3 Seb Mousse 150ml,0,0,0,24.49,taxable,,Hair Care,Douxo S3 Seb Mousse 150ml. A hair care product. Supplied as 150ml.,No regulation
simple,5060193642697,Bloom & Blossom Lights Out Sleep Gift Set,0,0,0,24.49,taxable,,Beauty,Bloom & Blossom Lights Out Sleep Gift Set. A health and beauty product.,No regulation
simple,8009722000239,Clorexyderm Oto Ear Cleansing Solution 150ml,0,0,0,24.49,taxable,,Skincare,Clorexyderm Oto Ear Cleansing Solution 150ml. A skincare product. Supplied as 150ml.,No regulation
simple,5060710518696,Panodyne Infrared Thermometer,0,0,0,24.49,taxable,,First Aid,"Panodyne Infrared Thermometer. Always read the label and any leaflet supplied. If symptoms persist, speak to your pharmacist or doctor.",No regulation
simple,0033984328747,Solgar Whey To Go Protein Powder (Strawberry) 454g Powder,0,0,0,24.49,taxable,,Vitamins,Solgar Whey To Go Protein Powder (Strawberry) 454g Powder. A vitamins and supplements product. Supplied as 454g.,No regulation
simple,5060193641751,Bloom & Blossom Bust Firming Gel 50ml,0,0,0,24.49,taxable,,Skincare,Bloom & Blossom Bust Firming Gel 50ml. A skincare product. Supplied as 50ml.,No regulation
simple,5038483844281,Scholl Softgrip C3 Thigh Length Compression Hosiery Large Open Toe Natural,0,0,0,24.49,taxable,,Supports & Braces,Scholl Softgrip C3 Thigh Length Compression Hosiery Large Open Toe Natural. A support and mobility product.,No regulation
simple,5010415230126,Tommee Tippee Complete Care Healthcare Kit,0,0,0,24.49,taxable,,General Health,Tommee Tippee Complete Care Healthcare Kit. A health and wellbeing product.,No regulation
simple,5055148404925,Lamberts Fema45+ 180 Tablets,0,0,0,24.49,taxable,,Vitamins,Lamberts Fema45+ 180 Tablets. A vitamins and supplements product. Supplied as 180 Tablets.,No regulation
simple,4005900990303,Eucerin Anti-Age Hyaluron Filler Night Refill 50ml,0,0,0,24.49,taxable,,General Health,Eucerin Anti-Age Hyaluron Filler Night Refill 50ml. A health and wellbeing product. Supplied as 50ml.,No regulation
simple,5031013100499,Higher Nature Mexican Yam Extract 90 Capsules,0,0,0,24.45,taxable,,Vitamins,Higher Nature Mexican Yam Extract 90 Capsules. A vitamins and supplements product. Supplied as 90 Capsules.,No regulation
simple,3282770075571,Klorane Keratine Strength Fortifying Spray,0,0,0,24.39,taxable,,Hair Care,Klorane Keratine Strength Fortifying Spray. A hair care product.,No regulation
simple,9332996000407,Grahams Natural Baby Eczema Cream 150g,0,0,0,24.39,taxable,,Baby & Child,Grahams Natural Baby Eczema Cream 150g. A baby and child product. Supplied as 150g.,No regulation
simple,8809663751593,Mizon Collagen 100 30ml,0,0,0,24.39,taxable,,Vitamins,Mizon Collagen 100 30ml. A vitamins and supplements product. Supplied as 30ml.,No regulation
simple,8809743540321,Mizon Snail Mini Pack,0,0,0,24.39,taxable,,Beauty,Mizon Snail Mini Pack. A health and beauty product.,No regulation
simple,0033984329546,Solgar Formula Vm-Prime for Women 90 Tablets,0,0,0,24.39,taxable,,Women's Health,Solgar Formula Vm-Prime for Women 90 Tablets. A women's health product. Supplied as 90 Tablets.,No regulation
simple,0033984022959,Solgar Gold Specifics Prostate Support 60 Capsules,0,0,0,24.29,taxable,,Supports & Braces,Solgar Gold Specifics Prostate Support 60 Capsules. A support and mobility product. Supplied as 60 Capsules.,No regulation
simple,5031013100086,Higher Nature Aloe Gold Natural 485ml,0,0,0,24.29,taxable,,Vitamins,Higher Nature Aloe Gold Natural 485ml. A vitamins and supplements product. Supplied as 485ml.,No regulation
simple,5017978000043,Probio 7 Intiflor 15 Capsules,0,0,0,24.29,taxable,,Vitamins,Probio 7 Intiflor 15 Capsules. A vitamins and supplements product. Supplied as 15 Capsules.,No regulation
simple,5017978000289,Probio 7 Immune+ 60 Capsules,0,0,0,24.29,taxable,,Vitamins,Probio 7 Immune+ 60 Capsules. A vitamins and supplements product. Supplied as 60 Capsules.,No regulation
simple,5060704340487,Acala Make Your Own Body Butter Kit,0,0,0,24.19,taxable,,Skincare,Acala Make Your Own Body Butter Kit. A skincare product.,No regulation
simple,5039021007106,Alvedon Paracetamol Suppositories 125mg 10 Pack,0,0,0,24.19,taxable,,Pain Relief,"Alvedon Paracetamol Suppositories 125mg 10 Pack. Prescription-only medicine, supplied after an online consultation with our pharmacist. Always read the label and any leaflet supplied. If symptoms persist, speak to your pharmacist or doctor. Supplied as 10 Pack.",P
simple,5060519147899,Pukka Womankind Menopause 60 Capsules,0,0,0,24.19,taxable,,Women's Health,Pukka Womankind Menopause 60 Capsules. A women's health product. Supplied as 60 Capsules.,No regulation
simple,5060519144027,Pukka Womankind Premenstrual 60 Capsules,0,0,0,24.19,taxable,,Women's Health,Pukka Womankind Premenstrual 60 Capsules. A women's health product. Supplied as 60 Capsules.,No regulation
simple,0702811534506,Wild Nutrition Food-Grown B Complex Plus 60 Capsules,0,0,0,24.00,taxable,,Vitamins,Wild Nutrition Food-Grown B Complex Plus 60 Capsules. A vitamins and supplements product. Supplied as 60 Capsules.,No regulation
simple,3282770390469,Avène Cleanance A.H.A Exfoliating Serum 30ml,0,0,0,23.99,taxable,,Skincare,Avène Cleanance A.H.A Exfoliating Serum 30ml. A skincare product. Supplied as 30ml.,No regulation
simple,5060203790851,Terranova Microbiome Challenge 50 Veg Capsules,0,0,0,23.99,taxable,,Vitamins,Terranova Microbiome Challenge 50 Veg Capsules. A vitamins and supplements product.,No regulation
simple,5060203791667,Terranova Dong Quai Soya Sprout Complex 100 Pack,0,0,0,23.99,taxable,,Vitamins,Terranova Dong Quai Soya Sprout Complex 100 Pack. A vitamins and supplements product. Supplied as 100 Pack.,No regulation
simple,5060280920363,FlexiSEQ for Joint Wear & Tear 100g,0,0,0,23.99,taxable,,Pain Relief,"FlexiSEQ for Joint Wear & Tear 100g. Always read the label and any leaflet supplied. If symptoms persist, speak to your pharmacist or doctor. Supplied as 100g.",No regulation
simple,5017978104772,Probio 7 50+ Probiotic Capsules for Over 50s 60 Pack,0,0,0,23.99,taxable,,Digestive,"Probio 7 50+ Probiotic Capsules for Over 50s 60 Pack. Always read the label and any leaflet supplied. If symptoms persist, speak to your pharmacist or doctor. Supplied as 60 Pack.",No regulation
simple,8009722001946,Zincoseb Antibac Shampoo 250ml,0,0,0,23.99,taxable,,Hair Care,Zincoseb Antibac Shampoo 250ml. A hair care product. Supplied as 250ml.,No regulation
simple,0033984003620,Solgar Advanced Multi-Enzymes Complex 90 Vegetable Capsules,0,0,0,23.99,taxable,,Vitamins,Solgar Advanced Multi-Enzymes Complex 90 Vegetable Capsules. A vitamins and supplements product.,No regulation
simple,5060776980185,DR.VEGAN Gut Works Pre & Probiotic 50bn CFU 30 Capsules,0,0,0,23.99,taxable,,Digestive,"DR.VEGAN Gut Works Pre & Probiotic 50bn CFU 30 Capsules. Always read the label and any leaflet supplied. If symptoms persist, speak to your pharmacist or doctor. Supplied as 30 Capsules.",No regulation
simple,5060018515571,KIKI Health Ionic Iodine Liquid Concentrate 50ml,0,0,0,23.99,taxable,,Vitamins,KIKI Health Ionic Iodine Liquid Concentrate 50ml. A vitamins and supplements product. Supplied as 50ml.,No regulation
simple,5016003733901,Contour Next Blood Glucose Test Strips 50 Pack,0,0,0,23.99,taxable,zero-rate,Testing & Monitoring,"Contour Next Blood Glucose Test Strips 50 Pack. Always read the label and any leaflet supplied. If symptoms persist, speak to your pharmacist or doctor. Supplied as 50 Pack.",No regulation
simple,5060203793739,Terranova Mushroom Synergy 50 Vegetarian Capsules,0,0,0,23.99,taxable,,Vitamins,Terranova Mushroom Synergy 50 Vegetarian Capsules. A vitamins and supplements product.,No regulation
simple,5060203792138,Terranova Dynamic Synergy 50 Pack,0,0,0,23.99,taxable,,Vitamins,Terranova Dynamic Synergy 50 Pack. A vitamins and supplements product. Supplied as 50 Pack.,No regulation
simple,5060571722638,UpCircle Peptide Serum 30ml,0,0,0,23.99,taxable,,Skincare,UpCircle Peptide Serum 30ml. A skincare product. Supplied as 30ml.,No regulation
simple,0768990027635,Nordic Naturals Omega-3 1560mg Lemon Flavour 237 ml,0,0,0,23.99,taxable,,Vitamins,Nordic Naturals Omega-3 1560mg Lemon Flavour 237 ml. A vitamins and supplements product. Supplied as 237 ml.,No regulation
simple,8000300432275,Garden of Life Microbiome Once Daily Prenatal 30 Capsules,0,0,0,23.99,taxable,,Vitamins,Garden of Life Microbiome Once Daily Prenatal 30 Capsules. A vitamins and supplements product. Supplied as 30 Capsules.,No regulation
simple,0850045076085,Olaplex No.7 Bonding Oil 30ml,0,0,0,23.99,taxable,,Skincare,Olaplex No.7 Bonding Oil 30ml. A skincare product. Supplied as 30ml.,No regulation
simple,5060018515588,KIKI Health Ionic Magnesium Liquid Concentrate 50ml,0,0,0,23.99,taxable,,Vitamins,KIKI Health Ionic Magnesium Liquid Concentrate 50ml. A vitamins and supplements product. Supplied as 50ml.,No regulation
simple,0033984595972,Solgar Full Spectrum Curcumin 30 Licaps,0,0,0,23.99,taxable,,Vitamins,Solgar Full Spectrum Curcumin 30 Licaps. A vitamins and supplements product.,No regulation
simple,7322541406077,Tena PROskin Flex Large Super Pants 30 Pack,0,0,0,23.99,taxable,zero-rate,Continence,Tena PROskin Flex Large Super Pants 30 Pack. A continence care product. Supplied as 30 Pack.,No regulation
simple,5060018515618,KIKI Health Ionic Electrolytes liquid Concentrate 50ml,0,0,0,23.99,taxable,,Vitamins,KIKI Health Ionic Electrolytes liquid Concentrate 50ml. A vitamins and supplements product. Supplied as 50ml.,No regulation
simple,5060203796167,Terranova CurcuSol Curmin Complex (BioSNEDS) 50's (NEW PRODUCT),0,0,0,23.99,taxable,,Vitamins,Terranova CurcuSol Curmin Complex (BioSNEDS) 50's (NEW PRODUCT). A vitamins and supplements product.,No regulation
simple,8711744049300,Excilor Skin Tag Treatment,0,0,0,23.99,taxable,,Skincare,Excilor Skin Tag Treatment. A skincare product.,GSL
simple,8009722000932,Clorexyderm Spot Gel 100ml,0,0,0,23.99,taxable,,Skincare,Clorexyderm Spot Gel 100ml. A skincare product. Supplied as 100ml.,No regulation
simple,0054402720028,Australian Gold Botanical SPF30 Lotion 147ml,0,0,0,23.99,taxable,,Skincare,Australian Gold Botanical SPF30 Lotion 147ml. A skincare product. Supplied as 147ml.,No regulation
simple,5060018515557,KIKI Health Ionic Zinc Liquid Concentrate 50ml,0,0,0,23.99,taxable,,Vitamins,KIKI Health Ionic Zinc Liquid Concentrate 50ml. A vitamins and supplements product. Supplied as 50ml.,No regulation
simple,0033984027725,Solgar Ultimate B+C Complex 90 Tablets,0,0,0,23.99,taxable,,Vitamins,Solgar Ultimate B+C Complex 90 Tablets. A vitamins and supplements product. Supplied as 90 Tablets.,No regulation
simple,5060203796303,Terranova ResveraSol Resveratrol Complex 50 Veg Capsules,0,0,0,23.99,taxable,,Vitamins,Terranova ResveraSol Resveratrol Complex 50 Veg Capsules. A vitamins and supplements product.,No regulation
simple,4005900990297,Eucerin Anti-Age Hyaluron Filler with SPF15 Day Refill 50ml,0,0,0,23.99,taxable,,Skincare,Eucerin Anti-Age Hyaluron Filler with SPF15 Day Refill 50ml. A skincare product. Supplied as 50ml.,No regulation
simple,3574660478518,Nicorette Original Gum 2mg 210 Pack,0,0,0,23.99,taxable,reduced-rate,Stop Smoking,Nicorette Original Gum 2mg 210 Pack. A stop-smoking product. Supplied as 210 Pack.,GSL
simple,5060150090134,Dermacool 1% Menthol In Aqueous Cream 500g,0,0,0,23.99,taxable,,Skincare,Dermacool 1% Menthol In Aqueous Cream 500g. A skincare product. Supplied as 500g.,GSL
simple,5031013103056,Higher Nature Aeterna Gold Collagen Crème Serum 50ml,0,0,0,23.99,taxable,,Skincare,Higher Nature Aeterna Gold Collagen Crème Serum 50ml. A skincare product. Supplied as 50ml.,No regulation
simple,5060018515632,KIKI Health Ionic Iron Liquid Concentrate 50ml,0,0,0,23.99,taxable,,Vitamins,KIKI Health Ionic Iron Liquid Concentrate 50ml. A vitamins and supplements product. Supplied as 50ml.,No regulation
simple,0033984023352,Solgar Resveratrol 100mg 60 Capsules,0,0,0,23.99,taxable,,Vitamins,Solgar Resveratrol 100mg 60 Capsules. A vitamins and supplements product. Supplied as 60 Capsules.,No regulation
simple,5060203792381,"Terranova Cordyceps, Rhodiola & Ginseng Powder 30g",0,0,0,23.99,taxable,,Vitamins,"Terranova Cordyceps, Rhodiola & Ginseng Powder 30g. A vitamins and supplements product. Supplied as 30g.",No regulation
simple,4103040043740,Sebamed Liquid Face & Body Wash 1l,0,0,0,23.99,taxable,,Skincare,Sebamed Liquid Face & Body Wash 1l. A skincare product. Supplied as 1l.,No regulation
simple,0753950004085,Doctor's Best High Absorption Magnesium Powder 200g,0,0,0,23.99,taxable,,Vitamins,Doctor's Best High Absorption Magnesium Powder 200g. A vitamins and supplements product. Supplied as 200g.,No regulation
simple,8809663751616,Mizon Snail Repair Intensive Essence 100ml,0,0,0,23.99,taxable,,Beauty,Mizon Snail Repair Intensive Essence 100ml. A health and beauty product. Supplied as 100ml.,No regulation
simple,5060099032318,Odylique Lavender Hydrating Shampoo 500ml,0,0,0,23.99,taxable,,Hair Care,Odylique Lavender Hydrating Shampoo 500ml. A hair care product. Supplied as 500ml.,No regulation
simple,5027314498229,Bio-Kult Boosted Extra Strength 30,0,0,0,23.98,taxable,,Vitamins,Bio-Kult Boosted Extra Strength 30. A vitamins and supplements product.,No regulation
simple,5031013104886,Higher Nature Vitamin C Powder 180g,0,0,0,23.95,taxable,,Vitamins,Higher Nature Vitamin C Powder 180g. A vitamins and supplements product. Supplied as 180g.,No regulation
simple,5031013100475,Higher Nature Menophase 90 Capsules,0,0,0,23.95,taxable,,Vitamins,Higher Nature Menophase 90 Capsules. A vitamins and supplements product. Supplied as 90 Capsules.,No regulation
simple,5031013108853,Higher Nature High Strength B Complex 90 Capsules,0,0,0,23.95,taxable,,Vitamins,Higher Nature High Strength B Complex 90 Capsules. A vitamins and supplements product. Supplied as 90 Capsules.,No regulation
simple,5031013108570,Higher Nature Pro-Intensive Extra 30 Capsules,0,0,0,23.95,taxable,,Vitamins,Higher Nature Pro-Intensive Extra 30 Capsules. A vitamins and supplements product. Supplied as 30 Capsules.,No regulation
simple,5031013104756,Higher Nature Immune Plus 180 Tablets,0,0,0,23.95,taxable,,Vitamins,Higher Nature Immune Plus 180 Tablets. A vitamins and supplements product. Supplied as 180 Tablets.,No regulation
simple,5060258390013,"Pro D3 10,000IU Weekly Dose 30 Capsules",0,0,0,23.89,taxable,,Vitamins,"Pro D3 10,000IU Weekly Dose 30 Capsules. A vitamins and supplements product. Supplied as 30 Capsules.",No regulation
simple,0074312002656,Nature's Bounty Q-Sorb Coq-10 30mg with L-Carnitine 60 Pack,0,0,0,23.89,taxable,,General Health,Nature's Bounty Q-Sorb Coq-10 30mg with L-Carnitine 60 Pack. A health and wellbeing product. Supplied as 60 Pack.,No regulation
simple,5031013102608,Higher Nature Neversnore 90 Capsules,0,0,0,23.89,taxable,,Vitamins,Higher Nature Neversnore 90 Capsules. A vitamins and supplements product. Supplied as 90 Capsules.,No regulation
simple,5060193642659,Bloom & Blossom You've Got This Mama Pregnancy Gift Set,0,0,0,23.89,taxable,,Beauty,Bloom & Blossom You've Got This Mama Pregnancy Gift Set. A health and beauty product.,No regulation
simple,5060099030086,Odylique Avocado 24H Replenishing Cream 50ml,0,0,0,23.89,taxable,,Skincare,Odylique Avocado 24H Replenishing Cream 50ml. A skincare product. Supplied as 50ml.,No regulation
simple,0634158940415,Planet Paleo Pure Collagen Cacao Magic 15 Sachets,0,0,0,23.89,taxable,,Vitamins,Planet Paleo Pure Collagen Cacao Magic 15 Sachets. A vitamins and supplements product. Supplied as 15 Sachets.,No regulation
simple,5055148410377,Lamberts Co Enzyme Q 10 100mg 60 Capsules,0,0,0,23.89,taxable,,Vitamins,Lamberts Co Enzyme Q 10 100mg 60 Capsules. A vitamins and supplements product. Supplied as 60 Capsules.,No regulation
simple,3337875542647,Sanoflore Regard Hypnotica Cream 15ml,0,0,0,23.79,taxable,,Skincare,Sanoflore Regard Hypnotica Cream 15ml. A skincare product. Supplied as 15ml.,No regulation
simple,0033984003149,Solgar Biotin 5000µg 100 Capsules,0,0,0,23.79,taxable,,Vitamins,Solgar Biotin 5000µg 100 Capsules. A vitamins and supplements product. Supplied as 100 Capsules.,No regulation
simple,5060202180356,Cytoplan Multi B Extra 60 Tablets,0,0,0,23.79,taxable,,Vitamins,Cytoplan Multi B Extra 60 Tablets. A vitamins and supplements product. Supplied as 60 Tablets.,No regulation
simple,0033984007376,Solgar Advanced Acidophilus Plus 120 Capsules,0,0,0,23.79,taxable,,Vitamins,Solgar Advanced Acidophilus Plus 120 Capsules. A vitamins and supplements product. Supplied as 120 Capsules.,No regulation
simple,0634158940392,Planet Paleo Pure Collagen Matcha Latte 15 Sachets,0,0,0,23.79,taxable,,Vitamins,Planet Paleo Pure Collagen Matcha Latte 15 Sachets. A vitamins and supplements product. Supplied as 15 Sachets.,No regulation
simple,8445290903877,Minami MorEPA Cholesterol 60 Softgels,0,0,0,23.69,taxable,,Vitamins,Minami MorEPA Cholesterol 60 Softgels. A vitamins and supplements product. Supplied as 60 Softgels.,No regulation
simple,4251778100041,Eucerin Sun Actinic Control Md SPF100 80ml,0,0,0,23.59,taxable,,Skincare,Eucerin Sun Actinic Control Md SPF100 80ml. A skincare product. Supplied as 80ml.,No regulation
simple,7391325533339,"Nutri Advanced Eskimo-3 Healthy Kids Omega-3, 6 & 9 + Vitamin D 210ml",0,0,0,23.59,taxable,,Vitamins,"Nutri Advanced Eskimo-3 Healthy Kids Omega-3, 6 & 9 + Vitamin D 210ml. A vitamins and supplements product. Supplied as 210ml.",No regulation
simple,4005800045578,Eucerin Hyaluron-Filler Eye Cream 15ml,0,0,0,23.49,taxable,,Skincare,Eucerin Hyaluron-Filler Eye Cream 15ml. A skincare product. Supplied as 15ml.,No regulation
simple,3282779310741,Avène Antirougeurs Fort Relief Concentrate for Chronic Redness 30ml,0,0,0,23.49,taxable,,General Health,Avène Antirougeurs Fort Relief Concentrate for Chronic Redness 30ml. A health and wellbeing product. Supplied as 30ml.,No regulation
simple,5011309580112,Hedrin Liquid 250ml,0,0,0,23.49,taxable,,General Health,Hedrin Liquid 250ml. A health and wellbeing product. Supplied as 250ml.,No regulation
simple,5060203790684,Terranova Digestive Enzyme Complex 100 Capsules,0,0,0,23.49,taxable,,Vitamins,Terranova Digestive Enzyme Complex 100 Capsules. A vitamins and supplements product. Supplied as 100 Capsules.,No regulation
simple,8009722003780,Otoact Ear Cleansing Solution 100ml,0,0,0,23.49,taxable,,Skincare,Otoact Ear Cleansing Solution 100ml. A skincare product. Supplied as 100ml.,No regulation
simple,5060519144010,Pukka Wholistic Shatavari 60 Capsules,0,0,0,23.49,taxable,,Vitamins,Pukka Wholistic Shatavari 60 Capsules. A vitamins and supplements product. Supplied as 60 Capsules.,No regulation
simple,8806158552574,SIORIS My First Essener 100ml,0,0,0,23.49,taxable,,General Health,SIORIS My First Essener 100ml. A health and wellbeing product. Supplied as 100ml.,No regulation
simple,5707725600304,Nourkrin Serum for Hair Growth 30ml,0,0,0,23.49,taxable,,Hair Care,Nourkrin Serum for Hair Growth 30ml. A hair care product. Supplied as 30ml.,No regulation
simple,5060150090325,Dermacool 0.5% Menthol Aqueous Cream 500g,0,0,0,23.49,taxable,,Skincare,Dermacool 0.5% Menthol Aqueous Cream 500g. A skincare product. Supplied as 500g.,No regulation
simple,3666057125669,Clarins One Step Gentle Exfoliating Cleanser 125ml,0,0,0,23.49,taxable,,Skincare,Clarins One Step Gentle Exfoliating Cleanser 125ml. A skincare product. Supplied as 125ml.,No regulation
simple,5060776980536,DR.VEGAN Hair Saviour 60 Capsules,0,0,0,23.49,taxable,,Hair Care,DR.VEGAN Hair Saviour 60 Capsules. A hair care product. Supplied as 60 Capsules.,No regulation
simple,5021265223305,Vitabiotics Perfectil 90 Tablets,0,0,0,23.49,taxable,,Vitamins,Vitabiotics Perfectil 90 Tablets. A vitamins and supplements product. Supplied as 90 Tablets.,No regulation
simple,3661103003298,Frontline Spot On for Cats 3 Pack,0,0,0,23.49,taxable,,Pet Care,Frontline Spot On for Cats 3 Pack. A pet care product. Supplied as 3 Pack.,No regulation
simple,3411113007348,Douxo S3 Seb Shampoo 200ml,0,0,0,23.49,taxable,,Hair Care,Douxo S3 Seb Shampoo 200ml. A hair care product. Supplied as 200ml.,No regulation
simple,5060673980271,Dayonix Irofix 30 Capsules,0,0,0,23.39,taxable,,Vitamins,Dayonix Irofix 30 Capsules. A vitamins and supplements product. Supplied as 30 Capsules.,No regulation
simple,5010123725952,Nicorette Freshmint Gum 2mg 210 Pack,0,0,0,23.39,taxable,reduced-rate,Stop Smoking,Nicorette Freshmint Gum 2mg 210 Pack. A stop-smoking product. Supplied as 210 Pack.,GSL
simple,5060673980059,Dayonix Irofix Syrup 150ml,0,0,0,23.39,taxable,,General Health,Dayonix Irofix Syrup 150ml. A health and wellbeing product. Supplied as 150ml.,No regulation
simple,3401344908576,Bioderma White Objective Serum 30ml,0,0,0,23.39,taxable,,Skincare,Bioderma White Objective Serum 30ml. A skincare product. Supplied as 30ml.,No regulation
simple,5065000523732,Pukka Clean Chlorella 400 Tablets,0,0,0,23.29,taxable,,Vitamins,Pukka Clean Chlorella 400 Tablets. A vitamins and supplements product. Supplied as 400 Tablets.,No regulation
simple,5031013100802,Higher Nature True Food Calcium & Magnesium 120 Tablets,0,0,0,23.29,taxable,,Vitamins,Higher Nature True Food Calcium & Magnesium 120 Tablets. A vitamins and supplements product. Supplied as 120 Tablets.,No regulation
simple,0850005892021,Vital Proteins Collagen Coconut Creamer 293g,0,0,0,23.29,taxable,,Skincare,Vital Proteins Collagen Coconut Creamer 293g. A skincare product. Supplied as 293g.,No regulation
simple,5016695008417,Vardenafil Mylan 20mg 4 Tablets,0,0,0,23.29,taxable,zero-rate,Sexual Wellness,"Vardenafil Mylan 20mg 4 Tablets. Prescription-only medicine, supplied after an online consultation with our pharmacist. Always read the label and any leaflet supplied. If symptoms persist, speak to your pharmacist or doctor. Supplied as 4 Tablets.",P
simple,5051594006843,Aptamil Milk Anti Reflux From Birth 800g,0,0,0,23.19,taxable,zero-rate,Baby & Child,Aptamil Milk Anti Reflux From Birth 800g. A baby and child product. Supplied as 800g.,No regulation
simple,5065000523718,Pukka Essential Spirulina 400 Tablets,0,0,0,23.19,taxable,,Vitamins,Pukka Essential Spirulina 400 Tablets. A vitamins and supplements product. Supplied as 400 Tablets.,No regulation
simple,0033984007840,Solgar Ultimate Calm 30 Tablets,0,0,0,23.19,taxable,,Vitamins,Solgar Ultimate Calm 30 Tablets. A vitamins and supplements product. Supplied as 30 Tablets.,No regulation
simple,5391500070804,Udo's Choice Super 8 30 Vegecaps,0,0,0,23.09,taxable,,General Health,Udo's Choice Super 8 30 Vegecaps. A health and wellbeing product.,No regulation
simple,7350082941153,Swiss Clinic C Loves E+ 30 ml,0,0,0,23.09,taxable,,General Health,Swiss Clinic C Loves E+ 30 ml. A health and wellbeing product. Supplied as 30 ml.,No regulation
simple,3282770149432,Klorane Quinine Hair Strengthening Serum 100ml,0,0,0,23.09,taxable,,Hair Care,Klorane Quinine Hair Strengthening Serum 100ml. A hair care product. Supplied as 100ml.,No regulation
simple,8809581075351,Beaudiani Moist Cream 50ml,0,0,0,23.09,taxable,,Skincare,Beaudiani Moist Cream 50ml. A skincare product. Supplied as 50ml.,No regulation
simple,0658556117064,Mushrooms For Life Organic Myco-Qi 60 Capsules,0,0,0,22.99,taxable,,Vitamins,Mushrooms For Life Organic Myco-Qi 60 Capsules. A vitamins and supplements product. Supplied as 60 Capsules.,No regulation
simple,5070000991252,R.Y.M. Magnesium Bisglycinate 1500mg 120 Capsules,0,0,0,22.99,taxable,,Vitamins,R.Y.M. Magnesium Bisglycinate 1500mg 120 Capsules. A vitamins and supplements product. Supplied as 120 Capsules.,No regulation
simple,8700216356619,Seven Seas Cod Liver Oil Max Strength 450ml,0,0,0,22.99,taxable,,Vitamins,Seven Seas Cod Liver Oil Max Strength 450ml. A vitamins and supplements product. Supplied as 450ml.,No regulation
simple,5060086610710,Optibac Probiotics One Week Flat 28 Sachets,0,0,0,22.99,taxable,,Digestive,"Optibac Probiotics One Week Flat 28 Sachets. Always read the label and any leaflet supplied. If symptoms persist, speak to your pharmacist or doctor. Supplied as 28 Sachets.",No regulation
simple,5034511004153,Green People Purifying Face Mask 50ml,0,0,0,22.99,taxable,,Skincare,Green People Purifying Face Mask 50ml. A skincare product. Supplied as 50ml.,No regulation
simple,5060203793289,Terranova Ginseng 500mg 50 Pack,0,0,0,22.99,taxable,,Vitamins,Terranova Ginseng 500mg 50 Pack. A vitamins and supplements product. Supplied as 50 Pack.,No regulation
simple,8809587521807,Mizon Snail Repair Intensive Gold Eye 84g 60 Patches,0,0,0,22.99,taxable,,Beauty,Mizon Snail Repair Intensive Gold Eye 84g 60 Patches. A health and beauty product. Supplied as 60 Patches.,No regulation
simple,5038483844397,Scholl Softgrip C2 Compression Hosiery Medium Natural,0,0,0,22.99,taxable,,Supports & Braces,Scholl Softgrip C2 Compression Hosiery Medium Natural. A support and mobility product.,No regulation
simple,5060099030079,Odylique Timeless Rose Moisturiser 50ml,0,0,0,22.99,taxable,,Skincare,Odylique Timeless Rose Moisturiser 50ml. A skincare product. Supplied as 50ml.,No regulation
simple,5060203794927,Terranova Mushroom Complex (Fermented) 50's,0,0,0,22.99,taxable,,Vitamins,Terranova Mushroom Complex (Fermented) 50's. A vitamins and supplements product.,No regulation
simple,3282770100297,Avène Hydrance Intense Serum 30ml,0,0,0,22.99,taxable,,Skincare,Avène Hydrance Intense Serum 30ml. A skincare product. Supplied as 30ml.,No regulation
simple,3282770203493,Avène Hydrance Aqua Gel 50ml,0,0,0,22.99,taxable,,Skincare,Avène Hydrance Aqua Gel 50ml. A skincare product. Supplied as 50ml.,No regulation
simple,0054402290552,Australian Gold Instant Sunless Spray 177ml,0,0,0,22.99,taxable,,Beauty,Australian Gold Instant Sunless Spray 177ml. A health and beauty product. Supplied as 177ml.,No regulation
simple,5060035247387,Spasmonal 100 Capsules,0,0,0,22.99,taxable,,Prescription Medicines,"Spasmonal 100 Capsules. Prescription-only medicine, supplied after an online consultation with our pharmacist. Always read the label and any leaflet supplied. If symptoms persist, speak to your pharmacist or doctor. Supplied as 100 Capsules.",P
simple,9335955004850,MooGoo Argireline Amplified Peptide Anti-Ageing Active Serum 25ml,0,0,0,22.99,taxable,,Skincare,MooGoo Argireline Amplified Peptide Anti-Ageing Active Serum 25ml. A skincare product. Supplied as 25ml.,No regulation
simple,5391531561500,Spotlight Oral Care Graphite Grey Replacement Sonic Heads,0,0,0,22.99,taxable,,Oral Care,Spotlight Oral Care Graphite Grey Replacement Sonic Heads. An oral care product.,No regulation
simple,8809083996284,Sioris A Calming Day Ampoule 35ml,0,0,0,22.99,taxable,,General Health,Sioris A Calming Day Ampoule 35ml. A health and wellbeing product. Supplied as 35ml.,No regulation
simple,9335955002986,MooGoo Milk Wash 1L,0,0,0,22.99,taxable,,Beauty,MooGoo Milk Wash 1L. A health and beauty product. Supplied as 1L.,No regulation
simple,0033984000575,Solgar Alpha-Lipoic Acid 120mg 60 Capsules,0,0,0,22.99,taxable,,Vitamins,Solgar Alpha-Lipoic Acid 120mg 60 Capsules. A vitamins and supplements product. Supplied as 60 Capsules.,No regulation
simple,5060571822253,The Good Guru Shilajit Resin 30g,0,0,0,22.99,taxable,,General Health,The Good Guru Shilajit Resin 30g. A health and wellbeing product. Supplied as 30g.,No regulation
simple,0033984024014,Solgar Vitamin C 1000mg with Rose Hips 250 Tablets,0,0,0,22.99,taxable,,Vitamins,Solgar Vitamin C 1000mg with Rose Hips 250 Tablets. A vitamins and supplements product. Supplied as 250 Tablets.,No regulation
simple,0658556025055,Planet Paleo Keto Collagen 220g,0,0,0,22.99,taxable,,Vitamins,Planet Paleo Keto Collagen 220g. A vitamins and supplements product. Supplied as 220g.,No regulation
simple,8809514550009,Rated Green Real Shea Butter Nourishing Shampoo 400ml,0,0,0,22.99,taxable,,Hair Care,Rated Green Real Shea Butter Nourishing Shampoo 400ml. A hair care product. Supplied as 400ml.,No regulation
simple,3282779351225,Avène Tolérance Moisturising & Calming 3-step Routine for Very Sensitive Skin,0,0,0,22.99,taxable,,Skincare,Avène Tolérance Moisturising & Calming 3-step Routine for Very Sensitive Skin. A skincare product.,No regulation
simple,0658556024713,Living Nutrition Organic Fermented Passion Flower 60 Capsules,0,0,0,22.99,taxable,,Vitamins,Living Nutrition Organic Fermented Passion Flower 60 Capsules. A vitamins and supplements product. Supplied as 60 Capsules.,No regulation
simple,3830074580996,Manuka Health MGO 100+ Pure Manuka Honey 250g,0,0,0,22.99,taxable,zero-rate,General Health,Manuka Health MGO 100+ Pure Manuka Honey 250g. A health and wellbeing product. Supplied as 250g.,No regulation
simple,3282770388954,Avène Hydrance Booster Serum 30ml,0,0,0,22.99,taxable,,Skincare,Avène Hydrance Booster Serum 30ml. A skincare product. Supplied as 30ml.,No regulation
simple,0658556024652,Living Nutrition Your Flora Tranquil 60 Capsules,0,0,0,22.99,taxable,,Vitamins,Living Nutrition Your Flora Tranquil 60 Capsules. A vitamins and supplements product. Supplied as 60 Capsules.,No regulation
simple,8809447251394,Dr.Althea Resveratrol 345 Na Intensive Repair Cream 50ml,0,0,0,22.99,taxable,,Skincare,Dr.Althea Resveratrol 345 Na Intensive Repair Cream 50ml. A skincare product. Supplied as 50ml.,No regulation
simple,0658556024928,Planet Paleo Pure Collagen 225g,0,0,0,22.99,taxable,,Vitamins,Planet Paleo Pure Collagen 225g. A vitamins and supplements product. Supplied as 225g.,No regulation
simple,5000167032598,Balneum Plus Cream Urea Lauromacrogols 500g,0,0,0,22.99,taxable,,Skincare,Balneum Plus Cream Urea Lauromacrogols 500g. A skincare product. Supplied as 500g.,GSL
simple,9335955000005,MooGoo Natural 2-in-1 Bubbly Wash 1L,0,0,0,22.99,taxable,,Beauty,MooGoo Natural 2-in-1 Bubbly Wash 1L. A health and beauty product. Supplied as 1L.,No regulation
simple,3666057216886,Clarins Cleansing Micellar Water 200ml,0,0,0,22.99,taxable,,Skincare,Clarins Cleansing Micellar Water 200ml. A skincare product. Supplied as 200ml.,No regulation
simple,3380810199802,Clarins Body Smoothing Moisture Milk 400ml,0,0,0,22.99,taxable,,Skincare,Clarins Body Smoothing Moisture Milk 400ml. A skincare product. Supplied as 400ml.,No regulation
simple,5060203790073,Terranova Coq10 100mg Complex 50 Pack,0,0,0,22.99,taxable,,Vitamins,Terranova Coq10 100mg Complex 50 Pack. A vitamins and supplements product. Supplied as 50 Pack.,No regulation
simple,3380810449068,Clarins Self Tanning Face Radiance Plus Glow Booster 15ml,0,0,0,22.99,taxable,,Skincare,Clarins Self Tanning Face Radiance Plus Glow Booster 15ml. A skincare product. Supplied as 15ml.,No regulation
simple,5012748615342,Movicol Plain 50 Sachets,0,0,0,22.99,taxable,,Prescription Medicines,"Movicol Plain 50 Sachets. Prescription-only medicine, supplied after an online consultation with our pharmacist. Always read the label and any leaflet supplied. If symptoms persist, speak to your pharmacist or doctor. Supplied as 50 Sachets.",P
simple,0739090024824,Imidaflea 400mg Spot-On Solution >25kg 3 x 4.0ml,0,0,0,22.99,taxable,,Pet Care,Imidaflea 400mg Spot-On Solution >25kg 3 x 4.0ml. A pet care product. Supplied as 3 x 4.0ml.,GSL
simple,5060086610475,Optibac Probiotics for Travelling Abroad 60 Capsules,0,0,0,22.99,taxable,,Digestive,"Optibac Probiotics for Travelling Abroad 60 Capsules. Always read the label and any leaflet supplied. If symptoms persist, speak to your pharmacist or doctor. Supplied as 60 Capsules.",No regulation
simple,5012917012187,Frontline Plus Spot On for Cats and Ferrets 3 Pack,0,0,0,22.99,taxable,,Pet Care,Frontline Plus Spot On for Cats and Ferrets 3 Pack. A pet care product. Supplied as 3 Pack.,No regulation
simple,5060035247400,Spasmonal Forte 120mg 60 Capsules,0,0,0,22.99,taxable,,Prescription Medicines,"Spasmonal Forte 120mg 60 Capsules. Prescription-only medicine, supplied after an online consultation with our pharmacist. Always read the label and any leaflet supplied. If symptoms persist, speak to your pharmacist or doctor. Supplied as 60 Capsules.",P
simple,8809684560624,Milk Touch Hedera Helix Collagen 5 Mask pack,0,0,0,22.99,taxable,,Skincare,Milk Touch Hedera Helix Collagen 5 Mask pack. A skincare product.,No regulation
simple,9335955004515,MooGoo Full Cream Moisturiser 500g,0,0,0,22.99,taxable,,Skincare,MooGoo Full Cream Moisturiser 500g. A skincare product. Supplied as 500g.,No regulation
simple,0083000009013,Nature's Answer Turmeric-3 30ml,0,0,0,22.99,taxable,,Vitamins,Nature's Answer Turmeric-3 30ml. A vitamins and supplements product. Supplied as 30ml.,No regulation
simple,5060571822468,The Good Guru Organic Ashwagandha KSM-66 90 Capsules,0,0,0,22.99,taxable,,Vitamins,The Good Guru Organic Ashwagandha KSM-66 90 Capsules. A vitamins and supplements product. Supplied as 90 Capsules.,No regulation
simple,7610313405305,A.Vogel Prostasan Saw Palmetto Capsules 30 Pack,0,0,0,22.99,taxable,,Vitamins,A.Vogel Prostasan Saw Palmetto Capsules 30 Pack. A vitamins and supplements product. Supplied as 30 Pack.,No regulation
simple,9335955004157,MooGoo Moisturising SPF 15 Day Cream 75g,0,0,0,22.99,taxable,,Skincare,MooGoo Moisturising SPF 15 Day Cream 75g. A skincare product. Supplied as 75g.,No regulation
simple,5020465201397,Curanail 5% Medicated Nail Lacquer 3ml,0,0,0,22.99,taxable,,Beauty,Curanail 5% Medicated Nail Lacquer 3ml. A health and beauty product. Supplied as 3ml.,GSL
simple,0013964127447,Mad Hippie Eye Cream 15ml,0,0,0,22.99,taxable,,Skincare,Mad Hippie Eye Cream 15ml. A skincare product. Supplied as 15ml.,No regulation
simple,5012616265884,Niquitin Minis 100 Pack 1.5mg,0,0,0,22.99,taxable,reduced-rate,Stop Smoking,Niquitin Minis 100 Pack 1.5mg. A stop-smoking product. Supplied as 1.5mg.,GSL
simple,5060571723178,UpCircle Shampoo Crème with Coconut & Rosemary Oil - Jumbo Size 150ml,0,0,0,22.95,taxable,,Hair Care,UpCircle Shampoo Crème with Coconut & Rosemary Oil - Jumbo Size 150ml. A hair care product. Supplied as 150ml.,No regulation
simple,5060571723185,UpCircle Conditioner Crème with Rosemary Oil - Jumbo Size 150ml,0,0,0,22.95,taxable,,Hair Care,UpCircle Conditioner Crème with Rosemary Oil - Jumbo Size 150ml. A hair care product. Supplied as 150ml.,No regulation
simple,5031013102691,Higher Nature Candiclear 90 Tablets,0,0,0,22.95,taxable,,Vitamins,Higher Nature Candiclear 90 Tablets. A vitamins and supplements product. Supplied as 90 Tablets.,No regulation
simple,5031013108877,Higher Nature Atlantic Marine Magnesium 90 Vegan Capsules,0,0,0,22.95,taxable,,Vitamins,Higher Nature Atlantic Marine Magnesium 90 Vegan Capsules. A vitamins and supplements product.,No regulation
simple,5031013102479,Higher Nature Colloidal Silver 100ml,0,0,0,22.95,taxable,,Vitamins,Higher Nature Colloidal Silver 100ml. A vitamins and supplements product. Supplied as 100ml.,No regulation
simple,0033984362130,Solgar Cherry Turmeric Complex 60 Capsules,0,0,0,22.89,taxable,,Vitamins,Solgar Cherry Turmeric Complex 60 Capsules. A vitamins and supplements product. Supplied as 60 Capsules.,No regulation
simple,5060018515649,KIKI Health Organic Wheatgrass Juice Powder 120g,0,0,0,22.89,taxable,,Vitamins,KIKI Health Organic Wheatgrass Juice Powder 120g. A vitamins and supplements product. Supplied as 120g.,No regulation
simple,3333333333338,Paxonomy Washable High Filtration Face Mask White with Pouch,0,0,0,22.89,taxable,,Skincare,Paxonomy Washable High Filtration Face Mask White with Pouch. A skincare product.,No regulation
simple,5060018511436,KIKI Health Organic Premium Spirulina Powder 200g,0,0,0,22.89,taxable,,Vitamins,KIKI Health Organic Premium Spirulina Powder 200g. A vitamins and supplements product. Supplied as 200g.,No regulation
simple,5060018515540,KIKI Health Collagen Peptides 150 Vegicaps,0,0,0,22.89,taxable,,Vitamins,KIKI Health Collagen Peptides 150 Vegicaps. A vitamins and supplements product.,No regulation
simple,1221122112214,Paxonomy Washable High Filtration Face Mask Navy with Pouch,0,0,0,22.89,taxable,,Skincare,Paxonomy Washable High Filtration Face Mask Navy with Pouch. A skincare product.,No regulation
simple,0033984011823,Solgar Formula VM-75 Extra Potency Multivitamins 90 Tablets,0,0,0,22.89,taxable,,Vitamins,Solgar Formula VM-75 Extra Potency Multivitamins 90 Tablets. A vitamins and supplements product. Supplied as 90 Tablets.,No regulation
simple,0033984169876,Solgar Ester-C Plus 1000mg Vitamin C 90 Capsules,0,0,0,22.89,taxable,,Vitamins,Solgar Ester-C Plus 1000mg Vitamin C 90 Capsules. A vitamins and supplements product. Supplied as 90 Capsules.,No regulation
simple,8809990007479,Skybottle Viva La Pink Perfumed Body Lotion 240ml,0,0,0,22.89,taxable,,Skincare,Skybottle Viva La Pink Perfumed Body Lotion 240ml. A skincare product. Supplied as 240ml.,No regulation
simple,1456953859131,Paxonomy Washable High Filtration Face Mask Black with Pouch,0,0,0,22.89,taxable,,Skincare,Paxonomy Washable High Filtration Face Mask Black with Pouch. A skincare product.,No regulation
simple,1212121212128,Paxonomy Washable High Filtration Face Mask Grey with Pouch,0,0,0,22.89,taxable,,Skincare,Paxonomy Washable High Filtration Face Mask Grey with Pouch. A skincare product.,No regulation
simple,9335955005598,MooGoo Natural Tanning Mouse & Mitt,0,0,0,22.89,taxable,,General Health,MooGoo Natural Tanning Mouse & Mitt. A health and wellbeing product.,No regulation
simple,5407007650002,Bambaw Metal Safety Razor Black + Stand,0,0,0,22.79,taxable,,Men's Grooming,Bambaw Metal Safety Razor Black + Stand. A men's grooming product.,No regulation
simple,5407007651191,Bambaw Metal Safety Razor Red + Stand,0,0,0,22.79,taxable,,Men's Grooming,Bambaw Metal Safety Razor Red + Stand. A men's grooming product.,No regulation
simple,9314839019715,Sun Sense SPF 50+ Daily Face Cream 100ml,0,0,0,22.79,taxable,,Skincare,Sun Sense SPF 50+ Daily Face Cream 100ml. A skincare product. Supplied as 100ml.,No regulation
simple,5023652363069,Nature's Aid Pro 30-Max 60 Capsules,0,0,0,22.79,taxable,,Vitamins,Nature's Aid Pro 30-Max 60 Capsules. A vitamins and supplements product. Supplied as 60 Capsules.,No regulation
simple,0033984004320,Solgar Calcium Citrate with Vitamin D3 240 Tablets,0,0,0,22.79,taxable,,Vitamins,Solgar Calcium Citrate with Vitamin D3 240 Tablets. A vitamins and supplements product. Supplied as 240 Tablets.,No regulation
simple,0033984004221,Solgar Earth Source Multi-Nutrient 60 Tablets,0,0,0,22.79,taxable,,Vitamins,Solgar Earth Source Multi-Nutrient 60 Tablets. A vitamins and supplements product. Supplied as 60 Tablets.,No regulation
simple,5430000934992,Bambaw Metal Safety Razor Rose Gold + Stand,0,0,0,22.79,taxable,,Men's Grooming,Bambaw Metal Safety Razor Rose Gold + Stand. A men's grooming product.,No regulation
simple,5407007651177,Bambaw Metal Safety Razor Sea Green + Stand,0,0,0,22.79,taxable,,Men's Grooming,Bambaw Metal Safety Razor Sea Green + Stand. A men's grooming product.,No regulation
simple,0033984011502,"Solgar Formula Vitamin B-Complex ""100"" 100 Capsules",0,0,0,22.69,taxable,,Vitamins,"Solgar Formula Vitamin B-Complex ""100"" 100 Capsules. A vitamins and supplements product. Supplied as 100 Capsules.",No regulation
simple,1210001146457,Viagra Connect 4 Tablets,0,0,0,22.59,taxable,,Sexual Wellness,"Viagra Connect 4 Tablets. Prescription-only medicine, supplied after an online consultation with our pharmacist. Always read the label and any leaflet supplied. If symptoms persist, speak to your pharmacist or doctor. Supplied as 4 Tablets.",P
simple,0753950001299,Doctor's Best Benfotiamine 150 with BenfoPure 150 mg 120 Veggie Capsules,0,0,0,22.59,taxable,,Vitamins,Doctor's Best Benfotiamine 150 with BenfoPure 150 mg 120 Veggie Capsules. A vitamins and supplements product. Supplied as 150 mg.,No regulation
simple,5038483844465,Scholl Softgrip C2 Below The Knee Compression Hosiery Small Black,0,0,0,22.59,taxable,,Supports & Braces,Scholl Softgrip C2 Below The Knee Compression Hosiery Small Black. A support and mobility product.,No regulation
simple,5060069281890,Clearpore Adhesive Dressing 15x10cm 50 Pack,0,0,0,22.49,taxable,,First Aid,"Clearpore Adhesive Dressing 15x10cm 50 Pack. Always read the label and any leaflet supplied. If symptoms persist, speak to your pharmacist or doctor. Supplied as 50 Pack.",No regulation
simple,3282770050103,Avène Cleanance Anti-Blemish KIT,0,0,0,22.49,taxable,,General Health,Avène Cleanance Anti-Blemish KIT. A health and wellbeing product.,No regulation
simple,3411113007294,Douxo S3 Pyo Shampoo 200ml,0,0,0,22.49,taxable,,Hair Care,Douxo S3 Pyo Shampoo 200ml. A hair care product. Supplied as 200ml.,No regulation
simple,5065000523381,Pukka Juicy Wheat Grass Powder 110g,0,0,0,22.49,taxable,,Vitamins,Pukka Juicy Wheat Grass Powder 110g. A vitamins and supplements product. Supplied as 110g.,No regulation
simple,3800219790351,Alteya Organic Rose Otto Day Moisturiser Bio Damascena 50ml,0,0,0,22.49,taxable,,Skincare,Alteya Organic Rose Otto Day Moisturiser Bio Damascena 50ml. A skincare product. Supplied as 50ml.,No regulation
simple,8809663751623,Mizon Snail Repair Intensive Ampoule,0,0,0,22.49,taxable,,Beauty,Mizon Snail Repair Intensive Ampoule. A health and beauty product.,No regulation
simple,5060571720641,UpCircle Safety Razor,0,0,0,22.49,taxable,,Men's Grooming,UpCircle Safety Razor. A men's grooming product.,No regulation
simple,5060018515823,KIKI Health Organic Vitamin C 50 Vegicaps,0,0,0,22.49,taxable,,Vitamins,KIKI Health Organic Vitamin C 50 Vegicaps. A vitamins and supplements product.,No regulation
simple,7322540696219,Tena PROskin Comfort Maxi Pads 28 Pack,0,0,0,22.49,taxable,zero-rate,Continence,Tena PROskin Comfort Maxi Pads 28 Pack. A continence care product. Supplied as 28 Pack.,No regulation
simple,0033984013551,Solgar Grape Seed Extract 100mg 30 Capsules,0,0,0,22.49,taxable,,Vitamins,Solgar Grape Seed Extract 100mg 30 Capsules. A vitamins and supplements product. Supplied as 30 Capsules.,No regulation
simple,3411113007300,Douxo S3 Pyo Mousse Dog 150ml,0,0,0,22.49,taxable,,Pet Care,Douxo S3 Pyo Mousse Dog 150ml. A pet care product. Supplied as 150ml.,No regulation
simple,5010415227270,Tommee Tippee Silicone Bottle 150ml 2 Pack,0,0,0,22.49,taxable,,General Health,Tommee Tippee Silicone Bottle 150ml 2 Pack. A health and wellbeing product. Supplied as 2 Pack.,No regulation
simple,8809566990426,Benton Goodbye Redness Centella Gel 100g,0,0,0,22.49,taxable,,Skincare,Benton Goodbye Redness Centella Gel 100g. A skincare product. Supplied as 100g.,No regulation
simple,5028392002568,Metagenics UltraFlora Everyday Plus 30 Capsules,0,0,0,22.49,taxable,,Vitamins,Metagenics UltraFlora Everyday Plus 30 Capsules. A vitamins and supplements product. Supplied as 30 Capsules.,No regulation
simple,5060203791636,"Terranova Beauty Complex Skin, Hair & Nails 100 Pack",0,0,0,22.49,taxable,,Hair Care,"Terranova Beauty Complex Skin, Hair & Nails 100 Pack. A hair care product. Supplied as 100 Pack.",No regulation
simple,5060018511726,KIKI Health Non-GMO Lecithin Powder 200g,0,0,0,22.49,taxable,,Vitamins,KIKI Health Non-GMO Lecithin Powder 200g. A vitamins and supplements product. Supplied as 200g.,No regulation
simple,5060552880005,Neubria Spark Memory Formula 60 Capsules,0,0,0,22.49,taxable,,Vitamins,Neubria Spark Memory Formula 60 Capsules. A vitamins and supplements product. Supplied as 60 Capsules.,No regulation
simple,0978020137962,Period Delay - Primolut-N 5mg 14 Days Treatment,0,0,0,22.49,taxable,zero-rate,Sexual Wellness,"Period Delay - Primolut-N 5mg 14 Days Treatment. Prescription-only medicine, supplied after an online consultation with our pharmacist. Always read the label and any leaflet supplied. If symptoms persist, speak to your pharmacist or doctor. Supplied as 5mg.",P
simple,5060410574046,Beauty Kitchen SHP+ Bright Eyes Probiotic Serum 30ml,0,0,0,22.49,taxable,,Digestive,"Beauty Kitchen SHP+ Bright Eyes Probiotic Serum 30ml. Always read the label and any leaflet supplied. If symptoms persist, speak to your pharmacist or doctor. Supplied as 30ml.",No regulation
simple,0020714291839,Clinique Anti-Blemish Solutions All-Over Clearing Treatment 50ml,0,0,0,22.49,taxable,,General Health,Clinique Anti-Blemish Solutions All-Over Clearing Treatment 50ml. A health and wellbeing product. Supplied as 50ml.,No regulation
simple,0033984018464,Solgar Neuro-Nutrients 60 Capsules,0,0,0,22.49,taxable,,Vitamins,Solgar Neuro-Nutrients 60 Capsules. A vitamins and supplements product. Supplied as 60 Capsules.,No regulation
simple,3411113007287,Douxo S3 Calm Mousse 150ml,0,0,0,22.49,taxable,,Hair Care,Douxo S3 Calm Mousse 150ml. A hair care product. Supplied as 150ml.,No regulation
simple,5060099031403,Odylique Hydration Heroes Gift Set,0,0,0,22.49,taxable,,Beauty,Odylique Hydration Heroes Gift Set. A health and beauty product.,No regulation
simple,0017854107397,Baylis & Harding Citrus Lime & Mint Invigorating Sliders Gift Set,0,0,0,22.49,taxable,,Beauty,Baylis & Harding Citrus Lime & Mint Invigorating Sliders Gift Set. A health and beauty product.,No regulation
simple,5060410574008,Beauty Kitchen SHP+ High Def Facial Oil 30ml,0,0,0,22.49,taxable,,Skincare,Beauty Kitchen SHP+ High Def Facial Oil 30ml. A skincare product. Supplied as 30ml.,No regulation
simple,5060552880029,Neubria Edge Focus Formula 60 Capsules,0,0,0,22.49,taxable,,Vitamins,Neubria Edge Focus Formula 60 Capsules. A vitamins and supplements product. Supplied as 60 Capsules.,No regulation
simple,5031013104305,Higher Nature Advanced Immune Support 60 Capsules,0,0,0,22.39,taxable,,Supports & Braces,Higher Nature Advanced Immune Support 60 Capsules. A support and mobility product. Supplied as 60 Capsules.,No regulation
simple,7702018273423,Gillette Fusion Proglide Styler Set 5Pc,0,0,0,22.39,taxable,,General Health,Gillette Fusion Proglide Styler Set 5Pc. A health and wellbeing product.,No regulation
simple,0033984027060,Solgar L-Theanine 150mg 60 Capsules,0,0,0,22.39,taxable,,Vitamins,Solgar L-Theanine 150mg 60 Capsules. A vitamins and supplements product. Supplied as 60 Capsules.,No regulation
simple,0033984012950,Solgar Gold Specifics Glucose Factors 60 Tablets,0,0,0,22.39,taxable,,Vitamins,Solgar Gold Specifics Glucose Factors 60 Tablets. A vitamins and supplements product. Supplied as 60 Tablets.,No regulation
simple,7613287212528,Minami DHA+EPA Liquid Omega-3 for Kids + Vitamin D3 100ml,0,0,0,22.39,taxable,,Vitamins,Minami DHA+EPA Liquid Omega-3 for Kids + Vitamin D3 100ml. A vitamins and supplements product. Supplied as 100ml.,No regulation
simple,0658556116951,Mushrooms For Life Organic Cordyceps Perform Full Spectrum Powder 60g,0,0,0,22.39,taxable,,Vitamins,Mushrooms For Life Organic Cordyceps Perform Full Spectrum Powder 60g. A vitamins and supplements product. Supplied as 60g.,No regulation
simple,7350082941139,Swiss Clinic Hyaluronic Filler+ 30 ml,0,0,0,22.39,taxable,,General Health,Swiss Clinic Hyaluronic Filler+ 30 ml. A health and wellbeing product. Supplied as 30 ml.,No regulation
simple,5023652389069,"Nature's Aid Serrapeptase 250,000iu 60 Tablets",0,0,0,22.39,taxable,,Vitamins,"Nature's Aid Serrapeptase 250,000iu 60 Tablets. A vitamins and supplements product. Supplied as 60 Tablets.",No regulation
simple,0634158940408,Planet Paleo Pure Collagen Turmeric Latte 15 Sachets,0,0,0,22.39,taxable,,Vitamins,Planet Paleo Pure Collagen Turmeric Latte 15 Sachets. A vitamins and supplements product. Supplied as 15 Sachets.,No regulation
simple,5430000934978,Bambaw Metal Safety Razor Silver + Stand,0,0,0,22.29,taxable,,Men's Grooming,Bambaw Metal Safety Razor Silver + Stand. A men's grooming product.,No regulation
simple,5060202180776,Cytoplan Biofood Magnesium 100mg 60 Tablets,0,0,0,22.29,taxable,,Vitamins,Cytoplan Biofood Magnesium 100mg 60 Tablets. A vitamins and supplements product. Supplied as 60 Tablets.,No regulation
simple,5012616265457,Niquitin Step 2 Patch 14mg 14 Pack,0,0,0,22.29,taxable,reduced-rate,Stop Smoking,Niquitin Step 2 Patch 14mg 14 Pack. A stop-smoking product. Supplied as 14 Pack.,GSL
simple,0634158940422,Planet Paleo Pure Collagen Keto Coffee 15 Sachets,0,0,0,22.29,taxable,,Vitamins,Planet Paleo Pure Collagen Keto Coffee 15 Sachets. A vitamins and supplements product. Supplied as 15 Sachets.,No regulation
simple,7702018480494,Gillette Fusion 5 Proglide Stainless Razor Gift Set,0,0,0,22.19,taxable,,Men's Grooming,Gillette Fusion 5 Proglide Stainless Razor Gift Set. A men's grooming product.,No regulation
simple,5017353506405,Perrigo Sildenafil 50mg 8 Tablets,0,0,0,22.09,taxable,,Sexual Wellness,"Perrigo Sildenafil 50mg 8 Tablets. Prescription-only medicine, supplied after an online consultation with our pharmacist. Always read the label and any leaflet supplied. If symptoms persist, speak to your pharmacist or doctor. Supplied as 8 Tablets.",P
simple,0773554151053,Infantino Glow In The Dark Cuddly Pal with Teethers Gift Set,0,0,0,22.09,taxable,,Baby & Child,Infantino Glow In The Dark Cuddly Pal with Teethers Gift Set. A baby and child product.,No regulation
simple,0033984033009,Solgar Vitamin C Crystals 125g,0,0,0,22.09,taxable,,Vitamins,Solgar Vitamin C Crystals 125g. A vitamins and supplements product. Supplied as 125g.,No regulation
simple,8009722003971,ICF Clorexyderm 4% Shampoo 200ml,0,0,0,22.09,taxable,,Hair Care,ICF Clorexyderm 4% Shampoo 200ml. A hair care product. Supplied as 200ml.,No regulation
simple,8009722003988,Clorexyderm 4% Spray Solution 200ml,0,0,0,22.09,taxable,,Beauty,Clorexyderm 4% Spray Solution 200ml. A health and beauty product. Supplied as 200ml.,No regulation
simple,0054402250433,Australian Gold Moisture Lock 473ml,0,0,0,21.99,taxable,,Skincare,Australian Gold Moisture Lock 473ml. A skincare product. Supplied as 473ml.,No regulation
simple,0753950002517,Doctor's Best Benfotiamine 150 + Alpha-Lipoic Acid 300 60 Veggie Capsules,0,0,0,21.99,taxable,,Vitamins,Doctor's Best Benfotiamine 150 + Alpha-Lipoic Acid 300 60 Veggie Capsules. A vitamins and supplements product.,No regulation
simple,7322541410937,Tena PROskin Flex Medium Super Pants 30 Pack,0,0,0,21.99,taxable,zero-rate,Continence,Tena PROskin Flex Medium Super Pants 30 Pack. A continence care product. Supplied as 30 Pack.,No regulation
simple,9335955004324,MooGoo Skin Milk Udder Cream 500g,0,0,0,21.99,taxable,,Skincare,MooGoo Skin Milk Udder Cream 500g. A skincare product. Supplied as 500g.,No regulation
simple,7322541405759,Tena PROskin Flex Large Plus Pants 30 Pack,0,0,0,21.99,taxable,zero-rate,Continence,Tena PROskin Flex Large Plus Pants 30 Pack. A continence care product. Supplied as 30 Pack.,No regulation
simple,9335955002979,MooGoo Cream Conditioner 1L,0,0,0,21.99,taxable,,Hair Care,MooGoo Cream Conditioner 1L. A hair care product. Supplied as 1L.,No regulation
simple,7322540647266,Tena PROskin Slip Large Maxi Pants 24 Pack,0,0,0,21.99,taxable,zero-rate,Continence,Tena PROskin Slip Large Maxi Pants 24 Pack. A continence care product. Supplied as 24 Pack.,No regulation
simple,5055757900191,Fushi Adaptogen Energy Mushroom Blend 60 Capsules,0,0,0,21.99,taxable,,Vitamins,Fushi Adaptogen Energy Mushroom Blend 60 Capsules. A vitamins and supplements product. Supplied as 60 Capsules.,No regulation
simple,5060776980109,"DR.VEGAN Brain Fuel Focus, Memory & Cognition 30 Capsules",0,0,0,21.99,taxable,,Vitamins,"DR.VEGAN Brain Fuel Focus, Memory & Cognition 30 Capsules. A vitamins and supplements product. Supplied as 30 Capsules.",No regulation
simple,9335955000203,MooGoo Anti-Ageing Antioxidant Face Cream 75g,0,0,0,21.99,taxable,,Skincare,MooGoo Anti-Ageing Antioxidant Face Cream 75g. A skincare product. Supplied as 75g.,No regulation
simple,5012616266195,Niquitin Minis 100 Pack 4mg,0,0,0,21.99,taxable,reduced-rate,Stop Smoking,Niquitin Minis 100 Pack 4mg. A stop-smoking product. Supplied as 4mg.,GSL
simple,5020465201762,Cetaphil Pro Tinted Moisturising Day Cream SPF 30 50ml,0,0,0,21.99,taxable,,Skincare,Cetaphil Pro Tinted Moisturising Day Cream SPF 30 50ml. A skincare product. Supplied as 50ml.,No regulation
simple,0658556024560,Living Nutrition Organic Fermented Maca 60 Capsules,0,0,0,21.99,taxable,,Vitamins,Living Nutrition Organic Fermented Maca 60 Capsules. A vitamins and supplements product. Supplied as 60 Capsules.,No regulation
simple,5060571822956,The Good Guru Advanced CoQ10 100mg 60 Capsules,0,0,0,21.99,taxable,,Vitamins,The Good Guru Advanced CoQ10 100mg 60 Capsules. A vitamins and supplements product. Supplied as 60 Capsules.,No regulation
simple,5060776980932,DR.VEGAN Women's ProMulti 60 Capsules,0,0,0,21.99,taxable,,Women's Health,DR.VEGAN Women's ProMulti 60 Capsules. A women's health product. Supplied as 60 Capsules.,No regulation
simple,9335955001941,MooGoo Ascorbyl Tetraisopalmitate (Vitamin C) 3% Brightening Active Serum 25ml,0,0,0,21.99,taxable,,Skincare,MooGoo Ascorbyl Tetraisopalmitate (Vitamin C) 3% Brightening Active Serum 25ml. A skincare product. Supplied as 25ml.,No regulation
simple,5060202184804,Cytoplan Cytoprotect Hair Skin & Nails 60 capsules,0,0,0,21.99,taxable,,Hair Care,Cytoplan Cytoprotect Hair Skin & Nails 60 capsules. A hair care product. Supplied as 60 capsules.,No regulation
simple,5023652433069,Nature's Aid Pro-Derma (15 Bill Bac) 60 Capsules,0,0,0,21.99,taxable,,Vitamins,Nature's Aid Pro-Derma (15 Bill Bac) 60 Capsules. A vitamins and supplements product. Supplied as 60 Capsules.,No regulation
simple,0033984004580,Solgar Ultibio Immune 30 Capsules,0,0,0,21.99,taxable,,Vitamins,Solgar Ultibio Immune 30 Capsules. A vitamins and supplements product. Supplied as 30 Capsules.,No regulation
simple,0033984007536,Solgar Advanced 40+ Acidophilus 60 Capsules,0,0,0,21.99,taxable,,Vitamins,Solgar Advanced 40+ Acidophilus 60 Capsules. A vitamins and supplements product. Supplied as 60 Capsules.,No regulation
simple,0054402730188,Australian Gold Botanical SPF50 Tinted Face Lotion Fair to Light 88ml,0,0,0,21.99,taxable,,Skincare,Australian Gold Botanical SPF50 Tinted Face Lotion Fair to Light 88ml. A skincare product. Supplied as 88ml.,No regulation
simple,0658556117217,Mushrooms For Life Organic Chaga 60 Capsules,0,0,0,21.99,taxable,,Vitamins,Mushrooms For Life Organic Chaga 60 Capsules. A vitamins and supplements product. Supplied as 60 Capsules.,No regulation
simple,0658556024577,Living Nutrition Holy Basil Alive 60 Capsules,0,0,0,21.99,taxable,,Vitamins,Living Nutrition Holy Basil Alive 60 Capsules. A vitamins and supplements product. Supplied as 60 Capsules.,No regulation
simple,0658556024690,Living Nutrition Organic Fermented Garlic 60 Capsules,0,0,0,21.99,taxable,,Vitamins,Living Nutrition Organic Fermented Garlic 60 Capsules. A vitamins and supplements product. Supplied as 60 Capsules.,No regulation
simple,0896364002749,Olaplex No.3 Hair Perfector 100ml,0,0,0,21.99,taxable,,Hair Care,Olaplex No.3 Hair Perfector 100ml. A hair care product. Supplied as 100ml.,No regulation
simple,0083000016417,Nature's Answer Perio Cleanse Oral Concentrate,0,0,0,21.99,taxable,,General Health,Nature's Answer Perio Cleanse Oral Concentrate. A health and wellbeing product.,No regulation
simple,5060112866128,Fushi Really Good Cellulite Oil 100ml,0,0,0,21.99,taxable,,Skincare,Fushi Really Good Cellulite Oil 100ml. A skincare product. Supplied as 100ml.,No regulation
simple,0054402720035,Australian Gold Botanical SPF50 Lotion 147ml,0,0,0,21.99,taxable,,Skincare,Australian Gold Botanical SPF50 Lotion 147ml. A skincare product. Supplied as 147ml.,No regulation
simple,3666057042317,Clarins Men Active Face Wash 125ml,0,0,0,21.99,taxable,,Skincare,Clarins Men Active Face Wash 125ml. A skincare product. Supplied as 125ml.,No regulation
simple,8445291269552,Vital Proteins Collagen Peptides 284g,0,0,0,21.99,taxable,,Vitamins,Vital Proteins Collagen Peptides 284g. A vitamins and supplements product. Supplied as 284g.,No regulation
simple,3282770388381,Avène Tinted Mineral Fluid SPF50 40ml,0,0,0,21.99,taxable,,Skincare,Avène Tinted Mineral Fluid SPF50 40ml. A skincare product. Supplied as 40ml.,No regulation
simple,0658556024843,Living Nutrition Organic Fermented Kef-Flamex 60 Capsules,0,0,0,21.99,taxable,,Vitamins,Living Nutrition Organic Fermented Kef-Flamex 60 Capsules. A vitamins and supplements product. Supplied as 60 Capsules.,No regulation
simple,9335955002696,MooGoo Night Restoration Cream 75g,0,0,0,21.99,taxable,,Skincare,MooGoo Night Restoration Cream 75g. A skincare product. Supplied as 75g.,No regulation
simple,5034511006720,Green People Organic Babies Skin Relief Kit,0,0,0,21.99,taxable,,Skincare,Green People Organic Babies Skin Relief Kit. A skincare product.,No regulation
simple,5060410574039,Beauty Kitchen SHP+ Really Radiant Moisturiser 60ml,0,0,0,21.99,taxable,,Skincare,Beauty Kitchen SHP+ Really Radiant Moisturiser 60ml. A skincare product. Supplied as 60ml.,No regulation
simple,4210201200581,Oral B Power Vitality Plus 100 Sensi UltraThin Electric Toothbrush,0,0,0,21.99,taxable,,Oral Care,Oral B Power Vitality Plus 100 Sensi UltraThin Electric Toothbrush. An oral care product.,No regulation
simple,9335955004263,"MooGoo Hyaluronic Acid (2% w/v), Niacinamide (10% w/v) Active Serum",0,0,0,21.99,taxable,,Skincare,"MooGoo Hyaluronic Acid (2% w/v), Niacinamide (10% w/v) Active Serum. A skincare product.",No regulation
simple,0020714352837,Clinique Sun Protection Face Cream with Solar Smart SPF50 50ml,0,0,0,21.99,taxable,,Skincare,Clinique Sun Protection Face Cream with Solar Smart SPF50 50ml. A skincare product. Supplied as 50ml.,No regulation
simple,0016185300057,Neocell Super Collagen Powder 198g,0,0,0,21.99,taxable,,Vitamins,Neocell Super Collagen Powder 198g. A vitamins and supplements product. Supplied as 198g.,No regulation
simple,0033984041431,Solgar Saw Palmetto Berry Extract 60 Capsules,0,0,0,21.99,taxable,,Vitamins,Solgar Saw Palmetto Berry Extract 60 Capsules. A vitamins and supplements product. Supplied as 60 Capsules.,No regulation
simple,0022548436820,DKNY Be Delicious Fresh Blossom Gift Set,0,0,0,21.99,taxable,,Beauty,DKNY Be Delicious Fresh Blossom Gift Set. A health and beauty product.,No regulation
simple,5000477724190,Derbac M Liquid 0.5% w/w Cutaneous Emulsion 150ml,0,0,0,21.99,taxable,,Prescription Medicines,"Derbac M Liquid 0.5% w/w Cutaneous Emulsion 150ml. Prescription-only medicine, supplied after an online consultation with our pharmacist. Always read the label and any leaflet supplied. If symptoms persist, speak to your pharmacist or doctor. Supplied as 150ml.",P
simple,5016870224168,Kinetik Wellbeing Inner Ear Thermometer,0,0,0,21.99,taxable,,First Aid,"Kinetik Wellbeing Inner Ear Thermometer. Always read the label and any leaflet supplied. If symptoms persist, speak to your pharmacist or doctor.",No regulation
simple,5060391845968,Pure Gold Premium Select 300+MGO Manuka Honey 250g,0,0,0,21.99,taxable,zero-rate,General Health,Pure Gold Premium Select 300+MGO Manuka Honey 250g. A health and wellbeing product. Supplied as 250g.,No regulation
simple,0054402730195,Australian Gold Botanical SPF50 Tinted Face Lotion Medium to Tan 88ml,0,0,0,21.99,taxable,,Skincare,Australian Gold Botanical SPF50 Tinted Face Lotion Medium to Tan 88ml. A skincare product. Supplied as 88ml.,No regulation
simple,0033984033511,Solgar Vitamin E with Yeast Free Selenium 100 Capsules,0,0,0,21.99,taxable,,Vitamins,Solgar Vitamin E with Yeast Free Selenium 100 Capsules. A vitamins and supplements product. Supplied as 100 Capsules.,No regulation
simple,0033984009561,Solgar Coq-10 60mg Softgels 30 Pack,0,0,0,21.99,taxable,,Vitamins,Solgar Coq-10 60mg Softgels 30 Pack. A vitamins and supplements product. Supplied as 30 Pack.,No regulation
simple,4024787430542,Celluvisc Eye Drops 0.5% w/v Unit Dose 90 Pack,0,0,0,21.99,taxable,,Eye Care,"Celluvisc Eye Drops 0.5% w/v Unit Dose 90 Pack. Prescription-only medicine, supplied after an online consultation with our pharmacist. Always read the label and any leaflet supplied. If symptoms persist, speak to your pharmacist or doctor. Supplied as 90 Pack.",P
simple,5017123033155,Orlos 60mg 84 Capsules,0,0,0,21.99,taxable,,Prescription Medicines,"Orlos 60mg 84 Capsules. Prescription-only medicine, supplied after an online consultation with our pharmacist. Always read the label and any leaflet supplied. If symptoms persist, speak to your pharmacist or doctor. Supplied as 84 Capsules.",P
simple,5034511005563,Green People Lash Lift set,0,0,0,21.99,taxable,,General Health,Green People Lash Lift set. A health and wellbeing product.,No regulation
simple,0083000016622,Nature's Answer Periobrite Dry Mouth,0,0,0,21.99,taxable,,General Health,Nature's Answer Periobrite Dry Mouth. A health and wellbeing product.,No regulation
simple,5060776980215,DR.VEGAN Skin Saviour 60 Capsules,0,0,0,21.99,taxable,,Skincare,DR.VEGAN Skin Saviour 60 Capsules. A skincare product. Supplied as 60 Capsules.,No regulation
simple,8809990007431,Skybottle Perfumed Hand Cream Set,0,0,0,21.99,taxable,,Skincare,Skybottle Perfumed Hand Cream Set. A skincare product.,No regulation
simple,3282770394009,Avène Redness Expert Soothing Moisturising Cream 30ml,0,0,0,21.99,taxable,,Skincare,Avène Redness Expert Soothing Moisturising Cream 30ml. A skincare product. Supplied as 30ml.,No regulation
simple,5060552880012,Neubria Shine Mood Formula 60 Capsules,0,0,0,21.99,taxable,,Vitamins,Neubria Shine Mood Formula 60 Capsules. A vitamins and supplements product. Supplied as 60 Capsules.,No regulation
simple,5060018515410,KIKI Health Organic Shiitake Extract Mushroom Powder 50g,0,0,0,21.99,taxable,zero-rate,Vitamins,KIKI Health Organic Shiitake Extract Mushroom Powder 50g. A vitamins and supplements product. Supplied as 50g.,No regulation
simple,0033984023277,Solgar Reishi Shiitake Maitake Mushroom Extract 50 Capsules,0,0,0,21.99,taxable,,Vitamins,Solgar Reishi Shiitake Maitake Mushroom Extract 50 Capsules. A vitamins and supplements product. Supplied as 50 Capsules.,No regulation
simple,0658556024751,Living Nutrition Organic Fermented Chaga 60 Capsules,0,0,0,21.99,taxable,,Vitamins,Living Nutrition Organic Fermented Chaga 60 Capsules. A vitamins and supplements product. Supplied as 60 Capsules.,No regulation
simple,8711744055493,Eroxon Erectile Dysfunction Treatment Gel 4 Pack,0,0,0,21.99,taxable,,Sexual Wellness,"Eroxon Erectile Dysfunction Treatment Gel 4 Pack. Always read the label and any leaflet supplied. If symptoms persist, speak to your pharmacist or doctor. Supplied as 4 Pack.",GSL
simple,5707725100606,Nourkrin Maintain 1 Month Supply 30 Tablets,0,0,0,21.99,taxable,,Hair Care,Nourkrin Maintain 1 Month Supply 30 Tablets. A hair care product. Supplied as 30 Tablets.,No regulation
simple,9332996000209,Grahams Natural Rosacea Cream 75g,0,0,0,21.99,taxable,,Skincare,Grahams Natural Rosacea Cream 75g. A skincare product. Supplied as 75g.,No regulation
simple,0658556117095,Mushrooms For Life Organic Mycomplex 60 Capsules,0,0,0,21.99,taxable,,Vitamins,Mushrooms For Life Organic Mycomplex 60 Capsules. A vitamins and supplements product. Supplied as 60 Capsules.,No regulation
simple,8809514550115,Rated Green Real Mary Exfoliating Scalp Shampoo 400ml,0,0,0,21.99,taxable,,Hair Care,Rated Green Real Mary Exfoliating Scalp Shampoo 400ml. A hair care product. Supplied as 400ml.,No regulation
simple,0658556024720,Living Nutrition Organic Fermented Valerian 60 Capsules,0,0,0,21.99,taxable,,Vitamins,Living Nutrition Organic Fermented Valerian 60 Capsules. A vitamins and supplements product. Supplied as 60 Capsules.,No regulation
simple,3574661343563,Nicorette Quickmist Cool Berry 1mg Mouthspray,0,0,0,21.99,taxable,,Stop Smoking,Nicorette Quickmist Cool Berry 1mg Mouthspray. A stop-smoking product. Supplied as 1mg.,GSL
simple,0658556024805,Living Nutrition Organic Fermented Wisdom 60 Capsules,0,0,0,21.99,taxable,,Oral Care,Living Nutrition Organic Fermented Wisdom 60 Capsules. An oral care product. Supplied as 60 Capsules.,No regulation
simple,0033984005839,Solgar Fish Gel Omega-3 740mg 50 Softgels,0,0,0,21.99,taxable,,Vitamins,Solgar Fish Gel Omega-3 740mg 50 Softgels. A vitamins and supplements product. Supplied as 50 Softgels.,No regulation
simple,0658556117071,Mushrooms For Life Organic Myco Beauty 60 Capsules,0,0,0,21.99,taxable,,Vitamins,Mushrooms For Life Organic Myco Beauty 60 Capsules. A vitamins and supplements product. Supplied as 60 Capsules.,No regulation
simple,0768990311307,"Nordic Naturals Omega-3 Zero-sugar Fishies, 36 pack",0,0,0,21.99,taxable,,Vitamins,"Nordic Naturals Omega-3 Zero-sugar Fishies, 36 pack. A vitamins and supplements product. Supplied as 36 pack.",No regulation
simple,5055148412111,Lamberts Multi-Guard ADR 120 Tablets,0,0,0,21.99,taxable,,Vitamins,Lamberts Multi-Guard ADR 120 Tablets. A vitamins and supplements product. Supplied as 120 Tablets.,No regulation
simple,5056142604939,Protein World Whey Concentrate Vanilla Ice Cream Powder 520g,0,0,0,21.99,taxable,,Skincare,Protein World Whey Concentrate Vanilla Ice Cream Powder 520g. A skincare product. Supplied as 520g.,No regulation
simple,5060203794156,Terranova Theanine Complex 50 Vegetarian Capsules,0,0,0,21.99,taxable,,Vitamins,Terranova Theanine Complex 50 Vegetarian Capsules. A vitamins and supplements product.,No regulation
simple,0013964127430,Mad Hippie Face Cream 30ml,0,0,0,21.99,taxable,,Skincare,Mad Hippie Face Cream 30ml. A skincare product. Supplied as 30ml.,No regulation
simple,5060203792916,Terranova Chlorella 500mg (Fresh Freeze Dried- Organic) 100 Pack,0,0,0,21.99,taxable,,Vitamins,Terranova Chlorella 500mg (Fresh Freeze Dried- Organic) 100 Pack. A vitamins and supplements product. Supplied as 100 Pack.,No regulation
simple,5055148403478,Lamberts Pea Protein 750g,0,0,0,21.99,taxable,,Vitamins,Lamberts Pea Protein 750g. A vitamins and supplements product. Supplied as 750g.,No regulation
simple,8809684561997,Milk Touch Green Apple Pore Collagen Jumbo Pads 60 Pack,0,0,0,21.99,taxable,,Vitamins,Milk Touch Green Apple Pore Collagen Jumbo Pads 60 Pack. A vitamins and supplements product. Supplied as 60 Pack.,No regulation
simple,8429979419491,Sesderma Seslash Lash & Eyebrow Serum 5ml,0,0,0,21.99,taxable,,Skincare,Sesderma Seslash Lash & Eyebrow Serum 5ml. A skincare product. Supplied as 5ml.,No regulation
simple,2100007035994,an-HyPro Eye Gel 7ml,0,0,0,21.99,taxable,,Skincare,an-HyPro Eye Gel 7ml. A skincare product. Supplied as 7ml.,No regulation
simple,7322541405209,Tena PROskin Flex Extra Large Maxi Pads 21 Pack,0,0,0,21.99,taxable,zero-rate,Continence,Tena PROskin Flex Extra Large Maxi Pads 21 Pack. A continence care product. Supplied as 21 Pack.,No regulation
simple,7322540698107,Tena PROskin Comfort Super Pants 36 Pack,0,0,0,21.99,taxable,zero-rate,Continence,Tena PROskin Comfort Super Pants 36 Pack. A continence care product. Supplied as 36 Pack.,No regulation
simple,0033984512863,Solgar Botanical Female Complex 30 Vegetable Capsules,0,0,0,21.99,taxable,,Women's Health,Solgar Botanical Female Complex 30 Vegetable Capsules. A women's health product.,No regulation
simple,5056142604908,Protein World Whey Protein Concentrate Powder Banana Split 520g,0,0,0,21.99,taxable,,Vitamins,Protein World Whey Protein Concentrate Powder Banana Split 520g. A vitamins and supplements product. Supplied as 520g.,No regulation
simple,5060018514697,KIKI Health Organic Psyllium Husks 120 Vegicaps,0,0,0,21.99,taxable,,Digestive,"KIKI Health Organic Psyllium Husks 120 Vegicaps. Always read the label and any leaflet supplied. If symptoms persist, speak to your pharmacist or doctor.",No regulation
simple,5060018515373,KIKI Health Organic Lion's Mane Extract Mushroom Powder 50g,0,0,0,21.99,taxable,zero-rate,Vitamins,KIKI Health Organic Lion's Mane Extract Mushroom Powder 50g. A vitamins and supplements product. Supplied as 50g.,No regulation
simple,9335955005680,MooGoo Everyday Essentials Set,0,0,0,21.99,taxable,,General Health,MooGoo Everyday Essentials Set. A health and wellbeing product.,No regulation
simple,4006000101422,Eucerin AtoControl Acute Care Cream 100ml,0,0,0,21.99,taxable,,Skincare,Eucerin AtoControl Acute Care Cream 100ml. A skincare product. Supplied as 100ml.,No regulation
simple,0033984008328,Solgar Whey To Go Unflavoured Protein 377g,0,0,0,21.99,taxable,,Vitamins,Solgar Whey To Go Unflavoured Protein 377g. A vitamins and supplements product. Supplied as 377g.,No regulation
simple,5031013103421,Higher Nature Vegetarian Glucosamine HCl 90 tablets,0,0,0,21.95,taxable,,Vitamins,Higher Nature Vegetarian Glucosamine HCl 90 tablets. A vitamins and supplements product. Supplied as 90 tablets.,No regulation
simple,5031013109645,Higher Nature Super Potency Omega 3 60 Capsules,0,0,0,21.95,taxable,,Vitamins,Higher Nature Super Potency Omega 3 60 Capsules. A vitamins and supplements product. Supplied as 60 Capsules.,No regulation
simple,5031013109188,Higher Nature Collagen 90 Tablets,0,0,0,21.95,taxable,,Vitamins,Higher Nature Collagen 90 Tablets. A vitamins and supplements product. Supplied as 90 Tablets.,No regulation
simple,0033984017610,Solgar Fish Oil Concentrate 1000mg 120 Softgels,0,0,0,21.89,taxable,,Vitamins,Solgar Fish Oil Concentrate 1000mg 120 Softgels. A vitamins and supplements product. Supplied as 120 Softgels.,No regulation
simple,5391500077889,Cleanmarine Menomin for Women 600mg 60 Caps,0,0,0,21.89,taxable,,Women's Health,Cleanmarine Menomin for Women 600mg 60 Caps. A women's health product. Supplied as 60 Caps.,No regulation
simple,0033984032309,Solgar Vitamin B12 1000µg 250 Nuggets,0,0,0,21.89,taxable,,Vitamins,Solgar Vitamin B12 1000µg 250 Nuggets. A vitamins and supplements product.,No regulation
simple,0033984010338,Solgar Advanced Antioxidant Formula 60 Capsules,0,0,0,21.89,taxable,,Vitamins,Solgar Advanced Antioxidant Formula 60 Capsules. A vitamins and supplements product. Supplied as 60 Capsules.,No regulation
simple,5023652456099,Nature's Aid Cholesterol Support Formula 90g Powder,0,0,0,21.89,taxable,,Supports & Braces,Nature's Aid Cholesterol Support Formula 90g Powder. A support and mobility product. Supplied as 90g.,No regulation
simple,3337875684101,CeraVe Smoothing Cream 340g,0,0,0,21.89,taxable,,Skincare,CeraVe Smoothing Cream 340g. A skincare product. Supplied as 340g.,No regulation
simple,0033984036031,Solgar Vitamin K2 100µg 50 Vegetable Capsules,0,0,0,21.89,taxable,,Vitamins,Solgar Vitamin K2 100µg 50 Vegetable Capsules. A vitamins and supplements product.,No regulation
simple,0033984036673,Solgar Whey To Go Protein Powder (Vanilla) 340g Powder,0,0,0,21.89,taxable,,Vitamins,Solgar Whey To Go Protein Powder (Vanilla) 340g Powder. A vitamins and supplements product. Supplied as 340g.,No regulation
simple,5060229011688,Pukka Daily Immune 60 Capsules,0,0,0,21.89,taxable,,Vitamins,Pukka Daily Immune 60 Capsules. A vitamins and supplements product. Supplied as 60 Capsules.,No regulation
simple,5031013108587,Higher Nature Pro-Woman 30 Capsules,0,0,0,21.89,taxable,,Vitamins,Higher Nature Pro-Woman 30 Capsules. A vitamins and supplements product. Supplied as 30 Capsules.,No regulation
simple,5031013106477,Higher Nature Aeterna Gold Astaxanthin 30 Capsules,0,0,0,21.89,taxable,,Vitamins,Higher Nature Aeterna Gold Astaxanthin 30 Capsules. A vitamins and supplements product. Supplied as 30 Capsules.,No regulation
simple,5031013108709,Higher Nature Super Potency Fish Oil 90 Capsules,0,0,0,21.89,taxable,,Vitamins,Higher Nature Super Potency Fish Oil 90 Capsules. A vitamins and supplements product. Supplied as 90 Capsules.,No regulation
simple,5060332534531,Lindens Health + Nutrition Collagen (Marine) 400mg 360 Capsules,0,0,0,21.79,taxable,,Vitamins,Lindens Health + Nutrition Collagen (Marine) 400mg 360 Capsules. A vitamins and supplements product. Supplied as 360 Capsules.,No regulation
simple,0033984004382,Solgar Formula Vm-2000 90 Tablets,0,0,0,21.79,taxable,,Vitamins,Solgar Formula Vm-2000 90 Tablets. A vitamins and supplements product. Supplied as 90 Tablets.,No regulation
simple,8809514550283,Rated Green Real Tamanu Soothing Scalp Shampoo 400ml,0,0,0,21.79,taxable,,Hair Care,Rated Green Real Tamanu Soothing Scalp Shampoo 400ml. A hair care product. Supplied as 400ml.,No regulation
simple,5060704340395,Acala Happy Skin Gift Bag,0,0,0,21.69,taxable,,Skincare,Acala Happy Skin Gift Bag. A skincare product.,No regulation
simple,8809581075344,Beaudiani Moist Fluid 50ml,0,0,0,21.69,taxable,,General Health,Beaudiani Moist Fluid 50ml. A health and wellbeing product. Supplied as 50ml.,No regulation
simple,8809540510190,Benton Fermentation Essence 100ml,0,0,0,21.59,taxable,,General Health,Benton Fermentation Essence 100ml. A health and wellbeing product. Supplied as 100ml.,No regulation
simple,5060409330219,Zen CBD Oil 3% (300mg) Peppermint Flavour 10ml,0,0,0,21.59,taxable,,Skincare,Zen CBD Oil 3% (300mg) Peppermint Flavour 10ml. A skincare product. Supplied as 10ml.,No regulation
simple,8429979424464,Sesderma C-Vit Eye Contour Cream 15ml,0,0,0,21.59,taxable,,Skincare,Sesderma C-Vit Eye Contour Cream 15ml. A skincare product. Supplied as 15ml.,No regulation
simple,5060519147776,Pukka Wholistic Turmeric 60 Capsules,0,0,0,21.49,taxable,,Vitamins,Pukka Wholistic Turmeric 60 Capsules. A vitamins and supplements product. Supplied as 60 Capsules.,No regulation
simple,5060259571695,Gold Collagen Superdose Hair Growth 300ml,0,0,0,21.49,taxable,,Hair Care,Gold Collagen Superdose Hair Growth 300ml. A hair care product. Supplied as 300ml.,No regulation
simple,5034511004504,Green People Wildy Soft Organic Hand Cream Trio 30ml,0,0,0,21.49,taxable,,Skincare,Green People Wildy Soft Organic Hand Cream Trio 30ml. A skincare product. Supplied as 30ml.,No regulation
simple,3411113007263,Douxo S3 Calm Shampoo 200ml,0,0,0,21.49,taxable,,Hair Care,Douxo S3 Calm Shampoo 200ml. A hair care product. Supplied as 200ml.,No regulation
simple,3411113007331,Douxo S3 Care Shampoo 200ml,0,0,0,21.49,taxable,,Hair Care,Douxo S3 Care Shampoo 200ml. A hair care product. Supplied as 200ml.,No regulation
simple,7610313313174,A.Vogel Echinaforce Echinacea Drops 100ml,0,0,0,21.49,taxable,,Vitamins,A.Vogel Echinaforce Echinacea Drops 100ml. A vitamins and supplements product. Supplied as 100ml.,No regulation
simple,5060259571718,Gold Collagen Superdose Joint Health 300ml,0,0,0,21.49,taxable,,Pain Relief,"Gold Collagen Superdose Joint Health 300ml. Always read the label and any leaflet supplied. If symptoms persist, speak to your pharmacist or doctor. Supplied as 300ml.",No regulation
simple,3282770208016,Klorane Cornflower Water Cream 50ml,0,0,0,21.49,taxable,,Skincare,Klorane Cornflower Water Cream 50ml. A skincare product. Supplied as 50ml.,No regulation
simple,5034511000094,Green People Fruit Scrub Exfoliator 50ml,0,0,0,21.49,taxable,,Skincare,Green People Fruit Scrub Exfoliator 50ml. A skincare product. Supplied as 50ml.,No regulation
simple,5034511002166,Green People Hydrating After Sun Lotion 100ml,0,0,0,21.49,taxable,,Skincare,Green People Hydrating After Sun Lotion 100ml. A skincare product. Supplied as 100ml.,No regulation
simple,5060499390919,Calcichew Forte Calcium Carbonate 60 Chewable Tablets,0,0,0,21.49,taxable,,Vitamins,"Calcichew Forte Calcium Carbonate 60 Chewable Tablets. Prescription-only medicine, supplied after an online consultation with our pharmacist. Always read the label and any leaflet supplied. If symptoms persist, speak to your pharmacist or doctor. Supplied as 60 Chewable.",P
simple,5034511000766,Green People Hydrating After Sun Lotion 200ml,0,0,0,21.49,taxable,,Skincare,Green People Hydrating After Sun Lotion 200ml. A skincare product. Supplied as 200ml.,No regulation
simple,0020714462789,Clinique Clarifying Lotion 4 200ml,0,0,0,21.49,taxable,,Skincare,Clinique Clarifying Lotion 4 200ml. A skincare product. Supplied as 200ml.,No regulation
simple,5709976301504,Pharma Nord Bio-Carnitine 250mg 125 Capsules,0,0,0,21.39,taxable,,Vitamins,Pharma Nord Bio-Carnitine 250mg 125 Capsules. A vitamins and supplements product. Supplied as 125 Capsules.,No regulation
simple,8809083996598,Sioris Travel Kit,0,0,0,21.39,taxable,,General Health,Sioris Travel Kit. A health and wellbeing product.,No regulation
simple,6001159111368,Bio-Oil Skincare Oil 200ml,0,0,0,21.39,taxable,,Skincare,Bio-Oil Skincare Oil 200ml. A skincare product. Supplied as 200ml.,No regulation
simple,9343345000344,Optimel Manuka Honey Dry Eye Drops 10ml,0,0,0,21.29,taxable,,Eye Care,"Optimel Manuka Honey Dry Eye Drops 10ml. Always read the label and any leaflet supplied. If symptoms persist, speak to your pharmacist or doctor. Supplied as 10ml.",GSL
simple,8009722011174,Zincoseb Spray 200ml,0,0,0,21.29,taxable,,Vitamins,Zincoseb Spray 200ml. A vitamins and supplements product. Supplied as 200ml.,No regulation
simple,5060202184774,Cytoplan Red Rice Yeast Plus 90 Capsules,0,0,0,21.19,taxable,,Vitamins,Cytoplan Red Rice Yeast Plus 90 Capsules. A vitamins and supplements product. Supplied as 90 Capsules.,No regulation
simple,0020714045159,Clinique 7 Day Scrub Rinse Off Formula 100ml,0,0,0,21.19,taxable,,Beauty,Clinique 7 Day Scrub Rinse Off Formula 100ml. A health and beauty product. Supplied as 100ml.,No regulation
simple,5060203791605,Terranova Advanced Beauty Complex 50 Capsules,0,0,0,21.19,taxable,,Vitamins,Terranova Advanced Beauty Complex 50 Capsules. A vitamins and supplements product. Supplied as 50 Capsules.,No regulation
simple,0192333138984,Clinique 3-Step Introduction Kit Skin Type 3 3 Pack,0,0,0,21.09,taxable,,Skincare,Clinique 3-Step Introduction Kit Skin Type 3 3 Pack. A skincare product. Supplied as 3 Pack.,No regulation
simple,3282779256438,Klorane Cornflower Soothing Eye Patches x7,0,0,0,21.09,taxable,,General Health,Klorane Cornflower Soothing Eye Patches x7. A health and wellbeing product.,No regulation
simple,0192333138977,Clinique 3-Step Introduction Kit Skin Type 2 3 Pack,0,0,0,21.09,taxable,,Skincare,Clinique 3-Step Introduction Kit Skin Type 2 3 Pack. A skincare product. Supplied as 3 Pack.,No regulation
simple,5060202184828,Cytoplan Methyl Factors 60 Capsules,0,0,0,21.09,taxable,,Vitamins,Cytoplan Methyl Factors 60 Capsules. A vitamins and supplements product. Supplied as 60 Capsules.,No regulation
simple,8809663751661,Mizon Collagen Power Firming Enriched Cream 50ml,0,0,0,21.09,taxable,,Skincare,Mizon Collagen Power Firming Enriched Cream 50ml. A skincare product. Supplied as 50ml.,No regulation
simple,5060203790479,Terranova Vitamin D3 2000IU Complex 100 Capsules,0,0,0,20.99,taxable,,Vitamins,Terranova Vitamin D3 2000IU Complex 100 Capsules. A vitamins and supplements product. Supplied as 100 Capsules.,No regulation
simple,5060202186372,Cytoplan Skin Food Complex 60 Capsules,0,0,0,20.99,taxable,,Skincare,Cytoplan Skin Food Complex 60 Capsules. A skincare product. Supplied as 60 Capsules.,No regulation
simple,5034511004511,Green People Wildy Fresh Organic Body Care for Men,0,0,0,20.99,taxable,,Men's Health,Green People Wildy Fresh Organic Body Care for Men. A men's health product.,No regulation
simple,5060203792282,Terranova Elderberry & Olive Leaf Powder 40g,0,0,0,20.99,taxable,,Vitamins,Terranova Elderberry & Olive Leaf Powder 40g. A vitamins and supplements product. Supplied as 40g.,No regulation
simple,5038483844380,Scholl Softgrip C2 Thigh Length Compression Hosiery Small Closed Toe Natural,0,0,0,20.99,taxable,,Supports & Braces,Scholl Softgrip C2 Thigh Length Compression Hosiery Small Closed Toe Natural. A support and mobility product.,No regulation
simple,5060546081050,&SISTERS Nüdie TEEN Period Cup - Small,0,0,0,20.99,taxable,zero-rate,Women's Health,&SISTERS Nüdie TEEN Period Cup - Small. A women's health product.,No regulation
simple,5060203791391,Terranova Prenatal Multivitamin Complex 100 Capsules,0,0,0,20.99,taxable,,Vitamins,Terranova Prenatal Multivitamin Complex 100 Capsules. A vitamins and supplements product. Supplied as 100 Capsules.,No regulation
simple,5055148413316,Lamberts Multi-Guard Methyl 60 Tablets,0,0,0,20.99,taxable,,Vitamins,Lamberts Multi-Guard Methyl 60 Tablets. A vitamins and supplements product. Supplied as 60 Tablets.,No regulation
simple,3574661068268,Nicorette Fruitfusion 4mg Nicotine Gum 105 Pack,0,0,0,20.99,taxable,,Stop Smoking,Nicorette Fruitfusion 4mg Nicotine Gum 105 Pack. A stop-smoking product. Supplied as 105 Pack.,GSL
simple,3800219790405,Alteya Organic Rose Otto Body Lotion Bio Damascena 200ml,0,0,0,20.99,taxable,,Skincare,Alteya Organic Rose Otto Body Lotion Bio Damascena 200ml. A skincare product. Supplied as 200ml.,No regulation
simple,3606000619838,CeraVe Skin Renewing Eye Cream 15ml,0,0,0,20.99,taxable,,Skincare,CeraVe Skin Renewing Eye Cream 15ml. A skincare product. Supplied as 15ml.,No regulation
simple,5013455240094,Weleda Arnica Massage Balm 200ml,0,0,0,20.99,taxable,,Skincare,Weleda Arnica Massage Balm 200ml. A skincare product. Supplied as 200ml.,No regulation
simple,5060546081555,&SISTERS by Mooncup Period Cup The Beginner size A,0,0,0,20.99,taxable,zero-rate,Women's Health,&SISTERS by Mooncup Period Cup The Beginner size A. A women's health product.,No regulation
simple,0033984314054,Solgar Cran Flora Cranberry with L. Acidophilus 60 Capsules,0,0,0,20.99,taxable,,Vitamins,Solgar Cran Flora Cranberry with L. Acidophilus 60 Capsules. A vitamins and supplements product. Supplied as 60 Capsules.,No regulation
simple,0634158987564,Botanicals 4 Life Echinacea & Acerola Extract 100ml,0,0,0,20.99,taxable,,General Health,Botanicals 4 Life Echinacea & Acerola Extract 100ml. A health and wellbeing product. Supplied as 100ml.,No regulation
simple,3282770203806,Klorane Keratin Caps Strength & Vitality Hair & Nails,0,0,0,20.99,taxable,,Hair Care,Klorane Keratin Caps Strength & Vitality Hair & Nails. A hair care product.,No regulation
simple,4001638526708,Weleda Skin Food Body Butter 150ml,0,0,0,20.99,taxable,,Skincare,Weleda Skin Food Body Butter 150ml. A skincare product. Supplied as 150ml.,No regulation
simple,3282770396317,Avène Spray for Children SPF50 200ml,0,0,0,20.99,taxable,,Baby & Child,Avène Spray for Children SPF50 200ml. A baby and child product. Supplied as 200ml.,No regulation
simple,8009722008716,Peptivet Ear Drops 50ml,0,0,0,20.99,taxable,,Vitamins,Peptivet Ear Drops 50ml. A vitamins and supplements product. Supplied as 50ml.,No regulation
simple,0020714783297,Clinique Sonic Extra Gentle Cleansing Foam 125ml,0,0,0,20.99,taxable,,Skincare,Clinique Sonic Extra Gentle Cleansing Foam 125ml. A skincare product. Supplied as 125ml.,No regulation
simple,5060519147578,Pukka Wholistic Ashwagandha 60 Capsules,0,0,0,20.99,taxable,,Vitamins,Pukka Wholistic Ashwagandha 60 Capsules. A vitamins and supplements product. Supplied as 60 Capsules.,No regulation
simple,4005900492944,Eucerin Anti-Age Hyaluron-Filler Eye Cream,0,0,0,20.99,taxable,,Skincare,Eucerin Anti-Age Hyaluron-Filler Eye Cream. A skincare product.,No regulation
simple,9343345000337,Optimel Manuka Honey Forte Eye Gel 10g,0,0,0,20.99,taxable,,Skincare,Optimel Manuka Honey Forte Eye Gel 10g. A skincare product. Supplied as 10g.,GSL
simple,0033984512856,Solgar Thermogenic Complex with Svetol 60 Capsules,0,0,0,20.99,taxable,,Vitamins,Solgar Thermogenic Complex with Svetol 60 Capsules. A vitamins and supplements product. Supplied as 60 Capsules.,No regulation
simple,3337875795456,CeraVe SA Smoothing Cleanser 473ml,0,0,0,20.99,taxable,,Skincare,CeraVe SA Smoothing Cleanser 473ml. A skincare product. Supplied as 473ml.,No regulation
simple,5031013108556,Higher Nature Saw Palmetto Complex 30 Capsules,0,0,0,20.99,taxable,,Vitamins,Higher Nature Saw Palmetto Complex 30 Capsules. A vitamins and supplements product. Supplied as 30 Capsules.,No regulation
simple,0658556024683,Living Nutrition Organic Fermented Astragalus 60 Capsules,0,0,0,20.99,taxable,,Vitamins,Living Nutrition Organic Fermented Astragalus 60 Capsules. A vitamins and supplements product. Supplied as 60 Capsules.,No regulation
simple,5034511002494,Green People Sun Lotion Scent Free SPF30 100ml,0,0,0,20.99,taxable,,Skincare,Green People Sun Lotion Scent Free SPF30 100ml. A skincare product. Supplied as 100ml.,No regulation
simple,5060203793937,Terranova Hyaluronic Acid & Silica Complex 50 Pack,0,0,0,20.99,taxable,,Vitamins,Terranova Hyaluronic Acid & Silica Complex 50 Pack. A vitamins and supplements product. Supplied as 50 Pack.,No regulation
simple,8700216436342,Seven Seas Jointcare + Tumeric Duo Pack,0,0,0,20.99,taxable,,Vitamins,Seven Seas Jointcare + Tumeric Duo Pack. A vitamins and supplements product.,No regulation
simple,5060259571688,Collagen Superdose Skin Care 300ml,0,0,0,20.99,taxable,,Skincare,Collagen Superdose Skin Care 300ml. A skincare product. Supplied as 300ml.,No regulation
simple,5055148400682,Lamberts Calcium Ascorbate 250g,0,0,0,20.99,taxable,,Vitamins,Lamberts Calcium Ascorbate 250g. A vitamins and supplements product. Supplied as 250g.,No regulation
simple,0658556024836,Living Nutrition Organic Fermented Sibo-Go 60 Capsules,0,0,0,20.99,taxable,,Vitamins,Living Nutrition Organic Fermented Sibo-Go 60 Capsules. A vitamins and supplements product. Supplied as 60 Capsules.,No regulation
simple,8009722000802,Otodine Ear Cleaning Solution 100ml,0,0,0,20.99,taxable,,Home & Household,Otodine Ear Cleaning Solution 100ml. A home and household product. Supplied as 100ml.,No regulation
simple,9332996000216,Grahams Natural Psoriasis Cream 75g,0,0,0,20.99,taxable,,Skincare,Grahams Natural Psoriasis Cream 75g. A skincare product. Supplied as 75g.,No regulation
simple,3666057145414,Clarins Velvet Cleansing Milk for Normal/Dry Skin 200ml,0,0,0,20.99,taxable,,Skincare,Clarins Velvet Cleansing Milk for Normal/Dry Skin 200ml. A skincare product. Supplied as 200ml.,No regulation
simple,3800219790368,Alteya Organic Rose Otto Night Moisturiser Bio Damascena 50ml,0,0,0,20.99,taxable,,Skincare,Alteya Organic Rose Otto Night Moisturiser Bio Damascena 50ml. A skincare product. Supplied as 50ml.,No regulation
simple,0658556024584,Living Nutrition Ashwagandha Alive 60 Capsules,0,0,0,20.99,taxable,,Vitamins,Living Nutrition Ashwagandha Alive 60 Capsules. A vitamins and supplements product. Supplied as 60 Capsules.,No regulation
simple,3380810243314,Clarins Gentle Eye Makeup Remover for Sensitive Eyes 125ml,0,0,0,20.99,taxable,,Beauty,Clarins Gentle Eye Makeup Remover for Sensitive Eyes 125ml. A health and beauty product. Supplied as 125ml.,No regulation
simple,5038483844410,Scholl Softgrip C2 Thigh Length Compression Hosiery XL Closed Toe Natural,0,0,0,20.99,taxable,,Supports & Braces,Scholl Softgrip C2 Thigh Length Compression Hosiery XL Closed Toe Natural. A support and mobility product.,No regulation
simple,3666057031236,Clarins Tonic Bath & Shower Concentrate 200ml,0,0,0,20.99,taxable,,Beauty,Clarins Tonic Bath & Shower Concentrate 200ml. A health and beauty product. Supplied as 200ml.,No regulation
simple,5055382306283,Alvita Wrist Blood Pressure Monitor,0,0,0,20.99,taxable,,Testing & Monitoring,"Alvita Wrist Blood Pressure Monitor. Always read the label and any leaflet supplied. If symptoms persist, speak to your pharmacist or doctor.",No regulation
simple,5060203793876,Terranova Hyaluronic Acid Complex 50 Pack,0,0,0,20.99,taxable,,Vitamins,Terranova Hyaluronic Acid Complex 50 Pack. A vitamins and supplements product. Supplied as 50 Pack.,No regulation
simple,5028392002124,"Nutri Advanced Serrapeptase 80,000iu 90 Capsules",0,0,0,20.99,taxable,,Vitamins,"Nutri Advanced Serrapeptase 80,000iu 90 Capsules. A vitamins and supplements product. Supplied as 90 Capsules.",No regulation
simple,0658556117194,Mushrooms For Life Organic Lion's Mane 60 Capsules,0,0,0,20.99,taxable,,Vitamins,Mushrooms For Life Organic Lion's Mane 60 Capsules. A vitamins and supplements product. Supplied as 60 Capsules.,No regulation
simple,5060203793753,Terranova Turmeric & Ginger 50 Capsules,0,0,0,20.99,taxable,,Vitamins,Terranova Turmeric & Ginger 50 Capsules. A vitamins and supplements product. Supplied as 50 Capsules.,No regulation
simple,5055148400590,Lamberts Pure Fish Oil 1100mg 120 Capsules,0,0,0,20.99,taxable,,Vitamins,Lamberts Pure Fish Oil 1100mg 120 Capsules. A vitamins and supplements product. Supplied as 120 Capsules.,No regulation
simple,5060546081500,&SISTERS The Nudie Period Cup Medium 24ml Capacity 18-30 Years Old,0,0,0,20.99,taxable,zero-rate,Women's Health,&SISTERS The Nudie Period Cup Medium 24ml Capacity 18-30 Years Old. A women's health product. Supplied as 24ml.,No regulation
simple,5010605403040,Canesbiotics Intimate Care 30,0,0,0,20.99,taxable,,Sexual Wellness,"Canesbiotics Intimate Care 30. Always read the label and any leaflet supplied. If symptoms persist, speak to your pharmacist or doctor.",No regulation
simple,5060203791926,Terranova Glucosamine Chondroitin & Boswellia Complex 50 Capsules,0,0,0,20.99,taxable,,Vitamins,Terranova Glucosamine Chondroitin & Boswellia Complex 50 Capsules. A vitamins and supplements product. Supplied as 50 Capsules.,No regulation
simple,9335955001910,MooGoo Natural Tanning Water 250ml,0,0,0,20.99,taxable,,General Health,MooGoo Natural Tanning Water 250ml. A health and wellbeing product. Supplied as 250ml.,No regulation
simple,3380810378887,Clarins My Clarins Re-Charge Sleeping Mask 50ml,0,0,0,20.89,taxable,,Skincare,Clarins My Clarins Re-Charge Sleeping Mask 50ml. A skincare product. Supplied as 50ml.,No regulation
simple,5000243503141,Minami MorDHA Prenatal Omega-3 60 Capsules,0,0,0,20.89,taxable,,Vitamins,Minami MorDHA Prenatal Omega-3 60 Capsules. A vitamins and supplements product. Supplied as 60 Capsules.,No regulation
simple,5060053022225,&SISTERS by Mooncup Size B,0,0,0,20.89,taxable,zero-rate,General Health,&SISTERS by Mooncup Size B. A health and wellbeing product.,No regulation
simple,3395013650005,Decléor Life Radiance Flash Radiance Mask 50ml,0,0,0,20.89,taxable,,Skincare,Decléor Life Radiance Flash Radiance Mask 50ml. A skincare product. Supplied as 50ml.,No regulation
simple,3380810378900,Clarins My Clarins Re-Boost Hydrating Cream 50ml,0,0,0,20.89,taxable,,Skincare,Clarins My Clarins Re-Boost Hydrating Cream 50ml. A skincare product. Supplied as 50ml.,No regulation
simple,0033984011618,"Solgar Formula Vitamin B-Complex ""100"" Tablets 100 Pack",0,0,0,20.89,taxable,,Vitamins,"Solgar Formula Vitamin B-Complex ""100"" Tablets 100 Pack. A vitamins and supplements product. Supplied as 100 Pack.",No regulation
simple,3800219792669,Alteya Organic Purifying Face Cleanser Rose Jasminium 150ml,0,0,0,20.89,taxable,,Skincare,Alteya Organic Purifying Face Cleanser Rose Jasminium 150ml. A skincare product. Supplied as 150ml.,No regulation
simple,7350012552039,BioGaia Lactic Acid Bacteria Mandarin Flavour 30 Chewable Tablets,0,0,0,20.79,taxable,,Vitamins,BioGaia Lactic Acid Bacteria Mandarin Flavour 30 Chewable Tablets. A vitamins and supplements product. Supplied as 30 Chewable.,No regulation
simple,8809743540352,Mizon Collagen Power Lifting Cream 75ml,0,0,0,20.79,taxable,,Skincare,Mizon Collagen Power Lifting Cream 75ml. A skincare product. Supplied as 75ml.,No regulation
simple,5038483956403,Scholl Fungal Nail Treatment,0,0,0,20.79,taxable,,Supports & Braces,Scholl Fungal Nail Treatment. A support and mobility product.,GSL
simple,0033984017511,Solgar Megasorb Vitamin B-Complex 100 Tablets,0,0,0,20.79,taxable,,Vitamins,Solgar Megasorb Vitamin B-Complex 100 Tablets. A vitamins and supplements product. Supplied as 100 Tablets.,No regulation
simple,0033984015609,Solgar Soya Lecithin Granules 227g,0,0,0,20.79,taxable,,Vitamins,Solgar Soya Lecithin Granules 227g. A vitamins and supplements product. Supplied as 227g.,No regulation
simple,5391531561487,Spotlight Oral Care Water Flosser Replacement Heads Mixed Tip,0,0,0,20.59,taxable,,Oral Care,Spotlight Oral Care Water Flosser Replacement Heads Mixed Tip. An oral care product.,No regulation
simple,5039021007007,Alvedon Paracetamol Suppositories 60mg 10 Pack,0,0,0,20.59,taxable,,Pain Relief,"Alvedon Paracetamol Suppositories 60mg 10 Pack. Prescription-only medicine, supplied after an online consultation with our pharmacist. Always read the label and any leaflet supplied. If symptoms persist, speak to your pharmacist or doctor. Supplied as 10 Pack.",P
simple,0859975002515,Andalou Argan Stem Cell Recovery Cream 50g,0,0,0,20.59,taxable,,Skincare,Andalou Argan Stem Cell Recovery Cream 50g. A skincare product. Supplied as 50g.,No regulation
simple,8809566990549,Benton Pha Peeling Toner 150ml,0,0,0,20.59,taxable,,Skincare,Benton Pha Peeling Toner 150ml. A skincare product. Supplied as 150ml.,No regulation
simple,0753950002708,Doctor's Best Benfotiamine with BenfoPure 300mg 60 Veggie Caps,0,0,0,20.59,taxable,,General Health,Doctor's Best Benfotiamine with BenfoPure 300mg 60 Veggie Caps. A health and wellbeing product. Supplied as 300mg.,No regulation
simple,5060332534142,Lindens Health + Nutrition Digestive Enzymes Daily 360 Tablets,0,0,0,20.49,taxable,,Vitamins,Lindens Health + Nutrition Digestive Enzymes Daily 360 Tablets. A vitamins and supplements product. Supplied as 360 Tablets.,No regulation
simple,5060203793951,Terranova Glucosamine & Hyaluronic Acid Complex 50 Pack,0,0,0,20.49,taxable,,Vitamins,Terranova Glucosamine & Hyaluronic Acid Complex 50 Pack. A vitamins and supplements product. Supplied as 50 Pack.,No regulation
simple,5038227000393,Priligy - Dapoxetine 30mg 3 Tablets,0,0,0,20.49,taxable,zero-rate,Prescription Medicines,"Priligy - Dapoxetine 30mg 3 Tablets. Prescription-only medicine, supplied after an online consultation with our pharmacist. Always read the label and any leaflet supplied. If symptoms persist, speak to your pharmacist or doctor. Supplied as 3 Tablets.",P
simple,5034268009012,"ProVen Probiotics for Pregnancy + Vitamins, Minerals & DHA 30 Capsules",0,0,0,20.49,taxable,,Digestive,"ProVen Probiotics for Pregnancy + Vitamins, Minerals & DHA 30 Capsules. Always read the label and any leaflet supplied. If symptoms persist, speak to your pharmacist or doctor. Supplied as 30 Capsules.",No regulation
simple,9317129041878,Flexitol 10% Urea Cream 500g,0,0,0,20.49,taxable,,Skincare,Flexitol 10% Urea Cream 500g. A skincare product. Supplied as 500g.,No regulation
simple,4001638080309,Weleda Almond Soothing Facial Oil 50ml,0,0,0,20.49,taxable,,Skincare,Weleda Almond Soothing Facial Oil 50ml. A skincare product. Supplied as 50ml.,No regulation
simple,7350012553456,BioGaia Gastrus Tablets Mandarin Flavour 30 Pack,0,0,0,20.49,taxable,,Vitamins,BioGaia Gastrus Tablets Mandarin Flavour 30 Pack. A vitamins and supplements product. Supplied as 30 Pack.,No regulation
simple,0658556117606,Living Nutrition Fermented Milk Thistle 60 Capsules,0,0,0,20.49,taxable,,Vitamins,Living Nutrition Fermented Milk Thistle 60 Capsules. A vitamins and supplements product. Supplied as 60 Capsules.,No regulation
simple,7333350348830,Epaderm Ointment 1000g,0,0,0,20.49,taxable,,Skincare,Epaderm Ointment 1000g. A skincare product. Supplied as 1000g.,No regulation
simple,5060099032288,Odylique Hand Spa Gift Set,0,0,0,20.49,taxable,,Beauty,Odylique Hand Spa Gift Set. A health and beauty product.,No regulation
simple,0033984009356,Solgar Coq-10 60mg 30 Capsules,0,0,0,20.49,taxable,,Vitamins,Solgar Coq-10 60mg 30 Capsules. A vitamins and supplements product. Supplied as 30 Capsules.,No regulation
simple,5017007602217,Liberize 8 Tablets,0,0,0,20.39,taxable,,Prescription Medicines,"Liberize 8 Tablets. Prescription-only medicine, supplied after an online consultation with our pharmacist. Always read the label and any leaflet supplied. If symptoms persist, speak to your pharmacist or doctor. Supplied as 8 Tablets.",P
simple,3282770208795,Avène Hydrance SPF30 Rich 40ml,0,0,0,20.39,taxable,,Skincare,Avène Hydrance SPF30 Rich 40ml. A skincare product. Supplied as 40ml.,No regulation
simple,5060099030215,Odylique Creamy Coconut Cleanser 200ml,0,0,0,20.39,taxable,,Skincare,Odylique Creamy Coconut Cleanser 200ml. A skincare product. Supplied as 200ml.,No regulation
simple,3282770395938,Avène Intense Protect SPF50+ 150ml,0,0,0,20.39,taxable,,Skincare,Avène Intense Protect SPF50+ 150ml. A skincare product. Supplied as 150ml.,No regulation
simple,8009722000925,Before-X Sterile Solution of Trisedta 100ml,0,0,0,20.39,taxable,,First Aid,"Before-X Sterile Solution of Trisedta 100ml. Always read the label and any leaflet supplied. If symptoms persist, speak to your pharmacist or doctor. Supplied as 100ml.",No regulation
simple,8009722001939,Ermidra Rehydrating Shampoo 250ml,0,0,0,20.39,taxable,,Hair Care,Ermidra Rehydrating Shampoo 250ml. A hair care product. Supplied as 250ml.,No regulation
simple,8809186283854,Jumiso All Day Vitamin Brightening & Balancing Facial Serum 30ml,0,0,0,20.39,taxable,,Skincare,Jumiso All Day Vitamin Brightening & Balancing Facial Serum 30ml. A skincare product. Supplied as 30ml.,No regulation
simple,3282770392999,Avène High Protection SPRAY SPF30+ 200ml,0,0,0,20.39,taxable,,Skincare,Avène High Protection SPRAY SPF30+ 200ml. A skincare product. Supplied as 200ml.,No regulation
simple,0020714146559,Clinique Take The Day Off Makeup Remover 125ml,0,0,0,20.39,taxable,,Beauty,Clinique Take The Day Off Makeup Remover 125ml. A health and beauty product. Supplied as 125ml.,No regulation
simple,5060099031298,Odylique Toning Fruit Butter 150g,0,0,0,20.39,taxable,,Beauty,Odylique Toning Fruit Butter 150g. A health and beauty product. Supplied as 150g.,No regulation
simple,5060099030161,Odylique Purifying Lemon & Tea Tree Wash 200ml,0,0,0,20.39,taxable,,Beauty,Odylique Purifying Lemon & Tea Tree Wash 200ml. A health and beauty product. Supplied as 200ml.,No regulation
simple,3282770388299,Avène Tolerance Hydra-10 Moisturising Fluid 40ml,0,0,0,20.39,taxable,,Skincare,Avène Tolerance Hydra-10 Moisturising Fluid 40ml. A skincare product. Supplied as 40ml.,No regulation
simple,4015600568122,Clearblue Digital Ovulation Test with Dual Hormone Indicator Test 10 Pack,0,0,0,20.39,taxable,,Women's Health,Clearblue Digital Ovulation Test with Dual Hormone Indicator Test 10 Pack. A women's health product. Supplied as 10 Pack.,GSL
simple,3606000560833,CeraVe Hydrating Hyaluronic Acid Serum 30ml,0,0,0,20.29,taxable,,Skincare,CeraVe Hydrating Hyaluronic Acid Serum 30ml. A skincare product. Supplied as 30ml.,No regulation
simple,0033984015814,Solgar Lipotropic Factors 100 Tablets,0,0,0,20.29,taxable,,Vitamins,Solgar Lipotropic Factors 100 Tablets. A vitamins and supplements product. Supplied as 100 Tablets.,No regulation
simple,5028392002292,Metagenics Vitamin D3 with K2 30ml,0,0,0,20.29,taxable,,Vitamins,Metagenics Vitamin D3 with K2 30ml. A vitamins and supplements product. Supplied as 30ml.,No regulation
simple,8809566991669,Benton Snail Bee High Content Lotion 120ml,0,0,0,20.29,taxable,,Skincare,Benton Snail Bee High Content Lotion 120ml. A skincare product. Supplied as 120ml.,No regulation
simple,5711782000014,AllMatters Menstrual Cup Size A,0,0,0,20.19,taxable,zero-rate,Women's Health,AllMatters Menstrual Cup Size A. A women's health product.,No regulation
simple,5031013102226,Higher Nature True Food All Man 90 Capsules,0,0,0,20.19,taxable,,Vitamins,Higher Nature True Food All Man 90 Capsules. A vitamins and supplements product. Supplied as 90 Capsules.,No regulation
simple,3663555004311,Hana 75mg Film Coated Tablets Desogestrel 3 Month Supply,0,0,0,20.19,taxable,reduced-rate,Prescription Medicines,"Hana 75mg Film Coated Tablets Desogestrel 3 Month Supply. Prescription-only medicine, supplied after an online consultation with our pharmacist. Always read the label and any leaflet supplied. If symptoms persist, speak to your pharmacist or doctor. Supplied as 75mg.",P
simple,0020714281113,Clinique Anti-Blemish Solutions Clarifying Lotion 200ml,0,0,0,20.19,taxable,,Skincare,Clinique Anti-Blemish Solutions Clarifying Lotion 200ml. A skincare product. Supplied as 200ml.,No regulation
simple,8809447251363,Dr.Althea Azulene 147HA Intensive Soothing Cream 50ml,0,0,0,20.19,taxable,,Skincare,Dr.Althea Azulene 147HA Intensive Soothing Cream 50ml. A skincare product. Supplied as 50ml.,No regulation
simple,0033984041424,Solgar Red Clover Flower & Leaf Extract 60 Capsules,0,0,0,20.19,taxable,,Vitamins,Solgar Red Clover Flower & Leaf Extract 60 Capsules. A vitamins and supplements product. Supplied as 60 Capsules.,No regulation
simple,0074312000089,Nature's Bounty Biotic Pro 60 Gummies,0,0,0,20.19,taxable,,Vitamins,Nature's Bounty Biotic Pro 60 Gummies. A vitamins and supplements product. Supplied as 60 Gummies.,No regulation
simple,5391500077803,Cleanmarine for Women 600mg Marine Gelcaps 60 Pack,0,0,0,20.09,taxable,,Women's Health,Cleanmarine for Women 600mg Marine Gelcaps 60 Pack. A women's health product. Supplied as 60 Pack.,No regulation
simple,5391500077865,Cleanmarine for Men 600mg Marine Gelcaps 60 Pack,0,0,0,20.09,taxable,,Men's Health,Cleanmarine for Men 600mg Marine Gelcaps 60 Pack. A men's health product. Supplied as 60 Pack.,No regulation
simple,0634158637421,Wild Nutrition Child's Strength Omega 3 60 Caps,0,0,0,20.00,taxable,,Vitamins,Wild Nutrition Child's Strength Omega 3 60 Caps. A vitamins and supplements product. Supplied as 60 Caps.,No regulation
simple,5034511010833,Green People Age Defy+ Retinal Booster Serum 10ml,0,0,0,19.99,taxable,,Skincare,Green People Age Defy+ Retinal Booster Serum 10ml. A skincare product. Supplied as 10ml.,No regulation
simple,5055148414764,Lamberts Vegan Omega 3 Liquid 150ml,0,0,0,19.99,taxable,,Vitamins,Lamberts Vegan Omega 3 Liquid 150ml. A vitamins and supplements product. Supplied as 150ml.,No regulation
simple,0658556024553,Living Nutrition Rhodiola Alive 60 Capsules,0,0,0,19.99,taxable,,Vitamins,Living Nutrition Rhodiola Alive 60 Capsules. A vitamins and supplements product. Supplied as 60 Capsules.,No regulation
simple,5060259570315,Gold Collagen Hydrogel Mask 4 Pack,0,0,0,19.99,taxable,,Skincare,Gold Collagen Hydrogel Mask 4 Pack. A skincare product. Supplied as 4 Pack.,No regulation
simple,0658556117460,Planet Paleo Pure Gelatine 300g,0,0,0,19.99,taxable,zero-rate,Skincare,Planet Paleo Pure Gelatine 300g. A skincare product. Supplied as 300g.,No regulation
simple,5000283663003,Cialis Together 10mg 4 Tablets,0,0,0,19.99,taxable,,Sexual Wellness,"Cialis Together 10mg 4 Tablets. Prescription-only medicine, supplied after an online consultation with our pharmacist. Always read the label and any leaflet supplied. If symptoms persist, speak to your pharmacist or doctor. Supplied as 4 Tablets.",P
simple,8445290113436,Vital Proteins Marine Collagen Sachet Box (10x10g),0,0,0,19.99,taxable,,Vitamins,Vital Proteins Marine Collagen Sachet Box (10x10g). A vitamins and supplements product. Supplied as 10x10g.,No regulation
simple,5060571822895,The Good Guru Vegan Black Ginger Extract 90 Capsules,0,0,0,19.99,taxable,,Vitamins,The Good Guru Vegan Black Ginger Extract 90 Capsules. A vitamins and supplements product. Supplied as 90 Capsules.,No regulation
simple,8700216436311,Seven Seas Jointcare Max Glucosamine Duo Pack 30 Days,0,0,0,19.99,taxable,,Vitamins,Seven Seas Jointcare Max Glucosamine Duo Pack 30 Days. A vitamins and supplements product.,No regulation
simple,0033984041103,Solgar Bilberry Berry Extract with Blueberry 60 Capsules,0,0,0,19.99,taxable,,Vitamins,Solgar Bilberry Berry Extract with Blueberry 60 Capsules. A vitamins and supplements product. Supplied as 60 Capsules.,No regulation
simple,5054563113559,Nexium Control 28 Tablets,0,0,0,19.99,taxable,,Prescription Medicines,"Nexium Control 28 Tablets. Prescription-only medicine, supplied after an online consultation with our pharmacist. Always read the label and any leaflet supplied. If symptoms persist, speak to your pharmacist or doctor. Supplied as 28 Tablets.",P
simple,3701129802076,Bioderma Atoderm Intensive Baume 500ml,0,0,0,19.99,taxable,,General Health,Bioderma Atoderm Intensive Baume 500ml. A health and wellbeing product. Supplied as 500ml.,No regulation
simple,8809083997083,SIORIS Cleanse Me Softly Milk Cleanser 200ml,0,0,0,19.99,taxable,,Skincare,SIORIS Cleanse Me Softly Milk Cleanser 200ml. A skincare product. Supplied as 200ml.,No regulation
simple,5016870224366,Kinetik Wellbeing Automatic Blood Pressure Monitor TMB-1970,0,0,0,19.99,taxable,,Testing & Monitoring,"Kinetik Wellbeing Automatic Blood Pressure Monitor TMB-1970. Always read the label and any leaflet supplied. If symptoms persist, speak to your pharmacist or doctor.",No regulation
simple,5060018515427,KIKI Health Organic Turkey Tail Extract Mushroom Powder 50g,0,0,0,19.99,taxable,zero-rate,Vitamins,KIKI Health Organic Turkey Tail Extract Mushroom Powder 50g. A vitamins and supplements product. Supplied as 50g.,No regulation
simple,5060221910682,Symprove Daily Live & Bacteria Supplement Strawberry & Raspberry 500ml,0,0,0,19.99,taxable,,Vitamins,Symprove Daily Live & Bacteria Supplement Strawberry & Raspberry 500ml. A vitamins and supplements product. Supplied as 500ml.,No regulation
simple,5060086610376,Optibac Probiotics for Every Day Extra Strength 30 Capsules,0,0,0,19.99,taxable,,Digestive,"Optibac Probiotics for Every Day Extra Strength 30 Capsules. Always read the label and any leaflet supplied. If symptoms persist, speak to your pharmacist or doctor. Supplied as 30 Capsules.",No regulation
simple,5038483844403,Scholl Softgrip C2 Thigh Length Compression Hosiery Large Natural,0,0,0,19.99,taxable,,Supports & Braces,Scholl Softgrip C2 Thigh Length Compression Hosiery Large Natural. A support and mobility product.,No regulation
simple,9335955004270,MooGoo Bakuchiol (1% w/v) Natural Retinol Substitute Active Serum,0,0,0,19.99,taxable,,Skincare,MooGoo Bakuchiol (1% w/v) Natural Retinol Substitute Active Serum. A skincare product.,No regulation
simple,0033984000582,Solgar Alpha-Lipoic Acid 200mg 50 Capsules,0,0,0,19.99,taxable,,Vitamins,Solgar Alpha-Lipoic Acid 200mg 50 Capsules. A vitamins and supplements product. Supplied as 50 Capsules.,No regulation
simple,5034511000063,Green People Alexandra Kay Time To Sleep Essential Oil Blend,0,0,0,19.99,taxable,,Skincare,Green People Alexandra Kay Time To Sleep Essential Oil Blend. A skincare product.,No regulation
simple,0020714240158,Clinique Liquid Facial Soap Extra Mild 200ml,0,0,0,19.99,taxable,,Skincare,Clinique Liquid Facial Soap Extra Mild 200ml. A skincare product. Supplied as 200ml.,No regulation
simple,8594161370444,Enterosgel 225g,0,0,0,19.99,taxable,,Skincare,Enterosgel 225g. A skincare product. Supplied as 225g.,No regulation
simple,5029354013578,Optima Organic Raw Virgin Coconut Oil 920g,0,0,0,19.99,taxable,zero-rate,Skincare,Optima Organic Raw Virgin Coconut Oil 920g. A skincare product. Supplied as 920g.,No regulation
simple,5060112861765,Fushi Organic Rosehip Oil 100ml,0,0,0,19.99,taxable,,Skincare,Fushi Organic Rosehip Oil 100ml. A skincare product. Supplied as 100ml.,No regulation
simple,5060927260234,BeYou Endo-Balance 90 Capsules,0,0,0,19.99,taxable,,Vitamins,BeYou Endo-Balance 90 Capsules. A vitamins and supplements product. Supplied as 90 Capsules.,No regulation
simple,0739090024800,Imidaflea 100mg Spot-On Solution 4-10kg 3 x 1.0ml,0,0,0,19.99,taxable,,Pet Care,Imidaflea 100mg Spot-On Solution 4-10kg 3 x 1.0ml. A pet care product. Supplied as 3 x 1.0ml.,GSL
simple,5060099030123,Odylique Ultra Rich Balm 175g,0,0,0,19.99,taxable,,Skincare,Odylique Ultra Rich Balm 175g. A skincare product. Supplied as 175g.,No regulation
simple,0658010121033,Garden Of Life Vegan D3 Spray Vanilla 58ml,0,0,0,19.99,taxable,,Beauty,Garden Of Life Vegan D3 Spray Vanilla 58ml. A health and beauty product. Supplied as 58ml.,No regulation
simple,5060035248100,Acne treatment - Treclin Gel 30g,0,0,0,19.99,taxable,zero-rate,Skincare,"Acne treatment - Treclin Gel 30g. Prescription-only medicine, supplied after an online consultation with our pharmacist. Always read the label and any leaflet supplied. If symptoms persist, speak to your pharmacist or doctor. Supplied as 30g.",P
simple,5038581124537,Yankee Candle Advent Calendar 12x37g,0,0,0,19.99,taxable,,Beauty,Yankee Candle Advent Calendar 12x37g. A health and beauty product. Supplied as 12x37g.,No regulation
simple,5707390040252,Pharma Nord Omega 7 Sea Buckthorn Oil 60 Capsules,0,0,0,19.99,taxable,,Vitamins,Pharma Nord Omega 7 Sea Buckthorn Oil 60 Capsules. A vitamins and supplements product. Supplied as 60 Capsules.,No regulation
simple,0083000261107,Nature's Answer Liquid Vitamin B-12 60ml,0,0,0,19.99,taxable,,Vitamins,Nature's Answer Liquid Vitamin B-12 60ml. A vitamins and supplements product. Supplied as 60ml.,No regulation
simple,0033984024618,Solgar Rutin 500mg 100 Tablets,0,0,0,19.99,taxable,,Vitamins,Solgar Rutin 500mg 100 Tablets. A vitamins and supplements product. Supplied as 100 Tablets.,No regulation
simple,5060193641799,Bloom & Blossom Smooth Moves Stretch Mark Oil 150ml,0,0,0,19.99,taxable,,Skincare,Bloom & Blossom Smooth Moves Stretch Mark Oil 150ml. A skincare product. Supplied as 150ml.,No regulation
simple,0033984036727,Solgar Whey To Go Protein Powder (Chocolate) 454g Powder,0,0,0,19.99,taxable,,Vitamins,Solgar Whey To Go Protein Powder (Chocolate) 454g Powder. A vitamins and supplements product. Supplied as 454g.,No regulation
simple,0634158928604,Planet Paleo Pure Gelatine Small 200g,0,0,0,19.99,taxable,,Skincare,Planet Paleo Pure Gelatine Small 200g. A skincare product. Supplied as 200g.,No regulation
simple,5060571723086,UpCircle Organic Face Oil 30ml,0,0,0,19.99,taxable,,Skincare,UpCircle Organic Face Oil 30ml. A skincare product. Supplied as 30ml.,No regulation
simple,0033984023369,Solgar Resveratrol 250mg 30 Softgels,0,0,0,19.99,taxable,,Vitamins,Solgar Resveratrol 250mg 30 Softgels. A vitamins and supplements product. Supplied as 30 Softgels.,No regulation
simple,5060571822437,The Good Guru Gold Shilajit Extract + Organic Ashwagandha KSM-66 90 Capsules,0,0,0,19.99,taxable,,Vitamins,The Good Guru Gold Shilajit Extract + Organic Ashwagandha KSM-66 90 Capsules. A vitamins and supplements product. Supplied as 90 Capsules.,No regulation
simple,5060193641782,Bloom & Blossom Elastic Fantastic Stretch Mark Cream 150ml,0,0,0,19.99,taxable,,Skincare,Bloom & Blossom Elastic Fantastic Stretch Mark Cream 150ml. A skincare product. Supplied as 150ml.,No regulation
simple,5060018511597,KIKI Health Krill Oil 30 Capsules,0,0,0,19.99,taxable,,Vitamins,KIKI Health Krill Oil 30 Capsules. A vitamins and supplements product. Supplied as 30 Capsules.,No regulation
simple,0797153999939,Feel Supreme Himalayan Shilajit Capsules 60 Capsules,0,0,0,19.99,taxable,,Vitamins,Feel Supreme Himalayan Shilajit Capsules 60 Capsules. A vitamins and supplements product. Supplied as 60 Capsules.,No regulation
simple,3337875829007,CeraVe Resurfacing Retinol Serum 30ml,0,0,0,19.99,taxable,,Skincare,CeraVe Resurfacing Retinol Serum 30ml. A skincare product. Supplied as 30ml.,No regulation
simple,5034511000131,Green People Alexandra Kay Time To Smile Essential Oil Blend,0,0,0,19.99,taxable,,Skincare,Green People Alexandra Kay Time To Smile Essential Oil Blend. A skincare product.,No regulation
simple,7322541406411,Tena PROskin Flex Large Maxi Pads 22 Pack,0,0,0,19.99,taxable,zero-rate,Continence,Tena PROskin Flex Large Maxi Pads 22 Pack. A continence care product. Supplied as 22 Pack.,No regulation
simple,5060018510347,KIKI Health Body Biotics for Children 30 Tablets,0,0,0,19.99,taxable,,Baby & Child,KIKI Health Body Biotics for Children 30 Tablets. A baby and child product. Supplied as 30 Tablets.,No regulation
simple,5016695926889,Dymista Control Nasal Spray 120 Sprays,0,0,0,19.99,taxable,,Cold & Flu,"Dymista Control Nasal Spray 120 Sprays. Prescription-only medicine, supplied after an online consultation with our pharmacist. Always read the label and any leaflet supplied. If symptoms persist, speak to your pharmacist or doctor.",P
simple,5017954001002,Novofine Needles 6mm 31G 100 Needles,0,0,0,19.99,taxable,,General Health,Novofine Needles 6mm 31G 100 Needles. A health and wellbeing product. Supplied as 31G.,No regulation
simple,8718053572727,Nailner 2-In-1 Fungal Nail Brush 5ml,0,0,0,19.99,taxable,,Beauty,Nailner 2-In-1 Fungal Nail Brush 5ml. A health and beauty product. Supplied as 5ml.,No regulation
simple,0737870700104,Life Extension Pregnenolone 100mg 100 Capsules,0,0,0,19.99,taxable,,Vitamins,Life Extension Pregnenolone 100mg 100 Capsules. A vitamins and supplements product. Supplied as 100 Capsules.,No regulation
simple,0768990027215,Nordic Naturals Children's DHA Fish Oil Berry Punch 90 Chewable Softgels,0,0,0,19.99,taxable,,Baby & Child,Nordic Naturals Children's DHA Fish Oil Berry Punch 90 Chewable Softgels. A baby and child product. Supplied as 90 Chewable.,No regulation
simple,0033984023031,Solgar Pycnogenol 30mg 30 Capsules,0,0,0,19.99,taxable,,Vitamins,Solgar Pycnogenol 30mg 30 Capsules. A vitamins and supplements product. Supplied as 30 Capsules.,No regulation
simple,3666057014871,Clarins One Step Facial Cleanser 200ml,0,0,0,19.99,taxable,,Skincare,Clarins One Step Facial Cleanser 200ml. A skincare product. Supplied as 200ml.,No regulation
simple,5060099031892,Odylique Body Pamper Gift Set,0,0,0,19.99,taxable,,Beauty,Odylique Body Pamper Gift Set. A health and beauty product.,No regulation
simple,0658556024614,Living Nutrition Your Flora Family with Banana & Baobab 60 Capsules,0,0,0,19.99,taxable,,Vitamins,Living Nutrition Your Flora Family with Banana & Baobab 60 Capsules. A vitamins and supplements product. Supplied as 60 Capsules.,No regulation
simple,5060193642635,Bloom & Blossom Body & Soul Wellness Set,0,0,0,19.99,taxable,,General Health,Bloom & Blossom Body & Soul Wellness Set. A health and wellbeing product.,No regulation
simple,5038483844533,Scholl Softgrip C2 Below The Knee Compression Hosiery Extra Large Closed Toe Natural,0,0,0,19.99,taxable,,Supports & Braces,Scholl Softgrip C2 Below The Knee Compression Hosiery Extra Large Closed Toe Natural. A support and mobility product.,No regulation
simple,5056142606933,Protein World Vegan Blend Milk Chocolate 600g,0,0,0,19.99,taxable,zero-rate,Vitamins,Protein World Vegan Blend Milk Chocolate 600g. A vitamins and supplements product. Supplied as 600g.,No regulation
simple,3574661557168,Nicorette Quickmist Smarttrack Single 13.2ml,0,0,0,19.99,taxable,reduced-rate,Stop Smoking,Nicorette Quickmist Smarttrack Single 13.2ml. A stop-smoking product. Supplied as 13.2ml.,GSL
simple,0735850483184,Active Iron & B Complex Plus for Men - 30 Capsules & 30 Tablets,0,0,0,19.99,taxable,,Men's Health,Active Iron & B Complex Plus for Men - 30 Capsules & 30 Tablets. A men's health product. Supplied as 30 Tablets.,No regulation
simple,0033984529083,Solgar Vitamin D3 (Cholecalciferol) 4000IU (100µg) 120 Capsules,0,0,0,19.99,taxable,,Vitamins,Solgar Vitamin D3 (Cholecalciferol) 4000IU (100µg) 120 Capsules. A vitamins and supplements product. Supplied as 120 Capsules.,No regulation
simple,4020829006713,Dr. Hauschka Rose Day Cream Light 30ml,0,0,0,19.99,taxable,,Skincare,Dr. Hauschka Rose Day Cream Light 30ml. A skincare product. Supplied as 30ml.,No regulation
simple,5055148411015,Lamberts BCAA (Branch Chain Amino Acids) 180 Capsules,0,0,0,19.99,taxable,,Vitamins,Lamberts BCAA (Branch Chain Amino Acids) 180 Capsules. A vitamins and supplements product. Supplied as 180 Capsules.,No regulation
simple,5060203791803,"Terranova Bilberry, Lutein & Astaxanthin Complex 50 Pack",0,0,0,19.99,taxable,,Vitamins,"Terranova Bilberry, Lutein & Astaxanthin Complex 50 Pack. A vitamins and supplements product. Supplied as 50 Pack.",No regulation
simple,0658556117125,Mushrooms For Life Organic Turkey Tail 60 Capsules,0,0,0,19.99,taxable,,Vitamins,Mushrooms For Life Organic Turkey Tail 60 Capsules. A vitamins and supplements product. Supplied as 60 Capsules.,No regulation
simple,5055148413804,Lamberts Vitamins D3 2000iu & K2 90µg 90 Capsules,0,0,0,19.99,taxable,,Vitamins,Lamberts Vitamins D3 2000iu & K2 90µg 90 Capsules. A vitamins and supplements product. Supplied as 90 Capsules.,No regulation
simple,3282770148671,Avène Mineral Fluid SPF50 40ml,0,0,0,19.99,taxable,,Skincare,Avène Mineral Fluid SPF50 40ml. A skincare product. Supplied as 40ml.,No regulation
simple,3337875708289,La Roche Posay Effaclar Micro-Peeling Gel 400ml,0,0,0,19.99,taxable,,Skincare,La Roche Posay Effaclar Micro-Peeling Gel 400ml. A skincare product. Supplied as 400ml.,No regulation
simple,9335955005697,MooGoo Luscious Lippies Set,0,0,0,19.99,taxable,,General Health,MooGoo Luscious Lippies Set. A health and wellbeing product.,No regulation
simple,3282770038170,Avène Triacnéal EXPERT 30ml,0,0,0,19.99,taxable,,General Health,Avène Triacnéal EXPERT 30ml. A health and wellbeing product. Supplied as 30ml.,No regulation
simple,5034511000124,Green People Alexandra Kay Time To Relax Essential Oil Blend,0,0,0,19.99,taxable,,Skincare,Green People Alexandra Kay Time To Relax Essential Oil Blend. A skincare product.,No regulation
simple,3282770146394,Avène Cleanance Aqua Gel 50ml,0,0,0,19.99,taxable,,Skincare,Avène Cleanance Aqua Gel 50ml. A skincare product. Supplied as 50ml.,No regulation
simple,3282770390414,Avène Cleanance Comedomed Anti-blemishes Concentrate 30ml,0,0,0,19.99,taxable,,General Health,Avène Cleanance Comedomed Anti-blemishes Concentrate 30ml. A health and wellbeing product. Supplied as 30ml.,No regulation
simple,0658556117149,Mushrooms For Life Organic Shiitake 60 Capsules,0,0,0,19.99,taxable,,Vitamins,Mushrooms For Life Organic Shiitake 60 Capsules. A vitamins and supplements product. Supplied as 60 Capsules.,No regulation
simple,0658556117132,Mushrooms For Life Organic Tremella 60 Capsules,0,0,0,19.99,taxable,,Vitamins,Mushrooms For Life Organic Tremella 60 Capsules. A vitamins and supplements product. Supplied as 60 Capsules.,No regulation
simple,4020829008793,Dr. Hauschka Melissa Day Cream 30ml,0,0,0,19.99,taxable,,Skincare,Dr. Hauschka Melissa Day Cream 30ml. A skincare product. Supplied as 30ml.,No regulation
simple,5060221910668,Symprove Daily Live & Bacteria Supplement Original Flavour 500ml,0,0,0,19.99,taxable,,Vitamins,Symprove Daily Live & Bacteria Supplement Original Flavour 500ml. A vitamins and supplements product. Supplied as 500ml.,No regulation
simple,5060202185047,Cytoplan Women's Wholefood Multi with Iron 60 Capsules,0,0,0,19.99,taxable,,Women's Health,Cytoplan Women's Wholefood Multi with Iron 60 Capsules. A women's health product. Supplied as 60 Capsules.,No regulation
simple,8809738313244,Barr Super Green Deep Energy Ampoule,0,0,0,19.99,taxable,,General Health,Barr Super Green Deep Energy Ampoule. A health and wellbeing product.,No regulation
simple,5060112862694,Fushi Organic Argan Oil 100ml,0,0,0,19.99,taxable,,Skincare,Fushi Organic Argan Oil 100ml. A skincare product. Supplied as 100ml.,No regulation
simple,8809663751562,Mizon Collagen Power Lifting Emulsion 120ml,0,0,0,19.99,taxable,,Vitamins,Mizon Collagen Power Lifting Emulsion 120ml. A vitamins and supplements product. Supplied as 120ml.,No regulation
simple,0658556024706,Living Nutrition Organic Fermented Lemon Balm 60 Capsules,0,0,0,19.99,taxable,,Skincare,Living Nutrition Organic Fermented Lemon Balm 60 Capsules. A skincare product. Supplied as 60 Capsules.,No regulation
simple,9314839020759,QV Moisturising Cream for Sensitive Skin 1050g,0,0,0,19.99,taxable,,Skincare,QV Moisturising Cream for Sensitive Skin 1050g. A skincare product. Supplied as 1050g.,No regulation
simple,5055148404918,Lamberts Quercetin 500mg 60 Tablets,0,0,0,19.99,taxable,,Vitamins,Lamberts Quercetin 500mg 60 Tablets. A vitamins and supplements product. Supplied as 60 Tablets.,No regulation
simple,5060193642734,Bloom & Blossom Snoozefest Sleep Gift Set,0,0,0,19.99,taxable,,Beauty,Bloom & Blossom Snoozefest Sleep Gift Set. A health and beauty product.,No regulation
simple,5060203790790,Terranova Amino Freedom Protein Digestion Complex 50 Pack,0,0,0,19.99,taxable,,Vitamins,Terranova Amino Freedom Protein Digestion Complex 50 Pack. A vitamins and supplements product. Supplied as 50 Pack.,No regulation
simple,0658556117170,Mushrooms For Life Organic Reishi 60 Capsules,0,0,0,19.99,taxable,,Vitamins,Mushrooms For Life Organic Reishi 60 Capsules. A vitamins and supplements product. Supplied as 60 Capsules.,No regulation
simple,7350005300111,Cocois Coconut Oil Compound Ointment 100g,0,0,0,19.99,taxable,,Skincare,Cocois Coconut Oil Compound Ointment 100g. A skincare product. Supplied as 100g.,GSL
simple,0033984005570,Solgar Gold Specifics Cardiovascular Support 60 Tablets,0,0,0,19.99,taxable,,Supports & Braces,Solgar Gold Specifics Cardiovascular Support 60 Tablets. A support and mobility product. Supplied as 60 Tablets.,No regulation
simple,3282770396331,Avène Sun Protection Spray SPF50 200ml,0,0,0,19.99,taxable,,Skincare,Avène Sun Protection Spray SPF50 200ml. A skincare product. Supplied as 200ml.,No regulation
simple,5056142604922,Protein World Whey Concentrate Strawberry Milkshake Powder 520g,0,0,0,19.99,taxable,,Vitamins,Protein World Whey Concentrate Strawberry Milkshake Powder 520g. A vitamins and supplements product. Supplied as 520g.,No regulation
simple,5060776980192,DR.VEGAN Vegan Omega 3 300mg DHA 150 EPA 60 Softgels,0,0,0,19.99,taxable,,Vitamins,DR.VEGAN Vegan Omega 3 300mg DHA 150 EPA 60 Softgels. A vitamins and supplements product. Supplied as 60 Softgels.,No regulation
simple,4005900590367,Eucerin Hyaluron-Filler Vitamin C Booster 8ml,0,0,0,19.99,taxable,,Vitamins,Eucerin Hyaluron-Filler Vitamin C Booster 8ml. A vitamins and supplements product. Supplied as 8ml.,No regulation
simple,3800219793888,Alteya Organic Luminous Rose Pure Moisture Face Cream 50ml,0,0,0,19.99,taxable,,Skincare,Alteya Organic Luminous Rose Pure Moisture Face Cream 50ml. A skincare product. Supplied as 50ml.,No regulation
simple,9335955002962,MooGoo Milk Shampoo 1L,0,0,0,19.99,taxable,,Hair Care,MooGoo Milk Shampoo 1L. A hair care product. Supplied as 1L.,No regulation
simple,5060216563923,Bioglan Beauty Collagen 90 Tablets,0,0,0,19.99,taxable,,Vitamins,Bioglan Beauty Collagen 90 Tablets. A vitamins and supplements product. Supplied as 90 Tablets.,No regulation
simple,0033984041394,Solgar Rhodiola Root Extract 60 Capsules,0,0,0,19.99,taxable,,Vitamins,Solgar Rhodiola Root Extract 60 Capsules. A vitamins and supplements product. Supplied as 60 Capsules.,No regulation
simple,7350038490148,Dynamic Code Chlamydia Test for Women,0,0,0,19.99,taxable,,Women's Health,Dynamic Code Chlamydia Test for Women. A women's health product.,No regulation
simple,8809990007462,Skybottle White Rain Perfumed Body Lotion 240ml,0,0,0,19.99,taxable,,Skincare,Skybottle White Rain Perfumed Body Lotion 240ml. A skincare product. Supplied as 240ml.,No regulation
simple,5709976233201,Pharma Nord Bio-Curcumin 50 Capsules,0,0,0,19.99,taxable,,Vitamins,Pharma Nord Bio-Curcumin 50 Capsules. A vitamins and supplements product. Supplied as 50 Capsules.,No regulation
simple,5060099031427,Odylique Rose Travel Set,0,0,0,19.99,taxable,,General Health,Odylique Rose Travel Set. A health and wellbeing product.,No regulation
simple,4005900908421,Eucerin Pigment Control Tinted Light SPF50,0,0,0,19.99,taxable,,Skincare,Eucerin Pigment Control Tinted Light SPF50. A skincare product.,No regulation
simple,5410765000804,Excilor Solution for Fungal Nail Infection Treatment 3.3ml,0,0,0,19.99,taxable,,Beauty,Excilor Solution for Fungal Nail Infection Treatment 3.3ml. A health and beauty product. Supplied as 3.3ml.,GSL
simple,5060221910675,Symprove Daily Live & Bacteria Supplement Mango & Passion Fruit 500ml,0,0,0,19.99,taxable,,Vitamins,Symprove Daily Live & Bacteria Supplement Mango & Passion Fruit 500ml. A vitamins and supplements product. Supplied as 500ml.,No regulation
simple,5025970015132,Nivea Feel Rejuvenated Advanced Anti-Age Skincare Set,0,0,0,19.99,taxable,,Skincare,Nivea Feel Rejuvenated Advanced Anti-Age Skincare Set. A skincare product.,No regulation
simple,0658556024638,Living Nutrition Your Flora Regenesis 60 Capsules,0,0,0,19.99,taxable,,Vitamins,Living Nutrition Your Flora Regenesis 60 Capsules. A vitamins and supplements product. Supplied as 60 Capsules.,No regulation
simple,0739090024817,Imidaflea 250mg Spot-On Solution 10-25kg 3 x 2.5ml,0,0,0,19.99,taxable,,Pet Care,Imidaflea 250mg Spot-On Solution 10-25kg 3 x 2.5ml. A pet care product. Supplied as 3 x 2.5ml.,No regulation
simple,5025970009865,Nivea Men Match Day 8Pc,0,0,0,19.99,taxable,,General Health,Nivea Men Match Day 8Pc. A health and wellbeing product.,No regulation
simple,0658556024799,Living Nutrition Organic Fermented Tranquillity 60 Capsules,0,0,0,19.99,taxable,,Vitamins,Living Nutrition Organic Fermented Tranquillity 60 Capsules. A vitamins and supplements product. Supplied as 60 Capsules.,No regulation
simple,5060332531578,Lindens Health + Nutrition Garlic 1000mg 1000 Capsules,0,0,0,19.99,taxable,,Vitamins,Lindens Health + Nutrition Garlic 1000mg 1000 Capsules. A vitamins and supplements product. Supplied as 1000 Capsules.,No regulation
simple,5060203790813,Terranova Microbiome Woman 50 Veg Capsules,0,0,0,19.99,taxable,,Vitamins,Terranova Microbiome Woman 50 Veg Capsules. A vitamins and supplements product.,No regulation
simple,5028392000892,Nutri Advanced Magnesium Glycinate 120 Tablets,0,0,0,19.99,taxable,,Vitamins,Nutri Advanced Magnesium Glycinate 120 Tablets. A vitamins and supplements product. Supplied as 120 Tablets.,No regulation
simple,5025903224709,Fingertip Pulse Oximeter Measuring Spo2 & Pulse Rate,0,0,0,19.99,taxable,,Testing & Monitoring,"Fingertip Pulse Oximeter Measuring Spo2 & Pulse Rate. Always read the label and any leaflet supplied. If symptoms persist, speak to your pharmacist or doctor.",No regulation
simple,0658556117187,Mushrooms For Life Organic Maitake 60 Capsules,0,0,0,19.99,taxable,,Vitamins,Mushrooms For Life Organic Maitake 60 Capsules. A vitamins and supplements product. Supplied as 60 Capsules.,No regulation
simple,5060776980642,DR.VEGAN HeartPro 60 Capsules,0,0,0,19.99,taxable,,Vitamins,DR.VEGAN HeartPro 60 Capsules. A vitamins and supplements product. Supplied as 60 Capsules.,No regulation
simple,3800219793901,Alteya Organic Luminous Rose Iridescent Light Serum 30ml,0,0,0,19.99,taxable,,Skincare,Alteya Organic Luminous Rose Iridescent Light Serum 30ml. A skincare product. Supplied as 30ml.,No regulation
simple,5060018514833,KIKI Health MSM Flakes 100 Vegicaps,0,0,0,19.99,taxable,,Vitamins,KIKI Health MSM Flakes 100 Vegicaps. A vitamins and supplements product.,No regulation
simple,3380810304770,Clarins Mineral Sun Care Face Compact SPF30 11.5g,0,0,0,19.99,taxable,,Skincare,Clarins Mineral Sun Care Face Compact SPF30 11.5g. A skincare product. Supplied as 11.5g.,No regulation
simple,5036631008554,Forceval Soluble 30 Tablets,0,0,0,19.99,taxable,,Vitamins,Forceval Soluble 30 Tablets. A vitamins and supplements product. Supplied as 30 Tablets.,No regulation
simple,3367729117264,Biotherm Anti Drying Body Milk 400ml,0,0,0,19.99,taxable,,General Health,Biotherm Anti Drying Body Milk 400ml. A health and wellbeing product. Supplied as 400ml.,No regulation
simple,0615908951035,Tigi Bed Head Elasticate Shampoo & Conditioner Tween Duo 750ml 2 Pack,0,0,0,19.99,taxable,,Hair Care,Tigi Bed Head Elasticate Shampoo & Conditioner Tween Duo 750ml 2 Pack. A hair care product. Supplied as 2 Pack.,No regulation
simple,5030451003676,Cetraben Emollient Cream 1050g,0,0,0,19.99,taxable,,Skincare,Cetraben Emollient Cream 1050g. A skincare product. Supplied as 1050g.,No regulation
simple,5060776980888,DR. VEGAN Peri-MenoFriend 60 Capsules,0,0,0,19.99,taxable,,Vitamins,DR. VEGAN Peri-MenoFriend 60 Capsules. A vitamins and supplements product. Supplied as 60 Capsules.,No regulation
simple,0033984002012,Solgar Vitamin B-Complex with Vitamin C 250 Tablets,0,0,0,19.99,taxable,,Vitamins,Solgar Vitamin B-Complex with Vitamin C 250 Tablets. A vitamins and supplements product. Supplied as 250 Tablets.,No regulation
simple,7350012553470,BioGaia Baby Drops for Immune System with Vitamin D 10ml,0,0,0,19.99,taxable,,Baby & Child,BioGaia Baby Drops for Immune System with Vitamin D 10ml. A baby and child product. Supplied as 10ml.,No regulation
simple,5012616262166,Dermalex Scalp Psoriasis Treatment Gel 75g,0,0,0,19.99,taxable,,Hair Care,Dermalex Scalp Psoriasis Treatment Gel 75g. A hair care product. Supplied as 75g.,No regulation
simple,0658556116876,Botanicals For Life Organic Chamomile Extract 50ml,0,0,0,19.99,taxable,,General Health,Botanicals For Life Organic Chamomile Extract 50ml. A health and wellbeing product. Supplied as 50ml.,No regulation
simple,4005800258404,Eucerin Hyaluron-Filler Moisture Booster 30ml,0,0,0,19.99,taxable,,Skincare,Eucerin Hyaluron-Filler Moisture Booster 30ml. A skincare product. Supplied as 30ml.,No regulation
simple,3666057031281,Clarins Relaxing Bath & Shower Concentrate 200ml,0,0,0,19.99,taxable,,Beauty,Clarins Relaxing Bath & Shower Concentrate 200ml. A health and beauty product. Supplied as 200ml.,No regulation
simple,5060203790387,Terranova Vitamin C 250mg Multi-Ascorbate Complex (Non Acidic) 100 Capsules,0,0,0,19.99,taxable,,Vitamins,Terranova Vitamin C 250mg Multi-Ascorbate Complex (Non Acidic) 100 Capsules. A vitamins and supplements product. Supplied as 100 Capsules.,No regulation
simple,5031013107351,Higher Nature Aeterna Gold Collagen Drink 80g,0,0,0,19.99,taxable,,Vitamins,Higher Nature Aeterna Gold Collagen Drink 80g. A vitamins and supplements product. Supplied as 80g.,No regulation
simple,5060144757623,YuMOVE Digestive Care Probiotic & Fibre 180g,0,0,0,19.99,taxable,,Digestive,"YuMOVE Digestive Care Probiotic & Fibre 180g. Always read the label and any leaflet supplied. If symptoms persist, speak to your pharmacist or doctor. Supplied as 180g.",No regulation
simple,5055148414818,Lamberts Vegan Omega 3 30 Capsules,0,0,0,19.95,taxable,,Vitamins,Lamberts Vegan Omega 3 30 Capsules. A vitamins and supplements product. Supplied as 30 Capsules.,No regulation
simple,5031013109102,Higher Nature Pro-Immune 30 Capsules,0,0,0,19.95,taxable,,Vitamins,Higher Nature Pro-Immune 30 Capsules. A vitamins and supplements product. Supplied as 30 Capsules.,No regulation
simple,5031013103483,Higher Nature Advanced Glucose Support 90 Capsules,0,0,0,19.95,taxable,,Supports & Braces,Higher Nature Advanced Glucose Support 90 Capsules. A support and mobility product. Supplied as 90 Capsules.,No regulation
simple,5055148411060,Lamberts Acetyl L-Carnitine 500mg 60 Capsules,0,0,0,19.95,taxable,,Vitamins,Lamberts Acetyl L-Carnitine 500mg 60 Capsules. A vitamins and supplements product. Supplied as 60 Capsules.,No regulation
simple,5031013102387,Higher Nature Supergest 90 Capsules,0,0,0,19.95,taxable,,Vitamins,Higher Nature Supergest 90 Capsules. A vitamins and supplements product. Supplied as 90 Capsules.,No regulation
simple,5031013101878,Higher Nature Chlorella 180 Tablets,0,0,0,19.95,taxable,,Vitamins,Higher Nature Chlorella 180 Tablets. A vitamins and supplements product. Supplied as 180 Tablets.,No regulation
simple,8006540176160,Olay Cleanse & Glow Cleansing Gift Set,0,0,0,19.89,taxable,,Skincare,Olay Cleanse & Glow Cleansing Gift Set. A skincare product.,No regulation
simple,0054402700976,Australian Gold Rapid Tanning Intensifier Lotion 250ml,0,0,0,19.89,taxable,,Skincare,Australian Gold Rapid Tanning Intensifier Lotion 250ml. A skincare product. Supplied as 250ml.,No regulation
simple,5060927260227,BeYou Night Time Support 90 Capsules,0,0,0,19.89,taxable,,Supports & Braces,BeYou Night Time Support 90 Capsules. A support and mobility product. Supplied as 90 Capsules.,No regulation
simple,5010777139297,Salter Bamboo Electronic Scale,0,0,0,19.89,taxable,,General Health,Salter Bamboo Electronic Scale. A health and wellbeing product.,No regulation
simple,5031013108730,Higher Nature Daily Nutrients for Immunity 28 Capsules,0,0,0,19.89,taxable,,Vitamins,Higher Nature Daily Nutrients for Immunity 28 Capsules. A vitamins and supplements product. Supplied as 28 Capsules.,No regulation
simple,3380810059106,Clarins Water Purify One-Step Cleanser 200ml,0,0,0,19.89,taxable,,Skincare,Clarins Water Purify One-Step Cleanser 200ml. A skincare product. Supplied as 200ml.,No regulation
simple,5099299042445,Frontline Wormer for Dogs >17.5kg 2 Tablets,0,0,0,19.89,taxable,,Pet Care,Frontline Wormer for Dogs >17.5kg 2 Tablets. A pet care product. Supplied as 2 Tablets.,No regulation
simple,0033984010390,Solgar Ester-C Plus 500mg Vitamin C 100 Capsules,0,0,0,19.89,taxable,,Vitamins,Solgar Ester-C Plus 500mg Vitamin C 100 Capsules. A vitamins and supplements product. Supplied as 100 Capsules.,No regulation
simple,5060927260210,BeYou Monthly Cycle Support 90 Capsules,0,0,0,19.89,taxable,,Supports & Braces,BeYou Monthly Cycle Support 90 Capsules. A support and mobility product. Supplied as 90 Capsules.,No regulation
simple,0033984041141,Solgar Boswellia Resin Extract 60 Capsules,0,0,0,19.89,taxable,,Vitamins,Solgar Boswellia Resin Extract 60 Capsules. A vitamins and supplements product. Supplied as 60 Capsules.,No regulation
simple,5023652535008,Nature's Aid Marine Collagen Liquid 5000mg Tropical 500ml,0,0,0,19.89,taxable,,Vitamins,Nature's Aid Marine Collagen Liquid 5000mg Tropical 500ml. A vitamins and supplements product. Supplied as 500ml.,No regulation
simple,5407007651252,Bambaw Bamboo Safety Razor Classic Dark,0,0,0,19.89,taxable,,Men's Grooming,Bambaw Bamboo Safety Razor Classic Dark. A men's grooming product.,No regulation
simple,5060519147585,Pukka Inner Peace 60 Capsules,0,0,0,19.89,taxable,,Vitamins,Pukka Inner Peace 60 Capsules. A vitamins and supplements product. Supplied as 60 Capsules.,No regulation
simple,5060018515496,KIKI Health Organic Irish Sea Moss 90 Vegicaps,0,0,0,19.89,taxable,,Vitamins,KIKI Health Organic Irish Sea Moss 90 Vegicaps. A vitamins and supplements product.,No regulation
simple,9349288140499,A'kin Brightening Rosehip Oil with Vitamin C 20ml,0,0,0,19.89,taxable,,Vitamins,A'kin Brightening Rosehip Oil with Vitamin C 20ml. A vitamins and supplements product. Supplied as 20ml.,No regulation
simple,5407007651269,Bambaw Bamboo Safety Razor Slim Dark,0,0,0,19.89,taxable,,Men's Grooming,Bambaw Bamboo Safety Razor Slim Dark. A men's grooming product.,No regulation
simple,3380811241104,Clarins Gentle Foaming Cleanser with Shea Butter 125ml,0,0,0,19.89,taxable,,Skincare,Clarins Gentle Foaming Cleanser with Shea Butter 125ml. A skincare product. Supplied as 125ml.,No regulation
simple,5060018516622,KIKI Health Organic Slippery Elm 60 Vegicaps,0,0,0,19.89,taxable,,Vitamins,KIKI Health Organic Slippery Elm 60 Vegicaps. A vitamins and supplements product.,No regulation
simple,5060927260241,BeYou Bloatex Supports Natural Digestive Function 90 Capsules,0,0,0,19.89,taxable,,Vitamins,BeYou Bloatex Supports Natural Digestive Function 90 Capsules. A vitamins and supplements product. Supplied as 90 Capsules.,No regulation
simple,0054402290545,Australian Gold Instant Sunless Lotion 177ml,0,0,0,19.89,taxable,,Skincare,Australian Gold Instant Sunless Lotion 177ml. A skincare product. Supplied as 177ml.,No regulation
simple,5056142608180,Protein World Weight Gainer Protein Chocolate 1.61kg,0,0,0,19.89,taxable,,Vitamins,Protein World Weight Gainer Protein Chocolate 1.61kg. A vitamins and supplements product. Supplied as 1.61kg.,No regulation
simple,5055757901587,Fushi Organic Aloe Vera Juice 1000ml,0,0,0,19.89,taxable,,General Health,Fushi Organic Aloe Vera Juice 1000ml. A health and wellbeing product. Supplied as 1000ml.,No regulation
simple,5023652575004,Nature's Aid Marine Collagen Liquid 5000mg Strawberry & Lime 500ml,0,0,0,19.89,taxable,,Vitamins,Nature's Aid Marine Collagen Liquid 5000mg Strawberry & Lime 500ml. A vitamins and supplements product. Supplied as 500ml.,No regulation
simple,0859975002317,Andalou Resveratrol Q10 Night Repair Cream 50g,0,0,0,19.89,taxable,,Skincare,Andalou Resveratrol Q10 Night Repair Cream 50g. A skincare product. Supplied as 50g.,No regulation
simple,5425012531031,Remescar Silicone Scar Cream for Stretch Marks 100ml,0,0,0,19.89,taxable,,Skincare,Remescar Silicone Scar Cream for Stretch Marks 100ml. A skincare product. Supplied as 100ml.,No regulation
simple,5060734420029,Rose & Caramel Intensity Bold & Bronzed Self Tanning Mousse 200ml,0,0,0,19.89,taxable,,Hair Care,Rose & Caramel Intensity Bold & Bronzed Self Tanning Mousse 200ml. A hair care product. Supplied as 200ml.,No regulation
simple,5060018514659,KIKI Health Organic Moringa Vegicaps 120 Vegicaps,0,0,0,19.89,taxable,,Vitamins,KIKI Health Organic Moringa Vegicaps 120 Vegicaps. A vitamins and supplements product.,No regulation
simple,9421023621767,Manuka Health MGO 250+ Kids Syrup 100ml,0,0,0,19.89,taxable,,General Health,Manuka Health MGO 250+ Kids Syrup 100ml. A health and wellbeing product. Supplied as 100ml.,No regulation
simple,5060503930001,LithoLexal Bone Health Osteoporotic 60 Tablets,0,0,0,19.89,taxable,,Vitamins,LithoLexal Bone Health Osteoporotic 60 Tablets. A vitamins and supplements product. Supplied as 60 Tablets.,No regulation
simple,5060734420012,Rose & Caramel Velvety Dark Olive Self Tanning Mousse 200ml,0,0,0,19.89,taxable,,Hair Care,Rose & Caramel Velvety Dark Olive Self Tanning Mousse 200ml. A hair care product. Supplied as 200ml.,No regulation
simple,5400951990088,Wartner Pro Pen,0,0,0,19.89,taxable,,Skincare,Wartner Pro Pen. A skincare product.,GSL
simple,0832826002216,ClearZal Antimicrobial Nail Solution 30ml,0,0,0,19.89,taxable,,Beauty,ClearZal Antimicrobial Nail Solution 30ml. A health and beauty product. Supplied as 30ml.,No regulation
simple,5060018511733,KIKI Health Organic Psyllium Husk Powder 275g,0,0,0,19.89,taxable,,Digestive,"KIKI Health Organic Psyllium Husk Powder 275g. Always read the label and any leaflet supplied. If symptoms persist, speak to your pharmacist or doctor. Supplied as 275g.",No regulation
simple,5060018512778,KIKI Health Organic Slippery Elm Powder 45g,0,0,0,19.89,taxable,,Vitamins,KIKI Health Organic Slippery Elm Powder 45g. A vitamins and supplements product. Supplied as 45g.,No regulation
simple,5031013108716,Higher Nature Aeterna Men Hair Complex 60 Capsules,0,0,0,19.89,taxable,,Hair Care,Higher Nature Aeterna Men Hair Complex 60 Capsules. A hair care product. Supplied as 60 Capsules.,No regulation
simple,3380810032871,Clarins Toning Lotion for with Camomile Normal/Dry Skin 200ml,0,0,0,19.89,taxable,,Skincare,Clarins Toning Lotion for with Camomile Normal/Dry Skin 200ml. A skincare product. Supplied as 200ml.,No regulation
simple,5021769917120,Technic Man Stuff Toiletry Advent Calendar,0,0,0,19.89,taxable,,Skincare,Technic Man Stuff Toiletry Advent Calendar. A skincare product.,No regulation
simple,5060018515533,KIKI Health Bovine Collagen Peptides Powder 200g,0,0,0,19.89,taxable,,Vitamins,KIKI Health Bovine Collagen Peptides Powder 200g. A vitamins and supplements product. Supplied as 200g.,No regulation
simple,5056142608173,Protein World Weight Gainer Protein Vanilla 1.61kg,0,0,0,19.89,taxable,,Vitamins,Protein World Weight Gainer Protein Vanilla 1.61kg. A vitamins and supplements product. Supplied as 1.61kg.,No regulation
simple,5060018512853,KIKI Health Organic Premium Ceremonial Matcha Powder 30g,0,0,0,19.89,taxable,zero-rate,Vitamins,KIKI Health Organic Premium Ceremonial Matcha Powder 30g. A vitamins and supplements product. Supplied as 30g.,No regulation
simple,5060018515328,KIKI Health Organic Sea Kelp 90 Vegicaps,0,0,0,19.89,taxable,,Vitamins,KIKI Health Organic Sea Kelp 90 Vegicaps. A vitamins and supplements product.,No regulation
simple,0033984027145,Solgar Tonalin CLA 1300mg 60 Softgels,0,0,0,19.89,taxable,,Vitamins,Solgar Tonalin CLA 1300mg 60 Softgels. A vitamins and supplements product. Supplied as 60 Softgels.,No regulation
simple,5391520940750,Dermalex Rosacea Treatment 30g,0,0,0,19.89,taxable,,General Health,Dermalex Rosacea Treatment 30g. A health and wellbeing product. Supplied as 30g.,No regulation
simple,5391531560800,Spotlight Oral Care Spotlight Sonic Toothbrush Replacement Heads,0,0,0,19.89,taxable,,Oral Care,Spotlight Oral Care Spotlight Sonic Toothbrush Replacement Heads. An oral care product.,No regulation
simple,5060229012449,Pukka Clean Greens Powder 112g,0,0,0,19.79,taxable,,Vitamins,Pukka Clean Greens Powder 112g. A vitamins and supplements product. Supplied as 112g.,No regulation
simple,5060571720825,UpCircle Soy Candle Coffee Grounds 180ml,0,0,0,19.79,taxable,,Beauty,UpCircle Soy Candle Coffee Grounds 180ml. A health and beauty product. Supplied as 180ml.,No regulation
simple,5060571720795,UpCircle Body Cream with Date Seeds 120ml,0,0,0,19.79,taxable,,Skincare,UpCircle Body Cream with Date Seeds 120ml. A skincare product. Supplied as 120ml.,No regulation
simple,0017854117198,Baylis & Harding Citrus Lime & Mint Invigorating Wash & Prep Gift Set,0,0,0,19.79,taxable,,Beauty,Baylis & Harding Citrus Lime & Mint Invigorating Wash & Prep Gift Set. A health and beauty product.,No regulation
simple,5060571720818,UpCircle Soy Candle Chai Spices 180ml,0,0,0,19.79,taxable,,Beauty,UpCircle Soy Candle Chai Spices 180ml. A health and beauty product. Supplied as 180ml.,No regulation
simple,5060571720542,UpCircle Face Moisturiser with Argan Powder 60ml,0,0,0,19.79,taxable,,Skincare,UpCircle Face Moisturiser with Argan Powder 60ml. A skincare product. Supplied as 60ml.,No regulation
simple,5060571720948,UpCircle Night Cream with Hyaluronic Acid + Niacinamide 55ml,0,0,0,19.79,taxable,,Skincare,UpCircle Night Cream with Hyaluronic Acid + Niacinamide 55ml. A skincare product. Supplied as 55ml.,No regulation
simple,3401343926755,Puressentiel Purifying Air Spray 200ml,0,0,0,19.79,taxable,,Beauty,Puressentiel Purifying Air Spray 200ml. A health and beauty product. Supplied as 200ml.,No regulation
simple,5060409330202,Zen CBD 300mg CBD Oil Spray Peppermint 20ml,0,0,0,19.79,taxable,,Skincare,Zen CBD 300mg CBD Oil Spray Peppermint 20ml. A skincare product. Supplied as 20ml.,No regulation
simple,5055148412609,Lamberts Turmeric Fast Release 120 Tablets,0,0,0,19.69,taxable,,Vitamins,Lamberts Turmeric Fast Release 120 Tablets. A vitamins and supplements product. Supplied as 120 Tablets.,No regulation
simple,0033984307216,Solgar L-Carnitine 1500mg 473ml,0,0,0,19.69,taxable,,Vitamins,Solgar L-Carnitine 1500mg 473ml. A vitamins and supplements product. Supplied as 473ml.,No regulation
simple,5413765911637,Scopoderm Travel Sickness 2 Patches,0,0,0,19.69,taxable,,Prescription Medicines,"Scopoderm Travel Sickness 2 Patches. Prescription-only medicine, supplied after an online consultation with our pharmacist. Always read the label and any leaflet supplied. If symptoms persist, speak to your pharmacist or doctor. Supplied as 2 Patches.",P
simple,5060193641867,Bloom & Blossom Spritzy Toes Revitalising Leg & Foot Spray 100ml,0,0,0,19.69,taxable,,Beauty,Bloom & Blossom Spritzy Toes Revitalising Leg & Foot Spray 100ml. A health and beauty product. Supplied as 100ml.,No regulation
simple,5060203790233,Terranova Folate (Methylfolate) 400Ug Complex 100 Pack,0,0,0,19.59,taxable,,Vitamins,Terranova Folate (Methylfolate) 400Ug Complex 100 Pack. A vitamins and supplements product. Supplied as 100 Pack.,No regulation
simple,5060202181681,Cytoplan Acidophilus Plus 30 Capsules,0,0,0,19.59,taxable,,Vitamins,Cytoplan Acidophilus Plus 30 Capsules. A vitamins and supplements product. Supplied as 30 Capsules.,No regulation
simple,96205297,Beauty Kitchen Pure Source Collagen Serum 10ml,0,0,0,19.59,taxable,,Skincare,Beauty Kitchen Pure Source Collagen Serum 10ml. A skincare product. Supplied as 10ml.,No regulation
simple,0753950001251,Doctor's Best Nattokinase 2000 FUs 90 Veggie Caps,0,0,0,19.59,taxable,,General Health,Doctor's Best Nattokinase 2000 FUs 90 Veggie Caps. A health and wellbeing product.,No regulation
simple,5054563022356,Voltarol Emulgel 1.16% Gel 180g,0,0,0,19.59,taxable,,Pain Relief,"Voltarol Emulgel 1.16% Gel 180g. Prescription-only medicine, supplied after an online consultation with our pharmacist. Always read the label and any leaflet supplied. If symptoms persist, speak to your pharmacist or doctor. Supplied as 180g.",P
simple,0739090024794,Imidaflea 80mg Spot-On Solution >4kg 3 x 0.8ml,0,0,0,19.49,taxable,,Pet Care,Imidaflea 80mg Spot-On Solution >4kg 3 x 0.8ml. A pet care product. Supplied as 3 x 0.8ml.,GSL
simple,0033984008151,Solgar Lit'l Squirts Children's DHA 90 Chewie-Gels,0,0,0,19.49,taxable,,Baby & Child,Solgar Lit'l Squirts Children's DHA 90 Chewie-Gels. A baby and child product.,No regulation
simple,0702811534537,Children's Daily Multi Nutrient 60 Capsules,0,0,0,19.49,taxable,,Baby & Child,Children's Daily Multi Nutrient 60 Capsules. A baby and child product. Supplied as 60 Capsules.,No regulation
simple,0610370613962,Magnesium 60 Capsules,0,0,0,19.49,taxable,,Vitamins,Magnesium 60 Capsules. A vitamins and supplements product. Supplied as 60 Capsules.,No regulation
simple,5034511002876,Green People Cooling Moisturiser 100ml,0,0,0,19.49,taxable,,Skincare,Green People Cooling Moisturiser 100ml. A skincare product. Supplied as 100ml.,No regulation
simple,5060280920370,FlexiSEQ Max Strength Osteo Gel 50g,0,0,0,19.49,taxable,,Skincare,FlexiSEQ Max Strength Osteo Gel 50g. A skincare product. Supplied as 50g.,No regulation
simple,0859975020090,Andalou 1000 Roses Heavenly Night Cream 50g,0,0,0,19.49,taxable,,Skincare,Andalou 1000 Roses Heavenly Night Cream 50g. A skincare product. Supplied as 50g.,No regulation
simple,5031013100673,Higher Nature Alka Clear Powder 250g,0,0,0,19.49,taxable,,Vitamins,Higher Nature Alka Clear Powder 250g. A vitamins and supplements product. Supplied as 250g.,No regulation
simple,0083000005770,Nature's Answer Ashwagandha Root 60ml,0,0,0,19.49,taxable,,General Health,Nature's Answer Ashwagandha Root 60ml. A health and wellbeing product. Supplied as 60ml.,No regulation
simple,0033984003965,"Solgar Beta 1,3 Glucans 60 Tablets",0,0,0,19.49,taxable,,Vitamins,"Solgar Beta 1,3 Glucans 60 Tablets. A vitamins and supplements product. Supplied as 60 Tablets.",No regulation
simple,0033984009325,Solgar Coq-10 30mg 60 Capsules,0,0,0,19.49,taxable,,Vitamins,Solgar Coq-10 30mg 60 Capsules. A vitamins and supplements product. Supplied as 60 Capsules.,No regulation
simple,8594161370451,Enterosgel Sachets 10x15g,0,0,0,19.49,taxable,,Vitamins,Enterosgel Sachets 10x15g. A vitamins and supplements product. Supplied as 10x15g.,No regulation
simple,5060203792923,Terranova Cordyceps 500mg 50 Pack,0,0,0,19.49,taxable,,Vitamins,Terranova Cordyceps 500mg 50 Pack. A vitamins and supplements product. Supplied as 50 Pack.,No regulation
simple,8809367895678,Jumiso Have a Good Cream Snail & Centella 50g,0,0,0,19.49,taxable,,Skincare,Jumiso Have a Good Cream Snail & Centella 50g. A skincare product. Supplied as 50g.,No regulation
simple,0658556117118,Mushrooms For Life Organic Cordyceps Perform Full Spectrum 60 Capsules,0,0,0,19.48,taxable,,Vitamins,Mushrooms For Life Organic Cordyceps Perform Full Spectrum 60 Capsules. A vitamins and supplements product. Supplied as 60 Capsules.,No regulation
simple,5711782000021,AllMatters Menstrual Cup Size B,0,0,0,19.39,taxable,zero-rate,Women's Health,AllMatters Menstrual Cup Size B. A women's health product.,No regulation
simple,6001159131007,Bio-Oil Body Lotion 250ml,0,0,0,19.39,taxable,,Skincare,Bio-Oil Body Lotion 250ml. A skincare product. Supplied as 250ml.,No regulation
simple,8809743540420,Mizon Hyaluronic Acid 100 30ml,0,0,0,19.39,taxable,,General Health,Mizon Hyaluronic Acid 100 30ml. A health and wellbeing product. Supplied as 30ml.,No regulation
simple,5060202181384,Cytoplan 5-HTP Plus 60 Capsules,0,0,0,19.39,taxable,,Vitamins,Cytoplan 5-HTP Plus 60 Capsules. A vitamins and supplements product. Supplied as 60 Capsules.,No regulation
simple,0634158970023,Planet Paleo Organic Bone Broth Collagen Protein Herbal Defence 10 Pack,0,0,0,19.39,taxable,,Vitamins,Planet Paleo Organic Bone Broth Collagen Protein Herbal Defence 10 Pack. A vitamins and supplements product. Supplied as 10 Pack.,No regulation
simple,3380810205251,Clarins Gentle Foaming Cleanser with Tamarind Combination/Oily Skin 125ml,0,0,0,19.39,taxable,,Skincare,Clarins Gentle Foaming Cleanser with Tamarind Combination/Oily Skin 125ml. A skincare product. Supplied as 125ml.,No regulation
simple,4005800147319,Eucerin Sun Photoaging Control Fluid SPF30 50ml,0,0,0,19.39,taxable,,Skincare,Eucerin Sun Photoaging Control Fluid SPF30 50ml. A skincare product. Supplied as 50ml.,No regulation
simple,4001638088763,Weleda Iris Hydrating Daycream 30ml,0,0,0,19.39,taxable,,Skincare,Weleda Iris Hydrating Daycream 30ml. A skincare product. Supplied as 30ml.,No regulation
simple,3282770149562,Avène Very High Protection Cleanance Tinted SPF 50+ 50ml,0,0,0,19.39,taxable,,Skincare,Avène Very High Protection Cleanance Tinted SPF 50+ 50ml. A skincare product. Supplied as 50ml.,No regulation
simple,0634158969997,Planet Paleo Organic Bone Broth Collagen Protein Golden Turmeric 10 Sachets,0,0,0,19.39,taxable,,Vitamins,Planet Paleo Organic Bone Broth Collagen Protein Golden Turmeric 10 Sachets. A vitamins and supplements product. Supplied as 10 Sachets.,No regulation
simple,8809408731279,Dr. Oracle 21 Stay A-Thera Cleansing Foam 100ml,0,0,0,19.39,taxable,,Skincare,Dr. Oracle 21 Stay A-Thera Cleansing Foam 100ml. A skincare product. Supplied as 100ml.,No regulation
simple,5038483844496,Scholl Softgrip C2 Below The Knee Compression Hosiery XL Closed Toe Black,0,0,0,19.39,taxable,,Supports & Braces,Scholl Softgrip C2 Below The Knee Compression Hosiery XL Closed Toe Black. A support and mobility product.,No regulation
simple,0658556024607,Living Nutrition Organic Your Flora Sensitive 60 Capsules,0,0,0,19.39,taxable,,Vitamins,Living Nutrition Organic Your Flora Sensitive 60 Capsules. A vitamins and supplements product. Supplied as 60 Capsules.,No regulation
simple,3411113040956,Douxo Care Auricular Lotion 125ml,0,0,0,19.39,taxable,,Skincare,Douxo Care Auricular Lotion 125ml. A skincare product. Supplied as 125ml.,No regulation
simple,5031013104404,Higher Nature Pro-Intensive 30 Capsules,0,0,0,19.39,taxable,,Vitamins,Higher Nature Pro-Intensive 30 Capsules. A vitamins and supplements product. Supplied as 30 Capsules.,No regulation
simple,3282779296656,Avène Eau Thermale Limited Edition Kit,0,0,0,19.39,taxable,,General Health,Avène Eau Thermale Limited Edition Kit. A health and wellbeing product.,No regulation
simple,8009722008600,Peptivet Foam 100ml,0,0,0,19.39,taxable,,General Health,Peptivet Foam 100ml. A health and wellbeing product. Supplied as 100ml.,No regulation
simple,8809567925199,Barr Centella Calming Gel Essence 60ml,0,0,0,19.39,taxable,,Skincare,Barr Centella Calming Gel Essence 60ml. A skincare product. Supplied as 60ml.,No regulation
simple,5055148415167,Lamberts Multi-Guard Control 120 Tablets,0,0,0,19.39,taxable,,Vitamins,Lamberts Multi-Guard Control 120 Tablets. A vitamins and supplements product. Supplied as 120 Tablets.,No regulation
simple,3282770203554,Avène Antirougeurs Day Soothing Cream SPF 30 40ml,0,0,0,19.39,taxable,,Skincare,Avène Antirougeurs Day Soothing Cream SPF 30 40ml. A skincare product. Supplied as 40ml.,No regulation
simple,5031013108723,Higher Nature Aeterna Men Skin Complex 60 Capsules,0,0,0,19.39,taxable,,Skincare,Higher Nature Aeterna Men Skin Complex 60 Capsules. A skincare product. Supplied as 60 Capsules.,No regulation
simple,5011417572733,Scholl Lower Back Pain Relief Insole Large,0,0,0,19.39,taxable,,Supports & Braces,Scholl Lower Back Pain Relief Insole Large. A support and mobility product.,No regulation
simple,4103040027993,Sebamed Anti-Hairloss Intensive Foam 70ml,0,0,0,19.39,taxable,,Hair Care,Sebamed Anti-Hairloss Intensive Foam 70ml. A hair care product. Supplied as 70ml.,No regulation
simple,9335955001927,MooGoo Natural Tanning Mouse 200ml,0,0,0,19.39,taxable,,General Health,MooGoo Natural Tanning Mouse 200ml. A health and wellbeing product. Supplied as 200ml.,No regulation
simple,0705928002005,NeilMed Sinus Rinse 120 Premixed Sachets,0,0,0,19.29,taxable,,Cold & Flu,"NeilMed Sinus Rinse 120 Premixed Sachets. Always read the label and any leaflet supplied. If symptoms persist, speak to your pharmacist or doctor.",No regulation
simple,4001638095112,Weleda Stretch Mark Massage Oil 100ml,0,0,0,19.29,taxable,,Vitamins,Weleda Stretch Mark Massage Oil 100ml. A vitamins and supplements product. Supplied as 100ml.,No regulation
simple,5021265223404,Vitabiotics Wellwoman Original 90 Capsules,0,0,0,19.29,taxable,,Vitamins,Vitabiotics Wellwoman Original 90 Capsules. A vitamins and supplements product. Supplied as 90 Capsules.,No regulation
simple,5391500071337,Cleanmarine Krill Oil High Strength 590 Marine Gelcaps 60 Pack,0,0,0,19.29,taxable,,Skincare,Cleanmarine Krill Oil High Strength 590 Marine Gelcaps 60 Pack. A skincare product. Supplied as 60 Pack.,No regulation
simple,5707637270206,Pharma Nord Bio-Biloba 100mg 60 Tablets,0,0,0,19.29,taxable,,Vitamins,Pharma Nord Bio-Biloba 100mg 60 Tablets. A vitamins and supplements product. Supplied as 60 Tablets.,No regulation
simple,5701170343878,TrizAural Solution 118ml,0,0,0,19.29,taxable,,General Health,TrizAural Solution 118ml. A health and wellbeing product. Supplied as 118ml.,No regulation
simple,3380810033663,Clarins Toning Lotion with Iris Alcohol Free 200ml,0,0,0,19.29,taxable,,Skincare,Clarins Toning Lotion with Iris Alcohol Free 200ml. A skincare product. Supplied as 200ml.,No regulation
simple,5010415230300,Tommee Tippee Bath'n'room Thermometer,0,0,0,19.19,taxable,,First Aid,"Tommee Tippee Bath'n'room Thermometer. Always read the label and any leaflet supplied. If symptoms persist, speak to your pharmacist or doctor.",No regulation
simple,5021265223398,Vitabiotics Perfectil Plus Tablets & Capsules 28+28 Pack,0,0,0,19.19,taxable,,Vitamins,Vitabiotics Perfectil Plus Tablets & Capsules 28+28 Pack. A vitamins and supplements product. Supplied as 28 Pack.,No regulation
simple,0033984000353,Solgar Natural Source Advanced Carotenoid Complex 60 Softgels,0,0,0,19.19,taxable,,Vitamins,Solgar Natural Source Advanced Carotenoid Complex 60 Softgels. A vitamins and supplements product. Supplied as 60 Softgels.,No regulation
simple,0020714974817,Clinique Dramatically Different Hydrating Jelly 50ml,0,0,0,19.09,taxable,,General Health,Clinique Dramatically Different Hydrating Jelly 50ml. A health and wellbeing product. Supplied as 50ml.,No regulation
simple,0897762000726,A'kin Intense Hydration Day & Night Cream 50ml,0,0,0,19.09,taxable,,Cold & Flu,"A'kin Intense Hydration Day & Night Cream 50ml. Always read the label and any leaflet supplied. If symptoms persist, speak to your pharmacist or doctor. Supplied as 50ml.",No regulation
simple,0033984020658,Solgar Omnium 30 Tablets,0,0,0,18.99,taxable,,Vitamins,Solgar Omnium 30 Tablets. A vitamins and supplements product. Supplied as 30 Tablets.,No regulation
simple,0610370601532,Vitamin C 60 Capsules,0,0,0,18.99,taxable,,Vitamins,Vitamin C 60 Capsules. A vitamins and supplements product. Supplied as 60 Capsules.,No regulation
simple,5060203790103,Terranova Astaxanthin 4mg Complex 50 Pack,0,0,0,18.99,taxable,,Vitamins,Terranova Astaxanthin 4mg Complex 50 Pack. A vitamins and supplements product. Supplied as 50 Pack.,No regulation
simple,7649988673467,Frank Fruities Immunity Fruit 80 Gummies,0,0,0,18.99,taxable,,Vitamins,Frank Fruities Immunity Fruit 80 Gummies. A vitamins and supplements product. Supplied as 80 Gummies.,No regulation
simple,5036631007557,Hydromol Cream 500g,0,0,0,18.99,taxable,,Skincare,Hydromol Cream 500g. A skincare product. Supplied as 500g.,No regulation
simple,8006540154465,Pantene Hair Treatment Menopause 100ml,0,0,0,18.99,taxable,,Women's Health,Pantene Hair Treatment Menopause 100ml. A women's health product. Supplied as 100ml.,No regulation
simple,0054402290538,Australian Gold Gradual Build Sunless Lotion 177ml,0,0,0,18.99,taxable,,Skincare,Australian Gold Gradual Build Sunless Lotion 177ml. A skincare product. Supplied as 177ml.,No regulation
simple,5034511002616,Green People Quinoa & Artichoke Shampoo 200ml,0,0,0,18.99,taxable,,Hair Care,Green People Quinoa & Artichoke Shampoo 200ml. A hair care product. Supplied as 200ml.,No regulation
simple,3337875398923,Sanoflore Aciana Botanica Cleanser Gelee 125ml,0,0,0,18.99,taxable,,Skincare,Sanoflore Aciana Botanica Cleanser Gelee 125ml. A skincare product. Supplied as 125ml.,No regulation
simple,5055565743782,Vardenafil Accord 5mg 4 Tablets,0,0,0,18.99,taxable,zero-rate,Sexual Wellness,"Vardenafil Accord 5mg 4 Tablets. Prescription-only medicine, supplied after an online consultation with our pharmacist. Always read the label and any leaflet supplied. If symptoms persist, speak to your pharmacist or doctor. Supplied as 4 Tablets.",P
simple,8711744045869,Excilor 2-In-1 Wart & Verruca Treatment,0,0,0,18.99,taxable,,Skincare,Excilor 2-In-1 Wart & Verruca Treatment. A skincare product.,GSL
simple,5060112860003,Fushi Really Good Vitamin E Oil 50ml,0,0,0,18.99,taxable,,Vitamins,Fushi Really Good Vitamin E Oil 50ml. A vitamins and supplements product. Supplied as 50ml.,No regulation
simple,5034511002623,Green People Quinoa & Artichoke Conditioner 200ml,0,0,0,18.99,taxable,,Hair Care,Green People Quinoa & Artichoke Conditioner 200ml. A hair care product. Supplied as 200ml.,No regulation
simple,8700216181587,Seven Seas Pregnancy Stage 2 4 Week Pack 28 Capsules + 28 Tablets,0,0,0,18.99,taxable,,Vitamins,Seven Seas Pregnancy Stage 2 4 Week Pack 28 Capsules + 28 Tablets. A vitamins and supplements product. Supplied as 28 Tablets.,No regulation
simple,7649988794575,Frank Fruities Skin Hair & Nails 80 Gummies,0,0,0,18.99,taxable,,Hair Care,Frank Fruities Skin Hair & Nails 80 Gummies. A hair care product. Supplied as 80 Gummies.,No regulation
simple,5060546080978,&SISTERS Period Pants S/M Size 10-12,0,0,0,18.99,taxable,zero-rate,Women's Health,&SISTERS Period Pants S/M Size 10-12. A women's health product.,No regulation
simple,3574661744001,Piz Buin Travel Gift Set,0,0,0,18.99,taxable,,Beauty,Piz Buin Travel Gift Set. A health and beauty product.,No regulation
simple,0033984035065,Solgar Vitamin E 134mg (200IU) 100 Softgels,0,0,0,18.99,taxable,,Vitamins,Solgar Vitamin E 134mg (200IU) 100 Softgels. A vitamins and supplements product. Supplied as 100 Softgels.,No regulation
simple,3282770101362,Avène Very High Protection Sport Fluid SPF50+ 100ml,0,0,0,18.99,taxable,,Skincare,Avène Very High Protection Sport Fluid SPF50+ 100ml. A skincare product. Supplied as 100ml.,No regulation
simple,0033984362147,Solgar Beta Glucans & Elderberry Immune Complex Vegetable Capsules 60 Pack,0,0,0,18.99,taxable,,Vitamins,Solgar Beta Glucans & Elderberry Immune Complex Vegetable Capsules 60 Pack. A vitamins and supplements product. Supplied as 60 Pack.,No regulation
simple,4005800033124,Eucerin Sun Allergy Protect Sun Gel-Cream SPF50+ 150ml,0,0,0,18.99,taxable,,Skincare,Eucerin Sun Allergy Protect Sun Gel-Cream SPF50+ 150ml. A skincare product. Supplied as 150ml.,No regulation
simple,0020714015459,Clinique All About Clean Foaming Cleanser Mousse 150ml,0,0,0,18.99,taxable,,Hair Care,Clinique All About Clean Foaming Cleanser Mousse 150ml. A hair care product. Supplied as 150ml.,No regulation
simple,5034511001480,Green People Intensive Repair Conditioner Green Tea & Orange Peel 200ml,0,0,0,18.99,taxable,,Hair Care,Green People Intensive Repair Conditioner Green Tea & Orange Peel 200ml. A hair care product. Supplied as 200ml.,No regulation
simple,0634158969966,Planet Paleo Organic Bone Broth Collagen Protein Pure 10 Sachets,0,0,0,18.99,taxable,,Vitamins,Planet Paleo Organic Bone Broth Collagen Protein Pure 10 Sachets. A vitamins and supplements product. Supplied as 10 Sachets.,No regulation
simple,5060552880982,Neubria Neubiotic Baby & Kid 30 Sachets,0,0,0,18.99,taxable,,Baby & Child,Neubria Neubiotic Baby & Kid 30 Sachets. A baby and child product. Supplied as 30 Sachets.,No regulation
simple,3282770138856,Avène Tolérance Control Soothing Skin Recovery Balm 40ml,0,0,0,18.99,taxable,,Skincare,Avène Tolérance Control Soothing Skin Recovery Balm 40ml. A skincare product. Supplied as 40ml.,No regulation
simple,5391520940736,Dermalex Psoriasis Treatment 60g,0,0,0,18.99,taxable,,Skincare,Dermalex Psoriasis Treatment 60g. A skincare product. Supplied as 60g.,No regulation
simple,0033984041066,Solgar Astragalus Root Extract 60 Capsules,0,0,0,18.99,taxable,,Vitamins,Solgar Astragalus Root Extract 60 Capsules. A vitamins and supplements product. Supplied as 60 Capsules.,No regulation
simple,5060546081012,&SISTERS Period Pants L/XL Size 14-16,0,0,0,18.99,taxable,zero-rate,Women's Health,&SISTERS Period Pants L/XL Size 14-16. A women's health product.,No regulation
simple,5060519146717,Pukka Active Tea Selection Box 45 Tea Bags,0,0,0,18.99,taxable,zero-rate,Vitamins,Pukka Active Tea Selection Box 45 Tea Bags. A vitamins and supplements product.,No regulation
simple,3282770397680,Avène Ultra Fluid Oil Control SPF50 50ml,0,0,0,18.99,taxable,,Skincare,Avène Ultra Fluid Oil Control SPF50 50ml. A skincare product. Supplied as 50ml.,No regulation
simple,7322541041193,Tena PROskin Slip Medium Plus Pads 30 Pack,0,0,0,18.99,taxable,zero-rate,Continence,Tena PROskin Slip Medium Plus Pads 30 Pack. A continence care product. Supplied as 30 Pack.,No regulation
simple,5056142607343,Protein World Pre Workout Creatine Monohydrate Powder 500g,0,0,0,18.99,taxable,,Vitamins,Protein World Pre Workout Creatine Monohydrate Powder 500g. A vitamins and supplements product. Supplied as 500g.,No regulation
simple,5011417572757,Scholl Orthotic Lower Back Pain Insole S Pair,0,0,0,18.99,taxable,,Supports & Braces,Scholl Orthotic Lower Back Pain Insole S Pair. A support and mobility product.,No regulation
simple,5017123001765,Migraine treatment - Crescent Sumatriptan 100mg 6 Tablets,0,0,0,18.99,taxable,,Pain Relief,"Migraine treatment - Crescent Sumatriptan 100mg 6 Tablets. Prescription-only medicine, supplied after an online consultation with our pharmacist. Always read the label and any leaflet supplied. If symptoms persist, speak to your pharmacist or doctor. Supplied as 6 Tablets.",P
simple,9343345000436,Optimel Manuka Honey Eyelid Cream 15g,0,0,0,18.99,taxable,,Skincare,Optimel Manuka Honey Eyelid Cream 15g. A skincare product. Supplied as 15g.,GSL
simple,5430002859002,Odyskin Natural Sunscreen SPF30 75ml,0,0,0,18.99,taxable,,Skincare,Odyskin Natural Sunscreen SPF30 75ml. A skincare product. Supplied as 75ml.,No regulation
simple,5060203790882,Terranova Organic Omega 3-6-7-9 Oil Blend 250ml,0,0,0,18.99,taxable,,Vitamins,Terranova Organic Omega 3-6-7-9 Oil Blend 250ml. A vitamins and supplements product. Supplied as 250ml.,No regulation
simple,5055148412098,Lamberts Lecithin Granules 250g,0,0,0,18.99,taxable,,General Health,Lamberts Lecithin Granules 250g. A health and wellbeing product. Supplied as 250g.,No regulation
simple,5060623371739,Migraine treatment - Torrent Sumatriptan 100mg 6 Tablets,0,0,0,18.99,taxable,zero-rate,Pain Relief,"Migraine treatment - Torrent Sumatriptan 100mg 6 Tablets. Prescription-only medicine, supplied after an online consultation with our pharmacist. Always read the label and any leaflet supplied. If symptoms persist, speak to your pharmacist or doctor. Supplied as 6 Tablets.",P
simple,4005900552372,Eucerin Anti-Pigment Spot Corrector 5ml,0,0,0,18.99,taxable,,General Health,Eucerin Anti-Pigment Spot Corrector 5ml. A health and wellbeing product. Supplied as 5ml.,No regulation
simple,3605874646483,Sonotix Solution 120ml,0,0,0,18.99,taxable,,General Health,Sonotix Solution 120ml. A health and wellbeing product. Supplied as 120ml.,No regulation
simple,0739090024787,Imidaflea 40mg Spot-On Solution <4kg 3 x 0.4ml,0,0,0,18.99,taxable,,Pet Care,Imidaflea 40mg Spot-On Solution <4kg 3 x 0.4ml. A pet care product. Supplied as 3 x 0.4ml.,GSL
simple,5027314498571,Bio-Kult Mind Advanced 60 Capsules,0,0,0,18.99,taxable,,Vitamins,Bio-Kult Mind Advanced 60 Capsules. A vitamins and supplements product. Supplied as 60 Capsules.,No regulation
simple,5034511006409,Green People Organic Babies Silent Night Calming Lavender Gift Set,0,0,0,18.99,taxable,,Beauty,Green People Organic Babies Silent Night Calming Lavender Gift Set. A health and beauty product.,No regulation
simple,0658556024829,Living Nutrition Organic Fermented Night Time 60 Capsules,0,0,0,18.99,taxable,,Vitamins,Living Nutrition Organic Fermented Night Time 60 Capsules. A vitamins and supplements product. Supplied as 60 Capsules.,No regulation
simple,5026468000173,Phoenix Healthcare Paracetamol Suppositories 120mg 10 Pack,0,0,0,18.99,taxable,,Pain Relief,"Phoenix Healthcare Paracetamol Suppositories 120mg 10 Pack. Prescription-only medicine, supplied after an online consultation with our pharmacist. Always read the label and any leaflet supplied. If symptoms persist, speak to your pharmacist or doctor. Supplied as 10 Pack.",P
simple,5060546080893,&SISTERS Period Pants XS/S Size 6-8,0,0,0,18.99,taxable,zero-rate,Women's Health,&SISTERS Period Pants XS/S Size 6-8. A women's health product.,No regulation
simple,0033984005709,Solgar Max L-Carnitine 500mg 30 Tablets,0,0,0,18.99,taxable,,Vitamins,Solgar Max L-Carnitine 500mg 30 Tablets. A vitamins and supplements product. Supplied as 30 Tablets.,No regulation
simple,5011309032017,Flexitol Nourishing Foot Cream 485g,0,0,0,18.99,taxable,,Skincare,Flexitol Nourishing Foot Cream 485g. A skincare product. Supplied as 485g.,No regulation
simple,5060259572258,Gold Collagen Anti-Ageing Lip Volumiser,0,0,0,18.99,taxable,,Vitamins,Gold Collagen Anti-Ageing Lip Volumiser. A vitamins and supplements product.,No regulation
simple,5055148411251,Lamberts Myo-Inositol 200g Powder,0,0,0,18.99,taxable,,Vitamins,Lamberts Myo-Inositol 200g Powder. A vitamins and supplements product. Supplied as 200g.,No regulation
simple,4005800238963,Eucerin Sun Protection Pigment Control Sun Fluid SPF50+ 50ml,0,0,0,18.99,taxable,,Skincare,Eucerin Sun Protection Pigment Control Sun Fluid SPF50+ 50ml. A skincare product. Supplied as 50ml.,No regulation
simple,5999887678455,OSI Magnesium Good Night Melatonin Body Lotion + OptiMSM 200ml,0,0,0,18.99,taxable,,Skincare,OSI Magnesium Good Night Melatonin Body Lotion + OptiMSM 200ml. A skincare product. Supplied as 200ml.,No regulation
simple,7322540647204,Tena PROskin Slip Medium Maxi Pads 24 Pack,0,0,0,18.99,taxable,zero-rate,Continence,Tena PROskin Slip Medium Maxi Pads 24 Pack. A continence care product. Supplied as 24 Pack.,No regulation
simple,5060776980468,DR.VEGAN GlucoBalance Blood Glucose Control,0,0,0,18.99,taxable,,Testing & Monitoring,"DR.VEGAN GlucoBalance Blood Glucose Control. Always read the label and any leaflet supplied. If symptoms persist, speak to your pharmacist or doctor.",No regulation
simple,5060202181377,Cytoplan L-Glutamine 100g Powder,0,0,0,18.99,taxable,,Vitamins,Cytoplan L-Glutamine 100g Powder. A vitamins and supplements product. Supplied as 100g.,No regulation
simple,5011417568675,E45 Eczema Repair Cream 200ml,0,0,0,18.99,taxable,,Skincare,E45 Eczema Repair Cream 200ml. A skincare product. Supplied as 200ml.,GSL
simple,0020714462765,Clinique Clarifying Lotion 2 200ml,0,0,0,18.99,taxable,,Skincare,Clinique Clarifying Lotion 2 200ml. A skincare product. Supplied as 200ml.,No regulation
simple,5015366000262,Constipation relief - Dioctyl 100mg 100 Capsules,0,0,0,18.99,taxable,,Digestive,"Constipation relief - Dioctyl 100mg 100 Capsules. Prescription-only medicine, supplied after an online consultation with our pharmacist. Always read the label and any leaflet supplied. If symptoms persist, speak to your pharmacist or doctor. Supplied as 100 Capsules.",P
simple,8901175042999,Migraine treatment - Milpharm Sumatriptan 100mg 6 Tablets,0,0,0,18.99,taxable,zero-rate,Pain Relief,"Migraine treatment - Milpharm Sumatriptan 100mg 6 Tablets. Prescription-only medicine, supplied after an online consultation with our pharmacist. Always read the label and any leaflet supplied. If symptoms persist, speak to your pharmacist or doctor. Supplied as 6 Tablets.",P
simple,3282770392654,Avène Ultra Fluid Invisible SPF50 50ml,0,0,0,18.99,taxable,,Skincare,Avène Ultra Fluid Invisible SPF50 50ml. A skincare product. Supplied as 50ml.,No regulation
simple,8809663751739,Mizon Snail Repair Eye Cream 25ml,0,0,0,18.99,taxable,,Skincare,Mizon Snail Repair Eye Cream 25ml. A skincare product. Supplied as 25ml.,No regulation
simple,3282770392692,Avène Ultra-Broad Spectrum Tinted Fluid SPF 50+ 50ml,0,0,0,18.99,taxable,,Skincare,Avène Ultra-Broad Spectrum Tinted Fluid SPF 50+ 50ml. A skincare product. Supplied as 50ml.,No regulation
simple,7322540696035,Tena PROskin Comfort Plus Pads 46 Pack,0,0,0,18.99,taxable,zero-rate,Continence,Tena PROskin Comfort Plus Pads 46 Pack. A continence care product. Supplied as 46 Pack.,No regulation
simple,5016379222009,Emulsiderm Emollient 1000ml,0,0,0,18.99,taxable,,Skincare,"Emulsiderm Emollient 1000ml. Prescription-only medicine, supplied after an online consultation with our pharmacist. Always read the label and any leaflet supplied. If symptoms persist, speak to your pharmacist or doctor. Supplied as 1000ml.",P
simple,5060203793265,Terranova Ginkgo Leaf 500mg 50 Capsules,0,0,0,18.99,taxable,,Vitamins,Terranova Ginkgo Leaf 500mg 50 Capsules. A vitamins and supplements product. Supplied as 50 Capsules.,No regulation
simple,5060203793500,Terranova Rhodiola 300mg 50 Pack,0,0,0,18.99,taxable,,Vitamins,Terranova Rhodiola 300mg 50 Pack. A vitamins and supplements product. Supplied as 50 Pack.,No regulation
simple,0634158987571,"Botanicals 4 Life Echinacea, Elderberry & Olive Leaf Extract 100ml",0,0,0,18.99,taxable,,General Health,"Botanicals 4 Life Echinacea, Elderberry & Olive Leaf Extract 100ml. A health and wellbeing product. Supplied as 100ml.",No regulation
simple,5055148413644,Lamberts Neuro-Logical PEA (Palmitoylethanolamide) 60 Capsules,0,0,0,18.99,taxable,,Vitamins,Lamberts Neuro-Logical PEA (Palmitoylethanolamide) 60 Capsules. A vitamins and supplements product. Supplied as 60 Capsules.,No regulation
simple,3282770397697,Avène Ultra Fluid Radiance SPF50 50ml,0,0,0,18.99,taxable,,Skincare,Avène Ultra Fluid Radiance SPF50 50ml. A skincare product. Supplied as 50ml.,No regulation
simple,0083000261329,Nature's Answer Vitamin D3 4000IU Drops 15ml,0,0,0,18.99,taxable,,Vitamins,Nature's Answer Vitamin D3 4000IU Drops 15ml. A vitamins and supplements product. Supplied as 15ml.,No regulation
simple,5060202183722,Cytoplan Celadrin Topical Cream 50ml,0,0,0,18.99,taxable,,Skincare,Cytoplan Celadrin Topical Cream 50ml. A skincare product. Supplied as 50ml.,No regulation
simple,5060086610383,Optibac Probiotics Bifidobacteria & Fibre 30 Sachets,0,0,0,18.99,taxable,,Digestive,"Optibac Probiotics Bifidobacteria & Fibre 30 Sachets. Always read the label and any leaflet supplied. If symptoms persist, speak to your pharmacist or doctor. Supplied as 30 Sachets.",No regulation
simple,5060776980208,DR.VEGAN Pregnancy Multinutrient 60 Capsules,0,0,0,18.99,taxable,,Vitamins,DR.VEGAN Pregnancy Multinutrient 60 Capsules. A vitamins and supplements product. Supplied as 60 Capsules.,No regulation
simple,5060546080992,&SISTERS Period Pants M/L Size 12-14,0,0,0,18.99,taxable,zero-rate,Women's Health,&SISTERS Period Pants M/L Size 12-14. A women's health product.,No regulation
simple,8809566990969,Benton Let's Carrot Moisture Cream 50g,0,0,0,18.99,taxable,,Skincare,Benton Let's Carrot Moisture Cream 50g. A skincare product. Supplied as 50g.,No regulation
simple,0658556024621,Living Nutrition Your Flora Gold Spice with Ginger & Turmeric 60 Capsules,0,0,0,18.99,taxable,,Vitamins,Living Nutrition Your Flora Gold Spice with Ginger & Turmeric 60 Capsules. A vitamins and supplements product. Supplied as 60 Capsules.,No regulation
simple,3282770146929,Klorane Aquatic Mint Purity Cream 40ml,0,0,0,18.99,taxable,,Skincare,Klorane Aquatic Mint Purity Cream 40ml. A skincare product. Supplied as 40ml.,No regulation
simple,9327693007088,Sukin Purely Ageless Hydration Elixir 25ml,0,0,0,18.99,taxable,,Skincare,Sukin Purely Ageless Hydration Elixir 25ml. A skincare product. Supplied as 25ml.,No regulation
simple,5036072001367,Migraine treatment - Dr. Reddy's Sumatriptan 100mg 6 Tablets,0,0,0,18.99,taxable,zero-rate,Pain Relief,"Migraine treatment - Dr. Reddy's Sumatriptan 100mg 6 Tablets. Prescription-only medicine, supplied after an online consultation with our pharmacist. Always read the label and any leaflet supplied. If symptoms persist, speak to your pharmacist or doctor. Supplied as 6 Tablets.",P
simple,5060203791780,"Terranova Astragalus, Elderberry & Garlic Complex 100 Pack",0,0,0,18.99,taxable,,Vitamins,"Terranova Astragalus, Elderberry & Garlic Complex 100 Pack. A vitamins and supplements product. Supplied as 100 Pack.",No regulation
simple,5060519147608,Pukka Mind Focus 60 Capsules,0,0,0,18.99,taxable,,Vitamins,Pukka Mind Focus 60 Capsules. A vitamins and supplements product. Supplied as 60 Capsules.,No regulation
simple,5025903027263,Nutri Within Bio Cultures Complex 365 Capsules,0,0,0,18.99,taxable,,Vitamins,Nutri Within Bio Cultures Complex 365 Capsules. A vitamins and supplements product. Supplied as 365 Capsules.,No regulation
simple,4005800033094,Eucerin Sun Sensitive Protect Kids SPF50+ 200ml,0,0,0,18.99,taxable,,Skincare,Eucerin Sun Sensitive Protect Kids SPF50+ 200ml. A skincare product. Supplied as 200ml.,No regulation
simple,5034511001473,Green People Intensive Repair Shampoo Green Tea & Orange Peel 200ml,0,0,0,18.99,taxable,,Hair Care,Green People Intensive Repair Shampoo Green Tea & Orange Peel 200ml. A hair care product. Supplied as 200ml.,No regulation
simple,8001090716316,Olay Anti-Wrinkle Skin Gift Set,0,0,0,18.99,taxable,,Skincare,Olay Anti-Wrinkle Skin Gift Set. A skincare product.,No regulation
simple,5060203791865,"Terranova Ginkgo, Rhodiola & Choline Complex 50 Pack",0,0,0,18.99,taxable,,Vitamins,"Terranova Ginkgo, Rhodiola & Choline Complex 50 Pack. A vitamins and supplements product. Supplied as 50 Pack.",No regulation
simple,5034445001235,The Eye Doctor Premium Compress,0,0,0,18.99,taxable,,General Health,The Eye Doctor Premium Compress. A health and wellbeing product.,No regulation
simple,5060203796280,Terranova QuerceSol Quercetin Complex 50 Veg Capsules,0,0,0,18.99,taxable,,Vitamins,Terranova QuerceSol Quercetin Complex 50 Veg Capsules. A vitamins and supplements product.,No regulation
simple,3380810033618,Clarins Extra-Comfort Toning Lotion with Aloe Vera 200ml,0,0,0,18.99,taxable,,Skincare,Clarins Extra-Comfort Toning Lotion with Aloe Vera 200ml. A skincare product. Supplied as 200ml.,No regulation
simple,5031013103735,Higher Nature Thyroid Support Formula 60 Capsules,0,0,0,18.95,taxable,,Supports & Braces,Higher Nature Thyroid Support Formula 60 Capsules. A support and mobility product. Supplied as 60 Capsules.,No regulation
simple,5031013109461,Higher Nature Mexican Wild Yam Cream 90ml,0,0,0,18.95,taxable,,Skincare,Higher Nature Mexican Wild Yam Cream 90ml. A skincare product. Supplied as 90ml.,No regulation
simple,5031013105739,Higher Nature Quercetin & Bromelain 60 Tablets,0,0,0,18.95,taxable,,Vitamins,Higher Nature Quercetin & Bromelain 60 Tablets. A vitamins and supplements product. Supplied as 60 Tablets.,No regulation
simple,5031013108563,Higher Nature Ashwagandha & Rhodiola 30 Capsules,0,0,0,18.95,taxable,,Vitamins,Higher Nature Ashwagandha & Rhodiola 30 Capsules. A vitamins and supplements product. Supplied as 30 Capsules.,No regulation
simple,5060332534265,Lindens Health + Nutrition Aloe Vera 6000mg 360 Tablets,0,0,0,18.89,taxable,,Vitamins,Lindens Health + Nutrition Aloe Vera 6000mg 360 Tablets. A vitamins and supplements product. Supplied as 360 Tablets.,No regulation
simple,0033984001503,Solgar L-Arginine 1000mg 90 Tablets,0,0,0,18.89,taxable,,Vitamins,Solgar L-Arginine 1000mg 90 Tablets. A vitamins and supplements product. Supplied as 90 Tablets.,No regulation
simple,3282770154559,Avène Xeracalm Balm 200ml,0,0,0,18.89,taxable,,Skincare,Avène Xeracalm Balm 200ml. A skincare product. Supplied as 200ml.,No regulation
simple,5036631001494,Macushield 30 Capsules,0,0,0,18.89,taxable,,Vitamins,Macushield 30 Capsules. A vitamins and supplements product. Supplied as 30 Capsules.,No regulation
simple,5031013103650,Higher Nature Nutrition for Healthy Veins 90 Capsules,0,0,0,18.89,taxable,,Vitamins,Higher Nature Nutrition for Healthy Veins 90 Capsules. A vitamins and supplements product. Supplied as 90 Capsules.,No regulation
simple,0033984017917,Solgar Nac (N-Acetyl Cysteine) 600mg 60 Capsules,0,0,0,18.89,taxable,,Vitamins,Solgar Nac (N-Acetyl Cysteine) 600mg 60 Capsules. A vitamins and supplements product. Supplied as 60 Capsules.,No regulation
simple,5060332531233,Lindens Health + Nutrition Vitamin B12 1000mcg Sublingual 365 Tablets,0,0,0,18.89,taxable,,Vitamins,Lindens Health + Nutrition Vitamin B12 1000mcg Sublingual 365 Tablets. A vitamins and supplements product. Supplied as 365 Tablets.,No regulation
simple,8809514550320,Rated Green Cold Press Tamanu Oil Soothing Scalp Pack 200ml,0,0,0,18.89,taxable,,Cold & Flu,"Rated Green Cold Press Tamanu Oil Soothing Scalp Pack 200ml. Always read the label and any leaflet supplied. If symptoms persist, speak to your pharmacist or doctor. Supplied as 200ml.",No regulation
simple,8809514550313,Rated Green Cold Press Avocado Nourishing Scalp Pack 200ml,0,0,0,18.89,taxable,,Cold & Flu,"Rated Green Cold Press Avocado Nourishing Scalp Pack 200ml. Always read the label and any leaflet supplied. If symptoms persist, speak to your pharmacist or doctor. Supplied as 200ml.",No regulation
simple,5055148411657,Lamberts Eyewise Omega 3 60 Capsules,0,0,0,18.89,taxable,,Vitamins,Lamberts Eyewise Omega 3 60 Capsules. A vitamins and supplements product. Supplied as 60 Capsules.,No regulation
simple,5055148410308,Lamberts Eyewise 60 Tablets,0,0,0,18.89,taxable,,Vitamins,Lamberts Eyewise 60 Tablets. A vitamins and supplements product. Supplied as 60 Tablets.,No regulation
simple,0839573002193,Grahams Natural Bath Oil 250ml,0,0,0,18.89,taxable,,Beauty,Grahams Natural Bath Oil 250ml. A health and beauty product. Supplied as 250ml.,No regulation
simple,3800219792614,Alteya Organic Balancing Moisturizing Toner Rose Jasminium 150ml,0,0,0,18.89,taxable,,Skincare,Alteya Organic Balancing Moisturizing Toner Rose Jasminium 150ml. A skincare product. Supplied as 150ml.,No regulation
simple,5060734420043,Rose & Caramel Purity Tan Removing Bubble Bath 500ml,0,0,0,18.89,taxable,,Beauty,Rose & Caramel Purity Tan Removing Bubble Bath 500ml. A health and beauty product. Supplied as 500ml.,No regulation
simple,5060571720528,UpCircle Cleansing Face Balm with Apricot Powder 55ml,0,0,0,18.89,taxable,,Skincare,UpCircle Cleansing Face Balm with Apricot Powder 55ml. A skincare product. Supplied as 55ml.,No regulation
simple,3380810373134,Clarins Fix Makeup Spray 50ml,0,0,0,18.89,taxable,,Beauty,Clarins Fix Makeup Spray 50ml. A health and beauty product. Supplied as 50ml.,No regulation
simple,5060571720566,UpCircle Clarifying Face Mask with Olive Powder 60ml,0,0,0,18.89,taxable,,Skincare,UpCircle Clarifying Face Mask with Olive Powder 60ml. A skincare product. Supplied as 60ml.,No regulation
simple,5060519148049,Pukka Turmeric Active 60 Capsules,0,0,0,18.89,taxable,,Vitamins,Pukka Turmeric Active 60 Capsules. A vitamins and supplements product. Supplied as 60 Capsules.,No regulation
simple,5060391845944,Pure Gold Premium Select Manuka Honey 85mgo 375g,0,0,0,18.89,taxable,,General Health,Pure Gold Premium Select Manuka Honey 85mgo 375g. A health and wellbeing product. Supplied as 375g.,No regulation
simple,5028392000205,Nutri Advanced Vitamin C 1000mg Time Release 90 Tablets,0,0,0,18.89,taxable,,Vitamins,Nutri Advanced Vitamin C 1000mg Time Release 90 Tablets. A vitamins and supplements product. Supplied as 90 Tablets.,No regulation
simple,0033984035461,Solgar Vitamin E 268mg (400IU) 50 Softgels,0,0,0,18.89,taxable,,Vitamins,Solgar Vitamin E 268mg (400IU) 50 Softgels. A vitamins and supplements product. Supplied as 50 Softgels.,No regulation
simple,5021265243648,Vitabiotics Wellman Skin Technology 60 Tablets,0,0,0,18.89,taxable,,Skincare,Vitabiotics Wellman Skin Technology 60 Tablets. A skincare product. Supplied as 60 Tablets.,No regulation
simple,5410765001726,Excilor Nail Fungus Treatment Pen,0,0,0,18.79,taxable,,Beauty,Excilor Nail Fungus Treatment Pen. A health and beauty product.,No regulation
simple,0033984000155,Solgar Acetyl-L-Carnitine 250mg 30 Capsules,0,0,0,18.79,taxable,,Vitamins,Solgar Acetyl-L-Carnitine 250mg 30 Capsules. A vitamins and supplements product. Supplied as 30 Capsules.,No regulation
simple,0859975002508,Andalou Purple Carrot+ C Luminous Night Cream 50g,0,0,0,18.79,taxable,,Skincare,Andalou Purple Carrot+ C Luminous Night Cream 50g. A skincare product. Supplied as 50g.,No regulation
simple,5054563217035,Voltarol Medicated Plaster 5's 140mg,0,0,0,18.79,taxable,,Pain Relief,"Voltarol Medicated Plaster 5's 140mg. Prescription-only medicine, supplied after an online consultation with our pharmacist. Always read the label and any leaflet supplied. If symptoms persist, speak to your pharmacist or doctor. Supplied as 140mg.",P
simple,8809566991676,Benton Snail Bee High Content Essence 60ml,0,0,0,18.79,taxable,,Beauty,Benton Snail Bee High Content Essence 60ml. A health and beauty product. Supplied as 60ml.,No regulation
simple,0017854117310,Baylis & Harding Sweet Mandarin & Grapefruit Luxury Gift Set,0,0,0,18.69,taxable,,Beauty,Baylis & Harding Sweet Mandarin & Grapefruit Luxury Gift Set. A health and beauty product.,No regulation
simple,0033984027916,Solgar Vegetarian Multiple 90 Capsules,0,0,0,18.69,taxable,,Vitamins,Solgar Vegetarian Multiple 90 Capsules. A vitamins and supplements product. Supplied as 90 Capsules.,No regulation
simple,8809581075337,Beaudiani Moist Serum 50ml,0,0,0,18.69,taxable,,Skincare,Beaudiani Moist Serum 50ml. A skincare product. Supplied as 50ml.,No regulation
simple,8720618589040,Flexitol Freeze-it Verruca & Wart Treatment 50ml,0,0,0,18.65,taxable,,Skincare,Flexitol Freeze-it Verruca & Wart Treatment 50ml. A skincare product. Supplied as 50ml.,GSL
simple,4005800108440,Eucerin Anti Redness Soothing Care 50ml,0,0,0,18.59,taxable,,General Health,Eucerin Anti Redness Soothing Care 50ml. A health and wellbeing product. Supplied as 50ml.,No regulation
simple,5709976093508,Pharma Nord Bio-Marine Plus 150 Capsules,0,0,0,18.59,taxable,,Vitamins,Pharma Nord Bio-Marine Plus 150 Capsules. A vitamins and supplements product. Supplied as 150 Capsules.,No regulation
simple,3282770388909,Klorane Peony Soothing Rich Cream 40ml,0,0,0,18.59,taxable,,Skincare,Klorane Peony Soothing Rich Cream 40ml. A skincare product. Supplied as 40ml.,No regulation
simple,5060363050383,Tom Oliver Nutrition Magnesium Taurate 60 Pack,0,0,0,18.59,taxable,,Vitamins,Tom Oliver Nutrition Magnesium Taurate 60 Pack. A vitamins and supplements product. Supplied as 60 Pack.,No regulation
simple,4005800108433,Eucerin Anti Redness Day Cream SPF30 50ml,0,0,0,18.59,taxable,,Skincare,Eucerin Anti Redness Day Cream SPF30 50ml. A skincare product. Supplied as 50ml.,No regulation
simple,8809663751555,Mizon Collagen Power Lifting Toner 120ml,0,0,0,18.59,taxable,,Skincare,Mizon Collagen Power Lifting Toner 120ml. A skincare product. Supplied as 120ml.,No regulation
simple,9337213007085,Conceive Plus Women's Fertility Support 60 Capsules,0,0,0,18.49,taxable,,Supports & Braces,Conceive Plus Women's Fertility Support 60 Capsules. A support and mobility product. Supplied as 60 Capsules.,GSL
simple,5034511001961,Green People Soothing Shaving Gel 100ml,0,0,0,18.49,taxable,,Men's Grooming,Green People Soothing Shaving Gel 100ml. A men's grooming product. Supplied as 100ml.,No regulation
simple,5060571820990,The Good Guru Vegan Protein Powder Vanilla 500g,0,0,0,18.49,taxable,,Vitamins,The Good Guru Vegan Protein Powder Vanilla 500g. A vitamins and supplements product. Supplied as 500g.,No regulation
simple,5060519146786,Pukka Organic Tea Selection Box 45 Sachets,0,0,0,18.49,taxable,zero-rate,Vitamins,Pukka Organic Tea Selection Box 45 Sachets. A vitamins and supplements product. Supplied as 45 Sachets.,No regulation
simple,5060203795443,Terranova Vegan Collagen & Hyaluronic Acid Complex 50 Capsules,0,0,0,18.49,taxable,,Vitamins,Terranova Vegan Collagen & Hyaluronic Acid Complex 50 Capsules. A vitamins and supplements product. Supplied as 50 Capsules.,No regulation
simple,5070000991207,R.Y.M. KSM-66 Ashwagandha 600mg 30 Capsules,0,0,0,18.49,taxable,,Vitamins,R.Y.M. KSM-66 Ashwagandha 600mg 30 Capsules. A vitamins and supplements product. Supplied as 30 Capsules.,No regulation
simple,5060571822420,The Good Guru Shilajit Extract 1200mg 90 Capsules,0,0,0,18.49,taxable,,Vitamins,The Good Guru Shilajit Extract 1200mg 90 Capsules. A vitamins and supplements product. Supplied as 90 Capsules.,No regulation
simple,5055148404376,Lamberts Maximum Strength Colladeen (Antocyanidins 160mg) 60 Tablets,0,0,0,18.49,taxable,,Vitamins,Lamberts Maximum Strength Colladeen (Antocyanidins 160mg) 60 Tablets. A vitamins and supplements product. Supplied as 60 Tablets.,No regulation
simple,5034511001770,Green People Foaming Face Wash 100ml,0,0,0,18.49,taxable,,Skincare,Green People Foaming Face Wash 100ml. A skincare product. Supplied as 100ml.,No regulation
simple,0083000261732,Nature's Answer Liquid Magnesium Malate & Glycinate 480ml,0,0,0,18.49,taxable,,Vitamins,Nature's Answer Liquid Magnesium Malate & Glycinate 480ml. A vitamins and supplements product. Supplied as 480ml.,No regulation
simple,5060571822260,The Good Guru Shilajit Resin 20g,0,0,0,18.49,taxable,,General Health,The Good Guru Shilajit Resin 20g. A health and wellbeing product. Supplied as 20g.,No regulation
simple,5038483844472,Scholl Softgrip C2 Below The Knee Compression Hosiery Medium Closed Toe Black,0,0,0,18.49,taxable,,Supports & Braces,Scholl Softgrip C2 Below The Knee Compression Hosiery Medium Closed Toe Black. A support and mobility product.,No regulation
simple,5060018511245,KIKI Health Premium MSM Powder 200g,0,0,0,18.49,taxable,,Vitamins,KIKI Health Premium MSM Powder 200g. A vitamins and supplements product. Supplied as 200g.,No regulation
simple,3282770138801,Avène Tolérance Control Soothing Skin Recovery Cream 40ml,0,0,0,18.39,taxable,,Skincare,Avène Tolérance Control Soothing Skin Recovery Cream 40ml. A skincare product. Supplied as 40ml.,No regulation
simple,5407007651276,Bambaw Bamboo Safety Razor Slim Silver,0,0,0,18.39,taxable,,Men's Grooming,Bambaw Bamboo Safety Razor Slim Silver. A men's grooming product.,No regulation
simple,3282770149074,Avène Sun Care Fluid SPF 50+ 50ml,0,0,0,18.39,taxable,,Skincare,Avène Sun Care Fluid SPF 50+ 50ml. A skincare product. Supplied as 50ml.,No regulation
simple,3662042000041,Nutrof Total 30 Capsules,0,0,0,18.39,taxable,,Vitamins,Nutrof Total 30 Capsules. A vitamins and supplements product. Supplied as 30 Capsules.,No regulation
simple,0033984041615,Solgar Turmeric Root Extract 60 Vegetable Capsules,0,0,0,18.39,taxable,,Vitamins,Solgar Turmeric Root Extract 60 Vegetable Capsules. A vitamins and supplements product.,No regulation
simple,3282770149524,Avène SPF50+ Tinted Cream 50ml,0,0,0,18.39,taxable,,Skincare,Avène SPF50+ Tinted Cream 50ml. A skincare product. Supplied as 50ml.,No regulation
simple,0659436249004,HotTea Mama Pregnancy Wellness Tea Set,0,0,0,18.39,taxable,zero-rate,General Health,HotTea Mama Pregnancy Wellness Tea Set. A health and wellbeing product.,No regulation
simple,5055148413682,Lamberts Glucosamine Complete 120 Tablets,0,0,0,18.39,taxable,,Vitamins,Lamberts Glucosamine Complete 120 Tablets. A vitamins and supplements product. Supplied as 120 Tablets.,No regulation
simple,5701170340358,Cleanaural Ear Cleaner Dog 100ml,0,0,0,18.39,taxable,,Pet Care,Cleanaural Ear Cleaner Dog 100ml. A pet care product. Supplied as 100ml.,No regulation
simple,8809566990044,Benton Tea Tree Mist 80ml,0,0,0,18.39,taxable,,Beauty,Benton Tea Tree Mist 80ml. A health and beauty product. Supplied as 80ml.,No regulation
simple,0033984017368,"Solgar Skin, Nails & Hair Formula 120 Tablets",0,0,0,18.39,taxable,,Hair Care,"Solgar Skin, Nails & Hair Formula 120 Tablets. A hair care product. Supplied as 120 Tablets.",No regulation
simple,0659436249028,HotTea Mama New Mama Wellness Tea Set,0,0,0,18.39,taxable,zero-rate,General Health,HotTea Mama New Mama Wellness Tea Set. A health and wellbeing product.,No regulation
simple,5711782000038,AllMatters Menstrual Cup Size Mini,0,0,0,18.39,taxable,zero-rate,Women's Health,AllMatters Menstrual Cup Size Mini. A women's health product.,No regulation
simple,0017854118577,Baylis & Harding The Fuzzy Duck Men's Wash Bag Set,0,0,0,18.39,taxable,,Beauty,Baylis & Harding The Fuzzy Duck Men's Wash Bag Set. A health and beauty product.,No regulation
simple,5701170340372,Cleanaural for Sensitive Dog 100ml,0,0,0,18.39,taxable,,Pet Care,Cleanaural for Sensitive Dog 100ml. A pet care product. Supplied as 100ml.,No regulation
simple,8713975500254,Minami MorDHA Kids 3+ Omega-3 60 Capsules,0,0,0,18.39,taxable,,Vitamins,Minami MorDHA Kids 3+ Omega-3 60 Capsules. A vitamins and supplements product. Supplied as 60 Capsules.,No regulation
simple,0659436249035,HotTea Mama Sleep Saviour Wellness Tea Set,0,0,0,18.39,taxable,zero-rate,General Health,HotTea Mama Sleep Saviour Wellness Tea Set. A health and wellbeing product.,No regulation
simple,3282770149548,Avène Very High Protection Cleanance SPF50+ 50ml,0,0,0,18.39,taxable,,Skincare,Avène Very High Protection Cleanance SPF50+ 50ml. A skincare product. Supplied as 50ml.,No regulation
simple,5407007650323,Bambaw Metal Safety Razor Black,0,0,0,18.39,taxable,,Men's Grooming,Bambaw Metal Safety Razor Black. A men's grooming product.,No regulation
simple,3282770149487,Avène Very High Protection SPF50+ Cream 50ml,0,0,0,18.39,taxable,,Skincare,Avène Very High Protection SPF50+ Cream 50ml. A skincare product. Supplied as 50ml.,No regulation
simple,5055148412661,"Lamberts Turmeric 20,000mg 60 Tablets",0,0,0,18.39,taxable,,Vitamins,"Lamberts Turmeric 20,000mg 60 Tablets. A vitamins and supplements product. Supplied as 60 Tablets.",No regulation
simple,5055148412029,Lamberts TurMemoric Turmeric Extract with Lutein & Rosemary 60 Tablets,0,0,0,18.39,taxable,,Vitamins,Lamberts TurMemoric Turmeric Extract with Lutein & Rosemary 60 Tablets. A vitamins and supplements product. Supplied as 60 Tablets.,No regulation
simple,8809408730715,Dr. Oracle Radicalclear Mild Peel Pearl Bright 100ml,0,0,0,18.29,taxable,,General Health,Dr. Oracle Radicalclear Mild Peel Pearl Bright 100ml. A health and wellbeing product. Supplied as 100ml.,No regulation
simple,5060193642611,Bloom & Blossom The Glow Getter Ultimate Body Care Set,0,0,0,18.29,taxable,,General Health,Bloom & Blossom The Glow Getter Ultimate Body Care Set. A health and wellbeing product.,No regulation
simple,5031013104923,Higher Nature Organic Virgin Coconut Oil 400g,0,0,0,18.29,taxable,,Vitamins,Higher Nature Organic Virgin Coconut Oil 400g. A vitamins and supplements product. Supplied as 400g.,No regulation
simple,5410765003058,Wartner Cryo Freeze,0,0,0,18.29,taxable,,Skincare,Wartner Cryo Freeze. A skincare product.,GSL
simple,5028392002445,Nutri Advanced Probotix Daily 5 Live,0,0,0,18.29,taxable,,General Health,Nutri Advanced Probotix Daily 5 Live. A health and wellbeing product.,No regulation
simple,8809083997069,Sioris Day By Day Cleansing Gel,0,0,0,18.29,taxable,,Skincare,Sioris Day By Day Cleansing Gel. A skincare product.,No regulation
simple,0074312007422,Nature's Bounty Healthy Hair with Keratin 60 Capsules,0,0,0,18.29,taxable,,Hair Care,Nature's Bounty Healthy Hair with Keratin 60 Capsules. A hair care product. Supplied as 60 Capsules.,No regulation
simple,5031013108747,Higher Nature Daily Nutrients for Calm 28 Capsules,0,0,0,18.29,taxable,,Vitamins,Higher Nature Daily Nutrients for Calm 28 Capsules. A vitamins and supplements product. Supplied as 28 Capsules.,No regulation
simple,5023652532250,Nature's Aid Collagen Shake Powder 8000mg Vanilla 225g,0,0,0,18.19,taxable,,Vitamins,Nature's Aid Collagen Shake Powder 8000mg Vanilla 225g. A vitamins and supplements product. Supplied as 225g.,No regulation
simple,5023652542259,Nature's Aid Collagen Shake Powder 8000mg Chocolate 225g,0,0,0,18.19,taxable,,Vitamins,Nature's Aid Collagen Shake Powder 8000mg Chocolate 225g. A vitamins and supplements product. Supplied as 225g.,No regulation
simple,3282770154580,Avène Xeracalm Lipid-Replenishing Cream 200ml,0,0,0,18.19,taxable,,Skincare,Avène Xeracalm Lipid-Replenishing Cream 200ml. A skincare product. Supplied as 200ml.,No regulation
simple,3574660446791,Nicorette Icy White Gum 4mg 105 Pack,0,0,0,18.19,taxable,reduced-rate,Stop Smoking,Nicorette Icy White Gum 4mg 105 Pack. A stop-smoking product. Supplied as 105 Pack.,GSL
simple,5407007651221,Bambaw Metal Safety Razor Rainbow,0,0,0,18.09,taxable,,Men's Grooming,Bambaw Metal Safety Razor Rainbow. A men's grooming product.,No regulation
simple,7350087736365,E45 Dermatitis Cream 50ml,0,0,0,18.09,taxable,,Skincare,E45 Dermatitis Cream 50ml. A skincare product. Supplied as 50ml.,No regulation
simple,7618900970014,Mavala Mava-Med Fungal Nail Solution 5ml,0,0,0,18.09,taxable,,Beauty,Mavala Mava-Med Fungal Nail Solution 5ml. A health and beauty product. Supplied as 5ml.,No regulation
simple,5060361080627,Visuxl Eye Drops 10ml,0,0,0,18.09,taxable,,Eye Care,"Visuxl Eye Drops 10ml. Always read the label and any leaflet supplied. If symptoms persist, speak to your pharmacist or doctor. Supplied as 10ml.",No regulation
simple,5407007651214,Bambaw Metal Safety Razor Pink,0,0,0,18.09,taxable,,Men's Grooming,Bambaw Metal Safety Razor Pink. A men's grooming product.,No regulation
simple,5060571721785,UpCircle Cleansing Face Milk - Aloe Vera & Oat Powder 120ml,0,0,0,17.99,taxable,,Skincare,UpCircle Cleansing Face Milk - Aloe Vera & Oat Powder 120ml. A skincare product. Supplied as 120ml.,No regulation
simple,4005800147326,Eucerin Sun Photoaging Control Fluid SPF50 50ml,0,0,0,17.99,taxable,,Skincare,Eucerin Sun Photoaging Control Fluid SPF50 50ml. A skincare product. Supplied as 50ml.,No regulation
simple,8809083996345,Sioris My Soft Grain Scrub 45g,0,0,0,17.99,taxable,,Beauty,Sioris My Soft Grain Scrub 45g. A health and beauty product. Supplied as 45g.,No regulation
simple,5028392002377,Nutri Advanced Iodine Tincture (Liposomal) 50ml,0,0,0,17.99,taxable,,Vitamins,Nutri Advanced Iodine Tincture (Liposomal) 50ml. A vitamins and supplements product. Supplied as 50ml.,No regulation
simple,4064666045719,Nioxin for Chemically Treated Hair with Progressed Thinning System 6 Trial Kit,0,0,0,17.99,taxable,,Hair Care,Nioxin for Chemically Treated Hair with Progressed Thinning System 6 Trial Kit. A hair care product.,No regulation
simple,5060571721259,UpCircle Hand Cream with Upcycled Hibiscus Flowers 75ml,0,0,0,17.99,taxable,,Skincare,UpCircle Hand Cream with Upcycled Hibiscus Flowers 75ml. A skincare product. Supplied as 75ml.,No regulation
simple,5999887678028,Osi Magnesium Body Butter + OptiMSM Lavender 200ml,0,0,0,17.99,taxable,,Skincare,Osi Magnesium Body Butter + OptiMSM Lavender 200ml. A skincare product. Supplied as 200ml.,No regulation
simple,5430002859019,Odyskin Natural Sunscreen SPF50 75ml,0,0,0,17.99,taxable,,Skincare,Odyskin Natural Sunscreen SPF50 75ml. A skincare product. Supplied as 75ml.,No regulation
simple,7613036912990,SMA Pro First Infant Milk From Birth 800g,0,0,0,17.99,taxable,zero-rate,Baby & Child,SMA Pro First Infant Milk From Birth 800g. A baby and child product. Supplied as 800g.,No regulation
simple,7613038394985,SMA Pro Toddler Milk 1-3 Years Formula 800g,0,0,0,17.99,taxable,zero-rate,Baby & Child,SMA Pro Toddler Milk 1-3 Years Formula 800g. A baby and child product. Supplied as 800g.,No regulation
simple,7613287224996,SMA Gold Prem 2 Post Discharge Formula 800g,0,0,0,17.99,taxable,zero-rate,Baby & Child,SMA Gold Prem 2 Post Discharge Formula 800g. A baby and child product. Supplied as 800g.,No regulation
simple,4006000100654,Eucerin Urea Repair Night Face Cream 50ml,0,0,0,17.99,taxable,,Skincare,Eucerin Urea Repair Night Face Cream 50ml. A skincare product. Supplied as 50ml.,No regulation
simple,5000158063464,FyboGel Orange 2x30 Sachets,0,0,0,17.99,taxable,,Digestive,"FyboGel Orange 2x30 Sachets. Always read the label and any leaflet supplied. If symptoms persist, speak to your pharmacist or doctor. Supplied as 2x30 Sachets.",GSL
simple,4005900871237,Eucerin DermoPurifyer Triple Effect Serum 40ml,0,0,0,17.99,taxable,,Skincare,Eucerin DermoPurifyer Triple Effect Serum 40ml. A skincare product. Supplied as 40ml.,No regulation
simple,5060193642710,Bloom & Blossom Better Together Hand & Lip Gift Set,0,0,0,17.99,taxable,,Beauty,Bloom & Blossom Better Together Hand & Lip Gift Set. A health and beauty product.,No regulation
simple,4717095034464,GlucoRx GO + GlucoRx Nexus Test Strips 50 Pack,0,0,0,17.99,taxable,,Testing & Monitoring,"GlucoRx GO + GlucoRx Nexus Test Strips 50 Pack. Always read the label and any leaflet supplied. If symptoms persist, speak to your pharmacist or doctor. Supplied as 50 Pack.",No regulation
simple,0017854117617,Baylis & Harding Limited Edition Moonlight Fig Perfect Pamper Gift Set,0,0,0,17.99,taxable,,Beauty,Baylis & Harding Limited Edition Moonlight Fig Perfect Pamper Gift Set. A health and beauty product.,No regulation
simple,5055148412562,Lamberts Florisene 90 Tablets,0,0,0,17.99,taxable,,Vitamins,Lamberts Florisene 90 Tablets. A vitamins and supplements product. Supplied as 90 Tablets.,No regulation
simple,5060332535651,Lindens Health + Nutrition Vitamin C+ 1000mg Time Release 360 Tablets,0,0,0,17.99,taxable,,Vitamins,Lindens Health + Nutrition Vitamin C+ 1000mg Time Release 360 Tablets. A vitamins and supplements product. Supplied as 360 Tablets.,No regulation
simple,5709976162204,Pharma Nord StatiQinon 60 Capsules,0,0,0,17.99,taxable,,Vitamins,Pharma Nord StatiQinon 60 Capsules. A vitamins and supplements product. Supplied as 60 Capsules.,No regulation
simple,9327693007590,Sukin Blemish Control Kit,0,0,0,17.99,taxable,,General Health,Sukin Blemish Control Kit. A health and wellbeing product.,No regulation
simple,3574660413076,Nicorette Chewing Gum 4mg Original 105 Pack,0,0,0,17.99,taxable,reduced-rate,Stop Smoking,Nicorette Chewing Gum 4mg Original 105 Pack. A stop-smoking product. Supplied as 105 Pack.,GSL
simple,5060571721907,UpCircle Conditioner Crème with Rosemary Oil & Bamboo Extract 100ml,0,0,0,17.99,taxable,,Hair Care,UpCircle Conditioner Crème with Rosemary Oil & Bamboo Extract 100ml. A hair care product. Supplied as 100ml.,No regulation
simple,5060704340524,Acala The Detox Pamper Bag,0,0,0,17.99,taxable,,General Health,Acala The Detox Pamper Bag. A health and wellbeing product.,No regulation
simple,5701943100875,Riemann P20 Kids Sun Cream Pump SPF 50+ 100ml,0,0,0,17.99,taxable,,Skincare,Riemann P20 Kids Sun Cream Pump SPF 50+ 100ml. A skincare product. Supplied as 100ml.,No regulation
simple,3282770072655,Avène Very High Protection Anti-Aging SPF50+ 50ml,0,0,0,17.99,taxable,,Skincare,Avène Very High Protection Anti-Aging SPF50+ 50ml. A skincare product. Supplied as 50ml.,No regulation
simple,5060203791889,Terranova Beta Glucans Astragalus & Vitamin C 50 Vegetarian Capsules,0,0,0,17.99,taxable,,Vitamins,Terranova Beta Glucans Astragalus & Vitamin C 50 Vegetarian Capsules. A vitamins and supplements product.,No regulation
simple,5027314497383,Bio-Kult Brighten Formulation 60 Capsules,0,0,0,17.99,taxable,,Vitamins,Bio-Kult Brighten Formulation 60 Capsules. A vitamins and supplements product. Supplied as 60 Capsules.,No regulation
simple,5011417573556,Scholl Verruca & Wart Complete Treatment Pen 2ml,0,0,0,17.99,taxable,,Supports & Braces,Scholl Verruca & Wart Complete Treatment Pen 2ml. A support and mobility product. Supplied as 2ml.,No regulation
simple,5055148414948,Lamberts Night Time Herbal Complex 60 capsules,0,0,0,17.99,taxable,,Vitamins,Lamberts Night Time Herbal Complex 60 capsules. A vitamins and supplements product. Supplied as 60 capsules.,No regulation
simple,5060571721778,UpCircle Shampoo Crème with Coconut & Grapefruit Oil 100ml,0,0,0,17.99,taxable,,Hair Care,UpCircle Shampoo Crème with Coconut & Grapefruit Oil 100ml. A hair care product. Supplied as 100ml.,No regulation
simple,5060562640019,Birch & Wilde Organic Ashwagandha 60 Day Supply 120 Capsules,0,0,0,17.99,taxable,,Vitamins,Birch & Wilde Organic Ashwagandha 60 Day Supply 120 Capsules. A vitamins and supplements product. Supplied as 120 Capsules.,No regulation
simple,0083000007088,Nature's Answer Bitters & Ginger 60ml,0,0,0,17.99,taxable,,General Health,Nature's Answer Bitters & Ginger 60ml. A health and wellbeing product. Supplied as 60ml.,No regulation
simple,3380810304817,Clarins Mineral Sun Care Fluid SPF30 30ml,0,0,0,17.99,taxable,,Skincare,Clarins Mineral Sun Care Fluid SPF30 30ml. A skincare product. Supplied as 30ml.,No regulation
simple,8700216181631,Seven Seas Breastfeeding Stage 3 4 Week Pack 28 Capsules + 28 Tablets,0,0,0,17.99,taxable,,Vitamins,Seven Seas Breastfeeding Stage 3 4 Week Pack 28 Capsules + 28 Tablets. A vitamins and supplements product. Supplied as 28 Tablets.,No regulation
simple,5060571721174,UpCircle SPF 25 Mineral Sunscreen 60ml,0,0,0,17.99,taxable,,Skincare,UpCircle SPF 25 Mineral Sunscreen 60ml. A skincare product. Supplied as 60ml.,No regulation
simple,0017854118638,Baylis & Harding Goal Shoot Out Bathtime Fun Kit,0,0,0,17.99,taxable,,Beauty,Baylis & Harding Goal Shoot Out Bathtime Fun Kit. A health and beauty product.,No regulation
simple,4001638086004,Weleda Sensitive Soothing Moisturiser 30ml,0,0,0,17.99,taxable,,Skincare,Weleda Sensitive Soothing Moisturiser 30ml. A skincare product. Supplied as 30ml.,No regulation
simple,5016189355010,Unifine Pentips 5mm 31G Needles,0,0,0,17.99,taxable,,General Health,Unifine Pentips 5mm 31G Needles. A health and wellbeing product. Supplied as 31G.,No regulation
simple,3337875542654,Sanoflore Aqua Hypnotica Eye Essence 75ml,0,0,0,17.99,taxable,,General Health,Sanoflore Aqua Hypnotica Eye Essence 75ml. A health and wellbeing product. Supplied as 75ml.,No regulation
simple,3367729018943,Biotherm Deo Pure Antiperspirant Cream 75ml,0,0,0,17.99,taxable,,Skincare,Biotherm Deo Pure Antiperspirant Cream 75ml. A skincare product. Supplied as 75ml.,No regulation
simple,0724742010522,Alba Botanica Face Sunscreen Lotion SPF50 59ml,0,0,0,17.99,taxable,,Skincare,Alba Botanica Face Sunscreen Lotion SPF50 59ml. A skincare product. Supplied as 59ml.,No regulation
simple,5430000934961,Bambaw Metal Safety Razor Silver,0,0,0,17.99,taxable,,Men's Grooming,Bambaw Metal Safety Razor Silver. A men's grooming product.,No regulation
simple,5060086610956,Optibac Probiotics for Pregnancy 30 Capsules,0,0,0,17.99,taxable,,Digestive,"Optibac Probiotics for Pregnancy 30 Capsules. Always read the label and any leaflet supplied. If symptoms persist, speak to your pharmacist or doctor. Supplied as 30 Capsules.",No regulation
simple,5060112861758,Fushi Organic Jojoba Oil 100ml,0,0,0,17.99,taxable,,Skincare,Fushi Organic Jojoba Oil 100ml. A skincare product. Supplied as 100ml.,No regulation
simple,9335955000210,MooGoo Pigmentation Brightening Moisturiser 75g,0,0,0,17.99,taxable,,Skincare,MooGoo Pigmentation Brightening Moisturiser 75g. A skincare product. Supplied as 75g.,No regulation
simple,5055148405472,Lamberts Oracomega 120 Capsules,0,0,0,17.99,taxable,,Vitamins,Lamberts Oracomega 120 Capsules. A vitamins and supplements product. Supplied as 120 Capsules.,No regulation
simple,5055148411077,Lamberts L-Carnitine 500mg 60 Capsules,0,0,0,17.99,taxable,,Vitamins,Lamberts L-Carnitine 500mg 60 Capsules. A vitamins and supplements product. Supplied as 60 Capsules.,No regulation
simple,5060571822048,The Good Guru Vegan Collagen 90 Capsules,0,0,0,17.99,taxable,,Vitamins,The Good Guru Vegan Collagen 90 Capsules. A vitamins and supplements product. Supplied as 90 Capsules.,No regulation
simple,5056585803555,Scholl Freeze Verruca & Wart Remover 80ml,0,0,0,17.99,taxable,,Supports & Braces,Scholl Freeze Verruca & Wart Remover 80ml. A support and mobility product. Supplied as 80ml.,GSL
simple,5020465125600,Acnecide 5% w/w Gel 60g,0,0,0,17.99,taxable,,Skincare,"Acnecide 5% w/w Gel 60g. Prescription-only medicine, supplied after an online consultation with our pharmacist. Always read the label and any leaflet supplied. If symptoms persist, speak to your pharmacist or doctor. Supplied as 60g.",P
simple,3574660619775,Nicorette Quickmist Single 1mg,0,0,0,17.99,taxable,reduced-rate,Stop Smoking,Nicorette Quickmist Single 1mg. A stop-smoking product. Supplied as 1mg.,GSL
simple,5010724529287,Replens Md Rx Longer Lasting Vaginal Moisturiser 5.9g 12 Pack,0,0,0,17.99,taxable,,Women's Health,Replens Md Rx Longer Lasting Vaginal Moisturiser 5.9g 12 Pack. A women's health product. Supplied as 12 Pack.,GSL
simple,0033984009172,Solgar Ultimate Calm Daily Support 30 Capsules,0,0,0,17.99,taxable,,Supports & Braces,Solgar Ultimate Calm Daily Support 30 Capsules. A support and mobility product. Supplied as 30 Capsules.,No regulation
simple,5999887678479,Osi Magnesium Body Butter + OptiMSM Lemongrass 200ml,0,0,0,17.99,taxable,,Skincare,Osi Magnesium Body Butter + OptiMSM Lemongrass 200ml. A skincare product. Supplied as 200ml.,No regulation
simple,5055148407001,Lamberts Colladeen Derma Plus 60 Tablets,0,0,0,17.99,taxable,,Vitamins,Lamberts Colladeen Derma Plus 60 Tablets. A vitamins and supplements product. Supplied as 60 Tablets.,No regulation
simple,5060031470871,Activon Tulle with Medical Grade Manuka Honey 5cm x 5cm,0,0,0,17.99,taxable,,General Health,Activon Tulle with Medical Grade Manuka Honey 5cm x 5cm. A health and wellbeing product.,No regulation
simple,5391537750038,Aloeze Aloe & Oatmeal Shampoo 500ml,0,0,0,17.99,taxable,,Hair Care,Aloeze Aloe & Oatmeal Shampoo 500ml. A hair care product. Supplied as 500ml.,No regulation
simple,5060552880043,Neubria Drift Sleep Formula 60 Capsules,0,0,0,17.99,taxable,,Vitamins,Neubria Drift Sleep Formula 60 Capsules. A vitamins and supplements product. Supplied as 60 Capsules.,No regulation
simple,3614224084028,Lancaster Sun Sensitive Delicate Soothing Body Milk SPF50 125ml,0,0,0,17.99,taxable,,Skincare,Lancaster Sun Sensitive Delicate Soothing Body Milk SPF50 125ml. A skincare product. Supplied as 125ml.,No regulation
simple,5031013104084,Higher Nature Arginine 120 Capsules,0,0,0,17.99,taxable,,Vitamins,Higher Nature Arginine 120 Capsules. A vitamins and supplements product. Supplied as 120 Capsules.,No regulation
simple,0015594011516,Astroglide x Premium Silicone Liquid 148ml,0,0,0,17.99,taxable,,General Health,Astroglide x Premium Silicone Liquid 148ml. A health and wellbeing product. Supplied as 148ml.,No regulation
simple,5055148414344,Lamberts Collagen Perfecting Complex 90 Tablets,0,0,0,17.99,taxable,,Vitamins,Lamberts Collagen Perfecting Complex 90 Tablets. A vitamins and supplements product. Supplied as 90 Tablets.,No regulation
simple,5060704340494,Acala Make Your Own Face Cream Kit,0,0,0,17.99,taxable,,Skincare,Acala Make Your Own Face Cream Kit. A skincare product.,No regulation
simple,5060571720771,UpCircle Face Toner with Mandarin & Chamomile 100ml,0,0,0,17.99,taxable,,Skincare,UpCircle Face Toner with Mandarin & Chamomile 100ml. A skincare product. Supplied as 100ml.,No regulation
simple,5034511001589,Green People Neutral Scent Free Rejuvenating Eye Cream 10ml,0,0,0,17.99,taxable,,Skincare,Green People Neutral Scent Free Rejuvenating Eye Cream 10ml. A skincare product. Supplied as 10ml.,No regulation
simple,5060203793845,Terranova Quercetin Nettle Complex 50's,0,0,0,17.99,taxable,,Vitamins,Terranova Quercetin Nettle Complex 50's. A vitamins and supplements product.,No regulation
simple,5060202180486,Cytoplan Pregna-Plan 60 Tablets,0,0,0,17.99,taxable,,Vitamins,Cytoplan Pregna-Plan 60 Tablets. A vitamins and supplements product. Supplied as 60 Tablets.,No regulation
simple,5060202181445,Cytoplan Adrenal Support 60 Capsules,0,0,0,17.99,taxable,,Supports & Braces,Cytoplan Adrenal Support 60 Capsules. A support and mobility product. Supplied as 60 Capsules.,No regulation
simple,5055148412784,Lamberts Vegan Dha 250mg 60 Capsules,0,0,0,17.99,taxable,,Vitamins,Lamberts Vegan Dha 250mg 60 Capsules. A vitamins and supplements product. Supplied as 60 Capsules.,No regulation
simple,0658556117101,Mushrooms For Life Organic Lion's Mane Focus Full Spectrum 60 Capsules,0,0,0,17.99,taxable,,Vitamins,Mushrooms For Life Organic Lion's Mane Focus Full Spectrum 60 Capsules. A vitamins and supplements product. Supplied as 60 Capsules.,No regulation
simple,5055946808819,Emla 5% Cream with Applicator 30g,0,0,0,17.99,taxable,,Skincare,"Emla 5% Cream with Applicator 30g. Prescription-only medicine, supplied after an online consultation with our pharmacist. Always read the label and any leaflet supplied. If symptoms persist, speak to your pharmacist or doctor. Supplied as 30g.",P
simple,3425201367627,Urban Tonic Deluxe Pomade 100ml,0,0,0,17.99,taxable,,General Health,Urban Tonic Deluxe Pomade 100ml. A health and wellbeing product. Supplied as 100ml.,No regulation
simple,0017854105942,Baylis & Harding Sweet Mandarin & Grapefruit Bag Gift Set,0,0,0,17.99,taxable,,Beauty,Baylis & Harding Sweet Mandarin & Grapefruit Bag Gift Set. A health and beauty product.,No regulation
simple,5060203791513,Terranova Advanced Synergy Multivitamin 50's,0,0,0,17.99,taxable,,Vitamins,Terranova Advanced Synergy Multivitamin 50's. A vitamins and supplements product.,No regulation
simple,0634158987588,Botanicals 4 Life Echinacea & Elderberry Extract 100ml,0,0,0,17.99,taxable,,General Health,Botanicals 4 Life Echinacea & Elderberry Extract 100ml. A health and wellbeing product. Supplied as 100ml.,No regulation
simple,4031626711830,Hycosan Shield Eye Drops 3ml,0,0,0,17.99,taxable,,Eye Care,"Hycosan Shield Eye Drops 3ml. Always read the label and any leaflet supplied. If symptoms persist, speak to your pharmacist or doctor. Supplied as 3ml.",No regulation
simple,5060571721266,"UpCircle Bath Salts with Epsom, Sea & Himalayan Pink Salt 350g",0,0,0,17.99,taxable,,Beauty,"UpCircle Bath Salts with Epsom, Sea & Himalayan Pink Salt 350g. A health and beauty product. Supplied as 350g.",No regulation
simple,0033984512832,Solgar Bilberry Horse Chestnut Complex 60 Capsules,0,0,0,17.99,taxable,,Vitamins,Solgar Bilberry Horse Chestnut Complex 60 Capsules. A vitamins and supplements product. Supplied as 60 Capsules.,No regulation
simple,0020714462758,Clinique Clarifying Lotion 1 200ml,0,0,0,17.99,taxable,,Skincare,Clinique Clarifying Lotion 1 200ml. A skincare product. Supplied as 200ml.,No regulation
simple,3596200086885,Weleda Sensitive Soothing Moisturiser Light 30ml,0,0,0,17.99,taxable,,Skincare,Weleda Sensitive Soothing Moisturiser Light 30ml. A skincare product. Supplied as 30ml.,No regulation
simple,7702018550906,Gillette Venus Limited Edition Spa Breeze Shaving Set,0,0,0,17.99,taxable,,Men's Grooming,Gillette Venus Limited Edition Spa Breeze Shaving Set. A men's grooming product.,No regulation
simple,5060203790875,Terranova Microbiome Travel 50's,0,0,0,17.99,taxable,,Vitamins,Terranova Microbiome Travel 50's. A vitamins and supplements product.,No regulation
simple,5060216563930,Bioglan Collagen Gummies (60 Tabs),0,0,0,17.99,taxable,,Vitamins,Bioglan Collagen Gummies (60 Tabs). A vitamins and supplements product. Supplied as 60 Tabs.,No regulation
simple,8809367895661,Jumiso Yes I Am Toner AHA 5% 150ml,0,0,0,17.99,taxable,,Skincare,Jumiso Yes I Am Toner AHA 5% 150ml. A skincare product. Supplied as 150ml.,No regulation
simple,3282770390315,Avène Cleanance Micellar Water 400ml,0,0,0,17.99,taxable,,Skincare,Avène Cleanance Micellar Water 400ml. A skincare product. Supplied as 400ml.,No regulation
simple,0658556117200,Mushrooms For Life Organic Cordyceps 60 Capsules,0,0,0,17.99,taxable,,Vitamins,Mushrooms For Life Organic Cordyceps 60 Capsules. A vitamins and supplements product. Supplied as 60 Capsules.,No regulation
simple,7350082940378,Swiss Clinic Micellar Cleansing Gel 125ml,0,0,0,17.99,taxable,,Skincare,Swiss Clinic Micellar Cleansing Gel 125ml. A skincare product. Supplied as 125ml.,No regulation
simple,5060428199590,Vital Baby Protect Healthcare Kit,0,0,0,17.99,taxable,,Baby & Child,Vital Baby Protect Healthcare Kit. A baby and child product.,No regulation
simple,5031013101830,Higher Nature Energise 90 Tablets,0,0,0,17.95,taxable,,Vitamins,Higher Nature Energise 90 Tablets. A vitamins and supplements product. Supplied as 90 Tablets.,No regulation
simple,5031013101397,Higher Nature Bio Minerals 90 Tablets,0,0,0,17.95,taxable,,Vitamins,Higher Nature Bio Minerals 90 Tablets. A vitamins and supplements product. Supplied as 90 Tablets.,No regulation
simple,3337873401212,Sanoflore Aqua Magnifica 200ml,0,0,0,17.89,taxable,,General Health,Sanoflore Aqua Magnifica 200ml. A health and wellbeing product. Supplied as 200ml.,No regulation
simple,0054402720080,Australian Gold Botanical SPF15 Lotion 147ml,0,0,0,17.89,taxable,,Skincare,Australian Gold Botanical SPF15 Lotion 147ml. A skincare product. Supplied as 147ml.,No regulation
simple,5031013108792,Higher Nature Daily Nutrients for Energy & Vitality 28 Strips,0,0,0,17.89,taxable,,Vitamins,Higher Nature Daily Nutrients for Energy & Vitality 28 Strips. A vitamins and supplements product.,No regulation
simple,7350087736372,E45 Psoriasis Cream 50ml,0,0,0,17.89,taxable,,Skincare,E45 Psoriasis Cream 50ml. A skincare product. Supplied as 50ml.,GSL
simple,5055148411503,Lamberts Probioguard 60 Capsules,0,0,0,17.89,taxable,,Vitamins,Lamberts Probioguard 60 Capsules. A vitamins and supplements product. Supplied as 60 Capsules.,No regulation
simple,5055148404017,Lamberts Ginkgo 6000mg Extra High Strength 180 Tablets,0,0,0,17.89,taxable,,Vitamins,Lamberts Ginkgo 6000mg Extra High Strength 180 Tablets. A vitamins and supplements product. Supplied as 180 Tablets.,No regulation
simple,5060776980130,DR.VEGAN Screen Eyes Vision Health 60 Capsules,0,0,0,17.89,taxable,,Vitamins,DR.VEGAN Screen Eyes Vision Health 60 Capsules. A vitamins and supplements product. Supplied as 60 Capsules.,No regulation
simple,5023652370098,Nature's Aid Collagen Beauty Formula 90 Capsules,0,0,0,17.89,taxable,,Vitamins,Nature's Aid Collagen Beauty Formula 90 Capsules. A vitamins and supplements product. Supplied as 90 Capsules.,No regulation
simple,5023652372061,Nature's Aid 3-in-1 Natural Formula 60 Capsules,0,0,0,17.89,taxable,,Vitamins,Nature's Aid 3-in-1 Natural Formula 60 Capsules. A vitamins and supplements product. Supplied as 60 Capsules.,No regulation
simple,5031013108761,Higher Nature Daily Nutrients for a Restful Night 28 Strips,0,0,0,17.89,taxable,,Vitamins,Higher Nature Daily Nutrients for a Restful Night 28 Strips. A vitamins and supplements product.,No regulation
simple,5060018515069,KIKI Health Black Seed Oil 125ml,0,0,0,17.89,taxable,,Vitamins,KIKI Health Black Seed Oil 125ml. A vitamins and supplements product. Supplied as 125ml.,No regulation
simple,8809447251783,Dr.Althea To Be Eyeconic Eye Serum 25ml,0,0,0,17.89,taxable,,Skincare,Dr.Althea To Be Eyeconic Eye Serum 25ml. A skincare product. Supplied as 25ml.,No regulation
simple,0705928001008,NeilMed Sinus Rinse Kit 60 Premixed Sachets,0,0,0,17.89,taxable,,Cold & Flu,"NeilMed Sinus Rinse Kit 60 Premixed Sachets. Always read the label and any leaflet supplied. If symptoms persist, speak to your pharmacist or doctor.",No regulation
simple,7350082940170,Swiss Clinic Hydrating Eye Drops 15ml,0,0,0,17.89,taxable,,Eye Care,"Swiss Clinic Hydrating Eye Drops 15ml. Always read the label and any leaflet supplied. If symptoms persist, speak to your pharmacist or doctor. Supplied as 15ml.",No regulation
simple,3220660282401,Safety 1st Newborn Care Vanity Pack,0,0,0,17.89,taxable,,General Health,Safety 1st Newborn Care Vanity Pack. A health and wellbeing product.,No regulation
simple,8809236796617,Sioris Bring The Light Serum 35ml,0,0,0,17.89,taxable,,Skincare,Sioris Bring The Light Serum 35ml. A skincare product. Supplied as 35ml.,No regulation
simple,5055148412166,Lamberts Multiguard Osteoadvance Multi-Vitamin & Minerals 120 Tablets,0,0,0,17.89,taxable,,Vitamins,Lamberts Multiguard Osteoadvance Multi-Vitamin & Minerals 120 Tablets. A vitamins and supplements product. Supplied as 120 Tablets.,No regulation
simple,3282770203523,Avène Antirougeurs Day Soothing Emulsion SPF 30 40ml,0,0,0,17.89,taxable,,Skincare,Avène Antirougeurs Day Soothing Emulsion SPF 30 40ml. A skincare product. Supplied as 40ml.,No regulation
simple,0033984040243,Solgar Saw Palmetto Opuntia & Lycopene Complex 50 Capsules,0,0,0,17.89,taxable,,Vitamins,Solgar Saw Palmetto Opuntia & Lycopene Complex 50 Capsules. A vitamins and supplements product. Supplied as 50 Capsules.,No regulation
simple,8809514550290,Rated Green Cold Brew Rosemary Balancing Scalp Pack 200ml,0,0,0,17.89,taxable,,Cold & Flu,"Rated Green Cold Brew Rosemary Balancing Scalp Pack 200ml. Always read the label and any leaflet supplied. If symptoms persist, speak to your pharmacist or doctor. Supplied as 200ml.",No regulation
simple,8809540510237,Benton Aloe Bha Skin Toner 200ml,0,0,0,17.89,taxable,,Skincare,Benton Aloe Bha Skin Toner 200ml. A skincare product. Supplied as 200ml.,No regulation
simple,0033984020276,"Solgar Omega 3-6-9 Fish, Flax, Borage 60 Softgels",0,0,0,17.89,taxable,,Vitamins,"Solgar Omega 3-6-9 Fish, Flax, Borage 60 Softgels. A vitamins and supplements product. Supplied as 60 Softgels.",No regulation
simple,0020714462772,Clinique Clarifying Lotion 3 200ml,0,0,0,17.89,taxable,,Skincare,Clinique Clarifying Lotion 3 200ml. A skincare product. Supplied as 200ml.,No regulation
simple,5000243503165,Minami MorEPA Kids 6+ Omega-3 60 Capsules,0,0,0,17.89,taxable,,Vitamins,Minami MorEPA Kids 6+ Omega-3 60 Capsules. A vitamins and supplements product. Supplied as 60 Capsules.,No regulation
simple,5025903026136,Nutri Within Apple Cider Vinegar Supplements 600mg,0,0,0,17.89,taxable,,Vitamins,Nutri Within Apple Cider Vinegar Supplements 600mg. A vitamins and supplements product. Supplied as 600mg.,No regulation
simple,8006540687383,Seven Seas Omega 3 & Multivitamins Woman 30 Day Duo Pack,0,0,0,17.79,taxable,,Vitamins,Seven Seas Omega 3 & Multivitamins Woman 30 Day Duo Pack. A vitamins and supplements product.,No regulation
simple,0033984022058,Solgar Phytosterol Complex 100 Softgels,0,0,0,17.79,taxable,,Vitamins,Solgar Phytosterol Complex 100 Softgels. A vitamins and supplements product. Supplied as 100 Softgels.,No regulation
simple,5010123718220,Nicorette Freshmint 105 4mg Gums,0,0,0,17.79,taxable,reduced-rate,Stop Smoking,Nicorette Freshmint 105 4mg Gums. A stop-smoking product. Supplied as 4mg.,GSL
simple,4032129107410,Adcal-D3 Fruit Flavoured 112 Chewable Tablets,0,0,0,17.79,taxable,,Prescription Medicines,"Adcal-D3 Fruit Flavoured 112 Chewable Tablets. Prescription-only medicine, supplied after an online consultation with our pharmacist. Always read the label and any leaflet supplied. If symptoms persist, speak to your pharmacist or doctor. Supplied as 112 Chewable.",P
simple,5055148409135,"Lamberts Omega 3, 6 & 9 Plus Vitamin D3 5g 120 Capsules",0,0,0,17.79,taxable,,Vitamins,"Lamberts Omega 3, 6 & 9 Plus Vitamin D3 5g 120 Capsules. A vitamins and supplements product. Supplied as 120 Capsules.",No regulation
simple,5430000934985,Bambaw Metal Safety Razor Rose Gold,0,0,0,17.69,taxable,,Men's Grooming,Bambaw Metal Safety Razor Rose Gold. A men's grooming product.,No regulation
simple,5027314502568,Bio-Kult Candea 60 Capsules,0,0,0,17.69,taxable,,Vitamins,Bio-Kult Candea 60 Capsules. A vitamins and supplements product. Supplied as 60 Capsules.,No regulation
simple,5010249053151,FSC 5-HTP 100mg Formula 60 Capsules,0,0,0,17.69,taxable,,Vitamins,FSC 5-HTP 100mg Formula 60 Capsules. A vitamins and supplements product. Supplied as 60 Capsules.,No regulation
simple,5051562033802,Voltarol 12hr Emulgel 100g,0,0,0,17.69,taxable,,Pain Relief,"Voltarol 12hr Emulgel 100g. Prescription-only medicine, supplied after an online consultation with our pharmacist. Always read the label and any leaflet supplied. If symptoms persist, speak to your pharmacist or doctor. Supplied as 100g.",P
simple,5060203792992,Terranova Cranberry 300mg 100 Pack,0,0,0,17.69,taxable,,Vitamins,Terranova Cranberry 300mg 100 Pack. A vitamins and supplements product. Supplied as 100 Pack.,No regulation
simple,0033984041448,Solgar Nettle Leaf Extract 60 Capsules,0,0,0,17.59,taxable,,Vitamins,Solgar Nettle Leaf Extract 60 Capsules. A vitamins and supplements product. Supplied as 60 Capsules.,No regulation
simple,4020829005747,Dr. Hauschka Quince Day Cream 30ml,0,0,0,17.59,taxable,,Skincare,Dr. Hauschka Quince Day Cream 30ml. A skincare product. Supplied as 30ml.,No regulation
simple,3380810258257,Clarins My Clarins Re-Fresh Hydrating Beauty Mist 100ml,0,0,0,17.59,taxable,,Beauty,Clarins My Clarins Re-Fresh Hydrating Beauty Mist 100ml. A health and beauty product. Supplied as 100ml.,No regulation
simple,0074312000065,Nature's Bounty Coq-10 125mg with Vitamin C 60 Gummies,0,0,0,17.59,taxable,,Vitamins,Nature's Bounty Coq-10 125mg with Vitamin C 60 Gummies. A vitamins and supplements product. Supplied as 60 Gummies.,No regulation
simple,5060310353093,Indigo Herbs Ashwagandha Tincture 100ml,0,0,0,17.59,taxable,,Vitamins,Indigo Herbs Ashwagandha Tincture 100ml. A vitamins and supplements product. Supplied as 100ml.,No regulation
simple,3574660710670,Nicorette Cools Mint 4mg 80 Lozenges,0,0,0,17.59,taxable,reduced-rate,Stop Smoking,Nicorette Cools Mint 4mg 80 Lozenges. A stop-smoking product. Supplied as 80 Lozenges.,GSL
simple,4001638099226,Weleda Arnica Massage Oil 100ml,0,0,0,17.59,taxable,,Vitamins,Weleda Arnica Massage Oil 100ml. A vitamins and supplements product. Supplied as 100ml.,No regulation
simple,5023652298064,Nature's Aid Krill Oil 500mg 60 Capsules,0,0,0,17.59,taxable,,Vitamins,Nature's Aid Krill Oil 500mg 60 Capsules. A vitamins and supplements product. Supplied as 60 Capsules.,No regulation
simple,5060203794392,Terranova Green Child Living Multivitamin 100 Pack,0,0,0,17.59,taxable,,Vitamins,Terranova Green Child Living Multivitamin 100 Pack. A vitamins and supplements product. Supplied as 100 Pack.,No regulation
simple,5060203792596,Terranova Astragalus 500mg 100 Capsules,0,0,0,17.59,taxable,,Vitamins,Terranova Astragalus 500mg 100 Capsules. A vitamins and supplements product. Supplied as 100 Capsules.,No regulation
simple,4001638099943,Weleda Lavender Body Oil 100ml,0,0,0,17.59,taxable,,Vitamins,Weleda Lavender Body Oil 100ml. A vitamins and supplements product. Supplied as 100ml.,No regulation
simple,5013455040106,Weleda Arnica Massage Balm 100ml,0,0,0,17.50,taxable,,Skincare,Weleda Arnica Massage Balm 100ml. A skincare product. Supplied as 100ml.,No regulation
simple,0634158637674,Wild Nutrition Digestive Enzyme 90 Capsules,0,0,0,17.50,taxable,,Vitamins,Wild Nutrition Digestive Enzyme 90 Capsules. A vitamins and supplements product. Supplied as 90 Capsules.,No regulation
simple,5060552880050,Neubria Charge Energy Formula,0,0,0,17.49,taxable,,General Health,Neubria Charge Energy Formula. A health and wellbeing product.,No regulation
simple,0033984011977,Solgar Garlic Powder 500mg 90 Capsules,0,0,0,17.49,taxable,,Vitamins,Solgar Garlic Powder 500mg 90 Capsules. A vitamins and supplements product. Supplied as 90 Capsules.,No regulation
simple,0634158637261,Vitamin D 30 Capsules,0,0,0,17.49,taxable,,Vitamins,Vitamin D 30 Capsules. A vitamins and supplements product. Supplied as 30 Capsules.,No regulation
simple,0894147000111,Sliquid Naturals H20 Waterbased Lubricant-255ml,0,0,0,17.49,taxable,,Sexual Wellness,"Sliquid Naturals H20 Waterbased Lubricant-255ml. Always read the label and any leaflet supplied. If symptoms persist, speak to your pharmacist or doctor. Supplied as 255ml.",No regulation
simple,5034511001633,Green People Moisturising Shampoo 200ml,0,0,0,17.49,taxable,,Hair Care,Green People Moisturising Shampoo 200ml. A hair care product. Supplied as 200ml.,No regulation
simple,5034511029392,Green People OY! Clear Skin Purifying Serum 30ml,0,0,0,17.49,taxable,,Skincare,Green People OY! Clear Skin Purifying Serum 30ml. A skincare product. Supplied as 30ml.,No regulation
simple,5034511001503,Green People Moisturising Shower Gel 200ml,0,0,0,17.49,taxable,,Skincare,Green People Moisturising Shower Gel 200ml. A skincare product. Supplied as 200ml.,No regulation
simple,4001638080194,Weleda Iris Hydrating Facial Lotion 30ml,0,0,0,17.49,taxable,,Skincare,Weleda Iris Hydrating Facial Lotion 30ml. A skincare product. Supplied as 30ml.,No regulation
simple,8809408731187,Dr. Oracle Radicalclear Enzyme Powder Wash,0,0,0,17.49,taxable,,Vitamins,Dr. Oracle Radicalclear Enzyme Powder Wash. A vitamins and supplements product.,No regulation
simple,5027519008612,PreserVision 120 Tablets,0,0,0,17.49,taxable,,Vitamins,PreserVision 120 Tablets. A vitamins and supplements product. Supplied as 120 Tablets.,No regulation
simple,5028392002674,Nutri Advanced Berberine 250 60 Caps,0,0,0,17.49,taxable,,General Health,Nutri Advanced Berberine 250 60 Caps. A health and wellbeing product. Supplied as 60 Caps.,No regulation
simple,5034511001749,Green People Moisturising Conditioner 200ml,0,0,0,17.49,taxable,,Hair Care,Green People Moisturising Conditioner 200ml. A hair care product. Supplied as 200ml.,No regulation
simple,5060519147561,Pukka Night Time 60 Capsules,0,0,0,17.49,taxable,,Vitamins,Pukka Night Time 60 Capsules. A vitamins and supplements product. Supplied as 60 Capsules.,No regulation
simple,5060776980116,DR.VEGAN MenoFriend Menopause Support 60 Capsules,0,0,0,17.49,taxable,,Supports & Braces,DR.VEGAN MenoFriend Menopause Support 60 Capsules. A support and mobility product. Supplied as 60 Capsules.,No regulation
simple,0083000006531,Nature's Answer Olive Leaf Extract 60ml,0,0,0,17.49,taxable,,General Health,Nature's Answer Olive Leaf Extract 60ml. A health and wellbeing product. Supplied as 60ml.,No regulation
simple,0859975002447,Andalou Acai+ Kombucha Oil-Free Moisturiser 50g,0,0,0,17.39,taxable,,Skincare,Andalou Acai+ Kombucha Oil-Free Moisturiser 50g. A skincare product. Supplied as 50g.,No regulation
simple,5011417572788,Scholl Orthotic Foot Insole 1 pair Medium,0,0,0,17.39,taxable,,Supports & Braces,Scholl Orthotic Foot Insole 1 pair Medium. A support and mobility product.,No regulation
simple,0873024001045,Ener-C Variety Pack 30 Sachets,0,0,0,17.39,taxable,,Vitamins,Ener-C Variety Pack 30 Sachets. A vitamins and supplements product. Supplied as 30 Sachets.,No regulation
simple,8806158588634,SIORIS Falling Into The Rose Mist 100ml,0,0,0,17.39,taxable,,Beauty,SIORIS Falling Into The Rose Mist 100ml. A health and beauty product. Supplied as 100ml.,No regulation
simple,0017854109773,Baylis & Harding Sweet Mandarin & Grapefruit Slipper Gift Set,0,0,0,17.39,taxable,,Beauty,Baylis & Harding Sweet Mandarin & Grapefruit Slipper Gift Set. A health and beauty product.,No regulation
simple,5060332530175,Lindens Health + Nutrition Zinc Citrate 50mg 1000 Tablets,0,0,0,17.39,taxable,,Vitamins,Lindens Health + Nutrition Zinc Citrate 50mg 1000 Tablets. A vitamins and supplements product. Supplied as 1000 Tablets.,No regulation
simple,5056142607787,Protein World Ultra Beauty 90 Capsules,0,0,0,17.39,taxable,,Vitamins,Protein World Ultra Beauty 90 Capsules. A vitamins and supplements product. Supplied as 90 Capsules.,No regulation
simple,5011417572764,Scholl Orthotic Foot Insole 1 pair Large,0,0,0,17.39,taxable,,Supports & Braces,Scholl Orthotic Foot Insole 1 pair Large. A support and mobility product.,No regulation
simple,5060193641713,Bloom & Blossom Pyjamarama Dry Body Oil 100ml,0,0,0,17.39,taxable,,Skincare,Bloom & Blossom Pyjamarama Dry Body Oil 100ml. A skincare product. Supplied as 100ml.,No regulation
simple,5060553660002,Ostoniq Pain Relief Cream 60g,0,0,0,17.39,taxable,,Pain Relief,"Ostoniq Pain Relief Cream 60g. Always read the label and any leaflet supplied. If symptoms persist, speak to your pharmacist or doctor. Supplied as 60g.",GSL
simple,5011417572771,Scholl Orthotic Foot Insoles 1 pair Small,0,0,0,17.39,taxable,,Supports & Braces,Scholl Orthotic Foot Insoles 1 pair Small. A support and mobility product.,No regulation
simple,0873024001021,Ener-C Raspberry 30 Sachets,0,0,0,17.39,taxable,,Vitamins,Ener-C Raspberry 30 Sachets. A vitamins and supplements product. Supplied as 30 Sachets.,No regulation
simple,3701129804063,Bioderma Photoderm Kid SPF50+ Spray 200ml,0,0,0,17.39,taxable,,Skincare,Bioderma Photoderm Kid SPF50+ Spray 200ml. A skincare product. Supplied as 200ml.,No regulation
simple,0873024001328,Ener-C Mixed Berry Sugar Free 30 Sachets,0,0,0,17.39,taxable,,Vitamins,Ener-C Mixed Berry Sugar Free 30 Sachets. A vitamins and supplements product. Supplied as 30 Sachets.,No regulation
simple,3282770208788,Avène Hydrance SPF30 Light 40ml,0,0,0,17.39,taxable,,Skincare,Avène Hydrance SPF30 Light 40ml. A skincare product. Supplied as 40ml.,No regulation
simple,8809743540635,Mizon Snail Wrinkle Care Sleeping Mask 80ml,0,0,0,17.39,taxable,,Skincare,Mizon Snail Wrinkle Care Sleeping Mask 80ml. A skincare product. Supplied as 80ml.,No regulation
simple,0873024001304,Ener-C Orange Sugar Free 30 Sachets,0,0,0,17.39,taxable,,Vitamins,Ener-C Orange Sugar Free 30 Sachets. A vitamins and supplements product. Supplied as 30 Sachets.,No regulation
simple,3800219790412,Alteya Organic Rose Otto Facial Toner Bio Damascena 200ml,0,0,0,17.39,taxable,,Skincare,Alteya Organic Rose Otto Facial Toner Bio Damascena 200ml. A skincare product. Supplied as 200ml.,No regulation
simple,0020714227685,Clinique All About Clean Liquid Facial Soap 200ml,0,0,0,17.39,taxable,,Skincare,Clinique All About Clean Liquid Facial Soap 200ml. A skincare product. Supplied as 200ml.,No regulation
simple,0017854110397,Baylis & Harding Wild Fig & Pomegranate Wash Bag Set,0,0,0,17.39,taxable,,Beauty,Baylis & Harding Wild Fig & Pomegranate Wash Bag Set. A health and beauty product.,No regulation
simple,8718309700041,Mycosan Fungal Nail Treatment Kit,0,0,0,17.39,taxable,,Beauty,Mycosan Fungal Nail Treatment Kit. A health and beauty product.,No regulation
simple,0873024001038,Ener-C Tangerine/GrapeFruit 30 Sachets,0,0,0,17.39,taxable,,Vitamins,Ener-C Tangerine/GrapeFruit 30 Sachets. A vitamins and supplements product. Supplied as 30 Sachets.,No regulation
simple,5060332530410,Lindens Health + Nutrition Magnesium (MgO 500mg) 500 Tablets,0,0,0,17.29,taxable,,Vitamins,Lindens Health + Nutrition Magnesium (MgO 500mg) 500 Tablets. A vitamins and supplements product. Supplied as 500 Tablets.,No regulation
simple,5060332535187,Lindens Health + Nutrition Cod Liver Oil 1000mg 360 Capsules,0,0,0,17.29,taxable,,Vitamins,Lindens Health + Nutrition Cod Liver Oil 1000mg 360 Capsules. A vitamins and supplements product. Supplied as 360 Capsules.,No regulation
simple,5999887678561,Osi Magnesium Cooling Massage Lotion 200ml,0,0,0,17.29,taxable,,Skincare,Osi Magnesium Cooling Massage Lotion 200ml. A skincare product. Supplied as 200ml.,No regulation
simple,5034445001020,Clinitas Antibacterial Eye Compress,0,0,0,17.29,taxable,,Eye Care,"Clinitas Antibacterial Eye Compress. Always read the label and any leaflet supplied. If symptoms persist, speak to your pharmacist or doctor.",GSL
simple,8429979425645,Sesderma C-Vit Cc Cream SPF15 30ml,0,0,0,17.29,taxable,,Skincare,Sesderma C-Vit Cc Cream SPF15 30ml. A skincare product. Supplied as 30ml.,No regulation
simple,5060202180547,Cytoplan Cherry C Wholefood Vitamin C 200mg 60 Capsules,0,0,0,17.20,taxable,,Vitamins,Cytoplan Cherry C Wholefood Vitamin C 200mg 60 Capsules. A vitamins and supplements product. Supplied as 60 Capsules.,No regulation
simple,4005800264856,Eucerin Dry Touch Sun Gel-Cream SPF50+ 200ml,0,0,0,17.19,taxable,,Skincare,Eucerin Dry Touch Sun Gel-Cream SPF50+ 200ml. A skincare product. Supplied as 200ml.,No regulation
simple,0033984007529,Solgar Advanced Acidophilus 100 Capsules,0,0,0,17.19,taxable,,Vitamins,Solgar Advanced Acidophilus 100 Capsules. A vitamins and supplements product. Supplied as 100 Capsules.,No regulation
simple,5010249011267,FSC Vitamin E (D-Alpha-Tocopherol) 400IU 90 Capsules,0,0,0,17.09,taxable,,Vitamins,FSC Vitamin E (D-Alpha-Tocopherol) 400IU 90 Capsules. A vitamins and supplements product. Supplied as 90 Capsules.,No regulation
simple,5060571720146,UpCircle Coffee Body Scrub with Peppermint 220ml,0,0,0,17.09,taxable,,Beauty,UpCircle Coffee Body Scrub with Peppermint 220ml. A health and beauty product. Supplied as 220ml.,No regulation
simple,0615908950991,Tigi Bed Head Rehab Shampoo & Conditioner 2x750ml,0,0,0,17.09,taxable,,Hair Care,Tigi Bed Head Rehab Shampoo & Conditioner 2x750ml. A hair care product. Supplied as 2x750ml.,No regulation
simple,5060571721006,UpCircle Hand + Body Lotion with Bergamot Water 250ml,0,0,0,17.09,taxable,,Skincare,UpCircle Hand + Body Lotion with Bergamot Water 250ml. A skincare product. Supplied as 250ml.,No regulation
simple,5060571720139,UpCircle Coffee Body Scrub with Lemongrass 220ml,0,0,0,17.09,taxable,,Beauty,UpCircle Coffee Body Scrub with Lemongrass 220ml. A health and beauty product. Supplied as 220ml.,No regulation
simple,5031013108594,Higher Nature Pro-Digestion 60 Capsules,0,0,0,17.09,taxable,,Vitamins,Higher Nature Pro-Digestion 60 Capsules. A vitamins and supplements product. Supplied as 60 Capsules.,No regulation
simple,3474636574681,Redken Frizz Dismiss Conditioner 500ml,0,0,0,17.09,taxable,,Hair Care,Redken Frizz Dismiss Conditioner 500ml. A hair care product. Supplied as 500ml.,No regulation
simple,5034511000223,Green People Daily Aloe Shampoo 200ml,0,0,0,16.99,taxable,,Hair Care,Green People Daily Aloe Shampoo 200ml. A hair care product. Supplied as 200ml.,No regulation
simple,5055148400491,Lamberts Pure Starflower Oil 1000mg 90 Capsules,0,0,0,16.99,taxable,,Vitamins,Lamberts Pure Starflower Oil 1000mg 90 Capsules. A vitamins and supplements product. Supplied as 90 Capsules.,No regulation
simple,5034511002920,Green People 10 Itch Away Shampoo 150ml,0,0,0,16.99,taxable,,Hair Care,Green People 10 Itch Away Shampoo 150ml. A hair care product. Supplied as 150ml.,No regulation
simple,8809514550306,Rated Green Cold Brew Moisturising Scalp Pack with Hibiscus 200ml,0,0,0,16.99,taxable,,Cold & Flu,"Rated Green Cold Brew Moisturising Scalp Pack with Hibiscus 200ml. Always read the label and any leaflet supplied. If symptoms persist, speak to your pharmacist or doctor. Supplied as 200ml.",No regulation
simple,3401528520846,Bioderma Atoderm Shower Oil 1ltr,0,0,0,16.99,taxable,,Beauty,Bioderma Atoderm Shower Oil 1ltr. A health and beauty product.,No regulation
simple,5034268009043,ProVen Probiotics Acidophilus & Bifidus with Digestive Enzyme 30 Capsules,0,0,0,16.99,taxable,,Digestive,"ProVen Probiotics Acidophilus & Bifidus with Digestive Enzyme 30 Capsules. Always read the label and any leaflet supplied. If symptoms persist, speak to your pharmacist or doctor. Supplied as 30 Capsules.",No regulation
simple,5060069281883,Clearpore Waterproof Adhesive Dressing 10x10cm 50 Pack,0,0,0,16.99,taxable,,First Aid,"Clearpore Waterproof Adhesive Dressing 10x10cm 50 Pack. Always read the label and any leaflet supplied. If symptoms persist, speak to your pharmacist or doctor. Supplied as 50 Pack.",No regulation
simple,3801304010088,Kikka Boo Manual Breast Pump Elsie,0,0,0,16.99,taxable,,General Health,Kikka Boo Manual Breast Pump Elsie. A health and wellbeing product.,No regulation
simple,5060552880975,Neubria Neubiotic Bifido and Fibre 30 Sachets,0,0,0,16.99,taxable,,Vitamins,Neubria Neubiotic Bifido and Fibre 30 Sachets. A vitamins and supplements product. Supplied as 30 Sachets.,No regulation
simple,5034511001848,Green People Neutral Scent Free Shower Gel 200ml,0,0,0,16.99,taxable,,Beauty,Green People Neutral Scent Free Shower Gel 200ml. A health and beauty product. Supplied as 200ml.,No regulation
simple,0658010120999,Garden Of Life B12 spray Raspberry 58ml,0,0,0,16.99,taxable,,Vitamins,Garden Of Life B12 spray Raspberry 58ml. A vitamins and supplements product. Supplied as 58ml.,No regulation
simple,5060203790202,Terranova B-Complex w/vitamin C 100 Pack,0,0,0,16.99,taxable,,Vitamins,Terranova B-Complex w/vitamin C 100 Pack. A vitamins and supplements product. Supplied as 100 Pack.,No regulation
simple,5034268006073,ProVen Probiotics Urgent-C Everyday Immune Support 30 Sachets,0,0,0,16.99,taxable,,Supports & Braces,ProVen Probiotics Urgent-C Everyday Immune Support 30 Sachets. A support and mobility product. Supplied as 30 Sachets.,No regulation
simple,5025970012780,Nivea Ladies Gift Set Glow Q10,0,0,0,16.99,taxable,,Beauty,Nivea Ladies Gift Set Glow Q10. A health and beauty product.,No regulation
simple,5060552881460,Neubiotic Her Female Probiotic for Women 30 Vegan Capsules,0,0,0,16.99,taxable,,Women's Health,Neubiotic Her Female Probiotic for Women 30 Vegan Capsules. A women's health product.,No regulation
simple,5060776980123,DR.VEGAN Stay Calm Manage Stress & Anxiety 60 Capsules,0,0,0,16.99,taxable,,Vitamins,DR.VEGAN Stay Calm Manage Stress & Anxiety 60 Capsules. A vitamins and supplements product. Supplied as 60 Capsules.,No regulation
simple,0859975020052,Andalou 1000 Roses Absolute Serum 50g,0,0,0,16.99,taxable,,Skincare,Andalou 1000 Roses Absolute Serum 50g. A skincare product. Supplied as 50g.,No regulation
simple,5701170447361,Malacetic Aural 118ml,0,0,0,16.99,taxable,,General Health,Malacetic Aural 118ml. A health and wellbeing product. Supplied as 118ml.,No regulation
simple,5060291420180,Nursem Caring Hand Cream 300ml,0,0,0,16.99,taxable,,Skincare,Nursem Caring Hand Cream 300ml. A skincare product. Supplied as 300ml.,No regulation
simple,5034268009050,ProVen Biotics for Womens 30 Capsules,0,0,0,16.99,taxable,,Women's Health,ProVen Biotics for Womens 30 Capsules. A women's health product. Supplied as 30 Capsules.,No regulation
simple,5060342240538,GlucoRx HCT Blood Glucose & Ketone Meter,0,0,0,16.99,taxable,,Testing & Monitoring,"GlucoRx HCT Blood Glucose & Ketone Meter. Always read the label and any leaflet supplied. If symptoms persist, speak to your pharmacist or doctor.",No regulation
simple,5034511000247,Green People Daily Aloe Shower Gel 200ml,0,0,0,16.99,taxable,,Beauty,Green People Daily Aloe Shower Gel 200ml. A health and beauty product. Supplied as 200ml.,No regulation
simple,9332996000001,Grahams Natural C Eczema & Dermatitis Cream 50g,0,0,0,16.99,taxable,,Skincare,Grahams Natural C Eczema & Dermatitis Cream 50g. A skincare product. Supplied as 50g.,No regulation
simple,3282779402903,Avène Very High Protection Lotion for Children SPF50+ 100ml,0,0,0,16.99,taxable,,Baby & Child,Avène Very High Protection Lotion for Children SPF50+ 100ml. A baby and child product. Supplied as 100ml.,No regulation
simple,5060202181728,Cytoplan Blood Glucose Support Wholefood 60 Capsules,0,0,0,16.99,taxable,,Testing & Monitoring,"Cytoplan Blood Glucose Support Wholefood 60 Capsules. Always read the label and any leaflet supplied. If symptoms persist, speak to your pharmacist or doctor. Supplied as 60 Capsules.",No regulation
simple,3282779402941,Avène Cleanance High Protection SPF30 50ml,0,0,0,16.99,taxable,,Skincare,Avène Cleanance High Protection SPF30 50ml. A skincare product. Supplied as 50ml.,No regulation
simple,5055382304029,Alvita Nitrile Powder Free Examination Gloves Small 100 Pack,0,0,0,16.99,taxable,,Vitamins,Alvita Nitrile Powder Free Examination Gloves Small 100 Pack. A vitamins and supplements product. Supplied as 100 Pack.,No regulation
simple,9337213008457,Conceive Plus Fertility Lubricant Applicators 4g 8 Pack,0,0,0,16.99,taxable,,Sexual Wellness,"Conceive Plus Fertility Lubricant Applicators 4g 8 Pack. Always read the label and any leaflet supplied. If symptoms persist, speak to your pharmacist or doctor. Supplied as 8 Pack.",No regulation
simple,5060203794958,Terranova Fermented Cordyceps 50 Capsules,0,0,0,16.99,taxable,,Vitamins,Terranova Fermented Cordyceps 50 Capsules. A vitamins and supplements product. Supplied as 50 Capsules.,No regulation
simple,5060202183531,Cytoplan Cyto-Night Vegan Powder 80g,0,0,0,16.99,taxable,,Vitamins,Cytoplan Cyto-Night Vegan Powder 80g. A vitamins and supplements product. Supplied as 80g.,No regulation
simple,5010605640148,Canesten Thrush Combi Soft Gel Pessary & External Cream,0,0,0,16.99,taxable,,Women's Health,Canesten Thrush Combi Soft Gel Pessary & External Cream. A women's health product.,GSL
simple,9335955004287,MooGoo Rosa Canina (Rosehip) Face Oil 25ml,0,0,0,16.99,taxable,,Skincare,MooGoo Rosa Canina (Rosehip) Face Oil 25ml. A skincare product. Supplied as 25ml.,No regulation
simple,5060469590042,Love CBD 300mg Dutch CBD Spray 20ml,0,0,0,16.99,taxable,,Beauty,Love CBD 300mg Dutch CBD Spray 20ml. A health and beauty product. Supplied as 20ml.,No regulation
simple,5701943016107,Perspirex Foot Lotion 100ml,0,0,0,16.99,taxable,,Skincare,Perspirex Foot Lotion 100ml. A skincare product. Supplied as 100ml.,No regulation
simple,0658556116708,Botanicals For Life Organic Echinacea Extract 50ml,0,0,0,16.99,taxable,,General Health,Botanicals For Life Organic Echinacea Extract 50ml. A health and wellbeing product. Supplied as 50ml.,No regulation
simple,8710103934127,Philips Avent Natural Feeding Bottle 1 Month+ 2 Pack Pink,0,0,0,16.99,taxable,,General Health,Philips Avent Natural Feeding Bottle 1 Month+ 2 Pack Pink. A health and wellbeing product. Supplied as 2 Pack.,No regulation
simple,0017854107380,Baylis & Harding Citrus Lime & Mint Wash Bag Gift Set,0,0,0,16.99,taxable,,Beauty,Baylis & Harding Citrus Lime & Mint Wash Bag Gift Set. A health and beauty product.,No regulation
simple,5000283657873,Phenergan 25mg 56 Tablets,0,0,0,16.99,taxable,,Prescription Medicines,"Phenergan 25mg 56 Tablets. Prescription-only medicine, supplied after an online consultation with our pharmacist. Always read the label and any leaflet supplied. If symptoms persist, speak to your pharmacist or doctor. Supplied as 56 Tablets.",P
simple,5055148403652,Lamberts Pure Evening Primrose Oil 500mg 180 Capsules,0,0,0,16.99,taxable,,Vitamins,Lamberts Pure Evening Primrose Oil 500mg 180 Capsules. A vitamins and supplements product. Supplied as 180 Capsules.,No regulation
simple,5010058095434,Readigloves Nytraguard ChemoPure Large 100 Gloves,0,0,0,16.99,taxable,,General Health,Readigloves Nytraguard ChemoPure Large 100 Gloves. A health and wellbeing product.,No regulation
simple,5060099033117,Odylique Lavender Conditioner 200ml,0,0,0,16.99,taxable,,Hair Care,Odylique Lavender Conditioner 200ml. A hair care product. Supplied as 200ml.,No regulation
simple,0873024001342,Ener-C Lemon & Ginger Sugar Free 30 Sachet,0,0,0,16.99,taxable,,Vitamins,Ener-C Lemon & Ginger Sugar Free 30 Sachet. A vitamins and supplements product. Supplied as 30 Sachet.,No regulation
simple,0017854117402,Baylis & Harding Mandarin & Grapefruit Gift Bathing Set,0,0,0,16.99,taxable,,Beauty,Baylis & Harding Mandarin & Grapefruit Gift Bathing Set. A health and beauty product.,No regulation
simple,4020829004931,Dr. Hauschka Revitalizing Day Cream 30ml,0,0,0,16.99,taxable,,Skincare,Dr. Hauschka Revitalizing Day Cream 30ml. A skincare product. Supplied as 30ml.,No regulation
simple,5060571822888,The Good Guru Vegan Black Garlic Extract 90 Capsules,0,0,0,16.99,taxable,,Vitamins,The Good Guru Vegan Black Garlic Extract 90 Capsules. A vitamins and supplements product. Supplied as 90 Capsules.,No regulation
simple,5060099031328,Odylique Spot-on Serum 75ml,0,0,0,16.99,taxable,,Skincare,Odylique Spot-on Serum 75ml. A skincare product. Supplied as 75ml.,No regulation
simple,9335955000357,MooGoo Oil Cleansing Method 100ml,0,0,0,16.99,taxable,,Skincare,MooGoo Oil Cleansing Method 100ml. A skincare product. Supplied as 100ml.,No regulation
simple,8809598451445,COSRX Balancium Comfort Ceramide Cream 80g,0,0,0,16.99,taxable,,Skincare,COSRX Balancium Comfort Ceramide Cream 80g. A skincare product. Supplied as 80g.,No regulation
simple,5034511000261,Green People Irritated Scalp Conditioner Lavender & Rosemary 200ml,0,0,0,16.99,taxable,,Hair Care,Green People Irritated Scalp Conditioner Lavender & Rosemary 200ml. A hair care product. Supplied as 200ml.,No regulation
simple,3282770207828,Avène Cleanance Mattifying Emulsion 40ml,0,0,0,16.99,taxable,,General Health,Avène Cleanance Mattifying Emulsion 40ml. A health and wellbeing product. Supplied as 40ml.,No regulation
simple,5032756105017,Droncit Spot on 0.5ml for Cats 4 Pack,0,0,0,16.99,taxable,,Pet Care,Droncit Spot on 0.5ml for Cats 4 Pack. A pet care product. Supplied as 4 Pack.,No regulation
simple,0033984000995,Solgar Glucosamine Sulphate 1000mg 60 Tablets,0,0,0,16.99,taxable,,Vitamins,Solgar Glucosamine Sulphate 1000mg 60 Tablets. A vitamins and supplements product. Supplied as 60 Tablets.,No regulation
simple,5060203791421,Terranova Living Multivitamin Woman 50 Capsules,0,0,0,16.99,taxable,,Vitamins,Terranova Living Multivitamin Woman 50 Capsules. A vitamins and supplements product. Supplied as 50 Capsules.,No regulation
simple,5010605620614,Canesten Combi Pessary & Cream 10g,0,0,0,16.99,taxable,,Women's Health,Canesten Combi Pessary & Cream 10g. A women's health product. Supplied as 10g.,GSL
simple,5060203794941,Terranova Chaga (Fermented) 50's,0,0,0,16.99,taxable,,Vitamins,Terranova Chaga (Fermented) 50's. A vitamins and supplements product.,No regulation
simple,5056142600122,Protein World Fat Metaboliser 90 Capsules,0,0,0,16.99,taxable,,Vitamins,Protein World Fat Metaboliser 90 Capsules. A vitamins and supplements product. Supplied as 90 Capsules.,No regulation
simple,0017854107892,Baylis & Harding Elements Luxury Body & Shower Collection,0,0,0,16.99,taxable,,Beauty,Baylis & Harding Elements Luxury Body & Shower Collection. A health and beauty product.,No regulation
simple,0753950000643,"Doctor's Best MSM with OptiMSM 1,000 mg 180 Capsules",0,0,0,16.99,taxable,,Vitamins,"Doctor's Best MSM with OptiMSM 1,000 mg 180 Capsules. A vitamins and supplements product. Supplied as 180 Capsules.",No regulation
simple,5056142604830,Protein World Slender Blend Salted Caramel Protein Powder 600g,0,0,0,16.99,taxable,zero-rate,Vitamins,Protein World Slender Blend Salted Caramel Protein Powder 600g. A vitamins and supplements product. Supplied as 600g.,No regulation
simple,0033984017344,Solgar MSM 1000mg 120 Tablets,0,0,0,16.99,taxable,,Vitamins,Solgar MSM 1000mg 120 Tablets. A vitamins and supplements product. Supplied as 120 Tablets.,No regulation
simple,5060086610017,Optibac Probiotics for Your Cholesterol 30 Sachets,0,0,0,16.99,taxable,,Digestive,"Optibac Probiotics for Your Cholesterol 30 Sachets. Always read the label and any leaflet supplied. If symptoms persist, speak to your pharmacist or doctor. Supplied as 30 Sachets.",No regulation
simple,5034511001824,Green People Scent Free Shampoo 200ml,0,0,0,16.99,taxable,,Hair Care,Green People Scent Free Shampoo 200ml. A hair care product. Supplied as 200ml.,No regulation
simple,0020714800857,Clinique Clarifying Lotion 1.0 Alcohol Free 200ml,0,0,0,16.99,taxable,,Skincare,Clinique Clarifying Lotion 1.0 Alcohol Free 200ml. A skincare product. Supplied as 200ml.,No regulation
simple,3282779349185,Avène Rich Skin Recovery Cream 50ml,0,0,0,16.99,taxable,,Skincare,Avène Rich Skin Recovery Cream 50ml. A skincare product. Supplied as 50ml.,No regulation
simple,0768990567803,Nordic Naturals Children's DHA 530mg Omega-3 Strawberry Flavour 119 ml,0,0,0,16.99,taxable,,Baby & Child,Nordic Naturals Children's DHA 530mg Omega-3 Strawberry Flavour 119 ml. A baby and child product. Supplied as 119 ml.,No regulation
simple,3605540596951,Biotherm Homme 24H Day Control Deodorant Roll On 75ml,0,0,0,16.99,taxable,,Beauty,Biotherm Homme 24H Day Control Deodorant Roll On 75ml. A health and beauty product. Supplied as 75ml.,No regulation
simple,0033984027718,Solgar Ultimate B+C Complex 60 Tablets,0,0,0,16.99,taxable,,Vitamins,Solgar Ultimate B+C Complex 60 Tablets. A vitamins and supplements product. Supplied as 60 Tablets.,No regulation
simple,2100006762471,An-Hypro Gel 7ml,0,0,0,16.99,taxable,,Skincare,An-Hypro Gel 7ml. A skincare product. Supplied as 7ml.,No regulation
simple,5034511000230,Green People Daily Aloe Conditioner 200ml,0,0,0,16.99,taxable,,Hair Care,Green People Daily Aloe Conditioner 200ml. A hair care product. Supplied as 200ml.,No regulation
simple,9335955004744,MooGoo Ultra Gentle Cleanser with Ceramides 500ml,0,0,0,16.99,taxable,,Skincare,MooGoo Ultra Gentle Cleanser with Ceramides 500ml. A skincare product. Supplied as 500ml.,No regulation
simple,0033984362185,Solgar Artichoke Leaf Extract 300mg 60 Capsules,0,0,0,16.99,taxable,,Vitamins,Solgar Artichoke Leaf Extract 300mg 60 Capsules. A vitamins and supplements product. Supplied as 60 Capsules.,No regulation
simple,3282770389883,Avène XeraCalm A.D Lipid-Replenishing Cleansing Oil 400ml,0,0,0,16.99,taxable,,Skincare,Avène XeraCalm A.D Lipid-Replenishing Cleansing Oil 400ml. A skincare product. Supplied as 400ml.,No regulation
simple,8809738313251,Barr Super Green Deep Energy Cream 60ml,0,0,0,16.99,taxable,,Skincare,Barr Super Green Deep Energy Cream 60ml. A skincare product. Supplied as 60ml.,No regulation
simple,3337875597333,CeraVe Hydrating Cleanser 473ml,0,0,0,16.99,taxable,,Skincare,CeraVe Hydrating Cleanser 473ml. A skincare product. Supplied as 473ml.,No regulation
simple,5034511000254,Green People Irritated Scalp Shampoo Lavender & Rosemary 200ml,0,0,0,16.99,taxable,,Hair Care,Green People Irritated Scalp Shampoo Lavender & Rosemary 200ml. A hair care product. Supplied as 200ml.,No regulation
simple,5034511001831,Green People Scent Free Conditioner 200ml,0,0,0,16.99,taxable,,Hair Care,Green People Scent Free Conditioner 200ml. A hair care product. Supplied as 200ml.,No regulation
simple,0894147000869,Sliquid Organics Natural Gel Thick Lubricant 255ml,0,0,0,16.99,taxable,,Sexual Wellness,"Sliquid Organics Natural Gel Thick Lubricant 255ml. Always read the label and any leaflet supplied. If symptoms persist, speak to your pharmacist or doctor. Supplied as 255ml.",No regulation
simple,5021265249381,Vitabiotics Wellbio 10 Billion 30 Capsules,0,0,0,16.99,taxable,,Vitamins,Vitabiotics Wellbio 10 Billion 30 Capsules. A vitamins and supplements product. Supplied as 30 Capsules.,No regulation
simple,5060203793449,Terranova Olive Leaf 450mg 50 Pack,0,0,0,16.99,taxable,,Vitamins,Terranova Olive Leaf 450mg 50 Pack. A vitamins and supplements product. Supplied as 50 Pack.,No regulation
simple,4004148017186,Floradix Floravital Liquid Iron & Vitamin Formula 500ml,0,0,0,16.99,taxable,,Vitamins,Floradix Floravital Liquid Iron & Vitamin Formula 500ml. A vitamins and supplements product. Supplied as 500ml.,No regulation
simple,5023652431454,Nature's Aid Pro-INTIMATE (15 Bill Bac) 45 Capsules,0,0,0,16.95,taxable,,Sexual Wellness,"Nature's Aid Pro-INTIMATE (15 Bill Bac) 45 Capsules. Always read the label and any leaflet supplied. If symptoms persist, speak to your pharmacist or doctor. Supplied as 45 Capsules.",No regulation
simple,6001159111351,Bio-Oil Skincare Oil 125ml,0,0,0,16.89,taxable,,Skincare,Bio-Oil Skincare Oil 125ml. A skincare product. Supplied as 125ml.,No regulation
simple,8809540510169,Benton Snail Bee High Content Skin 150ml,0,0,0,16.89,taxable,,Skincare,Benton Snail Bee High Content Skin 150ml. A skincare product. Supplied as 150ml.,No regulation
simple,9349392000016,Rhinomed Mute Nasal Device Medium 3 Pack,0,0,0,16.89,taxable,,Cold & Flu,"Rhinomed Mute Nasal Device Medium 3 Pack. Always read the label and any leaflet supplied. If symptoms persist, speak to your pharmacist or doctor. Supplied as 3 Pack.",No regulation
simple,0033984010000,Solgar Digestive Enzymes 100 Tablets,0,0,0,16.89,taxable,,Vitamins,Solgar Digestive Enzymes 100 Tablets. A vitamins and supplements product. Supplied as 100 Tablets.,No regulation
simple,0033984011816,Solgar Formula Vm-75 60 Tablets,0,0,0,16.89,taxable,,Vitamins,Solgar Formula Vm-75 60 Tablets. A vitamins and supplements product. Supplied as 60 Tablets.,No regulation
simple,5025970008370,Nivea Men Take A Break Set 5Pc,0,0,0,16.89,taxable,,General Health,Nivea Men Take A Break Set 5Pc. A health and wellbeing product.,No regulation
simple,5056142605325,Protein World Slender Blend Strawberry Milkshake Protein Powder 600g,0,0,0,16.89,taxable,zero-rate,Vitamins,Protein World Slender Blend Strawberry Milkshake Protein Powder 600g. A vitamins and supplements product. Supplied as 600g.,No regulation
simple,5010249042353,FSC Bromelain Joint Care 60 Tablets,0,0,0,16.89,taxable,,Pain Relief,"FSC Bromelain Joint Care 60 Tablets. Always read the label and any leaflet supplied. If symptoms persist, speak to your pharmacist or doctor. Supplied as 60 Tablets.",No regulation
simple,8809540510176,Benton Snail Bee High Content Steam Cream 50g,0,0,0,16.89,taxable,,Skincare,Benton Snail Bee High Content Steam Cream 50g. A skincare product. Supplied as 50g.,No regulation
simple,0641628501120,Elemis Superfood 180ml Cleansing Foam Cica Calm,0,0,0,16.89,taxable,,Skincare,Elemis Superfood 180ml Cleansing Foam Cica Calm. A skincare product. Supplied as 180ml.,No regulation
simple,6159089508304,Tigi Bed Head for Men Clean Up Shampoo & Conditioner Duo 750ml 2 Pack,0,0,0,16.89,taxable,,Men's Health,Tigi Bed Head for Men Clean Up Shampoo & Conditioner Duo 750ml 2 Pack. A men's health product. Supplied as 2 Pack.,No regulation
simple,3605540856703,Biotherm Deo Spray Pure Invisible 150ml,0,0,0,16.89,taxable,,Beauty,Biotherm Deo Spray Pure Invisible 150ml. A health and beauty product. Supplied as 150ml.,No regulation
simple,0033984002401,Solgar Betaine Hydrochloride with Pepsin 100 Tablets,0,0,0,16.89,taxable,,Vitamins,Solgar Betaine Hydrochloride with Pepsin 100 Tablets. A vitamins and supplements product. Supplied as 100 Tablets.,No regulation
simple,5060086610635,Optibac Probiotics for Women 30 Capsules,0,0,0,16.89,taxable,,Women's Health,Optibac Probiotics for Women 30 Capsules. A women's health product. Supplied as 30 Capsules.,No regulation
simple,5060229011763,Pukka Vitalise 60 Capsules,0,0,0,16.89,taxable,,Vitamins,Pukka Vitalise 60 Capsules. A vitamins and supplements product. Supplied as 60 Capsules.,No regulation
simple,5056142606926,Protein World Vegan Blend Vanilla Ice Cream 600g,0,0,0,16.89,taxable,zero-rate,Skincare,Protein World Vegan Blend Vanilla Ice Cream 600g. A skincare product. Supplied as 600g.,No regulation
simple,0033984012509,Solgar Gentle Iron 20mg 180 Capsules,0,0,0,16.89,taxable,,Vitamins,Solgar Gentle Iron 20mg 180 Capsules. A vitamins and supplements product. Supplied as 180 Capsules.,No regulation
simple,5023652478039,Wild Earth Multivitamin & Minerals for Men 30 Capsules,0,0,0,16.89,taxable,,Men's Health,Wild Earth Multivitamin & Minerals for Men 30 Capsules. A men's health product. Supplied as 30 Capsules.,No regulation
simple,3605540496954,Biotherm Deodorant Roll-On Pure Protect 24H 75ml,0,0,0,16.89,taxable,,Beauty,Biotherm Deodorant Roll-On Pure Protect 24H 75ml. A health and beauty product. Supplied as 75ml.,No regulation
simple,5709976483200,Pharma Nord Bio-Glucan Plus 60 Tablets,0,0,0,16.89,taxable,,Vitamins,Pharma Nord Bio-Glucan Plus 60 Tablets. A vitamins and supplements product. Supplied as 60 Tablets.,No regulation
simple,5056142605318,Protein World Slender Blend Banana Split Protein Powder 600g,0,0,0,16.89,taxable,zero-rate,Vitamins,Protein World Slender Blend Banana Split Protein Powder 600g. A vitamins and supplements product. Supplied as 600g.,No regulation
simple,0020714389109,Clinique Deep Comfort Hand & Cuticle Cream 75ml,0,0,0,16.89,taxable,,Skincare,Clinique Deep Comfort Hand & Cuticle Cream 75ml. A skincare product. Supplied as 75ml.,No regulation
simple,5060332531202,Lindens Health + Nutrition Potassium 200mg 500 Tablets,0,0,0,16.89,taxable,,Vitamins,Lindens Health + Nutrition Potassium 200mg 500 Tablets. A vitamins and supplements product. Supplied as 500 Tablets.,No regulation
simple,5060553605126,BeYou Sleep Pillow Mist 30ml,0,0,0,16.89,taxable,,Beauty,BeYou Sleep Pillow Mist 30ml. A health and beauty product. Supplied as 30ml.,No regulation
simple,0033984001152,Solgar Antioxidant Nutrients 50 Tablets,0,0,0,16.89,taxable,,Vitamins,Solgar Antioxidant Nutrients 50 Tablets. A vitamins and supplements product. Supplied as 50 Tablets.,No regulation
simple,5017978104710,Probio 7 Advanced Formula 30 Vegcaps,0,0,0,16.89,taxable,,Vitamins,Probio 7 Advanced Formula 30 Vegcaps. A vitamins and supplements product.,No regulation
simple,4015600118051,Wella Professional Shampoo Enrich Fine/Normal Hair 1000ml,0,0,0,16.89,taxable,,Hair Care,Wella Professional Shampoo Enrich Fine/Normal Hair 1000ml. A hair care product. Supplied as 1000ml.,No regulation
simple,5055148402280,Lamberts Extra High Potency Evening Primrose Oil 90 Capsules,0,0,0,16.89,taxable,,Vitamins,Lamberts Extra High Potency Evening Primrose Oil 90 Capsules. A vitamins and supplements product. Supplied as 90 Capsules.,No regulation
simple,0033984033177,Solgar Vitamin D3 (Cholecalciferol) 2200IU (55µg) 100 Capsules,0,0,0,16.89,taxable,,Vitamins,Solgar Vitamin D3 (Cholecalciferol) 2200IU (55µg) 100 Capsules. A vitamins and supplements product. Supplied as 100 Capsules.,No regulation
simple,5025903027232,Nutri Within 1000mg Omega 3 Fish Oil 365 Soft Gels,0,0,0,16.89,taxable,,Vitamins,Nutri Within 1000mg Omega 3 Fish Oil 365 Soft Gels. A vitamins and supplements product. Supplied as 1000mg.,No regulation
simple,5999860167518,Osi Magnesium Cooling Sports Cream 200ml,0,0,0,16.89,taxable,,Skincare,Osi Magnesium Cooling Sports Cream 200ml. A skincare product. Supplied as 200ml.,No regulation
simple,5010605055478,Canesten Canesflor Probiotics 10 Vaginal Capsules,0,0,0,16.89,taxable,,Women's Health,Canesten Canesflor Probiotics 10 Vaginal Capsules. A women's health product.,No regulation
simple,3574661618203,Aveeno Dermexa Emollient Cream 500ml,0,0,0,16.79,taxable,,Skincare,Aveeno Dermexa Emollient Cream 500ml. A skincare product. Supplied as 500ml.,No regulation
simple,0017854118935,Baylis & Harding The Fuzzy Duck Ultimate Wash Kit,0,0,0,16.79,taxable,,Beauty,Baylis & Harding The Fuzzy Duck Ultimate Wash Kit. A health and beauty product.,No regulation
simple,0033984013148,Solgar Glucosamine MSM Complex (Shellfish-Free) 60 Tablets,0,0,0,16.79,taxable,,Vitamins,Solgar Glucosamine MSM Complex (Shellfish-Free) 60 Tablets. A vitamins and supplements product. Supplied as 60 Tablets.,No regulation
simple,8470003298391,Sesderma C-Vit Eye Contour Patches 5 Pack,0,0,0,16.79,taxable,,General Health,Sesderma C-Vit Eye Contour Patches 5 Pack. A health and wellbeing product. Supplied as 5 Pack.,No regulation
simple,7350082941108,Swiss Clinic The Base+ 50 ml,0,0,0,16.79,taxable,,General Health,Swiss Clinic The Base+ 50 ml. A health and wellbeing product. Supplied as 50 ml.,No regulation
simple,9327693002687,Sukin Rosehip Hydrating Day Cream 120ml,0,0,0,16.69,taxable,,Skincare,Sukin Rosehip Hydrating Day Cream 120ml. A skincare product. Supplied as 120ml.,No regulation
simple,5028392001806,Metagenics Zinc Picolinate 90 Capsules,0,0,0,16.69,taxable,,Vitamins,Metagenics Zinc Picolinate 90 Capsules. A vitamins and supplements product. Supplied as 90 Capsules.,No regulation
simple,0074312000010,"Nature's Bounty Hair, Skin & Nails 60 Gummies",0,0,0,16.69,taxable,,Hair Care,"Nature's Bounty Hair, Skin & Nails 60 Gummies. A hair care product. Supplied as 60 Gummies.",No regulation
simple,5024655000449,Clotrimazole 500mg Vaginal Tablet with Applicator 1 Pack,0,0,0,16.69,taxable,,Women's Health,"Clotrimazole 500mg Vaginal Tablet with Applicator 1 Pack. Prescription-only medicine, supplied after an online consultation with our pharmacist. Always read the label and any leaflet supplied. If symptoms persist, speak to your pharmacist or doctor. Supplied as 1 Pack.",P
simple,5021265244843,Vitabiotics Pregnacare Max 84 Tablets,0,0,0,16.69,taxable,,Vitamins,Vitabiotics Pregnacare Max 84 Tablets. A vitamins and supplements product. Supplied as 84 Tablets.,No regulation
simple,0753950003347,Doctor's Best Natural Vitamin K2 MK7 with MenaQ7 100mcg 60 Veggie Caps,0,0,0,16.59,taxable,,Vitamins,Doctor's Best Natural Vitamin K2 MK7 with MenaQ7 100mcg 60 Veggie Caps. A vitamins and supplements product. Supplied as 100mcg.,No regulation
simple,3800219790795,Alteya Organic Bulgarian White Rose Water (Rosa Alba) 500ml,0,0,0,16.59,taxable,,General Health,Alteya Organic Bulgarian White Rose Water (Rosa Alba) 500ml. A health and wellbeing product. Supplied as 500ml.,No regulation
simple,0033984025660,Solgar Shark Liver Oil Complex 500mg 60 Softgels,0,0,0,16.59,taxable,,Vitamins,Solgar Shark Liver Oil Complex 500mg 60 Softgels. A vitamins and supplements product. Supplied as 60 Softgels.,No regulation
simple,3760201136317,Lamazuna Feminine Cup Size 1 (Yellow Pouch) 1 Pack,0,0,0,16.59,taxable,zero-rate,General Health,Lamazuna Feminine Cup Size 1 (Yellow Pouch) 1 Pack. A health and wellbeing product. Supplied as 1 Pack.,No regulation
simple,4004148047503,Floradix Liquid Iron & Vitamin Formula 500ml,0,0,0,16.59,taxable,,Vitamins,Floradix Liquid Iron & Vitamin Formula 500ml. A vitamins and supplements product. Supplied as 500ml.,No regulation
simple,5060203793364,Terranova Milk Thistle 500mg 50 Pack,0,0,0,16.59,taxable,,Vitamins,Terranova Milk Thistle 500mg 50 Pack. A vitamins and supplements product. Supplied as 50 Pack.,No regulation
simple,4031626711922,Hycosan Intense 7.5ml,0,0,0,16.59,taxable,,Eye Care,"Hycosan Intense 7.5ml. Always read the label and any leaflet supplied. If symptoms persist, speak to your pharmacist or doctor. Supplied as 7.5ml.",No regulation
simple,0033984525511,Solgar U-Cubes Multi-Vitamin & Mineral 120 Gummies,0,0,0,16.59,taxable,,Vitamins,Solgar U-Cubes Multi-Vitamin & Mineral 120 Gummies. A vitamins and supplements product. Supplied as 120 Gummies.,No regulation
simple,4020829006041,Dr. Hauschka Soothing Cleansing Milk 145ml,0,0,0,16.59,taxable,,Skincare,Dr. Hauschka Soothing Cleansing Milk 145ml. A skincare product. Supplied as 145ml.,No regulation
simple,8809663751586,Mizon Snail Repair Intensive Toner 100ml,0,0,0,16.59,taxable,,Skincare,Mizon Snail Repair Intensive Toner 100ml. A skincare product. Supplied as 100ml.,No regulation
simple,5060410574053,Beauty Kitchen Beauty Boost BB Cream 30ml,0,0,0,16.59,taxable,,Skincare,Beauty Kitchen Beauty Boost BB Cream 30ml. A skincare product. Supplied as 30ml.,No regulation
simple,5055148408107,Lamberts L-Arginine HCl 1000mg 90 Tablets,0,0,0,16.59,taxable,,Vitamins,Lamberts L-Arginine HCl 1000mg 90 Tablets. A vitamins and supplements product. Supplied as 90 Tablets.,No regulation
simple,5060203794996,Terranova Fermented Shiitake 50's,0,0,0,16.59,taxable,,Vitamins,Terranova Fermented Shiitake 50's. A vitamins and supplements product.,No regulation
simple,5025970011226,Nivea Pamper & Relax Gift Set,0,0,0,16.59,taxable,,Beauty,Nivea Pamper & Relax Gift Set. A health and beauty product.,No regulation
simple,7613287120434,SMA Comfort Infant Milk From Birth Formula 800g,0,0,0,16.49,taxable,zero-rate,Baby & Child,SMA Comfort Infant Milk From Birth Formula 800g. A baby and child product. Supplied as 800g.,No regulation
simple,0702811534575,Iron Plus 30 Capsules,0,0,0,16.49,taxable,,Vitamins,Iron Plus 30 Capsules. A vitamins and supplements product. Supplied as 30 Capsules.,No regulation
simple,8809479164280,11 Village Factory Moisture Cream 55ml,0,0,0,16.49,taxable,,Skincare,11 Village Factory Moisture Cream 55ml. A skincare product. Supplied as 55ml.,No regulation
simple,5021265221646,Vitabiotics Cardioace Plus 60 Capsules,0,0,0,16.49,taxable,,Vitamins,Vitabiotics Cardioace Plus 60 Capsules. A vitamins and supplements product. Supplied as 60 Capsules.,No regulation
simple,0857538000015,Diva Cup-Model 1,0,0,0,16.49,taxable,zero-rate,General Health,Diva Cup-Model 1. A health and wellbeing product.,No regulation
simple,5021265242337,Vitabiotics Liverel 60 Tablets,0,0,0,16.49,taxable,,Vitamins,Vitabiotics Liverel 60 Tablets. A vitamins and supplements product. Supplied as 60 Tablets.,No regulation
simple,5027314497505,Bio-Kult Pregnéa 60 Capsules,0,0,0,16.49,taxable,,Vitamins,Bio-Kult Pregnéa 60 Capsules. A vitamins and supplements product. Supplied as 60 Capsules.,No regulation
simple,5034511006911,Green People Citrus & Ginger Smooth & Protect Shampoo Bar,0,0,0,16.49,taxable,,Hair Care,Green People Citrus & Ginger Smooth & Protect Shampoo Bar. A hair care product.,No regulation
simple,0033984039605,Solgar Korean Ginseng 50 Capsules,0,0,0,16.49,taxable,,Vitamins,Solgar Korean Ginseng 50 Capsules. A vitamins and supplements product. Supplied as 50 Capsules.,No regulation
simple,5055148400712,Lamberts Vitamin C-Time Release 1000mg 180 Tablets,0,0,0,16.49,taxable,,Vitamins,Lamberts Vitamin C-Time Release 1000mg 180 Tablets. A vitamins and supplements product. Supplied as 180 Tablets.,No regulation
simple,5060571820419,The Good Guru Vegan Good Sleep 90 Capsules,0,0,0,16.49,taxable,,Vitamins,The Good Guru Vegan Good Sleep 90 Capsules. A vitamins and supplements product. Supplied as 90 Capsules.,No regulation
simple,5060018511276,KIKI Health Body Biotics 30 Capsules,0,0,0,16.49,taxable,,Vitamins,KIKI Health Body Biotics 30 Capsules. A vitamins and supplements product. Supplied as 30 Capsules.,No regulation
simple,5060571822093,The Good Guru Vegan Vitamin D3 + K2 90 Capsules,0,0,0,16.49,taxable,,Vitamins,The Good Guru Vegan Vitamin D3 + K2 90 Capsules. A vitamins and supplements product. Supplied as 90 Capsules.,No regulation
simple,5031013103179,Higher Nature Lecithin 150g Granules,0,0,0,16.49,taxable,,Vitamins,Higher Nature Lecithin 150g Granules. A vitamins and supplements product. Supplied as 150g.,No regulation
simple,5060571821461,The Good Guru Organic Men's Multivitamin 90 Capsules,0,0,0,16.49,taxable,,Vitamins,The Good Guru Organic Men's Multivitamin 90 Capsules. A vitamins and supplements product. Supplied as 90 Capsules.,No regulation
simple,0857538000022,Diva Cup-Model 2,0,0,0,16.49,taxable,zero-rate,General Health,Diva Cup-Model 2. A health and wellbeing product.,No regulation
simple,0033984033412,Solgar Vitamin D3 1000IU (25µg) 250 Softgels,0,0,0,16.49,taxable,,Vitamins,Solgar Vitamin D3 1000IU (25µg) 250 Softgels. A vitamins and supplements product. Supplied as 250 Softgels.,No regulation
simple,5060571820501,The Good Guru Vegan Sugar Control 90 Capsules,0,0,0,16.49,taxable,,Vitamins,The Good Guru Vegan Sugar Control 90 Capsules. A vitamins and supplements product. Supplied as 90 Capsules.,No regulation
simple,5056142604823,Protein World Slender Blend White Chocolate & Raspberry Powder 600g,0,0,0,16.49,taxable,zero-rate,Vitamins,Protein World Slender Blend White Chocolate & Raspberry Powder 600g. A vitamins and supplements product. Supplied as 600g.,No regulation
simple,3282779348850,Avène Skin Recovery Cream 50ml,0,0,0,16.49,taxable,,Skincare,Avène Skin Recovery Cream 50ml. A skincare product. Supplied as 50ml.,No regulation
simple,5056142606124,Protein World Vegan Protein Powder Chocolate 520g,0,0,0,16.49,taxable,zero-rate,Vitamins,Protein World Vegan Protein Powder Chocolate 520g. A vitamins and supplements product. Supplied as 520g.,No regulation
simple,5055148415099,Lamberts Biome Balance Everyday 60 Capsules,0,0,0,16.49,taxable,,Vitamins,Lamberts Biome Balance Everyday 60 Capsules. A vitamins and supplements product. Supplied as 60 Capsules.,No regulation
simple,5055148402136,Lamberts Magasorb Magnesium 150mg As Citrate 180 Tablets,0,0,0,16.49,taxable,,Vitamins,Lamberts Magasorb Magnesium 150mg As Citrate 180 Tablets. A vitamins and supplements product. Supplied as 180 Tablets.,No regulation
simple,5056142604991,Protein World Slender Blend Chocolate Mint Protein Powder 600g,0,0,0,16.49,taxable,zero-rate,Vitamins,Protein World Slender Blend Chocolate Mint Protein Powder 600g. A vitamins and supplements product. Supplied as 600g.,No regulation
simple,5707390040351,Pharma Nord Bio-NAD+ Booster 60 Tablets,0,0,0,16.49,taxable,,Vitamins,Pharma Nord Bio-NAD+ Booster 60 Tablets. A vitamins and supplements product. Supplied as 60 Tablets.,No regulation
simple,5056142603987,Protein World Vegan Blend Salted Caramel Protein Powder 600g,0,0,0,16.49,taxable,zero-rate,Vitamins,Protein World Vegan Blend Salted Caramel Protein Powder 600g. A vitamins and supplements product. Supplied as 600g.,No regulation
simple,5056142606469,Protein World Keto Fat Metaboliser 90 Capsules,0,0,0,16.49,taxable,,Vitamins,Protein World Keto Fat Metaboliser 90 Capsules. A vitamins and supplements product. Supplied as 90 Capsules.,No regulation
simple,5056142605301,Protein World Slender Blend Milk Chocolate Protein Powder 600g,0,0,0,16.49,taxable,zero-rate,Vitamins,Protein World Slender Blend Milk Chocolate Protein Powder 600g. A vitamins and supplements product. Supplied as 600g.,No regulation
simple,7618900901018,Mavala Mava-Derma Nutritive Massage Oil for Nails 10ml,0,0,0,16.49,taxable,,Beauty,Mavala Mava-Derma Nutritive Massage Oil for Nails 10ml. A health and beauty product. Supplied as 10ml.,No regulation
simple,5060202184118,Cytoplan Coq10 Multi 30 Capsules,0,0,0,16.49,taxable,,Vitamins,Cytoplan Coq10 Multi 30 Capsules. A vitamins and supplements product. Supplied as 30 Capsules.,No regulation
simple,0017854110229,"Baylis & Harding Jojoba, Vanilla & Almond Oil Slipper Set",0,0,0,16.49,taxable,,Beauty,"Baylis & Harding Jojoba, Vanilla & Almond Oil Slipper Set. A health and beauty product.",No regulation
simple,5060776980161,DR.VEGAN PMS Hero Premenstrual Support 60 Capsules,0,0,0,16.49,taxable,,Supports & Braces,DR.VEGAN PMS Hero Premenstrual Support 60 Capsules. A support and mobility product. Supplied as 60 Capsules.,No regulation
simple,5056142604762,Protein World Slender Blend Vanilla Ice Cream Protein Powder 600g,0,0,0,16.49,taxable,zero-rate,Skincare,Protein World Slender Blend Vanilla Ice Cream Protein Powder 600g. A skincare product. Supplied as 600g.,No regulation
simple,0753950001633,Doctor's Best Betaine HCl Pepsin & Gentian Bitters 120 Caps,0,0,0,16.49,taxable,,General Health,Doctor's Best Betaine HCl Pepsin & Gentian Bitters 120 Caps. A health and wellbeing product. Supplied as 120 Caps.,No regulation
simple,5060571821478,The Good Guru Organic Women's Multivitamin 90 Capsules,0,0,0,16.49,taxable,,Women's Health,The Good Guru Organic Women's Multivitamin 90 Capsules. A women's health product. Supplied as 90 Capsules.,No regulation
simple,5031013100536,Higher Nature Glutamine Powder 100g powder,0,0,0,16.45,taxable,,Vitamins,Higher Nature Glutamine Powder 100g powder. A vitamins and supplements product. Supplied as 100g.,No regulation
simple,5031013104671,Higher Nature Immune Plus 90 Tablets,0,0,0,16.45,taxable,,Vitamins,Higher Nature Immune Plus 90 Tablets. A vitamins and supplements product. Supplied as 90 Tablets.,No regulation
simple,8809587524587,11 Village Factory Mini Pack Travel Kit,0,0,0,16.39,taxable,,General Health,11 Village Factory Mini Pack Travel Kit. A health and wellbeing product.,No regulation
simple,5025970128313,Nivea Men Complete Active Set,0,0,0,16.39,taxable,,General Health,Nivea Men Complete Active Set. A health and wellbeing product.,No regulation
simple,6430036090777,BlueIron Liquid Iron 250ml,0,0,0,16.39,taxable,,Vitamins,BlueIron Liquid Iron 250ml. A vitamins and supplements product. Supplied as 250ml.,No regulation
simple,3282770208962,Avène Hydrance Light 40ml,0,0,0,16.39,taxable,,General Health,Avène Hydrance Light 40ml. A health and wellbeing product. Supplied as 40ml.,No regulation
simple,3282779390132,Avène Hydrance Rich Hydrating Cream 40ml,0,0,0,16.39,taxable,,Skincare,Avène Hydrance Rich Hydrating Cream 40ml. A skincare product. Supplied as 40ml.,No regulation
simple,8809566990778,Benton Let's Carrot Multi Oil 30ml,0,0,0,16.39,taxable,,Skincare,Benton Let's Carrot Multi Oil 30ml. A skincare product. Supplied as 30ml.,No regulation
simple,3282770390179,Avène Makeup Remover Micellar Water 400ml,0,0,0,16.39,taxable,,Skincare,Avène Makeup Remover Micellar Water 400ml. A skincare product. Supplied as 400ml.,No regulation
simple,3701129803677,Bioderma Photoderm Max Spray SPF50+ 200ml,0,0,0,16.39,taxable,,Skincare,Bioderma Photoderm Max Spray SPF50+ 200ml. A skincare product. Supplied as 200ml.,No regulation
simple,4042762060201,Balneum Intensiv Cream 5% Urea 500g,0,0,0,16.39,taxable,,Skincare,Balneum Intensiv Cream 5% Urea 500g. A skincare product. Supplied as 500g.,No regulation
simple,5055148408558,Lamberts Super Strength Antioxidant Complex 60 Capsules,0,0,0,16.39,taxable,,Vitamins,Lamberts Super Strength Antioxidant Complex 60 Capsules. A vitamins and supplements product. Supplied as 60 Capsules.,No regulation
simple,0884486318855,Redken Frizz Dismiss Shampoo 500ml,0,0,0,16.39,taxable,,Hair Care,Redken Frizz Dismiss Shampoo 500ml. A hair care product. Supplied as 500ml.,No regulation
simple,5060119660811,Evolve Revive Eye Drops 10ml,0,0,0,16.29,taxable,,Eye Care,"Evolve Revive Eye Drops 10ml. Always read the label and any leaflet supplied. If symptoms persist, speak to your pharmacist or doctor. Supplied as 10ml.",No regulation
simple,3337875597357,CeraVe Foaming Cleanser 473ml,0,0,0,16.29,taxable,,Skincare,CeraVe Foaming Cleanser 473ml. A skincare product. Supplied as 473ml.,No regulation
simple,8719324977432,We Love The Planet Sunscreen Stick SPF30 60g,0,0,0,16.29,taxable,,Skincare,We Love The Planet Sunscreen Stick SPF30 60g. A skincare product. Supplied as 60g.,No regulation
simple,5060601930743,BeautyPro Spa At Home: Hand & Foot Renewal,0,0,0,16.29,taxable,,General Health,BeautyPro Spa At Home: Hand & Foot Renewal. A health and wellbeing product.,No regulation
simple,0793591058610,Active Iron Pregnancy 30 Capsules,0,0,0,16.29,taxable,,Vitamins,Active Iron Pregnancy 30 Capsules. A vitamins and supplements product. Supplied as 30 Capsules.,No regulation
simple,5036631008561,Forceval Soluble Junior Effervescent 30 Tablets,0,0,0,16.29,taxable,,Vitamins,Forceval Soluble Junior Effervescent 30 Tablets. A vitamins and supplements product. Supplied as 30 Tablets.,No regulation
simple,5016003188909,Contour TS Test Strips 50 Pack,0,0,0,16.29,taxable,,Testing & Monitoring,"Contour TS Test Strips 50 Pack. Always read the label and any leaflet supplied. If symptoms persist, speak to your pharmacist or doctor. Supplied as 50 Pack.",No regulation
simple,5054563176691,Voltarol Naturals 100ml,0,0,0,16.29,taxable,,Pain Relief,"Voltarol Naturals 100ml. Always read the label and any leaflet supplied. If symptoms persist, speak to your pharmacist or doctor. Supplied as 100ml.",No regulation
simple,8009722000758,Clorexyderm 4% Foam 100ml,0,0,0,16.29,taxable,,General Health,Clorexyderm 4% Foam 100ml. A health and wellbeing product. Supplied as 100ml.,No regulation
simple,4005800108457,Eucerin UltraSensitive Soothing Care for Dry Skin 50ml,0,0,0,16.29,taxable,,Skincare,Eucerin UltraSensitive Soothing Care for Dry Skin 50ml. A skincare product. Supplied as 50ml.,No regulation
simple,7618900995017,Mavala Scientifique K+ Nail Hardener 5ml,0,0,0,16.29,taxable,,Beauty,Mavala Scientifique K+ Nail Hardener 5ml. A health and beauty product. Supplied as 5ml.,No regulation
simple,7702018583805,Gillette Venus 5 Deluxe Smooth Sensitive Rosegold Razor,0,0,0,16.29,taxable,,Men's Grooming,Gillette Venus 5 Deluxe Smooth Sensitive Rosegold Razor. A men's grooming product.,No regulation
simple,5020465202769,Cetaphil Oily Skin Cleanser 473ml,0,0,0,16.29,taxable,,Skincare,Cetaphil Oily Skin Cleanser 473ml. A skincare product. Supplied as 473ml.,No regulation
simple,3282770204193,Klorane 3-in-1 Miceller Water 400ml,0,0,0,16.29,taxable,,General Health,Klorane 3-in-1 Miceller Water 400ml. A health and wellbeing product. Supplied as 400ml.,No regulation
simple,5033852190211,Pillmate Pillchest,0,0,0,16.29,taxable,,General Health,Pillmate Pillchest. A health and wellbeing product.,No regulation
simple,4005808858743,Eucerin AtoControl Body Care Lotion 250ml,0,0,0,16.29,taxable,,Skincare,Eucerin AtoControl Body Care Lotion 250ml. A skincare product. Supplied as 250ml.,No regulation
simple,5017978000036,Probio 7 Bifikalm Infant Drops 8ml,0,0,0,16.29,taxable,,Baby & Child,Probio 7 Bifikalm Infant Drops 8ml. A baby and child product. Supplied as 8ml.,No regulation
simple,8809115904362,Element Blood Glucose Test Strips 50 Pack,0,0,0,16.29,taxable,,Testing & Monitoring,"Element Blood Glucose Test Strips 50 Pack. Always read the label and any leaflet supplied. If symptoms persist, speak to your pharmacist or doctor. Supplied as 50 Pack.",No regulation
simple,5060332534623,Lindens Health + Nutrition Red Clover 1000mg 360 Tablets,0,0,0,16.29,taxable,,Vitamins,Lindens Health + Nutrition Red Clover 1000mg 360 Tablets. A vitamins and supplements product. Supplied as 360 Tablets.,No regulation
simple,4710636646379,GlucoRx Nexus Blood Glucose Meter,0,0,0,16.29,taxable,,Testing & Monitoring,"GlucoRx Nexus Blood Glucose Meter. Always read the label and any leaflet supplied. If symptoms persist, speak to your pharmacist or doctor.",No regulation
simple,5997372504135,VeloxA XL for Dogs 2 Chewable Tablets,0,0,0,16.29,taxable,,Pet Care,VeloxA XL for Dogs 2 Chewable Tablets. A pet care product. Supplied as 2 Chewable.,No regulation
simple,5407007651184,Bambaw Metal Safety Razor Red,0,0,0,16.29,taxable,,Men's Grooming,Bambaw Metal Safety Razor Red. A men's grooming product.,No regulation
simple,3574661381251,Nicorette Fruit Lozenge 2mg 80 Pack,0,0,0,16.29,taxable,reduced-rate,Stop Smoking,Nicorette Fruit Lozenge 2mg 80 Pack. A stop-smoking product. Supplied as 80 Pack.,GSL
simple,5060202180714,Cytoplan Calcium Wholefood 200mg Elemental 60 Capsules,0,0,0,16.20,taxable,,Vitamins,Cytoplan Calcium Wholefood 200mg Elemental 60 Capsules. A vitamins and supplements product. Supplied as 60 Capsules.,No regulation
simple,7610313100606,A.Vogel Menopause Support 60 Tablets,0,0,0,16.19,taxable,,Supports & Braces,A.Vogel Menopause Support 60 Tablets. A support and mobility product. Supplied as 60 Tablets.,No regulation
simple,5060571720177,UpCircle Face Scrub Citrus Blend 100ml,0,0,0,16.19,taxable,,Skincare,UpCircle Face Scrub Citrus Blend 100ml. A skincare product. Supplied as 100ml.,No regulation
simple,5060203793999,Terranova Alpha Lipoic Acid 300mg Complex 50 Pack,0,0,0,16.19,taxable,,Vitamins,Terranova Alpha Lipoic Acid 300mg Complex 50 Pack. A vitamins and supplements product. Supplied as 50 Pack.,No regulation
simple,8809514550061,Rated Green Real Mary Energising Scalp Spray 120ml,0,0,0,16.19,taxable,,Hair Care,Rated Green Real Mary Energising Scalp Spray 120ml. A hair care product. Supplied as 120ml.,No regulation
simple,5052197038033,Scholl Gel Active Everyday Insoles Women 1 Pair,0,0,0,16.19,taxable,,Supports & Braces,Scholl Gel Active Everyday Insoles Women 1 Pair. A support and mobility product.,No regulation
simple,7391325333380,Nutri Advanced Eskimo Eskimo 3 105 Capsules,0,0,0,16.19,taxable,,Vitamins,Nutri Advanced Eskimo Eskimo 3 105 Capsules. A vitamins and supplements product. Supplied as 105 Capsules.,No regulation
simple,3367729021035,Biotherm Homme 48H Day Control Antiperspirant Spray 150ml,0,0,0,16.19,taxable,,Beauty,Biotherm Homme 48H Day Control Antiperspirant Spray 150ml. A health and beauty product. Supplied as 150ml.,No regulation
simple,5060571720153,UpCircle Coffee Face Scrub Herbal Blend 100ml,0,0,0,16.19,taxable,,Skincare,UpCircle Coffee Face Scrub Herbal Blend 100ml. A skincare product. Supplied as 100ml.,No regulation
simple,3614271202697,Biotherm Homme 72H Day Control Antiperspirant Spray 150ml,0,0,0,16.19,taxable,,Beauty,Biotherm Homme 72H Day Control Antiperspirant Spray 150ml. A health and beauty product. Supplied as 150ml.,No regulation
simple,5060258390204,Pro D3 Liquid Drops Orange Flavour 20ml,0,0,0,16.19,taxable,,Vitamins,Pro D3 Liquid Drops Orange Flavour 20ml. A vitamins and supplements product. Supplied as 20ml.,GSL
simple,8809566990068,Benton Tea Tree Cleansing Water 200ml,0,0,0,16.19,taxable,,Skincare,Benton Tea Tree Cleansing Water 200ml. A skincare product. Supplied as 200ml.,No regulation
simple,5060571720160,UpCircle Coffee Face Scrub Floral Blend 100ml,0,0,0,16.19,taxable,,Skincare,UpCircle Coffee Face Scrub Floral Blend 100ml. A skincare product. Supplied as 100ml.,No regulation
simple,5060704340005,Acala Reusable Bamboo Razor + One Blade,0,0,0,16.19,taxable,,Men's Grooming,Acala Reusable Bamboo Razor + One Blade. A men's grooming product.,No regulation
simple,0033984021709,Solgar Pantothenic Acid 550mg 50 Capsules,0,0,0,16.19,taxable,,Vitamins,Solgar Pantothenic Acid 550mg 50 Capsules. A vitamins and supplements product. Supplied as 50 Capsules.,No regulation
simple,5425012530973,Remescar Silicone Scar Stick Treatment SPF15 5.4g,0,0,0,16.19,taxable,,Skincare,Remescar Silicone Scar Stick Treatment SPF15 5.4g. A skincare product. Supplied as 5.4g.,No regulation
simple,7618900990012,Mavala Mava-Strong Fortifying Base 10ml,0,0,0,16.19,taxable,,General Health,Mavala Mava-Strong Fortifying Base 10ml. A health and wellbeing product. Supplied as 10ml.,No regulation
simple,5430000934251,Bambaw Bamboo Safety Razor Classic Silver,0,0,0,16.09,taxable,,Men's Grooming,Bambaw Bamboo Safety Razor Classic Silver. A men's grooming product.,No regulation
simple,5060704340500,Acala Make Your Own Lip Balm Kit,0,0,0,16.09,taxable,,Skincare,Acala Make Your Own Lip Balm Kit. A skincare product.,No regulation
simple,5060229011909,Pukka Wholistic Red Ginseng 30 Capsules,0,0,0,16.09,taxable,,Vitamins,Pukka Wholistic Red Ginseng 30 Capsules. A vitamins and supplements product. Supplied as 30 Capsules.,No regulation
simple,3282770053111,Avène Tolérance Extreme Masque 50ml,0,0,0,16.09,taxable,,General Health,Avène Tolérance Extreme Masque 50ml. A health and wellbeing product. Supplied as 50ml.,No regulation
simple,9349392000009,Rhinomed Mute Nasal Device Small 3 Pack,0,0,0,16.09,taxable,,Cold & Flu,"Rhinomed Mute Nasal Device Small 3 Pack. Always read the label and any leaflet supplied. If symptoms persist, speak to your pharmacist or doctor. Supplied as 3 Pack.",No regulation
simple,5031812509271,Coatex Aloe & Oatmeal Shampoo 250ml,0,0,0,16.09,taxable,,Hair Care,Coatex Aloe & Oatmeal Shampoo 250ml. A hair care product. Supplied as 250ml.,No regulation
simple,8809514550016,Rated Green Real Shea Real Change Treatment 240ml,0,0,0,16.09,taxable,,General Health,Rated Green Real Shea Real Change Treatment 240ml. A health and wellbeing product. Supplied as 240ml.,No regulation
simple,5060203794774,Terranova Ashwagandha 250mg (Fermanolide) 50's,0,0,0,16.09,taxable,,Vitamins,Terranova Ashwagandha 250mg (Fermanolide) 50's. A vitamins and supplements product. Supplied as 250mg.,No regulation
simple,0074312002748,Nature's Bounty Red Krill Oil 500mg 40 Softgels,0,0,0,16.09,taxable,,Vitamins,Nature's Bounty Red Krill Oil 500mg 40 Softgels. A vitamins and supplements product. Supplied as 40 Softgels.,No regulation
simple,0889809002862,Glamglow Flashmud Brightening Treatment 15g,0,0,0,16.00,taxable,,General Health,Glamglow Flashmud Brightening Treatment 15g. A health and wellbeing product. Supplied as 15g.,No regulation
simple,0889809001339,Glamglow Gravitymud Firming Treatment 15g,0,0,0,16.00,taxable,,General Health,Glamglow Gravitymud Firming Treatment 15g. A health and wellbeing product. Supplied as 15g.,No regulation
simple,0033984535954,Solgar Folate 1000mcg (As Metafolin) 60 Tablets,0,0,0,15.99,taxable,,Vitamins,Solgar Folate 1000mcg (As Metafolin) 60 Tablets. A vitamins and supplements product. Supplied as 60 Tablets.,No regulation
simple,5060571822079,The Good Guru Vegan Superfood 90 Capsules,0,0,0,15.99,taxable,,Vitamins,The Good Guru Vegan Superfood 90 Capsules. A vitamins and supplements product. Supplied as 90 Capsules.,No regulation
simple,4024787430054,Celluvisc 1% 60 Pack,0,0,0,15.99,taxable,,Prescription Medicines,"Celluvisc 1% 60 Pack. Prescription-only medicine, supplied after an online consultation with our pharmacist. Always read the label and any leaflet supplied. If symptoms persist, speak to your pharmacist or doctor. Supplied as 60 Pack.",P
simple,5012564005105,Sebco Coconut Oil Compound Ointment 40g,0,0,0,15.99,taxable,,Skincare,Sebco Coconut Oil Compound Ointment 40g. A skincare product. Supplied as 40g.,GSL
simple,5060203791452,Terranova Living Multivitamin Man 50 Capsules,0,0,0,15.99,taxable,,Vitamins,Terranova Living Multivitamin Man 50 Capsules. A vitamins and supplements product. Supplied as 50 Capsules.,No regulation
simple,3701129804452,Bioderma Sensibio Light 40ml,0,0,0,15.99,taxable,,General Health,Bioderma Sensibio Light 40ml. A health and wellbeing product. Supplied as 40ml.,No regulation
simple,4051895040813,Fresubin 3.2kcal Mini Hazelnut 4 x 125ml,0,0,0,15.99,taxable,,Vitamins,Fresubin 3.2kcal Mini Hazelnut 4 x 125ml. A vitamins and supplements product. Supplied as 4 x 125ml.,No regulation
simple,5060601930569,BeautyPro Spa At Home: Restore & Renew,0,0,0,15.99,taxable,,General Health,BeautyPro Spa At Home: Restore & Renew. A health and wellbeing product.,No regulation
simple,0017854117501,"Baylis & Harding Jojoba, Vanilla & Almond Oil Candlelit Bathing Set",0,0,0,15.99,taxable,,Beauty,"Baylis & Harding Jojoba, Vanilla & Almond Oil Candlelit Bathing Set. A health and beauty product.",No regulation
simple,5055148414238,Lamberts Multi-Guard Pregnancy 90 Tablets,0,0,0,15.99,taxable,,Vitamins,Lamberts Multi-Guard Pregnancy 90 Tablets. A vitamins and supplements product. Supplied as 90 Tablets.,No regulation
simple,3662042007279,Blepha Eye Bag Warming Eye Mask,0,0,0,15.99,taxable,,Eye Care,"Blepha Eye Bag Warming Eye Mask. Always read the label and any leaflet supplied. If symptoms persist, speak to your pharmacist or doctor.",No regulation
simple,96202074,BetterYou Lights out Nightly Oral Spray 50ml,0,0,0,15.99,taxable,,Beauty,BetterYou Lights out Nightly Oral Spray 50ml. A health and beauty product. Supplied as 50ml.,No regulation
simple,0017854107984,Baylis & Harding Limited Edition Mulberry Fizz Luxury Wash Bag Gift,0,0,0,15.99,taxable,,Beauty,Baylis & Harding Limited Edition Mulberry Fizz Luxury Wash Bag Gift. A health and beauty product.,No regulation
simple,0033984037342,Solgar Astragalus Root Extract 520mg 100 Capsules,0,0,0,15.99,taxable,,Vitamins,Solgar Astragalus Root Extract 520mg 100 Capsules. A vitamins and supplements product. Supplied as 100 Capsules.,No regulation
simple,4051895015316,FRESUBIN THICKENED LEVEL 3 VANILLA (4X200ML),0,0,0,15.99,taxable,,Vitamins,FRESUBIN THICKENED LEVEL 3 VANILLA (4X200ML). A vitamins and supplements product. Supplied as 4X200ML.,No regulation
simple,5055148403416,Lamberts Sage 2500mg 90 Tablets,0,0,0,15.99,taxable,,Vitamins,Lamberts Sage 2500mg 90 Tablets. A vitamins and supplements product. Supplied as 90 Tablets.,No regulation
simple,3401395404423,Bioderma White Objective Fluid 30ml,0,0,0,15.99,taxable,,General Health,Bioderma White Objective Fluid 30ml. A health and wellbeing product. Supplied as 30ml.,No regulation
simple,8716900563270,Fortini Creamy Multi Fibre Berry Fruit 4x100g,0,0,0,15.99,taxable,,Skincare,Fortini Creamy Multi Fibre Berry Fruit 4x100g. A skincare product. Supplied as 4x100g.,No regulation
simple,0033984041042,Solgar Ashwagandha Root Extract 60 Capsules,0,0,0,15.99,taxable,,Vitamins,Solgar Ashwagandha Root Extract 60 Capsules. A vitamins and supplements product. Supplied as 60 Capsules.,No regulation
simple,0615908951028,Tigi Bedhead Duo Shampoo & Conditioner Recharge 750ml 2 Pack,0,0,0,15.99,taxable,,Hair Care,Tigi Bedhead Duo Shampoo & Conditioner Recharge 750ml 2 Pack. A hair care product. Supplied as 2 Pack.,No regulation
simple,6001051006076,Eucerin Repair Plus 10% Urea Lotion 250ml,0,0,0,15.99,taxable,,Skincare,Eucerin Repair Plus 10% Urea Lotion 250ml. A skincare product. Supplied as 250ml.,No regulation
simple,0873024001526,Ener-Life Vit D3 1000IU Raspberry Sugar Free,0,0,0,15.99,taxable,,General Health,Ener-Life Vit D3 1000IU Raspberry Sugar Free. A health and wellbeing product. Supplied as 1000IU.,No regulation
simple,5060571821362,The Good Guru Organic Vitamin C 90 Capsules,0,0,0,15.99,taxable,,Vitamins,The Good Guru Organic Vitamin C 90 Capsules. A vitamins and supplements product. Supplied as 90 Capsules.,No regulation
simple,5031013100550,Higher Nature Ultimate Aloe Skin Gel 120ml,0,0,0,15.99,taxable,,Skincare,Higher Nature Ultimate Aloe Skin Gel 120ml. A skincare product. Supplied as 120ml.,No regulation
simple,7350082940835,Swiss Clinic Needlehead 0.5mm Face Refill,0,0,0,15.99,taxable,,Skincare,Swiss Clinic Needlehead 0.5mm Face Refill. A skincare product.,No regulation
simple,0017854117815,"Baylis & Harding Royale Garden Rose, Poppy & Vanilla Bath Set",0,0,0,15.99,taxable,,Beauty,"Baylis & Harding Royale Garden Rose, Poppy & Vanilla Bath Set. A health and beauty product.",No regulation
simple,0054402720066,Australian Gold SPF50 Spray Gel with Bronzer 237ml,0,0,0,15.99,taxable,,Skincare,Australian Gold SPF50 Spray Gel with Bronzer 237ml. A skincare product. Supplied as 237ml.,No regulation
simple,5034511006928,Green People Eucalyptus & Mint Soothing Anti-Itch Shampoo Bar,0,0,0,15.99,taxable,,Hair Care,Green People Eucalyptus & Mint Soothing Anti-Itch Shampoo Bar. A hair care product.,No regulation
simple,4051895015279,FRESUBIN THICKENED LEVEL 2 VANILLA (4X200ML),0,0,0,15.99,taxable,,Vitamins,FRESUBIN THICKENED LEVEL 2 VANILLA (4X200ML). A vitamins and supplements product. Supplied as 4X200ML.,No regulation
simple,0033984026759,Solgar Super Starflower Oil 1300mg 30 Softgels,0,0,0,15.99,taxable,,Vitamins,Solgar Super Starflower Oil 1300mg 30 Softgels. A vitamins and supplements product. Supplied as 30 Softgels.,No regulation
simple,5060342240552,GlucoRx HCT Ketone Test 10 Strips,0,0,0,15.99,taxable,,Testing & Monitoring,"GlucoRx HCT Ketone Test 10 Strips. Always read the label and any leaflet supplied. If symptoms persist, speak to your pharmacist or doctor.",No regulation
simple,5476205679825,Urban Tonic Hair Clay Medium Hold 100ml,0,0,0,15.99,taxable,,Hair Care,Urban Tonic Hair Clay Medium Hold 100ml. A hair care product. Supplied as 100ml.,No regulation
simple,0033984011212,"Solgar Formula Vitamin B-Complex ""50"" 100 Capsules",0,0,0,15.99,taxable,,Vitamins,"Solgar Formula Vitamin B-Complex ""50"" 100 Capsules. A vitamins and supplements product. Supplied as 100 Capsules.",No regulation
simple,0658556116739,Botanicals For Life Organic Nettle Root Extract 50ml,0,0,0,15.99,taxable,,General Health,Botanicals For Life Organic Nettle Root Extract 50ml. A health and wellbeing product. Supplied as 50ml.,No regulation
simple,3800219790597,Alteya Organic Rose Otto Face Wash 250ml,0,0,0,15.99,taxable,,Skincare,Alteya Organic Rose Otto Face Wash 250ml. A skincare product. Supplied as 250ml.,No regulation
simple,5010123730314,Nicorette Invisi Patch 25mg 7 Pack,0,0,0,15.99,taxable,reduced-rate,Stop Smoking,Nicorette Invisi Patch 25mg 7 Pack. A stop-smoking product. Supplied as 7 Pack.,GSL
simple,8716900563294,Fortini Creamy Multi Fibre Summer Fruit 4x100g,0,0,0,15.99,taxable,,Skincare,Fortini Creamy Multi Fibre Summer Fruit 4x100g. A skincare product. Supplied as 4x100g.,No regulation
simple,5034511029057,Green People OY! Clear Skin Blemish Concealer 30ml,0,0,0,15.99,taxable,,Skincare,Green People OY! Clear Skin Blemish Concealer 30ml. A skincare product. Supplied as 30ml.,No regulation
simple,5021791005222,Freestyle Optium Blood Glucose Test Strips 50,0,0,0,15.99,taxable,,Testing & Monitoring,"Freestyle Optium Blood Glucose Test Strips 50. Always read the label and any leaflet supplied. If symptoms persist, speak to your pharmacist or doctor.",No regulation
simple,3380810469585,Clarins Hand & Nail Treatment Cream 100ml,0,0,0,15.99,taxable,,Skincare,Clarins Hand & Nail Treatment Cream 100ml. A skincare product. Supplied as 100ml.,No regulation
simple,7350082940842,Swiss Clinic Needlehead 0.5mm Body Refill,0,0,0,15.99,taxable,,General Health,Swiss Clinic Needlehead 0.5mm Body Refill. A health and wellbeing product.,No regulation
simple,8006540687413,Seven Seas Omega 3 & Multivitamins Woman 50+ 30 Day Due Pack,0,0,0,15.99,taxable,,Vitamins,Seven Seas Omega 3 & Multivitamins Woman 50+ 30 Day Due Pack. A vitamins and supplements product.,No regulation
simple,4051895011950,Fresubin 2kcal Fibre Drink Neutral 4 x 200ml,0,0,0,15.99,taxable,,Vitamins,Fresubin 2kcal Fibre Drink Neutral 4 x 200ml. A vitamins and supplements product. Supplied as 4 x 200ml.,No regulation
simple,5034511002104,Green People Mum & Baby Rescue Balm Scent Free 100ml,0,0,0,15.99,taxable,,Baby & Child,Green People Mum & Baby Rescue Balm Scent Free 100ml. A baby and child product. Supplied as 100ml.,No regulation
simple,8710103934134,Philips Avent Natural Feeding Bottle 1 Month+ 2 Pack Blue,0,0,0,15.99,taxable,,General Health,Philips Avent Natural Feeding Bottle 1 Month+ 2 Pack Blue. A health and wellbeing product. Supplied as 2 Pack.,No regulation
simple,5011417579046,Senokot Syrup 500ml,0,0,0,15.99,taxable,,Prescription Medicines,"Senokot Syrup 500ml. Prescription-only medicine, supplied after an online consultation with our pharmacist. Always read the label and any leaflet supplied. If symptoms persist, speak to your pharmacist or doctor. Supplied as 500ml.",P
simple,7649988673443,Frank Fruities Gut Cultures Fruit 80 Gummies,0,0,0,15.99,taxable,,Vitamins,Frank Fruities Gut Cultures Fruit 80 Gummies. A vitamins and supplements product. Supplied as 80 Gummies.,No regulation
simple,5060571822345,The Good Guru Magnesium Complex 90 Capsules,0,0,0,15.99,taxable,,Vitamins,The Good Guru Magnesium Complex 90 Capsules. A vitamins and supplements product. Supplied as 90 Capsules.,No regulation
simple,5060571821218,"The Good Guru Organic Turmeric, Ginger + Black Pepper 90 Capsules",0,0,0,15.99,taxable,,Vitamins,"The Good Guru Organic Turmeric, Ginger + Black Pepper 90 Capsules. A vitamins and supplements product. Supplied as 90 Capsules.",No regulation
simple,5034511004368,Green People Deodorising Prebiotic Foot Cream 50ml,0,0,0,15.99,taxable,,Skincare,Green People Deodorising Prebiotic Foot Cream 50ml. A skincare product. Supplied as 50ml.,No regulation
simple,5060203791247,Terranova Magnesium 100mg Complex 50 Pack,0,0,0,15.99,taxable,,Vitamins,Terranova Magnesium 100mg Complex 50 Pack. A vitamins and supplements product. Supplied as 50 Pack.,No regulation
simple,0724742004002,Alba Botanica Sunscreen Lotion SPF50 89ml,0,0,0,15.99,taxable,,Skincare,Alba Botanica Sunscreen Lotion SPF50 89ml. A skincare product. Supplied as 89ml.,No regulation
simple,0724742003890,Alba Botanica Sheer Mineral SPF30 Sunscreen Lotion 89ml,0,0,0,15.99,taxable,,Skincare,Alba Botanica Sheer Mineral SPF30 Sunscreen Lotion 89ml. A skincare product. Supplied as 89ml.,No regulation
simple,3282770112047,Avène Very High Protection SPF50+ Fluid 50ml,0,0,0,15.99,taxable,,Skincare,Avène Very High Protection SPF50+ Fluid 50ml. A skincare product. Supplied as 50ml.,No regulation
simple,0083000260407,Nature's Answer Sambucus Black Elderberry 120ml,0,0,0,15.99,taxable,,General Health,Nature's Answer Sambucus Black Elderberry 120ml. A health and wellbeing product. Supplied as 120ml.,No regulation
simple,5055148411459,Lamberts Magasorb Magnesium Powder 375mg (As Citrate) 165g Powder,0,0,0,15.99,taxable,,Vitamins,Lamberts Magasorb Magnesium Powder 375mg (As Citrate) 165g Powder. A vitamins and supplements product. Supplied as 165g.,No regulation
simple,0033984005211,Solgar Calcium Magnesium Plus Zinc 250 Tablets,0,0,0,15.99,taxable,,Vitamins,Solgar Calcium Magnesium Plus Zinc 250 Tablets. A vitamins and supplements product. Supplied as 250 Tablets.,No regulation
simple,5025903027218,Nutri Within 200mg Marine Collagen 180 Capsules,0,0,0,15.99,taxable,,Vitamins,Nutri Within 200mg Marine Collagen 180 Capsules. A vitamins and supplements product. Supplied as 180 Capsules.,No regulation
simple,9335955004379,MooGoo Eczema Cream 120g,0,0,0,15.99,taxable,,Skincare,MooGoo Eczema Cream 120g. A skincare product. Supplied as 120g.,No regulation
simple,5055148411732,Lamberts Calasorb Calcium 800mg + Vitamin D3 180 Tablets,0,0,0,15.99,taxable,,Vitamins,Lamberts Calasorb Calcium 800mg + Vitamin D3 180 Tablets. A vitamins and supplements product. Supplied as 180 Tablets.,No regulation
simple,3380810206012,Clarins Hydra-Essentiel Lip Balm 15ml,0,0,0,15.99,taxable,,Skincare,Clarins Hydra-Essentiel Lip Balm 15ml. A skincare product. Supplied as 15ml.,No regulation
simple,5060284540048,Uvistat F50 Cream 125ml,0,0,0,15.99,taxable,,Skincare,Uvistat F50 Cream 125ml. A skincare product. Supplied as 125ml.,No regulation
simple,5060202184699,Cytoplan Thyroid Support 60 Capsules,0,0,0,15.99,taxable,,Supports & Braces,Cytoplan Thyroid Support 60 Capsules. A support and mobility product. Supplied as 60 Capsules.,No regulation
simple,5407007651160,Bambaw Metal Safety Razor Sea Green,0,0,0,15.99,taxable,,Men's Grooming,Bambaw Metal Safety Razor Sea Green. A men's grooming product.,No regulation
simple,0033984010741,Solgar Female Multiple 60 Tablets,0,0,0,15.99,taxable,,Women's Health,Solgar Female Multiple 60 Tablets. A women's health product. Supplied as 60 Tablets.,No regulation
simple,8445290113221,Vital Proteins Collagen Peptides Sachet Box (10x10g),0,0,0,15.99,taxable,,Vitamins,Vital Proteins Collagen Peptides Sachet Box (10x10g). A vitamins and supplements product. Supplied as 10x10g.,No regulation
simple,0033984041264,Solgar Ginger Root Extract 60 Capsules,0,0,0,15.99,taxable,,Vitamins,Solgar Ginger Root Extract 60 Capsules. A vitamins and supplements product. Supplied as 60 Capsules.,No regulation
simple,5060202184972,CytoProtect Liver 60 Capsules,0,0,0,15.99,taxable,,Vitamins,CytoProtect Liver 60 Capsules. A vitamins and supplements product. Supplied as 60 Capsules.,No regulation
simple,5999887678431,Osi Magnesium Body Lotion + OptiMSM 200ml,0,0,0,15.99,taxable,,Skincare,Osi Magnesium Body Lotion + OptiMSM 200ml. A skincare product. Supplied as 200ml.,No regulation
simple,3662042003714,Blephasol Lotion Eyelid Hygiene 100ml,0,0,0,15.99,taxable,,Eye Care,"Blephasol Lotion Eyelid Hygiene 100ml. Always read the label and any leaflet supplied. If symptoms persist, speak to your pharmacist or doctor. Supplied as 100ml.",No regulation
simple,5060203795412,Terranova Vegan Collagen Complex 50 Capsules,0,0,0,15.99,taxable,,Vitamins,Terranova Vegan Collagen Complex 50 Capsules. A vitamins and supplements product. Supplied as 50 Capsules.,No regulation
simple,0724742003883,Alba Kids Mineral Fragrance Free SPF 30 Sunscreen,0,0,0,15.99,taxable,,Skincare,Alba Kids Mineral Fragrance Free SPF 30 Sunscreen. A skincare product.,No regulation
simple,5999887678400,Osi Magnesium Magnesium Oil + Optimsm Spray 200ml,0,0,0,15.99,taxable,,Vitamins,Osi Magnesium Magnesium Oil + Optimsm Spray 200ml. A vitamins and supplements product. Supplied as 200ml.,No regulation
simple,0017854117884,The Fuzzy Duck Cotswold Spa Luxury Candlelit Bathing Gift Set,0,0,0,15.99,taxable,,Beauty,The Fuzzy Duck Cotswold Spa Luxury Candlelit Bathing Gift Set. A health and beauty product.,No regulation
simple,0033984010192,Solgar Kangavites Childrens Vitamins (Tropical Punch) 120 Chewables,0,0,0,15.99,taxable,,Vitamins,Solgar Kangavites Childrens Vitamins (Tropical Punch) 120 Chewables. A vitamins and supplements product.,No regulation
simple,5060104170622,YES Natural Plant-Oil Based Personal Lubricant 140ml,0,0,0,15.99,taxable,,Sexual Wellness,"YES Natural Plant-Oil Based Personal Lubricant 140ml. Always read the label and any leaflet supplied. If symptoms persist, speak to your pharmacist or doctor. Supplied as 140ml.",No regulation
simple,5701170313291,Lubrithal Ophthalmic Gel 10gm sng,0,0,0,15.99,taxable,,Skincare,Lubrithal Ophthalmic Gel 10gm sng. A skincare product.,No regulation
simple,5055148415136,Lamberts Biome Balance Sensitive 30 capsules,0,0,0,15.99,taxable,,Vitamins,Lamberts Biome Balance Sensitive 30 capsules. A vitamins and supplements product. Supplied as 30 capsules.,No regulation
simple,0033984010161,Solgar Kangavites Childrens Vitamins (Bouncing Berry) 120 Chewables,0,0,0,15.99,taxable,,Vitamins,Solgar Kangavites Childrens Vitamins (Bouncing Berry) 120 Chewables. A vitamins and supplements product.,No regulation
simple,9335955005642,MooGoo Natural Sunscreen SPF40 120g,0,0,0,15.99,taxable,,Skincare,MooGoo Natural Sunscreen SPF40 120g. A skincare product. Supplied as 120g.,No regulation
simple,5060571822963,The Good Guru Vegan Advanced COQ-10 30 Capsules,0,0,0,15.99,taxable,,Vitamins,The Good Guru Vegan Advanced COQ-10 30 Capsules. A vitamins and supplements product. Supplied as 30 Capsules.,No regulation
simple,3380810448009,Clarins My Clarins Essentials Gift Set,0,0,0,15.99,taxable,,Beauty,Clarins My Clarins Essentials Gift Set. A health and beauty product.,No regulation
simple,5055148400033,Lamberts Natural Vitamin E 250 i.u. 100 Capsules,0,0,0,15.99,taxable,,Vitamins,Lamberts Natural Vitamin E 250 i.u. 100 Capsules. A vitamins and supplements product. Supplied as 100 Capsules.,No regulation
simple,3574661775357,Nicorette Cools Mint 2mg 80 Lozenges,0,0,0,15.99,taxable,reduced-rate,Stop Smoking,Nicorette Cools Mint 2mg 80 Lozenges. A stop-smoking product. Supplied as 80 Lozenges.,GSL
simple,5060086610284,Optibac Probiotics for Babies & Children 30 Sachets,0,0,0,15.99,taxable,,Digestive,"Optibac Probiotics for Babies & Children 30 Sachets. Always read the label and any leaflet supplied. If symptoms persist, speak to your pharmacist or doctor. Supplied as 30 Sachets.",No regulation
simple,0604565041012,Feel Supreme KSM66 Ashwagandha with Curcumin 60 Capsule,0,0,0,15.99,taxable,,Vitamins,Feel Supreme KSM66 Ashwagandha with Curcumin 60 Capsule. A vitamins and supplements product. Supplied as 60 Capsule.,No regulation
simple,5010123730352,Nicorette 10mg Invisi-Patch Step 3 7 Pack,0,0,0,15.99,taxable,reduced-rate,Stop Smoking,Nicorette 10mg Invisi-Patch Step 3 7 Pack. A stop-smoking product. Supplied as 7 Pack.,GSL
simple,4086000015844,FRESUBIN 2KCAL FIBRE DRINK APRCT/PEACH (4X200ML),0,0,0,15.99,taxable,,Vitamins,FRESUBIN 2KCAL FIBRE DRINK APRCT/PEACH (4X200ML). A vitamins and supplements product. Supplied as 4X200ML.,No regulation
simple,3337875597388,CeraVe Moisturising Cream Jar 454g,0,0,0,15.99,taxable,,Skincare,CeraVe Moisturising Cream Jar 454g. A skincare product. Supplied as 454g.,No regulation
simple,5060203793210,Terranova Garlic 500mg 100 Pack,0,0,0,15.99,taxable,,Vitamins,Terranova Garlic 500mg 100 Pack. A vitamins and supplements product. Supplied as 100 Pack.,No regulation
simple,5025903027256,Nutri Within Organic Turmeric & Black Pepper 365 Capsules,0,0,0,15.99,taxable,,Vitamins,Nutri Within Organic Turmeric & Black Pepper 365 Capsules. A vitamins and supplements product. Supplied as 365 Capsules.,No regulation
simple,5011417581780,Gaviscon Double Action Mint Oral Suspension 500ml,0,0,0,15.99,taxable,,Digestive,"Gaviscon Double Action Mint Oral Suspension 500ml. Always read the label and any leaflet supplied. If symptoms persist, speak to your pharmacist or doctor. Supplied as 500ml.",GSL
simple,5055148403195,Lamberts L-Ornithine 500mg 60 Capsules,0,0,0,15.99,taxable,,Vitamins,Lamberts L-Ornithine 500mg 60 Capsules. A vitamins and supplements product. Supplied as 60 Capsules.,No regulation
simple,5024084002007,Pharma Nord Bio-Quinone Active Q10 30mg 60 Capsules,0,0,0,15.99,taxable,,Vitamins,Pharma Nord Bio-Quinone Active Q10 30mg 60 Capsules. A vitamins and supplements product. Supplied as 60 Capsules.,No regulation
simple,5060203795467,Terranova Vegan Collagen & Silica Complex 50 Capsules,0,0,0,15.99,taxable,,Vitamins,Terranova Vegan Collagen & Silica Complex 50 Capsules. A vitamins and supplements product. Supplied as 50 Capsules.,No regulation
simple,0054402720097,Australian Gold Carrot Spray Oil SPF15 237ml,0,0,0,15.99,taxable,,Skincare,Australian Gold Carrot Spray Oil SPF15 237ml. A skincare product. Supplied as 237ml.,No regulation
simple,5034511029026,Green People OY! Clear Skin Foaming Face Wash 100ml,0,0,0,15.99,taxable,,Skincare,Green People OY! Clear Skin Foaming Face Wash 100ml. A skincare product. Supplied as 100ml.,No regulation
simple,3282770153408,Klorane Peony Stick Mask 25g,0,0,0,15.99,taxable,,Skincare,Klorane Peony Stick Mask 25g. A skincare product. Supplied as 25g.,No regulation
simple,5060203792206,Terranova Avena Sativa & Tart Cherry Powder 40g,0,0,0,15.99,taxable,,Vitamins,Terranova Avena Sativa & Tart Cherry Powder 40g. A vitamins and supplements product. Supplied as 40g.,No regulation
simple,5054290004816,Atopic Eczema Treatment - Betnovate 0.1% Ointment 100g,0,0,0,15.99,taxable,zero-rate,Skincare,"Atopic Eczema Treatment - Betnovate 0.1% Ointment 100g. Prescription-only medicine, supplied after an online consultation with our pharmacist. Always read the label and any leaflet supplied. If symptoms persist, speak to your pharmacist or doctor. Supplied as 100g.",P
simple,5013455140172,Weleda Arnica Muscle Soak 200ml,0,0,0,15.99,taxable,,Pain Relief,"Weleda Arnica Muscle Soak 200ml. Always read the label and any leaflet supplied. If symptoms persist, speak to your pharmacist or doctor. Supplied as 200ml.",No regulation
simple,5060203790769,Terranova Probiotic-Digestive Enzyme Complex with Microflora 50 Pack,0,0,0,15.99,taxable,,Digestive,"Terranova Probiotic-Digestive Enzyme Complex with Microflora 50 Pack. Always read the label and any leaflet supplied. If symptoms persist, speak to your pharmacist or doctor. Supplied as 50 Pack.",No regulation
simple,4051895015323,FRESUBIN THICK LEVEL 3 WILD STRAW (4X200ML),0,0,0,15.99,taxable,,Vitamins,FRESUBIN THICK LEVEL 3 WILD STRAW (4X200ML). A vitamins and supplements product. Supplied as 4X200ML.,No regulation
simple,5060203792886,Terranova Chaga Fresh Freeze Dried Organic 50x500mg,0,0,0,15.99,taxable,,Vitamins,Terranova Chaga Fresh Freeze Dried Organic 50x500mg. A vitamins and supplements product. Supplied as 50x500mg.,No regulation
simple,0859975020120,Andalou 1000 Roses Eye Revive Contour Gel 18ml,0,0,0,15.99,taxable,,Skincare,Andalou 1000 Roses Eye Revive Contour Gel 18ml. A skincare product. Supplied as 18ml.,No regulation
simple,8809447251400,Dr.Althea Amino Acid Gentle Bubble Cleanser 140ml,0,0,0,15.99,taxable,,Skincare,Dr.Althea Amino Acid Gentle Bubble Cleanser 140ml. A skincare product. Supplied as 140ml.,No regulation
simple,5055148411961,Lamberts Multi Guard High Potency 90 Tablets,0,0,0,15.99,taxable,,Vitamins,Lamberts Multi Guard High Potency 90 Tablets. A vitamins and supplements product. Supplied as 90 Tablets.,No regulation
simple,3614223396429,Lancaster Sun for Kids Invisible Mist for Face & Body SPF50 200ml,0,0,0,15.99,taxable,,Skincare,Lancaster Sun for Kids Invisible Mist for Face & Body SPF50 200ml. A skincare product. Supplied as 200ml.,No regulation
simple,5000223495558,Proshield Plus Skin Protectant 115g,0,0,0,15.99,taxable,,Skincare,Proshield Plus Skin Protectant 115g. A skincare product. Supplied as 115g.,No regulation
simple,0634158987533,Botanicals 4 Life Echinacea & Olive Leaf Extract 100ml,0,0,0,15.99,taxable,,General Health,Botanicals 4 Life Echinacea & Olive Leaf Extract 100ml. A health and wellbeing product. Supplied as 100ml.,No regulation
simple,0724742010768,Alba Botanica Face Sunscreen Lotion SPF30 59ml,0,0,0,15.99,taxable,,Skincare,Alba Botanica Face Sunscreen Lotion SPF30 59ml. A skincare product. Supplied as 59ml.,No regulation
simple,5000123101054,Atopic Eczema Treatment - Betnovate 0.1% Cream 100g,0,0,0,15.99,taxable,zero-rate,Skincare,"Atopic Eczema Treatment - Betnovate 0.1% Cream 100g. Prescription-only medicine, supplied after an online consultation with our pharmacist. Always read the label and any leaflet supplied. If symptoms persist, speak to your pharmacist or doctor. Supplied as 100g.",P
simple,5060291420234,Nursem Unfragranced Caring Hand Cream 300ml,0,0,0,15.99,taxable,,Skincare,Nursem Unfragranced Caring Hand Cream 300ml. A skincare product. Supplied as 300ml.,No regulation
simple,0017854117440,"Baylis & Harding Jojoba, Vanilla & Almond Oil Bath Gift Set",0,0,0,15.99,taxable,,Beauty,"Baylis & Harding Jojoba, Vanilla & Almond Oil Bath Gift Set. A health and beauty product.",No regulation
simple,0017854119598,Baylis & Harding Moonlight Fig Gift Wrapped Candlelit Bathing Set,0,0,0,15.99,taxable,,Beauty,Baylis & Harding Moonlight Fig Gift Wrapped Candlelit Bathing Set. A health and beauty product.,No regulation
simple,5060519146724,Pukka Relax Tea Selection Box 45 Tea Bags,0,0,0,15.89,taxable,zero-rate,Vitamins,Pukka Relax Tea Selection Box 45 Tea Bags. A vitamins and supplements product.,No regulation
simple,0033984015333,Solgar Balance Rhodiola Complex 60 Vegetable Capsules,0,0,0,15.89,taxable,,Vitamins,Solgar Balance Rhodiola Complex 60 Vegetable Capsules. A vitamins and supplements product.,No regulation
