Type,SKU,Name,Published,In stock?,Stock,Regular price,Tax status,Tax class,Categories,Description,Meta: _sp_regulation
simple,8718951478596,Colgate PerioGard Extra Gum Care Mouthwash 300ml,0,0,0,5.29,taxable,,Oral Care,Colgate PerioGard Extra Gum Care Mouthwash 300ml. An oral care product. Supplied as 300ml.,No regulation
simple,4005900937278,Nivea Refreshing Day Cream SPF30 50ml,0,0,0,5.29,taxable,,Skincare,Nivea Refreshing Day Cream SPF30 50ml. A skincare product. Supplied as 50ml.,No regulation
simple,5060176671539,Dr. Organic Lavender Deodorant 50ml,0,0,0,5.29,taxable,,Beauty,Dr. Organic Lavender Deodorant 50ml. A health and beauty product. Supplied as 50ml.,No regulation
simple,5000477298158,Olbas Nasal Spray Decongestant 20ml,0,0,0,5.29,taxable,,Cold & Flu,"Olbas Nasal Spray Decongestant 20ml. Always read the label and any leaflet supplied. If symptoms persist, speak to your pharmacist or doctor. Supplied as 20ml.",No regulation
simple,5025135116278,Malibu Dry Oil Spray SPF30 200ml,0,0,0,5.29,taxable,,Skincare,Malibu Dry Oil Spray SPF30 200ml. A skincare product. Supplied as 200ml.,No regulation
simple,5029354002657,Aloe Pura Aloe Vera Skin Lotion 200ml,0,0,0,5.29,taxable,,Skincare,Aloe Pura Aloe Vera Skin Lotion 200ml. A skincare product. Supplied as 200ml.,No regulation
simple,5060180816858,Animology Spa Day Shampoo 250ml,0,0,0,5.29,taxable,,Hair Care,Animology Spa Day Shampoo 250ml. A hair care product. Supplied as 250ml.,No regulation
simple,5010123727703,Benylin Chesty Cough Non-Drowsy 150ml,0,0,0,5.29,taxable,,Cold & Flu,"Benylin Chesty Cough Non-Drowsy 150ml. Always read the label and any leaflet supplied. If symptoms persist, speak to your pharmacist or doctor. Supplied as 150ml.",GSL
simple,5025970011059,Nivea Soft Lips Set 4 x 4.8g,0,0,0,5.29,taxable,,General Health,Nivea Soft Lips Set 4 x 4.8g. A health and wellbeing product. Supplied as 4 x 4.8g.,No regulation
simple,5060180810153,Animology Dog Mucky Pup Shampoo 250ml,0,0,0,5.29,taxable,,Pet Care,Animology Dog Mucky Pup Shampoo 250ml. A pet care product. Supplied as 250ml.,No regulation
simple,5033852190396,Shantys Pillmate Pill Cut & Crush Container Assorted Colours,0,0,0,5.29,taxable,,General Health,Shantys Pillmate Pill Cut & Crush Container Assorted Colours. A health and wellbeing product.,No regulation
simple,8719327597873,Altruist Sunscreen SPF30 200ml,0,0,0,5.29,taxable,,Skincare,Altruist Sunscreen SPF30 200ml. A skincare product. Supplied as 200ml.,No regulation
simple,5060176671416,Dr. Organic Pomegranate Deodorant 50ml,0,0,0,5.29,taxable,,Beauty,Dr. Organic Pomegranate Deodorant 50ml. A health and beauty product. Supplied as 50ml.,No regulation
simple,5060588690203,itsy Coverz Portable Bib,0,0,0,5.29,taxable,zero-rate,General Health,itsy Coverz Portable Bib. A health and wellbeing product.,No regulation
simple,5023652214033,"Nature's Aid Hair, Skin & Nails Formula 30 Tablets",0,0,0,5.29,taxable,,Hair Care,"Nature's Aid Hair, Skin & Nails Formula 30 Tablets. A hair care product. Supplied as 30 Tablets.",No regulation
simple,0017854117860,Baylis & Harding The Fuzzy Duck Cotswold Spa Hand Cream Gift Set,0,0,0,5.29,taxable,,Skincare,Baylis & Harding The Fuzzy Duck Cotswold Spa Hand Cream Gift Set. A skincare product.,No regulation
simple,5060176671591,Dr. Organic Aloe Vera Mouthwash 500ml,0,0,0,5.29,taxable,,Oral Care,Dr. Organic Aloe Vera Mouthwash 500ml. An oral care product. Supplied as 500ml.,No regulation
simple,5015201009610,Parasolve 500mg Effervescent 24 Tablets,0,0,0,5.29,taxable,,Vitamins,Parasolve 500mg Effervescent 24 Tablets. A vitamins and supplements product. Supplied as 24 Tablets.,GSL
simple,8420212035010,Cuderm Moisturising Cream 100ml,0,0,0,5.29,taxable,,Skincare,Cuderm Moisturising Cream 100ml. A skincare product. Supplied as 100ml.,No regulation
simple,0017854109285,Baylis & Harding Goodness Sleep Pillow Mist 100ml,0,0,0,5.25,taxable,,Beauty,Baylis & Harding Goodness Sleep Pillow Mist 100ml. A health and beauty product. Supplied as 100ml.,No regulation
simple,4001638098090,Weleda Toothpaste Salt 75ml,0,0,0,5.25,taxable,,Oral Care,Weleda Toothpaste Salt 75ml. An oral care product. Supplied as 75ml.,No regulation
simple,5060018880112,Ultra Chloraseptic Kids Throat Spray Blackcurrant 15ml,0,0,0,5.19,taxable,,Cold & Flu,"Ultra Chloraseptic Kids Throat Spray Blackcurrant 15ml. Always read the label and any leaflet supplied. If symptoms persist, speak to your pharmacist or doctor. Supplied as 15ml.",GSL
simple,0810071800139,Breathe Right Clear Sleep Strips Large 10 Pack,0,0,0,5.19,taxable,,General Health,Breathe Right Clear Sleep Strips Large 10 Pack. A health and wellbeing product. Supplied as 10 Pack.,No regulation
simple,5029354015060,Aloe Pura Aloe Vera Face Mask 150ml,0,0,0,5.19,taxable,,Skincare,Aloe Pura Aloe Vera Face Mask 150ml. A skincare product. Supplied as 150ml.,No regulation
simple,5010441015285,Numark Synthetic Wax Ear Plugs 6 Pairs,0,0,0,5.19,taxable,,General Health,Numark Synthetic Wax Ear Plugs 6 Pairs. A health and wellbeing product.,No regulation
simple,8001090698346,Pampers Splashers Size 3-4 Nappies 12 Pack,0,0,0,5.19,taxable,zero-rate,Baby & Child,Pampers Splashers Size 3-4 Nappies 12 Pack. A baby and child product. Supplied as 12 Pack.,No regulation
simple,7332551437299,Hibiscrub 4% Cutaneous Solution 125ml,0,0,0,5.19,taxable,,First Aid,"Hibiscrub 4% Cutaneous Solution 125ml. Always read the label and any leaflet supplied. If symptoms persist, speak to your pharmacist or doctor. Supplied as 125ml.",No regulation
simple,5060144641977,Bulldog Original Aftershave Balm 100ml,0,0,0,5.19,taxable,,Men's Grooming,Bulldog Original Aftershave Balm 100ml. A men's grooming product. Supplied as 100ml.,No regulation
simple,0087614019574,Swanson Full Spectrum Ashwagandha 450mg 100 Capsules,0,0,0,5.19,taxable,,Vitamins,Swanson Full Spectrum Ashwagandha 450mg 100 Capsules. A vitamins and supplements product. Supplied as 100 Capsules.,No regulation
simple,4029125079001,Nitrolingual Spray 180 Dose,0,0,0,5.19,taxable,,Prescription Medicines,"Nitrolingual Spray 180 Dose. Prescription-only medicine, supplied after an online consultation with our pharmacist. Always read the label and any leaflet supplied. If symptoms persist, speak to your pharmacist or doctor.",P
simple,8429979462299,Sesderma Lactyferrin Sanitizer 80ml,0,0,0,5.19,taxable,,General Health,Sesderma Lactyferrin Sanitizer 80ml. A health and wellbeing product. Supplied as 80ml.,No regulation
simple,5020465201328,Cetaphil Moisturising Hand Cream 50ml,0,0,0,5.19,taxable,,Skincare,Cetaphil Moisturising Hand Cream 50ml. A skincare product. Supplied as 50ml.,No regulation
simple,50487172,Otrivine-Antistin Eye Drops 10ml,0,0,0,5.19,taxable,,Eye Care,"Otrivine-Antistin Eye Drops 10ml. Prescription-only medicine, supplied after an online consultation with our pharmacist. Always read the label and any leaflet supplied. If symptoms persist, speak to your pharmacist or doctor. Supplied as 10ml.",P
simple,5016379299001,Otex Express Ear Drops 10ml,0,0,0,5.19,taxable,,Vitamins,Otex Express Ear Drops 10ml. A vitamins and supplements product. Supplied as 10ml.,GSL
simple,8030350901698,Aloclair Plus Mouth Ulcer Gel 8g,0,0,0,5.19,taxable,,Oral Care,Aloclair Plus Mouth Ulcer Gel 8g. An oral care product. Supplied as 8g.,GSL
simple,5060448080632,Drapolene Antiseptic Cream 100g,0,0,0,5.19,taxable,,First Aid,"Drapolene Antiseptic Cream 100g. Always read the label and any leaflet supplied. If symptoms persist, speak to your pharmacist or doctor. Supplied as 100g.",GSL
simple,3663555002782,Compeed Anti-Blister Stick 8ml,0,0,0,5.19,taxable,,First Aid,"Compeed Anti-Blister Stick 8ml. Always read the label and any leaflet supplied. If symptoms persist, speak to your pharmacist or doctor. Supplied as 8ml.",No regulation
simple,5060128984670,Dentemp Recap-It 1g,0,0,0,5.19,taxable,,General Health,Dentemp Recap-It 1g. A health and wellbeing product. Supplied as 1g.,No regulation
simple,5029053527574,Huggies Drynites Boy 4-7 Yrs Nappies 10 Pack,0,0,0,5.19,taxable,zero-rate,Baby & Child,Huggies Drynites Boy 4-7 Yrs Nappies 10 Pack. A baby and child product. Supplied as 10 Pack.,No regulation
simple,5010123708283,Actifed Multi-Action Chesty Coughs 100ml,0,0,0,5.19,taxable,,Cold & Flu,"Actifed Multi-Action Chesty Coughs 100ml. Prescription-only medicine, supplied after an online consultation with our pharmacist. Always read the label and any leaflet supplied. If symptoms persist, speak to your pharmacist or doctor. Supplied as 100ml.",P
simple,3574661202662,Benadryl Allergy One-A-Day Cetirizine Dihydrochloride 7 Tablets,0,0,0,5.19,taxable,,Vitamins,Benadryl Allergy One-A-Day Cetirizine Dihydrochloride 7 Tablets. A vitamins and supplements product. Supplied as 7 Tablets.,GSL
simple,8414606537785,The Skin Lounge Hydrogel Hyaluronic 25g,0,0,0,5.19,taxable,,Skincare,The Skin Lounge Hydrogel Hyaluronic 25g. A skincare product. Supplied as 25g.,No regulation
simple,8001841271972,Pantene Shampoo Pro-V Repair & Protect 500ml,0,0,0,5.19,taxable,,Hair Care,Pantene Shampoo Pro-V Repair & Protect 500ml. A hair care product. Supplied as 500ml.,No regulation
simple,3800219796148,Alteya Organic Rose Otto Intensive Hand Cream 30ml,0,0,0,5.19,taxable,,Skincare,Alteya Organic Rose Otto Intensive Hand Cream 30ml. A skincare product. Supplied as 30ml.,No regulation
simple,5060519143242,Pukka Ginger Joy Latte 90g,0,0,0,5.19,taxable,zero-rate,Vitamins,Pukka Ginger Joy Latte 90g. A vitamins and supplements product. Supplied as 90g.,No regulation
simple,96170816,BetterYou D400 Infant Vitamin D Spray 15ml,0,0,0,5.19,taxable,,Baby & Child,BetterYou D400 Infant Vitamin D Spray 15ml. A baby and child product. Supplied as 15ml.,No regulation
simple,5060209732909,Epimax Intensive Cream 500g,0,0,0,5.19,taxable,,Skincare,Epimax Intensive Cream 500g. A skincare product. Supplied as 500g.,No regulation
simple,50698684,Bob Martin Conditioning Tablets for Dogs & Puppies 100 Tablets,0,0,0,5.19,taxable,,Pet Care,Bob Martin Conditioning Tablets for Dogs & Puppies 100 Tablets. A pet care product. Supplied as 100 Tablets.,No regulation
simple,5012616170003,TCP Antiseptic Liquid 50ml,0,0,0,5.19,taxable,,First Aid,"TCP Antiseptic Liquid 50ml. Always read the label and any leaflet supplied. If symptoms persist, speak to your pharmacist or doctor. Supplied as 50ml.",GSL
simple,8001090678614,Head & Shoulders Supreme Moisture Anti-Dandruff Shampoo 400ml,0,0,0,5.19,taxable,,Hair Care,Head & Shoulders Supreme Moisture Anti-Dandruff Shampoo 400ml. A hair care product. Supplied as 400ml.,No regulation
simple,5029354008352,Australian Tea Tree Antiseptic Spray 30ml,0,0,0,5.19,taxable,,First Aid,"Australian Tea Tree Antiseptic Spray 30ml. Always read the label and any leaflet supplied. If symptoms persist, speak to your pharmacist or doctor. Supplied as 30ml.",No regulation
simple,3282779254892,Avène Cold Cream Ultra Rich Soap-Free Cleansing Bar 100g,0,0,0,5.19,taxable,,Cold & Flu,"Avène Cold Cream Ultra Rich Soap-Free Cleansing Bar 100g. Always read the label and any leaflet supplied. If symptoms persist, speak to your pharmacist or doctor. Supplied as 100g.",No regulation
simple,5011309723410,Oilatum Bath Formula 150ml,0,0,0,5.19,taxable,,Beauty,Oilatum Bath Formula 150ml. A health and beauty product. Supplied as 150ml.,GSL
simple,8809208138193,Skin Republic Hydrogel Sheet Face Mask 25g,0,0,0,5.19,taxable,,Skincare,Skin Republic Hydrogel Sheet Face Mask 25g. A skincare product. Supplied as 25g.,No regulation
simple,7322541066974,Tena Discreet Extra Pads 20 Pack,0,0,0,5.19,taxable,zero-rate,Continence,Tena Discreet Extra Pads 20 Pack. A continence care product. Supplied as 20 Pack.,No regulation
simple,0859975002386,Andalou Argan Stem Cell Age Defying Shampoo 340ml,0,0,0,5.19,taxable,,Hair Care,Andalou Argan Stem Cell Age Defying Shampoo 340ml. A hair care product. Supplied as 340ml.,No regulation
simple,5054563124449,Piriteze 2+ Children's Hayfever & Allergy 1mg/ml Syrup 70ml,0,0,0,5.19,taxable,,Baby & Child,"Piriteze 2+ Children's Hayfever & Allergy 1mg/ml Syrup 70ml. Prescription-only medicine, supplied after an online consultation with our pharmacist. Always read the label and any leaflet supplied. If symptoms persist, speak to your pharmacist or doctor. Supplied as 70ml.",P
simple,5010249011656,FSC Biotin 2.5mg 30 Tablets,0,0,0,5.19,taxable,,Vitamins,FSC Biotin 2.5mg 30 Tablets. A vitamins and supplements product. Supplied as 30 Tablets.,No regulation
simple,5060040641644,BeautyPro Eye Therapy Under Eye Mask 3 pairs,0,0,0,5.19,taxable,,Eye Care,"BeautyPro Eye Therapy Under Eye Mask 3 pairs. Always read the label and any leaflet supplied. If symptoms persist, speak to your pharmacist or doctor.",No regulation
simple,5060018880099,Ultra Chloraseptic Throat Spray Cherry 15ml,0,0,0,5.19,taxable,,Cold & Flu,"Ultra Chloraseptic Throat Spray Cherry 15ml. Always read the label and any leaflet supplied. If symptoms persist, speak to your pharmacist or doctor. Supplied as 15ml.",GSL
simple,3600523183494,L'Oréal Wrinkle Expert 35+ Collagen Day Cream 50ml,0,0,0,5.19,taxable,,Skincare,L'Oréal Wrinkle Expert 35+ Collagen Day Cream 50ml. A skincare product. Supplied as 50ml.,No regulation
simple,5010724531020,Anusol Soothing Relief Ointment 15g,0,0,0,5.19,taxable,,Digestive,"Anusol Soothing Relief Ointment 15g. Always read the label and any leaflet supplied. If symptoms persist, speak to your pharmacist or doctor. Supplied as 15g.",No regulation
simple,5012008747004,Pro:Voke Touch Of Silver Go Icy Shampoo 150ml,0,0,0,5.19,taxable,,Hair Care,Pro:Voke Touch Of Silver Go Icy Shampoo 150ml. A hair care product. Supplied as 150ml.,No regulation
simple,5060180816797,Animology Flower Power Fragrance Mist 150ml,0,0,0,5.19,taxable,,Beauty,Animology Flower Power Fragrance Mist 150ml. A health and beauty product. Supplied as 150ml.,No regulation
simple,5014124384040,Martindale Glycerol 4g Adult Suppositories 12 Pack,0,0,0,5.19,taxable,,General Health,Martindale Glycerol 4g Adult Suppositories 12 Pack. A health and wellbeing product. Supplied as 12 Pack.,GSL
simple,3600523718269,L'Oréal Men Expert 100ml Face Wash Hydra Energetic Wake Up Effect,0,0,0,5.10,taxable,,Skincare,L'Oréal Men Expert 100ml Face Wash Hydra Energetic Wake Up Effect. A skincare product. Supplied as 100ml.,No regulation
simple,5060332530052,Lindens Health + Nutrition Vitamin B6 100mg 100 Tablets,0,0,0,5.09,taxable,,Vitamins,Lindens Health + Nutrition Vitamin B6 100mg 100 Tablets. A vitamins and supplements product. Supplied as 100 Tablets.,No regulation
simple,5010123726621,Listerine Mouthwash Stay White Arctic 500ml,0,0,0,5.09,taxable,,Oral Care,Listerine Mouthwash Stay White Arctic 500ml. An oral care product. Supplied as 500ml.,No regulation
simple,3616302748723,Max Factor Creme Puff Golden 75 14g,0,0,0,5.09,taxable,,General Health,Max Factor Creme Puff Golden 75 14g. A health and wellbeing product. Supplied as 14g.,No regulation
simple,5060332531738,Lindens Health + Nutrition Cinnamon 3000mg 100 Tablets,0,0,0,5.09,taxable,,Vitamins,Lindens Health + Nutrition Cinnamon 3000mg 100 Tablets. A vitamins and supplements product. Supplied as 100 Tablets.,No regulation
simple,5038581151908,Yankee Candle Christmas Cracker Set 4 x 49g,0,0,0,5.09,taxable,,Beauty,Yankee Candle Christmas Cracker Set 4 x 49g. A health and beauty product. Supplied as 4 x 49g.,No regulation
simple,5012583105091,Schwarzkopf Got2B Glued Blasting Freeze Hairspray 300ml,0,0,0,5.09,taxable,,First Aid,"Schwarzkopf Got2B Glued Blasting Freeze Hairspray 300ml. Always read the label and any leaflet supplied. If symptoms persist, speak to your pharmacist or doctor. Supplied as 300ml.",No regulation
simple,5060218601418,Ever Ready Double Sided Foot Callus File,0,0,0,5.09,taxable,,Skincare,Ever Ready Double Sided Foot Callus File. A skincare product.,No regulation
simple,8710522428122,Vaseline Limited Edition Selection Tin Gift Set,0,0,0,5.09,taxable,,Beauty,Vaseline Limited Edition Selection Tin Gift Set. A health and beauty product.,No regulation
simple,9421034852426,d3 Athletic Sports Tape 13.7m,0,0,0,5.09,taxable,,General Health,d3 Athletic Sports Tape 13.7m. A health and wellbeing product.,No regulation
simple,5060018880105,Ultra Chloraseptic Blackcurrant 15ml,0,0,0,5.09,taxable,,General Health,Ultra Chloraseptic Blackcurrant 15ml. A health and wellbeing product. Supplied as 15ml.,GSL
simple,7391899814285,Bausch + Lomb Sensitive Eyes Plus Saline Contact Lens Solution 500ml,0,0,0,5.09,taxable,,Eye Care,"Bausch + Lomb Sensitive Eyes Plus Saline Contact Lens Solution 500ml. Always read the label and any leaflet supplied. If symptoms persist, speak to your pharmacist or doctor. Supplied as 500ml.",No regulation
simple,0615908428612,Tigi Rockaholic Groupie Hard Hold Hairspray 385ml,0,0,0,5.09,taxable,,Hair Care,Tigi Rockaholic Groupie Hard Hold Hairspray 385ml. A hair care product. Supplied as 385ml.,No regulation
simple,5407007650194,Bambaw Reusable Sanitary Pads Carrying Pouch,0,0,0,5.09,taxable,,Women's Health,Bambaw Reusable Sanitary Pads Carrying Pouch. A women's health product.,No regulation
simple,0859999907056,Woody's Grooming Brickhead 118ml,0,0,0,5.09,taxable,,Men's Grooming,Woody's Grooming Brickhead 118ml. A men's grooming product. Supplied as 118ml.,No regulation
simple,5060375230131,Flarin 200mg Ibuprofen 12 Soft Capsules,0,0,0,5.09,taxable,,Pain Relief,"Flarin 200mg Ibuprofen 12 Soft Capsules. Prescription-only medicine, supplied after an online consultation with our pharmacist. Always read the label and any leaflet supplied. If symptoms persist, speak to your pharmacist or doctor. Supplied as 200mg.",P
simple,5038581159096,Yankee Candle Home Inspiration Cupcake Party 200g,0,0,0,5.09,taxable,,Beauty,Yankee Candle Home Inspiration Cupcake Party 200g. A health and beauty product. Supplied as 200g.,No regulation
simple,5029053539713,Depend Comfort Protect for Men Small/Medium 10 Pack,0,0,0,5.09,taxable,zero-rate,Men's Health,Depend Comfort Protect for Men Small/Medium 10 Pack. A men's health product. Supplied as 10 Pack.,No regulation
simple,5029053527598,Huggies Drynites Boy 8-15 Yrs 9 Pack,0,0,0,5.09,taxable,zero-rate,General Health,Huggies Drynites Boy 8-15 Yrs 9 Pack. A health and wellbeing product. Supplied as 9 Pack.,No regulation
simple,8901030841132,Vaseline Advanced Repair Body Lotion Pump 600ml,0,0,0,5.09,taxable,,Skincare,Vaseline Advanced Repair Body Lotion Pump 600ml. A skincare product. Supplied as 600ml.,No regulation
simple,5055172202535,Medisure Weekly Pill Organiser 28 Compartments,0,0,0,5.09,taxable,,General Health,Medisure Weekly Pill Organiser 28 Compartments. A health and wellbeing product.,No regulation
simple,5011831087004,Skyn Original Non-Latex Condoms 6 Pack,0,0,0,5.09,taxable,reduced-rate,Sexual Wellness,"Skyn Original Non-Latex Condoms 6 Pack. Always read the label and any leaflet supplied. If symptoms persist, speak to your pharmacist or doctor. Supplied as 6 Pack.",No regulation
simple,8710522427668,Vaseline Original Selection Tin Gift Set,0,0,0,5.09,taxable,,Beauty,Vaseline Original Selection Tin Gift Set. A health and beauty product.,No regulation
simple,5012008606400,Pro:Voke Liquid Blonde Colour Activating Treatment Shampoo 200ml,0,0,0,5.09,taxable,,Hair Care,Pro:Voke Liquid Blonde Colour Activating Treatment Shampoo 200ml. A hair care product. Supplied as 200ml.,No regulation
simple,0859999906172,Woody's Grooming Hair & Body Wash 296ml,0,0,0,5.09,taxable,,Hair Care,Woody's Grooming Hair & Body Wash 296ml. A hair care product. Supplied as 296ml.,No regulation
simple,8717163907047,TRESemmé Replenish & Cleanse Conditioner 900ml,0,0,0,5.09,taxable,,Hair Care,TRESemmé Replenish & Cleanse Conditioner 900ml. A hair care product. Supplied as 900ml.,No regulation
simple,0859999906905,Woody's Grooming Stache Wax 14g,0,0,0,5.09,taxable,,Men's Grooming,Woody's Grooming Stache Wax 14g. A men's grooming product. Supplied as 14g.,No regulation
simple,5060176671478,Dr. Organic Aloe Vera Deodorant 50ml,0,0,0,5.09,taxable,,Beauty,Dr. Organic Aloe Vera Deodorant 50ml. A health and beauty product. Supplied as 50ml.,No regulation
simple,3574661547046,Ogx Shine + Argan Oil of Morocco Heat Protection Spray 177ml,0,0,0,5.09,taxable,,Skincare,Ogx Shine + Argan Oil of Morocco Heat Protection Spray 177ml. A skincare product. Supplied as 177ml.,No regulation
simple,5038581159188,Yankee Candle Home Inspiration Cinnamon Cider 200g,0,0,0,5.09,taxable,,Beauty,Yankee Candle Home Inspiration Cinnamon Cider 200g. A health and beauty product. Supplied as 200g.,No regulation
simple,3574660239829,Neutrogena Norweg Fast Absorb Hand Cream 75ml,0,0,0,5.09,taxable,,Skincare,Neutrogena Norweg Fast Absorb Hand Cream 75ml. A skincare product. Supplied as 75ml.,No regulation
simple,4015400985143,Head & Shoulders Persistent Dandruff Shampoo Anti-Dandruff 130ml,0,0,0,5.09,taxable,,Hair Care,Head & Shoulders Persistent Dandruff Shampoo Anti-Dandruff 130ml. A hair care product. Supplied as 130ml.,No regulation
simple,5000347007309,Piriteze Children's Hayfever & Allergy 1mg/ml Syrup 70ml,0,0,0,5.09,taxable,,Baby & Child,Piriteze Children's Hayfever & Allergy 1mg/ml Syrup 70ml. A baby and child product. Supplied as 70ml.,GSL
simple,3574661162270,Sudafed Congestion & Headache Relief Day & Night 16 Capsules,0,0,0,5.09,taxable,,Cold & Flu,"Sudafed Congestion & Headache Relief Day & Night 16 Capsules. Always read the label and any leaflet supplied. If symptoms persist, speak to your pharmacist or doctor. Supplied as 16 Capsules.",GSL
simple,8001090580122,Head & Shoulders Supreme Repair Anti-Dandruff Shampoo 400ml,0,0,0,5.09,taxable,,Hair Care,Head & Shoulders Supreme Repair Anti-Dandruff Shampoo 400ml. A hair care product. Supplied as 400ml.,No regulation
simple,5000209888527,Colgate Peroxyl Mouthwash 300ml,0,0,0,5.09,taxable,,Oral Care,Colgate Peroxyl Mouthwash 300ml. An oral care product. Supplied as 300ml.,GSL
simple,3282770390773,Klorane Oat Milk Dry Shampoo Spray 50ml,0,0,0,5.09,taxable,,Hair Care,Klorane Oat Milk Dry Shampoo Spray 50ml. A hair care product. Supplied as 50ml.,No regulation
simple,5060202921546,Simply Gentle Washable Breast Pads 6 Pads,0,0,0,5.09,taxable,,Women's Health,Simply Gentle Washable Breast Pads 6 Pads. A women's health product. Supplied as 6 Pads.,No regulation
simple,3616302748808,Max Factor Creme Puff Deep Beige 42 14g,0,0,0,5.09,taxable,,General Health,Max Factor Creme Puff Deep Beige 42 14g. A health and wellbeing product. Supplied as 14g.,No regulation
simple,5060332532551,Lindens Health + Nutrition Siberian Ginseng 1000mg 100 Tablets,0,0,0,5.09,taxable,,Vitamins,Lindens Health + Nutrition Siberian Ginseng 1000mg 100 Tablets. A vitamins and supplements product. Supplied as 100 Tablets.,No regulation
simple,3574660123425,Aveeno Daily Moist Body Lotion Oat 200ml,0,0,0,5.09,taxable,,Skincare,Aveeno Daily Moist Body Lotion Oat 200ml. A skincare product. Supplied as 200ml.,No regulation
simple,8901030841118,Vaseline Soothing Hydration Body Lotion 600ml,0,0,0,5.09,taxable,,Skincare,Vaseline Soothing Hydration Body Lotion 600ml. A skincare product. Supplied as 600ml.,No regulation
simple,0615908428643,Tigi Bed Head Rockaholic Thunder Struck Salt 250ml,0,0,0,5.09,taxable,,General Health,Tigi Bed Head Rockaholic Thunder Struck Salt 250ml. A health and wellbeing product. Supplied as 250ml.,No regulation
simple,8901030841095,Vaseline Essential Healing Body Lotion 600ml,0,0,0,5.09,taxable,,Skincare,Vaseline Essential Healing Body Lotion 600ml. A skincare product. Supplied as 600ml.,No regulation
simple,3616302748730,Max Factor Creme Puff Medium Beige 41 14g,0,0,0,5.09,taxable,,General Health,Max Factor Creme Puff Medium Beige 41 14g. A health and wellbeing product. Supplied as 14g.,No regulation
simple,5060018880020,Ultra Chloraseptic Anaesthetic Throat Spray Menthol Flavour 15ml,0,0,0,5.09,taxable,,Cold & Flu,"Ultra Chloraseptic Anaesthetic Throat Spray Menthol Flavour 15ml. Always read the label and any leaflet supplied. If symptoms persist, speak to your pharmacist or doctor. Supplied as 15ml.",GSL
simple,50884520,Max Factor Pan Stik Deep Olive 60,0,0,0,5.09,taxable,,General Health,Max Factor Pan Stik Deep Olive 60. A health and wellbeing product.,No regulation
simple,8001841859088,Pampers New Baby Newborn Size 1 22 Pack,0,0,0,5.09,taxable,zero-rate,Baby & Child,Pampers New Baby Newborn Size 1 22 Pack. A baby and child product. Supplied as 22 Pack.,No regulation
simple,5060018880037,Ultra Chloraseptic Anaesthetic Throat Spray Honey & Lemon 15ml,0,0,0,5.09,taxable,,Cold & Flu,"Ultra Chloraseptic Anaesthetic Throat Spray Honey & Lemon 15ml. Always read the label and any leaflet supplied. If symptoms persist, speak to your pharmacist or doctor. Supplied as 15ml.",GSL
simple,0017854081147,Baylis & Harding Pink Magnolia & Pear Blossom 2 Bottle Set,0,0,0,5.09,taxable,,Beauty,Baylis & Harding Pink Magnolia & Pear Blossom 2 Bottle Set. A health and beauty product.,No regulation
simple,96038802,Schwarzkopf Got2B iStylers Texture Clay 75ml,0,0,0,5.09,taxable,,Hair Care,Schwarzkopf Got2B iStylers Texture Clay 75ml. A hair care product. Supplied as 75ml.,No regulation
simple,6009702811154,Chewy Vites Kids Multivitamin Advance 30 Gummies,0,0,0,5.09,taxable,,Vitamins,Chewy Vites Kids Multivitamin Advance 30 Gummies. A vitamins and supplements product. Supplied as 30 Gummies.,No regulation
simple,0615908431568,Tigi Bed Head Conditioner Gimme Grip 600ml,0,0,0,5.09,taxable,,Hair Care,Tigi Bed Head Conditioner Gimme Grip 600ml. A hair care product. Supplied as 600ml.,No regulation
simple,7702018565948,Gillette King C Neck Razor,0,0,0,5.09,taxable,,Men's Grooming,Gillette King C Neck Razor. A men's grooming product.,No regulation
simple,5010123722463,Benadryl Allergy Relief 12 Capsules,0,0,0,5.09,taxable,,Vitamins,Benadryl Allergy Relief 12 Capsules. A vitamins and supplements product. Supplied as 12 Capsules.,GSL
simple,8006540651018,Old Spice Rock with Charcoal 2 in 1 Shower Gel & Shampoo 675ml,0,0,0,5.09,taxable,,Hair Care,Old Spice Rock with Charcoal 2 in 1 Shower Gel & Shampoo 675ml. A hair care product. Supplied as 675ml.,No regulation
simple,7332531063456,Schwarzkopf Got2b Mousse Volumaniac 250ml,0,0,0,5.09,taxable,,Hair Care,Schwarzkopf Got2b Mousse Volumaniac 250ml. A hair care product. Supplied as 250ml.,No regulation
simple,8717163902929,TRESemmé Moisture Rich Conditioner 900ml,0,0,0,5.09,taxable,,Hair Care,TRESemmé Moisture Rich Conditioner 900ml. A hair care product. Supplied as 900ml.,No regulation
simple,5011417567623,Durex Feel Gel Lubricant 50ml,0,0,0,5.09,taxable,,Sexual Wellness,"Durex Feel Gel Lubricant 50ml. Always read the label and any leaflet supplied. If symptoms persist, speak to your pharmacist or doctor. Supplied as 50ml.",No regulation
simple,4005900711588,Nivea Sun Aftersun Spray 200ml,0,0,0,5.09,taxable,,Skincare,Nivea Sun Aftersun Spray 200ml. A skincare product. Supplied as 200ml.,No regulation
simple,5017007600848,Infacol Colic Relief 55ml,0,0,0,5.09,taxable,,Baby & Child,Infacol Colic Relief 55ml. A baby and child product. Supplied as 55ml.,GSL
simple,7332531008891,Schwarzkopf Got2Be Beach Matt Paste 100ml,0,0,0,5.09,taxable,,Hair Care,Schwarzkopf Got2Be Beach Matt Paste 100ml. A hair care product. Supplied as 100ml.,No regulation
simple,4005900983947,Nivea Sun Protect Caring Lip Balm SPF30 4.8g,0,0,0,5.09,taxable,,Skincare,Nivea Sun Protect Caring Lip Balm SPF30 4.8g. A skincare product. Supplied as 4.8g.,No regulation
simple,5000158106345,Optrex Intensive Dry Eyes Drops 10ml,0,0,0,5.09,taxable,,Eye Care,"Optrex Intensive Dry Eyes Drops 10ml. Always read the label and any leaflet supplied. If symptoms persist, speak to your pharmacist or doctor. Supplied as 10ml.",No regulation
simple,3600523566167,L'Oréal Colorista Washout Colour Denim,0,0,0,5.09,taxable,,Beauty,L'Oréal Colorista Washout Colour Denim. A health and beauty product.,No regulation
simple,5017007603658,Motusol Gel 1.16% w/w Gel 50g,0,0,0,5.09,taxable,,Skincare,Motusol Gel 1.16% w/w Gel 50g. A skincare product. Supplied as 50g.,GSL
simple,8809624729265,Lovbod Melting Mask for Neck 4g,0,0,0,5.09,taxable,,Skincare,Lovbod Melting Mask for Neck 4g. A skincare product. Supplied as 4g.,No regulation
simple,5029053527604,Huggies Drynites Girl 8-15 Yrs 9 Pack,0,0,0,5.09,taxable,zero-rate,General Health,Huggies Drynites Girl 8-15 Yrs 9 Pack. A health and wellbeing product. Supplied as 9 Pack.,No regulation
simple,5012654203961,Carnation Advance Gel Cushioning Insoles 1 Pack,0,0,0,5.09,taxable,,Supports & Braces,Carnation Advance Gel Cushioning Insoles 1 Pack. A support and mobility product. Supplied as 1 Pack.,No regulation
simple,6284511682496,Neon Verifine Safety Lancets 23g X1.8mm 100 Pack,0,0,0,5.05,taxable,,Testing & Monitoring,"Neon Verifine Safety Lancets 23g X1.8mm 100 Pack. Always read the label and any leaflet supplied. If symptoms persist, speak to your pharmacist or doctor. Supplied as 100 Pack.",No regulation
simple,6284511682700,Neon Verifine Safety Lancets 21g X 2.4mm 100 Pack,0,0,0,5.05,taxable,,Testing & Monitoring,"Neon Verifine Safety Lancets 21g X 2.4mm 100 Pack. Always read the label and any leaflet supplied. If symptoms persist, speak to your pharmacist or doctor. Supplied as 100 Pack.",No regulation
simple,6284511682250,Neon Verifine Safety Lancets 28g X1.8mm 100 Pack,0,0,0,5.05,taxable,,Testing & Monitoring,"Neon Verifine Safety Lancets 28g X1.8mm 100 Pack. Always read the label and any leaflet supplied. If symptoms persist, speak to your pharmacist or doctor. Supplied as 100 Pack.",No regulation
simple,7702018471096,Gillette Venus3 Women's Disposable Razors 4 Pack,0,0,0,5.05,taxable,,Women's Health,Gillette Venus3 Women's Disposable Razors 4 Pack. A women's health product. Supplied as 4 Pack.,No regulation
simple,6284511682182,Neon Verifine Safety Lancets 30g X 1.8mm 100 Pack,0,0,0,5.05,taxable,,Testing & Monitoring,"Neon Verifine Safety Lancets 30g X 1.8mm 100 Pack. Always read the label and any leaflet supplied. If symptoms persist, speak to your pharmacist or doctor. Supplied as 100 Pack.",No regulation
simple,5016646043115,Ergo Flea Comb,0,0,0,5.00,taxable,,Pet Care,Ergo Flea Comb. A pet care product.,No regulation
simple,4011700411115,Tabac Anti Perspirant Spray 200ml,0,0,0,4.99,taxable,,Beauty,Tabac Anti Perspirant Spray 200ml. A health and beauty product. Supplied as 200ml.,No regulation
simple,8710522939192,Radox Calming Bath Bomb Gift Set,0,0,0,4.99,taxable,,Beauty,Radox Calming Bath Bomb Gift Set. A health and beauty product.,No regulation
simple,3574661493770,Aveeno Baby Moisturising Lotion 150ml,0,0,0,4.99,taxable,,Baby & Child,Aveeno Baby Moisturising Lotion 150ml. A baby and child product. Supplied as 150ml.,No regulation
simple,3616302748785,Max Factor Creme Puff Natural 50 14g,0,0,0,4.99,taxable,,General Health,Max Factor Creme Puff Natural 50 14g. A health and wellbeing product. Supplied as 14g.,No regulation
simple,5034593026203,Histergan Antihistamine Cream 25g,0,0,0,4.99,taxable,,Skincare,"Histergan Antihistamine Cream 25g. Prescription-only medicine, supplied after an online consultation with our pharmacist. Always read the label and any leaflet supplied. If symptoms persist, speak to your pharmacist or doctor. Supplied as 25g.",P
simple,5011321594388,Herbal Essences Hello Hydration Coconut Extract Conditioner 400ml,0,0,0,4.99,taxable,,Hair Care,Herbal Essences Hello Hydration Coconut Extract Conditioner 400ml. A hair care product. Supplied as 400ml.,No regulation
simple,5038581096896,Yankee Candle Home Inspiration Sugared Blossom 104g,0,0,0,4.99,taxable,,Beauty,Yankee Candle Home Inspiration Sugared Blossom 104g. A health and beauty product. Supplied as 104g.,No regulation
simple,4015400627807,Always Discreet Value Pack Normal Pads 24 Pack,0,0,0,4.99,taxable,zero-rate,Continence,Always Discreet Value Pack Normal Pads 24 Pack. A continence care product. Supplied as 24 Pack.,No regulation
simple,5010605830525,Germoloids Ointment 25ml,0,0,0,4.99,taxable,,Digestive,"Germoloids Ointment 25ml. Always read the label and any leaflet supplied. If symptoms persist, speak to your pharmacist or doctor. Supplied as 25ml.",GSL
simple,5025903027591,Careway 7-Day Spring Loaded Pill Box,0,0,0,4.99,taxable,,General Health,Careway 7-Day Spring Loaded Pill Box. A health and wellbeing product.,No regulation
simple,5060601930934,BeautyPro VITAMIN C Brightening Sheet Mask,0,0,0,4.99,taxable,,Skincare,BeautyPro VITAMIN C Brightening Sheet Mask. A skincare product.,No regulation
simple,5060083290229,LMX4 Lidocaine 4% w/w Cream 5g,0,0,0,4.99,taxable,,Skincare,"LMX4 Lidocaine 4% w/w Cream 5g. Prescription-only medicine, supplied after an online consultation with our pharmacist. Always read the label and any leaflet supplied. If symptoms persist, speak to your pharmacist or doctor. Supplied as 5g.",P
simple,7702018467242,Gillette Blue 2 Plus Disposables 8 Pack,0,0,0,4.99,taxable,,General Health,Gillette Blue 2 Plus Disposables 8 Pack. A health and wellbeing product. Supplied as 8 Pack.,No regulation
simple,5060014446114,Hayleve Chlorphenamine Maleate 4mg 28 Tablets,0,0,0,4.99,taxable,,Prescription Medicines,"Hayleve Chlorphenamine Maleate 4mg 28 Tablets. Prescription-only medicine, supplied after an online consultation with our pharmacist. Always read the label and any leaflet supplied. If symptoms persist, speak to your pharmacist or doctor. Supplied as 28 Tablets.",P
simple,5000455019218,Emla Cream 5g & 2 Dressings,0,0,0,4.99,taxable,,First Aid,"Emla Cream 5g & 2 Dressings. Prescription-only medicine, supplied after an online consultation with our pharmacist. Always read the label and any leaflet supplied. If symptoms persist, speak to your pharmacist or doctor. Supplied as 5g.",P
simple,5036072001350,Histahive Fexofenadine 180mg 10 Tablets,0,0,0,4.99,taxable,,Prescription Medicines,"Histahive Fexofenadine 180mg 10 Tablets. Prescription-only medicine, supplied after an online consultation with our pharmacist. Always read the label and any leaflet supplied. If symptoms persist, speak to your pharmacist or doctor. Supplied as 10 Tablets.",P
simple,5038581159065,Yankee Candle Home Sunny Citrus Candle 200g,0,0,0,4.99,taxable,,Beauty,Yankee Candle Home Sunny Citrus Candle 200g. A health and beauty product. Supplied as 200g.,No regulation
simple,0022796976703,OGX Biotin Collagen Shampoo 385ml,0,0,0,4.99,taxable,,Hair Care,OGX Biotin Collagen Shampoo 385ml. A hair care product. Supplied as 385ml.,No regulation
simple,5034445003727,The Eye Doctor Junior Eye Lid Wipes 20,0,0,0,4.99,taxable,,Beauty,The Eye Doctor Junior Eye Lid Wipes 20. A health and beauty product.,No regulation
simple,5012616291784,Lactacyd Femina Daily Protective Wash 200ml,0,0,0,4.99,taxable,,Beauty,Lactacyd Femina Daily Protective Wash 200ml. A health and beauty product. Supplied as 200ml.,No regulation
simple,0022796976116,OGX Argan Oil of Morocco Shampoo 385ml,0,0,0,4.99,taxable,,Hair Care,OGX Argan Oil of Morocco Shampoo 385ml. A hair care product. Supplied as 385ml.,No regulation
simple,8720181208393,Lynx Epic Fresh Anti Perspirant Deo 200ml,0,0,0,4.99,taxable,,Beauty,Lynx Epic Fresh Anti Perspirant Deo 200ml. A health and beauty product. Supplied as 200ml.,No regulation
simple,5012583204954,Schwarzkopf Got2b Hairspray Phenomenal 200ml,0,0,0,4.99,taxable,,Hair Care,Schwarzkopf Got2b Hairspray Phenomenal 200ml. A hair care product. Supplied as 200ml.,No regulation
simple,5060519146229,Pukka Night Time Berry 20 Sachets,0,0,0,4.99,taxable,zero-rate,Vitamins,Pukka Night Time Berry 20 Sachets. A vitamins and supplements product. Supplied as 20 Sachets.,No regulation
simple,0850278004756,Bondi Sands Self Tanning Foam Dark 100ml,0,0,0,4.99,taxable,,Beauty,Bondi Sands Self Tanning Foam Dark 100ml. A health and beauty product. Supplied as 100ml.,No regulation
simple,5013457012934,Pfizer Sildenafil 100mg 4 Tablets,0,0,0,4.99,taxable,zero-rate,Sexual Wellness,"Pfizer Sildenafil 100mg 4 Tablets. Prescription-only medicine, supplied after an online consultation with our pharmacist. Always read the label and any leaflet supplied. If symptoms persist, speak to your pharmacist or doctor. Supplied as 4 Tablets.",P
simple,3574661321554,Aveeno Body Wash Vanilla & Oats 300ml,0,0,0,4.99,taxable,,Skincare,Aveeno Body Wash Vanilla & Oats 300ml. A skincare product. Supplied as 300ml.,No regulation
simple,5012583204398,Schwarzkopf Got2Be Phenomenal Moulding Paste 100ml,0,0,0,4.99,taxable,,Hair Care,Schwarzkopf Got2Be Phenomenal Moulding Paste 100ml. A hair care product. Supplied as 100ml.,No regulation
simple,4042762037159,Balneum Plus Cream 100g,0,0,0,4.99,taxable,,Skincare,Balneum Plus Cream 100g. A skincare product. Supplied as 100g.,GSL
simple,4770001004333,Ecodenta Certified Organic Whitening Toothpaste with Charcoal 75ml,0,0,0,4.99,taxable,,Oral Care,Ecodenta Certified Organic Whitening Toothpaste with Charcoal 75ml. An oral care product. Supplied as 75ml.,No regulation
simple,3616302748822,Max Factor Creme Puff Nouveau Beige 13 14g,0,0,0,4.99,taxable,,General Health,Max Factor Creme Puff Nouveau Beige 13 14g. A health and wellbeing product. Supplied as 14g.,No regulation
simple,5012583203797,Schwarzkopf Got2b 75ml Glued Spiking Wax,0,0,0,4.99,taxable,,Hair Care,Schwarzkopf Got2b 75ml Glued Spiking Wax. A hair care product. Supplied as 75ml.,No regulation
simple,5000347014437,Sensodyne Pronamel Multi-Action Toothpaste 75ml,0,0,0,4.99,taxable,,Oral Care,Sensodyne Pronamel Multi-Action Toothpaste 75ml. An oral care product. Supplied as 75ml.,No regulation
simple,3600521719596,L'Oréal Paris Triple Active Day Moisturiser - Normal to Combination Skin 50ml,0,0,0,4.99,taxable,,Skincare,L'Oréal Paris Triple Active Day Moisturiser - Normal to Combination Skin 50ml. A skincare product. Supplied as 50ml.,No regulation
simple,5708932006903,Compeed Hydro Cure System Small Blister 6 Pack,0,0,0,4.99,taxable,,First Aid,"Compeed Hydro Cure System Small Blister 6 Pack. Always read the label and any leaflet supplied. If symptoms persist, speak to your pharmacist or doctor. Supplied as 6 Pack.",No regulation
simple,7332531097901,Schwarzkopf Got2b Hairspray Happy Hour 300ml,0,0,0,4.99,taxable,,Hair Care,Schwarzkopf Got2b Hairspray Happy Hour 300ml. A hair care product. Supplied as 300ml.,No regulation
simple,0073930568964,Duo Brush on Striplash Adhesive Dark 5g,0,0,0,4.99,taxable,,General Health,Duo Brush on Striplash Adhesive Dark 5g. A health and wellbeing product. Supplied as 5g.,No regulation
simple,5055172212374,Sure Travel Flight Socks Large 1 Pair,0,0,0,4.99,taxable,,General Health,Sure Travel Flight Socks Large 1 Pair. A health and wellbeing product.,No regulation
simple,5060128984656,Dentemp Loose Cap & Lost Filling Repair 2.2g,0,0,0,4.99,taxable,,General Health,Dentemp Loose Cap & Lost Filling Repair 2.2g. A health and wellbeing product. Supplied as 2.2g.,No regulation
simple,5060216564944,"Haliborange Vitamins A, C & D Orange Chewable 60 Tablets",0,0,0,4.99,taxable,,Vitamins,"Haliborange Vitamins A, C & D Orange Chewable 60 Tablets. A vitamins and supplements product. Supplied as 60 Tablets.",No regulation
simple,5010605142642,Bepanthen Nappy Care Ointment 30g,0,0,0,4.99,taxable,,Baby & Child,Bepanthen Nappy Care Ointment 30g. A baby and child product. Supplied as 30g.,GSL
simple,5060375230124,Flarin Joint & Muscular Pain Relief 12 Pack,0,0,0,4.99,taxable,,Pain Relief,"Flarin Joint & Muscular Pain Relief 12 Pack. Always read the label and any leaflet supplied. If symptoms persist, speak to your pharmacist or doctor. Supplied as 12 Pack.",GSL
simple,4987072020760,Cura-Heat Neck Direct To Skin 3 Patches,0,0,0,4.99,taxable,,Skincare,Cura-Heat Neck Direct To Skin 3 Patches. A skincare product. Supplied as 3 Patches.,No regulation
simple,96060896,Schwarzkopf Got2b Oil-licious Styling Oil 50ml,0,0,0,4.99,taxable,,Hair Care,Schwarzkopf Got2b Oil-licious Styling Oil 50ml. A hair care product. Supplied as 50ml.,No regulation
simple,5000488109368,Bach Rescue Plus Vitamins Orange and Elderflower 10 Lozenges,0,0,0,4.99,taxable,,Cold & Flu,"Bach Rescue Plus Vitamins Orange and Elderflower 10 Lozenges. Always read the label and any leaflet supplied. If symptoms persist, speak to your pharmacist or doctor. Supplied as 10 Lozenges.",No regulation
simple,5029354010379,AloeDent Sensitive Aloe Vera Gel Toothpaste Fluoride Free 100ml,0,0,0,4.99,taxable,,Oral Care,AloeDent Sensitive Aloe Vera Gel Toothpaste Fluoride Free 100ml. An oral care product. Supplied as 100ml.,No regulation
simple,0708002404610,Faith In Nature Blue Cedar Shampoo 400ml,0,0,0,4.99,taxable,,Hair Care,Faith In Nature Blue Cedar Shampoo 400ml. A hair care product. Supplied as 400ml.,No regulation
simple,5011417583227,Nuromol 16 Pack,0,0,0,4.99,taxable,,General Health,Nuromol 16 Pack. A health and wellbeing product. Supplied as 16 Pack.,GSL
simple,0022796976017,OGX Brazilian Keratin Therapy Shampoo 385ml,0,0,0,4.99,taxable,,Hair Care,OGX Brazilian Keratin Therapy Shampoo 385ml. A hair care product. Supplied as 385ml.,No regulation
simple,5025903023067,Careway Tens Pads 4 Pack,0,0,0,4.99,taxable,,General Health,Careway Tens Pads 4 Pack. A health and wellbeing product. Supplied as 4 Pack.,No regulation
simple,4770001001400,Ecodenta Certified Organic Juicy Fruit Kids Toothpaste 75ml,0,0,0,4.99,taxable,,Oral Care,Ecodenta Certified Organic Juicy Fruit Kids Toothpaste 75ml. An oral care product. Supplied as 75ml.,No regulation
simple,5025135000973,Malibu Carotene Bronzing Butter SPF6 300ml,0,0,0,4.99,taxable,,Skincare,Malibu Carotene Bronzing Butter SPF6 300ml. A skincare product. Supplied as 300ml.,No regulation
simple,5017007022558,Acid Reflux Treatment - Lansoprazole 15mg GR 28 Capsules,0,0,0,4.99,taxable,zero-rate,Digestive,"Acid Reflux Treatment - Lansoprazole 15mg GR 28 Capsules. Prescription-only medicine, supplied after an online consultation with our pharmacist. Always read the label and any leaflet supplied. If symptoms persist, speak to your pharmacist or doctor. Supplied as 28 Capsules.",P
simple,0714924022894,Jamaican Mango & Lime Black Castor Oil 118ml,0,0,0,4.99,taxable,,Skincare,Jamaican Mango & Lime Black Castor Oil 118ml. A skincare product. Supplied as 118ml.,No regulation
simple,4013162019250,Fenjal Shower Mousse 200ml,0,0,0,4.99,taxable,,Hair Care,Fenjal Shower Mousse 200ml. A hair care product. Supplied as 200ml.,No regulation
simple,5037353000321,Skins Dots & Ribs Condoms 12 Pack,0,0,0,4.99,taxable,reduced-rate,Sexual Wellness,"Skins Dots & Ribs Condoms 12 Pack. Always read the label and any leaflet supplied. If symptoms persist, speak to your pharmacist or doctor. Supplied as 12 Pack.",No regulation
simple,5011309068719,Care+ Care Senna 12 Years Plus 7.5mg 100 Tablets,0,0,0,4.99,taxable,,Digestive,"Care+ Care Senna 12 Years Plus 7.5mg 100 Tablets. Prescription-only medicine, supplied after an online consultation with our pharmacist. Always read the label and any leaflet supplied. If symptoms persist, speak to your pharmacist or doctor. Supplied as 100 Tablets.",P
simple,0309974755641,Mitchum Woman Powder Fresh Stick Deodorant 41g,0,0,0,4.99,taxable,,Beauty,Mitchum Woman Powder Fresh Stick Deodorant 41g. A health and beauty product. Supplied as 41g.,No regulation
simple,5038581159133,Yankee Candle Home Inspiration Sweet Petals 200g,0,0,0,4.99,taxable,,Beauty,Yankee Candle Home Inspiration Sweet Petals 200g. A health and beauty product. Supplied as 200g.,No regulation
simple,5011501040513,Deep Heat Pain Relief Spray 150ml,0,0,0,4.99,taxable,,Pain Relief,"Deep Heat Pain Relief Spray 150ml. Always read the label and any leaflet supplied. If symptoms persist, speak to your pharmacist or doctor. Supplied as 150ml.",GSL
simple,5060447949015,Childs Farm 3 in 1 Swim Strawberry & Mint 250ml,0,0,0,4.99,taxable,,General Health,Childs Farm 3 in 1 Swim Strawberry & Mint 250ml. A health and wellbeing product. Supplied as 250ml.,No regulation
simple,5038581159140,Yankee Candle Home Tropical Candle 200g,0,0,0,4.99,taxable,,Beauty,Yankee Candle Home Tropical Candle 200g. A health and beauty product. Supplied as 200g.,No regulation
simple,8001841266930,Pantene Conditioner Sheer Volume 360ml,0,0,0,4.99,taxable,,Hair Care,Pantene Conditioner Sheer Volume 360ml. A hair care product. Supplied as 360ml.,No regulation
simple,5010605106026,Canesten Antifungal Cream 20g,0,0,0,4.99,taxable,,Women's Health,"Canesten Antifungal Cream 20g. Prescription-only medicine, supplied after an online consultation with our pharmacist. Always read the label and any leaflet supplied. If symptoms persist, speak to your pharmacist or doctor. Supplied as 20g.",P
simple,0010181035173,Palmer's Coconut Oil Formula Moisture Boost Shampoo 400ml,0,0,0,4.99,taxable,,Hair Care,Palmer's Coconut Oil Formula Moisture Boost Shampoo 400ml. A hair care product. Supplied as 400ml.,No regulation
simple,0850278004770,Bondi Sands Gradual Tanning Milk 100ml,0,0,0,4.99,taxable,,General Health,Bondi Sands Gradual Tanning Milk 100ml. A health and wellbeing product. Supplied as 100ml.,No regulation
simple,3600522634133,L'Oréal Men Expert Thermic Resist Anti-Perspirant 250ml,0,0,0,4.99,taxable,,Beauty,L'Oréal Men Expert Thermic Resist Anti-Perspirant 250ml. A health and beauty product. Supplied as 250ml.,No regulation
simple,3663555002621,Compeed High Heel Blister Plasters,0,0,0,4.99,taxable,,First Aid,"Compeed High Heel Blister Plasters. Always read the label and any leaflet supplied. If symptoms persist, speak to your pharmacist or doctor.",No regulation
simple,8720182782984,Lynx Duo Gift Set Black,0,0,0,4.99,taxable,,Beauty,Lynx Duo Gift Set Black. A health and beauty product.,No regulation
simple,5060395460006,Accrete D3 60 Film-Coated Tablets,0,0,0,4.99,taxable,,Prescription Medicines,"Accrete D3 60 Film-Coated Tablets. Prescription-only medicine, supplied after an online consultation with our pharmacist. Always read the label and any leaflet supplied. If symptoms persist, speak to your pharmacist or doctor. Supplied as 60 Film.",P
simple,5060704340326,Acala Konjac Sponge Pure Half Ball,0,0,0,4.99,taxable,,General Health,Acala Konjac Sponge Pure Half Ball. A health and wellbeing product.,No regulation
simple,5060035247691,CB12 Safe Breath Mint Menthol 250ml,0,0,0,4.99,taxable,,Vitamins,CB12 Safe Breath Mint Menthol 250ml. A vitamins and supplements product. Supplied as 250ml.,No regulation
simple,5029053583778,Huggies DryNites Pyjama Pants Girl 8-13 Years Nappies 9 Pack,0,0,0,4.99,taxable,zero-rate,Baby & Child,Huggies DryNites Pyjama Pants Girl 8-13 Years Nappies 9 Pack. A baby and child product. Supplied as 9 Pack.,No regulation
simple,8001841271880,Pantene Pro-V Shampoo Classic Clean 500ml,0,0,0,4.99,taxable,,Hair Care,Pantene Pro-V Shampoo Classic Clean 500ml. A hair care product. Supplied as 500ml.,No regulation
simple,3574660626094,Sudafed Congestion Relief Spray 10ml,0,0,0,4.99,taxable,,Cold & Flu,"Sudafed Congestion Relief Spray 10ml. Always read the label and any leaflet supplied. If symptoms persist, speak to your pharmacist or doctor. Supplied as 10ml.",GSL
simple,0708002401619,Faith In Nature Grapefruit & Orange Shampoo 400ml,0,0,0,4.99,taxable,,Hair Care,Faith In Nature Grapefruit & Orange Shampoo 400ml. A hair care product. Supplied as 400ml.,No regulation
simple,5037353001632,Skins Flavoured Condoms 12 Pack,0,0,0,4.99,taxable,reduced-rate,Sexual Wellness,"Skins Flavoured Condoms 12 Pack. Always read the label and any leaflet supplied. If symptoms persist, speak to your pharmacist or doctor. Supplied as 12 Pack.",No regulation
simple,5052197025989,Durex Thin Feel Condoms 6 Pack,0,0,0,4.99,taxable,reduced-rate,Sexual Wellness,"Durex Thin Feel Condoms 6 Pack. Always read the label and any leaflet supplied. If symptoms persist, speak to your pharmacist or doctor. Supplied as 6 Pack.",No regulation
simple,4770001002162,Ecodenta Organic Whitening Fluoride Toothpaste with Papaya 75ml,0,0,0,4.99,taxable,,Oral Care,Ecodenta Organic Whitening Fluoride Toothpaste with Papaya 75ml. An oral care product. Supplied as 75ml.,No regulation
simple,5022545077281,Bathtime Buddies Alphabet Set,0,0,0,4.99,taxable,,Beauty,Bathtime Buddies Alphabet Set. A health and beauty product.,No regulation
simple,5060010283980,Phorpain Gel Maximum Strength 10% 50g,0,0,0,4.99,taxable,,Prescription Medicines,"Phorpain Gel Maximum Strength 10% 50g. Prescription-only medicine, supplied after an online consultation with our pharmacist. Always read the label and any leaflet supplied. If symptoms persist, speak to your pharmacist or doctor. Supplied as 50g.",P
simple,8710522939253,Radox Restoring Bath Collection Gift Set,0,0,0,4.99,taxable,,Beauty,Radox Restoring Bath Collection Gift Set. A health and beauty product.,No regulation
simple,5010123731717,Calpol Six Plus Paracetamol Sachets 12 Pack,0,0,0,4.99,taxable,,Baby & Child,Calpol Six Plus Paracetamol Sachets 12 Pack. A baby and child product. Supplied as 12 Pack.,GSL
simple,5000158066656,Fybogel Hi-Fibre Lemon 10 Sachets,0,0,0,4.99,taxable,,Digestive,"Fybogel Hi-Fibre Lemon 10 Sachets. Always read the label and any leaflet supplied. If symptoms persist, speak to your pharmacist or doctor. Supplied as 10 Sachets.",GSL
simple,5015802267709,Wax Lyrical Reed Diffuser Aromatic Sandalwood 40ml,0,0,0,4.99,taxable,,Home & Household,Wax Lyrical Reed Diffuser Aromatic Sandalwood 40ml. A home and household product. Supplied as 40ml.,No regulation
simple,5065000523145,Pukka Three Ginger Tea 20 Sachets,0,0,0,4.99,taxable,zero-rate,Vitamins,Pukka Three Ginger Tea 20 Sachets. A vitamins and supplements product. Supplied as 20 Sachets.,No regulation
simple,3600522594017,L'Oréal Skin Perfection Micellar Water 200ml,0,0,0,4.99,taxable,,Skincare,L'Oréal Skin Perfection Micellar Water 200ml. A skincare product. Supplied as 200ml.,No regulation
simple,5055172201408,Sure Hot Water Bottle Faux Fur Cover,0,0,0,4.99,taxable,,General Health,Sure Hot Water Bottle Faux Fur Cover. A health and wellbeing product.,No regulation
simple,4770001007648,Ecodenta Certified Organic Whitening Toothpaste 75ml,0,0,0,4.99,taxable,,Oral Care,Ecodenta Certified Organic Whitening Toothpaste 75ml. An oral care product. Supplied as 75ml.,No regulation
simple,5017371151533,Calypso Deep Tanning Oil Spray SPF30 Monoi Tahiti 200ml,0,0,0,4.99,taxable,,Skincare,Calypso Deep Tanning Oil Spray SPF30 Monoi Tahiti 200ml. A skincare product. Supplied as 200ml.,No regulation
simple,0745114095664,GO2 Sleep Inhaler Stick 1ml,0,0,0,4.99,taxable,,General Health,GO2 Sleep Inhaler Stick 1ml. A health and wellbeing product. Supplied as 1ml.,No regulation
simple,5011501016075,Deep Freeze Glide On Gel 50g,0,0,0,4.99,taxable,,Pain Relief,"Deep Freeze Glide On Gel 50g. Always read the label and any leaflet supplied. If symptoms persist, speak to your pharmacist or doctor. Supplied as 50g.",No regulation
simple,5037353000352,Skins Ultra Thin Condoms 12 Pack,0,0,0,4.99,taxable,reduced-rate,Sexual Wellness,"Skins Ultra Thin Condoms 12 Pack. Always read the label and any leaflet supplied. If symptoms persist, speak to your pharmacist or doctor. Supplied as 12 Pack.",No regulation
simple,5708932006910,Compeed Blister Medium Plasters 5 Pack,0,0,0,4.99,taxable,,First Aid,"Compeed Blister Medium Plasters 5 Pack. Always read the label and any leaflet supplied. If symptoms persist, speak to your pharmacist or doctor. Supplied as 5 Pack.",No regulation
simple,5010934001764,Vagisil Ultra Fresh Intimate Powder 100g,0,0,0,4.99,taxable,,Sexual Wellness,"Vagisil Ultra Fresh Intimate Powder 100g. Always read the label and any leaflet supplied. If symptoms persist, speak to your pharmacist or doctor. Supplied as 100g.",No regulation
simple,3573994006312,Dexeryl Cream 250g,0,0,0,4.99,taxable,,Skincare,Dexeryl Cream 250g. A skincare product. Supplied as 250g.,No regulation
simple,5012583211587,Schwarzkopf Hairspray Ceramide 400ml,0,0,0,4.99,taxable,,Hair Care,Schwarzkopf Hairspray Ceramide 400ml. A hair care product. Supplied as 400ml.,No regulation
simple,5025970013305,Nivea Luxurious Lips Lip Balm 4 x 4.8g,0,0,0,4.99,taxable,,Skincare,Nivea Luxurious Lips Lip Balm 4 x 4.8g. A skincare product. Supplied as 4 x 4.8g.,No regulation
simple,8001090698384,Pampers Splashers Size 4-5 Nappies 11 Pack,0,0,0,4.99,taxable,zero-rate,Baby & Child,Pampers Splashers Size 4-5 Nappies 11 Pack. A baby and child product. Supplied as 11 Pack.,No regulation
simple,5060332534616,Lindens Health + Nutrition Red Clover 1000mg 90 Tablets,0,0,0,4.99,taxable,,Vitamins,Lindens Health + Nutrition Red Clover 1000mg 90 Tablets. A vitamins and supplements product. Supplied as 90 Tablets.,No regulation
simple,0017854117532,"Baylis & Harding Jojoba, Vanilla & Almond Oil Bath Salts",0,0,0,4.99,taxable,,Beauty,"Baylis & Harding Jojoba, Vanilla & Almond Oil Bath Salts. A health and beauty product.",No regulation
simple,3600541276451,Garnier Ambre Solaire Sensitive Face & Neck SPF50+ 50ml,0,0,0,4.99,taxable,,Skincare,Garnier Ambre Solaire Sensitive Face & Neck SPF50+ 50ml. A skincare product. Supplied as 50ml.,No regulation
simple,0708002407727,Faith In Nature Wild Rose Conditioner 400ml,0,0,0,4.99,taxable,,Hair Care,Faith In Nature Wild Rose Conditioner 400ml. A hair care product. Supplied as 400ml.,No regulation
simple,4013162035267,Fenjal Intensive Avocado Oil & Shea Butter Shower Mousse 200ml,0,0,0,4.99,taxable,,Hair Care,Fenjal Intensive Avocado Oil & Shea Butter Shower Mousse 200ml. A hair care product. Supplied as 200ml.,No regulation
simple,5011831097096,Mates King Size Condoms 14 Pack,0,0,0,4.99,taxable,reduced-rate,Sexual Wellness,"Mates King Size Condoms 14 Pack. Always read the label and any leaflet supplied. If symptoms persist, speak to your pharmacist or doctor. Supplied as 14 Pack.",No regulation
simple,5034445001792,The Body Doctor AB Mask,0,0,0,4.99,taxable,,Skincare,The Body Doctor AB Mask. A skincare product.,No regulation
simple,5000347037689,Corsodyl Alcohol Free Mouthwash Mint 300ml,0,0,0,4.99,taxable,,Oral Care,Corsodyl Alcohol Free Mouthwash Mint 300ml. An oral care product. Supplied as 300ml.,GSL
simple,3401560184365,Puressentiel Antibacterial Lotion Spray 80ml,0,0,0,4.99,taxable,,Skincare,Puressentiel Antibacterial Lotion Spray 80ml. A skincare product. Supplied as 80ml.,No regulation
simple,5000288309005,Scholl Verruca Removal Plaster 15 Pack,0,0,0,4.99,taxable,,Supports & Braces,Scholl Verruca Removal Plaster 15 Pack. A support and mobility product. Supplied as 15 Pack.,No regulation
simple,0010181034084,Palmer's Coconut Oil Formula Moisture Boost Conditioner 400ml,0,0,0,4.99,taxable,,Hair Care,Palmer's Coconut Oil Formula Moisture Boost Conditioner 400ml. A hair care product. Supplied as 400ml.,No regulation
simple,0708002401671,Faith In Nature Grapefruit & Orange Body Wash 400ml,0,0,0,4.99,taxable,,Beauty,Faith In Nature Grapefruit & Orange Body Wash 400ml. A health and beauty product. Supplied as 400ml.,No regulation
simple,5391513951756,Dioralyte Blackcurrant 6 Sachets,0,0,0,4.99,taxable,,Vitamins,Dioralyte Blackcurrant 6 Sachets. A vitamins and supplements product. Supplied as 6 Sachets.,GSL
simple,5029053583662,Huggies DryNites Pyjama Pants Teen Boy 13+ Years Nappies 9 Pack,0,0,0,4.99,taxable,zero-rate,Baby & Child,Huggies DryNites Pyjama Pants Teen Boy 13+ Years Nappies 9 Pack. A baby and child product. Supplied as 9 Pack.,No regulation
simple,5021769992318,Technic 12 Day Bath Fizzer Advent 645g,0,0,0,4.99,taxable,,Beauty,Technic 12 Day Bath Fizzer Advent 645g. A health and beauty product. Supplied as 645g.,No regulation
simple,5021265247172,Vitabiotics Ultra Vitamin C Fizz 20 Effervescent Tablets,0,0,0,4.99,taxable,,Vitamins,Vitabiotics Ultra Vitamin C Fizz 20 Effervescent Tablets. A vitamins and supplements product. Supplied as 20 Effervescent.,No regulation
simple,5010724512647,Nair Nourish 50ml Brush On Facial,0,0,0,4.99,taxable,,Skincare,Nair Nourish 50ml Brush On Facial. A skincare product. Supplied as 50ml.,No regulation
simple,5060218601401,Ever Ready Double Sided Foot Callus Rasp,0,0,0,4.99,taxable,,Skincare,Ever Ready Double Sided Foot Callus Rasp. A skincare product.,No regulation
simple,5038581071213,Yankee Candle Home Inspiration Set 4 Pack,0,0,0,4.99,taxable,,Beauty,Yankee Candle Home Inspiration Set 4 Pack. A health and beauty product. Supplied as 4 Pack.,No regulation
simple,5021769999065,Technic Super Star Makeup Collection,0,0,0,4.99,taxable,,Beauty,Technic Super Star Makeup Collection. A health and beauty product.,No regulation
simple,5099151007636,Colofac IBS 135mg 15 Tablets,0,0,0,4.99,taxable,,Digestive,"Colofac IBS 135mg 15 Tablets. Prescription-only medicine, supplied after an online consultation with our pharmacist. Always read the label and any leaflet supplied. If symptoms persist, speak to your pharmacist or doctor. Supplied as 15 Tablets.",P
simple,6936983119467,2San Vaginal pH Test,0,0,0,4.99,taxable,,Women's Health,2San Vaginal pH Test. A women's health product.,No regulation
simple,3600522107460,L'Oréal Men Expert Carbon Protect Anti-Perspirant 250ml,0,0,0,4.99,taxable,,Beauty,L'Oréal Men Expert Carbon Protect Anti-Perspirant 250ml. A health and beauty product. Supplied as 250ml.,No regulation
simple,0745114095633,GO2 Energy Inhaler Stick 1ml,0,0,0,4.99,taxable,,General Health,GO2 Energy Inhaler Stick 1ml. A health and wellbeing product. Supplied as 1ml.,No regulation
simple,8717644277904,Lynx Dark Temptation Dark Chocolate Deodorant Spray 150ml,0,0,0,4.99,taxable,,Beauty,Lynx Dark Temptation Dark Chocolate Deodorant Spray 150ml. A health and beauty product. Supplied as 150ml.,No regulation
simple,5028763015067,Wisdom Active Whitening Teeth Whitening Strips 14 Pack,0,0,0,4.99,taxable,,Oral Care,Wisdom Active Whitening Teeth Whitening Strips 14 Pack. An oral care product. Supplied as 14 Pack.,No regulation
simple,5025135111679,Malibu SPF12 Lotion 400ml,0,0,0,4.99,taxable,,Skincare,Malibu SPF12 Lotion 400ml. A skincare product. Supplied as 400ml.,No regulation
simple,7614700033010,Pernaton Warming Gel 50ml,0,0,0,4.99,taxable,,Skincare,Pernaton Warming Gel 50ml. A skincare product. Supplied as 50ml.,No regulation
simple,5038581065878,Yankee Candle Home Inspiration Cherry Vanilla 104g,0,0,0,4.99,taxable,,Beauty,Yankee Candle Home Inspiration Cherry Vanilla 104g. A health and beauty product. Supplied as 104g.,No regulation
simple,5029053583761,Huggies DryNites Pyjama Pants Boy 8-13 Years Nappies 9 Pack,0,0,0,4.99,taxable,zero-rate,Baby & Child,Huggies DryNites Pyjama Pants Boy 8-13 Years Nappies 9 Pack. A baby and child product. Supplied as 9 Pack.,No regulation
simple,3600524055332,L'Oréal Elvive Colour Protect Conditioner 200ml,0,0,0,4.99,taxable,,Hair Care,L'Oréal Elvive Colour Protect Conditioner 200ml. A hair care product. Supplied as 200ml.,No regulation
simple,5012008747103,Pro:Voke Touch Of Silver Go Icy Conditioner 150ml,0,0,0,4.99,taxable,,Hair Care,Pro:Voke Touch Of Silver Go Icy Conditioner 150ml. A hair care product. Supplied as 150ml.,No regulation
simple,5060332532230,Lindens Health + Nutrition Celery Seed 200mg 60 Capsules,0,0,0,4.99,taxable,,Vitamins,Lindens Health + Nutrition Celery Seed 200mg 60 Capsules. A vitamins and supplements product. Supplied as 60 Capsules.,No regulation
simple,0817513015465,Cantu Care for Kids Tear Free Nourishing Shampoo 237ml,0,0,0,4.99,taxable,,Hair Care,Cantu Care for Kids Tear Free Nourishing Shampoo 237ml. A hair care product. Supplied as 237ml.,No regulation
simple,4005900895417,Nivea Double Effect Eye Make-Up Remover 125ml,0,0,0,4.99,taxable,,Beauty,Nivea Double Effect Eye Make-Up Remover 125ml. A health and beauty product. Supplied as 125ml.,No regulation
simple,5037353004350,Skins Banana Condoms 12 Pack,0,0,0,4.99,taxable,reduced-rate,Sexual Wellness,"Skins Banana Condoms 12 Pack. Always read the label and any leaflet supplied. If symptoms persist, speak to your pharmacist or doctor. Supplied as 12 Pack.",No regulation
simple,0071409543252,Mane 'n Tail Deep Moisturising Conditioner 355ml,0,0,0,4.99,taxable,,Hair Care,Mane 'n Tail Deep Moisturising Conditioner 355ml. A hair care product. Supplied as 355ml.,No regulation
simple,3600523581818,L'Oréal Men Expert Stress Resist Anti-Perspirant Deodorant 150ml,0,0,0,4.99,taxable,,Beauty,L'Oréal Men Expert Stress Resist Anti-Perspirant Deodorant 150ml. A health and beauty product. Supplied as 150ml.,No regulation
simple,5060229012272,Pukka Womankind Tea 20 Sachets,0,0,0,4.99,taxable,zero-rate,Vitamins,Pukka Womankind Tea 20 Sachets. A vitamins and supplements product. Supplied as 20 Sachets.,No regulation
simple,0817513015427,Cantu Shea Butter Care for Kids Leave-In Conditioner 283g,0,0,0,4.99,taxable,,Hair Care,Cantu Shea Butter Care for Kids Leave-In Conditioner 283g. A hair care product. Supplied as 283g.,No regulation
simple,5060332534760,Lindens Health + Nutrition Lecithin 1200mg 90 Capsules,0,0,0,4.99,taxable,,Vitamins,Lindens Health + Nutrition Lecithin 1200mg 90 Capsules. A vitamins and supplements product. Supplied as 90 Capsules.,No regulation
simple,5055172201392,Sure Hot Water Bottle Ribbed Rubber,0,0,0,4.99,taxable,,General Health,Sure Hot Water Bottle Ribbed Rubber. A health and wellbeing product.,No regulation
simple,0017854118607,Baylis & Harding Football Penalty Shoot Out Bath Bubbles,0,0,0,4.99,taxable,,Beauty,Baylis & Harding Football Penalty Shoot Out Bath Bubbles. A health and beauty product.,No regulation
simple,5011309019117,Covonia Chesty Cough Mixture Mentholated 150ml,0,0,0,4.99,taxable,,Cold & Flu,"Covonia Chesty Cough Mixture Mentholated 150ml. Always read the label and any leaflet supplied. If symptoms persist, speak to your pharmacist or doctor. Supplied as 150ml.",GSL
simple,5038581065885,Yankee Candle Home Inspiration Cosy Up Small Jar 104g,0,0,0,4.99,taxable,,Beauty,Yankee Candle Home Inspiration Cosy Up Small Jar 104g. A health and beauty product. Supplied as 104g.,No regulation
simple,0708002406119,Faith In Nature Blueberry Shampoo 400ml,0,0,0,4.99,taxable,,Hair Care,Faith In Nature Blueberry Shampoo 400ml. A hair care product. Supplied as 400ml.,No regulation
simple,5025135113376,Malibu Lotion SPF50 200ml,0,0,0,4.99,taxable,,Skincare,Malibu Lotion SPF50 200ml. A skincare product. Supplied as 200ml.,No regulation
simple,5054563076281,Piriton Allergy 30 Tablets,0,0,0,4.99,taxable,,Prescription Medicines,"Piriton Allergy 30 Tablets. Prescription-only medicine, supplied after an online consultation with our pharmacist. Always read the label and any leaflet supplied. If symptoms persist, speak to your pharmacist or doctor. Supplied as 30 Tablets.",P
simple,8809844993118,Dr.Jart+ Ceramidin Skin Barrier Moisturising Mask 22g,0,0,0,4.99,taxable,,Skincare,Dr.Jart+ Ceramidin Skin Barrier Moisturising Mask 22g. A skincare product. Supplied as 22g.,No regulation
simple,5000158104334,Nurofen Day & Night Cold & Flu 200mg/5 mg 16 Tablets,0,0,0,4.99,taxable,,Cold & Flu,"Nurofen Day & Night Cold & Flu 200mg/5 mg 16 Tablets. Always read the label and any leaflet supplied. If symptoms persist, speak to your pharmacist or doctor. Supplied as 16 Tablets.",GSL
simple,8710522938287,Dove Men Daily Care Duo Gift Set,0,0,0,4.99,taxable,,Beauty,Dove Men Daily Care Duo Gift Set. A health and beauty product.,No regulation
simple,5017123171987,Allerief 2mg/5ml Oral Solution 150ml,0,0,0,4.99,taxable,,Prescription Medicines,"Allerief 2mg/5ml Oral Solution 150ml. Prescription-only medicine, supplied after an online consultation with our pharmacist. Always read the label and any leaflet supplied. If symptoms persist, speak to your pharmacist or doctor. Supplied as 150ml.",P
simple,5021769917045,Technic Man'Stuff Closer Shave Trio Gift Set,0,0,0,4.99,taxable,,Men's Grooming,Technic Man'Stuff Closer Shave Trio Gift Set. A men's grooming product.,No regulation
simple,5060025370033,Orajel Extra Strength Dental Gel 5.3g,0,0,0,4.99,taxable,,Oral Care,"Orajel Extra Strength Dental Gel 5.3g. Prescription-only medicine, supplied after an online consultation with our pharmacist. Always read the label and any leaflet supplied. If symptoms persist, speak to your pharmacist or doctor. Supplied as 5.3g.",P
simple,0010181040313,Palmer's Cocoa Butter Formula Massage Lotion for Stretch Marks 250ml,0,0,0,4.99,taxable,,Skincare,Palmer's Cocoa Butter Formula Massage Lotion for Stretch Marks 250ml. A skincare product. Supplied as 250ml.,No regulation
simple,5025135000959,Malibu Carotene Bronzing Butter SPF4 300ml,0,0,0,4.99,taxable,,Skincare,Malibu Carotene Bronzing Butter SPF4 300ml. A skincare product. Supplied as 300ml.,No regulation
simple,5025135121081,Malibu 2x100ml SPF50 Lotion & After Sun,0,0,0,4.99,taxable,,Skincare,Malibu 2x100ml SPF50 Lotion & After Sun. A skincare product. Supplied as 2x100ml.,No regulation
simple,5029053583679,Huggies DryNites Pyjama Pants Teen Girl 13+ Years Nappies 9 Pack,0,0,0,4.99,taxable,zero-rate,Baby & Child,Huggies DryNites Pyjama Pants Teen Girl 13+ Years Nappies 9 Pack. A baby and child product. Supplied as 9 Pack.,No regulation
simple,5037353000512,Skins Extra Large Condoms 12 Pack,0,0,0,4.99,taxable,reduced-rate,Sexual Wellness,"Skins Extra Large Condoms 12 Pack. Always read the label and any leaflet supplied. If symptoms persist, speak to your pharmacist or doctor. Supplied as 12 Pack.",No regulation
simple,0708002400322,Faith In Nature Coconut Conditioner 400ml,0,0,0,4.99,taxable,,Hair Care,Faith In Nature Coconut Conditioner 400ml. A hair care product. Supplied as 400ml.,No regulation
simple,3614228130448,Opi Infinite Shine 2.0 Nail Polish Boys Be Thistle-Ing At Me 15ml,0,0,0,4.99,taxable,,Beauty,Opi Infinite Shine 2.0 Nail Polish Boys Be Thistle-Ing At Me 15ml. A health and beauty product. Supplied as 15ml.,No regulation
simple,8716900572432,Fortini 1.0 Multi Fibre Banana 200ml,0,0,0,4.99,taxable,zero-rate,General Health,Fortini 1.0 Multi Fibre Banana 200ml. A health and wellbeing product. Supplied as 200ml.,No regulation
simple,5099151015297,Duphalac Lactulose Oral Solution 500ml,0,0,0,4.99,taxable,,Prescription Medicines,"Duphalac Lactulose Oral Solution 500ml. Prescription-only medicine, supplied after an online consultation with our pharmacist. Always read the label and any leaflet supplied. If symptoms persist, speak to your pharmacist or doctor. Supplied as 500ml.",P
simple,5060519143235,Pukka Cacao Maca Magic Latte 90g,0,0,0,4.99,taxable,,Vitamins,Pukka Cacao Maca Magic Latte 90g. A vitamins and supplements product. Supplied as 90g.,No regulation
simple,5029354000271,Aloe Pura Aloe Vera Gel 200ml,0,0,0,4.99,taxable,,Skincare,Aloe Pura Aloe Vera Gel 200ml. A skincare product. Supplied as 200ml.,No regulation
simple,5012617001658,Accord Paracetamol 500mg 24 Effervescent Tablets,0,0,0,4.99,taxable,,Pain Relief,"Accord Paracetamol 500mg 24 Effervescent Tablets. Always read the label and any leaflet supplied. If symptoms persist, speak to your pharmacist or doctor. Supplied as 24 Effervescent.",GSL
simple,5060342241221,GlucoRx Insulin Pen Needles 31G 6mm 100 Pack,0,0,0,4.99,taxable,,Testing & Monitoring,"GlucoRx Insulin Pen Needles 31G 6mm 100 Pack. Always read the label and any leaflet supplied. If symptoms persist, speak to your pharmacist or doctor. Supplied as 100 Pack.",No regulation
simple,0047701500026,DenTek Temparin Max Tooth Repair Kit,0,0,0,4.99,taxable,,General Health,DenTek Temparin Max Tooth Repair Kit. A health and wellbeing product.,No regulation
simple,5012654203480,Belladonna Plaster Pain Relief Small 2 Pack,0,0,0,4.99,taxable,,Pain Relief,"Belladonna Plaster Pain Relief Small 2 Pack. Prescription-only medicine, supplied after an online consultation with our pharmacist. Always read the label and any leaflet supplied. If symptoms persist, speak to your pharmacist or doctor. Supplied as 2 Pack.",P
simple,5011451103863,Simple Kind To Skin Refreshing Facial Gel Wash 150ml,0,0,0,4.99,taxable,,Skincare,Simple Kind To Skin Refreshing Facial Gel Wash 150ml. A skincare product. Supplied as 150ml.,No regulation
simple,5000283661900,Dulcolax Twelve Plus 5mg Gastro-Resistant Bisacodyl 40 Tablets,0,0,0,4.99,taxable,,Digestive,"Dulcolax Twelve Plus 5mg Gastro-Resistant Bisacodyl 40 Tablets. Prescription-only medicine, supplied after an online consultation with our pharmacist. Always read the label and any leaflet supplied. If symptoms persist, speak to your pharmacist or doctor. Supplied as 40 Tablets.",P
simple,5060216564838,Haliborange Kids Orange Multivitamin 30 Fruit Softies,0,0,0,4.99,taxable,,Vitamins,Haliborange Kids Orange Multivitamin 30 Fruit Softies. A vitamins and supplements product.,No regulation
simple,5060455143214,Brushworks Professional Blow Dry Hair Brush,0,0,0,4.99,taxable,,Hair Care,Brushworks Professional Blow Dry Hair Brush. A hair care product.,No regulation
simple,5010123719982,Calpol Sugar Free Infant Suspension Strawberry 12 Sachets,0,0,0,4.99,taxable,,Baby & Child,Calpol Sugar Free Infant Suspension Strawberry 12 Sachets. A baby and child product. Supplied as 12 Sachets.,GSL
simple,5027097050003,Tyrozets 24 Lozenges,0,0,0,4.99,taxable,,Cold & Flu,"Tyrozets 24 Lozenges. Prescription-only medicine, supplied after an online consultation with our pharmacist. Always read the label and any leaflet supplied. If symptoms persist, speak to your pharmacist or doctor. Supplied as 24 Lozenges.",P
simple,0615908432459,TIgi Bed Head Conditioner Colour Goddess 600ml,0,0,0,4.99,taxable,,Hair Care,TIgi Bed Head Conditioner Colour Goddess 600ml. A hair care product. Supplied as 600ml.,No regulation
simple,5060209732435,Epimax Isomol Gel 500g,0,0,0,4.99,taxable,,Skincare,Epimax Isomol Gel 500g. A skincare product. Supplied as 500g.,No regulation
simple,5060332532018,Lindens Health + Nutrition Dandelion 250mg 60 Capsules,0,0,0,4.99,taxable,,Vitamins,Lindens Health + Nutrition Dandelion 250mg 60 Capsules. A vitamins and supplements product. Supplied as 60 Capsules.,No regulation
simple,5000283661979,Dulcolax Adult Pico Liquid Sugar-Free 100ml,0,0,0,4.99,taxable,,Digestive,"Dulcolax Adult Pico Liquid Sugar-Free 100ml. Always read the label and any leaflet supplied. If symptoms persist, speak to your pharmacist or doctor. Supplied as 100ml.",GSL
simple,7350075692734,The Humble Co. Dental Floss Picks 50 Pack,0,0,0,4.99,taxable,,Oral Care,The Humble Co. Dental Floss Picks 50 Pack. An oral care product. Supplied as 50 Pack.,No regulation
simple,3574660520101,Listerine Total Care 1l,0,0,0,4.99,taxable,,Oral Care,Listerine Total Care 1l. An oral care product. Supplied as 1l.,No regulation
simple,5060229014436,Pukka Clean Matcha Green Tea 20 Sachets,0,0,0,4.99,taxable,zero-rate,Vitamins,Pukka Clean Matcha Green Tea 20 Sachets. A vitamins and supplements product. Supplied as 20 Sachets.,No regulation
simple,5052197013405,Scholl Fresh Step Shoe Spray 150ml,0,0,0,4.99,taxable,,Supports & Braces,Scholl Fresh Step Shoe Spray 150ml. A support and mobility product. Supplied as 150ml.,No regulation
simple,5025970010649,Nivea Hydrate & Go Set 4Pc,0,0,0,4.99,taxable,,General Health,Nivea Hydrate & Go Set 4Pc. A health and wellbeing product.,No regulation
simple,5038581159072,Yankee Candle Home Inspiration Cherry Berry 200g,0,0,0,4.99,taxable,,Beauty,Yankee Candle Home Inspiration Cherry Berry 200g. A health and beauty product. Supplied as 200g.,No regulation
simple,0708002407772,Faith In Nature Wild Rose Body Wash 400ml,0,0,0,4.99,taxable,,Beauty,Faith In Nature Wild Rose Body Wash 400ml. A health and beauty product. Supplied as 400ml.,No regulation
simple,3574661648804,Calpol Six Plus Years Fastmelts Strawberry 12 Tablets,0,0,0,4.99,taxable,,Baby & Child,Calpol Six Plus Years Fastmelts Strawberry 12 Tablets. A baby and child product. Supplied as 12 Tablets.,GSL
simple,7332343000632,Stericlens Sterile Saline Spray 100ml,0,0,0,4.99,taxable,,First Aid,"Stericlens Sterile Saline Spray 100ml. Always read the label and any leaflet supplied. If symptoms persist, speak to your pharmacist or doctor. Supplied as 100ml.",No regulation
simple,0708002403415,Faith In Nature Chamomile Dog Shampoo 400ml,0,0,0,4.99,taxable,,Pet Care,Faith In Nature Chamomile Dog Shampoo 400ml. A pet care product. Supplied as 400ml.,No regulation
simple,5012583210900,got2b Glued 4 Brows & Edges 2in1 Gel 16ml,0,0,0,4.99,taxable,,Skincare,got2b Glued 4 Brows & Edges 2in1 Gel 16ml. A skincare product. Supplied as 16ml.,No regulation
simple,5017353505309,Nicotine Replace Lozenges 4mg 36 Pack,0,0,0,4.99,taxable,reduced-rate,Stop Smoking,Nicotine Replace Lozenges 4mg 36 Pack. A stop-smoking product. Supplied as 36 Pack.,GSL
simple,0856175002024,Fake Bake Beyond Bronze Instant Tan Shimmer Light 125ml,0,0,0,4.99,taxable,,General Health,Fake Bake Beyond Bronze Instant Tan Shimmer Light 125ml. A health and wellbeing product. Supplied as 125ml.,No regulation
simple,5010527371304,Olay Classic Beauty Fluid Regular 100ml,0,0,0,4.99,taxable,,General Health,Olay Classic Beauty Fluid Regular 100ml. A health and wellbeing product. Supplied as 100ml.,No regulation
simple,50884506,Max Factor Pan Stik Olive 30,0,0,0,4.99,taxable,,General Health,Max Factor Pan Stik Olive 30. A health and wellbeing product.,No regulation
simple,5021265220403,Vitabiotics Osteocare Chewable 30 Tablets,0,0,0,4.99,taxable,,Vitamins,Vitabiotics Osteocare Chewable 30 Tablets. A vitamins and supplements product. Supplied as 30 Tablets.,No regulation
simple,0708002400117,Faith In Nature Rosemary Shampoo 400ml,0,0,0,4.99,taxable,,Hair Care,Faith In Nature Rosemary Shampoo 400ml. A hair care product. Supplied as 400ml.,No regulation
simple,8901175018925,Milpharm Sildenafil 100mg 4 Tablets,0,0,0,4.99,taxable,zero-rate,Sexual Wellness,"Milpharm Sildenafil 100mg 4 Tablets. Prescription-only medicine, supplied after an online consultation with our pharmacist. Always read the label and any leaflet supplied. If symptoms persist, speak to your pharmacist or doctor. Supplied as 4 Tablets.",P
simple,5000158063938,Lemsip Max Cold & Flu Lemon 10 Sachets,0,0,0,4.99,taxable,,Cold & Flu,"Lemsip Max Cold & Flu Lemon 10 Sachets. Always read the label and any leaflet supplied. If symptoms persist, speak to your pharmacist or doctor. Supplied as 10 Sachets.",GSL
simple,5021265249282,Vitabiotics Osteocare Original 30 Tablets,0,0,0,4.99,taxable,,Vitamins,Vitabiotics Osteocare Original 30 Tablets. A vitamins and supplements product. Supplied as 30 Tablets.,No regulation
simple,5000347034091,Sensodyne Pronamel Gentle Whitening Toothpaste 75ml,0,0,0,4.99,taxable,,Oral Care,Sensodyne Pronamel Gentle Whitening Toothpaste 75ml. An oral care product. Supplied as 75ml.,No regulation
simple,5060057402894,Almus Lactulose Oral Solution 500ml,0,0,0,4.99,taxable,,Prescription Medicines,"Almus Lactulose Oral Solution 500ml. Prescription-only medicine, supplied after an online consultation with our pharmacist. Always read the label and any leaflet supplied. If symptoms persist, speak to your pharmacist or doctor. Supplied as 500ml.",P
simple,5027097372426,Daktarin 2% Miconazole Nitrate Cream 15g,0,0,0,4.99,taxable,,Skincare,"Daktarin 2% Miconazole Nitrate Cream 15g. Prescription-only medicine, supplied after an online consultation with our pharmacist. Always read the label and any leaflet supplied. If symptoms persist, speak to your pharmacist or doctor. Supplied as 15g.",P
simple,0745114095688,GO2 Focus Inhaler Stick 1ml,0,0,0,4.99,taxable,,General Health,GO2 Focus Inhaler Stick 1ml. A health and wellbeing product. Supplied as 1ml.,No regulation
simple,8720181192067,Lynx Epic Fresh Body Spray 200ml,0,0,0,4.99,taxable,,Beauty,Lynx Epic Fresh Body Spray 200ml. A health and beauty product. Supplied as 200ml.,No regulation
simple,5060040641941,Barber Pro Face Putty Pouch 7ml 3 Pack,0,0,0,4.99,taxable,,Skincare,Barber Pro Face Putty Pouch 7ml 3 Pack. A skincare product. Supplied as 3 Pack.,No regulation
simple,0817513015472,Cantu Care for Kids Nourishing Conditioner 237ml,0,0,0,4.99,taxable,,Hair Care,Cantu Care for Kids Nourishing Conditioner 237ml. A hair care product. Supplied as 237ml.,No regulation
simple,50158225,Dettol Liquid Chloroxylenol 4.8% w/v 750ml,0,0,0,4.99,taxable,,General Health,Dettol Liquid Chloroxylenol 4.8% w/v 750ml. A health and wellbeing product. Supplied as 750ml.,No regulation
simple,3616302748754,Max Factor Creme Puff Candle Glow 55 14g,0,0,0,4.99,taxable,,Beauty,Max Factor Creme Puff Candle Glow 55 14g. A health and beauty product. Supplied as 14g.,No regulation
simple,0615908432268,Tigi Bed Head Shampoo Serial Blonde 600ml,0,0,0,4.99,taxable,,Hair Care,Tigi Bed Head Shampoo Serial Blonde 600ml. A hair care product. Supplied as 600ml.,No regulation
simple,5000476010447,Johnson's Veterinary Calm-eze 36 Tablets,0,0,0,4.99,taxable,,Vitamins,Johnson's Veterinary Calm-eze 36 Tablets. A vitamins and supplements product. Supplied as 36 Tablets.,No regulation
simple,8801619051856,St. Ives Hydrating Daily Facial Cleanser Watermelon 200ml,0,0,0,4.99,taxable,,Skincare,St. Ives Hydrating Daily Facial Cleanser Watermelon 200ml. A skincare product. Supplied as 200ml.,No regulation
simple,5000167009156,Dequadin 40 Lozenges,0,0,0,4.99,taxable,,Cold & Flu,"Dequadin 40 Lozenges. Prescription-only medicine, supplied after an online consultation with our pharmacist. Always read the label and any leaflet supplied. If symptoms persist, speak to your pharmacist or doctor. Supplied as 40 Lozenges.",P
simple,5060391844213,Dr. Organic Charcoal Toothpaste 100ml,0,0,0,4.99,taxable,,Oral Care,Dr. Organic Charcoal Toothpaste 100ml. An oral care product. Supplied as 100ml.,No regulation
simple,5012509978280,Woodward's Gripe Water 150ml,0,0,0,4.99,taxable,,General Health,Woodward's Gripe Water 150ml. A health and wellbeing product. Supplied as 150ml.,GSL
simple,5011309899917,Acriflex Cooling Burns Gel 30g,0,0,0,4.99,taxable,,Skincare,Acriflex Cooling Burns Gel 30g. A skincare product. Supplied as 30g.,No regulation
simple,8720182782960,Lynx Africa Duo Gift Set,0,0,0,4.99,taxable,,Beauty,Lynx Africa Duo Gift Set. A health and beauty product.,No regulation
simple,5034445001808,The Body Doctor AB Mask Filters 5 Pack,0,0,0,4.99,taxable,,Skincare,The Body Doctor AB Mask Filters 5 Pack. A skincare product. Supplied as 5 Pack.,No regulation
simple,3616302748747,Max Factor Creme Puff Tempting Touch 53 14g,0,0,0,4.99,taxable,,General Health,Max Factor Creme Puff Tempting Touch 53 14g. A health and wellbeing product. Supplied as 14g.,No regulation
simple,5060546081029,&SISTERS Remüvie Intimate Stain Remover Plant-Based,0,0,0,4.99,taxable,zero-rate,Sexual Wellness,"&SISTERS Remüvie Intimate Stain Remover Plant-Based. Always read the label and any leaflet supplied. If symptoms persist, speak to your pharmacist or doctor.",No regulation
simple,5015802221251,Wax Lyrical Reed Diffuser 40ml Mediterranean Orange,0,0,0,4.99,taxable,,Home & Household,Wax Lyrical Reed Diffuser 40ml Mediterranean Orange. A home and household product. Supplied as 40ml.,No regulation
simple,5060704340180,Acala Cucumber Aloe & Lime Soap 100g,0,0,0,4.99,taxable,,Beauty,Acala Cucumber Aloe & Lime Soap 100g. A health and beauty product. Supplied as 100g.,No regulation
simple,5019301999529,Barry M Nail Polish Set,0,0,0,4.99,taxable,,Beauty,Barry M Nail Polish Set. A health and beauty product.,No regulation
simple,0071409543214,Mane 'n Tail Original Shampoo 355ml,0,0,0,4.99,taxable,,Hair Care,Mane 'n Tail Original Shampoo 355ml. A hair care product. Supplied as 355ml.,No regulation
simple,5060704340296,Acala Copper Tongue Scraper,0,0,0,4.99,taxable,,Oral Care,Acala Copper Tongue Scraper. An oral care product.,No regulation
simple,8801619051849,St. Ives Glowing Daily Facial Cleanser Apricot 200ml,0,0,0,4.99,taxable,,Skincare,St. Ives Glowing Daily Facial Cleanser Apricot 200ml. A skincare product. Supplied as 200ml.,No regulation
simple,5011309451214,Covonia Medicated Lozenges Sugar Free 36 Pack,0,0,0,4.99,taxable,,Cold & Flu,"Covonia Medicated Lozenges Sugar Free 36 Pack. Prescription-only medicine, supplied after an online consultation with our pharmacist. Always read the label and any leaflet supplied. If symptoms persist, speak to your pharmacist or doctor. Supplied as 36 Pack.",P
simple,5060229012005,Pukka Supreme Matcha Green 20 Tea Bags,0,0,0,4.99,taxable,zero-rate,Vitamins,Pukka Supreme Matcha Green 20 Tea Bags. A vitamins and supplements product.,No regulation
simple,5410076390717,Aussie Aussome Volume Shampoo 300ml,0,0,0,4.99,taxable,,Hair Care,Aussie Aussome Volume Shampoo 300ml. A hair care product. Supplied as 300ml.,No regulation
simple,5011417591260,Optrex Dazzling Eye Drops 10ml,0,0,0,4.99,taxable,,Eye Care,"Optrex Dazzling Eye Drops 10ml. Always read the label and any leaflet supplied. If symptoms persist, speak to your pharmacist or doctor. Supplied as 10ml.",No regulation
simple,0787211000257,Badedas Bath Gelee Essence Original 300ml,0,0,0,4.99,taxable,,Beauty,Badedas Bath Gelee Essence Original 300ml. A health and beauty product. Supplied as 300ml.,No regulation
simple,5012008729109,Pro:Voke Touch Of Silver Cool It Blue Conditioner 200ml,0,0,0,4.99,taxable,,Hair Care,Pro:Voke Touch Of Silver Cool It Blue Conditioner 200ml. A hair care product. Supplied as 200ml.,No regulation
simple,5055565706473,Accord Sildenafil 100mg 4 Tablets,0,0,0,4.99,taxable,zero-rate,Sexual Wellness,"Accord Sildenafil 100mg 4 Tablets. Prescription-only medicine, supplied after an online consultation with our pharmacist. Always read the label and any leaflet supplied. If symptoms persist, speak to your pharmacist or doctor. Supplied as 4 Tablets.",P
simple,0708002405327,Faith In Nature Avocado Conditioner 400ml,0,0,0,4.99,taxable,,Hair Care,Faith In Nature Avocado Conditioner 400ml. A hair care product. Supplied as 400ml.,No regulation
simple,0745114095640,GO2 B.Calm Inhaler Stick 1ml,0,0,0,4.99,taxable,,General Health,GO2 B.Calm Inhaler Stick 1ml. A health and wellbeing product. Supplied as 1ml.,No regulation
simple,0010181025433,Palmer's Olive Oil Formula Smoothing Shampoo 400ml,0,0,0,4.99,taxable,,Hair Care,Palmer's Olive Oil Formula Smoothing Shampoo 400ml. A hair care product. Supplied as 400ml.,No regulation
simple,0079400204424,Toni & Guy Damage Repair Conditioner 250ml,0,0,0,4.99,taxable,,Hair Care,Toni & Guy Damage Repair Conditioner 250ml. A hair care product. Supplied as 250ml.,No regulation
simple,3600524055349,L'Oréal Elvive Dream Lengths Conditioner 200ml,0,0,0,4.99,taxable,,Hair Care,L'Oréal Elvive Dream Lengths Conditioner 200ml. A hair care product. Supplied as 200ml.,No regulation
simple,0000009442917,Opi Infinite Shine 2.0 Nail Polish Got Myself Into A Jambalaya 15ml,0,0,0,4.99,taxable,,Beauty,Opi Infinite Shine 2.0 Nail Polish Got Myself Into A Jambalaya 15ml. A health and beauty product. Supplied as 15ml.,No regulation
simple,5391531562767,Spotlight Oral Care Floss Picks for Whitening Teeth 50 Pack,0,0,0,4.99,taxable,,Oral Care,Spotlight Oral Care Floss Picks for Whitening Teeth 50 Pack. An oral care product. Supplied as 50 Pack.,No regulation
simple,5054563129826,Centrum Advance Adults Multivitamin 30 Tablets,0,0,0,4.99,taxable,,Vitamins,Centrum Advance Adults Multivitamin 30 Tablets. A vitamins and supplements product. Supplied as 30 Tablets.,No regulation
simple,5012583201885,Schwarzkopf Got2Be Guardian Angel Heat Protection Spray 200ml,0,0,0,4.99,taxable,,Hair Care,Schwarzkopf Got2Be Guardian Angel Heat Protection Spray 200ml. A hair care product. Supplied as 200ml.,No regulation
simple,0017854047570,Baylis & Harding Black Pepper & Ginseng Twin Bottle Gift Set,0,0,0,4.99,taxable,,Beauty,Baylis & Harding Black Pepper & Ginseng Twin Bottle Gift Set. A health and beauty product.,No regulation
simple,5011309400519,Care Epsom Salts 300g,0,0,0,4.99,taxable,,General Health,Care Epsom Salts 300g. A health and wellbeing product. Supplied as 300g.,GSL
simple,96190968,Eurax HC Cream 15g,0,0,0,4.99,taxable,,Skincare,"Eurax HC Cream 15g. Prescription-only medicine, supplied after an online consultation with our pharmacist. Always read the label and any leaflet supplied. If symptoms persist, speak to your pharmacist or doctor. Supplied as 15g.",P
simple,5025135121043,Malibu Kids Continuous Spray SPF30 175ml,0,0,0,4.99,taxable,,Skincare,Malibu Kids Continuous Spray SPF30 175ml. A skincare product. Supplied as 175ml.,No regulation
simple,8710908371509,Simple Kind To Skin Micellar Water 400ml,0,0,0,4.99,taxable,,Skincare,Simple Kind To Skin Micellar Water 400ml. A skincare product. Supplied as 400ml.,No regulation
simple,5060332534692,Lindens Health + Nutrition Devils Claw Formula 90 Tablets,0,0,0,4.99,taxable,,Vitamins,Lindens Health + Nutrition Devils Claw Formula 90 Tablets. A vitamins and supplements product. Supplied as 90 Tablets.,No regulation
simple,3361370717170,Milton 12 Antibacterial Laundry Tablets,0,0,0,4.99,taxable,,Home & Household,Milton 12 Antibacterial Laundry Tablets. A home and household product.,No regulation
simple,5011309672510,Savlon Antiseptic Cream 100g,0,0,0,4.99,taxable,,First Aid,"Savlon Antiseptic Cream 100g. Always read the label and any leaflet supplied. If symptoms persist, speak to your pharmacist or doctor. Supplied as 100g.",GSL
simple,3600523707997,L'Oreal Men Expert Pure Charcoal Purifying Face Wash 100ml,0,0,0,4.99,taxable,,Skincare,L'Oreal Men Expert Pure Charcoal Purifying Face Wash 100ml. A skincare product. Supplied as 100ml.,No regulation
simple,8006540109328,Aussie Mega Conditioner 200ml,0,0,0,4.99,taxable,,Hair Care,Aussie Mega Conditioner 200ml. A hair care product. Supplied as 200ml.,No regulation
simple,3600522083269,L'Oréal Paris Triple Active Night Cream 50ml,0,0,0,4.99,taxable,,Skincare,L'Oréal Paris Triple Active Night Cream 50ml. A skincare product. Supplied as 50ml.,No regulation
simple,8809598452442,COSRX Advanced Snail Mucin Power Essence Sheet Mask,0,0,0,4.99,taxable,,Skincare,COSRX Advanced Snail Mucin Power Essence Sheet Mask. A skincare product.,No regulation
simple,5010249309852,FSC Vitamin D3 Liquid 30ml,0,0,0,4.99,taxable,,Vitamins,FSC Vitamin D3 Liquid 30ml. A vitamins and supplements product. Supplied as 30ml.,No regulation
simple,5010123730222,Listerine Total Care Mouthwash 500ml,0,0,0,4.99,taxable,,Oral Care,Listerine Total Care Mouthwash 500ml. An oral care product. Supplied as 500ml.,No regulation
simple,5010441013762,Numark Chloramphenicol 1% w/w Eye Ointment 4g,0,0,0,4.99,taxable,,Eye Care,"Numark Chloramphenicol 1% w/w Eye Ointment 4g. Prescription-only medicine, supplied after an online consultation with our pharmacist. Always read the label and any leaflet supplied. If symptoms persist, speak to your pharmacist or doctor. Supplied as 4g.",P
simple,5025135119750,Malibu SPF50 Kids Coloured Lotion 150ml,0,0,0,4.99,taxable,,Skincare,Malibu SPF50 Kids Coloured Lotion 150ml. A skincare product. Supplied as 150ml.,No regulation
simple,3600541895508,Garnier Pure Active 3-In-1 Charcoal Blackhead Mask Wash Scrub 150ml,0,0,0,4.99,taxable,,Skincare,Garnier Pure Active 3-In-1 Charcoal Blackhead Mask Wash Scrub 150ml. A skincare product. Supplied as 150ml.,No regulation
simple,5060084170766,Profoot Softgel Toe Tube,0,0,0,4.99,taxable,,Vitamins,Profoot Softgel Toe Tube. A vitamins and supplements product.,No regulation
simple,5029053536279,Huggies DryNites Frozen Pyjama Pants 3-5 Years Nappies 10 Pack,0,0,0,4.99,taxable,zero-rate,Baby & Child,Huggies DryNites Frozen Pyjama Pants 3-5 Years Nappies 10 Pack. A baby and child product. Supplied as 10 Pack.,No regulation
simple,5012616266119,Jungle Formula Bite & Sting Relief Spray 50ml,0,0,0,4.99,taxable,,First Aid,"Jungle Formula Bite & Sting Relief Spray 50ml. Always read the label and any leaflet supplied. If symptoms persist, speak to your pharmacist or doctor. Supplied as 50ml.",No regulation
simple,5391510474142,Ultrapure Eucalyptus Oil 25ml,0,0,0,4.99,taxable,,Skincare,Ultrapure Eucalyptus Oil 25ml. A skincare product. Supplied as 25ml.,No regulation
simple,5060704340227,"Acala Grapefruit, Sea Kelp & Sea Salt Scrub Soap 100g",0,0,0,4.99,taxable,,Beauty,"Acala Grapefruit, Sea Kelp & Sea Salt Scrub Soap 100g. A health and beauty product. Supplied as 100g.",No regulation
simple,5034445001525,The Eye Doctor Baby Lid Wipes 20 Pack,0,0,0,4.99,taxable,,Baby & Child,The Eye Doctor Baby Lid Wipes 20 Pack. A baby and child product. Supplied as 20 Pack.,No regulation
simple,5029354015244,Aloe Pura Aloe Vera Purifying Hand Cream 75ml,0,0,0,4.99,taxable,,Skincare,Aloe Pura Aloe Vera Purifying Hand Cream 75ml. A skincare product. Supplied as 75ml.,No regulation
simple,5065000523138,Pukka Three Mint 20 Tea Bags,0,0,0,4.99,taxable,zero-rate,Vitamins,Pukka Three Mint 20 Tea Bags. A vitamins and supplements product.,No regulation
simple,5016379105005,Anhydrol Forte Excessive Sweating Deodorant 60ml,0,0,0,4.99,taxable,,Beauty,"Anhydrol Forte Excessive Sweating Deodorant 60ml. Prescription-only medicine, supplied after an online consultation with our pharmacist. Always read the label and any leaflet supplied. If symptoms persist, speak to your pharmacist or doctor. Supplied as 60ml.",P
simple,4031626711687,Hylo-Night Eye Ointment with Vitamin A 5g,0,0,0,4.99,taxable,,Eye Care,"Hylo-Night Eye Ointment with Vitamin A 5g. Always read the label and any leaflet supplied. If symptoms persist, speak to your pharmacist or doctor. Supplied as 5g.",No regulation
simple,5060229012241,"Pukka Chamomile, Vanilla & Manuka Honey Tea 20 Sachets",0,0,0,4.99,taxable,zero-rate,Vitamins,"Pukka Chamomile, Vanilla & Manuka Honey Tea 20 Sachets. A vitamins and supplements product. Supplied as 20 Sachets.",No regulation
simple,5060148524238,BetterYou Magnesium Menopause Bath Flakes 750g,0,0,0,4.99,taxable,,Women's Health,BetterYou Magnesium Menopause Bath Flakes 750g. A women's health product. Supplied as 750g.,No regulation
simple,5037353000451,Skins Assorted 12 Pack,0,0,0,4.99,taxable,reduced-rate,Skincare,Skins Assorted 12 Pack. A skincare product. Supplied as 12 Pack.,No regulation
simple,5025135111600,Malibu SPF8 Lotion 400ml,0,0,0,4.99,taxable,,Skincare,Malibu SPF8 Lotion 400ml. A skincare product. Supplied as 400ml.,No regulation
simple,5021265244072,Vitabiotics Ultra Vit B Complex 60 Tablets,0,0,0,4.99,taxable,,Vitamins,Vitabiotics Ultra Vit B Complex 60 Tablets. A vitamins and supplements product. Supplied as 60 Tablets.,No regulation
simple,8718951112742,Colgate Plax Fresh & Protect Cool Mint Mouthwash 1L,0,0,0,4.99,taxable,,Oral Care,Colgate Plax Fresh & Protect Cool Mint Mouthwash 1L. An oral care product. Supplied as 1L.,No regulation
simple,96170823,BetterYou D400 Junior Vitamin D3 Spray 15ml,0,0,0,4.99,taxable,,Vitamins,BetterYou D400 Junior Vitamin D3 Spray 15ml. A vitamins and supplements product. Supplied as 15ml.,No regulation
simple,5054563111579,Sensodyne Pronamel Mineral Boost Toothpaste 75ml,0,0,0,4.99,taxable,,Oral Care,Sensodyne Pronamel Mineral Boost Toothpaste 75ml. An oral care product. Supplied as 75ml.,No regulation
simple,5038581159201,Yankee Candle Home Inspiration Creamy Coconut 200g,0,0,0,4.99,taxable,,Skincare,Yankee Candle Home Inspiration Creamy Coconut 200g. A skincare product. Supplied as 200g.,No regulation
simple,40883007,Dove Silky Nourishment Body Cream 300ml,0,0,0,4.99,taxable,,Skincare,Dove Silky Nourishment Body Cream 300ml. A skincare product. Supplied as 300ml.,No regulation
simple,8720181477294,TRESemmé Colour Revitalise Conditioner 500ml,0,0,0,4.99,taxable,,Hair Care,TRESemmé Colour Revitalise Conditioner 500ml. A hair care product. Supplied as 500ml.,No regulation
simple,5060320560290,SunVit-D3 800IU 28 Capsules,0,0,0,4.99,taxable,,Vitamins,SunVit-D3 800IU 28 Capsules. A vitamins and supplements product. Supplied as 28 Capsules.,No regulation
simple,5011501000005,Deep Heat Muscle Rescue Heat Spray 75ml,0,0,0,4.99,taxable,,Pain Relief,"Deep Heat Muscle Rescue Heat Spray 75ml. Always read the label and any leaflet supplied. If symptoms persist, speak to your pharmacist or doctor. Supplied as 75ml.",No regulation
simple,5060332532063,Lindens Health + Nutrition Hemp Seed Oil 300mg 100 Capsules,0,0,0,4.99,taxable,,Vitamins,Lindens Health + Nutrition Hemp Seed Oil 300mg 100 Capsules. A vitamins and supplements product. Supplied as 100 Capsules.,No regulation
simple,7322541745763,Tena Men Active Fit Pants Plus Blue Large/Extra Large 10 Pack,0,0,0,4.99,taxable,zero-rate,Continence,Tena Men Active Fit Pants Plus Blue Large/Extra Large 10 Pack. A continence care product. Supplied as 10 Pack.,No regulation
simple,5010605208140,Feminax Ultra Maximum Strength 9 Tablets,0,0,0,4.99,taxable,,Pain Relief,"Feminax Ultra Maximum Strength 9 Tablets. Prescription-only medicine, supplied after an online consultation with our pharmacist. Always read the label and any leaflet supplied. If symptoms persist, speak to your pharmacist or doctor. Supplied as 9 Tablets.",P
simple,5012583204732,Schwarzkopf Got2b Twisted Curling Mousse 250ml,0,0,0,4.99,taxable,,Hair Care,Schwarzkopf Got2b Twisted Curling Mousse 250ml. A hair care product. Supplied as 250ml.,No regulation
simple,0708002400438,Faith In Nature Lavender & Geranium Body Wash 400ml,0,0,0,4.99,taxable,,Beauty,Faith In Nature Lavender & Geranium Body Wash 400ml. A health and beauty product. Supplied as 400ml.,No regulation
simple,8712561676106,Vaseline Spray Moisturiser Cocoa Radiant 190ml,0,0,0,4.99,taxable,,Skincare,Vaseline Spray Moisturiser Cocoa Radiant 190ml. A skincare product. Supplied as 190ml.,No regulation
simple,5011501006731,Deep Heat Pain Relief Back Patch Extra Large 2 Patches,0,0,0,4.99,taxable,,Pain Relief,"Deep Heat Pain Relief Back Patch Extra Large 2 Patches. Always read the label and any leaflet supplied. If symptoms persist, speak to your pharmacist or doctor. Supplied as 2 Patches.",GSL
simple,5027097407319,Imodium Instants 6 Tablets 2mg,0,0,0,4.99,taxable,,Digestive,"Imodium Instants 6 Tablets 2mg. Always read the label and any leaflet supplied. If symptoms persist, speak to your pharmacist or doctor. Supplied as 2mg.",GSL
simple,5060704340197,Acala Green Clay Geranium & Lavender Soap 100g,0,0,0,4.99,taxable,,Beauty,Acala Green Clay Geranium & Lavender Soap 100g. A health and beauty product. Supplied as 100g.,No regulation
simple,0708002400377,Faith In Nature Coconut Body Wash 400ml,0,0,0,4.99,taxable,,Beauty,Faith In Nature Coconut Body Wash 400ml. A health and beauty product. Supplied as 400ml.,No regulation
simple,5060447948773,Childs Farm After Sun Lotion 100ml,0,0,0,4.99,taxable,,Skincare,Childs Farm After Sun Lotion 100ml. A skincare product. Supplied as 100ml.,No regulation
simple,5060332533220,Lindens Health + Nutrition Fenugreek 610mg 100 Capsules,0,0,0,4.99,taxable,,Vitamins,Lindens Health + Nutrition Fenugreek 610mg 100 Capsules. A vitamins and supplements product. Supplied as 100 Capsules.,No regulation
simple,0708002400537,Faith In Nature Aloe Vera Body Wash 400ml,0,0,0,4.99,taxable,,Beauty,Faith In Nature Aloe Vera Body Wash 400ml. A health and beauty product. Supplied as 400ml.,No regulation
simple,5029053539706,Depend Comfort Protect for Women Extra Large 9 Pack,0,0,0,4.99,taxable,zero-rate,Women's Health,Depend Comfort Protect for Women Extra Large 9 Pack. A women's health product. Supplied as 9 Pack.,No regulation
simple,8801619051825,St. Ives Soothing Daily Facial Cleanser Chamomile 200ml,0,0,0,4.99,taxable,,Skincare,St. Ives Soothing Daily Facial Cleanser Chamomile 200ml. A skincare product. Supplied as 200ml.,No regulation
simple,5054563158703,Centrum Kids Orange & Mix Berry 30 Gummies,0,0,0,4.99,taxable,,Vitamins,Centrum Kids Orange & Mix Berry 30 Gummies. A vitamins and supplements product. Supplied as 30 Gummies.,No regulation
simple,5012583211563,Schwarzkopf Keratin Mousse 250ml,0,0,0,4.99,taxable,,Hair Care,Schwarzkopf Keratin Mousse 250ml. A hair care product. Supplied as 250ml.,No regulation
simple,5000158100640,Clearasil Ultra Deep Pore Treatment Scrub 125ml,0,0,0,4.99,taxable,,Beauty,Clearasil Ultra Deep Pore Treatment Scrub 125ml. A health and beauty product. Supplied as 125ml.,No regulation
simple,5037353000291,Skins Natural Condoms 12 Pack,0,0,0,4.99,taxable,reduced-rate,Sexual Wellness,"Skins Natural Condoms 12 Pack. Always read the label and any leaflet supplied. If symptoms persist, speak to your pharmacist or doctor. Supplied as 12 Pack.",No regulation
simple,5000309006623,Robitussin Dry Cough Medicine 100ml,0,0,0,4.99,taxable,,Cold & Flu,"Robitussin Dry Cough Medicine 100ml. Prescription-only medicine, supplied after an online consultation with our pharmacist. Always read the label and any leaflet supplied. If symptoms persist, speak to your pharmacist or doctor. Supplied as 100ml.",P
simple,5012008714204,Inecto Natural Deep Hydrate Hair Mask 450ml,0,0,0,4.99,taxable,,Hair Care,Inecto Natural Deep Hydrate Hair Mask 450ml. A hair care product. Supplied as 450ml.,No regulation
simple,4002448087441,Scholl Gel Activ Insoles Everyday Heels,0,0,0,4.99,taxable,,Supports & Braces,Scholl Gel Activ Insoles Everyday Heels. A support and mobility product.,No regulation
simple,5038581065892,Yankee Candle Home Inspiration Exotic Fruits 104g,0,0,0,4.99,taxable,,Beauty,Yankee Candle Home Inspiration Exotic Fruits 104g. A health and beauty product. Supplied as 104g.,No regulation
simple,5060176672222,Dr. Organic Tea Tree Blemish Stick 8ml,0,0,0,4.99,taxable,,General Health,Dr. Organic Tea Tree Blemish Stick 8ml. A health and wellbeing product. Supplied as 8ml.,No regulation
simple,5708932006934,Compeed Callous Plaster Medium 6 Pack,0,0,0,4.99,taxable,,First Aid,"Compeed Callous Plaster Medium 6 Pack. Always read the label and any leaflet supplied. If symptoms persist, speak to your pharmacist or doctor. Supplied as 6 Pack.",No regulation
simple,5060601930293,BARBER PRO Foaming Cleansing Mask,0,0,0,4.99,taxable,,Skincare,BARBER PRO Foaming Cleansing Mask. A skincare product.,No regulation
simple,5038581088112,Yankee Candle Home Inspiration Glistening Christmas 104g,0,0,0,4.99,taxable,,Beauty,Yankee Candle Home Inspiration Glistening Christmas 104g. A health and beauty product. Supplied as 104g.,No regulation
simple,0708002405310,Faith In Nature Avocado Shampoo 400ml,0,0,0,4.99,taxable,,Hair Care,Faith In Nature Avocado Shampoo 400ml. A hair care product. Supplied as 400ml.,No regulation
simple,5017353506450,Perrigo Ibuprofen 200mg/5ml Oral Suspension 100ml,0,0,0,4.99,taxable,,Pain Relief,"Perrigo Ibuprofen 200mg/5ml Oral Suspension 100ml. Prescription-only medicine, supplied after an online consultation with our pharmacist. Always read the label and any leaflet supplied. If symptoms persist, speak to your pharmacist or doctor. Supplied as 100ml.",P
simple,0615908432305,Tigi Bed Head Conditioner Serial Blonde 600ml,0,0,0,4.99,taxable,,Hair Care,Tigi Bed Head Conditioner Serial Blonde 600ml. A hair care product. Supplied as 600ml.,No regulation
simple,5000476010768,Johnson's Veterinary Ear Cleanser 50ml,0,0,0,4.99,taxable,,Skincare,Johnson's Veterinary Ear Cleanser 50ml. A skincare product. Supplied as 50ml.,No regulation
simple,5038581159171,Yankee Candle Home Inspiration Cozy Cotton 200g,0,0,0,4.99,taxable,,Beauty,Yankee Candle Home Inspiration Cozy Cotton 200g. A health and beauty product. Supplied as 200g.,No regulation
simple,5060332531820,Lindens Health + Nutrition Calcium 400mg 100 Tablets,0,0,0,4.99,taxable,,Vitamins,Lindens Health + Nutrition Calcium 400mg 100 Tablets. A vitamins and supplements product. Supplied as 100 Tablets.,No regulation
simple,5010605296260,Rennie Peppermint 36 Chewable Tablets,0,0,0,4.99,taxable,,Digestive,"Rennie Peppermint 36 Chewable Tablets. Always read the label and any leaflet supplied. If symptoms persist, speak to your pharmacist or doctor. Supplied as 36 Chewable.",GSL
simple,5012583105114,Schwarzkopf Got2B 2 Sexy Spray Mousse 250ml,0,0,0,4.99,taxable,,Hair Care,Schwarzkopf Got2B 2 Sexy Spray Mousse 250ml. A hair care product. Supplied as 250ml.,No regulation
simple,5024874017259,Valupak Glucosamine & Chondroitin 30 Tablets,0,0,0,4.99,taxable,,Vitamins,Valupak Glucosamine & Chondroitin 30 Tablets. A vitamins and supplements product. Supplied as 30 Tablets.,No regulation
simple,5010605830587,Germoloids Suppositories 12 Pack,0,0,0,4.99,taxable,,Digestive,"Germoloids Suppositories 12 Pack. Always read the label and any leaflet supplied. If symptoms persist, speak to your pharmacist or doctor. Supplied as 12 Pack.",GSL
simple,0047701504543,DenTek Orabrush Tongue Cleaner,0,0,0,4.99,taxable,,Oral Care,DenTek Orabrush Tongue Cleaner. An oral care product.,No regulation
simple,4103040043405,Sebamed Cleansing Bar Soap Free 150g,0,0,0,4.99,taxable,,Skincare,Sebamed Cleansing Bar Soap Free 150g. A skincare product. Supplied as 150g.,No regulation
simple,0708002401626,Faith In Nature Grapefruit & Orange Conditioner 400ml,0,0,0,4.99,taxable,,Hair Care,Faith In Nature Grapefruit & Orange Conditioner 400ml. A hair care product. Supplied as 400ml.,No regulation
simple,5060704340173,Acala Rosehip Orange Patchouli Soap 100g,0,0,0,4.99,taxable,,Beauty,Acala Rosehip Orange Patchouli Soap 100g. A health and beauty product. Supplied as 100g.,No regulation
simple,5011309107517,Savlon Bites & Stings Gel Pain Relief 20g,0,0,0,4.99,taxable,,Pain Relief,"Savlon Bites & Stings Gel Pain Relief 20g. Always read the label and any leaflet supplied. If symptoms persist, speak to your pharmacist or doctor. Supplied as 20g.",GSL
simple,5038581159195,Yankee Candle Home Inspiration Frosted Pine 200g,0,0,0,4.99,taxable,,Beauty,Yankee Candle Home Inspiration Frosted Pine 200g. A health and beauty product. Supplied as 200g.,No regulation
simple,0708002406126,Faith In Nature Blueberry Conditioner 400ml,0,0,0,4.99,taxable,,Hair Care,Faith In Nature Blueberry Conditioner 400ml. A hair care product. Supplied as 400ml.,No regulation
simple,8809642712232,Dr.Jart+ Dermask Soothing Hydra Solution Mask 25g,0,0,0,4.99,taxable,,Skincare,Dr.Jart+ Dermask Soothing Hydra Solution Mask 25g. A skincare product. Supplied as 25g.,No regulation
simple,96183458,Anbesol Liquid 10ml,0,0,0,4.99,taxable,,Prescription Medicines,"Anbesol Liquid 10ml. Prescription-only medicine, supplied after an online consultation with our pharmacist. Always read the label and any leaflet supplied. If symptoms persist, speak to your pharmacist or doctor. Supplied as 10ml.",P
simple,5391513951718,Anthisan Bite & Sting Cream 20g,0,0,0,4.99,taxable,,First Aid,"Anthisan Bite & Sting Cream 20g. Always read the label and any leaflet supplied. If symptoms persist, speak to your pharmacist or doctor. Supplied as 20g.",GSL
simple,5029354008741,Australian Tea Tree Purifying Body Wash 250ml,0,0,0,4.99,taxable,,Beauty,Australian Tea Tree Purifying Body Wash 250ml. A health and beauty product. Supplied as 250ml.,No regulation
simple,7350075692741,The Humble Co. Dental Floss Charcoal Picks 50 Pack,0,0,0,4.99,taxable,,Oral Care,The Humble Co. Dental Floss Charcoal Picks 50 Pack. An oral care product. Supplied as 50 Pack.,No regulation
simple,5054563057815,Corsodyl Alcohol Free Mouthwash Original 300ml,0,0,0,4.99,taxable,,Oral Care,Corsodyl Alcohol Free Mouthwash Original 300ml. An oral care product. Supplied as 300ml.,GSL
simple,5025135116575,Malibu Lotion Spray SPF50 200ml,0,0,0,4.99,taxable,,Skincare,Malibu Lotion Spray SPF50 200ml. A skincare product. Supplied as 200ml.,No regulation
simple,3600521848920,L'Oréal Men Expert Fresh Extreme Anti-Perspirant 250ml,0,0,0,4.99,taxable,,Beauty,L'Oréal Men Expert Fresh Extreme Anti-Perspirant 250ml. A health and beauty product. Supplied as 250ml.,No regulation
simple,5012254061145,TRESemmé Heat Defence Spray Care & Protect 300ml,0,0,0,4.99,taxable,,Beauty,TRESemmé Heat Defence Spray Care & Protect 300ml. A health and beauty product. Supplied as 300ml.,No regulation
simple,5060229011473,Pukka Elderberry & Echinacea Tea 20 Sachets,0,0,0,4.99,taxable,zero-rate,Vitamins,Pukka Elderberry & Echinacea Tea 20 Sachets. A vitamins and supplements product. Supplied as 20 Sachets.,No regulation
simple,0708002407628,Faith In Nature Shea & Argan Conditioner 400ml,0,0,0,4.99,taxable,,Hair Care,Faith In Nature Shea & Argan Conditioner 400ml. A hair care product. Supplied as 400ml.,No regulation
simple,3574661392486,Neutrogena Hydro Boost Hand Gel Cream 75ml,0,0,0,4.99,taxable,,Skincare,Neutrogena Hydro Boost Hand Gel Cream 75ml. A skincare product. Supplied as 75ml.,No regulation
simple,5000477977091,Olbas Oil Inhaler Twin pack 695mg,0,0,0,4.99,taxable,,Cold & Flu,"Olbas Oil Inhaler Twin pack 695mg. Always read the label and any leaflet supplied. If symptoms persist, speak to your pharmacist or doctor. Supplied as 695mg.",No regulation
simple,5025135121111,Malibu Kids Lotion Spray SPF50 200ml,0,0,0,4.99,taxable,,Skincare,Malibu Kids Lotion Spray SPF50 200ml. A skincare product. Supplied as 200ml.,No regulation
simple,7643022219130,Shea Moisture Red Palm Oil & Cocoa Reshaping Shine Butter 106g,0,0,0,4.99,taxable,,Skincare,Shea Moisture Red Palm Oil & Cocoa Reshaping Shine Butter 106g. A skincare product. Supplied as 106g.,No regulation
simple,5025135116957,Malibu Dry Oil Spray SPF30 175ml,0,0,0,4.99,taxable,,Skincare,Malibu Dry Oil Spray SPF30 175ml. A skincare product. Supplied as 175ml.,No regulation
simple,5038581087962,Yankee Candle Home Inspiration Pomegranate Coconut 104g,0,0,0,4.99,taxable,,Beauty,Yankee Candle Home Inspiration Pomegranate Coconut 104g. A health and beauty product. Supplied as 104g.,No regulation
simple,4005808805372,Nivea Men Active Age Moisturising Day Cream 50ml,0,0,0,4.99,taxable,,Skincare,Nivea Men Active Age Moisturising Day Cream 50ml. A skincare product. Supplied as 50ml.,No regulation
simple,5038581159126,Yankee Candle Home Inspiration Garden Blooms 200g,0,0,0,4.99,taxable,,Beauty,Yankee Candle Home Inspiration Garden Blooms 200g. A health and beauty product. Supplied as 200g.,No regulation
simple,3616302748778,Max Factor Creme Puff Truly Fair 81 14g,0,0,0,4.99,taxable,,General Health,Max Factor Creme Puff Truly Fair 81 14g. A health and wellbeing product. Supplied as 14g.,No regulation
simple,5060176674585,Dr. Organic Moroccan Argan Oil Deodorant 50ml,0,0,0,4.99,taxable,,Beauty,Dr. Organic Moroccan Argan Oil Deodorant 50ml. A health and beauty product. Supplied as 50ml.,No regulation
simple,4013162025701,Fenjal Sensitive Body Shower Creme 200ml,0,0,0,4.99,taxable,,Beauty,Fenjal Sensitive Body Shower Creme 200ml. A health and beauty product. Supplied as 200ml.,No regulation
simple,5025970010687,Nivea Men Hydrate & Go Set 4Pc,0,0,0,4.99,taxable,,General Health,Nivea Men Hydrate & Go Set 4Pc. A health and wellbeing product.,No regulation
simple,5055172213081,Medisure Digital Thermometer,0,0,0,4.99,taxable,,First Aid,"Medisure Digital Thermometer. Always read the label and any leaflet supplied. If symptoms persist, speak to your pharmacist or doctor.",No regulation
simple,5029053527581,Huggies Drynites Girl 4-7 Yrs Nappies 10 Pack,0,0,0,4.99,taxable,zero-rate,Baby & Child,Huggies Drynites Girl 4-7 Yrs Nappies 10 Pack. A baby and child product. Supplied as 10 Pack.,No regulation
simple,5000476020514,Johnson's Veterinary One Dose Wormer Size 1,0,0,0,4.99,taxable,,Pet Care,Johnson's Veterinary One Dose Wormer Size 1. A pet care product.,No regulation
simple,8801619051832,St. Ives Blemish Care Daily Facial Cleanser Tea Tree 200ml,0,0,0,4.99,taxable,,Skincare,St. Ives Blemish Care Daily Facial Cleanser Tea Tree 200ml. A skincare product. Supplied as 200ml.,No regulation
simple,5037353001762,Skins Bubblegum Condoms 12 Pack,0,0,0,4.99,taxable,reduced-rate,Sexual Wellness,"Skins Bubblegum Condoms 12 Pack. Always read the label and any leaflet supplied. If symptoms persist, speak to your pharmacist or doctor. Supplied as 12 Pack.",No regulation
simple,5036631010281,Ashton & Parsons Teething Gel 10ml,0,0,0,4.99,taxable,,Baby & Child,Ashton & Parsons Teething Gel 10ml. A baby and child product. Supplied as 10ml.,GSL
simple,5056585802725,Scholl Air Cushion Everyday Insoles 1 Pair,0,0,0,4.99,taxable,,Supports & Braces,Scholl Air Cushion Everyday Insoles 1 Pair. A support and mobility product.,No regulation
simple,3616302748792,Max Factor Creme Puff Translucent 05 14g,0,0,0,4.99,taxable,,General Health,Max Factor Creme Puff Translucent 05 14g. A health and wellbeing product. Supplied as 14g.,No regulation
simple,5012583206682,Schwarzkopf Got2Be Ultra Glued Edge Styling Gel 150ml,0,0,0,4.99,taxable,,Hair Care,Schwarzkopf Got2Be Ultra Glued Edge Styling Gel 150ml. A hair care product. Supplied as 150ml.,No regulation
simple,5060018512846,KIKI Health Alkaline Infusion 20g,0,0,0,4.99,taxable,,Vitamins,KIKI Health Alkaline Infusion 20g. A vitamins and supplements product. Supplied as 20g.,No regulation
simple,3574661493633,Aveeno Skin Relief Moisturising Hand Cream 75ml,0,0,0,4.99,taxable,,Skincare,Aveeno Skin Relief Moisturising Hand Cream 75ml. A skincare product. Supplied as 75ml.,No regulation
simple,5038581065946,Yankee Candle Home Inspiration Soft Cotton 104g,0,0,0,4.99,taxable,,Beauty,Yankee Candle Home Inspiration Soft Cotton 104g. A health and beauty product. Supplied as 104g.,No regulation
simple,4770001002155,Ecodenta Organic Anti-Plaque Toothpaste with Coconut Oil 75ml,0,0,0,4.99,taxable,,Oral Care,Ecodenta Organic Anti-Plaque Toothpaste with Coconut Oil 75ml. An oral care product. Supplied as 75ml.,No regulation
simple,5034268006097,ProVen Probiotics Urgent-C Immune Intensive (Nighttime) 7 Sachets,0,0,0,4.99,taxable,,Digestive,"ProVen Probiotics Urgent-C Immune Intensive (Nighttime) 7 Sachets. Always read the label and any leaflet supplied. If symptoms persist, speak to your pharmacist or doctor. Supplied as 7 Sachets.",No regulation
simple,5000477955082,Sarakan Mouthfresh 300ml,0,0,0,4.99,taxable,,General Health,Sarakan Mouthfresh 300ml. A health and wellbeing product. Supplied as 300ml.,No regulation
simple,0079400204370,Toni & Guy Damage Repair Shampoo 250ml,0,0,0,4.99,taxable,,Hair Care,Toni & Guy Damage Repair Shampoo 250ml. A hair care product. Supplied as 250ml.,No regulation
simple,0708002405372,Faith In Nature Avocado Body Wash 400ml,0,0,0,4.95,taxable,,Beauty,Faith In Nature Avocado Body Wash 400ml. A health and beauty product. Supplied as 400ml.,No regulation
simple,3800219794625,Alteya Certified Organic Bulgarian Rose Water 60ml,0,0,0,4.95,taxable,,General Health,Alteya Certified Organic Bulgarian Rose Water 60ml. A health and wellbeing product. Supplied as 60ml.,No regulation
simple,5060704340388,Acala Pocket Nail Brush,0,0,0,4.89,taxable,,Beauty,Acala Pocket Nail Brush. A health and beauty product.,No regulation
simple,5017007601289,Sudocrem Antiseptic Healing Cream 125g,0,0,0,4.89,taxable,,Baby & Child,Sudocrem Antiseptic Healing Cream 125g. A baby and child product. Supplied as 125g.,GSL
simple,3600541986633,Garnier Skin Naturals Tinted Wake Up Day Cream 50ml,0,0,0,4.89,taxable,,Skincare,Garnier Skin Naturals Tinted Wake Up Day Cream 50ml. A skincare product. Supplied as 50ml.,No regulation
simple,0017854106109,"Baylis & Harding Jojoba, Vanilla & Almond Oil Bath Bauble",0,0,0,4.89,taxable,,Beauty,"Baylis & Harding Jojoba, Vanilla & Almond Oil Bath Bauble. A health and beauty product.",No regulation
simple,4013162027200,Fenjal Classic Hand Crème 75ml,0,0,0,4.89,taxable,,General Health,Fenjal Classic Hand Crème 75ml. A health and wellbeing product. Supplied as 75ml.,No regulation
simple,5060040640302,"BeautyPro Charcoal Mask with Gingko, Tea Tree & Lemon (3x7ml)",0,0,0,4.89,taxable,,Skincare,"BeautyPro Charcoal Mask with Gingko, Tea Tree & Lemon (3x7ml). A skincare product. Supplied as 3x7ml.",No regulation
simple,5060519148315,Pukka Winter Warmer 20 Tea Bags,0,0,0,4.89,taxable,zero-rate,Vitamins,Pukka Winter Warmer 20 Tea Bags. A vitamins and supplements product.,No regulation
simple,5010249164109,FSC Figure Trim 8 42 Capsules,0,0,0,4.89,taxable,,Vitamins,FSC Figure Trim 8 42 Capsules. A vitamins and supplements product. Supplied as 42 Capsules.,No regulation
simple,5060519143693,Pukka Tulsi Clarity 20 Tea Bags,0,0,0,4.89,taxable,zero-rate,Vitamins,Pukka Tulsi Clarity 20 Tea Bags. A vitamins and supplements product.,No regulation
simple,0884486323286,MATRIX Biolage Conditioner Aqua Gel Colourlast 250ml,0,0,0,4.89,taxable,,Hair Care,MATRIX Biolage Conditioner Aqua Gel Colourlast 250ml. A hair care product. Supplied as 250ml.,No regulation
simple,5391531561241,Spotlight Oral Care Bamboo Interdental Brushes 0.5mm 8 Pack,0,0,0,4.89,taxable,,Oral Care,Spotlight Oral Care Bamboo Interdental Brushes 0.5mm 8 Pack. An oral care product. Supplied as 8 Pack.,No regulation
simple,5011417590928,Optrex Multi Action Eyewash 100ml,0,0,0,4.89,taxable,,Eye Care,"Optrex Multi Action Eyewash 100ml. Always read the label and any leaflet supplied. If symptoms persist, speak to your pharmacist or doctor. Supplied as 100ml.",No regulation
simple,5060229014467,Pukka Mint Matcha Green 20 Tea Bags,0,0,0,4.89,taxable,zero-rate,Vitamins,Pukka Mint Matcha Green 20 Tea Bags. A vitamins and supplements product.,No regulation
simple,4770001007204,Ecodenta Black Cinnamon Whitening Toothpaste 100ml,0,0,0,4.89,taxable,,Oral Care,Ecodenta Black Cinnamon Whitening Toothpaste 100ml. An oral care product. Supplied as 100ml.,No regulation
simple,5017371153254,Calypso Press & Protect Sun Lotion SPF20 200ml,0,0,0,4.89,taxable,,Skincare,Calypso Press & Protect Sun Lotion SPF20 200ml. A skincare product. Supplied as 200ml.,No regulation
simple,5060519145468,Pukka Peace 20 Sachets,0,0,0,4.89,taxable,zero-rate,Vitamins,Pukka Peace 20 Sachets. A vitamins and supplements product. Supplied as 20 Sachets.,No regulation
simple,5060601933102,"BeautyPro Pumpkin Infused Sheet Mask Pumpkin, Ivy & Bergamot 22ml",0,0,0,4.89,taxable,,Skincare,"BeautyPro Pumpkin Infused Sheet Mask Pumpkin, Ivy & Bergamot 22ml. A skincare product. Supplied as 22ml.",No regulation
simple,5060704340302,Acala Charcoal Soap 100g,0,0,0,4.89,taxable,,Beauty,Acala Charcoal Soap 100g. A health and beauty product. Supplied as 100g.,No regulation
simple,5060704340234,Acala Hemp & Comfrey Soap 100g,0,0,0,4.89,taxable,,Beauty,Acala Hemp & Comfrey Soap 100g. A health and beauty product. Supplied as 100g.,No regulation
simple,0073930568124,Duo Brush-On Striplash Adhesive White 5g,0,0,0,4.89,taxable,,General Health,Duo Brush-On Striplash Adhesive White 5g. A health and wellbeing product. Supplied as 5g.,No regulation
simple,0850835000030,Pukka Relax 20 Tea Bags,0,0,0,4.89,taxable,zero-rate,Vitamins,Pukka Relax 20 Tea Bags. A vitamins and supplements product.,No regulation
simple,5000347070761,Corsodyl 1% w/w Dental Gel 50g,0,0,0,4.89,taxable,,Oral Care,"Corsodyl 1% w/w Dental Gel 50g. Prescription-only medicine, supplied after an online consultation with our pharmacist. Always read the label and any leaflet supplied. If symptoms persist, speak to your pharmacist or doctor. Supplied as 50g.",P
simple,5060040641743,BeautyPro Detox Charcoal Mask with Ginseng & Tea Tree 18ml,0,0,0,4.89,taxable,,Skincare,BeautyPro Detox Charcoal Mask with Ginseng & Tea Tree 18ml. A skincare product. Supplied as 18ml.,No regulation
simple,8712561692595,Vaseline Spray Moisturiser Essential Healing 190ml,0,0,0,4.89,taxable,,Skincare,Vaseline Spray Moisturiser Essential Healing 190ml. A skincare product. Supplied as 190ml.,No regulation
simple,5060040640555,BeautyPro Rejuvenating Sheet Mask Collagen Seaweed & Green Tea 23ml,0,0,0,4.89,taxable,,Skincare,BeautyPro Rejuvenating Sheet Mask Collagen Seaweed & Green Tea 23ml. A skincare product. Supplied as 23ml.,No regulation
simple,5407007650170,Bambaw Reusable Sanitary Pads Moderate Flow,0,0,0,4.89,taxable,zero-rate,Women's Health,Bambaw Reusable Sanitary Pads Moderate Flow. A women's health product.,No regulation
simple,8006540109687,Head & Shoulders & Old Spice Set 2Pc,0,0,0,4.89,taxable,,Hair Care,Head & Shoulders & Old Spice Set 2Pc. A hair care product.,No regulation
simple,5060040641668,BeautyPro FOOT THERAPY Foot Mask with Removable Toe Tips,0,0,0,4.89,taxable,,Skincare,BeautyPro FOOT THERAPY Foot Mask with Removable Toe Tips. A skincare product.,No regulation
simple,3600541354746,Garnier Miracle Anti-Ageing Skin Face Cream 50ml,0,0,0,4.89,taxable,,Skincare,Garnier Miracle Anti-Ageing Skin Face Cream 50ml. A skincare product. Supplied as 50ml.,No regulation
simple,5060130445022,Clinell Contiplan All in One Cleansing Cloths 25 Pack,0,0,0,4.89,taxable,,Skincare,Clinell Contiplan All in One Cleansing Cloths 25 Pack. A skincare product. Supplied as 25 Pack.,No regulation
simple,5060601930859,BeautyPro HYALURONIC ACID Hydrating Sheet Mask,0,0,0,4.89,taxable,,Skincare,BeautyPro HYALURONIC ACID Hydrating Sheet Mask. A skincare product.,No regulation
simple,5060601931894,"BeautyPro Turmeric Infused Sheet Mask Turmeric, Sugar Cane & Soybean 22ml",0,0,0,4.89,taxable,,Skincare,"BeautyPro Turmeric Infused Sheet Mask Turmeric, Sugar Cane & Soybean 22ml. A skincare product. Supplied as 22ml.",No regulation
simple,5011309115710,Opticrom Hayfever 2% w/v Eye Drops 10ml,0,0,0,4.89,taxable,,Eye Care,"Opticrom Hayfever 2% w/v Eye Drops 10ml. Always read the label and any leaflet supplied. If symptoms persist, speak to your pharmacist or doctor. Supplied as 10ml.",GSL
simple,4049649000213,Artelac Nighttime Gel 10g,0,0,0,4.89,taxable,,Skincare,Artelac Nighttime Gel 10g. A skincare product. Supplied as 10g.,No regulation
simple,5060332536290,Lindens Health + Nutrition Zinc 30 Lozenges,0,0,0,4.89,taxable,,Cold & Flu,"Lindens Health + Nutrition Zinc 30 Lozenges. Always read the label and any leaflet supplied. If symptoms persist, speak to your pharmacist or doctor. Supplied as 30 Lozenges.",No regulation
simple,8710447340196,Vaseline Original Selection Lip Tin 3 Piece Gift Set,0,0,0,4.89,taxable,,Beauty,Vaseline Original Selection Lip Tin 3 Piece Gift Set. A health and beauty product.,No regulation
simple,5010058044517,Fast Aid Clear Gel Blister Plaster 5 Pack,0,0,0,4.89,taxable,,First Aid,"Fast Aid Clear Gel Blister Plaster 5 Pack. Always read the label and any leaflet supplied. If symptoms persist, speak to your pharmacist or doctor. Supplied as 5 Pack.",No regulation
simple,5060229012043,Pukka Three Licorice 20 Tea Bags,0,0,0,4.89,taxable,zero-rate,Vitamins,Pukka Three Licorice 20 Tea Bags. A vitamins and supplements product.,No regulation
simple,3800219794649,Alteya Organic Bulgarian White Rose Water (Rosa Alba) Spray 60ml,0,0,0,4.89,taxable,,Beauty,Alteya Organic Bulgarian White Rose Water (Rosa Alba) Spray 60ml. A health and beauty product. Supplied as 60ml.,No regulation
simple,5060062990201,Earth Friendly Baby Organic Bubble Bath Lavender 300ml,0,0,0,4.89,taxable,,Baby & Child,Earth Friendly Baby Organic Bubble Bath Lavender 300ml. A baby and child product. Supplied as 300ml.,No regulation
simple,0768455024650,Orahesive Protective Powder 25g,0,0,0,4.89,taxable,,Vitamins,Orahesive Protective Powder 25g. A vitamins and supplements product. Supplied as 25g.,No regulation
simple,5391531561265,Spotlight Oral Care Bamboo Interdental Brushes 0.7mm 8 Pack,0,0,0,4.89,taxable,,Oral Care,Spotlight Oral Care Bamboo Interdental Brushes 0.7mm 8 Pack. An oral care product. Supplied as 8 Pack.,No regulation
simple,5011831087165,Skyn Non-Latex Condoms Extra Lube 6 Pack,0,0,0,4.89,taxable,reduced-rate,Sexual Wellness,"Skyn Non-Latex Condoms Extra Lube 6 Pack. Always read the label and any leaflet supplied. If symptoms persist, speak to your pharmacist or doctor. Supplied as 6 Pack.",No regulation
simple,0010181045943,Palmer's Cocoa Butter Restoring Conditioner 250ml,0,0,0,4.89,taxable,,Hair Care,Palmer's Cocoa Butter Restoring Conditioner 250ml. A hair care product. Supplied as 250ml.,No regulation
simple,8809480782381,Shangpree Marine Jewel Nourishing Mask 30ml,0,0,0,4.89,taxable,,Skincare,Shangpree Marine Jewel Nourishing Mask 30ml. A skincare product. Supplied as 30ml.,No regulation
simple,0817513016004,Cantu Softening Body Butter 205g,0,0,0,4.89,taxable,,Skincare,Cantu Softening Body Butter 205g. A skincare product. Supplied as 205g.,No regulation
simple,5011501016136,Deep Freeze Gel 100g,0,0,0,4.89,taxable,,Pain Relief,"Deep Freeze Gel 100g. Always read the label and any leaflet supplied. If symptoms persist, speak to your pharmacist or doctor. Supplied as 100g.",GSL
simple,5010934001481,Lanacane Medicated Cream Tube 30g,0,0,0,4.89,taxable,,Skincare,Lanacane Medicated Cream Tube 30g. A skincare product. Supplied as 30g.,GSL
simple,5029354015107,Aloe Pura Aloe Vera Body Wash 200ml,0,0,0,4.89,taxable,,Beauty,Aloe Pura Aloe Vera Body Wash 200ml. A health and beauty product. Supplied as 200ml.,No regulation
simple,5060119660088,Lumecare Daily Eyelid Wipes 20 Pack,0,0,0,4.89,taxable,,Beauty,Lumecare Daily Eyelid Wipes 20 Pack. A health and beauty product. Supplied as 20 Pack.,No regulation
simple,5017371155333,Calypso Travel Essentials Travel Pack,0,0,0,4.89,taxable,,General Health,Calypso Travel Essentials Travel Pack. A health and wellbeing product.,No regulation
simple,0850835000115,Pukka Love Organic 20 Herbal Tea Sachets,0,0,0,4.89,taxable,zero-rate,Vitamins,Pukka Love Organic 20 Herbal Tea Sachets. A vitamins and supplements product.,No regulation
simple,5029053539683,Depend Comfort Protect for Women Small/Medium 10 Pack,0,0,0,4.89,taxable,zero-rate,Women's Health,Depend Comfort Protect for Women Small/Medium 10 Pack. A women's health product. Supplied as 10 Pack.,No regulation
simple,5010605830464,Germoloids Cream 25g,0,0,0,4.89,taxable,,Digestive,"Germoloids Cream 25g. Always read the label and any leaflet supplied. If symptoms persist, speak to your pharmacist or doctor. Supplied as 25g.",GSL
simple,5060229011503,Pukka Three Cinnamon Tea 20 Sachets,0,0,0,4.89,taxable,zero-rate,Vitamins,Pukka Three Cinnamon Tea 20 Sachets. A vitamins and supplements product. Supplied as 20 Sachets.,No regulation
simple,5060519146090,Pukka Fresh Start 20 Sachets,0,0,0,4.89,taxable,zero-rate,Vitamins,Pukka Fresh Start 20 Sachets. A vitamins and supplements product. Supplied as 20 Sachets.,No regulation
simple,5060040641651,BeautyPro HAND THERAPY Gloves with Removable Fingertips,0,0,0,4.89,taxable,,General Health,BeautyPro HAND THERAPY Gloves with Removable Fingertips. A health and wellbeing product.,No regulation
simple,5017371157672,Calypso Sun Lotion SPF30 200ml,0,0,0,4.89,taxable,,Skincare,Calypso Sun Lotion SPF30 200ml. A skincare product. Supplied as 200ml.,No regulation
simple,0850835000726,Pukka Vanilla Chai 20 Tea Bags,0,0,0,4.89,taxable,zero-rate,Vitamins,Pukka Vanilla Chai 20 Tea Bags. A vitamins and supplements product.,No regulation
simple,9314839013805,SunSense Lip Balm SPF50+ 15g,0,0,0,4.89,taxable,,Skincare,SunSense Lip Balm SPF50+ 15g. A skincare product. Supplied as 15g.,No regulation
simple,3600541894327,Garnier Pure Active Intensive Anti-Blackhead Charcoal Gel Wash 200ml,0,0,0,4.89,taxable,,Skincare,Garnier Pure Active Intensive Anti-Blackhead Charcoal Gel Wash 200ml. A skincare product. Supplied as 200ml.,No regulation
simple,4770001002179,Ecodenta Organic Sensitivity Relief Toothpaste 75ml,0,0,0,4.89,taxable,,Oral Care,Ecodenta Organic Sensitivity Relief Toothpaste 75ml. An oral care product. Supplied as 75ml.,No regulation
simple,5010441004432,Numark Moisturising Eye Drops 10ml,0,0,0,4.89,taxable,,Eye Care,"Numark Moisturising Eye Drops 10ml. Always read the label and any leaflet supplied. If symptoms persist, speak to your pharmacist or doctor. Supplied as 10ml.",No regulation
simple,3574661312224,Neutrogena Body Serum in Lotion 200ml,0,0,0,4.89,taxable,,Skincare,Neutrogena Body Serum in Lotion 200ml. A skincare product. Supplied as 200ml.,No regulation
simple,5060601930217,BARBER PRO Under Eye Mask 3 Pack,0,0,0,4.89,taxable,,Eye Care,"BARBER PRO Under Eye Mask 3 Pack. Always read the label and any leaflet supplied. If symptoms persist, speak to your pharmacist or doctor. Supplied as 3 Pack.",No regulation
simple,5010605640438,Canesten Athlete's Foot 1% w/w Cream 30g,0,0,0,4.89,taxable,,Women's Health,Canesten Athlete's Foot 1% w/w Cream 30g. A women's health product. Supplied as 30g.,GSL
simple,5060342241207,GlucoRx CarePoint Insulin Pen Needles 4mm 31G 100 Pack,0,0,0,4.89,taxable,,Testing & Monitoring,"GlucoRx CarePoint Insulin Pen Needles 4mm 31G 100 Pack. Always read the label and any leaflet supplied. If symptoms persist, speak to your pharmacist or doctor. Supplied as 100 Pack.",No regulation
simple,5065000523930,Pukka Licorice & Cinnamon Tea 20 Sachets,0,0,0,4.89,taxable,zero-rate,Vitamins,Pukka Licorice & Cinnamon Tea 20 Sachets. A vitamins and supplements product. Supplied as 20 Sachets.,No regulation
simple,0850835000719,Pukka Original Chai 20 Tea Bags,0,0,0,4.89,taxable,zero-rate,Vitamins,Pukka Original Chai 20 Tea Bags. A vitamins and supplements product.,No regulation
simple,5060229011046,Pukka Wild Apple & Cinnamon 20 Tea Bags,0,0,0,4.89,taxable,zero-rate,Vitamins,Pukka Wild Apple & Cinnamon 20 Tea Bags. A vitamins and supplements product.,No regulation
simple,5012583204923,Schwarzkopf Got2Be Made 4 Mess Texturizing Putty 100ml,0,0,0,4.89,taxable,,Hair Care,Schwarzkopf Got2Be Made 4 Mess Texturizing Putty 100ml. A hair care product. Supplied as 100ml.,No regulation
simple,5060332531318,Lindens Health + Nutrition Feverfew 200mg 60 Capsules,0,0,0,4.89,taxable,,Vitamins,Lindens Health + Nutrition Feverfew 200mg 60 Capsules. A vitamins and supplements product. Supplied as 60 Capsules.,No regulation
simple,7332531074933,Schwarzkopf Got2Be Phenomenal Texture Clay 100ml,0,0,0,4.89,taxable,,Hair Care,Schwarzkopf Got2Be Phenomenal Texture Clay 100ml. A hair care product. Supplied as 100ml.,No regulation
simple,3600541594982,Garnier Pure Active Micellar Water Oily Skin 400ml,0,0,0,4.89,taxable,,Skincare,Garnier Pure Active Micellar Water Oily Skin 400ml. A skincare product. Supplied as 400ml.,No regulation
simple,3282779035576,Avène Thermal Water Spray 50ml,0,0,0,4.89,taxable,,Beauty,Avène Thermal Water Spray 50ml. A health and beauty product. Supplied as 50ml.,No regulation
simple,5060209730264,Carmize Carmellose Eye Drop 1% 30 Pack,0,0,0,4.89,taxable,,Eye Care,"Carmize Carmellose Eye Drop 1% 30 Pack. Always read the label and any leaflet supplied. If symptoms persist, speak to your pharmacist or doctor. Supplied as 30 Pack.",No regulation
simple,5060229012562,Pukka Three Chamomile Tea 20 Sachets,0,0,0,4.89,taxable,zero-rate,Vitamins,Pukka Three Chamomile Tea 20 Sachets. A vitamins and supplements product. Supplied as 20 Sachets.,No regulation
simple,5017371110042,Calypso Sun Lotion SPF6 Pump 200ml,0,0,0,4.89,taxable,,Skincare,Calypso Sun Lotion SPF6 Pump 200ml. A skincare product. Supplied as 200ml.,No regulation
simple,5410076230020,Head & Shoulders Citrus Fresh Anti-Dandruff Shampoo 500ml,0,0,0,4.89,taxable,,Hair Care,Head & Shoulders Citrus Fresh Anti-Dandruff Shampoo 500ml. A hair care product. Supplied as 500ml.,No regulation
simple,5031013104145,Higher Nature Mum-2-Be 30 Tablets,0,0,0,4.89,taxable,,Vitamins,Higher Nature Mum-2-Be 30 Tablets. A vitamins and supplements product. Supplied as 30 Tablets.,No regulation
simple,0033984018600,Solgar Niacin (Vitamin B3) 100mg 100 Tablets,0,0,0,4.89,taxable,,Vitamins,Solgar Niacin (Vitamin B3) 100mg 100 Tablets. A vitamins and supplements product. Supplied as 100 Tablets.,No regulation
simple,5060601930132,BeautyPro RETINOL Under Eye Patches 3 pairs,0,0,0,4.89,taxable,,General Health,BeautyPro RETINOL Under Eye Patches 3 pairs. A health and wellbeing product.,No regulation
simple,5025135114687,Malibu Bronzing Butter with Beta Carotene 300ml,0,0,0,4.89,taxable,,Beauty,Malibu Bronzing Butter with Beta Carotene 300ml. A health and beauty product. Supplied as 300ml.,No regulation
simple,5060342241238,GlucoRx CarePoint Insulin Pen Needles 8mm 31G 100 Pack,0,0,0,4.89,taxable,,Testing & Monitoring,"GlucoRx CarePoint Insulin Pen Needles 8mm 31G 100 Pack. Always read the label and any leaflet supplied. If symptoms persist, speak to your pharmacist or doctor. Supplied as 100 Pack.",No regulation
simple,5023652319059,Nature's Aid Vitamin D3 Drops for Children 50ml,0,0,0,4.89,taxable,,Baby & Child,Nature's Aid Vitamin D3 Drops for Children 50ml. A baby and child product. Supplied as 50ml.,No regulation
simple,5038483218600,Durex Play Tingling Gel 50ml,0,0,0,4.89,taxable,,Sexual Wellness,"Durex Play Tingling Gel 50ml. Always read the label and any leaflet supplied. If symptoms persist, speak to your pharmacist or doctor. Supplied as 50ml.",No regulation
simple,3600523329915,L'Oréal Skin Expert Micellar Water Normal to Combination Skin 400ml,0,0,0,4.89,taxable,,Skincare,L'Oréal Skin Expert Micellar Water Normal to Combination Skin 400ml. A skincare product. Supplied as 400ml.,No regulation
simple,3600523732838,L'Oréal Elvive Colour Protect Day Cream 150ml,0,0,0,4.89,taxable,,Hair Care,L'Oréal Elvive Colour Protect Day Cream 150ml. A hair care product. Supplied as 150ml.,No regulation
simple,5025135000997,Malibu SPF 8 Carotene Butter 300ml,0,0,0,4.89,taxable,,Skincare,Malibu SPF 8 Carotene Butter 300ml. A skincare product. Supplied as 300ml.,No regulation
simple,0017854107281,Baylis & Harding Black Pepper & Ginseng Soap On A Rope 200g,0,0,0,4.89,taxable,,Beauty,Baylis & Harding Black Pepper & Ginseng Soap On A Rope 200g. A health and beauty product. Supplied as 200g.,No regulation
simple,5060080353415,Vital Baby Hygiene Sanitising Water 500ml,0,0,0,4.89,taxable,,Baby & Child,Vital Baby Hygiene Sanitising Water 500ml. A baby and child product. Supplied as 500ml.,No regulation
simple,5036631004075,Ashton & Parsons Infants' Pack Powders 20 Sachets,0,0,0,4.89,taxable,,Baby & Child,Ashton & Parsons Infants' Pack Powders 20 Sachets. A baby and child product. Supplied as 20 Sachets.,GSL
simple,5000158100664,Clearasil Rapid Action Clearing Toner 200ml,0,0,0,4.89,taxable,,Skincare,Clearasil Rapid Action Clearing Toner 200ml. A skincare product. Supplied as 200ml.,No regulation
simple,5060704340203,Acala Chamomile Flowers & Lavender Soap 100g,0,0,0,4.89,taxable,,Beauty,Acala Chamomile Flowers & Lavender Soap 100g. A health and beauty product. Supplied as 100g.,No regulation
simple,5060229011565,Pukka Elegant English Breakfast Tea 20 Sachets,0,0,0,4.89,taxable,zero-rate,Vitamins,Pukka Elegant English Breakfast Tea 20 Sachets. A vitamins and supplements product. Supplied as 20 Sachets.,No regulation
simple,5010724513392,Answer One Step Pregnancy Test 2 Pack,0,0,0,4.89,taxable,,Testing & Monitoring,"Answer One Step Pregnancy Test 2 Pack. Always read the label and any leaflet supplied. If symptoms persist, speak to your pharmacist or doctor. Supplied as 2 Pack.",No regulation
simple,0017854109711,Baylis & Harding Sweet Mandarin & Grapefruit Bath Bauble,0,0,0,4.89,taxable,,Beauty,Baylis & Harding Sweet Mandarin & Grapefruit Bath Bauble. A health and beauty product.,No regulation
simple,5010249152779,FSC Standardised Rhodiola 30 Vegetarian Capsules,0,0,0,4.89,taxable,,Vitamins,FSC Standardised Rhodiola 30 Vegetarian Capsules. A vitamins and supplements product.,No regulation
simple,5060601932297,BeautyPro Rose Infused Sheet Mask Rose Chamomile & Seaweed 22ml,0,0,0,4.89,taxable,,Skincare,BeautyPro Rose Infused Sheet Mask Rose Chamomile & Seaweed 22ml. A skincare product. Supplied as 22ml.,No regulation
simple,3574660634655,Benadryl Allergy Liquid Release 10mg – Lactose-free 7 Capsules,0,0,0,4.89,taxable,,Vitamins,Benadryl Allergy Liquid Release 10mg – Lactose-free 7 Capsules. A vitamins and supplements product. Supplied as 7 Capsules.,GSL
simple,5391531561081,Spotlight Oral Care Bamboo Interdental Brushes 0.4mm 8 Pack,0,0,0,4.89,taxable,,Oral Care,Spotlight Oral Care Bamboo Interdental Brushes 0.4mm 8 Pack. An oral care product. Supplied as 8 Pack.,No regulation
simple,5391531561258,Spotlight Oral Care Bamboo Interdental Brushes 0.6mm 8 Pack,0,0,0,4.89,taxable,,Oral Care,Spotlight Oral Care Bamboo Interdental Brushes 0.6mm 8 Pack. An oral care product. Supplied as 8 Pack.,No regulation
simple,5065000523183,Pukka Night Time Tea 20 Sachets,0,0,0,4.89,taxable,zero-rate,Vitamins,Pukka Night Time Tea 20 Sachets. A vitamins and supplements product. Supplied as 20 Sachets.,No regulation
simple,5012654112010,Carnation Verruca Care Plasters 4 Pack,0,0,0,4.89,taxable,,First Aid,"Carnation Verruca Care Plasters 4 Pack. Always read the label and any leaflet supplied. If symptoms persist, speak to your pharmacist or doctor. Supplied as 4 Pack.",No regulation
simple,0017854117648,Baylis & Harding Wild Fig & Pomegranate Bauble,0,0,0,4.89,taxable,,Beauty,Baylis & Harding Wild Fig & Pomegranate Bauble. A health and beauty product.,No regulation
simple,5060209732503,Epimax Ointment 500g,0,0,0,4.89,taxable,,Skincare,Epimax Ointment 500g. A skincare product. Supplied as 500g.,No regulation
simple,3574660520132,Listerine Mouthwash Cool Mint 1l,0,0,0,4.89,taxable,,Oral Care,Listerine Mouthwash Cool Mint 1l. An oral care product. Supplied as 1l.,No regulation
simple,5065000523923,Pukka Lemongrass & Ginger Tea 20 Sachets,0,0,0,4.89,taxable,zero-rate,Vitamins,Pukka Lemongrass & Ginger Tea 20 Sachets. A vitamins and supplements product. Supplied as 20 Sachets.,No regulation
simple,3600542046275,Garnier Botanical Balm Moisturiser 3-in-1 140ml,0,0,0,4.89,taxable,,Skincare,Garnier Botanical Balm Moisturiser 3-in-1 140ml. A skincare product. Supplied as 140ml.,No regulation
simple,5060601930378,Barber Pro Gentlemen's Sheet Mask 23ml,0,0,0,4.89,taxable,,Skincare,Barber Pro Gentlemen's Sheet Mask 23ml. A skincare product. Supplied as 23ml.,No regulation
simple,5063270111079,"Pukka Lemon, Ginger & Manuka Honey Tea 20 Sachets",0,0,0,4.89,taxable,zero-rate,Vitamins,"Pukka Lemon, Ginger & Manuka Honey Tea 20 Sachets. A vitamins and supplements product. Supplied as 20 Sachets.",No regulation
simple,8017331051573,BlanX White Shock Instant White Toothpaste 75ml,0,0,0,4.89,taxable,,Oral Care,BlanX White Shock Instant White Toothpaste 75ml. An oral care product. Supplied as 75ml.,No regulation
simple,5060601932051,BeautyPro Avocado Infused Sheet Mask with Chia & Wild Yam 22ml,0,0,0,4.89,taxable,,Skincare,BeautyPro Avocado Infused Sheet Mask with Chia & Wild Yam 22ml. A skincare product. Supplied as 22ml.,No regulation
simple,5016379270000,Otex Ear Drops 8ml,0,0,0,4.89,taxable,,Prescription Medicines,"Otex Ear Drops 8ml. Prescription-only medicine, supplied after an online consultation with our pharmacist. Always read the label and any leaflet supplied. If symptoms persist, speak to your pharmacist or doctor. Supplied as 8ml.",P
simple,5060704340210,Acala Oatmilk Almond & Lemongrass Soap 100g,0,0,0,4.89,taxable,,Beauty,Acala Oatmilk Almond & Lemongrass Soap 100g. A health and beauty product. Supplied as 100g.,No regulation
simple,4005808924448,Nivea MicellAIR Sensitive Micellar Water 200ml,0,0,0,4.89,taxable,,Skincare,Nivea MicellAIR Sensitive Micellar Water 200ml. A skincare product. Supplied as 200ml.,No regulation
simple,8714789999548,Sanex Body Lotion Advanced Dermo Repair 250ml,0,0,0,4.89,taxable,,Skincare,Sanex Body Lotion Advanced Dermo Repair 250ml. A skincare product. Supplied as 250ml.,No regulation
simple,8714789997674,Sanex Advanced Atopicare Body Lotion 250ml,0,0,0,4.89,taxable,,Skincare,Sanex Advanced Atopicare Body Lotion 250ml. A skincare product. Supplied as 250ml.,No regulation
simple,8001090666826,Pantene Classic Clean 3-In-1 700ml,0,0,0,4.89,taxable,,General Health,Pantene Classic Clean 3-In-1 700ml. A health and wellbeing product. Supplied as 700ml.,No regulation
simple,5029354008536,Australian Tea Tree Organic Conditioner 250Ml,0,0,0,4.89,taxable,,Hair Care,Australian Tea Tree Organic Conditioner 250Ml. A hair care product. Supplied as 250Ml.,No regulation
simple,0850835000016,Pukka Revitalise 20 Tea Bags,0,0,0,4.89,taxable,zero-rate,Vitamins,Pukka Revitalise 20 Tea Bags. A vitamins and supplements product.,No regulation
simple,3574660534887,Sudafed Blocked Nose Spray 15ml,0,0,0,4.89,taxable,,Cold & Flu,"Sudafed Blocked Nose Spray 15ml. Always read the label and any leaflet supplied. If symptoms persist, speak to your pharmacist or doctor. Supplied as 15ml.",GSL
simple,4013162019038,Fenjal Intensive Hand Cream 75ml,0,0,0,4.89,taxable,,Skincare,Fenjal Intensive Hand Cream 75ml. A skincare product. Supplied as 75ml.,No regulation
simple,5065000523909,Pukka After Dinner Tea 20 Sachets,0,0,0,4.89,taxable,zero-rate,Vitamins,Pukka After Dinner Tea 20 Sachets. A vitamins and supplements product. Supplied as 20 Sachets.,No regulation
simple,0033984010802,Solgar Folacin (Folic Acid) 400µg 100 Tablets,0,0,0,4.89,taxable,,Women's Health,Solgar Folacin (Folic Acid) 400µg 100 Tablets. A women's health product. Supplied as 100 Tablets.,No regulation
simple,5060601932136,"BeautyPro Herb-Infused Sheet Mask with Rosemary, Chamomile & Noni Juice 22ml",0,0,0,4.89,taxable,,Skincare,"BeautyPro Herb-Infused Sheet Mask with Rosemary, Chamomile & Noni Juice 22ml. A skincare product. Supplied as 22ml.",No regulation
simple,4005800230110,Elastoplast Aqua Protect Plasters 20 Pack,0,0,0,4.89,taxable,,First Aid,"Elastoplast Aqua Protect Plasters 20 Pack. Always read the label and any leaflet supplied. If symptoms persist, speak to your pharmacist or doctor. Supplied as 20 Pack.",No regulation
simple,5000347078859,Corsodyl Mouthwash Fresh Mint 300ml,0,0,0,4.89,taxable,,Oral Care,Corsodyl Mouthwash Fresh Mint 300ml. An oral care product. Supplied as 300ml.,GSL
simple,5011451103870,Simple Kind To Skin Moisturising Facial Wash 150ml,0,0,0,4.89,taxable,,Skincare,Simple Kind To Skin Moisturising Facial Wash 150ml. A skincare product. Supplied as 150ml.,No regulation
simple,8720181012839,Toni & Guy Stick It Up Gum 75ml,0,0,0,4.89,taxable,,Oral Care,Toni & Guy Stick It Up Gum 75ml. An oral care product. Supplied as 75ml.,No regulation
simple,8700216597005,Fixodent Ultimate No Flavour 40g,0,0,0,4.89,taxable,,General Health,Fixodent Ultimate No Flavour 40g. A health and wellbeing product. Supplied as 40g.,No regulation
simple,3059944025102,Veet Sensitive Skin Wax Strips 20 Pack,0,0,0,4.89,taxable,,Skincare,Veet Sensitive Skin Wax Strips 20 Pack. A skincare product. Supplied as 20 Pack.,No regulation
simple,3614229310061,Max Factor Facefinity All Day Concealer 40,0,0,0,4.89,taxable,,Beauty,Max Factor Facefinity All Day Concealer 40. A health and beauty product.,No regulation
simple,0748378003154,Eco Style Argan Oil Styling Gel Max Hold 473ml,0,0,0,4.89,taxable,,Hair Care,Eco Style Argan Oil Styling Gel Max Hold 473ml. A hair care product. Supplied as 473ml.,No regulation
simple,5021986000049,Vocalzone Sugar Free Pastilles Blackcurrant 24 Pack,0,0,0,4.89,taxable,,Cold & Flu,"Vocalzone Sugar Free Pastilles Blackcurrant 24 Pack. Always read the label and any leaflet supplied. If symptoms persist, speak to your pharmacist or doctor. Supplied as 24 Pack.",No regulation
simple,3600522374695,L'Oréal Sublime Fresh Deep Pure Foaming Water Cleanser 150ml,0,0,0,4.89,taxable,,Skincare,L'Oréal Sublime Fresh Deep Pure Foaming Water Cleanser 150ml. A skincare product. Supplied as 150ml.,No regulation
simple,8710908719127,Baby Dove Sensitive Moisture Fragrance Free Wipes Multi Pack 4 x 50,0,0,0,4.89,taxable,,Baby & Child,Baby Dove Sensitive Moisture Fragrance Free Wipes Multi Pack 4 x 50. A baby and child product.,No regulation
simple,3600522598152,L'Oréal Prodigy Oil Colour 9.1 White Gold,0,0,0,4.89,taxable,,Skincare,L'Oréal Prodigy Oil Colour 9.1 White Gold. A skincare product.,No regulation
simple,5036631001074,Hydromol Ointment 125g,0,0,0,4.89,taxable,,Skincare,Hydromol Ointment 125g. A skincare product. Supplied as 125g.,No regulation
simple,5010605403170,Clarityn Allergy 10mg 10 Tablets,0,0,0,4.89,taxable,,Vitamins,Clarityn Allergy 10mg 10 Tablets. A vitamins and supplements product. Supplied as 10 Tablets.,GSL
simple,8030350901704,Alliance Aloclair Plus Spray Mouth Ulcer Treatment 15ml,0,0,0,4.89,taxable,,Oral Care,Alliance Aloclair Plus Spray Mouth Ulcer Treatment 15ml. An oral care product. Supplied as 15ml.,GSL
simple,3574661592824,Benadryl Allergy Natural Relief Spray 15ml,0,0,0,4.89,taxable,,Beauty,Benadryl Allergy Natural Relief Spray 15ml. A health and beauty product. Supplied as 15ml.,No regulation
simple,8001841271910,Pantene Shampoo Colour Protect 500ml,0,0,0,4.89,taxable,,Hair Care,Pantene Shampoo Colour Protect 500ml. A hair care product. Supplied as 500ml.,No regulation
simple,5060229011077,Pukka Blackcurrant Beauty Tea 20 Sachets,0,0,0,4.89,taxable,zero-rate,Vitamins,Pukka Blackcurrant Beauty Tea 20 Sachets. A vitamins and supplements product. Supplied as 20 Sachets.,No regulation
simple,5054563055750,Corsodyl Complete Protection Extra Fresh Toothpaste 75ml,0,0,0,4.89,taxable,,Oral Care,Corsodyl Complete Protection Extra Fresh Toothpaste 75ml. An oral care product. Supplied as 75ml.,No regulation
simple,5060193640945,Bloom & Blossom Matilda's Detangler & Conditioner 200ml,0,0,0,4.89,taxable,,Hair Care,Bloom & Blossom Matilda's Detangler & Conditioner 200ml. A hair care product. Supplied as 200ml.,No regulation
simple,3574661288307,Neutrogena Hydro Boost Micellar Water 200ml,0,0,0,4.89,taxable,,Skincare,Neutrogena Hydro Boost Micellar Water 200ml. A skincare product. Supplied as 200ml.,No regulation
simple,5010249309753,The Food Supplement Company Vitamin B12 with Folic Acid 90 Tablets,0,0,0,4.89,taxable,,Women's Health,The Food Supplement Company Vitamin B12 with Folic Acid 90 Tablets. A women's health product. Supplied as 90 Tablets.,No regulation
simple,4103040147714,Sebamed Gentle Baby Wash 200ml,0,0,0,4.89,taxable,,Baby & Child,Sebamed Gentle Baby Wash 200ml. A baby and child product. Supplied as 200ml.,No regulation
simple,8809480782343,Shangpree Marine Jewel Illuminating Mask 30ml,0,0,0,4.89,taxable,,Skincare,Shangpree Marine Jewel Illuminating Mask 30ml. A skincare product. Supplied as 30ml.,No regulation
simple,8710522602997,Vaseline 150 Years Beauty Bag Set,0,0,0,4.89,taxable,,General Health,Vaseline 150 Years Beauty Bag Set. A health and wellbeing product.,No regulation
simple,3574660576481,Benadryl Allergy Children's 6+ Liquid 70ml,0,0,0,4.89,taxable,,Baby & Child,Benadryl Allergy Children's 6+ Liquid 70ml. A baby and child product. Supplied as 70ml.,GSL
simple,5060229014559,Pukka Turmeric Gold Tea 20 Sachets,0,0,0,4.89,taxable,zero-rate,Vitamins,Pukka Turmeric Gold Tea 20 Sachets. A vitamins and supplements product. Supplied as 20 Sachets.,No regulation
simple,5060332535415,Lindens Health + Nutrition Flaxseed Oil 1000mg 90 Capsules,0,0,0,4.89,taxable,,Vitamins,Lindens Health + Nutrition Flaxseed Oil 1000mg 90 Capsules. A vitamins and supplements product. Supplied as 90 Capsules.,No regulation
simple,8717163545652,Sure Motion Sense Cotton Dry Anti-Perspirant 250ml,0,0,0,4.86,taxable,,Beauty,Sure Motion Sense Cotton Dry Anti-Perspirant 250ml. A health and beauty product. Supplied as 250ml.,No regulation
simple,0731628764073,Filmstead Dissolvable Mouth Ulcer Film 12 Pack,0,0,0,4.85,taxable,,Oral Care,Filmstead Dissolvable Mouth Ulcer Film 12 Pack. An oral care product. Supplied as 12 Pack.,No regulation
simple,0884486323323,MATRIX Biolage Conditioner Aqua Gel Smooth Proof 250ml,0,0,0,4.79,taxable,,Hair Care,MATRIX Biolage Conditioner Aqua Gel Smooth Proof 250ml. A hair care product. Supplied as 250ml.,No regulation
simple,5010724533741,Stérimar Hay Fever & Allergy Relief 50ml,0,0,0,4.79,taxable,,General Health,Stérimar Hay Fever & Allergy Relief 50ml. A health and wellbeing product. Supplied as 50ml.,No regulation
simple,5060229014528,Pukka Ginseng Matcha Green Tea 20 Sachets,0,0,0,4.79,taxable,zero-rate,Vitamins,Pukka Ginseng Matcha Green Tea 20 Sachets. A vitamins and supplements product. Supplied as 20 Sachets.,No regulation
simple,5060519140753,Pukka Turmeric Active Tea 20 Sachets,0,0,0,4.79,taxable,zero-rate,Vitamins,Pukka Turmeric Active Tea 20 Sachets. A vitamins and supplements product. Supplied as 20 Sachets.,No regulation
simple,5060229011589,Pukka Gorgeous Earl Grey Tea 20 Sachets,0,0,0,4.79,taxable,zero-rate,Vitamins,Pukka Gorgeous Earl Grey Tea 20 Sachets. A vitamins and supplements product. Supplied as 20 Sachets.,No regulation
simple,8716900559181,Fortini 1.0 Multi Fibre Vanilla 200ml,0,0,0,4.79,taxable,zero-rate,General Health,Fortini 1.0 Multi Fibre Vanilla 200ml. A health and wellbeing product. Supplied as 200ml.,No regulation
simple,5060176671560,Dr. Organic Vitamin E Deodorant 50ml,0,0,0,4.79,taxable,,Vitamins,Dr. Organic Vitamin E Deodorant 50ml. A vitamins and supplements product. Supplied as 50ml.,No regulation
simple,9335955000111,MooGoo Hydrating Cleansing Bar - Goats Milk 130g,0,0,0,4.79,taxable,,Skincare,MooGoo Hydrating Cleansing Bar - Goats Milk 130g. A skincare product. Supplied as 130g.,No regulation
simple,8809120647872,A By Bom 3 Step Ultra Moisture Mask 1 Pack,0,0,0,4.79,taxable,,Skincare,A By Bom 3 Step Ultra Moisture Mask 1 Pack. A skincare product. Supplied as 1 Pack.,No regulation
simple,3574660435221,Calpol 6+ Sugar Free Suspension Strawberry 80ml,0,0,0,4.79,taxable,,Baby & Child,Calpol 6+ Sugar Free Suspension Strawberry 80ml. A baby and child product. Supplied as 80ml.,GSL
simple,5011309013719,Covonia Dry & Tickly Cough 150ml,0,0,0,4.79,taxable,,Cold & Flu,"Covonia Dry & Tickly Cough 150ml. Always read the label and any leaflet supplied. If symptoms persist, speak to your pharmacist or doctor. Supplied as 150ml.",GSL
simple,9335955000135,MooGoo Hydrating Cleansing Bar - Oatmeal 130g,0,0,0,4.79,taxable,,Skincare,MooGoo Hydrating Cleansing Bar - Oatmeal 130g. A skincare product. Supplied as 130g.,No regulation
simple,5060519146144,Pukka Joy Tea 20 Sachets,0,0,0,4.79,taxable,zero-rate,Vitamins,Pukka Joy Tea 20 Sachets. A vitamins and supplements product. Supplied as 20 Sachets.,No regulation
simple,5012583210122,Schwarzkopf Max Hold Hairspray 400ml,0,0,0,4.79,taxable,,Hair Care,Schwarzkopf Max Hold Hairspray 400ml. A hair care product. Supplied as 400ml.,No regulation
simple,5038483000052,Paramol Paracetamol Dihydrocodeine 12 Tablets,0,0,0,4.79,taxable,,Pain Relief,"Paramol Paracetamol Dihydrocodeine 12 Tablets. Prescription-only medicine, supplied after an online consultation with our pharmacist. Always read the label and any leaflet supplied. If symptoms persist, speak to your pharmacist or doctor. Supplied as 12 Tablets.",P
simple,3574661640822,Sudafed Mucus Relief Spray 15ml,0,0,0,4.79,taxable,,Cold & Flu,"Sudafed Mucus Relief Spray 15ml. Always read the label and any leaflet supplied. If symptoms persist, speak to your pharmacist or doctor. Supplied as 15ml.",GSL
simple,5000488108453,Nelsons Tea Tree Cream Antiseptic 30g,0,0,0,4.79,taxable,,First Aid,"Nelsons Tea Tree Cream Antiseptic 30g. Always read the label and any leaflet supplied. If symptoms persist, speak to your pharmacist or doctor. Supplied as 30g.",No regulation
simple,5060229010049,Pukka Three Fennel 20 Tea Bags,0,0,0,4.79,taxable,zero-rate,Vitamins,Pukka Three Fennel 20 Tea Bags. A vitamins and supplements product.,No regulation
simple,5054563051721,Corsodyl Daily Complete Protection Mouthwash 500ml,0,0,0,4.79,taxable,,Oral Care,Corsodyl Daily Complete Protection Mouthwash 500ml. An oral care product. Supplied as 500ml.,No regulation
simple,5060176676381,Dr. Organic Rose Deodorant 50ml,0,0,0,4.79,taxable,,Beauty,Dr. Organic Rose Deodorant 50ml. A health and beauty product. Supplied as 50ml.,No regulation
simple,3600540668967,Garnier Ambre Solaire Lotion SPF10 200ml,0,0,0,4.79,taxable,,Skincare,Garnier Ambre Solaire Lotion SPF10 200ml. A skincare product. Supplied as 200ml.,No regulation
simple,3574661433400,Sudafed Sinus Ease Spray 15ml,0,0,0,4.79,taxable,,Cold & Flu,"Sudafed Sinus Ease Spray 15ml. Always read the label and any leaflet supplied. If symptoms persist, speak to your pharmacist or doctor. Supplied as 15ml.",GSL
simple,5029354015084,Aloe Pura Aloe Vera Face Wash 150ml,0,0,0,4.79,taxable,,Skincare,Aloe Pura Aloe Vera Face Wash 150ml. A skincare product. Supplied as 150ml.,No regulation
simple,5060636882321,ecoLiving Mouthwash Tablets Dissolvable Fluoride Free 125 Tablets,0,0,0,4.79,taxable,,Oral Care,ecoLiving Mouthwash Tablets Dissolvable Fluoride Free 125 Tablets. An oral care product. Supplied as 125 Tablets.,No regulation
simple,0010181045806,Palmer's Cocoa Butter Formula for Men Lotion 250ml,0,0,0,4.79,taxable,,Men's Health,Palmer's Cocoa Butter Formula for Men Lotion 250ml. A men's health product. Supplied as 250ml.,No regulation
simple,3616303403287,Max Factor Priyanka Limited Edition Masterpiece Nude Eyeshadow Palette,0,0,0,4.79,taxable,,Beauty,Max Factor Priyanka Limited Edition Masterpiece Nude Eyeshadow Palette. A health and beauty product.,No regulation
simple,3574661475301,Oraldene Medicated Mouthwash 200ml,0,0,0,4.79,taxable,,Oral Care,Oraldene Medicated Mouthwash 200ml. An oral care product. Supplied as 200ml.,GSL
simple,96114476,Vizulize Eye Wash 300ml,0,0,0,4.79,taxable,,Eye Care,"Vizulize Eye Wash 300ml. Always read the label and any leaflet supplied. If symptoms persist, speak to your pharmacist or doctor. Supplied as 300ml.",No regulation
simple,5052197017724,Scholl Fresh Step Anti-Perspirant 150ml,0,0,0,4.79,taxable,,Supports & Braces,Scholl Fresh Step Anti-Perspirant 150ml. A support and mobility product. Supplied as 150ml.,No regulation
simple,3574660667769,Benylin Mucus Cough & Cold All in One 16 Tablets,0,0,0,4.79,taxable,,Cold & Flu,"Benylin Mucus Cough & Cold All in One 16 Tablets. Always read the label and any leaflet supplied. If symptoms persist, speak to your pharmacist or doctor. Supplied as 16 Tablets.",GSL
simple,5060050350628,UltraDex Original Daily Oral Rinse 250ml,0,0,0,4.79,taxable,,General Health,UltraDex Original Daily Oral Rinse 250ml. A health and wellbeing product. Supplied as 250ml.,No regulation
simple,5000283657354,Maalox Suspension 250ml,0,0,0,4.79,taxable,,General Health,Maalox Suspension 250ml. A health and wellbeing product. Supplied as 250ml.,GSL
simple,5015802221312,Wax Lyrical Reed Diffuser 40ml Exotic Fig,0,0,0,4.79,taxable,,Home & Household,Wax Lyrical Reed Diffuser 40ml Exotic Fig. A home and household product. Supplied as 40ml.,No regulation
simple,5011501013739,Deep Heat Muscle Massage Roll-On Lotion 50ml,0,0,0,4.79,taxable,,Pain Relief,"Deep Heat Muscle Massage Roll-On Lotion 50ml. Always read the label and any leaflet supplied. If symptoms persist, speak to your pharmacist or doctor. Supplied as 50ml.",GSL
simple,5029066024176,Childs Farm Bubble Bath Organic Tangerine 250ml,0,0,0,4.79,taxable,,Beauty,Childs Farm Bubble Bath Organic Tangerine 250ml. A health and beauty product. Supplied as 250ml.,No regulation
simple,5391513951770,Dioralyte Citrus 6 Sachets,0,0,0,4.79,taxable,,Vitamins,Dioralyte Citrus 6 Sachets. A vitamins and supplements product. Supplied as 6 Sachets.,GSL
simple,3600541381698,Garnier Color Sensation 6.60 Intense Ruby Red,0,0,0,4.79,taxable,,General Health,Garnier Color Sensation 6.60 Intense Ruby Red. A health and wellbeing product.,No regulation
simple,4770001002186,Ecodenta Organic Multifunctional Toothpaste with Hemp Oil 75ml,0,0,0,4.79,taxable,,Oral Care,Ecodenta Organic Multifunctional Toothpaste with Hemp Oil 75ml. An oral care product. Supplied as 75ml.,No regulation
simple,9335955000128,MooGoo Hydrating Cleansing Bar - Buttermilk 130g,0,0,0,4.79,taxable,,Skincare,MooGoo Hydrating Cleansing Bar - Buttermilk 130g. A skincare product. Supplied as 130g.,No regulation
simple,5029053536262,Huggies Drynites Boy 3-5 Yrs 10 Pack,0,0,0,4.79,taxable,zero-rate,General Health,Huggies Drynites Boy 3-5 Yrs 10 Pack. A health and wellbeing product. Supplied as 10 Pack.,No regulation
simple,5711782000168,OrganiCup Organiwash 75ml,0,0,0,4.79,taxable,,Beauty,OrganiCup Organiwash 75ml. A health and beauty product. Supplied as 75ml.,No regulation
simple,0659436248946,HotTea Mama Morning Rescue,0,0,0,4.79,taxable,zero-rate,General Health,HotTea Mama Morning Rescue. A health and wellbeing product.,No regulation
simple,5704947003425,O'Keeffe's Cooling Relief Lip Repair Balm 4.2g,0,0,0,4.79,taxable,,Skincare,O'Keeffe's Cooling Relief Lip Repair Balm 4.2g. A skincare product. Supplied as 4.2g.,No regulation
simple,5060229014832,Pukka Mint Refresh Tea 20 Sachets,0,0,0,4.79,taxable,zero-rate,Vitamins,Pukka Mint Refresh Tea 20 Sachets. A vitamins and supplements product. Supplied as 20 Sachets.,No regulation
simple,3574661640860,Sudafed Blocked Nose & Sinus 16 Capsules,0,0,0,4.79,taxable,,Cold & Flu,"Sudafed Blocked Nose & Sinus 16 Capsules. Always read the label and any leaflet supplied. If symptoms persist, speak to your pharmacist or doctor. Supplied as 16 Capsules.",GSL
simple,4015600588328,Aussie Miracle Recharge Frizz Remedy Conditioning Spray 250ml,0,0,0,4.79,taxable,,Beauty,Aussie Miracle Recharge Frizz Remedy Conditioning Spray 250ml. A health and beauty product. Supplied as 250ml.,No regulation
simple,3600523717903,L'Oréal Men Expert Face Wash Hydra Sensitive 100ml,0,0,0,4.79,taxable,,Skincare,L'Oréal Men Expert Face Wash Hydra Sensitive 100ml. A skincare product. Supplied as 100ml.,No regulation
simple,5017007601784,Cymalon Cranberry Sachets 6 Pack,0,0,0,4.79,taxable,,Vitamins,Cymalon Cranberry Sachets 6 Pack. A vitamins and supplements product. Supplied as 6 Pack.,GSL
simple,8716900559419,Fortini 1.0 Multi Fibre Chocolate 200ml,0,0,0,4.79,taxable,zero-rate,General Health,Fortini 1.0 Multi Fibre Chocolate 200ml. A health and wellbeing product. Supplied as 200ml.,No regulation
simple,4103040043856,Sebamed Baby Lotion 100ml,0,0,0,4.79,taxable,,Baby & Child,Sebamed Baby Lotion 100ml. A baby and child product. Supplied as 100ml.,No regulation
simple,5011501000180,Deep Heat Max Strength 35g,0,0,0,4.79,taxable,,Pain Relief,"Deep Heat Max Strength 35g. Always read the label and any leaflet supplied. If symptoms persist, speak to your pharmacist or doctor. Supplied as 35g.",GSL
simple,5012564005044,Cetavlex Antiseptic Cream 50g,0,0,0,4.79,taxable,,First Aid,"Cetavlex Antiseptic Cream 50g. Always read the label and any leaflet supplied. If symptoms persist, speak to your pharmacist or doctor. Supplied as 50g.",GSL
simple,8809480782367,Shangpree Marine Jewel Hydrating Mask 30ml,0,0,0,4.79,taxable,,Skincare,Shangpree Marine Jewel Hydrating Mask 30ml. A skincare product. Supplied as 30ml.,No regulation
simple,5010249041509,FSC Super Multi Mineral 30 Tablets,0,0,0,4.79,taxable,,Vitamins,FSC Super Multi Mineral 30 Tablets. A vitamins and supplements product. Supplied as 30 Tablets.,No regulation
simple,3574661594828,Calpol Saline Nasal Drops 10ml,0,0,0,4.79,taxable,,Baby & Child,Calpol Saline Nasal Drops 10ml. A baby and child product. Supplied as 10ml.,No regulation
simple,0010181040702,Palmer's Cocoa Butter Formula Bust Cream 125g,0,0,0,4.79,taxable,,Skincare,Palmer's Cocoa Butter Formula Bust Cream 125g. A skincare product. Supplied as 125g.,No regulation
simple,8711600633896,Lynx Attract for Him High Definition Fragrance 150ml,0,0,0,4.79,taxable,,Beauty,Lynx Attract for Him High Definition Fragrance 150ml. A health and beauty product. Supplied as 150ml.,No regulation
simple,0708002403514,Faith In Nature Coconut Dog Shampoo 400ml,0,0,0,4.79,taxable,,Pet Care,Faith In Nature Coconut Dog Shampoo 400ml. A pet care product. Supplied as 400ml.,No regulation
simple,5060332536191,Lindens Health + Nutrition Performula Sports 30 Capsules,0,0,0,4.79,taxable,,Vitamins,Lindens Health + Nutrition Performula Sports 30 Capsules. A vitamins and supplements product. Supplied as 30 Capsules.,No regulation
simple,3600523434725,L'Oréal Men Expert Deodorant Invincible 96hr 150ml,0,0,0,4.79,taxable,,Beauty,L'Oréal Men Expert Deodorant Invincible 96hr 150ml. A health and beauty product. Supplied as 150ml.,No regulation
simple,5011417571279,Lemlift Immune Support Orange Chewable 20 Tablets,0,0,0,4.79,taxable,,Supports & Braces,Lemlift Immune Support Orange Chewable 20 Tablets. A support and mobility product. Supplied as 20 Tablets.,No regulation
simple,0033984009653,Solgar Ester-C Plus 24 Hour Immune Support 7 Powder Sachets,0,0,0,4.79,taxable,,Supports & Braces,Solgar Ester-C Plus 24 Hour Immune Support 7 Powder Sachets. A support and mobility product.,No regulation
simple,0667803002510,Toni & Guy 3D Volumiser Spray 150ml,0,0,0,4.79,taxable,,Hair Care,Toni & Guy 3D Volumiser Spray 150ml. A hair care product. Supplied as 150ml.,No regulation
simple,5012616267918,SolpaOne - Paracetamol 1000mg 12 Soluble Tablets,0,0,0,4.79,taxable,,Pain Relief,"SolpaOne - Paracetamol 1000mg 12 Soluble Tablets. Prescription-only medicine, supplied after an online consultation with our pharmacist. Always read the label and any leaflet supplied. If symptoms persist, speak to your pharmacist or doctor. Supplied as 1000mg.",P
simple,4013162035526,Fenjal Intensive Avocado Oil & Shea Butter Foaming Soap 250ml,0,0,0,4.79,taxable,,Beauty,Fenjal Intensive Avocado Oil & Shea Butter Foaming Soap 250ml. A health and beauty product. Supplied as 250ml.,No regulation
simple,8711700841252,Dove Purely Pampering Shea Butter Body Lotion 400ml,0,0,0,4.79,taxable,,Skincare,Dove Purely Pampering Shea Butter Body Lotion 400ml. A skincare product. Supplied as 400ml.,No regulation
simple,5060180815141,Animology Curly Coat Shampoo 250ml,0,0,0,4.79,taxable,,Hair Care,Animology Curly Coat Shampoo 250ml. A hair care product. Supplied as 250ml.,No regulation
simple,7332531019330,Schwarzkopf Got2b Powderful Styling Powder 10g,0,0,0,4.79,taxable,,Hair Care,Schwarzkopf Got2b Powderful Styling Powder 10g. A hair care product. Supplied as 10g.,No regulation
simple,5060180815387,Animology Heaven Scent Fragrance Mist 150ml,0,0,0,4.79,taxable,,Beauty,Animology Heaven Scent Fragrance Mist 150ml. A health and beauty product. Supplied as 150ml.,No regulation
simple,5016379156106,Dermol Cream 100g,0,0,0,4.79,taxable,,Skincare,"Dermol Cream 100g. Prescription-only medicine, supplied after an online consultation with our pharmacist. Always read the label and any leaflet supplied. If symptoms persist, speak to your pharmacist or doctor. Supplied as 100g.",P
simple,5391513951824,Dioralyte Relief Raspberry 6 Sachets,0,0,0,4.79,taxable,,Vitamins,Dioralyte Relief Raspberry 6 Sachets. A vitamins and supplements product. Supplied as 6 Sachets.,GSL
simple,5029354015206,Aloe Pura Plus Devil's Claw Gel 50ml,0,0,0,4.79,taxable,,Skincare,Aloe Pura Plus Devil's Claw Gel 50ml. A skincare product. Supplied as 50ml.,No regulation
simple,5060342241214,GlucoRx CarePoint Insulin Pen Needles 5mm 31G 100 Pack,0,0,0,4.79,taxable,,Testing & Monitoring,"GlucoRx CarePoint Insulin Pen Needles 5mm 31G 100 Pack. Always read the label and any leaflet supplied. If symptoms persist, speak to your pharmacist or doctor. Supplied as 100 Pack.",No regulation
simple,3600522945260,L'Oréal Men Expert Cool Power Anti-Perspirant 250ml,0,0,0,4.79,taxable,,Beauty,L'Oréal Men Expert Cool Power Anti-Perspirant 250ml. A health and beauty product. Supplied as 250ml.,No regulation
simple,5010249011557,FSC Vitamin E Cream with Calendula 100g,0,0,0,4.79,taxable,,Skincare,FSC Vitamin E Cream with Calendula 100g. A skincare product. Supplied as 100g.,No regulation
simple,0033984010642,Solgar Flavo-Zinc 50 Lozenges,0,0,0,4.79,taxable,,Cold & Flu,"Solgar Flavo-Zinc 50 Lozenges. Always read the label and any leaflet supplied. If symptoms persist, speak to your pharmacist or doctor. Supplied as 50 Lozenges.",No regulation
simple,4042762060218,Balneum Intensiv Cream 5% Urea 50g,0,0,0,4.79,taxable,,Skincare,Balneum Intensiv Cream 5% Urea 50g. A skincare product. Supplied as 50g.,No regulation
simple,5000158069671,Bonjela Junior Gel 15g,0,0,0,4.79,taxable,,Oral Care,Bonjela Junior Gel 15g. An oral care product. Supplied as 15g.,GSL
simple,5060119660538,Evolve Carbomer 0.2% Eye Gel 10g,0,0,0,4.75,taxable,,Skincare,Evolve Carbomer 0.2% Eye Gel 10g. A skincare product. Supplied as 10g.,No regulation
simple,5000283653240,Nasacort Allergy Nasal Spray 30Dse,0,0,0,4.69,taxable,,Cold & Flu,"Nasacort Allergy Nasal Spray 30Dse. Prescription-only medicine, supplied after an online consultation with our pharmacist. Always read the label and any leaflet supplied. If symptoms persist, speak to your pharmacist or doctor.",P
simple,5060144647702,Bulldog Original Deodorant 50ml,0,0,0,4.69,taxable,,Beauty,Bulldog Original Deodorant 50ml. A health and beauty product. Supplied as 50ml.,No regulation
simple,7317400011653,TePe Interdental Brush Angle Mixed 6 Pack,0,0,0,4.69,taxable,,Oral Care,TePe Interdental Brush Angle Mixed 6 Pack. An oral care product. Supplied as 6 Pack.,No regulation
simple,3760201136553,Lamazuna Toothbrush Soft Purple 1 Pack,0,0,0,4.69,taxable,,Oral Care,Lamazuna Toothbrush Soft Purple 1 Pack. An oral care product. Supplied as 1 Pack.,No regulation
simple,8006320046706,BlanX Classic White Toothpaste 75ml,0,0,0,4.69,taxable,,Oral Care,BlanX Classic White Toothpaste 75ml. An oral care product. Supplied as 75ml.,No regulation
simple,5060428198463,Vital Baby Nurture Protect & Care Nipple Shields,0,0,0,4.69,taxable,,Baby & Child,Vital Baby Nurture Protect & Care Nipple Shields. A baby and child product.,No regulation
simple,5000347045233,Panadol Extra Advance 500mg/65mg 32 Tablets,0,0,0,4.69,taxable,,Pain Relief,"Panadol Extra Advance 500mg/65mg 32 Tablets. Prescription-only medicine, supplied after an online consultation with our pharmacist. Always read the label and any leaflet supplied. If symptoms persist, speak to your pharmacist or doctor. Supplied as 32 Tablets.",P
simple,5010249151000,FSC Siberian Ginseng 1000mg 30 Vegetarian Capsules,0,0,0,4.69,taxable,,Vitamins,FSC Siberian Ginseng 1000mg 30 Vegetarian Capsules. A vitamins and supplements product. Supplied as 1000mg.,No regulation
simple,4030571004189,Gel Tears Protection for Dry Eyes 10g,0,0,0,4.69,taxable,,Eye Care,"Gel Tears Protection for Dry Eyes 10g. Prescription-only medicine, supplied after an online consultation with our pharmacist. Always read the label and any leaflet supplied. If symptoms persist, speak to your pharmacist or doctor. Supplied as 10g.",P
simple,3574660127720,Compeed Blister On Toes 8 Plasters,0,0,0,4.69,taxable,,First Aid,"Compeed Blister On Toes 8 Plasters. Always read the label and any leaflet supplied. If symptoms persist, speak to your pharmacist or doctor.",No regulation
simple,5060216564807,Haliborange Strawberry Multi Vitamins Softies 30,0,0,0,4.69,taxable,,Vitamins,Haliborange Strawberry Multi Vitamins Softies 30. A vitamins and supplements product.,No regulation
simple,5029354008321,Australian Tea Tree Antiseptic Cream 50ml,0,0,0,4.69,taxable,,First Aid,"Australian Tea Tree Antiseptic Cream 50ml. Always read the label and any leaflet supplied. If symptoms persist, speak to your pharmacist or doctor. Supplied as 50ml.",No regulation
simple,5028816001207,Bee Health Propolis Throat Spray 50ml,0,0,0,4.69,taxable,,Cold & Flu,"Bee Health Propolis Throat Spray 50ml. Always read the label and any leaflet supplied. If symptoms persist, speak to your pharmacist or doctor. Supplied as 50ml.",No regulation
simple,3574661221113,Calpol Blocked Nose Spray 3+ Years 15ml,0,0,0,4.69,taxable,,Baby & Child,Calpol Blocked Nose Spray 3+ Years 15ml. A baby and child product. Supplied as 15ml.,GSL
simple,5010605054228,Canesten Solution Clotrimazole 20ml,0,0,0,4.69,taxable,,Women's Health,"Canesten Solution Clotrimazole 20ml. Prescription-only medicine, supplied after an online consultation with our pharmacist. Always read the label and any leaflet supplied. If symptoms persist, speak to your pharmacist or doctor. Supplied as 20ml.",P
simple,3574661356167,Sudafed Sinus Pressure & Pain 12 Tablets,0,0,0,4.69,taxable,,Cold & Flu,"Sudafed Sinus Pressure & Pain 12 Tablets. Prescription-only medicine, supplied after an online consultation with our pharmacist. Always read the label and any leaflet supplied. If symptoms persist, speak to your pharmacist or doctor. Supplied as 12 Tablets.",P
simple,6009702811178,Chewy Vites Kids Vitamin C 30 Gummies,0,0,0,4.69,taxable,,Vitamins,Chewy Vites Kids Vitamin C 30 Gummies. A vitamins and supplements product. Supplied as 30 Gummies.,No regulation
simple,8712561613842,Lynx Bodyspray Black 200ml,0,0,0,4.69,taxable,,Beauty,Lynx Bodyspray Black 200ml. A health and beauty product. Supplied as 200ml.,No regulation
simple,5060601930484,BARBER PRO Skin Renewing Foil Mask,0,0,0,4.69,taxable,,Skincare,BARBER PRO Skin Renewing Foil Mask. A skincare product.,No regulation
simple,5060553601876,BeYou Bath Bomb Peppermint & Eucalyptus 150g,0,0,0,4.69,taxable,,Beauty,BeYou Bath Bomb Peppermint & Eucalyptus 150g. A health and beauty product. Supplied as 150g.,No regulation
simple,5014749121976,CS Beauty Eco Friendly Detangle Brush,0,0,0,4.69,taxable,,General Health,CS Beauty Eco Friendly Detangle Brush. A health and wellbeing product.,No regulation
simple,0078522007296,Jason Orange Toothpaste 119ml,0,0,0,4.69,taxable,,Oral Care,Jason Orange Toothpaste 119ml. An oral care product. Supplied as 119ml.,No regulation
simple,3600540080400,Garnier Body Tonic Firming Lotion 400ml,0,0,0,4.69,taxable,,Skincare,Garnier Body Tonic Firming Lotion 400ml. A skincare product. Supplied as 400ml.,No regulation
simple,3760201136607,Lamazuna Toothbrush Medium (Red) 1 Pack,0,0,0,4.69,taxable,,Oral Care,Lamazuna Toothbrush Medium (Red) 1 Pack. An oral care product. Supplied as 1 Pack.,No regulation
simple,5012008606509,Pro:Voke Liquid Blonde Intense Shine Conditioner 200ml,0,0,0,4.69,taxable,,Hair Care,Pro:Voke Liquid Blonde Intense Shine Conditioner 200ml. A hair care product. Supplied as 200ml.,No regulation
simple,5017007600176,Wind-eze Gel Caps 20 Capsules,0,0,0,4.69,taxable,,Vitamins,Wind-eze Gel Caps 20 Capsules. A vitamins and supplements product. Supplied as 20 Capsules.,GSL
simple,5012564000056,Ultrabase Cream 100ml,0,0,0,4.69,taxable,,Skincare,Ultrabase Cream 100ml. A skincare product. Supplied as 100ml.,No regulation
simple,3760201136638,Lamazuna Toothbrush Soft (Blue) 1 Pack,0,0,0,4.69,taxable,,Oral Care,Lamazuna Toothbrush Soft (Blue) 1 Pack. An oral care product. Supplied as 1 Pack.,No regulation
simple,3331300097221,Stérimar Breathe Easy Daily 50ml,0,0,0,4.69,taxable,,General Health,Stérimar Breathe Easy Daily 50ml. A health and wellbeing product. Supplied as 50ml.,No regulation
simple,5060553601852,BeYou Bath Bomb Orange Leaf & Grapefruit 150g,0,0,0,4.69,taxable,,Beauty,BeYou Bath Bomb Orange Leaf & Grapefruit 150g. A health and beauty product. Supplied as 150g.,No regulation
simple,5011309915112,Metanium Everyday Barrier Ointment 80g,0,0,0,4.69,taxable,,Skincare,Metanium Everyday Barrier Ointment 80g. A skincare product. Supplied as 80g.,No regulation
simple,7322540852165,Tena Discreet Normal Pads 24 Pack,0,0,0,4.69,taxable,zero-rate,Continence,Tena Discreet Normal Pads 24 Pack. A continence care product. Supplied as 24 Pack.,No regulation
simple,8712561018630,Lynx Africa Anti Sweat Antiperspirant 200ml,0,0,0,4.69,taxable,,Beauty,Lynx Africa Anti Sweat Antiperspirant 200ml. A health and beauty product. Supplied as 200ml.,No regulation
simple,3760201136614,Lamazuna Toothbrush Soft (Yellow) 1 Pack,0,0,0,4.69,taxable,,Oral Care,Lamazuna Toothbrush Soft (Yellow) 1 Pack. An oral care product. Supplied as 1 Pack.,No regulation
simple,5010249152496,FSC Ginkgo Biloba 500mg 60 Tablets,0,0,0,4.69,taxable,,Vitamins,FSC Ginkgo Biloba 500mg 60 Tablets. A vitamins and supplements product. Supplied as 60 Tablets.,No regulation
simple,5029066007162,Childs Farm Bubble Bath Organic Raspberry 250ml,0,0,0,4.69,taxable,,Beauty,Childs Farm Bubble Bath Organic Raspberry 250ml. A health and beauty product. Supplied as 250ml.,No regulation
simple,5000488104400,Nelsons Arnica Cream for Bruises 30g,0,0,0,4.69,taxable,,Skincare,Nelsons Arnica Cream for Bruises 30g. A skincare product. Supplied as 30g.,GSL
simple,3600542050579,Garnier Natural Rose Water Toner Sensitive Skin 200ml,0,0,0,4.69,taxable,,Skincare,Garnier Natural Rose Water Toner Sensitive Skin 200ml. A skincare product. Supplied as 200ml.,No regulation
simple,4013162025473,Fenjal Intensive Avocado Oil & Shea Butter Shower Cream 200ml,0,0,0,4.69,taxable,,Skincare,Fenjal Intensive Avocado Oil & Shea Butter Shower Cream 200ml. A skincare product. Supplied as 200ml.,No regulation
simple,5391531560602,Spotlight Oral Care Dental Floss for Whitening,0,0,0,4.69,taxable,,Oral Care,Spotlight Oral Care Dental Floss for Whitening. An oral care product.,No regulation
simple,5060209732558,Epimax Moisturising Cream 500g,0,0,0,4.69,taxable,,Skincare,Epimax Moisturising Cream 500g. A skincare product. Supplied as 500g.,No regulation
simple,5060704340067,Acala Bamboo Flannel,0,0,0,4.69,taxable,,General Health,Acala Bamboo Flannel. A health and wellbeing product.,No regulation
simple,8001090678645,Head & Shoulders Supreme Anti-Frizz Anti-Dandruff Shampoo 400ml,0,0,0,4.69,taxable,,Hair Care,Head & Shoulders Supreme Anti-Frizz Anti-Dandruff Shampoo 400ml. A hair care product. Supplied as 400ml.,No regulation
simple,3800219793055,Alteya Organic Hand Cream Rose Jasmine Moisture Dew 30ml,0,0,0,4.69,taxable,,Skincare,Alteya Organic Hand Cream Rose Jasmine Moisture Dew 30ml. A skincare product. Supplied as 30ml.,No regulation
simple,7317400011592,TePe Interdental Brush Angle 0.7mm 6 Pack,0,0,0,4.69,taxable,,Oral Care,TePe Interdental Brush Angle 0.7mm 6 Pack. An oral care product. Supplied as 6 Pack.,No regulation
simple,5010123667320,Calpol Six Plus Sugar Free Suspension 100ml,0,0,0,4.69,taxable,,Baby & Child,"Calpol Six Plus Sugar Free Suspension 100ml. Prescription-only medicine, supplied after an online consultation with our pharmacist. Always read the label and any leaflet supplied. If symptoms persist, speak to your pharmacist or doctor. Supplied as 100ml.",P
simple,8719327597866,Altruist Sunscreen SPF50 100ml,0,0,0,4.69,taxable,,Skincare,Altruist Sunscreen SPF50 100ml. A skincare product. Supplied as 100ml.,No regulation
simple,5010123667740,Benylin Children's Night Coughs 6+ Years 125ml,0,0,0,4.69,taxable,,Baby & Child,"Benylin Children's Night Coughs 6+ Years 125ml. Prescription-only medicine, supplied after an online consultation with our pharmacist. Always read the label and any leaflet supplied. If symptoms persist, speak to your pharmacist or doctor. Supplied as 125ml.",P
simple,3760201136621,Lamazuna Toothbrush Medium (Yellow) 1 Pack,0,0,0,4.69,taxable,,Oral Care,Lamazuna Toothbrush Medium (Yellow) 1 Pack. An oral care product. Supplied as 1 Pack.,No regulation
simple,9300631528791,Veet Natural Wax Strips for Normal Skin 20 Pack,0,0,0,4.69,taxable,,Skincare,Veet Natural Wax Strips for Normal Skin 20 Pack. A skincare product. Supplied as 20 Pack.,No regulation
simple,0748378004212,Eco Style Black Castor & Flaxseed Oil Styling Gel 473ml,0,0,0,4.69,taxable,,Hair Care,Eco Style Black Castor & Flaxseed Oil Styling Gel 473ml. A hair care product. Supplied as 473ml.,No regulation
simple,5391531560596,Spotlight Oral Care Dental Floss for Gum Health,0,0,0,4.69,taxable,,Oral Care,Spotlight Oral Care Dental Floss for Gum Health. An oral care product.,No regulation
simple,5055148400163,Lamberts Zinc 15mg (As Citrate) 90 Tablets,0,0,0,4.69,taxable,,Vitamins,Lamberts Zinc 15mg (As Citrate) 90 Tablets. A vitamins and supplements product. Supplied as 90 Tablets.,No regulation
simple,4005900125484,Nivea Sun Protect Refreshing Sun Lotion SPF10 200ml,0,0,0,4.69,taxable,,Skincare,Nivea Sun Protect Refreshing Sun Lotion SPF10 200ml. A skincare product. Supplied as 200ml.,No regulation
simple,5060332530984,Lindens Health + Nutrition Folic Acid 400mcg 240 Tablets,0,0,0,4.69,taxable,,Women's Health,Lindens Health + Nutrition Folic Acid 400mcg 240 Tablets. A women's health product. Supplied as 240 Tablets.,No regulation
simple,5391531560619,Spotlight Oral Care Dental Floss for Decay,0,0,0,4.69,taxable,,Oral Care,Spotlight Oral Care Dental Floss for Decay. An oral care product.,No regulation
simple,5023652293090,Nature's Aid Vitamin D3 1000iu (25µg) 90 Tablets,0,0,0,4.69,taxable,,Vitamins,Nature's Aid Vitamin D3 1000iu (25µg) 90 Tablets. A vitamins and supplements product. Supplied as 90 Tablets.,No regulation
simple,5060553601869,BeYou Bath Bomb Lemon & Neroli 150g,0,0,0,4.69,taxable,,Beauty,BeYou Bath Bomb Lemon & Neroli 150g. A health and beauty product. Supplied as 150g.,No regulation
simple,3574661240282,Piz Buin Protect & Cool Refreshing Sun Mousse SPF10 150ml,0,0,0,4.69,taxable,,Hair Care,Piz Buin Protect & Cool Refreshing Sun Mousse SPF10 150ml. A hair care product. Supplied as 150ml.,No regulation
simple,3760201136591,Lamazuna Toothbrush Soft (Red) 1 Pack,0,0,0,4.69,taxable,,Oral Care,Lamazuna Toothbrush Soft (Red) 1 Pack. An oral care product. Supplied as 1 Pack.,No regulation
simple,5011309104615,Knect Lubricant 50ml,0,0,0,4.69,taxable,,Sexual Wellness,"Knect Lubricant 50ml. Always read the label and any leaflet supplied. If symptoms persist, speak to your pharmacist or doctor. Supplied as 50ml.",No regulation
simple,3760201136577,Lamazuna Toothbrush Soft Green,0,0,0,4.69,taxable,,Oral Care,Lamazuna Toothbrush Soft Green. An oral care product.,No regulation
simple,4710636646102,GlucoRx Lancing Device,0,0,0,4.69,taxable,,Testing & Monitoring,"GlucoRx Lancing Device. Always read the label and any leaflet supplied. If symptoms persist, speak to your pharmacist or doctor.",No regulation
simple,5013548102087,Bragg's Medicinal Charcoal 100 Tablets,0,0,0,4.69,taxable,,Vitamins,Bragg's Medicinal Charcoal 100 Tablets. A vitamins and supplements product. Supplied as 100 Tablets.,No regulation
simple,5060553601883,BeYou Bath Bomb Chamomile & Jasmine 150g,0,0,0,4.69,taxable,,Beauty,BeYou Bath Bomb Chamomile & Jasmine 150g. A health and beauty product. Supplied as 150g.,No regulation
simple,5011501190010,Stop 'n Grow Anti-Biting Nail Varnish 7.5ml,0,0,0,4.59,taxable,,Beauty,Stop 'n Grow Anti-Biting Nail Varnish 7.5ml. A health and beauty product. Supplied as 7.5ml.,No regulation
simple,5012617002136,Accord Co-codamol 8/500mg 32 Tablets,0,0,0,4.59,taxable,,Pain Relief,"Accord Co-codamol 8/500mg 32 Tablets. Prescription-only medicine, supplied after an online consultation with our pharmacist. Always read the label and any leaflet supplied. If symptoms persist, speak to your pharmacist or doctor. Supplied as 32 Tablets.",P
simple,8710908777110,Dove Invigorating Ritual Body Lotion Avocado & Calendula 250ml,0,0,0,4.59,taxable,,Skincare,Dove Invigorating Ritual Body Lotion Avocado & Calendula 250ml. A skincare product. Supplied as 250ml.,No regulation
simple,8710447249055,Lynx Body Spray Gold 200ml,0,0,0,4.59,taxable,,Beauty,Lynx Body Spray Gold 200ml. A health and beauty product. Supplied as 200ml.,No regulation
simple,5012674061381,Stugeron 15 Tablets,0,0,0,4.59,taxable,,Prescription Medicines,"Stugeron 15 Tablets. Prescription-only medicine, supplied after an online consultation with our pharmacist. Always read the label and any leaflet supplied. If symptoms persist, speak to your pharmacist or doctor. Supplied as 15 Tablets.",P
simple,5025903028338,Careway Mebeverine 15 Tablets,0,0,0,4.59,taxable,,Prescription Medicines,"Careway Mebeverine 15 Tablets. Prescription-only medicine, supplied after an online consultation with our pharmacist. Always read the label and any leaflet supplied. If symptoms persist, speak to your pharmacist or doctor. Supplied as 15 Tablets.",P
simple,5010934005151,Vagisil Bladder Weakness Care 2in1 Wipes 12 Pack,0,0,0,4.59,taxable,,Continence,Vagisil Bladder Weakness Care 2in1 Wipes 12 Pack. A continence care product. Supplied as 12 Pack.,No regulation
simple,8712561982641,Dove Derma Spa Summer Revived Body Lotion 200ml,0,0,0,4.59,taxable,,Skincare,Dove Derma Spa Summer Revived Body Lotion 200ml. A skincare product. Supplied as 200ml.,No regulation
simple,3574660509137,Benylin Children's Chesty Coughs 6+ Years 125ml,0,0,0,4.59,taxable,,Baby & Child,"Benylin Children's Chesty Coughs 6+ Years 125ml. Prescription-only medicine, supplied after an online consultation with our pharmacist. Always read the label and any leaflet supplied. If symptoms persist, speak to your pharmacist or doctor. Supplied as 125ml.",P
simple,0672153907200,Woody's Beard Balm 56.7g,0,0,0,4.59,taxable,,Men's Grooming,Woody's Beard Balm 56.7g. A men's grooming product. Supplied as 56.7g.,No regulation
simple,5060332536306,Lindens Health + Nutrition Vitamin C 500mg 120 Tablets,0,0,0,4.59,taxable,,Vitamins,Lindens Health + Nutrition Vitamin C 500mg 120 Tablets. A vitamins and supplements product. Supplied as 120 Tablets.,No regulation
simple,3800219794687,Alteya Organic Hand Cleanser 100ml,0,0,0,4.59,taxable,,Skincare,Alteya Organic Hand Cleanser 100ml. A skincare product. Supplied as 100ml.,No regulation
simple,5030451003270,Movelat Gel Relief 40g,0,0,0,4.59,taxable,,Prescription Medicines,"Movelat Gel Relief 40g. Prescription-only medicine, supplied after an online consultation with our pharmacist. Always read the label and any leaflet supplied. If symptoms persist, speak to your pharmacist or doctor. Supplied as 40g.",P
simple,5012583105084,Schwarzkopf Got2B Glued Water Resistant Spiking Gel 150ml,0,0,0,4.59,taxable,,Hair Care,Schwarzkopf Got2B Glued Water Resistant Spiking Gel 150ml. A hair care product. Supplied as 150ml.,No regulation
simple,5055148412050,Lamberts Osteoguard 30 Tablets,0,0,0,4.59,taxable,,Vitamins,Lamberts Osteoguard 30 Tablets. A vitamins and supplements product. Supplied as 30 Tablets.,No regulation
simple,5060201410218,Sugar Coated Talc Pure Fine 75g,0,0,0,4.59,taxable,,General Health,Sugar Coated Talc Pure Fine 75g. A health and wellbeing product. Supplied as 75g.,No regulation
simple,6009702810867,Chewy Vites Kids Brain Support Omega-3 DHA 30 Gummies,0,0,0,4.59,taxable,,Supports & Braces,Chewy Vites Kids Brain Support Omega-3 DHA 30 Gummies. A support and mobility product. Supplied as 30 Gummies.,No regulation
simple,5011309501810,Hedrin Protect & Go Spray 120ml,0,0,0,4.59,taxable,,Beauty,Hedrin Protect & Go Spray 120ml. A health and beauty product. Supplied as 120ml.,No regulation
simple,5430000934299,Bambaw Cotton Buds Box 400 Pack,0,0,0,4.59,taxable,,General Health,Bambaw Cotton Buds Box 400 Pack. A health and wellbeing product. Supplied as 400 Pack.,No regulation
simple,5010605054013,Canesten Cream 1% 20g,0,0,0,4.59,taxable,,Women's Health,"Canesten Cream 1% 20g. Prescription-only medicine, supplied after an online consultation with our pharmacist. Always read the label and any leaflet supplied. If symptoms persist, speak to your pharmacist or doctor. Supplied as 20g.",P
simple,5060084171619,Profoot Blister Plasters 6 Pack,0,0,0,4.59,taxable,,First Aid,"Profoot Blister Plasters 6 Pack. Always read the label and any leaflet supplied. If symptoms persist, speak to your pharmacist or doctor. Supplied as 6 Pack.",No regulation
simple,5060135170257,Remedy Healthcare Vitamin A& D 28 Capsules,0,0,0,4.59,taxable,,Vitamins,Remedy Healthcare Vitamin A& D 28 Capsules. A vitamins and supplements product. Supplied as 28 Capsules.,No regulation
simple,5000477671180,Olbas Oil Inhalant Decongestant 12ml,0,0,0,4.59,taxable,,Cold & Flu,"Olbas Oil Inhalant Decongestant 12ml. Always read the label and any leaflet supplied. If symptoms persist, speak to your pharmacist or doctor. Supplied as 12ml.",GSL
simple,0079400263322,Toni & Guy Intense Softness Shampoo 250ml,0,0,0,4.59,taxable,,Hair Care,Toni & Guy Intense Softness Shampoo 250ml. A hair care product. Supplied as 250ml.,No regulation
simple,5038483677995,Scholl Dual Action Foot File Split,0,0,0,4.59,taxable,,Supports & Braces,Scholl Dual Action Foot File Split. A support and mobility product.,No regulation
simple,5025135116599,Malibu Kids Sun Lotion SPF50 200ml,0,0,0,4.59,taxable,,Skincare,Malibu Kids Sun Lotion SPF50 200ml. A skincare product. Supplied as 200ml.,No regulation
simple,5010415230225,Tommee Tippee Closer to Nature Breast Milk Storage Bags 36 Pack,0,0,0,4.59,taxable,reduced-rate,General Health,Tommee Tippee Closer to Nature Breast Milk Storage Bags 36 Pack. A health and wellbeing product. Supplied as 36 Pack.,No regulation
simple,0047701500897,DenTek Comfort Clean Easy Reach Floss Picks 60 Pack,0,0,0,4.59,taxable,,Oral Care,DenTek Comfort Clean Easy Reach Floss Picks 60 Pack. An oral care product. Supplied as 60 Pack.,No regulation
simple,5016379321009,Salatac Wart Gel 8g,0,0,0,4.59,taxable,,Skincare,"Salatac Wart Gel 8g. Prescription-only medicine, supplied after an online consultation with our pharmacist. Always read the label and any leaflet supplied. If symptoms persist, speak to your pharmacist or doctor. Supplied as 8g.",P
simple,7322540426335,Tena Men Active Fit Absorbent Protector Level 1 12 Pack,0,0,0,4.59,taxable,zero-rate,Continence,Tena Men Active Fit Absorbent Protector Level 1 12 Pack. A continence care product. Supplied as 12 Pack.,No regulation
simple,5000158064591,Gaviscon Liquid Peppermint 150ml,0,0,0,4.59,taxable,,Digestive,"Gaviscon Liquid Peppermint 150ml. Always read the label and any leaflet supplied. If symptoms persist, speak to your pharmacist or doctor. Supplied as 150ml.",GSL
simple,3574660593051,Sudafed Blocked Nose 24 Capsules,0,0,0,4.59,taxable,,Cold & Flu,"Sudafed Blocked Nose 24 Capsules. Always read the label and any leaflet supplied. If symptoms persist, speak to your pharmacist or doctor. Supplied as 24 Capsules.",GSL
simple,5060455144990,Brushworks Professional Oval Detangling Hair Brush,0,0,0,4.59,taxable,,Hair Care,Brushworks Professional Oval Detangling Hair Brush. A hair care product.,No regulation
simple,5011417561737,Dettol Anti-Bacterial Mould & Mildew Remover 750ml,0,0,0,4.59,taxable,,General Health,Dettol Anti-Bacterial Mould & Mildew Remover 750ml. A health and wellbeing product. Supplied as 750ml.,No regulation
simple,5017539300445,Ever Ready Corn Callus Knife,0,0,0,4.59,taxable,,Skincare,Ever Ready Corn Callus Knife. A skincare product.,No regulation
simple,4770001331903,Ecodenta Triple Force Toothpaste 100ml,0,0,0,4.59,taxable,,Oral Care,Ecodenta Triple Force Toothpaste 100ml. An oral care product. Supplied as 100ml.,No regulation
simple,8718951249608,Colgate Battery Toothbrush Batman Soft,0,0,0,4.59,taxable,,Oral Care,Colgate Battery Toothbrush Batman Soft. An oral care product.,No regulation
simple,3574660569483,Ovex Single Tablet,0,0,0,4.59,taxable,,Prescription Medicines,"Ovex Single Tablet. Prescription-only medicine, supplied after an online consultation with our pharmacist. Always read the label and any leaflet supplied. If symptoms persist, speak to your pharmacist or doctor.",P
simple,5060201410201,Sugar Coated 100ml Mist Soothing,0,0,0,4.59,taxable,,Beauty,Sugar Coated 100ml Mist Soothing. A health and beauty product. Supplied as 100ml.,No regulation
simple,5060519143730,Pukka Day To Night Tea 20 Sachets,0,0,0,4.59,taxable,zero-rate,Vitamins,Pukka Day To Night Tea 20 Sachets. A vitamins and supplements product. Supplied as 20 Sachets.,No regulation
simple,8717644012208,Lynx Africa Squeezed Mandarin & Sandalwood Scent Deodorant 150ml,0,0,0,4.59,taxable,,Beauty,Lynx Africa Squeezed Mandarin & Sandalwood Scent Deodorant 150ml. A health and beauty product. Supplied as 150ml.,No regulation
simple,5010249053656,The Food Supplement Company Sage Leaf 285mg Complex 90 Capsules,0,0,0,4.59,taxable,,Vitamins,The Food Supplement Company Sage Leaf 285mg Complex 90 Capsules. A vitamins and supplements product. Supplied as 90 Capsules.,No regulation
simple,7317400011530,TePe Interdental Brush Angle 0.5mm 6 Pack,0,0,0,4.59,taxable,,Oral Care,TePe Interdental Brush Angle 0.5mm 6 Pack. An oral care product. Supplied as 6 Pack.,No regulation
simple,5029354008260,Australian Tea Tree 100% Pure Oil 10ml,0,0,0,4.59,taxable,,Skincare,Australian Tea Tree 100% Pure Oil 10ml. A skincare product. Supplied as 10ml.,No regulation
simple,5011309010114,Cerumol Extra Virgin Olive Oil Ear Drops 10ml,0,0,0,4.59,taxable,,Vitamins,Cerumol Extra Virgin Olive Oil Ear Drops 10ml. A vitamins and supplements product. Supplied as 10ml.,GSL
simple,5011501000579,Deep Relief Triple Action Anti-Inflammatory Gel 30g,0,0,0,4.59,taxable,,Skincare,Deep Relief Triple Action Anti-Inflammatory Gel 30g. A skincare product. Supplied as 30g.,GSL
simple,5012583210146,Schwarzkopf Vitamin B Volume Hairspray 400ml,0,0,0,4.59,taxable,,Hair Care,Schwarzkopf Vitamin B Volume Hairspray 400ml. A hair care product. Supplied as 400ml.,No regulation
simple,3574660342291,Neutrogena Hand & Nail Cream 75ml,0,0,0,4.59,taxable,,Skincare,Neutrogena Hand & Nail Cream 75ml. A skincare product. Supplied as 75ml.,No regulation
simple,5016379175015,Doublebase Once Emollient Gel 100g,0,0,0,4.59,taxable,,Skincare,Doublebase Once Emollient Gel 100g. A skincare product. Supplied as 100g.,No regulation
simple,5025135118692,Malibu Dry Oil Spray SPF50 200ml,0,0,0,4.59,taxable,,Skincare,Malibu Dry Oil Spray SPF50 200ml. A skincare product. Supplied as 200ml.,No regulation
simple,0078522090557,Jason Deodorant Stick Apricot 75g,0,0,0,4.59,taxable,,Beauty,Jason Deodorant Stick Apricot 75g. A health and beauty product. Supplied as 75g.,No regulation
simple,5000477799082,Kalms One-A-Night 21 Tablets,0,0,0,4.59,taxable,,Vitamins,Kalms One-A-Night 21 Tablets. A vitamins and supplements product. Supplied as 21 Tablets.,No regulation
simple,3331300097382,Stérimar Congestion Relief 50ml,0,0,0,4.59,taxable,,Cold & Flu,"Stérimar Congestion Relief 50ml. Always read the label and any leaflet supplied. If symptoms persist, speak to your pharmacist or doctor. Supplied as 50ml.",No regulation
simple,5060185372915,St. Moriz Velvet Tanning Mitt,0,0,0,4.59,taxable,,General Health,St. Moriz Velvet Tanning Mitt. A health and wellbeing product.,No regulation
simple,50488780,Nelsons Teetha Teething Granules 24 Pack,0,0,0,4.59,taxable,,Baby & Child,Nelsons Teetha Teething Granules 24 Pack. A baby and child product. Supplied as 24 Pack.,No regulation
simple,5011408061581,L'Oréal Age Perfect Refreshing Toner 200ml,0,0,0,4.59,taxable,,Skincare,L'Oréal Age Perfect Refreshing Toner 200ml. A skincare product. Supplied as 200ml.,No regulation
simple,5010249024953,FSC Coq10 30mg 30 Capsules,0,0,0,4.59,taxable,,Vitamins,FSC Coq10 30mg 30 Capsules. A vitamins and supplements product. Supplied as 30 Capsules.,No regulation
simple,5060421930336,Aproderm Barrier Cream 30g,0,0,0,4.59,taxable,,Skincare,Aproderm Barrier Cream 30g. A skincare product. Supplied as 30g.,No regulation
simple,0615908426748,Tigi Bed Head Shampoo Colour Goddess 400ml,0,0,0,4.59,taxable,,Hair Care,Tigi Bed Head Shampoo Colour Goddess 400ml. A hair care product. Supplied as 400ml.,No regulation
simple,5000158064584,Gaviscon Original Aniseed Relief Oral Suspension 150ml,0,0,0,4.59,taxable,,Digestive,"Gaviscon Original Aniseed Relief Oral Suspension 150ml. Always read the label and any leaflet supplied. If symptoms persist, speak to your pharmacist or doctor. Supplied as 150ml.",GSL
simple,5016007455403,Celluvisc Eye Drops 1% w/v Unit Dose 30 Pack,0,0,0,4.59,taxable,,Eye Care,"Celluvisc Eye Drops 1% w/v Unit Dose 30 Pack. Prescription-only medicine, supplied after an online consultation with our pharmacist. Always read the label and any leaflet supplied. If symptoms persist, speak to your pharmacist or doctor. Supplied as 30 Pack.",P
simple,5708932006927,Compeed Corn 10 Medium Plasters,0,0,0,4.59,taxable,,First Aid,"Compeed Corn 10 Medium Plasters. Always read the label and any leaflet supplied. If symptoms persist, speak to your pharmacist or doctor.",No regulation
simple,0672153907484,Woody's Beard Wash 187ml,0,0,0,4.59,taxable,,Men's Grooming,Woody's Beard Wash 187ml. A men's grooming product. Supplied as 187ml.,No regulation
simple,8710447337295,Lynx Anti-Perspirant Gold 200ml,0,0,0,4.59,taxable,,Beauty,Lynx Anti-Perspirant Gold 200ml. A health and beauty product. Supplied as 200ml.,No regulation
simple,5060229012371,Pukka Herbal Collection Tea 20 Sachets,0,0,0,4.59,taxable,zero-rate,Vitamins,Pukka Herbal Collection Tea 20 Sachets. A vitamins and supplements product. Supplied as 20 Sachets.,No regulation
simple,5012654200748,Carnation Hydro Corn 10 Waterproof Dressings,0,0,0,4.58,taxable,,First Aid,"Carnation Hydro Corn 10 Waterproof Dressings. Always read the label and any leaflet supplied. If symptoms persist, speak to your pharmacist or doctor.",No regulation
simple,8001841267173,Pantene Shampoo Smooth & Sleek 360ml,0,0,0,4.49,taxable,,Hair Care,Pantene Shampoo Smooth & Sleek 360ml. A hair care product. Supplied as 360ml.,No regulation
simple,5011417570371,E45 Rich Hand Cream 50ml,0,0,0,4.49,taxable,,Skincare,E45 Rich Hand Cream 50ml. A skincare product. Supplied as 50ml.,No regulation
simple,0010181032868,Palmer's Coconut Oil Body Firming Sheet Mask 2 Single Use Masks,0,0,0,4.49,taxable,,Skincare,Palmer's Coconut Oil Body Firming Sheet Mask 2 Single Use Masks. A skincare product.,No regulation
simple,5015802221220,Wax Lyrical Reed Diffuser 40ml Lemon Verbena,0,0,0,4.49,taxable,,Home & Household,Wax Lyrical Reed Diffuser 40ml Lemon Verbena. A home and household product. Supplied as 40ml.,No regulation
simple,8809514550160,Rated Green Cold Brew Hibiscus Moisturising Scalp Pack 50ml,0,0,0,4.49,taxable,,Cold & Flu,"Rated Green Cold Brew Hibiscus Moisturising Scalp Pack 50ml. Always read the label and any leaflet supplied. If symptoms persist, speak to your pharmacist or doctor. Supplied as 50ml.",No regulation
simple,5024874016122,"Valupak Hair, Nails & Skin 30 Tablets",0,0,0,4.49,taxable,,Hair Care,"Valupak Hair, Nails & Skin 30 Tablets. A hair care product. Supplied as 30 Tablets.",No regulation
simple,8714789861791,Sanex Dermo Sensitive Cream Bath 500ml,0,0,0,4.49,taxable,,Skincare,Sanex Dermo Sensitive Cream Bath 500ml. A skincare product. Supplied as 500ml.,No regulation
simple,8714789683645,Colgate 360 Whole Mouth Clean Cheek & Tongue Cleaner,0,0,0,4.49,taxable,,Oral Care,Colgate 360 Whole Mouth Clean Cheek & Tongue Cleaner. An oral care product.,No regulation
simple,5016870226049,Kinetik Wellbeing Instant Digital Thermometer,0,0,0,4.49,taxable,,First Aid,"Kinetik Wellbeing Instant Digital Thermometer. Always read the label and any leaflet supplied. If symptoms persist, speak to your pharmacist or doctor.",No regulation
simple,3435172131004,Quies Ear Plugs Silicone Noise Reduction 3 Pairs,0,0,0,4.49,taxable,,General Health,Quies Ear Plugs Silicone Noise Reduction 3 Pairs. A health and wellbeing product.,No regulation
simple,5012674021101,Daktarin Aktiv Cream 15g,0,0,0,4.49,taxable,,Skincare,Daktarin Aktiv Cream 15g. A skincare product. Supplied as 15g.,GSL
simple,5017371151656,Calypso Carrot Oil with Tan Extender SPF6 200ml,0,0,0,4.49,taxable,,Skincare,Calypso Carrot Oil with Tan Extender SPF6 200ml. A skincare product. Supplied as 200ml.,No regulation
simple,5060447949060,Childs Farm Baby Shampoo & Wash 250ml,0,0,0,4.49,taxable,,Baby & Child,Childs Farm Baby Shampoo & Wash 250ml. A baby and child product. Supplied as 250ml.,No regulation
simple,5012617018656,Sominex Herbal 30 Tablets,0,0,0,4.49,taxable,,Vitamins,Sominex Herbal 30 Tablets. A vitamins and supplements product. Supplied as 30 Tablets.,GSL
simple,5015802221282,Wax Lyrical Reed Diffuser 40ml Vanilla Flower,0,0,0,4.49,taxable,,Home & Household,Wax Lyrical Reed Diffuser 40ml Vanilla Flower. A home and household product. Supplied as 40ml.,No regulation
simple,5061017640325,Mr. Mozzie After Sun with Mosquito Repellent 75ml,0,0,0,4.49,taxable,,Skincare,Mr. Mozzie After Sun with Mosquito Repellent 75ml. A skincare product. Supplied as 75ml.,No regulation
simple,5010934004246,Vagisil Itch Relief Intimate Wipes 12 Pack,0,0,0,4.49,taxable,,Sexual Wellness,"Vagisil Itch Relief Intimate Wipes 12 Pack. Always read the label and any leaflet supplied. If symptoms persist, speak to your pharmacist or doctor. Supplied as 12 Pack.",GSL
simple,7350087736600,E45 Dermatological Moisturising Lotion 200ml,0,0,0,4.49,taxable,,Skincare,E45 Dermatological Moisturising Lotion 200ml. A skincare product. Supplied as 200ml.,GSL
simple,5012583210108,Schwarzkopf Keratin Heat Protect Spray 200ml,0,0,0,4.49,taxable,,Hair Care,Schwarzkopf Keratin Heat Protect Spray 200ml. A hair care product. Supplied as 200ml.,No regulation
simple,8713713076386,Doctor Gut Boating Relief 15 Capsules,0,0,0,4.49,taxable,,Vitamins,Doctor Gut Boating Relief 15 Capsules. A vitamins and supplements product. Supplied as 15 Capsules.,No regulation
simple,0071409543221,Mane 'n Tail Original Conditioner 355ml,0,0,0,4.49,taxable,,Hair Care,Mane 'n Tail Original Conditioner 355ml. A hair care product. Supplied as 355ml.,No regulation
simple,4820232640258,Apriori Slim Lavender Luster Medium,0,0,0,4.49,taxable,,General Health,Apriori Slim Lavender Luster Medium. A health and wellbeing product.,No regulation
simple,5010934005144,Vagisil Bladder Weakness Care 2in1 Wash 250ml,0,0,0,4.49,taxable,,Continence,Vagisil Bladder Weakness Care 2in1 Wash 250ml. A continence care product. Supplied as 250ml.,No regulation
simple,5060133376279,Cl-ear Express Ear Drops 12ml,0,0,0,4.49,taxable,,Vitamins,Cl-ear Express Ear Drops 12ml. A vitamins and supplements product. Supplied as 12ml.,GSL
simple,0071409543078,Mane 'n Tail Herbal Essentials Shampoo 355ml,0,0,0,4.49,taxable,,Hair Care,Mane 'n Tail Herbal Essentials Shampoo 355ml. A hair care product. Supplied as 355ml.,No regulation
simple,5010441014332,Numark Footcare Blister Plasters 5 Pack,0,0,0,4.49,taxable,,First Aid,"Numark Footcare Blister Plasters 5 Pack. Always read the label and any leaflet supplied. If symptoms persist, speak to your pharmacist or doctor. Supplied as 5 Pack.",No regulation
simple,5060209732459,Epimax Original Cream 500g,0,0,0,4.49,taxable,,Skincare,Epimax Original Cream 500g. A skincare product. Supplied as 500g.,No regulation
simple,5029053573724,Kleenex Allergy Comfort Regular Twin 2x56s,0,0,0,4.49,taxable,,General Health,Kleenex Allergy Comfort Regular Twin 2x56s. A health and wellbeing product.,No regulation
simple,3574669909228,Johnson's Baby Bedtime Oil 300ml,0,0,0,4.49,taxable,,Baby & Child,Johnson's Baby Bedtime Oil 300ml. A baby and child product. Supplied as 300ml.,No regulation
simple,8032668870444,Hydramed Night Eye Ointment 5g,0,0,0,4.49,taxable,,Eye Care,"Hydramed Night Eye Ointment 5g. Always read the label and any leaflet supplied. If symptoms persist, speak to your pharmacist or doctor. Supplied as 5g.",No regulation
simple,9421034852457,d3 Cohesive Bandage Compression Wrap 13.7m,0,0,0,4.49,taxable,,Supports & Braces,d3 Cohesive Bandage Compression Wrap 13.7m. A support and mobility product.,No regulation
simple,5025135002373,Malibu Bronzing Tanning Oil Passion Fruit SPF10 200ml,0,0,0,4.49,taxable,,Skincare,Malibu Bronzing Tanning Oil Passion Fruit SPF10 200ml. A skincare product. Supplied as 200ml.,No regulation
simple,5060018880303,Murine Hay Fever Relief Eye Drops 10ml,0,0,0,4.49,taxable,,Eye Care,"Murine Hay Fever Relief Eye Drops 10ml. Always read the label and any leaflet supplied. If symptoms persist, speak to your pharmacist or doctor. Supplied as 10ml.",GSL
simple,8809514550153,Rated Green Cold-Brew Rosemary Balancing Scalp Pack with Charcoal 50ml,0,0,0,4.49,taxable,,Hair Care,Rated Green Cold-Brew Rosemary Balancing Scalp Pack with Charcoal 50ml. A hair care product. Supplied as 50ml.,No regulation
simple,3600523717491,L'Oréal Men Expert Hydra Energetic Deep Exfoliating Face Scrub 100ml,0,0,0,4.49,taxable,,Skincare,L'Oréal Men Expert Hydra Energetic Deep Exfoliating Face Scrub 100ml. A skincare product. Supplied as 100ml.,No regulation
simple,5015802221299,Wax Lyrical Reed Diffuser 40ml Fresh Linen,0,0,0,4.49,taxable,,Home & Household,Wax Lyrical Reed Diffuser 40ml Fresh Linen. A home and household product. Supplied as 40ml.,No regulation
simple,5015802221213,Wax Lyrical Reed Diffuser 40ml Sea Breeze,0,0,0,4.49,taxable,,Home & Household,Wax Lyrical Reed Diffuser 40ml Sea Breeze. A home and household product. Supplied as 40ml.,No regulation
simple,7322540560602,Tena Men Active Fit Absorbent Protector Level 3 8 Pack,0,0,0,4.49,taxable,zero-rate,Continence,Tena Men Active Fit Absorbent Protector Level 3 8 Pack. A continence care product. Supplied as 8 Pack.,No regulation
simple,5060332535583,Lindens Health + Nutrition Vitamin B12 (250mcg) 120 Tablets,0,0,0,4.49,taxable,,Vitamins,Lindens Health + Nutrition Vitamin B12 (250mcg) 120 Tablets. A vitamins and supplements product. Supplied as 120 Tablets.,No regulation
simple,5000158100718,Nurofen Express 200mg 16 Liquid Capsules,0,0,0,4.49,taxable,,Pain Relief,"Nurofen Express 200mg 16 Liquid Capsules. Always read the label and any leaflet supplied. If symptoms persist, speak to your pharmacist or doctor. Supplied as 200mg.",GSL
simple,5060447850014,Phizz Hydration + Vitamins & Minerals Orange Flavour 10 Tablets,0,0,0,4.49,taxable,,Vitamins,Phizz Hydration + Vitamins & Minerals Orange Flavour 10 Tablets. A vitamins and supplements product. Supplied as 10 Tablets.,No regulation
simple,4770001009079,Ecodenta Black Volcanic Whitening Toothpaste 100ml,0,0,0,4.49,taxable,,Oral Care,Ecodenta Black Volcanic Whitening Toothpaste 100ml. An oral care product. Supplied as 100ml.,No regulation
simple,5017007604693,Sildenafil Teva 100mg 4 Tablets,0,0,0,4.49,taxable,zero-rate,Sexual Wellness,"Sildenafil Teva 100mg 4 Tablets. Prescription-only medicine, supplied after an online consultation with our pharmacist. Always read the label and any leaflet supplied. If symptoms persist, speak to your pharmacist or doctor. Supplied as 4 Tablets.",P
simple,0708002401978,Faith In Nature Fragrance Free Body Wash 400ml,0,0,0,4.49,taxable,,Beauty,Faith In Nature Fragrance Free Body Wash 400ml. A health and beauty product. Supplied as 400ml.,No regulation
simple,3600523439836,L'Oréal Paris Fine Flowers Cleansing Toner 400ml,0,0,0,4.49,taxable,,Skincare,L'Oréal Paris Fine Flowers Cleansing Toner 400ml. A skincare product. Supplied as 400ml.,No regulation
simple,9329401000145,The Goat Skincare Conditioner 250ml,0,0,0,4.49,taxable,,Hair Care,The Goat Skincare Conditioner 250ml. A hair care product. Supplied as 250ml.,No regulation
simple,7702018466993,Gillette Blue Plus Disposable Razor 8 Pack,0,0,0,4.49,taxable,,Men's Grooming,Gillette Blue Plus Disposable Razor 8 Pack. A men's grooming product. Supplied as 8 Pack.,No regulation
simple,5391512457235,Invita D3 800IU 28 Soft Capsules,0,0,0,4.49,taxable,,Prescription Medicines,"Invita D3 800IU 28 Soft Capsules. Prescription-only medicine, supplied after an online consultation with our pharmacist. Always read the label and any leaflet supplied. If symptoms persist, speak to your pharmacist or doctor. Supplied as 800IU.",P
simple,5000198136401,Poligrip Flavour Free Denture Adhesive Cream 40g,0,0,0,4.49,taxable,,Oral Care,Poligrip Flavour Free Denture Adhesive Cream 40g. An oral care product. Supplied as 40g.,No regulation
simple,5016379262517,Freederm Gel 10g,0,0,0,4.49,taxable,,Skincare,Freederm Gel 10g. A skincare product. Supplied as 10g.,GSL
simple,5000488105247,Nelsons Teetha Teething Gel 15g,0,0,0,4.49,taxable,,Baby & Child,Nelsons Teetha Teething Gel 15g. A baby and child product. Supplied as 15g.,No regulation
simple,8006540346785,Pantene Hair Spray Ultra Strong 250ml,0,0,0,4.49,taxable,,Hair Care,Pantene Hair Spray Ultra Strong 250ml. A hair care product. Supplied as 250ml.,No regulation
simple,0708002404672,Faith In Nature Blue Cedar Body Wash 400ml,0,0,0,4.49,taxable,,Beauty,Faith In Nature Blue Cedar Body Wash 400ml. A health and beauty product. Supplied as 400ml.,No regulation
simple,5055193545055,The Kind Edit Co. Bubble Boutique Handcare Gift Set,0,0,0,4.49,taxable,,Beauty,The Kind Edit Co. Bubble Boutique Handcare Gift Set. A health and beauty product.,No regulation
simple,5021986000032,Vocalzone Throat Pastilles Honey & Lemon 24 Pack,0,0,0,4.49,taxable,,Cold & Flu,"Vocalzone Throat Pastilles Honey & Lemon 24 Pack. Always read the label and any leaflet supplied. If symptoms persist, speak to your pharmacist or doctor. Supplied as 24 Pack.",No regulation
simple,0748378001112,Eco Style Olive Oil Styling Gel Max Hold 473ml,0,0,0,4.49,taxable,,Hair Care,Eco Style Olive Oil Styling Gel Max Hold 473ml. A hair care product. Supplied as 473ml.,No regulation
simple,5060447949053,Childs Farm Baby Bubble Bath 250ml,0,0,0,4.49,taxable,,Baby & Child,Childs Farm Baby Bubble Bath 250ml. A baby and child product. Supplied as 250ml.,No regulation
simple,5021265247356,Wellman Energy Vitabiotics Natural Orange 10 Effervescent Tablets,0,0,0,4.49,taxable,,Vitamins,Wellman Energy Vitabiotics Natural Orange 10 Effervescent Tablets. A vitamins and supplements product. Supplied as 10 Effervescent.,No regulation
simple,5010415510419,Tommee Tippee Nappy Odour Neutralising Spray 100ml,0,0,0,4.49,taxable,,Baby & Child,Tommee Tippee Nappy Odour Neutralising Spray 100ml. A baby and child product. Supplied as 100ml.,No regulation
simple,5054563094056,Beechams Cold & Flu Powders Aspirin & Caffeine 20 Sachets,0,0,0,4.49,taxable,,Cold & Flu,"Beechams Cold & Flu Powders Aspirin & Caffeine 20 Sachets. Prescription-only medicine, supplied after an online consultation with our pharmacist. Always read the label and any leaflet supplied. If symptoms persist, speak to your pharmacist or doctor. Supplied as 20 Sachets.",P
simple,5000283659266,Dulcolax 5mg Gastro-Resistant 60 Tablets,0,0,0,4.49,taxable,,Digestive,"Dulcolax 5mg Gastro-Resistant 60 Tablets. Prescription-only medicine, supplied after an online consultation with our pharmacist. Always read the label and any leaflet supplied. If symptoms persist, speak to your pharmacist or doctor. Supplied as 60 Tablets.",P
simple,3600523432653,L'Oréal Men Expert Aftershave Hydra Sensitive 125ml,0,0,0,4.49,taxable,,Men's Grooming,L'Oréal Men Expert Aftershave Hydra Sensitive 125ml. A men's grooming product. Supplied as 125ml.,No regulation
simple,5011451103931,Simple Hydrating Light Moisturiser 125ml,0,0,0,4.49,taxable,,Skincare,Simple Hydrating Light Moisturiser 125ml. A skincare product. Supplied as 125ml.,No regulation
simple,3760311310249,Lamazuna Oriculi Bioplastic Ecological Ear Cleaner (Red) 1 Pack,0,0,0,4.49,taxable,,Home & Household,Lamazuna Oriculi Bioplastic Ecological Ear Cleaner (Red) 1 Pack. A home and household product. Supplied as 1 Pack.,No regulation
simple,0071409543290,Mane 'n Tail Deep Moisturising Shampoo 355ml,0,0,0,4.49,taxable,,Hair Care,Mane 'n Tail Deep Moisturising Shampoo 355ml. A hair care product. Supplied as 355ml.,No regulation
simple,4770001007624,Ecodenta Refreshing Whitening Toothpaste with Amber Extract 100ml,0,0,0,4.49,taxable,,Oral Care,Ecodenta Refreshing Whitening Toothpaste with Amber Extract 100ml. An oral care product. Supplied as 100ml.,No regulation
simple,0010181040009,Palmer's Cocoa Butter Formula 100g,0,0,0,4.49,taxable,,Beauty,Palmer's Cocoa Butter Formula 100g. A health and beauty product. Supplied as 100g.,No regulation
simple,8720182315663,Dove Gently Nourishing Mini Treasures Collection,0,0,0,4.49,taxable,,General Health,Dove Gently Nourishing Mini Treasures Collection. A health and wellbeing product.,No regulation
simple,4820232640234,Apriori Slim Scarlet Eclipse Medium,0,0,0,4.49,taxable,,General Health,Apriori Slim Scarlet Eclipse Medium. A health and wellbeing product.,No regulation
simple,5000158106505,Nurofen Pain Relief 200mg 16 Soft Capsules,0,0,0,4.49,taxable,,Pain Relief,"Nurofen Pain Relief 200mg 16 Soft Capsules. Always read the label and any leaflet supplied. If symptoms persist, speak to your pharmacist or doctor. Supplied as 200mg.",GSL
simple,5060519147363,Pukka Green Collection Teas 20 Sachets,0,0,0,4.49,taxable,zero-rate,Vitamins,Pukka Green Collection Teas 20 Sachets. A vitamins and supplements product. Supplied as 20 Sachets.,No regulation
simple,5017371153230,Calypso Sun Lotion 12H Moisture SPF15 200ml,0,0,0,4.49,taxable,,Skincare,Calypso Sun Lotion 12H Moisture SPF15 200ml. A skincare product. Supplied as 200ml.,No regulation
simple,5000158105294,Cuprofen Maximum Strength 24 Tablets,0,0,0,4.49,taxable,,Prescription Medicines,"Cuprofen Maximum Strength 24 Tablets. Prescription-only medicine, supplied after an online consultation with our pharmacist. Always read the label and any leaflet supplied. If symptoms persist, speak to your pharmacist or doctor. Supplied as 24 Tablets.",P
simple,5060031471182,Activon Medical Grade Manuka Honey 25g,0,0,0,4.49,taxable,,General Health,Activon Medical Grade Manuka Honey 25g. A health and wellbeing product. Supplied as 25g.,No regulation
simple,0708002403613,Faith In Nature Lavender Dog Shampoo 400ml,0,0,0,4.49,taxable,,Pet Care,Faith In Nature Lavender Dog Shampoo 400ml. A pet care product. Supplied as 400ml.,No regulation
simple,0850278004336,Bondi Sands Gradual Tanning Oil 270ml,0,0,0,4.49,taxable,,Skincare,Bondi Sands Gradual Tanning Oil 270ml. A skincare product. Supplied as 270ml.,No regulation
simple,3574661391434,Neutrogena Hydro Hydrating Spray 200ml,0,0,0,4.49,taxable,,Beauty,Neutrogena Hydro Hydrating Spray 200ml. A health and beauty product. Supplied as 200ml.,No regulation
simple,3361370086368,Milton Sterilising Fluid 1l,0,0,0,4.49,taxable,,General Health,Milton Sterilising Fluid 1l. A health and wellbeing product. Supplied as 1l.,No regulation
simple,0887910000081,Jerome Russell Bblonde High Lift Powder Bleach,0,0,0,4.49,taxable,,Home & Household,Jerome Russell Bblonde High Lift Powder Bleach. A home and household product.,No regulation
simple,5054563107091,Corsodyl Whitening Toothpaste 75ml,0,0,0,4.49,taxable,,Oral Care,Corsodyl Whitening Toothpaste 75ml. An oral care product. Supplied as 75ml.,No regulation
simple,3574661652221,Aveeno Baby Lotion Calm 150ml,0,0,0,4.49,taxable,,Baby & Child,Aveeno Baby Lotion Calm 150ml. A baby and child product. Supplied as 150ml.,No regulation
simple,8001090728951,Pampers Splashers Size 5-6 Nappies 10 Pack,0,0,0,4.49,taxable,zero-rate,Baby & Child,Pampers Splashers Size 5-6 Nappies 10 Pack. A baby and child product. Supplied as 10 Pack.,No regulation
simple,0017854122260,Baylis & Harding The EDIT Cherry Temptation Body Lotion 236ml,0,0,0,4.49,taxable,,Skincare,Baylis & Harding The EDIT Cherry Temptation Body Lotion 236ml. A skincare product. Supplied as 236ml.,No regulation
simple,7322540770339,Tena Men Active Fit Protective Shield Extra Light 14 Pack,0,0,0,4.49,taxable,zero-rate,Continence,Tena Men Active Fit Protective Shield Extra Light 14 Pack. A continence care product. Supplied as 14 Pack.,No regulation
simple,5060361080429,Xailin Night Lubricating Eye Ointment 5g,0,0,0,4.49,taxable,,Eye Care,"Xailin Night Lubricating Eye Ointment 5g. Always read the label and any leaflet supplied. If symptoms persist, speak to your pharmacist or doctor. Supplied as 5g.",No regulation
simple,8006540280140,Old Spice Captain 3 in 1 Wash 675ml,0,0,0,4.49,taxable,,Beauty,Old Spice Captain 3 in 1 Wash 675ml. A health and beauty product. Supplied as 675ml.,No regulation
simple,5029354010409,AloeDent Whitening Toothpaste with Fluoride 100ml,0,0,0,4.49,taxable,,Oral Care,AloeDent Whitening Toothpaste with Fluoride 100ml. An oral care product. Supplied as 100ml.,No regulation
simple,8809514550184,Rated Green Cold Press Avocado Nourishing Scalp Pack with Banana,0,0,0,4.49,taxable,,Cold & Flu,"Rated Green Cold Press Avocado Nourishing Scalp Pack with Banana. Always read the label and any leaflet supplied. If symptoms persist, speak to your pharmacist or doctor.",No regulation
simple,4770001003367,Ecodenta Black Orange Whitening Toothpaste 100ml,0,0,0,4.49,taxable,,Oral Care,Ecodenta Black Orange Whitening Toothpaste 100ml. An oral care product. Supplied as 100ml.,No regulation
simple,8710847956546,Dove Box Of Care Beauty Set 4 Piece,0,0,0,4.49,taxable,,General Health,Dove Box Of Care Beauty Set 4 Piece. A health and wellbeing product.,No regulation
simple,5000158071308,Gaviscon Core Peppermint 250mg 24 Tablets,0,0,0,4.49,taxable,,Digestive,"Gaviscon Core Peppermint 250mg 24 Tablets. Always read the label and any leaflet supplied. If symptoms persist, speak to your pharmacist or doctor. Supplied as 24 Tablets.",GSL
simple,0010181040351,Palmer's Cocoa Butter Formula Massage Cream for Stretch Marks 125g,0,0,0,4.49,taxable,,Skincare,Palmer's Cocoa Butter Formula Massage Cream for Stretch Marks 125g. A skincare product. Supplied as 125g.,No regulation
simple,6001159118473,Bio-Oil Dry Skin Gel 50ml,0,0,0,4.49,taxable,,Skincare,Bio-Oil Dry Skin Gel 50ml. A skincare product. Supplied as 50ml.,No regulation
simple,5410076764754,Aussie Bangin' Shine Shampoo 300ml,0,0,0,4.49,taxable,,Hair Care,Aussie Bangin' Shine Shampoo 300ml. A hair care product. Supplied as 300ml.,No regulation
simple,5025135117008,Malibu Continuous Spray Lotion SPF30 175ml,0,0,0,4.49,taxable,,Skincare,Malibu Continuous Spray Lotion SPF30 175ml. A skincare product. Supplied as 175ml.,No regulation
simple,0708002405792,Faith In Nature Dragon Fruit Hand Wash 400ml,0,0,0,4.49,taxable,,Beauty,Faith In Nature Dragon Fruit Hand Wash 400ml. A health and beauty product. Supplied as 400ml.,No regulation
simple,0708002405778,Faith In Nature Dragon Fruit Body Wash 400ml,0,0,0,4.49,taxable,,Beauty,Faith In Nature Dragon Fruit Body Wash 400ml. A health and beauty product. Supplied as 400ml.,No regulation
simple,3600523708000,L'Oréal Men Expert Face Wash Pure Charcoal Anti Blackhead 100ml,0,0,0,4.49,taxable,,Skincare,L'Oréal Men Expert Face Wash Pure Charcoal Anti Blackhead 100ml. A skincare product. Supplied as 100ml.,No regulation
simple,5012583210405,Schwarzkopf Vitamin B5 Mousse Volume 250ml,0,0,0,4.49,taxable,,Hair Care,Schwarzkopf Vitamin B5 Mousse Volume 250ml. A hair care product. Supplied as 250ml.,No regulation
simple,5391513951794,Dioralyte Natural 6 Sachets,0,0,0,4.49,taxable,,Vitamins,Dioralyte Natural 6 Sachets. A vitamins and supplements product. Supplied as 6 Sachets.,GSL
simple,8714789260532,Colgate Battery Toothbrush Barbie,0,0,0,4.49,taxable,,Oral Care,Colgate Battery Toothbrush Barbie. An oral care product.,No regulation
simple,5000167001426,Strepsils Honey & Lemon 24 Pack,0,0,0,4.49,taxable,,Cold & Flu,"Strepsils Honey & Lemon 24 Pack. Always read the label and any leaflet supplied. If symptoms persist, speak to your pharmacist or doctor. Supplied as 24 Pack.",GSL
simple,5000347035494,Sensodyne True White Mint Sensitive Toothpaste 75ml,0,0,0,4.49,taxable,,Oral Care,Sensodyne True White Mint Sensitive Toothpaste 75ml. An oral care product. Supplied as 75ml.,No regulation
simple,5010249309913,FSC Magnesium Citrate 200mg 60 Tablets,0,0,0,4.49,taxable,,Vitamins,FSC Magnesium Citrate 200mg 60 Tablets. A vitamins and supplements product. Supplied as 60 Tablets.,No regulation
simple,7322540016413,Tena Men Active Fit Absorbent Protector Level 2 10 Pack,0,0,0,4.49,taxable,zero-rate,Continence,Tena Men Active Fit Absorbent Protector Level 2 10 Pack. A continence care product. Supplied as 10 Pack.,No regulation
simple,4770001003206,Ecodenta Sensitive Whitening Toothpaste with Omyadent 100ml,0,0,0,4.49,taxable,,Oral Care,Ecodenta Sensitive Whitening Toothpaste with Omyadent 100ml. An oral care product. Supplied as 100ml.,No regulation
simple,5060320560375,Sunvit-D3 1000IU Cholecalciferol Vitamin D 28 Capsules,0,0,0,4.49,taxable,,Vitamins,Sunvit-D3 1000IU Cholecalciferol Vitamin D 28 Capsules. A vitamins and supplements product. Supplied as 28 Capsules.,No regulation
simple,7350087736655,E45 Dermatological Cream 125g,0,0,0,4.49,taxable,,Skincare,E45 Dermatological Cream 125g. A skincare product. Supplied as 125g.,GSL
simple,5000477000102,Olbas Oil Large 28ml,0,0,0,4.49,taxable,,Cold & Flu,"Olbas Oil Large 28ml. Always read the label and any leaflet supplied. If symptoms persist, speak to your pharmacist or doctor. Supplied as 28ml.",No regulation
simple,7350121253933,TePe Pure Mild Peppermint Toothpaste 75ml,0,0,0,4.49,taxable,,Oral Care,TePe Pure Mild Peppermint Toothpaste 75ml. An oral care product. Supplied as 75ml.,No regulation
simple,8712561620819,Lynx Black Anti-Perspirant 150ml,0,0,0,4.49,taxable,,Beauty,Lynx Black Anti-Perspirant 150ml. A health and beauty product. Supplied as 150ml.,No regulation
simple,0782126202024,Natracare Cleansing Makeup Removal Wipes,0,0,0,4.49,taxable,,Skincare,Natracare Cleansing Makeup Removal Wipes. A skincare product.,No regulation
simple,7350087736297,E45 Daily Hand Cream 50ml,0,0,0,4.49,taxable,,Skincare,E45 Daily Hand Cream 50ml. A skincare product. Supplied as 50ml.,No regulation
simple,5013692264754,Umbro Energy Gift Set Shower Gel & Eau De Toilette,0,0,0,4.49,taxable,,Beauty,Umbro Energy Gift Set Shower Gel & Eau De Toilette. A health and beauty product.,No regulation
simple,0079400263339,Toni & Guy Intense Softness Conditioner 250ml,0,0,0,4.49,taxable,,Hair Care,Toni & Guy Intense Softness Conditioner 250ml. A hair care product. Supplied as 250ml.,No regulation
simple,5011309190113,Metanium Nappy Rash Ointment 30g,0,0,0,4.49,taxable,,Baby & Child,Metanium Nappy Rash Ointment 30g. A baby and child product. Supplied as 30g.,GSL
simple,5000347098123,Beechams Flu Plus Hot Lemon 10 Sachets,0,0,0,4.49,taxable,,Cold & Flu,"Beechams Flu Plus Hot Lemon 10 Sachets. Always read the label and any leaflet supplied. If symptoms persist, speak to your pharmacist or doctor. Supplied as 10 Sachets.",GSL
simple,4820232640197,Apriori Slim Tangerine Glow Soft,0,0,0,4.49,taxable,,General Health,Apriori Slim Tangerine Glow Soft. A health and wellbeing product.,No regulation
simple,0615908424676,Tigi Bed Head B for Men Clean Up Peppermint Conditioner 200ml,0,0,0,4.49,taxable,,Men's Health,Tigi Bed Head B for Men Clean Up Peppermint Conditioner 200ml. A men's health product. Supplied as 200ml.,No regulation
simple,5025135115790,Malibu Ski Duo Face Protection Cream SPF20 & Lip Protection SPF20,0,0,0,4.49,taxable,,Skincare,Malibu Ski Duo Face Protection Cream SPF20 & Lip Protection SPF20. A skincare product.,No regulation
simple,5060421930114,Aproderm Colloidal Oat Cream 100ml,0,0,0,4.49,taxable,,Skincare,Aproderm Colloidal Oat Cream 100ml. A skincare product. Supplied as 100ml.,No regulation
simple,5012583210160,Schwarzkopf Keratin Hairspray 400ml,0,0,0,4.49,taxable,,Hair Care,Schwarzkopf Keratin Hairspray 400ml. A hair care product. Supplied as 400ml.,No regulation
simple,0071409543108,Mane 'n Tail Herbal Gro Conditioner 355ml,0,0,0,4.49,taxable,,Hair Care,Mane 'n Tail Herbal Gro Conditioner 355ml. A hair care product. Supplied as 355ml.,No regulation
simple,0010181035708,Palmer's Coconut Oil Formula Foot Oil 100ml,0,0,0,4.49,taxable,,Skincare,Palmer's Coconut Oil Formula Foot Oil 100ml. A skincare product. Supplied as 100ml.,No regulation
simple,3331300097498,Sterimar Nasal Spray Kids 50ml,0,0,0,4.49,taxable,,Cold & Flu,"Sterimar Nasal Spray Kids 50ml. Always read the label and any leaflet supplied. If symptoms persist, speak to your pharmacist or doctor. Supplied as 50ml.",No regulation
simple,4001638081863,Weleda Children's Tooth Gel 50ml,0,0,0,4.49,taxable,,Baby & Child,Weleda Children's Tooth Gel 50ml. A baby and child product. Supplied as 50ml.,No regulation
simple,0017854122291,Baylis & Harding The EDIT Vanilla Seduction Body Lotion 236ml,0,0,0,4.49,taxable,,Skincare,Baylis & Harding The EDIT Vanilla Seduction Body Lotion 236ml. A skincare product. Supplied as 236ml.,No regulation
simple,7332531080460,LIVE Silver Shampoo 200ml,0,0,0,4.49,taxable,,Hair Care,LIVE Silver Shampoo 200ml. A hair care product. Supplied as 200ml.,No regulation
simple,0708002400391,Faith In Nature Coconut Hand Wash 400ml,0,0,0,4.49,taxable,,Beauty,Faith In Nature Coconut Hand Wash 400ml. A health and beauty product. Supplied as 400ml.,No regulation
simple,0708002400230,Faith In Nature Seaweed & Citrus Body Wash 400ml,0,0,0,4.49,taxable,,Beauty,Faith In Nature Seaweed & Citrus Body Wash 400ml. A health and beauty product. Supplied as 400ml.,No regulation
simple,5060332531110,Lindens Health + Nutrition Vitamin D3 3000IU 120 Capsules,0,0,0,4.49,taxable,,Vitamins,Lindens Health + Nutrition Vitamin D3 3000IU 120 Capsules. A vitamins and supplements product. Supplied as 120 Capsules.,No regulation
simple,5060447948872,Childs Farm Hair & Body Wash Sweet Orange 250ml,0,0,0,4.49,taxable,,Hair Care,Childs Farm Hair & Body Wash Sweet Orange 250ml. A hair care product. Supplied as 250ml.,No regulation
simple,9317129040376,Flexitol Cuticle & Nail Cream 15g,0,0,0,4.49,taxable,,Skincare,Flexitol Cuticle & Nail Cream 15g. A skincare product. Supplied as 15g.,No regulation
simple,5034445001099,The Eye Doctor Biodegradable Lid Wipes 20 Pack,0,0,0,4.49,taxable,,Beauty,The Eye Doctor Biodegradable Lid Wipes 20 Pack. A health and beauty product. Supplied as 20 Pack.,No regulation
simple,5000488104356,Nelsons Arnicare Cooling Gel 30g,0,0,0,4.49,taxable,,Skincare,Nelsons Arnicare Cooling Gel 30g. A skincare product. Supplied as 30g.,No regulation
simple,4008976682172,Complan Shake Chocolate Flavour 4 x 57g,0,0,0,4.49,taxable,zero-rate,Vitamins,Complan Shake Chocolate Flavour 4 x 57g. A vitamins and supplements product. Supplied as 4 x 57g.,No regulation
simple,5010441001295,Numark Paracetamol Suspension Cherry 120mg/5ml 200ml,0,0,0,4.49,taxable,,Pain Relief,"Numark Paracetamol Suspension Cherry 120mg/5ml 200ml. Prescription-only medicine, supplied after an online consultation with our pharmacist. Always read the label and any leaflet supplied. If symptoms persist, speak to your pharmacist or doctor. Supplied as 200ml.",P
simple,5054563107114,Corsodyl Original Toothpaste 75ml,0,0,0,4.49,taxable,,Oral Care,Corsodyl Original Toothpaste 75ml. An oral care product. Supplied as 75ml.,No regulation
simple,5000174012620,Vicks Sinex Micromist 15ml,0,0,0,4.49,taxable,,Cold & Flu,"Vicks Sinex Micromist 15ml. Always read the label and any leaflet supplied. If symptoms persist, speak to your pharmacist or doctor. Supplied as 15ml.",GSL
simple,5023652514065,Nature's Aid Super Stars Immune Chewable Tablets,0,0,0,4.49,taxable,,Vitamins,Nature's Aid Super Stars Immune Chewable Tablets. A vitamins and supplements product.,No regulation
simple,8809313490964,Skin Republic Collagen Infusion Face Mask 25ml,0,0,0,4.49,taxable,,Skincare,Skin Republic Collagen Infusion Face Mask 25ml. A skincare product. Supplied as 25ml.,No regulation
simple,0017854108745,"Baylis & Harding Goodness Oud, Cedar & Amber Hand & Body Lotion 500ml",0,0,0,4.49,taxable,,Skincare,"Baylis & Harding Goodness Oud, Cedar & Amber Hand & Body Lotion 500ml. A skincare product. Supplied as 500ml.",No regulation
simple,5011321311664,Vicks Sinex Soother Nasal Spray 15ml,0,0,0,4.49,taxable,,Baby & Child,Vicks Sinex Soother Nasal Spray 15ml. A baby and child product. Supplied as 15ml.,GSL
simple,5060601938831,BeautyPro HYDRATING Hyaluronic Acid Facial Sheet Mask,0,0,0,4.49,taxable,,Skincare,BeautyPro HYDRATING Hyaluronic Acid Facial Sheet Mask. A skincare product.,No regulation
simple,5060342241252,GlucoRx CarePoint Insulin Pen Needles 12mm 29G 100 Pack,0,0,0,4.49,taxable,,Testing & Monitoring,"GlucoRx CarePoint Insulin Pen Needles 12mm 29G 100 Pack. Always read the label and any leaflet supplied. If symptoms persist, speak to your pharmacist or doctor. Supplied as 100 Pack.",No regulation
simple,5010724530979,Anusol Hc Oint 30g,0,0,0,4.49,taxable,,Digestive,"Anusol Hc Oint 30g. Always read the label and any leaflet supplied. If symptoms persist, speak to your pharmacist or doctor. Supplied as 30g.",No regulation
simple,5010724538036,Batiste Dry Shampoo Blush 280ml,0,0,0,4.40,taxable,,Hair Care,Batiste Dry Shampoo Blush 280ml. A hair care product. Supplied as 280ml.,No regulation
simple,8001841272030,Pantene Pro-V Shampoo Smooth & Sleek 500ml,0,0,0,4.39,taxable,,Hair Care,Pantene Pro-V Shampoo Smooth & Sleek 500ml. A hair care product. Supplied as 500ml.,No regulation
simple,5030451003300,Movelat Cream Relief 40g,0,0,0,4.39,taxable,,Skincare,"Movelat Cream Relief 40g. Prescription-only medicine, supplied after an online consultation with our pharmacist. Always read the label and any leaflet supplied. If symptoms persist, speak to your pharmacist or doctor. Supplied as 40g.",P
simple,3600523427536,L'Oréal Elvive Phytoclear Anti-Dandruff 2in1 Condition Shampoo 400ml,0,0,0,4.39,taxable,,Hair Care,L'Oréal Elvive Phytoclear Anti-Dandruff 2in1 Condition Shampoo 400ml. A hair care product. Supplied as 400ml.,No regulation
simple,5011309400410,Careway Cystitis Relief Sodium Citrate 6 Sachets,0,0,0,4.39,taxable,,Women's Health,Careway Cystitis Relief Sodium Citrate 6 Sachets. A women's health product. Supplied as 6 Sachets.,GSL
simple,8809375621269,Beaudiani Aroma Mask Neroli,0,0,0,4.39,taxable,,Skincare,Beaudiani Aroma Mask Neroli. A skincare product.,No regulation
simple,5012616174407,Buttercup Syrup Original 75ml,0,0,0,4.39,taxable,,Beauty,Buttercup Syrup Original 75ml. A health and beauty product. Supplied as 75ml.,GSL
simple,0748378001143,Eco Style Krystal Styling Gel Max Hold 473ml,0,0,0,4.39,taxable,,Hair Care,Eco Style Krystal Styling Gel Max Hold 473ml. A hair care product. Supplied as 473ml.,No regulation
simple,5016379197505,Doublebase Dayleve Gel 100g,0,0,0,4.39,taxable,,Prescription Medicines,"Doublebase Dayleve Gel 100g. Prescription-only medicine, supplied after an online consultation with our pharmacist. Always read the label and any leaflet supplied. If symptoms persist, speak to your pharmacist or doctor. Supplied as 100g.",P
simple,5060332531400,Lindens Health + Nutrition Peppermint Oil 50mg 100 Capsules,0,0,0,4.39,taxable,,Vitamins,Lindens Health + Nutrition Peppermint Oil 50mg 100 Capsules. A vitamins and supplements product. Supplied as 100 Capsules.,No regulation
simple,5051562019608,Otrivine Adult Metered Dose Nasal Spray 10ml,0,0,0,4.39,taxable,,Cold & Flu,"Otrivine Adult Metered Dose Nasal Spray 10ml. Always read the label and any leaflet supplied. If symptoms persist, speak to your pharmacist or doctor. Supplied as 10ml.",GSL
simple,3760311310232,Lamazuna Oriculi Bioplastic Ecological Ear Cleaner (Yellow) 1 Pack,0,0,0,4.39,taxable,,Home & Household,Lamazuna Oriculi Bioplastic Ecological Ear Cleaner (Yellow) 1 Pack. A home and household product. Supplied as 1 Pack.,No regulation
simple,5016379301018,Psoriderm Emulsion 40%w/v Bath Additive 200ml,0,0,0,4.39,taxable,,Beauty,"Psoriderm Emulsion 40%w/v Bath Additive 200ml. Prescription-only medicine, supplied after an online consultation with our pharmacist. Always read the label and any leaflet supplied. If symptoms persist, speak to your pharmacist or doctor. Supplied as 200ml.",P
simple,3600522735250,L'Oréal Skin Perfection Anti-fatigue Moisturiser 35ml,0,0,0,4.39,taxable,,Skincare,L'Oréal Skin Perfection Anti-fatigue Moisturiser 35ml. A skincare product. Supplied as 35ml.,No regulation
simple,5000283659907,Opticrom Hay Fever Eye Drops 2% w/v 5ml,0,0,0,4.39,taxable,,Eye Care,"Opticrom Hay Fever Eye Drops 2% w/v 5ml. Always read the label and any leaflet supplied. If symptoms persist, speak to your pharmacist or doctor. Supplied as 5ml.",GSL
simple,4770001337103,Ecodenta Whitening Fluoride Toothpaste with Bergamote 100ml,0,0,0,4.39,taxable,,Oral Care,Ecodenta Whitening Fluoride Toothpaste with Bergamote 100ml. An oral care product. Supplied as 100ml.,No regulation
simple,5037589000447,After Bite Kids Cream Tube 20g,0,0,0,4.39,taxable,,Skincare,After Bite Kids Cream Tube 20g. A skincare product. Supplied as 20g.,No regulation
simple,5026445002572,Harmony Conditioning Temporary Hair Colour Victoria 100ml,0,0,0,4.39,taxable,,Hair Care,Harmony Conditioning Temporary Hair Colour Victoria 100ml. A hair care product. Supplied as 100ml.,No regulation
simple,5012008729000,Pro:Voke Touch Of Silver Cool It Blue Shmpoo 200ml,0,0,0,4.39,taxable,,General Health,Pro:Voke Touch Of Silver Cool It Blue Shmpoo 200ml. A health and wellbeing product. Supplied as 200ml.,No regulation
simple,5051562013507,Otrivine Adult Sinusitis Spray 10ml,0,0,0,4.39,taxable,,Cold & Flu,"Otrivine Adult Sinusitis Spray 10ml. Always read the label and any leaflet supplied. If symptoms persist, speak to your pharmacist or doctor. Supplied as 10ml.",GSL
simple,5010605830075,Germolene New Skin Liquid Plaster 20ml,0,0,0,4.39,taxable,,First Aid,"Germolene New Skin Liquid Plaster 20ml. Always read the label and any leaflet supplied. If symptoms persist, speak to your pharmacist or doctor. Supplied as 20ml.",GSL
simple,5025135116896,Malibu Dry Oil Spray SPF6 175ml,0,0,0,4.39,taxable,,Skincare,Malibu Dry Oil Spray SPF6 175ml. A skincare product. Supplied as 175ml.,No regulation
simple,3574661609423,Imodium Dual Action Relief Tablets 6 Pack,0,0,0,4.39,taxable,,Digestive,"Imodium Dual Action Relief Tablets 6 Pack. Always read the label and any leaflet supplied. If symptoms persist, speak to your pharmacist or doctor. Supplied as 6 Pack.",GSL
simple,5000476010393,Johnson' s Veterinary Toothpaste Triple Action 50g,0,0,0,4.39,taxable,,Oral Care,Johnson' s Veterinary Toothpaste Triple Action 50g. An oral care product. Supplied as 50g.,No regulation
simple,8710447339145,Simple Mini Regime 3 Piece Gift Set,0,0,0,4.39,taxable,,Beauty,Simple Mini Regime 3 Piece Gift Set. A health and beauty product.,No regulation
simple,5000309006616,Robitussin Chesty Cough & Congestion Relief 100ml,0,0,0,4.39,taxable,,Cold & Flu,"Robitussin Chesty Cough & Congestion Relief 100ml. Prescription-only medicine, supplied after an online consultation with our pharmacist. Always read the label and any leaflet supplied. If symptoms persist, speak to your pharmacist or doctor. Supplied as 100ml.",P
simple,5011309890211,Anodesyn Suppositories 12 Pack,0,0,0,4.39,taxable,,General Health,Anodesyn Suppositories 12 Pack. A health and wellbeing product. Supplied as 12 Pack.,GSL
simple,5037808100750,Ever Ready Corn Plane,0,0,0,4.39,taxable,,Skincare,Ever Ready Corn Plane. A skincare product.,No regulation
simple,3760311310263,Lamazuna Oriculi Bioplastic Ecological Ear Cleaner (Purple) 1 Pack,0,0,0,4.39,taxable,,Home & Household,Lamazuna Oriculi Bioplastic Ecological Ear Cleaner (Purple) 1 Pack. A home and household product. Supplied as 1 Pack.,No regulation
simple,5060229011107,Pukka Peppermint & Licorice 20 Tea Bags,0,0,0,4.39,taxable,zero-rate,Vitamins,Pukka Peppermint & Licorice 20 Tea Bags. A vitamins and supplements product.,No regulation
simple,3616300985038,Opi Infinite Shine 2.0 Galleria Vittorio Violet 15ml,0,0,0,4.39,taxable,,General Health,Opi Infinite Shine 2.0 Galleria Vittorio Violet 15ml. A health and wellbeing product. Supplied as 15ml.,No regulation
simple,5060427354747,St. Moriz No Mess Gradual Tanning Mousse Medium 200ml,0,0,0,4.39,taxable,,Hair Care,St. Moriz No Mess Gradual Tanning Mousse Medium 200ml. A hair care product. Supplied as 200ml.,No regulation
simple,5060519144102,Pukka Feel New Tea 20 Sachets,0,0,0,4.39,taxable,zero-rate,Vitamins,Pukka Feel New Tea 20 Sachets. A vitamins and supplements product. Supplied as 20 Sachets.,No regulation
simple,5029354012540,AloeDent Pro Sensitive Extreme Whitening Toothpaste 75ml,0,0,0,4.39,taxable,,Oral Care,AloeDent Pro Sensitive Extreme Whitening Toothpaste 75ml. An oral care product. Supplied as 75ml.,No regulation
simple,5012008738309,Inecto Dream Cream Define & Shine Hair Serum 100ml,0,0,0,4.39,taxable,,Hair Care,Inecto Dream Cream Define & Shine Hair Serum 100ml. A hair care product. Supplied as 100ml.,No regulation
simple,4064665004656,Opi Infinite Shine 2.0 <3 Dtla 15ml,0,0,0,4.39,taxable,,General Health,Opi Infinite Shine 2.0 <3 Dtla 15ml. A health and wellbeing product. Supplied as 15ml.,No regulation
simple,5011309684513,Zeroveen Emollient Cream 100g,0,0,0,4.39,taxable,,Skincare,Zeroveen Emollient Cream 100g. A skincare product. Supplied as 100g.,No regulation
simple,3616300984932,Opi Infinite Shine 2.0 Nail Polish Suzi Talks with Her Hands 15ml,0,0,0,4.39,taxable,,Beauty,Opi Infinite Shine 2.0 Nail Polish Suzi Talks with Her Hands 15ml. A health and beauty product. Supplied as 15ml.,No regulation
simple,0309974755665,Mitchum Women Pure Fresh Stick Deodorant 41g,0,0,0,4.39,taxable,,Beauty,Mitchum Women Pure Fresh Stick Deodorant 41g. A health and beauty product. Supplied as 41g.,No regulation
simple,5023652446069,Nature's Aid Vegan Vitamin D3 1000iu 60 Tablets,0,0,0,4.39,taxable,,Vitamins,Nature's Aid Vegan Vitamin D3 1000iu 60 Tablets. A vitamins and supplements product. Supplied as 60 Tablets.,No regulation
simple,4031626710635,Vita-Pos Eye Ointment Preservative Free 5g,0,0,0,4.39,taxable,,Eye Care,"Vita-Pos Eye Ointment Preservative Free 5g. Always read the label and any leaflet supplied. If symptoms persist, speak to your pharmacist or doctor. Supplied as 5g.",GSL
simple,4064665090451,Opi Infinite Shine 2.0 Nail Polish Achievement Unlocked 15ml,0,0,0,4.39,taxable,,Beauty,Opi Infinite Shine 2.0 Nail Polish Achievement Unlocked 15ml. A health and beauty product. Supplied as 15ml.,No regulation
simple,4084500128835,Herbal Essences Daily Detox Shine White Tea & Mint Conditioner 400ml,0,0,0,4.39,taxable,,Hair Care,Herbal Essences Daily Detox Shine White Tea & Mint Conditioner 400ml. A hair care product. Supplied as 400ml.,No regulation
simple,5060332535750,Lindens Health + Nutrition Chromium Max 1000mcg 120 Tablets,0,0,0,4.39,taxable,,Vitamins,Lindens Health + Nutrition Chromium Max 1000mcg 120 Tablets. A vitamins and supplements product. Supplied as 120 Tablets.,No regulation
simple,5060332535033,"Lindens Neurovits Plus (B1, B6, B12, Folic Acid) 90 Tablets",0,0,0,4.39,taxable,,Women's Health,"Lindens Neurovits Plus (B1, B6, B12, Folic Acid) 90 Tablets. A women's health product. Supplied as 90 Tablets.",No regulation
simple,5011309893014,Mycota Athletes Foot Cream 25g,0,0,0,4.39,taxable,,Skincare,Mycota Athletes Foot Cream 25g. A skincare product. Supplied as 25g.,GSL
simple,4064665099621,Opi Infinite Shine 2.0 Cave The Way Nail Polish 15ml,0,0,0,4.39,taxable,,Beauty,Opi Infinite Shine 2.0 Cave The Way Nail Polish 15ml. A health and beauty product. Supplied as 15ml.,No regulation
simple,5000347034107,Sensodyne Mouthwash Pronamel Daily 250ml,0,0,0,4.39,taxable,,Oral Care,Sensodyne Mouthwash Pronamel Daily 250ml. An oral care product. Supplied as 250ml.,No regulation
simple,5010249041301,FSC Niacinamide Vitamin B3 60 Capsules,0,0,0,4.39,taxable,,Vitamins,FSC Niacinamide Vitamin B3 60 Capsules. A vitamins and supplements product. Supplied as 60 Capsules.,No regulation
simple,5000309004513,Preparation H Clear Gel 25g,0,0,0,4.39,taxable,,Digestive,"Preparation H Clear Gel 25g. Always read the label and any leaflet supplied. If symptoms persist, speak to your pharmacist or doctor. Supplied as 25g.",GSL
simple,5011321595293,Herbal Essences Ignite My Colour Rose Extract Conditioner 400ml,0,0,0,4.39,taxable,,Hair Care,Herbal Essences Ignite My Colour Rose Extract Conditioner 400ml. A hair care product. Supplied as 400ml.,No regulation
simple,0678030024664,Toni & Guy Rough Texturiser 200ml,0,0,0,4.39,taxable,,Hair Care,Toni & Guy Rough Texturiser 200ml. A hair care product. Supplied as 200ml.,No regulation
simple,5010249041455,FSC Cold Pressed Linseed Oil 1000mg 60 Capsules,0,0,0,4.39,taxable,,Cold & Flu,"FSC Cold Pressed Linseed Oil 1000mg 60 Capsules. Always read the label and any leaflet supplied. If symptoms persist, speak to your pharmacist or doctor. Supplied as 60 Capsules.",No regulation
simple,5035883003607,Snoreeze Snoring Relief 10 Nasal Strips S/M,0,0,0,4.39,taxable,,Cold & Flu,"Snoreeze Snoring Relief 10 Nasal Strips S/M. Always read the label and any leaflet supplied. If symptoms persist, speak to your pharmacist or doctor.",No regulation
simple,3600523427543,L'Oréal Elvive Phytoclear Shampoo Sensitive 400ml,0,0,0,4.39,taxable,,Hair Care,L'Oréal Elvive Phytoclear Shampoo Sensitive 400ml. A hair care product. Supplied as 400ml.,No regulation
simple,4064665090383,Opi Infinite Shine 2.0 Nail Polish Pixel Dust 15ml,0,0,0,4.39,taxable,,Beauty,Opi Infinite Shine 2.0 Nail Polish Pixel Dust 15ml. A health and beauty product. Supplied as 15ml.,No regulation
simple,5011309097511,Savlon Burns & Scalds 0.25% w/v Cream 30g,0,0,0,4.39,taxable,,First Aid,"Savlon Burns & Scalds 0.25% w/v Cream 30g. Always read the label and any leaflet supplied. If symptoms persist, speak to your pharmacist or doctor. Supplied as 30g.",GSL
simple,5010605401855,Rennie Sugar Free 36 Tablets,0,0,0,4.39,taxable,,Digestive,"Rennie Sugar Free 36 Tablets. Always read the label and any leaflet supplied. If symptoms persist, speak to your pharmacist or doctor. Supplied as 36 Tablets.",GSL
simple,5060040641712,BeautyPro SQUALANE Nourishing Sheet Mask,0,0,0,4.29,taxable,,Skincare,BeautyPro SQUALANE Nourishing Sheet Mask. A skincare product.,No regulation
simple,5025903022909,Careway Hay Fever Relief 100 Metered Sprays,0,0,0,4.29,taxable,,Beauty,Careway Hay Fever Relief 100 Metered Sprays. A health and beauty product.,GSL
simple,5099151015280,Duphalac Lactulose Oral Solution 300ml,0,0,0,4.29,taxable,,Prescription Medicines,"Duphalac Lactulose Oral Solution 300ml. Prescription-only medicine, supplied after an online consultation with our pharmacist. Always read the label and any leaflet supplied. If symptoms persist, speak to your pharmacist or doctor. Supplied as 300ml.",P
simple,3361370619177,Milton Mini Sterilising 50 Tablets,0,0,0,4.29,taxable,,Vitamins,Milton Mini Sterilising 50 Tablets. A vitamins and supplements product. Supplied as 50 Tablets.,No regulation
simple,5037808010295,Ever Ready Footfile,0,0,0,4.29,taxable,,General Health,Ever Ready Footfile. A health and wellbeing product.,No regulation
simple,5010605640407,Canesten Athlete's Foot Dual Action 1% W/W Cream 15gm,0,0,0,4.29,taxable,,Women's Health,Canesten Athlete's Foot Dual Action 1% W/W Cream 15gm. A women's health product.,GSL
simple,4064665100457,Opi Infinite Shine 2.0 Nail Polish Snow Holding Back 15ml,0,0,0,4.29,taxable,,Beauty,Opi Infinite Shine 2.0 Nail Polish Snow Holding Back 15ml. A health and beauty product. Supplied as 15ml.,No regulation
simple,4064665090376,Opi Infinite Shine 2.0 Quest for Quartz 15ml,0,0,0,4.29,taxable,,General Health,Opi Infinite Shine 2.0 Quest for Quartz 15ml. A health and wellbeing product. Supplied as 15ml.,No regulation
simple,3574661187709,Imodium IBS Relief 2mg Soft Capsules 6 Pack,0,0,0,4.29,taxable,,Digestive,"Imodium IBS Relief 2mg Soft Capsules 6 Pack. Always read the label and any leaflet supplied. If symptoms persist, speak to your pharmacist or doctor. Supplied as 6 Pack.",GSL
simple,5010249028555,FSC Whole Bulb Garlic Vegetarian 60 Capsules,0,0,0,4.29,taxable,,Vitamins,FSC Whole Bulb Garlic Vegetarian 60 Capsules. A vitamins and supplements product. Supplied as 60 Capsules.,No regulation
simple,4064665099652,Opi Infinite Shine 2.0 Nail Polish Clean Slate 15ml,0,0,0,4.29,taxable,,Beauty,Opi Infinite Shine 2.0 Nail Polish Clean Slate 15ml. A health and beauty product. Supplied as 15ml.,No regulation
simple,5010058044845,Fast Aid Zinc Oxide Non-Stretch Tape 5cm x 5cm,0,0,0,4.29,taxable,,Vitamins,Fast Aid Zinc Oxide Non-Stretch Tape 5cm x 5cm. A vitamins and supplements product.,No regulation
simple,5025135114083,Malibu Kids Sun Lotion SPF30 200ml,0,0,0,4.29,taxable,,Skincare,Malibu Kids Sun Lotion SPF30 200ml. A skincare product. Supplied as 200ml.,No regulation
simple,50398645,VO5 Rework Putty 150ml,0,0,0,4.29,taxable,,General Health,VO5 Rework Putty 150ml. A health and wellbeing product. Supplied as 150ml.,No regulation
simple,5011417569627,Bonjela Soothing Teething Gel 15g,0,0,0,4.29,taxable,,Baby & Child,Bonjela Soothing Teething Gel 15g. A baby and child product. Supplied as 15g.,GSL
simple,5000488527636,Bach Rescue Plus Lozenges Berry 10 Pack,0,0,0,4.29,taxable,,Cold & Flu,"Bach Rescue Plus Lozenges Berry 10 Pack. Always read the label and any leaflet supplied. If symptoms persist, speak to your pharmacist or doctor. Supplied as 10 Pack.",No regulation
simple,5060062994353,Lansinoh Breast Milk Storage Bags 25 Pack,0,0,0,4.29,taxable,reduced-rate,General Health,Lansinoh Breast Milk Storage Bags 25 Pack. A health and wellbeing product. Supplied as 25 Pack.,No regulation
simple,4013162019236,Fenjal Shower Creme 200ml,0,0,0,4.29,taxable,,Beauty,Fenjal Shower Creme 200ml. A health and beauty product. Supplied as 200ml.,No regulation
simple,5010249152007,FSC Korean Ginseng 1000mg 30 Tablets,0,0,0,4.29,taxable,,Vitamins,FSC Korean Ginseng 1000mg 30 Tablets. A vitamins and supplements product. Supplied as 30 Tablets.,No regulation
simple,0010181043918,Palmer's Cocoa Butter Formula Foot Magic Moisturising Balm 60g,0,0,0,4.29,taxable,,Skincare,Palmer's Cocoa Butter Formula Foot Magic Moisturising Balm 60g. A skincare product. Supplied as 60g.,No regulation
simple,5028763006188,Wisdom Easy Floss Daily Flosser + 25 Replacement Heads,0,0,0,4.29,taxable,,Oral Care,Wisdom Easy Floss Daily Flosser + 25 Replacement Heads. An oral care product.,No regulation
simple,5012008755009,Inecto Curl Club Curl Activating Spray 200ml,0,0,0,4.29,taxable,,Beauty,Inecto Curl Club Curl Activating Spray 200ml. A health and beauty product. Supplied as 200ml.,No regulation
simple,5010605830822,Germolene Wound Care Cream 30g,0,0,0,4.29,taxable,,First Aid,"Germolene Wound Care Cream 30g. Always read the label and any leaflet supplied. If symptoms persist, speak to your pharmacist or doctor. Supplied as 30g.",GSL
simple,5024874017020,Valupak Glucosamine Sulphate 500mg Tablets 90 Pack,0,0,0,4.29,taxable,,Vitamins,Valupak Glucosamine Sulphate 500mg Tablets 90 Pack. A vitamins and supplements product. Supplied as 90 Pack.,No regulation
simple,8809375621245,Beaudiani Aroma Mask Mandarin & Sweet Orange,0,0,0,4.29,taxable,,Skincare,Beaudiani Aroma Mask Mandarin & Sweet Orange. A skincare product.,No regulation
simple,4103040114204,Sebamed Baby Children's Shampoo 150ml,0,0,0,4.29,taxable,,Baby & Child,Sebamed Baby Children's Shampoo 150ml. A baby and child product. Supplied as 150ml.,No regulation
simple,5024874015439,Energy Release Vitamin B+C 20 Effervescent Tablets,0,0,0,4.29,taxable,,Vitamins,Energy Release Vitamin B+C 20 Effervescent Tablets. A vitamins and supplements product. Supplied as 20 Effervescent.,No regulation
simple,4987072079096,Cura-Heat Back Pain Max Size 2 sachet,0,0,0,4.29,taxable,,Vitamins,Cura-Heat Back Pain Max Size 2 sachet. A vitamins and supplements product. Supplied as 2 sachet.,No regulation
simple,8720181287879,Dove Women Anti Perspirant Deodorant Powder 200ml,0,0,0,4.29,taxable,,Beauty,Dove Women Anti Perspirant Deodorant Powder 200ml. A health and beauty product. Supplied as 200ml.,No regulation
simple,8809514550177,Rated Green Cold Press Tamanu Oil Soothing Scalp Pack 50ml,0,0,0,4.29,taxable,,Cold & Flu,"Rated Green Cold Press Tamanu Oil Soothing Scalp Pack 50ml. Always read the label and any leaflet supplied. If symptoms persist, speak to your pharmacist or doctor. Supplied as 50ml.",No regulation
simple,3760311310225,Lamazuna Oriculi Bioplastic Ecological Ear Cleaner (Blue) 1 Pack,0,0,0,4.29,taxable,,Home & Household,Lamazuna Oriculi Bioplastic Ecological Ear Cleaner (Blue) 1 Pack. A home and household product. Supplied as 1 Pack.,No regulation
simple,5013548103015,Braggs Charcoal 50 Capsules,0,0,0,4.29,taxable,,Vitamins,Braggs Charcoal 50 Capsules. A vitamins and supplements product. Supplied as 50 Capsules.,No regulation
simple,3614227922792,Max Factor Lash Revival Volume Boosting Primer 11ml,0,0,0,4.29,taxable,,First Aid,"Max Factor Lash Revival Volume Boosting Primer 11ml. Always read the label and any leaflet supplied. If symptoms persist, speak to your pharmacist or doctor. Supplied as 11ml.",No regulation
simple,5011417562598,Clearasil Multi Action 5 in 1 Exfoliating Scrub 150ml,0,0,0,4.29,taxable,,Skincare,Clearasil Multi Action 5 in 1 Exfoliating Scrub 150ml. A skincare product. Supplied as 150ml.,No regulation
simple,5060177240598,Odor-Eaters Heavy Duty Insoles One Size,0,0,0,4.29,taxable,,Supports & Braces,Odor-Eaters Heavy Duty Insoles One Size. A support and mobility product.,No regulation
simple,3331300097238,Stérimar Baby Nasal Spray 50ml,0,0,0,4.29,taxable,,Baby & Child,Stérimar Baby Nasal Spray 50ml. A baby and child product. Supplied as 50ml.,No regulation
simple,5025135117602,Malibu Dry Oil Spray SPF10 175ml,0,0,0,4.29,taxable,,Skincare,Malibu Dry Oil Spray SPF10 175ml. A skincare product. Supplied as 175ml.,No regulation
simple,5026445002497,Harmony Conditioning Temporary Hair Colour Hazel 100ml,0,0,0,4.29,taxable,,Hair Care,Harmony Conditioning Temporary Hair Colour Hazel 100ml. A hair care product. Supplied as 100ml.,No regulation
simple,8006540709467,Always Ultra Day Long Wings 20 Pack,0,0,0,4.29,taxable,zero-rate,Women's Health,Always Ultra Day Long Wings 20 Pack. A women's health product. Supplied as 20 Pack.,No regulation
simple,3574661385488,Calprofen Ibuprofen Oral Suspension 3+ Months Strawberry Flavour 100ml,0,0,0,4.29,taxable,,Pain Relief,"Calprofen Ibuprofen Oral Suspension 3+ Months Strawberry Flavour 100ml. Always read the label and any leaflet supplied. If symptoms persist, speak to your pharmacist or doctor. Supplied as 100ml.",GSL
simple,5011309018813,Tixylix Toddler Syrup 100ml,0,0,0,4.29,taxable,,Baby & Child,Tixylix Toddler Syrup 100ml. A baby and child product. Supplied as 100ml.,GSL
simple,5026445002558,Harmony Conditioning Temporary Hair Colour Cherry 100ml,0,0,0,4.29,taxable,,Hair Care,Harmony Conditioning Temporary Hair Colour Cherry 100ml. A hair care product. Supplied as 100ml.,No regulation
simple,5010249013193,FSC High Potency Cod Liver Oil 1000mg 60 Capsules,0,0,0,4.29,taxable,,Vitamins,FSC High Potency Cod Liver Oil 1000mg 60 Capsules. A vitamins and supplements product. Supplied as 60 Capsules.,No regulation
simple,5011309047318,Warts Treatment - Duofilm Cutaneous Solution 15ml,0,0,0,4.29,taxable,zero-rate,Skincare,"Warts Treatment - Duofilm Cutaneous Solution 15ml. Prescription-only medicine, supplied after an online consultation with our pharmacist. Always read the label and any leaflet supplied. If symptoms persist, speak to your pharmacist or doctor. Supplied as 15ml.",P
simple,8809646190159,Pack-age Monthly New Feet 25g,0,0,0,4.29,taxable,,General Health,Pack-age Monthly New Feet 25g. A health and wellbeing product. Supplied as 25g.,No regulation
simple,5025135112331,Malibu Lotion Spray SPF30 200ml,0,0,0,4.29,taxable,,Skincare,Malibu Lotion Spray SPF30 200ml. A skincare product. Supplied as 200ml.,No regulation
simple,5031013104381,Higher Nature Omega 3 Fish Oil 30 Capsules,0,0,0,4.29,taxable,,Vitamins,Higher Nature Omega 3 Fish Oil 30 Capsules. A vitamins and supplements product. Supplied as 30 Capsules.,No regulation
simple,5011309725810,Eurax Anti Itch Cream 30g,0,0,0,4.29,taxable,,Skincare,Eurax Anti Itch Cream 30g. A skincare product. Supplied as 30g.,GSL
simple,3574660518948,CalCough Infant Syrup 125ml,0,0,0,4.29,taxable,,Baby & Child,CalCough Infant Syrup 125ml. A baby and child product. Supplied as 125ml.,GSL
simple,8718951052109,Colgate Minions Extra Soft Battery Toothbrush,0,0,0,4.29,taxable,,Oral Care,Colgate Minions Extra Soft Battery Toothbrush. An oral care product.,No regulation
simple,7702018482740,Gillette Simply Venus 3 Women's Disposable Razors 4 Pack,0,0,0,4.29,taxable,,Women's Health,Gillette Simply Venus 3 Women's Disposable Razors 4 Pack. A women's health product. Supplied as 4 Pack.,No regulation
simple,5060177240574,Odor-Eaters Extra Comfort Insoles One Size,0,0,0,4.29,taxable,,Supports & Braces,Odor-Eaters Extra Comfort Insoles One Size. A support and mobility product.,No regulation
simple,5010441015759,Numark Paracetamol 250mg/5ml Oral Suspension 80ml,0,0,0,4.19,taxable,,Pain Relief,"Numark Paracetamol 250mg/5ml Oral Suspension 80ml. Always read the label and any leaflet supplied. If symptoms persist, speak to your pharmacist or doctor. Supplied as 80ml.",GSL
simple,7702018529865,Gillette Venus Riviera Touch of Aloe 2 Razors,0,0,0,4.19,taxable,,Men's Grooming,Gillette Venus Riviera Touch of Aloe 2 Razors. A men's grooming product.,No regulation
simple,8710447212943,Dove Care + Visible Glow Self-Tan Lotion Light to Medium 250ml,0,0,0,4.19,taxable,,Skincare,Dove Care + Visible Glow Self-Tan Lotion Light to Medium 250ml. A skincare product. Supplied as 250ml.,No regulation
simple,5025135113437,Malibu Dry Oil Spray SPF20 200ml,0,0,0,4.19,taxable,,Skincare,Malibu Dry Oil Spray SPF20 200ml. A skincare product. Supplied as 200ml.,No regulation
simple,5011784050513,Dentinox Cradle Cap Shampoo 125ml,0,0,0,4.19,taxable,,Hair Care,Dentinox Cradle Cap Shampoo 125ml. A hair care product. Supplied as 125ml.,GSL
simple,5010724531013,Anusol Ointment 25g,0,0,0,4.19,taxable,,Digestive,"Anusol Ointment 25g. Always read the label and any leaflet supplied. If symptoms persist, speak to your pharmacist or doctor. Supplied as 25g.",GSL
simple,5011309141719,Radian B Muscle Rub 100g,0,0,0,4.19,taxable,,Pain Relief,"Radian B Muscle Rub 100g. Always read the label and any leaflet supplied. If symptoms persist, speak to your pharmacist or doctor. Supplied as 100g.",No regulation
simple,5017848249411,Bell's Glycerin BP 200ml,0,0,0,4.19,taxable,,General Health,Bell's Glycerin BP 200ml. A health and wellbeing product. Supplied as 200ml.,GSL
simple,5025135121005,Malibu Scalp Protector SPF50 100ml,0,0,0,4.19,taxable,,Hair Care,Malibu Scalp Protector SPF50 100ml. A hair care product. Supplied as 100ml.,No regulation
simple,7317400026701,TePe Interdental Brushes 0.5mm 6 Pack,0,0,0,4.19,taxable,,Oral Care,TePe Interdental Brushes 0.5mm 6 Pack. An oral care product. Supplied as 6 Pack.,No regulation
simple,8717163762202,Dove Soothing Caring Bath Moisturising Cream 450ml,0,0,0,4.19,taxable,,Skincare,Dove Soothing Caring Bath Moisturising Cream 450ml. A skincare product. Supplied as 450ml.,No regulation
simple,5060464502033,Ibuprofen 200mg 96 Tablets,0,0,0,4.19,taxable,,Pain Relief,"Ibuprofen 200mg 96 Tablets. Prescription-only medicine, supplied after an online consultation with our pharmacist. Always read the label and any leaflet supplied. If symptoms persist, speak to your pharmacist or doctor. Supplied as 96 Tablets.",P
simple,5023652427013,Nature's Aid Tea Tree Oil 100% 10ml,0,0,0,4.19,taxable,,Vitamins,Nature's Aid Tea Tree Oil 100% 10ml. A vitamins and supplements product. Supplied as 10ml.,No regulation
simple,5010249028357,FSC Evening Primrose Oil Cream 100g,0,0,0,4.19,taxable,,Skincare,FSC Evening Primrose Oil Cream 100g. A skincare product. Supplied as 100g.,No regulation
simple,5012654110023,Carnation Corn Caps 10 Pack,0,0,0,4.19,taxable,,Skincare,Carnation Corn Caps 10 Pack. A skincare product. Supplied as 10 Pack.,No regulation
simple,5010441013069,Numark Ibuprofen 100mg/5ml Oral Suspension Strawberry 100ml,0,0,0,4.19,taxable,,Pain Relief,"Numark Ibuprofen 100mg/5ml Oral Suspension Strawberry 100ml. Always read the label and any leaflet supplied. If symptoms persist, speak to your pharmacist or doctor. Supplied as 100ml.",GSL
simple,5028816000088,Bee Health Propolis Cream 60ml,0,0,0,4.19,taxable,,Skincare,Bee Health Propolis Cream 60ml. A skincare product. Supplied as 60ml.,No regulation
simple,5051562028204,Otrivine Allergy Relief Nasal Spray 10ml,0,0,0,4.19,taxable,,Cold & Flu,"Otrivine Allergy Relief Nasal Spray 10ml. Always read the label and any leaflet supplied. If symptoms persist, speak to your pharmacist or doctor. Supplied as 10ml.",GSL
simple,5010415460196,Tommee Tippee Closer To Nature Bottle Handles 2 Pack,0,0,0,4.19,taxable,,General Health,Tommee Tippee Closer To Nature Bottle Handles 2 Pack. A health and wellbeing product. Supplied as 2 Pack.,No regulation
simple,8809483316231,Leaders Coconut Bio Mask with Orange 30ml,0,0,0,4.19,taxable,,Skincare,Leaders Coconut Bio Mask with Orange 30ml. A skincare product. Supplied as 30ml.,No regulation
simple,5025135112157,Malibu Dry Oil Spray SPF15 200ml,0,0,0,4.19,taxable,,Skincare,Malibu Dry Oil Spray SPF15 200ml. A skincare product. Supplied as 200ml.,No regulation
simple,3600541380837,Garnier Color Sensation 3.0 Prestige Black,0,0,0,4.19,taxable,,General Health,Garnier Color Sensation 3.0 Prestige Black. A health and wellbeing product.,No regulation
simple,8809375621283,Beaudiani Aroma Mask Rose 25ml,0,0,0,4.19,taxable,,Skincare,Beaudiani Aroma Mask Rose 25ml. A skincare product. Supplied as 25ml.,No regulation
simple,4005800206122,Elastoplast Wound Spray 100ml,0,0,0,4.19,taxable,,First Aid,"Elastoplast Wound Spray 100ml. Always read the label and any leaflet supplied. If symptoms persist, speak to your pharmacist or doctor. Supplied as 100ml.",No regulation
simple,5010249024885,FSC Deglycyrrhized Liquorice 200mg 60 Tablets,0,0,0,4.19,taxable,,Vitamins,FSC Deglycyrrhized Liquorice 200mg 60 Tablets. A vitamins and supplements product. Supplied as 60 Tablets.,No regulation
simple,5060704340357,Acala Konjac Sponge Green Tea Infused,0,0,0,4.19,taxable,,General Health,Acala Konjac Sponge Green Tea Infused. A health and wellbeing product.,No regulation
simple,0010181033087,Palmer's Coconut Oil Repairing Conditioner for Dry or Damaged Hair 313ml,0,0,0,4.19,taxable,,Hair Care,Palmer's Coconut Oil Repairing Conditioner for Dry or Damaged Hair 313ml. A hair care product. Supplied as 313ml.,No regulation
simple,5026445002510,Harmony Conditioning Temporary Hair Colour Coco 100ml,0,0,0,4.19,taxable,,Hair Care,Harmony Conditioning Temporary Hair Colour Coco 100ml. A hair care product. Supplied as 100ml.,No regulation
simple,3574661493756,Piz Buin Moisturising Lipstick with Aloe Vera SPF30,0,0,0,4.19,taxable,,Skincare,Piz Buin Moisturising Lipstick with Aloe Vera SPF30. A skincare product.,No regulation
simple,4013162019137,Fenjal Classic Creme Body Wash (Natural Oil) 200ml,0,0,0,4.19,taxable,,Beauty,Fenjal Classic Creme Body Wash (Natural Oil) 200ml. A health and beauty product. Supplied as 200ml.,No regulation
simple,5025135002106,Malibu Tanning Oil with Coconut Spray SPF15 175ml,0,0,0,4.19,taxable,,Skincare,Malibu Tanning Oil with Coconut Spray SPF15 175ml. A skincare product. Supplied as 175ml.,No regulation
simple,4770001336991,Ecodenta Extra Black Whitening Toothpaste 100ml,0,0,0,4.19,taxable,,Oral Care,Ecodenta Extra Black Whitening Toothpaste 100ml. An oral care product. Supplied as 100ml.,No regulation
simple,8710447212936,Dove Visible Glow Self-Tan Medium-Dark 250ml,0,0,0,4.19,taxable,,General Health,Dove Visible Glow Self-Tan Medium-Dark 250ml. A health and wellbeing product. Supplied as 250ml.,No regulation
simple,5037589000485,After Bite Xtra 20g,0,0,0,4.19,taxable,,General Health,After Bite Xtra 20g. A health and wellbeing product. Supplied as 20g.,No regulation
simple,3574661162232,Sudafed Congestion Headache Max Strength 16 Capsules,0,0,0,4.19,taxable,,Cold & Flu,"Sudafed Congestion Headache Max Strength 16 Capsules. Always read the label and any leaflet supplied. If symptoms persist, speak to your pharmacist or doctor. Supplied as 16 Capsules.",GSL
simple,5023652220904,Nature's Aid Vitamin B Complex 90 Tablets,0,0,0,4.19,taxable,,Vitamins,Nature's Aid Vitamin B Complex 90 Tablets. A vitamins and supplements product. Supplied as 90 Tablets.,No regulation
simple,5025135116919,Malibu Continuous Dry Oil Spray SPF15 175ml,0,0,0,4.19,taxable,,Skincare,Malibu Continuous Dry Oil Spray SPF15 175ml. A skincare product. Supplied as 175ml.,No regulation
simple,4595741624364,Valupak Glucosamine & Chondroitin 90 Tablets,0,0,0,4.19,taxable,,Vitamins,Valupak Glucosamine & Chondroitin 90 Tablets. A vitamins and supplements product. Supplied as 90 Tablets.,No regulation
simple,8714789613956,Colgate Total Whitening Toothpaste Pump 100ml,0,0,0,4.19,taxable,,Oral Care,Colgate Total Whitening Toothpaste Pump 100ml. An oral care product. Supplied as 100ml.,No regulation
simple,3614227962934,Max Factor Miracle Touch Foundation Almond 97,0,0,0,4.19,taxable,,Beauty,Max Factor Miracle Touch Foundation Almond 97. A health and beauty product.,No regulation
simple,4056800781294,Wella Silvikrin Hairspray Natural Hold 250ml,0,0,0,4.19,taxable,,Hair Care,Wella Silvikrin Hairspray Natural Hold 250ml. A hair care product. Supplied as 250ml.,No regulation
simple,5025135112690,Malibu Dry Oil Gel SPF10 200ml,0,0,0,4.19,taxable,,Skincare,Malibu Dry Oil Gel SPF10 200ml. A skincare product. Supplied as 200ml.,No regulation
simple,5010249152625,FSC Slippery Elm 250mg 30 Capsules,0,0,0,4.19,taxable,,Vitamins,FSC Slippery Elm 250mg 30 Capsules. A vitamins and supplements product. Supplied as 30 Capsules.,No regulation
simple,8001841267111,Pantene Repair & Protect Shampoo 360ml,0,0,0,4.19,taxable,,Hair Care,Pantene Repair & Protect Shampoo 360ml. A hair care product. Supplied as 360ml.,No regulation
simple,5000309007675,Anadin Extra 32 Caplets,0,0,0,4.19,taxable,,Pain Relief,"Anadin Extra 32 Caplets. Prescription-only medicine, supplied after an online consultation with our pharmacist. Always read the label and any leaflet supplied. If symptoms persist, speak to your pharmacist or doctor.",P
simple,8700216365550,Oral-B Pro Expert Flossing Tape Deep Clean 50m,0,0,0,4.19,taxable,,Oral Care,Oral-B Pro Expert Flossing Tape Deep Clean 50m. An oral care product.,No regulation
simple,5060704340333,Acala Konjac Sponge Aloe Vera Infused,0,0,0,4.19,taxable,,General Health,Acala Konjac Sponge Aloe Vera Infused. A health and wellbeing product.,No regulation
simple,5054563039521,Corsodyl Gum Care Toothpaste Daily Fluoride Ultra Clean 75ml,0,0,0,4.19,taxable,,Oral Care,Corsodyl Gum Care Toothpaste Daily Fluoride Ultra Clean 75ml. An oral care product. Supplied as 75ml.,No regulation
simple,5012654200960,Carnation Chiropody Felt 1 Sheet,0,0,0,4.19,taxable,,General Health,Carnation Chiropody Felt 1 Sheet. A health and wellbeing product. Supplied as 1 Sheet.,No regulation
simple,0074305701160,Braggs Apple Cider Vinegar with The Mother 473ml,0,0,0,4.12,taxable,zero-rate,General Health,Braggs Apple Cider Vinegar with The Mother 473ml. A health and wellbeing product. Supplied as 473ml.,No regulation
simple,4064665004939,Opi Nail Polish Turn Bright After Sunset 15ml,0,0,0,4.09,taxable,,Skincare,Opi Nail Polish Turn Bright After Sunset 15ml. A skincare product. Supplied as 15ml.,No regulation
simple,8717644332153,Sure Men Antiperspirant Deodorant Aerosol Invisible Ice 250ml,0,0,0,4.09,taxable,,Beauty,Sure Men Antiperspirant Deodorant Aerosol Invisible Ice 250ml. A health and beauty product. Supplied as 250ml.,No regulation
simple,5011451103849,Simple Purifying Cleansing Lotion 200ml,0,0,0,4.09,taxable,,Skincare,Simple Purifying Cleansing Lotion 200ml. A skincare product. Supplied as 200ml.,No regulation
simple,5017353506344,Galpharm Esomeprazole 20mg 7 Capsules,0,0,0,4.09,taxable,,Digestive,"Galpharm Esomeprazole 20mg 7 Capsules. Always read the label and any leaflet supplied. If symptoms persist, speak to your pharmacist or doctor. Supplied as 7 Capsules.",GSL
simple,5016379299209,Otex Olive Oil Ear Drops 10ml,0,0,0,4.09,taxable,,Vitamins,Otex Olive Oil Ear Drops 10ml. A vitamins and supplements product. Supplied as 10ml.,GSL
simple,5023652511064,Nature's Aid Super Stars Bone Support 60 Chewable Tablets,0,0,0,4.09,taxable,,Supports & Braces,Nature's Aid Super Stars Bone Support 60 Chewable Tablets. A support and mobility product. Supplied as 60 Chewable.,No regulation
simple,5010415323088,Tommee Tippee Bottle & Teat Brush,0,0,0,4.09,taxable,,General Health,Tommee Tippee Bottle & Teat Brush. A health and wellbeing product.,No regulation
simple,5060180819231,Animology Tear Stain Remover 100ml,0,0,0,4.09,taxable,,General Health,Animology Tear Stain Remover 100ml. A health and wellbeing product. Supplied as 100ml.,No regulation
simple,5025135116216,Malibu Dry Oil Gel SPF15 200ml,0,0,0,4.09,taxable,,Skincare,Malibu Dry Oil Gel SPF15 200ml. A skincare product. Supplied as 200ml.,No regulation
simple,5060704340562,Acala Amber Glass Trigger Spray Bottle 500ml,0,0,0,4.09,taxable,,Beauty,Acala Amber Glass Trigger Spray Bottle 500ml. A health and beauty product. Supplied as 500ml.,No regulation
simple,3574661239453,Neutrogena Visibly Clear Correct & Perfect Cream 50ml,0,0,0,4.09,taxable,,Skincare,Neutrogena Visibly Clear Correct & Perfect Cream 50ml. A skincare product. Supplied as 50ml.,No regulation
simple,5060193641508,Bloom & Blossom The Very Hungry Caterpillar Baby Bubble Bath 200ml,0,0,0,4.09,taxable,,Baby & Child,Bloom & Blossom The Very Hungry Caterpillar Baby Bubble Bath 200ml. A baby and child product. Supplied as 200ml.,No regulation
simple,5000347040658,Poligrip Ultra Denture Fixative Cream 40g,0,0,0,4.09,taxable,,Oral Care,Poligrip Ultra Denture Fixative Cream 40g. An oral care product. Supplied as 40g.,No regulation
simple,5060636880976,ecoLiving Handmade Soap 100g Tropical Paradise Coconut,0,0,0,4.09,taxable,,Beauty,ecoLiving Handmade Soap 100g Tropical Paradise Coconut. A health and beauty product. Supplied as 100g.,No regulation
simple,5000477218248,Olbas Bath Oil 250ml,0,0,0,4.09,taxable,,Cold & Flu,"Olbas Bath Oil 250ml. Always read the label and any leaflet supplied. If symptoms persist, speak to your pharmacist or doctor. Supplied as 250ml.",No regulation
simple,0010181032806,Palmer's Coconut Oil Body Lotion 250ml,0,0,0,4.09,taxable,,Skincare,Palmer's Coconut Oil Body Lotion 250ml. A skincare product. Supplied as 250ml.,No regulation
simple,5021986000070,Vocalzone Original 24 Pastilles,0,0,0,4.09,taxable,,Cold & Flu,"Vocalzone Original 24 Pastilles. Always read the label and any leaflet supplied. If symptoms persist, speak to your pharmacist or doctor. Supplied as 24 Pastilles.",No regulation
simple,5060480200623,Georganics Corn Dental Floss Spearmint 50m,0,0,0,4.09,taxable,,Oral Care,Georganics Corn Dental Floss Spearmint 50m. An oral care product.,No regulation
simple,5060480200517,Georganics Chewing Gum English Peppermint 30 Pack,0,0,0,4.09,taxable,,Oral Care,Georganics Chewing Gum English Peppermint 30 Pack. An oral care product. Supplied as 30 Pack.,No regulation
simple,5010441008447,Numark Blister Plasters 5 Pack,0,0,0,4.09,taxable,,First Aid,"Numark Blister Plasters 5 Pack. Always read the label and any leaflet supplied. If symptoms persist, speak to your pharmacist or doctor. Supplied as 5 Pack.",No regulation
simple,5060332531349,Lindens Health + Nutrition Chromium 200mcg (Picolinate) 100 Tablets,0,0,0,4.09,taxable,,Vitamins,Lindens Health + Nutrition Chromium 200mcg (Picolinate) 100 Tablets. A vitamins and supplements product. Supplied as 100 Tablets.,No regulation
simple,5011784004660,Snufflebabe Vapour Bath 250ml,0,0,0,4.09,taxable,,Beauty,Snufflebabe Vapour Bath 250ml. A health and beauty product. Supplied as 250ml.,No regulation
simple,5012583206835,Schwarzkopf Color Expert Omegaplex Mahogany Brown 4.68,0,0,0,4.09,taxable,,Hair Care,Schwarzkopf Color Expert Omegaplex Mahogany Brown 4.68. A hair care product.,No regulation
simple,0669316076033,American Crew Firm Hold Styling Gel 100ml,0,0,0,4.09,taxable,,Hair Care,American Crew Firm Hold Styling Gel 100ml. A hair care product. Supplied as 100ml.,No regulation
simple,5052197053630,E45 Dermatological Intense Recovery Spray Moisturiser 200ml,0,0,0,4.09,taxable,,Skincare,E45 Dermatological Intense Recovery Spray Moisturiser 200ml. A skincare product. Supplied as 200ml.,No regulation
simple,4064665090024,Opi Nail Polish Achievement Unlocked 15ml,0,0,0,4.09,taxable,,Beauty,Opi Nail Polish Achievement Unlocked 15ml. A health and beauty product. Supplied as 15ml.,No regulation
simple,3574661244846,Neutrogena Visibly Clear Scrub 150ml,0,0,0,4.09,taxable,,Beauty,Neutrogena Visibly Clear Scrub 150ml. A health and beauty product. Supplied as 150ml.,No regulation
simple,8718951509085,Palmolive Up Body Wash Citrus Feel 200ml,0,0,0,4.09,taxable,,Beauty,Palmolive Up Body Wash Citrus Feel 200ml. A health and beauty product. Supplied as 200ml.,No regulation
simple,5060025370019,Orajel Dental Gel Benzocaine 10% w/w 5.3g,0,0,0,4.09,taxable,,Oral Care,Orajel Dental Gel Benzocaine 10% w/w 5.3g. An oral care product. Supplied as 5.3g.,GSL
simple,5023652091504,Nature's Aid Premium Strength Rose Water 150ml,0,0,0,4.09,taxable,,Vitamins,Nature's Aid Premium Strength Rose Water 150ml. A vitamins and supplements product. Supplied as 150ml.,No regulation
simple,8001090507747,Vicks Babyrub Cosmetic 50g,0,0,0,4.09,taxable,,Baby & Child,Vicks Babyrub Cosmetic 50g. A baby and child product. Supplied as 50g.,No regulation
simple,3600522783220,L'Oreal Age Perfect Facial Cleansing Wipes 25 Pack,0,0,0,4.09,taxable,,Skincare,L'Oreal Age Perfect Facial Cleansing Wipes 25 Pack. A skincare product. Supplied as 25 Pack.,No regulation
simple,8001090602152,Aussie Man Keep It Clean Shampoo 300ml,0,0,0,4.09,taxable,,Hair Care,Aussie Man Keep It Clean Shampoo 300ml. A hair care product. Supplied as 300ml.,No regulation
simple,8720181477249,TRESemmé Moisture Rich Shampoo 500ml,0,0,0,4.09,taxable,,Hair Care,TRESemmé Moisture Rich Shampoo 500ml. A hair care product. Supplied as 500ml.,No regulation
simple,0080376380210,Profoot Mens Double Cushion 1 Pair,0,0,0,4.09,taxable,,General Health,Profoot Mens Double Cushion 1 Pair. A health and wellbeing product.,No regulation
simple,5025135119309,Malibu Tanning Oil Coconut SPF15 200ml,0,0,0,4.09,taxable,,Skincare,Malibu Tanning Oil Coconut SPF15 200ml. A skincare product. Supplied as 200ml.,No regulation
simple,8001090236739,Aussie Miracle Nourish Shampoo for Long Hair 300ml,0,0,0,4.09,taxable,,Hair Care,Aussie Miracle Nourish Shampoo for Long Hair 300ml. A hair care product. Supplied as 300ml.,No regulation
simple,4064665100174,Opi Nail Polish Bring Out The Big Gems 15ml,0,0,0,4.09,taxable,,Beauty,Opi Nail Polish Bring Out The Big Gems 15ml. A health and beauty product. Supplied as 15ml.,No regulation
simple,5011309064216,Tixylix Children's Dry & Tickly Cough 15% v/v Syrup 100ml,0,0,0,4.09,taxable,,Baby & Child,Tixylix Children's Dry & Tickly Cough 15% v/v Syrup 100ml. A baby and child product. Supplied as 100ml.,GSL
simple,8809480781827,Shangpree Gold Black Pearl Eye Mask 1 Pair,0,0,0,4.09,taxable,,Eye Care,"Shangpree Gold Black Pearl Eye Mask 1 Pair. Always read the label and any leaflet supplied. If symptoms persist, speak to your pharmacist or doctor.",No regulation
simple,5025135117626,Malibu Lotion Spray SPF10 175ml,0,0,0,4.09,taxable,,Skincare,Malibu Lotion Spray SPF10 175ml. A skincare product. Supplied as 175ml.,No regulation
simple,5031013106514,Higher Nature Probio Easy Powder 45g,0,0,0,4.09,taxable,,Vitamins,Higher Nature Probio Easy Powder 45g. A vitamins and supplements product. Supplied as 45g.,No regulation
simple,3574669907088,Johnson's Nursing Breast Pads 30 Pack,0,0,0,4.09,taxable,,Women's Health,Johnson's Nursing Breast Pads 30 Pack. A women's health product. Supplied as 30 Pack.,No regulation
simple,5010441013786,Numark Head Lice Treatment 59ml,0,0,0,4.09,taxable,,Prescription Medicines,"Numark Head Lice Treatment 59ml. Prescription-only medicine, supplied after an online consultation with our pharmacist. Always read the label and any leaflet supplied. If symptoms persist, speak to your pharmacist or doctor. Supplied as 59ml.",P
simple,50297092,VO5 Surfstyle Paste 150ml,0,0,0,4.09,taxable,,General Health,VO5 Surfstyle Paste 150ml. A health and wellbeing product. Supplied as 150ml.,No regulation
simple,0010181040375,Palmer's Cocoa Butter Nursing Butter 30g,0,0,0,4.09,taxable,,Beauty,Palmer's Cocoa Butter Nursing Butter 30g. A health and beauty product. Supplied as 30g.,No regulation
simple,0036000183399,Huggies Little Swimmers Size 3-4 Nappies 12 Pack,0,0,0,4.09,taxable,zero-rate,Baby & Child,Huggies Little Swimmers Size 3-4 Nappies 12 Pack. A baby and child product. Supplied as 12 Pack.,No regulation
simple,5060332530328,Lindens Health + Nutrition Selenium 100mcg & Zinc 100 Tablets,0,0,0,4.09,taxable,,Vitamins,Lindens Health + Nutrition Selenium 100mcg & Zinc 100 Tablets. A vitamins and supplements product. Supplied as 100 Tablets.,No regulation
simple,5012008738002,Inecto Natural Hydrate & Defrizz Hair Serum 100ml,0,0,0,4.09,taxable,,Hair Care,Inecto Natural Hydrate & Defrizz Hair Serum 100ml. A hair care product. Supplied as 100ml.,No regulation
simple,5012583205302,Schwarzkopf Colour Expert Omegaplex Light Cool Blonde 10.2,0,0,0,4.09,taxable,,Hair Care,Schwarzkopf Colour Expert Omegaplex Light Cool Blonde 10.2. A hair care product.,No regulation
simple,5016379100451,Adex Gel 100g,0,0,0,4.09,taxable,,Skincare,Adex Gel 100g. A skincare product. Supplied as 100g.,No regulation
simple,4064665099447,Opi Nail Polish Red-Veal Your Truth 15ml,0,0,0,4.09,taxable,,Beauty,Opi Nail Polish Red-Veal Your Truth 15ml. A health and beauty product. Supplied as 15ml.,No regulation
simple,50398621,Vo5 Styling Wax 75ml,0,0,0,4.09,taxable,,Hair Care,Vo5 Styling Wax 75ml. A hair care product. Supplied as 75ml.,No regulation
simple,5026445002909,Blue Stratos 150ml Bath & Shower Gel & 150ml Body Spray Set,0,0,0,4.09,taxable,,Beauty,Blue Stratos 150ml Bath & Shower Gel & 150ml Body Spray Set. A health and beauty product. Supplied as 150ml.,No regulation
simple,5010934001924,Seabond Denture Fixative Seals 15 Lowers,0,0,0,4.09,taxable,,Oral Care,Seabond Denture Fixative Seals 15 Lowers. An oral care product.,No regulation
simple,5060704340340,Acala Konjac Sponge French Pink Clay Infused,0,0,0,4.09,taxable,,General Health,Acala Konjac Sponge French Pink Clay Infused. A health and wellbeing product.,No regulation
simple,5031013102707,Higher Nature Folic Acid 90 Tablets,0,0,0,4.09,taxable,,Women's Health,Higher Nature Folic Acid 90 Tablets. A women's health product. Supplied as 90 Tablets.,No regulation
simple,4064665099515,Opi Nail Polish Clean Slate 15ml,0,0,0,4.09,taxable,,Beauty,Opi Nail Polish Clean Slate 15ml. A health and beauty product. Supplied as 15ml.,No regulation
simple,5060176670907,Dr. Organic Tea Tree Soap Bar,0,0,0,4.09,taxable,,Beauty,Dr. Organic Tea Tree Soap Bar. A health and beauty product.,No regulation
simple,3600521637142,L'Oréal Invisi'Hold Extra Strength Hair Gel 150ml,0,0,0,4.09,taxable,,Hair Care,L'Oréal Invisi'Hold Extra Strength Hair Gel 150ml. A hair care product. Supplied as 150ml.,No regulation
simple,0017854105751,Baylis & Harding Sweet Mandarin & Grapefruit Bauble 2021,0,0,0,4.09,taxable,,Beauty,Baylis & Harding Sweet Mandarin & Grapefruit Bauble 2021. A health and beauty product.,No regulation
simple,3616300984758,Opi Nail Polish Fall-Ing for Milan 15ml,0,0,0,4.09,taxable,,Beauty,Opi Nail Polish Fall-Ing for Milan 15ml. A health and beauty product. Supplied as 15ml.,No regulation
simple,3600523430932,L'Oréal Paris Pure Clay Foam Wash Black 150ml,0,0,0,4.09,taxable,,Beauty,L'Oréal Paris Pure Clay Foam Wash Black 150ml. A health and beauty product. Supplied as 150ml.,No regulation
simple,5023652451025,Nature's Aid Daily MultiVit 20 Effervescent Tablets,0,0,0,4.09,taxable,,Vitamins,Nature's Aid Daily MultiVit 20 Effervescent Tablets. A vitamins and supplements product. Supplied as 20 Effervescent.,No regulation
simple,0010181041136,Palmer's Cocoa Butter Formula Baby Oil 150ml,0,0,0,4.09,taxable,,Baby & Child,Palmer's Cocoa Butter Formula Baby Oil 150ml. A baby and child product. Supplied as 150ml.,No regulation
simple,8809375621306,Beaudiani Aroma Mask Lavender 25ml,0,0,0,4.09,taxable,,Skincare,Beaudiani Aroma Mask Lavender 25ml. A skincare product. Supplied as 25ml.,No regulation
simple,4005900081889,Nivea Pure & Natural Anti-Wrinkle Night Cream 50ml,0,0,0,4.09,taxable,,Skincare,Nivea Pure & Natural Anti-Wrinkle Night Cream 50ml. A skincare product. Supplied as 50ml.,No regulation
simple,5025135111259,Malibu Lotion SPF4 200ml,0,0,0,4.09,taxable,,Skincare,Malibu Lotion SPF4 200ml. A skincare product. Supplied as 200ml.,No regulation
simple,5011309056419,Cetraben Lotion 50ml,0,0,0,4.09,taxable,,Skincare,Cetraben Lotion 50ml. A skincare product. Supplied as 50ml.,No regulation
simple,5060519143266,Pukka Turmeric Gold Latte 90g,0,0,0,4.09,taxable,zero-rate,Vitamins,Pukka Turmeric Gold Latte 90g. A vitamins and supplements product. Supplied as 90g.,No regulation
simple,5023652364059,Nature's Aid Vit C 500mg No Sugar Chewable 50 Tablets,0,0,0,4.09,taxable,,Vitamins,Nature's Aid Vit C 500mg No Sugar Chewable 50 Tablets. A vitamins and supplements product. Supplied as 50 Tablets.,No regulation
simple,3574661705248,Aveeno Daily Moisturising Yogurt Body Cream Vanilla & Oat Scent 200ml,0,0,0,4.09,taxable,,Skincare,Aveeno Daily Moisturising Yogurt Body Cream Vanilla & Oat Scent 200ml. A skincare product. Supplied as 200ml.,No regulation
simple,5060571720610,UpCircle Bamboo 200 Cotton Buds,0,0,0,4.05,taxable,,General Health,UpCircle Bamboo 200 Cotton Buds. A health and wellbeing product.,No regulation
simple,5010724527467,Batiste Dry Shampoo Brilliant Blonde 200ml,0,0,0,4.00,taxable,,Hair Care,Batiste Dry Shampoo Brilliant Blonde 200ml. A hair care product. Supplied as 200ml.,No regulation
simple,5010415364722,Tommee Tippee Teethe & Cool Fish Teether,0,0,0,3.99,taxable,,Oral Care,Tommee Tippee Teethe & Cool Fish Teether. An oral care product.,No regulation
simple,5010441000687,Numark Hydrocortisone 1% w/w Cream 15g,0,0,0,3.99,taxable,,Skincare,"Numark Hydrocortisone 1% w/w Cream 15g. Prescription-only medicine, supplied after an online consultation with our pharmacist. Always read the label and any leaflet supplied. If symptoms persist, speak to your pharmacist or doctor. Supplied as 15g.",P
simple,9329401000121,The Goat Skincare Moisturising Cream 100ml,0,0,0,3.99,taxable,,Skincare,The Goat Skincare Moisturising Cream 100ml. A skincare product. Supplied as 100ml.,No regulation
simple,0017854112230,Baylis & Harding Kindness+ Plant Collagen Rejuvenate Body Wash 500ml,0,0,0,3.99,taxable,,Vitamins,Baylis & Harding Kindness+ Plant Collagen Rejuvenate Body Wash 500ml. A vitamins and supplements product. Supplied as 500ml.,No regulation
simple,5055148400231,Lamberts Folic Acid 400mcg 100 Tablets,0,0,0,3.99,taxable,,Women's Health,Lamberts Folic Acid 400mcg 100 Tablets. A women's health product. Supplied as 100 Tablets.,No regulation
simple,7350075690082,The Humble Co. Brush Mixed Kids Ultra-Soft Pack,0,0,0,3.99,taxable,,General Health,The Humble Co. Brush Mixed Kids Ultra-Soft Pack. A health and wellbeing product.,No regulation
simple,8001841536873,Tampax Pearl Compak Regular Applicator Tampons 16 Pack,0,0,0,3.99,taxable,zero-rate,Women's Health,Tampax Pearl Compak Regular Applicator Tampons 16 Pack. A women's health product. Supplied as 16 Pack.,No regulation
simple,0017854109261,Baylis & Harding Goodness Sleep 500ml Bath Soak,0,0,0,3.99,taxable,,Beauty,Baylis & Harding Goodness Sleep 500ml Bath Soak. A health and beauty product. Supplied as 500ml.,No regulation
simple,8710447486337,Simple Kind To Skin Vital Vitamin Day Cream SPF15 50ml,0,0,0,3.99,taxable,,Skincare,Simple Kind To Skin Vital Vitamin Day Cream SPF15 50ml. A skincare product. Supplied as 50ml.,No regulation
simple,5025970009728,Nivea Men Emergency Wash Kit Set 4Pc,0,0,0,3.99,taxable,,Beauty,Nivea Men Emergency Wash Kit Set 4Pc. A health and beauty product.,No regulation
simple,5017007603641,Motusol Gel 1.16% w/w Gel 30g,0,0,0,3.99,taxable,,Skincare,Motusol Gel 1.16% w/w Gel 30g. A skincare product. Supplied as 30g.,GSL
simple,5010724538067,Batiste Dry Shampoo Sweetie 280ml,0,0,0,3.99,taxable,,Hair Care,Batiste Dry Shampoo Sweetie 280ml. A hair care product. Supplied as 280ml.,No regulation
simple,5000167056549,Nurofen 200mg 24 Tablets,0,0,0,3.99,taxable,,Pain Relief,"Nurofen 200mg 24 Tablets. Prescription-only medicine, supplied after an online consultation with our pharmacist. Always read the label and any leaflet supplied. If symptoms persist, speak to your pharmacist or doctor. Supplied as 24 Tablets.",P
simple,5010441013007,Numark Co-Codamol 8mg/500mg 32 Caplets,0,0,0,3.99,taxable,,Pain Relief,"Numark Co-Codamol 8mg/500mg 32 Caplets. Prescription-only medicine, supplied after an online consultation with our pharmacist. Always read the label and any leaflet supplied. If symptoms persist, speak to your pharmacist or doctor. Supplied as 500mg.",P
simple,5011309268218,Care Ibuprofen 200mg 48 Tablets,0,0,0,3.99,taxable,,Pain Relief,"Care Ibuprofen 200mg 48 Tablets. Prescription-only medicine, supplied after an online consultation with our pharmacist. Always read the label and any leaflet supplied. If symptoms persist, speak to your pharmacist or doctor. Supplied as 48 Tablets.",P
simple,8711700927536,Dove Caring Bath Almond Cream Shower Gel 750ml,0,0,0,3.99,taxable,,Skincare,Dove Caring Bath Almond Cream Shower Gel 750ml. A skincare product. Supplied as 750ml.,No regulation
simple,5060704340135,Acala Bamboo Toothbrush Single,0,0,0,3.99,taxable,,Oral Care,Acala Bamboo Toothbrush Single. An oral care product.,No regulation
simple,5010724527474,Batiste Dry Shampoo & A Hint Of Colour for Brunettes 200ml,0,0,0,3.99,taxable,,Hair Care,Batiste Dry Shampoo & A Hint Of Colour for Brunettes 200ml. A hair care product. Supplied as 200ml.,No regulation
simple,5017007053835,Naproxen Period Pain Teva 250mg 28 Tablets,0,0,0,3.99,taxable,zero-rate,Women's Health,"Naproxen Period Pain Teva 250mg 28 Tablets. Prescription-only medicine, supplied after an online consultation with our pharmacist. Always read the label and any leaflet supplied. If symptoms persist, speak to your pharmacist or doctor. Supplied as 28 Tablets.",P
simple,5010724536261,Trojan Ultra Thin Condoms 12 Pack,0,0,0,3.99,taxable,reduced-rate,Sexual Wellness,"Trojan Ultra Thin Condoms 12 Pack. Always read the label and any leaflet supplied. If symptoms persist, speak to your pharmacist or doctor. Supplied as 12 Pack.",No regulation
simple,5023652276093,Nature's Aid Vitamin D3 400iu 90 Tablets,0,0,0,3.99,taxable,,Vitamins,Nature's Aid Vitamin D3 400iu 90 Tablets. A vitamins and supplements product. Supplied as 90 Tablets.,No regulation
simple,4015400498056,Always Ultra Normal Wings 26 Pack,0,0,0,3.99,taxable,zero-rate,Women's Health,Always Ultra Normal Wings 26 Pack. A women's health product. Supplied as 26 Pack.,No regulation
simple,5011417570203,E45 Straightforward Skincare Daily Lotion 200ml,0,0,0,3.99,taxable,,Skincare,E45 Straightforward Skincare Daily Lotion 200ml. A skincare product. Supplied as 200ml.,No regulation
simple,5011309267419,Care+ Ibuprofen 5% Gel 50g,0,0,0,3.99,taxable,,Pain Relief,"Care+ Ibuprofen 5% Gel 50g. Always read the label and any leaflet supplied. If symptoms persist, speak to your pharmacist or doctor. Supplied as 50g.",GSL
simple,5010724544853,Batiste Night Light Cleanse 200ml,0,0,0,3.99,taxable,,Hair Care,Batiste Night Light Cleanse 200ml. A hair care product. Supplied as 200ml.,No regulation
simple,3574661498478,Neutrogena Blackhead Eliminating Facial Scrub 150ml,0,0,0,3.99,taxable,,Skincare,Neutrogena Blackhead Eliminating Facial Scrub 150ml. A skincare product. Supplied as 150ml.,No regulation
simple,5060704340272,Acala Sisal Soap Bag with Drawstring,0,0,0,3.99,taxable,,Beauty,Acala Sisal Soap Bag with Drawstring. A health and beauty product.,No regulation
simple,5010441014257,Numark Allergy Relief for Children 5mg/5ml Cetirizine Dihydrochloride Oral Solution 70ml,0,0,0,3.99,taxable,,Baby & Child,Numark Allergy Relief for Children 5mg/5ml Cetirizine Dihydrochloride Oral Solution 70ml. A baby and child product. Supplied as 70ml.,GSL
simple,5010605829024,Germolene Antiseptic Dual Action 55g,0,0,0,3.99,taxable,,First Aid,"Germolene Antiseptic Dual Action 55g. Always read the label and any leaflet supplied. If symptoms persist, speak to your pharmacist or doctor. Supplied as 55g.",GSL
simple,5035559014807,Brulidine Antiseptic & Antibacterial Cream 25g,0,0,0,3.99,taxable,,First Aid,"Brulidine Antiseptic & Antibacterial Cream 25g. Always read the label and any leaflet supplied. If symptoms persist, speak to your pharmacist or doctor. Supplied as 25g.",GSL
simple,50398683,Vo5 Matt Clay Extra Hold 75ml,0,0,0,3.99,taxable,,General Health,Vo5 Matt Clay Extra Hold 75ml. A health and wellbeing product. Supplied as 75ml.,No regulation
simple,9335955000937,MooGoo Lip Balm - SPF 15 5g,0,0,0,3.99,taxable,,Skincare,MooGoo Lip Balm - SPF 15 5g. A skincare product. Supplied as 5g.,No regulation
simple,8718951645882,Sanex Expert Shower Cream Skin Relief 450ml,0,0,0,3.99,taxable,,Skincare,Sanex Expert Shower Cream Skin Relief 450ml. A skincare product. Supplied as 450ml.,No regulation
simple,4987072082300,Cura-Heat Max Size Direct To Skin 2 Pack,0,0,0,3.99,taxable,,Skincare,Cura-Heat Max Size Direct To Skin 2 Pack. A skincare product. Supplied as 2 Pack.,No regulation
simple,5010724530955,Anusol Cream 23g,0,0,0,3.99,taxable,,Digestive,"Anusol Cream 23g. Always read the label and any leaflet supplied. If symptoms persist, speak to your pharmacist or doctor. Supplied as 23g.",GSL
simple,5033847002185,Kwells Kids 12 Tablets,0,0,0,3.99,taxable,,Prescription Medicines,"Kwells Kids 12 Tablets. Prescription-only medicine, supplied after an online consultation with our pharmacist. Always read the label and any leaflet supplied. If symptoms persist, speak to your pharmacist or doctor. Supplied as 12 Tablets.",P
simple,4064665100150,Opi Nail Polish Charmed I'm Sure 15ml,0,0,0,3.99,taxable,,Beauty,Opi Nail Polish Charmed I'm Sure 15ml. A health and beauty product. Supplied as 15ml.,No regulation
simple,5011417585269,Scholl Blister Plaster Mixed 5 Pack,0,0,0,3.99,taxable,,Supports & Braces,Scholl Blister Plaster Mixed 5 Pack. A support and mobility product. Supplied as 5 Pack.,No regulation
simple,4013162028108,Fenjal Classic Foaming Soap 250ml,0,0,0,3.99,taxable,,Beauty,Fenjal Classic Foaming Soap 250ml. A health and beauty product. Supplied as 250ml.,No regulation
simple,5099186001302,Pinewood Simple Linctus Sugar Free 200ml,0,0,0,3.99,taxable,,General Health,Pinewood Simple Linctus Sugar Free 200ml. A health and wellbeing product. Supplied as 200ml.,GSL
simple,5000158100589,Nurofen for Children 3 Months To 9 Years Strawberry 100ml,0,0,0,3.99,taxable,,Baby & Child,Nurofen for Children 3 Months To 9 Years Strawberry 100ml. A baby and child product. Supplied as 100ml.,GSL
simple,8005610434247,Max Factor Lipgloss Regale Burgundy,0,0,0,3.99,taxable,,General Health,Max Factor Lipgloss Regale Burgundy. A health and wellbeing product.,No regulation
simple,5011309164114,Zeroguent Emollient Cream 100g,0,0,0,3.99,taxable,,Skincare,Zeroguent Emollient Cream 100g. A skincare product. Supplied as 100g.,No regulation
simple,5029066078469,Childs Farm Hair & Body Wash Blackberry & Organic Apple 250ml,0,0,0,3.99,taxable,,Hair Care,Childs Farm Hair & Body Wash Blackberry & Organic Apple 250ml. A hair care product. Supplied as 250ml.,No regulation
simple,5025135002083,Malibu Continuous Fast Tanning Oil Spray 175ml,0,0,0,3.99,taxable,,Skincare,Malibu Continuous Fast Tanning Oil Spray 175ml. A skincare product. Supplied as 175ml.,No regulation
simple,5060193640846,Bloom & Blossom The BFG Bubble Bath 200ml,0,0,0,3.99,taxable,,Beauty,Bloom & Blossom The BFG Bubble Bath 200ml. A health and beauty product. Supplied as 200ml.,No regulation
simple,5012617023582,Period Pain - Naproxen 250mg 28 Tablets,0,0,0,3.99,taxable,zero-rate,Women's Health,"Period Pain - Naproxen 250mg 28 Tablets. Prescription-only medicine, supplied after an online consultation with our pharmacist. Always read the label and any leaflet supplied. If symptoms persist, speak to your pharmacist or doctor. Supplied as 28 Tablets.",P
simple,5060018880204,Murine Irritation & Redness Eye Drops 10ml,0,0,0,3.99,taxable,,Eye Care,"Murine Irritation & Redness Eye Drops 10ml. Prescription-only medicine, supplied after an online consultation with our pharmacist. Always read the label and any leaflet supplied. If symptoms persist, speak to your pharmacist or doctor. Supplied as 10ml.",P
simple,5016695926605,Viatris Lactulose 3.1-3.7 g/5ml oral solution 300ml,0,0,0,3.99,taxable,,Prescription Medicines,"Viatris Lactulose 3.1-3.7 g/5ml oral solution 300ml. Prescription-only medicine, supplied after an online consultation with our pharmacist. Always read the label and any leaflet supplied. If symptoms persist, speak to your pharmacist or doctor. Supplied as 300ml.",P
simple,9335955000081,MooGoo Lip Balm - Vanilla Dream 5g,0,0,0,3.99,taxable,,Skincare,MooGoo Lip Balm - Vanilla Dream 5g. A skincare product. Supplied as 5g.,No regulation
simple,9335955000913,MooGoo Lip Balm - Tingling Honey 5g,0,0,0,3.99,taxable,,Skincare,MooGoo Lip Balm - Tingling Honey 5g. A skincare product. Supplied as 5g.,No regulation
simple,3600542050531,Garnier SkinActive Aloe Refreshing Toner 100ml,0,0,0,3.99,taxable,,Skincare,Garnier SkinActive Aloe Refreshing Toner 100ml. A skincare product. Supplied as 100ml.,No regulation
simple,6281006485457,Pears Body Wash Original 500ml,0,0,0,3.99,taxable,,Beauty,Pears Body Wash Original 500ml. A health and beauty product. Supplied as 500ml.,No regulation
simple,0017854105966,Baylis & Harding Limited Edition Mulberry Fizz Duo Bottle Gift Set,0,0,0,3.99,taxable,,Beauty,Baylis & Harding Limited Edition Mulberry Fizz Duo Bottle Gift Set. A health and beauty product.,No regulation
simple,5012617016706,Ferrous Sulfate 200mg 60 Tablets,0,0,0,3.99,taxable,,Prescription Medicines,"Ferrous Sulfate 200mg 60 Tablets. Prescription-only medicine, supplied after an online consultation with our pharmacist. Always read the label and any leaflet supplied. If symptoms persist, speak to your pharmacist or doctor. Supplied as 60 Tablets.",P
simple,3574661014593,Listerine Advanced Enamel & Sensitivity Protection Fresh Mint Mouthwash 500ml,0,0,0,3.99,taxable,,Oral Care,Listerine Advanced Enamel & Sensitivity Protection Fresh Mint Mouthwash 500ml. An oral care product. Supplied as 500ml.,No regulation
simple,7350064160077,BioDenta Total Care Toothpaste 75ml,0,0,0,3.99,taxable,,Oral Care,BioDenta Total Care Toothpaste 75ml. An oral care product. Supplied as 75ml.,No regulation
simple,5000174453218,Olay Complete Moisture & Glow SPF15 Day Lotion 100ml,0,0,0,3.99,taxable,,Skincare,Olay Complete Moisture & Glow SPF15 Day Lotion 100ml. A skincare product. Supplied as 100ml.,No regulation
simple,9329401000718,The Baby Goat Skincare Body Wash & Shampoo 250ml,0,0,0,3.99,taxable,,Baby & Child,The Baby Goat Skincare Body Wash & Shampoo 250ml. A baby and child product. Supplied as 250ml.,No regulation
simple,4064665099423,Opi Nail Polish Peace Of Mined 15ml,0,0,0,3.99,taxable,,Beauty,Opi Nail Polish Peace Of Mined 15ml. A health and beauty product. Supplied as 15ml.,No regulation
simple,3574661531847,Ogx Frizz Defying Coconut Oil Air Dry Cream 177ml,0,0,0,3.99,taxable,,Skincare,Ogx Frizz Defying Coconut Oil Air Dry Cream 177ml. A skincare product. Supplied as 177ml.,No regulation
simple,0017854112216,Baylis & Harding Kindness+ Hyaluronic Acid Hand Wash 500ml,0,0,0,3.99,taxable,,Beauty,Baylis & Harding Kindness+ Hyaluronic Acid Hand Wash 500ml. A health and beauty product. Supplied as 500ml.,No regulation
simple,4032651215010,Schulke Octenisan Wash Lotion 150ml,0,0,0,3.99,taxable,,Skincare,Schulke Octenisan Wash Lotion 150ml. A skincare product. Supplied as 150ml.,No regulation
simple,5060018881478,Murine Dry & Tired Eye Drops 15ml,0,0,0,3.99,taxable,,Eye Care,"Murine Dry & Tired Eye Drops 15ml. Always read the label and any leaflet supplied. If symptoms persist, speak to your pharmacist or doctor. Supplied as 15ml.",GSL
simple,5038581134185,Yankee Candle Berry Mochi Small Jar 104g,0,0,0,3.99,taxable,,Beauty,Yankee Candle Berry Mochi Small Jar 104g. A health and beauty product. Supplied as 104g.,No regulation
simple,5010724538043,Batiste Dry Shampoo Cherry 280ml,0,0,0,3.99,taxable,,Hair Care,Batiste Dry Shampoo Cherry 280ml. A hair care product. Supplied as 280ml.,No regulation
simple,5010724532041,Arm & Hammer Charcoal White Pro Toothpaste 75ml,0,0,0,3.99,taxable,,Oral Care,Arm & Hammer Charcoal White Pro Toothpaste 75ml. An oral care product. Supplied as 75ml.,No regulation
simple,5010123722708,Calpol Infant Suspension Sugar Free Strawberry 100ml,0,0,0,3.99,taxable,,Baby & Child,Calpol Infant Suspension Sugar Free Strawberry 100ml. A baby and child product. Supplied as 100ml.,GSL
simple,5000158070875,Lemsip Max All in One Lemon 4 Sachets,0,0,0,3.99,taxable,,Cold & Flu,"Lemsip Max All in One Lemon 4 Sachets. Always read the label and any leaflet supplied. If symptoms persist, speak to your pharmacist or doctor. Supplied as 4 Sachets.",GSL
simple,3574661648224,Ogx Fight Fallout Niacin & Caffeine Conditioner 385ml,0,0,0,3.99,taxable,,Hair Care,Ogx Fight Fallout Niacin & Caffeine Conditioner 385ml. A hair care product. Supplied as 385ml.,No regulation
simple,3574661499666,Neutrogena Clear & Defend Wash-Mask 150ml,0,0,0,3.99,taxable,,Skincare,Neutrogena Clear & Defend Wash-Mask 150ml. A skincare product. Supplied as 150ml.,No regulation
simple,5017353504951,Galpharm Flu-Max All-In-One Chesty Cough & Cold 10 Sachets,0,0,0,3.99,taxable,,Cold & Flu,"Galpharm Flu-Max All-In-One Chesty Cough & Cold 10 Sachets. Always read the label and any leaflet supplied. If symptoms persist, speak to your pharmacist or doctor. Supplied as 10 Sachets.",GSL
simple,3800219794663,Alteya Organic Chamomile Water 60ml,0,0,0,3.99,taxable,,General Health,Alteya Organic Chamomile Water 60ml. A health and wellbeing product. Supplied as 60ml.,No regulation
simple,5060176670693,Dr. Organic Tea Tree Toothpaste 100ml,0,0,0,3.99,taxable,,Oral Care,Dr. Organic Tea Tree Toothpaste 100ml. An oral care product. Supplied as 100ml.,No regulation
simple,8006540709528,Always Ultra Duo Night 18 Liners,0,0,0,3.99,taxable,zero-rate,Women's Health,Always Ultra Duo Night 18 Liners. A women's health product.,No regulation
simple,5060133377184,Nasofed Relief Saline Nasal Spray - 15ml,0,0,0,3.99,taxable,,Cold & Flu,"Nasofed Relief Saline Nasal Spray - 15ml. Always read the label and any leaflet supplied. If symptoms persist, speak to your pharmacist or doctor. Supplied as 15ml.",GSL
simple,0017854096103,Baylis & Harding The Fuzzy Duck Men's Ginger & Lime 500ml Shower Gel,0,0,0,3.99,taxable,,Beauty,Baylis & Harding The Fuzzy Duck Men's Ginger & Lime 500ml Shower Gel. A health and beauty product. Supplied as 500ml.,No regulation
simple,5010123729981,Benylin Cold & Flu Max Strength 16 Capsules,0,0,0,3.99,taxable,,Cold & Flu,"Benylin Cold & Flu Max Strength 16 Capsules. Always read the label and any leaflet supplied. If symptoms persist, speak to your pharmacist or doctor. Supplied as 16 Capsules.",GSL
simple,3574661669977,Benylin Herbal Chesty Cough Sugar Free Syrup 100ml,0,0,0,3.99,taxable,,Cold & Flu,"Benylin Herbal Chesty Cough Sugar Free Syrup 100ml. Always read the label and any leaflet supplied. If symptoms persist, speak to your pharmacist or doctor. Supplied as 100ml.",No regulation
simple,5010724527443,Batiste Dry Shampoo Divine Dark 200ml,0,0,0,3.99,taxable,,Hair Care,Batiste Dry Shampoo Divine Dark 200ml. A hair care product. Supplied as 200ml.,No regulation
simple,5010249041172,The Food Supplement Company Magnesium 500mg 30 Capsules,0,0,0,3.99,taxable,,Vitamins,The Food Supplement Company Magnesium 500mg 30 Capsules. A vitamins and supplements product. Supplied as 30 Capsules.,No regulation
simple,42389309,Nivea Star Skin Treats Set 5Pc,0,0,0,3.99,taxable,,Skincare,Nivea Star Skin Treats Set 5Pc. A skincare product.,No regulation
simple,5000347054235,Corsodyl Gum Care Daily Mouthwash Alcohol Free Mint Flavour 500ml,0,0,0,3.99,taxable,,Oral Care,Corsodyl Gum Care Daily Mouthwash Alcohol Free Mint Flavour 500ml. An oral care product. Supplied as 500ml.,No regulation
simple,5025135111396,Malibu Lotion SPF20 200ml,0,0,0,3.99,taxable,,Skincare,Malibu Lotion SPF20 200ml. A skincare product. Supplied as 200ml.,No regulation
simple,0708002400599,Faith In Nature Aloe Vera & Tea Tree Hand Wash 400ml,0,0,0,3.99,taxable,,Beauty,Faith In Nature Aloe Vera & Tea Tree Hand Wash 400ml. A health and beauty product. Supplied as 400ml.,No regulation
simple,5060013941610,Bristol Co-Codamol 8/500mg 32 Tablets,0,0,0,3.99,taxable,,Pain Relief,"Bristol Co-Codamol 8/500mg 32 Tablets. Prescription-only medicine, supplied after an online consultation with our pharmacist. Always read the label and any leaflet supplied. If symptoms persist, speak to your pharmacist or doctor. Supplied as 32 Tablets.",P
simple,42209522,Max Factor Colour X-pert Waterproof Liquid Eye Liner Deep Black,0,0,0,3.99,taxable,,General Health,Max Factor Colour X-pert Waterproof Liquid Eye Liner Deep Black. A health and wellbeing product.,No regulation
simple,5000158063808,Disprin Soluble 32 Tablets,0,0,0,3.99,taxable,,Prescription Medicines,"Disprin Soluble 32 Tablets. Prescription-only medicine, supplied after an online consultation with our pharmacist. Always read the label and any leaflet supplied. If symptoms persist, speak to your pharmacist or doctor. Supplied as 32 Tablets.",P
simple,8006540514399,Pantene Conditioner Smooth & Sleek 350ml,0,0,0,3.99,taxable,,Hair Care,Pantene Conditioner Smooth & Sleek 350ml. A hair care product. Supplied as 350ml.,No regulation
simple,7322540679212,Tena Silhouette Low Waist Underwear White Large 5 Pack,0,0,0,3.99,taxable,zero-rate,Continence,Tena Silhouette Low Waist Underwear White Large 5 Pack. A continence care product. Supplied as 5 Pack.,No regulation
simple,5060427351258,St. Moriz Self Tan Mousse Medium 200ml,0,0,0,3.99,taxable,,Hair Care,St. Moriz Self Tan Mousse Medium 200ml. A hair care product. Supplied as 200ml.,No regulation
simple,3574661251868,Aveeno Baby Daily Care Baby Cleansing Milk 300ml,0,0,0,3.99,taxable,,Baby & Child,Aveeno Baby Daily Care Baby Cleansing Milk 300ml. A baby and child product. Supplied as 300ml.,No regulation
simple,5029053538426,Huggies Little Swimmers Swim Pants Size 5-6 Nappies 11 Pack,0,0,0,3.99,taxable,zero-rate,Baby & Child,Huggies Little Swimmers Swim Pants Size 5-6 Nappies 11 Pack. A baby and child product. Supplied as 11 Pack.,No regulation
simple,5016379000034,Ibuleve Gel 30g,0,0,0,3.99,taxable,,Pain Relief,"Ibuleve Gel 30g. Prescription-only medicine, supplied after an online consultation with our pharmacist. Always read the label and any leaflet supplied. If symptoms persist, speak to your pharmacist or doctor. Supplied as 30g.",P
simple,0017854112223,Baylis & Harding Kindness+ Hyaluronic Acid Body Wash 500ml,0,0,0,3.99,taxable,,Beauty,Baylis & Harding Kindness+ Hyaluronic Acid Body Wash 500ml. A health and beauty product. Supplied as 500ml.,No regulation
simple,5025135118166,Malibu Aloe Vera Moisturising After Sun Gel 400ml,0,0,0,3.99,taxable,,Skincare,Malibu Aloe Vera Moisturising After Sun Gel 400ml. A skincare product. Supplied as 400ml.,No regulation
simple,4015600802769,Oral-B 3Dwhite Luxe Whitening Dental Floss 35M,0,0,0,3.99,taxable,,Oral Care,Oral-B 3Dwhite Luxe Whitening Dental Floss 35M. An oral care product.,No regulation
simple,0017854112254,Baylis & Harding Kindness+ Vitamin C + Niacinamide Body Wash 500ml,0,0,0,3.99,taxable,,Vitamins,Baylis & Harding Kindness+ Vitamin C + Niacinamide Body Wash 500ml. A vitamins and supplements product. Supplied as 500ml.,No regulation
simple,5055586607117,Eight Triple Eight Lavender Conditioner 1000ml,0,0,0,3.99,taxable,,Hair Care,Eight Triple Eight Lavender Conditioner 1000ml. A hair care product. Supplied as 1000ml.,No regulation
simple,4987072071113,CURA-HEAT ARTHRITIS PAIN FOR KNEE (4),0,0,0,3.99,taxable,,Supports & Braces,CURA-HEAT ARTHRITIS PAIN FOR KNEE (4). A support and mobility product.,No regulation
simple,5060332535613,Lindens Health + Nutrition Vitamin D3 25mcg (1000IU) 120 Tablets,0,0,0,3.99,taxable,,Vitamins,Lindens Health + Nutrition Vitamin D3 25mcg (1000IU) 120 Tablets. A vitamins and supplements product. Supplied as 120 Tablets.,No regulation
simple,5010605055195,Canesten Canesfresh Feminine Wipes 10 Pack,0,0,0,3.99,taxable,,Women's Health,Canesten Canesfresh Feminine Wipes 10 Pack. A women's health product. Supplied as 10 Pack.,No regulation
simple,3574660606027,Sudafed Decongestant 12 Tablets,0,0,0,3.99,taxable,,Cold & Flu,"Sudafed Decongestant 12 Tablets. Prescription-only medicine, supplied after an online consultation with our pharmacist. Always read the label and any leaflet supplied. If symptoms persist, speak to your pharmacist or doctor. Supplied as 12 Tablets.",P
simple,5012008752008,Inecto Naturals Curl Club Shampoo 250ml,0,0,0,3.99,taxable,,Hair Care,Inecto Naturals Curl Club Shampoo 250ml. A hair care product. Supplied as 250ml.,No regulation
simple,7350121253315,TePe Interdental Brush Mixed 6 Pack,0,0,0,3.99,taxable,,Oral Care,TePe Interdental Brush Mixed 6 Pack. An oral care product. Supplied as 6 Pack.,No regulation
simple,5011501040094,Deep Heat Heat Rub 67g,0,0,0,3.99,taxable,,Pain Relief,"Deep Heat Heat Rub 67g. Always read the label and any leaflet supplied. If symptoms persist, speak to your pharmacist or doctor. Supplied as 67g.",GSL
simple,3574661498430,Neutrogena Clear & Radiant Face Scrub 150ml,0,0,0,3.99,taxable,,Skincare,Neutrogena Clear & Radiant Face Scrub 150ml. A skincare product. Supplied as 150ml.,No regulation
simple,8711600375383,Lynx Excite Crisp Coconut & Black Pepper Body Spray 200ml,0,0,0,3.99,taxable,,Beauty,Lynx Excite Crisp Coconut & Black Pepper Body Spray 200ml. A health and beauty product. Supplied as 200ml.,No regulation
simple,9335955000920,MooGoo Lip Balm - Strawberry Tinted 5g,0,0,0,3.99,taxable,,Skincare,MooGoo Lip Balm - Strawberry Tinted 5g. A skincare product. Supplied as 5g.,No regulation
simple,5000158106499,Nurofen Pain Relief 256mg 16 Tablets,0,0,0,3.99,taxable,,Pain Relief,"Nurofen Pain Relief 256mg 16 Tablets. Always read the label and any leaflet supplied. If symptoms persist, speak to your pharmacist or doctor. Supplied as 16 Tablets.",GSL
simple,5010123703547,Listerine Fresh Burst 500ml,0,0,0,3.99,taxable,,Oral Care,Listerine Fresh Burst 500ml. An oral care product. Supplied as 500ml.,No regulation
simple,5023652320307,Nature's Aid Vitamin C 1000mg Low Acid 30 Tablets,0,0,0,3.99,taxable,,Vitamins,Nature's Aid Vitamin C 1000mg Low Acid 30 Tablets. A vitamins and supplements product. Supplied as 30 Tablets.,No regulation
simple,4056800745982,Wella Shockwaves Tuff Stuff Ultra Strong Gel 200ml,0,0,0,3.99,taxable,,Hair Care,Wella Shockwaves Tuff Stuff Ultra Strong Gel 200ml. A hair care product. Supplied as 200ml.,No regulation
simple,8001841266909,Pantene Repair & Protect Conditioner 360ml,0,0,0,3.99,taxable,,Hair Care,Pantene Repair & Protect Conditioner 360ml. A hair care product. Supplied as 360ml.,No regulation
simple,8710447223352,TRESemmé Biotin Repair 7 Shampoo 700ml,0,0,0,3.99,taxable,,Hair Care,TRESemmé Biotin Repair 7 Shampoo 700ml. A hair care product. Supplied as 700ml.,No regulation
simple,5410076495849,Pantene Pro-V Extra Strong Hold Hair Spray 300ml,0,0,0,3.99,taxable,,Hair Care,Pantene Pro-V Extra Strong Hold Hair Spray 300ml. A hair care product. Supplied as 300ml.,No regulation
simple,5000174718058,Fixodent Plus Foodseal Denture Adhesive 40g,0,0,0,3.99,taxable,,Oral Care,Fixodent Plus Foodseal Denture Adhesive 40g. An oral care product. Supplied as 40g.,No regulation
simple,0022796974211,Ogx Hydrate & Defrizz Kukui Oil Shampoo 385ml,0,0,0,3.99,taxable,,Hair Care,Ogx Hydrate & Defrizz Kukui Oil Shampoo 385ml. A hair care product. Supplied as 385ml.,No regulation
simple,5060193642062,Bloom & Blossom The Very Hungry Caterpillar Baby 3-In-1 Swim 200ml,0,0,0,3.99,taxable,,Baby & Child,Bloom & Blossom The Very Hungry Caterpillar Baby 3-In-1 Swim 200ml. A baby and child product. Supplied as 200ml.,No regulation
simple,3600523232543,L'Oréal Men Expert Cool Power Shower Gel 300ml,0,0,0,3.99,taxable,,Beauty,L'Oréal Men Expert Cool Power Shower Gel 300ml. A health and beauty product. Supplied as 300ml.,No regulation
simple,5010441011430,Numark Ibuprofen Pain Relief 5% Gel 50g,0,0,0,3.99,taxable,,Pain Relief,"Numark Ibuprofen Pain Relief 5% Gel 50g. Always read the label and any leaflet supplied. If symptoms persist, speak to your pharmacist or doctor. Supplied as 50g.",GSL
simple,0736658797541,Wet Brush Plush Brush Blue Dog,0,0,0,3.99,taxable,,Pet Care,Wet Brush Plush Brush Blue Dog. A pet care product.,No regulation
simple,5018632274565,Safe & Sound Burn Plasters 7.5cm x 5cm 5 Pack,0,0,0,3.99,taxable,,First Aid,"Safe & Sound Burn Plasters 7.5cm x 5cm 5 Pack. Always read the label and any leaflet supplied. If symptoms persist, speak to your pharmacist or doctor. Supplied as 5 Pack.",No regulation
simple,0017854096127,Baylis & Harding The Fuzzy Duck Men's Ginger & Lime 250ml Hair & Body Wash,0,0,0,3.99,taxable,,Hair Care,Baylis & Harding The Fuzzy Duck Men's Ginger & Lime 250ml Hair & Body Wash. A hair care product. Supplied as 250ml.,No regulation
simple,3574660418439,Calpol Infant Oral Suspension Colour & Sugar Free 100ml,0,0,0,3.99,taxable,,Baby & Child,Calpol Infant Oral Suspension Colour & Sugar Free 100ml. A baby and child product. Supplied as 100ml.,GSL
simple,4770001002490,Ecodenta Cavity Fighting Kids Toothpaste with Fluoride,0,0,0,3.99,taxable,,Oral Care,Ecodenta Cavity Fighting Kids Toothpaste with Fluoride. An oral care product.,No regulation
simple,5060480200630,Georganics Natural Floss Charcoal 50m,0,0,0,3.99,taxable,,Oral Care,Georganics Natural Floss Charcoal 50m. An oral care product.,No regulation
simple,5000167014174,Femfresh Powder 200g,0,0,0,3.99,taxable,,Vitamins,Femfresh Powder 200g. A vitamins and supplements product. Supplied as 200g.,No regulation
simple,5025970023281,Nivea Men Sensitive Post Shave Balm 0% Alcohol 100ml,0,0,0,3.99,taxable,,Men's Grooming,Nivea Men Sensitive Post Shave Balm 0% Alcohol 100ml. A men's grooming product. Supplied as 100ml.,No regulation
simple,5025135118050,Malibu Lotion SPF30 200ml,0,0,0,3.99,taxable,,Skincare,Malibu Lotion SPF30 200ml. A skincare product. Supplied as 200ml.,No regulation
simple,5060660872633,AactiMed Cetomacrogol Cream BP 500g,0,0,0,3.99,taxable,,Skincare,AactiMed Cetomacrogol Cream BP 500g. A skincare product. Supplied as 500g.,No regulation
simple,5021265246151,Vitabiotics Ultra Folic Acid 400µg with Vitamin B12 60 Tablets,0,0,0,3.99,taxable,,Women's Health,Vitabiotics Ultra Folic Acid 400µg with Vitamin B12 60 Tablets. A women's health product. Supplied as 60 Tablets.,No regulation
simple,5011309914313,Metanium Everyday Barrier Ointment 40g,0,0,0,3.99,taxable,,Skincare,Metanium Everyday Barrier Ointment 40g. A skincare product. Supplied as 40g.,No regulation
simple,3600542486866,Garnier Hand Superfood Repairing Cocoa Balm 75ml,0,0,0,3.99,taxable,,Skincare,Garnier Hand Superfood Repairing Cocoa Balm 75ml. A skincare product. Supplied as 75ml.,No regulation
simple,5017007052302,Teva Fluconazole 150mg Capsule,0,0,0,3.99,taxable,,Prescription Medicines,"Teva Fluconazole 150mg Capsule. Prescription-only medicine, supplied after an online consultation with our pharmacist. Always read the label and any leaflet supplied. If symptoms persist, speak to your pharmacist or doctor. Supplied as 150mg.",P
simple,5025135117985,Malibu Bronzing Tanning Oil SPF4 200ml,0,0,0,3.99,taxable,,Skincare,Malibu Bronzing Tanning Oil SPF4 200ml. A skincare product. Supplied as 200ml.,No regulation
simple,5010415364500,Tommee Tippee Teethe & Soothe Easy Reach Baby Teethers 2 Pack,0,0,0,3.99,taxable,,Baby & Child,Tommee Tippee Teethe & Soothe Easy Reach Baby Teethers 2 Pack. A baby and child product. Supplied as 2 Pack.,No regulation
simple,5021769936145,Body Collection Relax Gift Set,0,0,0,3.99,taxable,,Beauty,Body Collection Relax Gift Set. A health and beauty product.,No regulation
simple,5026445002534,Harmony Conditioning Temporary Hair Colour Sandy 100ml,0,0,0,3.99,taxable,,Hair Care,Harmony Conditioning Temporary Hair Colour Sandy 100ml. A hair care product. Supplied as 100ml.,No regulation
simple,5017848250226,Bell's Healthcare Codeine Linctus 15mg/5ml Oral Solution 200ml,0,0,0,3.99,taxable,,Pain Relief,"Bell's Healthcare Codeine Linctus 15mg/5ml Oral Solution 200ml. Prescription-only medicine, supplied after an online consultation with our pharmacist. Always read the label and any leaflet supplied. If symptoms persist, speak to your pharmacist or doctor. Supplied as 200ml.",P
simple,5055144200293,Lipsore 5% Aciclovir Cream 2g,0,0,0,3.99,taxable,,Skincare,Lipsore 5% Aciclovir Cream 2g. A skincare product. Supplied as 2g.,GSL
simple,5010797005367,Selsun Dandruff Treatment Shampoo 2.5% 100ml,0,0,0,3.99,taxable,,Hair Care,"Selsun Dandruff Treatment Shampoo 2.5% 100ml. Prescription-only medicine, supplied after an online consultation with our pharmacist. Always read the label and any leaflet supplied. If symptoms persist, speak to your pharmacist or doctor. Supplied as 100ml.",P
simple,8714789710020,Colgate Total Toothpaste 125ml,0,0,0,3.99,taxable,,Oral Care,Colgate Total Toothpaste 125ml. An oral care product. Supplied as 125ml.,No regulation
simple,5060193641515,Bloom & Blossom The Very Hungry Caterpillar Baby Moisturiser 200ml,0,0,0,3.99,taxable,,Baby & Child,Bloom & Blossom The Very Hungry Caterpillar Baby Moisturiser 200ml. A baby and child product. Supplied as 200ml.,No regulation
simple,5000488108439,Nelsons Calendula Cream 30g,0,0,0,3.99,taxable,,Skincare,Nelsons Calendula Cream 30g. A skincare product. Supplied as 30g.,No regulation
simple,3800219794656,Alteya Organic Bulgarian Lavender Water Spray 60ml,0,0,0,3.99,taxable,,Beauty,Alteya Organic Bulgarian Lavender Water Spray 60ml. A health and beauty product. Supplied as 60ml.,No regulation
simple,5023652261037,Nature's Aid Echineeze (Echinacea) 30 Tablets,0,0,0,3.99,taxable,,Vitamins,Nature's Aid Echineeze (Echinacea) 30 Tablets. A vitamins and supplements product. Supplied as 30 Tablets.,No regulation
simple,5060464500190,Numark Ibuprofen 400mg 24 Coated Tablets,0,0,0,3.99,taxable,,Pain Relief,"Numark Ibuprofen 400mg 24 Coated Tablets. Prescription-only medicine, supplied after an online consultation with our pharmacist. Always read the label and any leaflet supplied. If symptoms persist, speak to your pharmacist or doctor. Supplied as 400mg.",P
simple,5011451103917,Simple Eye Makeup Remover 125ml,0,0,0,3.99,taxable,,Beauty,Simple Eye Makeup Remover 125ml. A health and beauty product. Supplied as 125ml.,No regulation
simple,5017123453137,Low Back Pain - Naproxen 250mg 28 Tablets,0,0,0,3.99,taxable,zero-rate,Pain Relief,"Low Back Pain - Naproxen 250mg 28 Tablets. Prescription-only medicine, supplied after an online consultation with our pharmacist. Always read the label and any leaflet supplied. If symptoms persist, speak to your pharmacist or doctor. Supplied as 28 Tablets.",P
simple,5054563014627,Sensodyne Daily Care Deep Clean Fluoride Toothpaste 75ml,0,0,0,3.99,taxable,,Oral Care,Sensodyne Daily Care Deep Clean Fluoride Toothpaste 75ml. An oral care product. Supplied as 75ml.,No regulation
simple,8016825929589,Aquafresh Dentifricio Denti Tripla Protezione Formula Mineral Smalto 100ml,0,0,0,3.99,taxable,,Oral Care,Aquafresh Dentifricio Denti Tripla Protezione Formula Mineral Smalto 100ml. An oral care product. Supplied as 100ml.,No regulation
simple,5031013104664,Higher Nature Immune+ 30 Tablets,0,0,0,3.99,taxable,,Vitamins,Higher Nature Immune+ 30 Tablets. A vitamins and supplements product. Supplied as 30 Tablets.,No regulation
simple,5060193641492,Bloom & Blossom The Very Hungry Caterpillar Baby Hair & Body Wash 200ml,0,0,0,3.99,taxable,,Baby & Child,Bloom & Blossom The Very Hungry Caterpillar Baby Hair & Body Wash 200ml. A baby and child product. Supplied as 200ml.,No regulation
simple,4064666304182,Wella Shockwaves Volume Mousse 200ml,0,0,0,3.99,taxable,,Hair Care,Wella Shockwaves Volume Mousse 200ml. A hair care product. Supplied as 200ml.,No regulation
simple,3401396609919,Puressentiel Purifying Antibacterial Gel 80ml,0,0,0,3.99,taxable,,Skincare,Puressentiel Purifying Antibacterial Gel 80ml. A skincare product. Supplied as 80ml.,No regulation
simple,8006540358627,Fixodent Adhesive Cream Original 40g,0,0,0,3.99,taxable,,Skincare,Fixodent Adhesive Cream Original 40g. A skincare product. Supplied as 40g.,No regulation
simple,3614229066463,Opi Nail Polish My Chihuahua Doesn't Bite Anymore 15ml,0,0,0,3.99,taxable,,Beauty,Opi Nail Polish My Chihuahua Doesn't Bite Anymore 15ml. A health and beauty product. Supplied as 15ml.,No regulation
simple,4012273123009,Neutrogena Norwegian Formula Hand Cream 50ml,0,0,0,3.99,taxable,,Skincare,Neutrogena Norwegian Formula Hand Cream 50ml. A skincare product. Supplied as 50ml.,No regulation
simple,0874211002685,Cantu Shea Butter Hair Dressing Pomade 113g,0,0,0,3.99,taxable,,First Aid,"Cantu Shea Butter Hair Dressing Pomade 113g. Always read the label and any leaflet supplied. If symptoms persist, speak to your pharmacist or doctor. Supplied as 113g.",No regulation
simple,4011700740291,4711 Original Deodorant Spray 150ml,0,0,0,3.99,taxable,,Beauty,4711 Original Deodorant Spray 150ml. A health and beauty product. Supplied as 150ml.,No regulation
simple,5010058063983,Pre-Injection Swabs 100 Pack,0,0,0,3.99,taxable,,General Health,Pre-Injection Swabs 100 Pack. A health and wellbeing product. Supplied as 100 Pack.,No regulation
simple,4064665090086,Opi Nail Polish Heart & Con-Soul 15ml,0,0,0,3.99,taxable,,Beauty,Opi Nail Polish Heart & Con-Soul 15ml. A health and beauty product. Supplied as 15ml.,No regulation
simple,0810020170672,Bondi Sands Body Moisturiser Summer Fruits 500ml,0,0,0,3.99,taxable,,Skincare,Bondi Sands Body Moisturiser Summer Fruits 500ml. A skincare product. Supplied as 500ml.,No regulation
simple,3574661237008,Benylin Children's Dry Cough & Sore Throat Syrup 1+ Year 125ml,0,0,0,3.99,taxable,,Baby & Child,Benylin Children's Dry Cough & Sore Throat Syrup 1+ Year 125ml. A baby and child product. Supplied as 125ml.,GSL
simple,5060193640921,Bloom & Blossom Matilda's Magical Pillow Spray 75ml,0,0,0,3.99,taxable,,Beauty,Bloom & Blossom Matilda's Magical Pillow Spray 75ml. A health and beauty product. Supplied as 75ml.,No regulation
simple,9335955000906,MooGoo Lip Balm - Cow Lick 5g,0,0,0,3.99,taxable,,Skincare,MooGoo Lip Balm - Cow Lick 5g. A skincare product. Supplied as 5g.,No regulation
simple,0017854112247,Baylis & Harding Kindness+ Plant Collagen Rejuvenate Hand Wash 500ml,0,0,0,3.99,taxable,,Vitamins,Baylis & Harding Kindness+ Plant Collagen Rejuvenate Hand Wash 500ml. A vitamins and supplements product. Supplied as 500ml.,No regulation
simple,8720181477263,TRESemmé Colour Revitalise Shampoo 500ml,0,0,0,3.99,taxable,,Hair Care,TRESemmé Colour Revitalise Shampoo 500ml. A hair care product. Supplied as 500ml.,No regulation
simple,7350064160060,BioDenta Charcoal toothpaste 75ml,0,0,0,3.99,taxable,,Oral Care,BioDenta Charcoal toothpaste 75ml. An oral care product. Supplied as 75ml.,No regulation
simple,3616300984802,"Opi Nail Polish Addio Bad Nails, Ciao Great Nails 15ml",0,0,0,3.99,taxable,,Beauty,"Opi Nail Polish Addio Bad Nails, Ciao Great Nails 15ml. A health and beauty product. Supplied as 15ml.",No regulation
simple,5060209111223,"Westlab Sleep Lavender, Jasmine & Valerian Mineral Bath Salts 1kg",0,0,0,3.99,taxable,,Beauty,"Westlab Sleep Lavender, Jasmine & Valerian Mineral Bath Salts 1kg. A health and beauty product. Supplied as 1kg.",No regulation
simple,5060176670662,Dr. Organic Aloe Vera Toothpaste 100ml,0,0,0,3.99,taxable,,Oral Care,Dr. Organic Aloe Vera Toothpaste 100ml. An oral care product. Supplied as 100ml.,No regulation
simple,7350075693786,Humble Co. Brush Mixed Adult Soft Pack,0,0,0,3.99,taxable,,General Health,Humble Co. Brush Mixed Adult Soft Pack. A health and wellbeing product.,No regulation
simple,5017371132068,Calypso Aloe Vera After Sun Gel 250ml,0,0,0,3.99,taxable,,Skincare,Calypso Aloe Vera After Sun Gel 250ml. A skincare product. Supplied as 250ml.,No regulation
simple,5025135116872,Malibu After Sun with Tan Extender Lotion 400ml,0,0,0,3.99,taxable,,Skincare,Malibu After Sun with Tan Extender Lotion 400ml. A skincare product. Supplied as 400ml.,No regulation
simple,3614229831573,Adidas Team Force Feel The Impact Duo Gift Set for Men,0,0,0,3.99,taxable,,Men's Health,Adidas Team Force Feel The Impact Duo Gift Set for Men. A men's health product.,No regulation
simple,5028816000064,Bee Health Propolis Liquid 30ml,0,0,0,3.99,taxable,,General Health,Bee Health Propolis Liquid 30ml. A health and wellbeing product. Supplied as 30ml.,No regulation
simple,5011309402810,Care Chlorhexidine Mouthwash Aniseed Flavour 300ml,0,0,0,3.99,taxable,,Oral Care,Care Chlorhexidine Mouthwash Aniseed Flavour 300ml. An oral care product. Supplied as 300ml.,GSL
simple,5060528325882,Dirty Works Sole Surviour Foot Care Collection,0,0,0,3.99,taxable,,General Health,Dirty Works Sole Surviour Foot Care Collection. A health and wellbeing product.,No regulation
simple,5060218601432,Ever Ready Soft Touch Corn Plane,0,0,0,3.99,taxable,,Skincare,Ever Ready Soft Touch Corn Plane. A skincare product.,No regulation
simple,3574661098937,Neutrogena Deep Moisture Dry Skin Body Lotion 400ml,0,0,0,3.99,taxable,,Skincare,Neutrogena Deep Moisture Dry Skin Body Lotion 400ml. A skincare product. Supplied as 400ml.,No regulation
simple,5099186002934,Pinewood Ibuprofen 100mg/5ml Oral Suspension 100ml,0,0,0,3.99,taxable,,Pain Relief,"Pinewood Ibuprofen 100mg/5ml Oral Suspension 100ml. Prescription-only medicine, supplied after an online consultation with our pharmacist. Always read the label and any leaflet supplied. If symptoms persist, speak to your pharmacist or doctor. Supplied as 100ml.",P
simple,3574661391335,Neutrogena Hydro Boost Body Gel Cream 250ml,0,0,0,3.99,taxable,,Skincare,Neutrogena Hydro Boost Body Gel Cream 250ml. A skincare product. Supplied as 250ml.,No regulation
simple,5010123714383,Listerine Teeth & Gum Defence 500ml,0,0,0,3.99,taxable,,Oral Care,Listerine Teeth & Gum Defence 500ml. An oral care product. Supplied as 500ml.,No regulation
simple,5028763010482,Wisdom Daily Gum Health Chlorhexidine Mouthwash 500ml,0,0,0,3.99,taxable,,Oral Care,Wisdom Daily Gum Health Chlorhexidine Mouthwash 500ml. An oral care product. Supplied as 500ml.,No regulation
simple,8001090222756,Herbal Essences Bio:Renew Golden Moringa Oil Conditioner 400ml,0,0,0,3.99,taxable,,Hair Care,Herbal Essences Bio:Renew Golden Moringa Oil Conditioner 400ml. A hair care product. Supplied as 400ml.,No regulation
simple,5010724538050,Batiste Dry Shampoo Tropical 280ml,0,0,0,3.99,taxable,,Hair Care,Batiste Dry Shampoo Tropical 280ml. A hair care product. Supplied as 280ml.,No regulation
simple,5011408061567,L'Oréal Age Perfect Smoothing & Anti-Fatigue Cleansing Milk 200ml,0,0,0,3.99,taxable,,Skincare,L'Oréal Age Perfect Smoothing & Anti-Fatigue Cleansing Milk 200ml. A skincare product. Supplied as 200ml.,No regulation
simple,5025135119248,Malibu Tanning Oil Argan SPF15 200ml,0,0,0,3.99,taxable,,Skincare,Malibu Tanning Oil Argan SPF15 200ml. A skincare product. Supplied as 200ml.,No regulation
simple,0810020170030,Bondi Sands Body Moisturiser Tropical Rum 500ml,0,0,0,3.99,taxable,,Skincare,Bondi Sands Body Moisturiser Tropical Rum 500ml. A skincare product. Supplied as 500ml.,No regulation
simple,5038580084788,Yankee Candle All Is Bright Small Jar 104g,0,0,0,3.99,taxable,,Beauty,Yankee Candle All Is Bright Small Jar 104g. A health and beauty product. Supplied as 104g.,No regulation
simple,5010441013113,Numark Loratadine 10mg Allergy & Hay Fever 60 Tablets,0,0,0,3.99,taxable,,Prescription Medicines,"Numark Loratadine 10mg Allergy & Hay Fever 60 Tablets. Prescription-only medicine, supplied after an online consultation with our pharmacist. Always read the label and any leaflet supplied. If symptoms persist, speak to your pharmacist or doctor. Supplied as 60 Tablets.",P
simple,5060135050146,O.R.S. Hydration Strawberry 12 Tablets,0,0,0,3.99,taxable,,Vitamins,O.R.S. Hydration Strawberry 12 Tablets. A vitamins and supplements product. Supplied as 12 Tablets.,No regulation
simple,7350075691492,The Humble Co. Natural Toothpaste Fresh Mint 75ml,0,0,0,3.99,taxable,,Oral Care,The Humble Co. Natural Toothpaste Fresh Mint 75ml. An oral care product. Supplied as 75ml.,No regulation
simple,96092002,Gaviscon Double Action Mint Flavour Chewable Tablets 12 Handy Pack,0,0,0,3.99,taxable,,Digestive,"Gaviscon Double Action Mint Flavour Chewable Tablets 12 Handy Pack. Always read the label and any leaflet supplied. If symptoms persist, speak to your pharmacist or doctor.",GSL
simple,0017854120822,Baylis & Harding The EDIT Vanilla Seduction Body Wash 400ml,0,0,0,3.99,taxable,,Beauty,Baylis & Harding The EDIT Vanilla Seduction Body Wash 400ml. A health and beauty product. Supplied as 400ml.,No regulation
simple,5025135001574,Malibu Bronzing Tanning Monoi Oil SPF4 200ml,0,0,0,3.99,taxable,,Skincare,Malibu Bronzing Tanning Monoi Oil SPF4 200ml. A skincare product. Supplied as 200ml.,No regulation
simple,7317400026626,TePe Interdental Brushes 0.4mm 6 Pack,0,0,0,3.99,taxable,,Oral Care,TePe Interdental Brushes 0.4mm 6 Pack. An oral care product. Supplied as 6 Pack.,No regulation
simple,5010724533888,Anusol Soothing & Cleansing Flushable Wipes 30 Pack,0,0,0,3.99,taxable,,Digestive,"Anusol Soothing & Cleansing Flushable Wipes 30 Pack. Always read the label and any leaflet supplied. If symptoms persist, speak to your pharmacist or doctor. Supplied as 30 Pack.",No regulation
simple,5016379299308,Otex Ear Drops Sodium Bicarbonate 10ml,0,0,0,3.99,taxable,,Vitamins,Otex Ear Drops Sodium Bicarbonate 10ml. A vitamins and supplements product. Supplied as 10ml.,GSL
simple,5000167047523,Nurofen Meltlets Lemon Self-dissolving 200mg 12 Tablets,0,0,0,3.99,taxable,,Pain Relief,"Nurofen Meltlets Lemon Self-dissolving 200mg 12 Tablets. Always read the label and any leaflet supplied. If symptoms persist, speak to your pharmacist or doctor. Supplied as 12 Tablets.",GSL
simple,5010249012516,FSC Vitamin C 1000mg 30 Tablets,0,0,0,3.99,taxable,,Vitamins,FSC Vitamin C 1000mg 30 Tablets. A vitamins and supplements product. Supplied as 30 Tablets.,No regulation
simple,3574661684321,Listerine Mild & Minty 500ml,0,0,0,3.99,taxable,,Oral Care,Listerine Mild & Minty 500ml. An oral care product. Supplied as 500ml.,No regulation
simple,5033847002352,Sominex A Night Time Sleep Aid 16 Tablets,0,0,0,3.99,taxable,,Prescription Medicines,"Sominex A Night Time Sleep Aid 16 Tablets. Prescription-only medicine, supplied after an online consultation with our pharmacist. Always read the label and any leaflet supplied. If symptoms persist, speak to your pharmacist or doctor. Supplied as 16 Tablets.",P
simple,4987072068342,Cura-Heat Period Pain Relief Heat Patch 3 Patches,0,0,0,3.99,taxable,,Women's Health,Cura-Heat Period Pain Relief Heat Patch 3 Patches. A women's health product. Supplied as 3 Patches.,GSL
simple,5055586607162,Eight Triple Eight Arnica Conditioner 1000ml,0,0,0,3.99,taxable,,Hair Care,Eight Triple Eight Arnica Conditioner 1000ml. A hair care product. Supplied as 1000ml.,No regulation
simple,5010934001917,Seabond Denture Fixative Seals 15 Uppers,0,0,0,3.99,taxable,,Oral Care,Seabond Denture Fixative Seals 15 Uppers. An oral care product.,No regulation
simple,3574661091075,Benylin Infant's Cough Syrup Glycerol 3 Months+ 125ml,0,0,0,3.99,taxable,,Baby & Child,Benylin Infant's Cough Syrup Glycerol 3 Months+ 125ml. A baby and child product. Supplied as 125ml.,GSL
simple,5025135116971,Malibu Lotion Spray SPF15 175ml,0,0,0,3.99,taxable,,Skincare,Malibu Lotion Spray SPF15 175ml. A skincare product. Supplied as 175ml.,No regulation
simple,5025135112508,Malibu Carotene Dry Oil Gel SPF8 200ml,0,0,0,3.99,taxable,,Skincare,Malibu Carotene Dry Oil Gel SPF8 200ml. A skincare product. Supplied as 200ml.,No regulation
simple,5029354010362,AloeDent Triple Action Toothpaste with Fluoride 100ml,0,0,0,3.99,taxable,,Oral Care,AloeDent Triple Action Toothpaste with Fluoride 100ml. An oral care product. Supplied as 100ml.,No regulation
simple,7317400026787,TePe Interdental Brushes 0.7mm 6 Pack,0,0,0,3.99,taxable,,Oral Care,TePe Interdental Brushes 0.7mm 6 Pack. An oral care product. Supplied as 6 Pack.,No regulation
simple,5011417565209,Dettol All in One Disinfectant Spray 400ml,0,0,0,3.99,taxable,,Home & Household,Dettol All in One Disinfectant Spray 400ml. A home and household product. Supplied as 400ml.,No regulation
simple,3600520752471,L'Oréal Elvive Shampoo Nutri Gloss Shine 250ml,0,0,0,3.99,taxable,,Hair Care,L'Oréal Elvive Shampoo Nutri Gloss Shine 250ml. A hair care product. Supplied as 250ml.,No regulation
simple,5025135120725,Malibu After Sun Ice Blue Cooling Gel 400ml,0,0,0,3.99,taxable,,Skincare,Malibu After Sun Ice Blue Cooling Gel 400ml. A skincare product. Supplied as 400ml.,No regulation
simple,5054805039852,Wright's Traditional Soap 4 x 100g bars,0,0,0,3.99,taxable,,Beauty,Wright's Traditional Soap 4 x 100g bars. A health and beauty product. Supplied as 4 x 100g.,No regulation
simple,5011309960112,Care+ Senna 7.5mg 60 Tablets,0,0,0,3.99,taxable,,Digestive,"Care+ Senna 7.5mg 60 Tablets. Prescription-only medicine, supplied after an online consultation with our pharmacist. Always read the label and any leaflet supplied. If symptoms persist, speak to your pharmacist or doctor. Supplied as 60 Tablets.",P
simple,0736658797510,Wet Brush Plush Brush Panda,0,0,0,3.99,taxable,,General Health,Wet Brush Plush Brush Panda. A health and wellbeing product.,No regulation
simple,4064665090031,Opi Nail Polish Pixel Dust 15ml,0,0,0,3.99,taxable,,Beauty,Opi Nail Polish Pixel Dust 15ml. A health and beauty product. Supplied as 15ml.,No regulation
simple,3600542486910,Garnier Hand Superfood Nourishing Avocado Balm 75ml,0,0,0,3.99,taxable,,Skincare,Garnier Hand Superfood Nourishing Avocado Balm 75ml. A skincare product. Supplied as 75ml.,No regulation
simple,5010249309517,FSC Rich Organic Golden Linseed 250g,0,0,0,3.99,taxable,,General Health,FSC Rich Organic Golden Linseed 250g. A health and wellbeing product. Supplied as 250g.,No regulation
simple,5060018881461,Murine Bright & Moist Eyes Drops 15ml,0,0,0,3.99,taxable,,Vitamins,Murine Bright & Moist Eyes Drops 15ml. A vitamins and supplements product. Supplied as 15ml.,No regulation
simple,9329401000725,The Baby Goat Skincare Moisturising Lotion 250ml,0,0,0,3.99,taxable,,Baby & Child,The Baby Goat Skincare Moisturising Lotion 250ml. A baby and child product. Supplied as 250ml.,No regulation
simple,5000158101289,Nurofen Express 256mg 16 Caplets,0,0,0,3.99,taxable,,Pain Relief,"Nurofen Express 256mg 16 Caplets. Always read the label and any leaflet supplied. If symptoms persist, speak to your pharmacist or doctor. Supplied as 256mg.",GSL
simple,5000476010386,Johnson's Veterinary Anti Scratch Spray 100ml,0,0,0,3.99,taxable,,Beauty,Johnson's Veterinary Anti Scratch Spray 100ml. A health and beauty product. Supplied as 100ml.,No regulation
simple,5060391844251,Dr. Organic Coconut Oil Toothpaste 100ml,0,0,0,3.99,taxable,,Oral Care,Dr. Organic Coconut Oil Toothpaste 100ml. An oral care product. Supplied as 100ml.,No regulation
simple,7317400026749,TePe Interdental Brushes 0.6mm 6 Pack,0,0,0,3.99,taxable,,Oral Care,TePe Interdental Brushes 0.6mm 6 Pack. An oral care product. Supplied as 6 Pack.,No regulation
simple,5010249050808,FSC Peppermint Oil 50mg 90 Capsules,0,0,0,3.99,taxable,,Vitamins,FSC Peppermint Oil 50mg 90 Capsules. A vitamins and supplements product. Supplied as 90 Capsules.,No regulation
simple,8718951510494,Palmolive Up Body Wash Rose Petals 200ml,0,0,0,3.99,taxable,,Beauty,Palmolive Up Body Wash Rose Petals 200ml. A health and beauty product. Supplied as 200ml.,No regulation
simple,4013162027835,Fenjal Sensitive Creme Soap 100g,0,0,0,3.99,taxable,,Beauty,Fenjal Sensitive Creme Soap 100g. A health and beauty product. Supplied as 100g.,No regulation
simple,5025135113024,Malibu Dry Oil Gel Carotene SPF6 200ml,0,0,0,3.99,taxable,,Skincare,Malibu Dry Oil Gel Carotene SPF6 200ml. A skincare product. Supplied as 200ml.,No regulation
simple,5025135120428,Malibu Carotene Dry Oil Gel SPF15 200ml,0,0,0,3.99,taxable,,Skincare,Malibu Carotene Dry Oil Gel SPF15 200ml. A skincare product. Supplied as 200ml.,No regulation
simple,5010123722630,Calpol Infant Suspension Strawberry 100ml,0,0,0,3.99,taxable,,Baby & Child,Calpol Infant Suspension Strawberry 100ml. A baby and child product. Supplied as 100ml.,GSL
simple,7317400026664,TePe Interdental Brushes 0.45mm 6 Pack,0,0,0,3.99,taxable,,Oral Care,TePe Interdental Brushes 0.45mm 6 Pack. An oral care product. Supplied as 6 Pack.,No regulation
simple,5013692263139,Baby Shark Bath Set 3pc,0,0,0,3.99,taxable,,Baby & Child,Baby Shark Bath Set 3pc. A baby and child product.,No regulation
simple,5017848254484,Bell's Children's Cough Relief 31.25mg/5ml Oral Solution 200ml,0,0,0,3.99,taxable,,Baby & Child,Bell's Children's Cough Relief 31.25mg/5ml Oral Solution 200ml. A baby and child product. Supplied as 200ml.,GSL
simple,3574660698169,Nicorette Cools Mint 2mg 20 Lozenges,0,0,0,3.99,taxable,reduced-rate,Stop Smoking,Nicorette Cools Mint 2mg 20 Lozenges. A stop-smoking product. Supplied as 20 Lozenges.,GSL
simple,5017371150543,Calypso Dry Oil Clear Protection SPF15 200ml,0,0,0,3.99,taxable,,Skincare,Calypso Dry Oil Clear Protection SPF15 200ml. A skincare product. Supplied as 200ml.,No regulation
simple,8006540349328,Pantene Mousse Smooth Waves 200ml,0,0,0,3.99,taxable,,Hair Care,Pantene Mousse Smooth Waves 200ml. A hair care product. Supplied as 200ml.,No regulation
simple,7350064160053,BioDenta Sensitive Toothpaste 75ml,0,0,0,3.99,taxable,,Oral Care,BioDenta Sensitive Toothpaste 75ml. An oral care product. Supplied as 75ml.,No regulation
simple,3760311310256,Lamazuna Oriculi Bioplastic Ecological Ear Cleaner (Green) 1 Pack,0,0,0,3.99,taxable,,Home & Household,Lamazuna Oriculi Bioplastic Ecological Ear Cleaner (Green) 1 Pack. A home and household product. Supplied as 1 Pack.,No regulation
simple,8720181218286,Dove Original 3-in-1 Beauty Cream Bar 4 x 90g Pack,0,0,0,3.99,taxable,,Skincare,Dove Original 3-in-1 Beauty Cream Bar 4 x 90g Pack. A skincare product. Supplied as 4 x 90g.,No regulation
simple,7317400026824,TePe Interdental Brushes 0.8mm 6 Pack,0,0,0,3.99,taxable,,Oral Care,TePe Interdental Brushes 0.8mm 6 Pack. An oral care product. Supplied as 6 Pack.,No regulation
simple,5011309051612,Care Olive Oil Samaritan 185ml,0,0,0,3.99,taxable,,Skincare,Care Olive Oil Samaritan 185ml. A skincare product. Supplied as 185ml.,No regulation
simple,42299837,Nivea Men Cool Kick Antiperspirant Deodorant Roll-On 50ml,0,0,0,3.99,taxable,,Beauty,Nivea Men Cool Kick Antiperspirant Deodorant Roll-On 50ml. A health and beauty product. Supplied as 50ml.,No regulation
simple,5010441013472,Numark Echinacea Cold & Flu Relief 30 Tablets,0,0,0,3.99,taxable,,Cold & Flu,"Numark Echinacea Cold & Flu Relief 30 Tablets. Always read the label and any leaflet supplied. If symptoms persist, speak to your pharmacist or doctor. Supplied as 30 Tablets.",No regulation
simple,5060193642055,Bloom & Blossom Matilda 3-In-1 Swim 200ml,0,0,0,3.99,taxable,,General Health,Bloom & Blossom Matilda 3-In-1 Swim 200ml. A health and wellbeing product. Supplied as 200ml.,No regulation
simple,42429104,Nivea Protect & Moisture Lotion SPF30 50ml,0,0,0,3.99,taxable,,Skincare,Nivea Protect & Moisture Lotion SPF30 50ml. A skincare product. Supplied as 50ml.,No regulation
simple,5060062990263,Earth Friendly Baby Organic Shampoo & Bodywash Lavender 250ml,0,0,0,3.99,taxable,,Baby & Child,Earth Friendly Baby Organic Shampoo & Bodywash Lavender 250ml. A baby and child product. Supplied as 250ml.,No regulation
simple,0022796974228,Ogx Hydrate & Defrizz Kukui Oil Conditioner 385ml,0,0,0,3.99,taxable,,Hair Care,Ogx Hydrate & Defrizz Kukui Oil Conditioner 385ml. A hair care product. Supplied as 385ml.,No regulation
simple,8006540109205,Aussie Bronza Colour Conditioner 200ml,0,0,0,3.99,taxable,,Hair Care,Aussie Bronza Colour Conditioner 200ml. A hair care product. Supplied as 200ml.,No regulation
simple,5010724532997,Batiste Dry Shampoo Damage Control 200ml,0,0,0,3.99,taxable,,Hair Care,Batiste Dry Shampoo Damage Control 200ml. A hair care product. Supplied as 200ml.,No regulation
simple,7702018073245,Gillette Fusion Cooling Men's Shaving Gel 200ml,0,0,0,3.99,taxable,,Men's Grooming,Gillette Fusion Cooling Men's Shaving Gel 200ml. A men's grooming product. Supplied as 200ml.,No regulation
simple,5025135002120,Malibu Aftersun Continuous Lotion Spray 175ml,0,0,0,3.99,taxable,,Skincare,Malibu Aftersun Continuous Lotion Spray 175ml. A skincare product. Supplied as 175ml.,No regulation
simple,5011417585252,Scholl Blister Plaster 5 x Large Heel Plasters,0,0,0,3.99,taxable,,Supports & Braces,Scholl Blister Plaster 5 x Large Heel Plasters. A support and mobility product.,No regulation
simple,9335955004881,MooGoo Lip Balm - Natural Coconut 5g,0,0,0,3.99,taxable,,Skincare,MooGoo Lip Balm - Natural Coconut 5g. A skincare product. Supplied as 5g.,No regulation
simple,5000158100572,Nurofen for Children Orange 100ml,0,0,0,3.99,taxable,,Baby & Child,Nurofen for Children Orange 100ml. A baby and child product. Supplied as 100ml.,GSL
simple,5011784002062,Dentyl Dual Action Smooth Fresh Clove 500ml,0,0,0,3.99,taxable,,General Health,Dentyl Dual Action Smooth Fresh Clove 500ml. A health and wellbeing product. Supplied as 500ml.,No regulation
simple,5000288301160,Scholl Corn Removal Plasters 4 Pack,0,0,0,3.99,taxable,,Supports & Braces,Scholl Corn Removal Plasters 4 Pack. A support and mobility product. Supplied as 4 Pack.,No regulation
simple,0736658590814,Wet Brush Penguin Unicorn Hair Brush,0,0,0,3.99,taxable,,Hair Care,Wet Brush Penguin Unicorn Hair Brush. A hair care product.,No regulation
simple,4011700410811,Tabac Deodorant Body Spray 150ml,0,0,0,3.99,taxable,,Beauty,Tabac Deodorant Body Spray 150ml. A health and beauty product. Supplied as 150ml.,No regulation
simple,8002110383709,Neutrogena Hand Cream Unscented 50g,0,0,0,3.99,taxable,,Skincare,Neutrogena Hand Cream Unscented 50g. A skincare product. Supplied as 50g.,No regulation
simple,8710847962769,Dove Summer Revive Light to Medium Self-Tan Mousse 150ml,0,0,0,3.99,taxable,,Hair Care,Dove Summer Revive Light to Medium Self-Tan Mousse 150ml. A hair care product. Supplied as 150ml.,No regulation
simple,5023652502024,Nature's Aid Magnesium 200mg 20 Strawberry Effervescent Tablets,0,0,0,3.98,taxable,,Vitamins,Nature's Aid Magnesium 200mg 20 Strawberry Effervescent Tablets. A vitamins and supplements product. Supplied as 200mg.,No regulation
simple,5011784001744,Snufflebabe Nasal Spray 15ml,0,0,0,3.90,taxable,,Cold & Flu,"Snufflebabe Nasal Spray 15ml. Always read the label and any leaflet supplied. If symptoms persist, speak to your pharmacist or doctor. Supplied as 15ml.",No regulation
simple,8720181474699,TRESemme Shine Conditioner 300ml,0,0,0,3.89,taxable,,Hair Care,TRESemme Shine Conditioner 300ml. A hair care product. Supplied as 300ml.,No regulation
simple,5029354010386,AloeDent Sensitive Toothpaste with Fluoride 100ml,0,0,0,3.89,taxable,,Oral Care,AloeDent Sensitive Toothpaste with Fluoride 100ml. An oral care product. Supplied as 100ml.,No regulation
simple,5029354008567,Australian Tea Tree Fresh & White Toothpaste 100ml,0,0,0,3.89,taxable,,Oral Care,Australian Tea Tree Fresh & White Toothpaste 100ml. An oral care product. Supplied as 100ml.,No regulation
simple,5031013109126,Higher Nature Energy & Focus 10 Tablets,0,0,0,3.89,taxable,,Vitamins,Higher Nature Energy & Focus 10 Tablets. A vitamins and supplements product. Supplied as 10 Tablets.,No regulation
simple,5025135117046,Malibu Aloe Vera After Sun Gel Spray 175ml,0,0,0,3.89,taxable,,Skincare,Malibu Aloe Vera After Sun Gel Spray 175ml. A skincare product. Supplied as 175ml.,No regulation
simple,8712561812436,Dove Dry Oil for Hair 100ml,0,0,0,3.89,taxable,,Hair Care,Dove Dry Oil for Hair 100ml. A hair care product. Supplied as 100ml.,No regulation
simple,5010441000861,Numark Head Lice Lotion 50ml,0,0,0,3.89,taxable,,Skincare,Numark Head Lice Lotion 50ml. A skincare product. Supplied as 50ml.,GSL
simple,5025135120404,Malibu Carotene Dry Oil Gel SPF6 200ml,0,0,0,3.89,taxable,,Skincare,Malibu Carotene Dry Oil Gel SPF6 200ml. A skincare product. Supplied as 200ml.,No regulation
simple,5055586608022,Eight Triple Eight Anti-Dandruff Shampoo 1000ml,0,0,0,3.89,taxable,,Hair Care,Eight Triple Eight Anti-Dandruff Shampoo 1000ml. A hair care product. Supplied as 1000ml.,No regulation
simple,40133201,Dove Dermaspa Uplifted+ Body Oil 150ml,0,0,0,3.89,taxable,,Skincare,Dove Dermaspa Uplifted+ Body Oil 150ml. A skincare product. Supplied as 150ml.,No regulation
simple,3760201130667,Lamazuna Glass Storage Pot 1 Pack,0,0,0,3.89,taxable,,General Health,Lamazuna Glass Storage Pot 1 Pack. A health and wellbeing product. Supplied as 1 Pack.,No regulation
simple,8699568518557,Wella Wellaflex Hairspray Shiny Hold 400ml,0,0,0,3.89,taxable,,Hair Care,Wella Wellaflex Hairspray Shiny Hold 400ml. A hair care product. Supplied as 400ml.,No regulation
simple,5000347054242,Corsodyl Daily Mouthwash Cool Mint Alcohol Free 500ml,0,0,0,3.89,taxable,,Oral Care,Corsodyl Daily Mouthwash Cool Mint Alcohol Free 500ml. An oral care product. Supplied as 500ml.,No regulation
simple,5011309620917,Zerolon Barrier Cream 28g,0,0,0,3.89,taxable,,Skincare,Zerolon Barrier Cream 28g. A skincare product. Supplied as 28g.,No regulation
simple,5017123162992,Paracetamol Oral Suspension 250mg/5ml (6+) Strawberry Flavour 100ml,0,0,0,3.89,taxable,,Pain Relief,"Paracetamol Oral Suspension 250mg/5ml (6+) Strawberry Flavour 100ml. Prescription-only medicine, supplied after an online consultation with our pharmacist. Always read the label and any leaflet supplied. If symptoms persist, speak to your pharmacist or doctor. Supplied as 100ml.",P
simple,9327693002458,Sukin Foaming Facial Cleanser 50ml,0,0,0,3.89,taxable,,Skincare,Sukin Foaming Facial Cleanser 50ml. A skincare product. Supplied as 50ml.,No regulation
simple,4015400731719,Always Ultra Day & Night 20 Pack,0,0,0,3.89,taxable,zero-rate,Women's Health,Always Ultra Day & Night 20 Pack. A women's health product. Supplied as 20 Pack.,No regulation
simple,5010249011632,FSC Pantothenic Acid (Vitamin B5) 500mg 30 Tablets,0,0,0,3.89,taxable,,Vitamins,FSC Pantothenic Acid (Vitamin B5) 500mg 30 Tablets. A vitamins and supplements product. Supplied as 30 Tablets.,No regulation
simple,8001090602213,Aussie Man Keep It Thick Shampoo 300ml,0,0,0,3.89,taxable,,Hair Care,Aussie Man Keep It Thick Shampoo 300ml. A hair care product. Supplied as 300ml.,No regulation
simple,5060193642079,Bloom & Blossom The Enormous Crocodile's Hair & Body Wash 200ml,0,0,0,3.89,taxable,,Hair Care,Bloom & Blossom The Enormous Crocodile's Hair & Body Wash 200ml. A hair care product. Supplied as 200ml.,No regulation
simple,5028816000019,Bee Health Propolis 1000mg 30 Capsules,0,0,0,3.89,taxable,,Vitamins,Bee Health Propolis 1000mg 30 Capsules. A vitamins and supplements product. Supplied as 30 Capsules.,No regulation
simple,8712561603232,TRESemmé Make Waves Creation Hairspray 300ml,0,0,0,3.89,taxable,,Hair Care,TRESemmé Make Waves Creation Hairspray 300ml. A hair care product. Supplied as 300ml.,No regulation
simple,5010724529775,Batiste Hide Me Root Concealer for Medium Brown Hair 3.9g,0,0,0,3.89,taxable,,Hair Care,Batiste Hide Me Root Concealer for Medium Brown Hair 3.9g. A hair care product. Supplied as 3.9g.,No regulation
simple,5050474103467,Blink Intensive Tears Protective Eye Drops 10ml,0,0,0,3.89,taxable,,Eye Care,"Blink Intensive Tears Protective Eye Drops 10ml. Always read the label and any leaflet supplied. If symptoms persist, speak to your pharmacist or doctor. Supplied as 10ml.",No regulation
simple,5012254060087,VO5 Wet Look Styling Gel 200ml,0,0,0,3.89,taxable,,Hair Care,VO5 Wet Look Styling Gel 200ml. A hair care product. Supplied as 200ml.,No regulation
simple,5012727906300,Wockhardt Aspirin 75mg Gastro-Resistant 56 Tablets,0,0,0,3.89,taxable,,Pain Relief,"Wockhardt Aspirin 75mg Gastro-Resistant 56 Tablets. Prescription-only medicine, supplied after an online consultation with our pharmacist. Always read the label and any leaflet supplied. If symptoms persist, speak to your pharmacist or doctor. Supplied as 56 Tablets.",P
simple,8717644073452,Dove Summer Glow Nourishing Lotion Normal To Dark Skin 250ml,0,0,0,3.89,taxable,,Skincare,Dove Summer Glow Nourishing Lotion Normal To Dark Skin 250ml. A skincare product. Supplied as 250ml.,No regulation
simple,8712561978026,Dove Derma Spa Youthful Vitality Hand Cream with Serum 75ml,0,0,0,3.89,taxable,,Skincare,Dove Derma Spa Youthful Vitality Hand Cream with Serum 75ml. A skincare product. Supplied as 75ml.,No regulation
simple,5025135119286,Malibu Coconut Bronzing Tan Oil SPF6 200ml,0,0,0,3.89,taxable,,Skincare,Malibu Coconut Bronzing Tan Oil SPF6 200ml. A skincare product. Supplied as 200ml.,No regulation
simple,5000158063914,Lemsip Cold & Flu Lemon Sachets 10 Sachets,0,0,0,3.89,taxable,,Cold & Flu,"Lemsip Cold & Flu Lemon Sachets 10 Sachets. Always read the label and any leaflet supplied. If symptoms persist, speak to your pharmacist or doctor. Supplied as 10 Sachets.",GSL
simple,5025135120336,Malibu Tanning Oil Argan SPF4 200ml,0,0,0,3.89,taxable,,Skincare,Malibu Tanning Oil Argan SPF4 200ml. A skincare product. Supplied as 200ml.,No regulation
simple,8710447405703,TRESemmé Shampoo Collagen & Fullness 400ml,0,0,0,3.89,taxable,,Hair Care,TRESemmé Shampoo Collagen & Fullness 400ml. A hair care product. Supplied as 400ml.,No regulation
simple,5010441008850,Numark Ibuprofen 200mg 48 Coated Tablets,0,0,0,3.89,taxable,,Pain Relief,"Numark Ibuprofen 200mg 48 Coated Tablets. Prescription-only medicine, supplied after an online consultation with our pharmacist. Always read the label and any leaflet supplied. If symptoms persist, speak to your pharmacist or doctor. Supplied as 200mg.",P
simple,5011417574737,Nurofen Meltlets Mint 200mg 12 Tablets,0,0,0,3.89,taxable,,Pain Relief,"Nurofen Meltlets Mint 200mg 12 Tablets. Always read the label and any leaflet supplied. If symptoms persist, speak to your pharmacist or doctor. Supplied as 12 Tablets.",GSL
simple,8711600723900,Toni & Guy Brushable Volume Hairspray 250ml,0,0,0,3.89,taxable,,Hair Care,Toni & Guy Brushable Volume Hairspray 250ml. A hair care product. Supplied as 250ml.,No regulation
simple,5038483971475,Scholl Corn Shield Gel Plasters 6 Pack,0,0,0,3.89,taxable,,Supports & Braces,Scholl Corn Shield Gel Plasters 6 Pack. A support and mobility product. Supplied as 6 Pack.,No regulation
simple,5060601933027,"BeautyPro Coconut Infused Sheet Mask Coconut, Mushroom & Red Algae 22ml",0,0,0,3.89,taxable,,Skincare,"BeautyPro Coconut Infused Sheet Mask Coconut, Mushroom & Red Algae 22ml. A skincare product. Supplied as 22ml.",No regulation
simple,8711600840324,Dove Cucumber Maximum Protection Antiperspirant Cream 45ml,0,0,0,3.89,taxable,,Skincare,Dove Cucumber Maximum Protection Antiperspirant Cream 45ml. A skincare product. Supplied as 45ml.,No regulation
simple,4770001331743,Ecodenta Wild Strawberry Flavoured Kids Toothpaste 75ml,0,0,0,3.89,taxable,,Oral Care,Ecodenta Wild Strawberry Flavoured Kids Toothpaste 75ml. An oral care product. Supplied as 75ml.,No regulation
simple,5060704340258,Acala Natural Corn Dental Floss Vegan 30m,0,0,0,3.89,taxable,,Oral Care,Acala Natural Corn Dental Floss Vegan 30m. An oral care product.,No regulation
simple,4005800004063,Elastoplast Antibacterial Xl Waterproof Dressings 6 x 7cm 5 Plasters,0,0,0,3.89,taxable,,First Aid,"Elastoplast Antibacterial Xl Waterproof Dressings 6 x 7cm 5 Plasters. Always read the label and any leaflet supplied. If symptoms persist, speak to your pharmacist or doctor.",No regulation
simple,7640170370058,Biomed Superwhite Coconut Gentle Whitening Toothpaste 100g,0,0,0,3.89,taxable,,Oral Care,Biomed Superwhite Coconut Gentle Whitening Toothpaste 100g. An oral care product. Supplied as 100g.,No regulation
simple,5037589000201,After Bite Classic Pen 14ml,0,0,0,3.89,taxable,,General Health,After Bite Classic Pen 14ml. A health and wellbeing product. Supplied as 14ml.,No regulation
simple,5025135000485,Malibu Ultra Hydration Lotion 150ml,0,0,0,3.89,taxable,,Skincare,Malibu Ultra Hydration Lotion 150ml. A skincare product. Supplied as 150ml.,No regulation
simple,3574660649895,Listerine Cool Mint Zero Alcohol 500ml,0,0,0,3.89,taxable,,Oral Care,Listerine Cool Mint Zero Alcohol 500ml. An oral care product. Supplied as 500ml.,No regulation
simple,4000388563803,Dove Essential Nourishment Body Lotion 400ml,0,0,0,3.89,taxable,,Skincare,Dove Essential Nourishment Body Lotion 400ml. A skincare product. Supplied as 400ml.,No regulation
simple,5025135111297,Malibu Lotion SPF8 200ml,0,0,0,3.89,taxable,,Skincare,Malibu Lotion SPF8 200ml. A skincare product. Supplied as 200ml.,No regulation
simple,5060427351272,St. Moriz Self Tan Mousse Dark 200ml,0,0,0,3.89,taxable,,Hair Care,St. Moriz Self Tan Mousse Dark 200ml. A hair care product. Supplied as 200ml.,No regulation
simple,0017854109278,Baylis & Harding Goodness Sleep 500ml Body Wash,0,0,0,3.89,taxable,,Beauty,Baylis & Harding Goodness Sleep 500ml Body Wash. A health and beauty product. Supplied as 500ml.,No regulation
simple,4006424022389,Stute Diabetic Jam Apricot 430g,0,0,0,3.89,taxable,zero-rate,Testing & Monitoring,"Stute Diabetic Jam Apricot 430g. Always read the label and any leaflet supplied. If symptoms persist, speak to your pharmacist or doctor. Supplied as 430g.",No regulation
simple,5010724529768,Batiste Hide Me Root Concealer for Light Brown Hair 3.9g,0,0,0,3.89,taxable,,Hair Care,Batiste Hide Me Root Concealer for Light Brown Hair 3.9g. A hair care product. Supplied as 3.9g.,No regulation
simple,5017371151670,Calypso Carrot Oil with Tan Extender SPF15 200ml,0,0,0,3.89,taxable,,Skincare,Calypso Carrot Oil with Tan Extender SPF15 200ml. A skincare product. Supplied as 200ml.,No regulation
simple,8002910030896,Veet Hair Minimising Body Lotion 250ml,0,0,0,3.89,taxable,,Hair Care,Veet Hair Minimising Body Lotion 250ml. A hair care product. Supplied as 250ml.,No regulation
simple,5701092113856,Scholl Gel Activ Insoles Boots,0,0,0,3.89,taxable,,Supports & Braces,Scholl Gel Activ Insoles Boots. A support and mobility product.,No regulation
simple,0667803002626,Toni & Guy Matt Texture Dry Shampoo 250ml,0,0,0,3.89,taxable,,Hair Care,Toni & Guy Matt Texture Dry Shampoo 250ml. A hair care product. Supplied as 250ml.,No regulation
simple,5036631000916,Hydromol Cream 50g,0,0,0,3.89,taxable,,Skincare,Hydromol Cream 50g. A skincare product. Supplied as 50g.,No regulation
simple,5060332535552,Lindens Health + Nutrition Iron 14mg 120 Tablets,0,0,0,3.89,taxable,,Vitamins,Lindens Health + Nutrition Iron 14mg 120 Tablets. A vitamins and supplements product. Supplied as 120 Tablets.,No regulation
simple,5025135119224,Malibu Bronzing Tan Oil SPF8 200ml,0,0,0,3.89,taxable,,Skincare,Malibu Bronzing Tan Oil SPF8 200ml. A skincare product. Supplied as 200ml.,No regulation
simple,5051562013309,Otrivine Child Nasal Drops 10ml,0,0,0,3.89,taxable,,Cold & Flu,"Otrivine Child Nasal Drops 10ml. Prescription-only medicine, supplied after an online consultation with our pharmacist. Always read the label and any leaflet supplied. If symptoms persist, speak to your pharmacist or doctor. Supplied as 10ml.",P
simple,8714789481418,Colgate Sensitive Pro-Relief Toothpaste 75ml,0,0,0,3.89,taxable,,Oral Care,Colgate Sensitive Pro-Relief Toothpaste 75ml. An oral care product. Supplied as 75ml.,No regulation
simple,5060040641101,BARBER PRO Post Shave Cooling Mask,0,0,0,3.89,taxable,,Men's Grooming,BARBER PRO Post Shave Cooling Mask. A men's grooming product.,No regulation
simple,8717163762226,Dove Indulging Caring Bath 500ml,0,0,0,3.89,taxable,,Beauty,Dove Indulging Caring Bath 500ml. A health and beauty product. Supplied as 500ml.,No regulation
simple,3574660534931,Sudafed Decongestant Liquid 100ml,0,0,0,3.89,taxable,,Cold & Flu,"Sudafed Decongestant Liquid 100ml. Prescription-only medicine, supplied after an online consultation with our pharmacist. Always read the label and any leaflet supplied. If symptoms persist, speak to your pharmacist or doctor. Supplied as 100ml.",P
simple,5060332539925,Lindens Health + Nutrition Vitamin C Chewable 60 Tablets,0,0,0,3.89,taxable,,Vitamins,Lindens Health + Nutrition Vitamin C Chewable 60 Tablets. A vitamins and supplements product. Supplied as 60 Tablets.,No regulation
simple,8712561198639,TRESemmé Colour Revitalise Heat Protect Mist 200ml,0,0,0,3.89,taxable,,Beauty,TRESemmé Colour Revitalise Heat Protect Mist 200ml. A health and beauty product. Supplied as 200ml.,No regulation
simple,5060062990362,Earth Friendly Baby Moisturising Shea Butter Massage Oil 125ml,0,0,0,3.89,taxable,,Baby & Child,Earth Friendly Baby Moisturising Shea Butter Massage Oil 125ml. A baby and child product. Supplied as 125ml.,No regulation
simple,5060365796586,Mad Beauty Unicorn Hand Sanitizer Spray Vanilla 15ml,0,0,0,3.89,taxable,,Skincare,Mad Beauty Unicorn Hand Sanitizer Spray Vanilla 15ml. A skincare product. Supplied as 15ml.,No regulation
simple,0017854118669,Baylis & Harding Football Foaming Wash 250ml,0,0,0,3.89,taxable,,Beauty,Baylis & Harding Football Foaming Wash 250ml. A health and beauty product. Supplied as 250ml.,No regulation
simple,8001090537034,Aussie Minis Set 1 x Shampoo 75ml 2 x Treatment Conditioner Sachet 20ml & Bag,0,0,0,3.89,taxable,,Hair Care,Aussie Minis Set 1 x Shampoo 75ml 2 x Treatment Conditioner Sachet 20ml & Bag. A hair care product. Supplied as 20ml.,No regulation
simple,5010605295256,Rennie Peppermint 24 Tablets,0,0,0,3.89,taxable,,Digestive,"Rennie Peppermint 24 Tablets. Always read the label and any leaflet supplied. If symptoms persist, speak to your pharmacist or doctor. Supplied as 24 Tablets.",GSL
simple,5012008752107,Inecto Curls Club Curl Defining Cream 200ml,0,0,0,3.89,taxable,,Skincare,Inecto Curls Club Curl Defining Cream 200ml. A skincare product. Supplied as 200ml.,No regulation
simple,5010724538029,Batiste Dry Shampoo Original 280ml,0,0,0,3.89,taxable,,Hair Care,Batiste Dry Shampoo Original 280ml. A hair care product. Supplied as 280ml.,No regulation
simple,5060546080213,&SISTERS by Mooncup Eco-Applicator Tampons Light 16 Pack,0,0,0,3.89,taxable,zero-rate,Women's Health,&SISTERS by Mooncup Eco-Applicator Tampons Light 16 Pack. A women's health product. Supplied as 16 Pack.,No regulation
simple,5060447850090,Phizz Hydration Apple & Blackcurrant Flavour 10 Tablets,0,0,0,3.89,taxable,,Vitamins,Phizz Hydration Apple & Blackcurrant Flavour 10 Tablets. A vitamins and supplements product. Supplied as 10 Tablets.,No regulation
simple,8718951192256,Sanex Zero% Moisturiser 250ml,0,0,0,3.89,taxable,,Skincare,Sanex Zero% Moisturiser 250ml. A skincare product. Supplied as 250ml.,No regulation
simple,5060365796593,Mad Beauty Unicorn Hand Sanitizer Spray Cherry 15ml,0,0,0,3.89,taxable,,Skincare,Mad Beauty Unicorn Hand Sanitizer Spray Cherry 15ml. A skincare product. Supplied as 15ml.,No regulation
simple,4006424022334,Stute Diabetic Raspberry Seedless Jam No Added Sugar 430g,0,0,0,3.89,taxable,zero-rate,Testing & Monitoring,"Stute Diabetic Raspberry Seedless Jam No Added Sugar 430g. Always read the label and any leaflet supplied. If symptoms persist, speak to your pharmacist or doctor. Supplied as 430g.",No regulation
simple,5060601933751,BARBER PRO Brightening Face Mask 40g,0,0,0,3.89,taxable,,Skincare,BARBER PRO Brightening Face Mask 40g. A skincare product. Supplied as 40g.,No regulation
simple,5025135115769,Malibu Ski Duo Face Protection Cream SPF50 & Lip Protection SPF20,0,0,0,3.89,taxable,,Skincare,Malibu Ski Duo Face Protection Cream SPF50 & Lip Protection SPF20. A skincare product.,No regulation
simple,0010181041808,Palmer's Cocoa Butter Formula Body Lotion 250ml,0,0,0,3.89,taxable,,Skincare,Palmer's Cocoa Butter Formula Body Lotion 250ml. A skincare product. Supplied as 250ml.,No regulation
simple,8809295012420,Skin Republic Super Food Charcoal Sheet Face Mask 25ml,0,0,0,3.89,taxable,,Skincare,Skin Republic Super Food Charcoal Sheet Face Mask 25ml. A skincare product. Supplied as 25ml.,No regulation
simple,8006540347133,Pantene Mousse Perfect Volume 200ml,0,0,0,3.89,taxable,,Hair Care,Pantene Mousse Perfect Volume 200ml. A hair care product. Supplied as 200ml.,No regulation
simple,5010605300448,Rennie Orange Flavour 48 Tablets,0,0,0,3.89,taxable,,Digestive,"Rennie Orange Flavour 48 Tablets. Always read the label and any leaflet supplied. If symptoms persist, speak to your pharmacist or doctor. Supplied as 48 Tablets.",GSL
simple,8001090602183,Aussie Man Keep It Strong Shampoo 300ml,0,0,0,3.89,taxable,,Hair Care,Aussie Man Keep It Strong Shampoo 300ml. A hair care product. Supplied as 300ml.,No regulation
simple,3600523728190,L'Oréal Rose & Jasmine Toner 200ml,0,0,0,3.89,taxable,,Skincare,L'Oréal Rose & Jasmine Toner 200ml. A skincare product. Supplied as 200ml.,No regulation
simple,4011700435142,Tabac Shaving Soap Stick Refill 100g,0,0,0,3.89,taxable,,Men's Grooming,Tabac Shaving Soap Stick Refill 100g. A men's grooming product. Supplied as 100g.,No regulation
simple,5029354012687,AloeDent Coconut Fluoride Free Toothpaste 100ml,0,0,0,3.89,taxable,,Oral Care,AloeDent Coconut Fluoride Free Toothpaste 100ml. An oral care product. Supplied as 100ml.,No regulation
simple,8710447405697,TRESemmé Conditioner Collagen & Fullness 400ml,0,0,0,3.89,taxable,,Hair Care,TRESemmé Conditioner Collagen & Fullness 400ml. A hair care product. Supplied as 400ml.,No regulation
simple,0079400204349,Toni & Guy Texture Detox Shampoo 250ml,0,0,0,3.89,taxable,,Hair Care,Toni & Guy Texture Detox Shampoo 250ml. A hair care product. Supplied as 250ml.,No regulation
simple,0017854112261,Baylis & Harding Kindness+ Vitamin C + Niacinamide Hand Wash 500ml,0,0,0,3.89,taxable,,Vitamins,Baylis & Harding Kindness+ Vitamin C + Niacinamide Hand Wash 500ml. A vitamins and supplements product. Supplied as 500ml.,No regulation
simple,5011417571163,Gaviscon Double Action Mixed Berries 12 Pack,0,0,0,3.89,taxable,,Digestive,"Gaviscon Double Action Mixed Berries 12 Pack. Always read the label and any leaflet supplied. If symptoms persist, speak to your pharmacist or doctor. Supplied as 12 Pack.",GSL
simple,8714789762524,Sanex Shower Gel Hypo-Allergenic 500ml,0,0,0,3.89,taxable,,Beauty,Sanex Shower Gel Hypo-Allergenic 500ml. A health and beauty product. Supplied as 500ml.,No regulation
simple,5013692246538,Dermasil Labs Extra Moisturising Hand Wash 236ml,0,0,0,3.89,taxable,,Skincare,Dermasil Labs Extra Moisturising Hand Wash 236ml. A skincare product. Supplied as 236ml.,No regulation
simple,5054563197276,Panadol Advance 500mg 32 Caplets,0,0,0,3.89,taxable,,Pain Relief,"Panadol Advance 500mg 32 Caplets. Prescription-only medicine, supplied after an online consultation with our pharmacist. Always read the label and any leaflet supplied. If symptoms persist, speak to your pharmacist or doctor. Supplied as 500mg.",P
simple,5031013101090,Higher Nature Pro-Daily Probiotic 30 Tablets,0,0,0,3.89,taxable,,Digestive,"Higher Nature Pro-Daily Probiotic 30 Tablets. Always read the label and any leaflet supplied. If symptoms persist, speak to your pharmacist or doctor. Supplied as 30 Tablets.",No regulation
simple,5060258140458,ExoCream 125g,0,0,0,3.89,taxable,,Skincare,ExoCream 125g. A skincare product. Supplied as 125g.,No regulation
simple,5000174521900,Pepto-Bismol Chewable 12 Tablets,0,0,0,3.89,taxable,,Prescription Medicines,"Pepto-Bismol Chewable 12 Tablets. Prescription-only medicine, supplied after an online consultation with our pharmacist. Always read the label and any leaflet supplied. If symptoms persist, speak to your pharmacist or doctor. Supplied as 12 Tablets.",P
simple,9327693000553,Sukin Facial Moisturiser 50ml,0,0,0,3.89,taxable,,Skincare,Sukin Facial Moisturiser 50ml. A skincare product. Supplied as 50ml.,No regulation
simple,5025135119347,Malibu Coconut Tanning Oil SPF8 200ml,0,0,0,3.89,taxable,,Skincare,Malibu Coconut Tanning Oil SPF8 200ml. A skincare product. Supplied as 200ml.,No regulation
simple,5010441007358,Numark Hay Fever Relief Cetirizine 10mg 30 Tablets,0,0,0,3.89,taxable,,Vitamins,Numark Hay Fever Relief Cetirizine 10mg 30 Tablets. A vitamins and supplements product. Supplied as 30 Tablets.,GSL
simple,5410076443512,Fixodent Adhesive Cream Plus Fresh Flavour 40g,0,0,0,3.89,taxable,,Skincare,Fixodent Adhesive Cream Plus Fresh Flavour 40g. A skincare product. Supplied as 40g.,No regulation
simple,0817513015250,Cantu Shea Butter Hydrating Body Wash 400ml,0,0,0,3.89,taxable,,Beauty,Cantu Shea Butter Hydrating Body Wash 400ml. A health and beauty product. Supplied as 400ml.,No regulation
simple,8699568518595,Wella Wellaflex Hairspray Ultra Strong 400ml,0,0,0,3.89,taxable,,Hair Care,Wella Wellaflex Hairspray Ultra Strong 400ml. A hair care product. Supplied as 400ml.,No regulation
simple,0086449256635,Crystal Deodorant Roll On 66ml,0,0,0,3.89,taxable,,Beauty,Crystal Deodorant Roll On 66ml. A health and beauty product. Supplied as 66ml.,No regulation
simple,5010605295164,Rennie Spearmint 24 Tablets,0,0,0,3.89,taxable,,Digestive,"Rennie Spearmint 24 Tablets. Always read the label and any leaflet supplied. If symptoms persist, speak to your pharmacist or doctor. Supplied as 24 Tablets.",GSL
simple,5010249012011,The Food Supplement Company Vitamin A 8000IU 90 Softgels,0,0,0,3.89,taxable,,Vitamins,The Food Supplement Company Vitamin A 8000IU 90 Softgels. A vitamins and supplements product. Supplied as 90 Softgels.,No regulation
simple,3600523385423,L'Oréal Colorista Mulberry,0,0,0,3.89,taxable,,General Health,L'Oréal Colorista Mulberry. A health and wellbeing product.,No regulation
simple,5010724529782,Batiste Hide Me Root Concealer for Dark Brown Hair 3.9g,0,0,0,3.89,taxable,,Hair Care,Batiste Hide Me Root Concealer for Dark Brown Hair 3.9g. A hair care product. Supplied as 3.9g.,No regulation
simple,5010249031623,FSC Iodine Standardised Kelp 250 Tablets,0,0,0,3.89,taxable,,Vitamins,FSC Iodine Standardised Kelp 250 Tablets. A vitamins and supplements product. Supplied as 250 Tablets.,No regulation
simple,3600541267800,Garnier Moisture & Soft Cream 50ml,0,0,0,3.89,taxable,,Skincare,Garnier Moisture & Soft Cream 50ml. A skincare product. Supplied as 50ml.,No regulation
simple,8712561614023,Lynx Black Frozen Pear & Cedarwood Deodorant Bodyspray 150ml,0,0,0,3.89,taxable,,Beauty,Lynx Black Frozen Pear & Cedarwood Deodorant Bodyspray 150ml. A health and beauty product. Supplied as 150ml.,No regulation
simple,3600523448760,L'Oréal Paris Fine Flowers Cleansing Milk 400ml,0,0,0,3.89,taxable,,Skincare,L'Oréal Paris Fine Flowers Cleansing Milk 400ml. A skincare product. Supplied as 400ml.,No regulation
simple,50398676,Vo5 Extreme Styling Texturising Gum 75ml,0,0,0,3.89,taxable,,Oral Care,Vo5 Extreme Styling Texturising Gum 75ml. An oral care product. Supplied as 75ml.,No regulation
simple,4103040043382,Sebamed Cleansing Bar Soap Free 100g,0,0,0,3.89,taxable,,Skincare,Sebamed Cleansing Bar Soap Free 100g. A skincare product. Supplied as 100g.,No regulation
simple,5011309015713,Covonia Vapour Drops 15ml,0,0,0,3.89,taxable,,Cold & Flu,"Covonia Vapour Drops 15ml. Always read the label and any leaflet supplied. If symptoms persist, speak to your pharmacist or doctor. Supplied as 15ml.",GSL
simple,5011417571248,Lemlift Immune Support Orange Effervescent 20 Tablets,0,0,0,3.89,taxable,,Supports & Braces,Lemlift Immune Support Orange Effervescent 20 Tablets. A support and mobility product. Supplied as 20 Tablets.,No regulation
simple,5024084001109,Pharma Nord Bio-Selenium+ Zinc 30 Tablets,0,0,0,3.89,taxable,,Vitamins,Pharma Nord Bio-Selenium+ Zinc 30 Tablets. A vitamins and supplements product. Supplied as 30 Tablets.,No regulation
simple,5000347087844,Beechams All in One 16 Tablets,0,0,0,3.89,taxable,,Cold & Flu,"Beechams All in One 16 Tablets. Always read the label and any leaflet supplied. If symptoms persist, speak to your pharmacist or doctor. Supplied as 16 Tablets.",GSL
simple,5010605296291,Rennie Spearmint 36 Chewable Tablets,0,0,0,3.89,taxable,,Digestive,"Rennie Spearmint 36 Chewable Tablets. Always read the label and any leaflet supplied. If symptoms persist, speak to your pharmacist or doctor. Supplied as 36 Chewable.",GSL
simple,5010724529751,Batiste Hide Me Root Concealer for Blonde Hair 3.9g,0,0,0,3.89,taxable,,Hair Care,Batiste Hide Me Root Concealer for Blonde Hair 3.9g. A hair care product. Supplied as 3.9g.,No regulation
simple,5000158106482,Nurofen Pain Relief 256mg 16 Caplets,0,0,0,3.89,taxable,,Pain Relief,"Nurofen Pain Relief 256mg 16 Caplets. Always read the label and any leaflet supplied. If symptoms persist, speak to your pharmacist or doctor. Supplied as 256mg.",GSL
simple,5060771790000,Sanitirex Protect Hand Gel 50ml,0,0,0,3.89,taxable,,Skincare,Sanitirex Protect Hand Gel 50ml. A skincare product. Supplied as 50ml.,No regulation
simple,5010724529744,Batiste Hide Me Root Concealer for Light Blonde Hair 3.9g,0,0,0,3.89,taxable,,Hair Care,Batiste Hide Me Root Concealer for Light Blonde Hair 3.9g. A hair care product. Supplied as 3.9g.,No regulation
simple,3600541267817,Garnier Moisture & Nourish Cream 50ml,0,0,0,3.89,taxable,,Skincare,Garnier Moisture & Nourish Cream 50ml. A skincare product. Supplied as 50ml.,No regulation
simple,7702018089987,Gillette Fusion Proglide Hydrating Shave Gel 75ml,0,0,0,3.89,taxable,,Men's Grooming,Gillette Fusion Proglide Hydrating Shave Gel 75ml. A men's grooming product. Supplied as 75ml.,No regulation
simple,3600541378551,Garnier Ultimate Anti Age Body Firming Oil 150ml,0,0,0,3.89,taxable,,Skincare,Garnier Ultimate Anti Age Body Firming Oil 150ml. A skincare product. Supplied as 150ml.,No regulation
simple,7640168930424,Biomed Charcoal Toothpaste 100g,0,0,0,3.89,taxable,,Oral Care,Biomed Charcoal Toothpaste 100g. An oral care product. Supplied as 100g.,No regulation
simple,5010249309821,The Food Supplement Company Vitamin D 3000IU 60 Softgels,0,0,0,3.89,taxable,,Vitamins,The Food Supplement Company Vitamin D 3000IU 60 Softgels. A vitamins and supplements product. Supplied as 60 Softgels.,No regulation
simple,8718951103313,Colgate Sensitive Pro Relief Extra Strength Toothpaste 75ml,0,0,0,3.89,taxable,,Oral Care,Colgate Sensitive Pro Relief Extra Strength Toothpaste 75ml. An oral care product. Supplied as 75ml.,No regulation
simple,3600541267824,Garnier Moisture & Matte Day Cream 50ml,0,0,0,3.89,taxable,,Skincare,Garnier Moisture & Matte Day Cream 50ml. A skincare product. Supplied as 50ml.,No regulation
simple,5000158064089,Lemsip Max Cold & Flu 16 Capsules,0,0,0,3.89,taxable,,Cold & Flu,"Lemsip Max Cold & Flu 16 Capsules. Always read the label and any leaflet supplied. If symptoms persist, speak to your pharmacist or doctor. Supplied as 16 Capsules.",GSL
simple,5060365796579,Mad Beauty Unicorn Hand Sanitizer Spray Strawberry 15ml,0,0,0,3.89,taxable,,Skincare,Mad Beauty Unicorn Hand Sanitizer Spray Strawberry 15ml. A skincare product. Supplied as 15ml.,No regulation
simple,8006540988206,Pantene Shampoo Repair & Protect 500ml,0,0,0,3.89,taxable,,Hair Care,Pantene Shampoo Repair & Protect 500ml. A hair care product. Supplied as 500ml.,No regulation
simple,3574660598957,Johnson's Face Care Daily Essentials Gentle Makeup Removal Pads 30 Pack,0,0,0,3.89,taxable,,Skincare,Johnson's Face Care Daily Essentials Gentle Makeup Removal Pads 30 Pack. A skincare product. Supplied as 30 Pack.,No regulation
simple,5010441013274,Numark Multipurpose Thermometer,0,0,0,3.79,taxable,,First Aid,"Numark Multipurpose Thermometer. Always read the label and any leaflet supplied. If symptoms persist, speak to your pharmacist or doctor.",No regulation
simple,3600523728183,L'Oréal Fine Flowers Makeup Melting Milk 200ml,0,0,0,3.79,taxable,,Beauty,L'Oréal Fine Flowers Makeup Melting Milk 200ml. A health and beauty product. Supplied as 200ml.,No regulation
simple,4084500701076,Aussie 3 Miracle Oil Smooth Lightweight Treatment 100ml,0,0,0,3.79,taxable,,Skincare,Aussie 3 Miracle Oil Smooth Lightweight Treatment 100ml. A skincare product. Supplied as 100ml.,No regulation
simple,8710908559204,Dove Go Fresh Antiperspirant Deodorant Pear & Aloe 250ml,0,0,0,3.79,taxable,,Beauty,Dove Go Fresh Antiperspirant Deodorant Pear & Aloe 250ml. A health and beauty product. Supplied as 250ml.,No regulation
simple,5017539301046,Ever Ready Hard Skin Remover Stone,0,0,0,3.79,taxable,,Skincare,Ever Ready Hard Skin Remover Stone. A skincare product.,No regulation
simple,5011784002086,Dentyl Dual Action Smooth Mint Mouthwash 500ml,0,0,0,3.79,taxable,,Oral Care,Dentyl Dual Action Smooth Mint Mouthwash 500ml. An oral care product. Supplied as 500ml.,No regulation
simple,0079400204479,Toni & Guy Radiant Brunette Conditioner 250ml,0,0,0,3.79,taxable,,Hair Care,Toni & Guy Radiant Brunette Conditioner 250ml. A hair care product. Supplied as 250ml.,No regulation
simple,7640168931032,Biomed Superwhite Mouthwash 500ml,0,0,0,3.79,taxable,,Oral Care,Biomed Superwhite Mouthwash 500ml. An oral care product. Supplied as 500ml.,No regulation
simple,5011309100716,Cerumol Ear Drops 10ml,0,0,0,3.79,taxable,,Vitamins,Cerumol Ear Drops 10ml. A vitamins and supplements product. Supplied as 10ml.,GSL
simple,5011309018912,Tixylix Blackcurrant Flavour Syrup 100ml,0,0,0,3.79,taxable,,General Health,Tixylix Blackcurrant Flavour Syrup 100ml. A health and wellbeing product. Supplied as 100ml.,GSL
simple,5023652512061,Nature's Aid Super Stars Vitamin C 60 Chewable Tablets,0,0,0,3.79,taxable,,Vitamins,Nature's Aid Super Stars Vitamin C 60 Chewable Tablets. A vitamins and supplements product. Supplied as 60 Chewable.,No regulation
simple,8017331090008,Bionsen Mineral Active Spray Men 150ml,0,0,0,3.79,taxable,,Beauty,Bionsen Mineral Active Spray Men 150ml. A health and beauty product. Supplied as 150ml.,No regulation
simple,4770001335314,Ecodenta Multifunctional Fluoride Toothpaste 100 ml,0,0,0,3.79,taxable,,Oral Care,Ecodenta Multifunctional Fluoride Toothpaste 100 ml. An oral care product. Supplied as 100 ml.,No regulation
simple,5055586607049,Eight Triple Eight Tea Tree Oil Shampoo 1000ml,0,0,0,3.79,taxable,,Hair Care,Eight Triple Eight Tea Tree Oil Shampoo 1000ml. A hair care product. Supplied as 1000ml.,No regulation
simple,5025135115189,Malibu Lotion SPF10 200ml,0,0,0,3.79,taxable,,Skincare,Malibu Lotion SPF10 200ml. A skincare product. Supplied as 200ml.,No regulation
simple,5410103637495,L'Oréal Elnett Strong Spray 300ml,0,0,0,3.79,taxable,,Beauty,L'Oréal Elnett Strong Spray 300ml. A health and beauty product. Supplied as 300ml.,No regulation
simple,5012131647905,Otrivine Adult Nasal Spray 10ml,0,0,0,3.79,taxable,,Cold & Flu,"Otrivine Adult Nasal Spray 10ml. Always read the label and any leaflet supplied. If symptoms persist, speak to your pharmacist or doctor. Supplied as 10ml.",GSL
simple,5029066007148,Childs Farm Shampoo Strawberry & Organic Mint 250ml,0,0,0,3.79,taxable,,Hair Care,Childs Farm Shampoo Strawberry & Organic Mint 250ml. A hair care product. Supplied as 250ml.,No regulation
simple,4987072071779,Cura-heat Back Pain 4 Pack,0,0,0,3.79,taxable,,General Health,Cura-heat Back Pain 4 Pack. A health and wellbeing product. Supplied as 4 Pack.,No regulation
simple,4084500846548,Pepto-Bismol Oral Suspension 120ml,0,0,0,3.79,taxable,,General Health,Pepto-Bismol Oral Suspension 120ml. A health and wellbeing product. Supplied as 120ml.,GSL
simple,5025135000461,Malibu Miracle Repair 150ml,0,0,0,3.79,taxable,,General Health,Malibu Miracle Repair 150ml. A health and wellbeing product. Supplied as 150ml.,No regulation
simple,5060133370956,Vizulize Natural Eye Brightener Drops 10ml,0,0,0,3.79,taxable,,Vitamins,Vizulize Natural Eye Brightener Drops 10ml. A vitamins and supplements product. Supplied as 10ml.,No regulation
simple,8809447250212,Dr.Althea Skin Conditioner Silk Mask 28g,0,0,0,3.79,taxable,,Hair Care,Dr.Althea Skin Conditioner Silk Mask 28g. A hair care product. Supplied as 28g.,No regulation
simple,5028763014954,Wisdom Active Whitening Pen,0,0,0,3.79,taxable,,Oral Care,Wisdom Active Whitening Pen. An oral care product.,No regulation
simple,5038483142820,Scholl Party Feet Arch Support 1 Pair,0,0,0,3.79,taxable,,Supports & Braces,Scholl Party Feet Arch Support 1 Pair. A support and mobility product.,No regulation
simple,8718951385764,Sanex Dermo Kids Bodywash & Foam Bath 450ml,0,0,0,3.79,taxable,,Beauty,Sanex Dermo Kids Bodywash & Foam Bath 450ml. A health and beauty product. Supplied as 450ml.,No regulation
simple,4006424022686,Stute Diabetic Fine Orange Marmalade 430g,0,0,0,3.79,taxable,zero-rate,Testing & Monitoring,"Stute Diabetic Fine Orange Marmalade 430g. Always read the label and any leaflet supplied. If symptoms persist, speak to your pharmacist or doctor. Supplied as 430g.",No regulation
simple,4770001333808,Ecodenta Brilliant Whitening Toothpaste 100ml,0,0,0,3.79,taxable,,Oral Care,Ecodenta Brilliant Whitening Toothpaste 100ml. An oral care product. Supplied as 100ml.,No regulation
simple,0309974755634,Mitchum Men Clean Control Stick 41g,0,0,0,3.79,taxable,,General Health,Mitchum Men Clean Control Stick 41g. A health and wellbeing product. Supplied as 41g.,No regulation
simple,8718951379503,Colgate RecyClean Toothbrush Medium,0,0,0,3.79,taxable,,Oral Care,Colgate RecyClean Toothbrush Medium. An oral care product.,No regulation
simple,4006424022358,Stute Diabetic Jam Morello Cherry 430g,0,0,0,3.79,taxable,zero-rate,Testing & Monitoring,"Stute Diabetic Jam Morello Cherry 430g. Always read the label and any leaflet supplied. If symptoms persist, speak to your pharmacist or doctor. Supplied as 430g.",No regulation
simple,4987072017494,Cura-Heat Pads Back & Shoulder 3 Pack,0,0,0,3.79,taxable,,General Health,Cura-Heat Pads Back & Shoulder 3 Pack. A health and wellbeing product. Supplied as 3 Pack.,No regulation
simple,5060546080206,&SISTERS Eco-Applicator Tampons Very Light 16 Pack,0,0,0,3.79,taxable,zero-rate,Women's Health,&SISTERS Eco-Applicator Tampons Very Light 16 Pack. A women's health product. Supplied as 16 Pack.,No regulation
simple,4005800206108,Elastoplast Wound Healing Ointment 50g,0,0,0,3.79,taxable,,First Aid,"Elastoplast Wound Healing Ointment 50g. Always read the label and any leaflet supplied. If symptoms persist, speak to your pharmacist or doctor. Supplied as 50g.",No regulation
simple,5000477569159,Earex Olive Oil Ear Drops 10ml,0,0,0,3.79,taxable,,Vitamins,Earex Olive Oil Ear Drops 10ml. A vitamins and supplements product. Supplied as 10ml.,GSL
simple,5025135111211,Malibu Bronzing Oil SPF2 200ml,0,0,0,3.79,taxable,,Skincare,Malibu Bronzing Oil SPF2 200ml. A skincare product. Supplied as 200ml.,No regulation
simple,5016379191008,Doublebase Gel Tube 100g,0,0,0,3.79,taxable,,Prescription Medicines,"Doublebase Gel Tube 100g. Prescription-only medicine, supplied after an online consultation with our pharmacist. Always read the label and any leaflet supplied. If symptoms persist, speak to your pharmacist or doctor. Supplied as 100g.",P
simple,5000309002755,Veet Hair Removal Cream Dry Skin 100ml,0,0,0,3.79,taxable,,Hair Care,Veet Hair Removal Cream Dry Skin 100ml. A hair care product. Supplied as 100ml.,No regulation
simple,8001841761732,Aussie Hemp Miracle Oil Nourish Lightweight Treatment 100ml,0,0,0,3.79,taxable,,Skincare,Aussie Hemp Miracle Oil Nourish Lightweight Treatment 100ml. A skincare product. Supplied as 100ml.,No regulation
simple,5028763012646,Wisdom Active White Bright Mouth Wash 500ml,0,0,0,3.79,taxable,,Oral Care,Wisdom Active White Bright Mouth Wash 500ml. An oral care product. Supplied as 500ml.,No regulation
simple,4006424022693,Stute Diabetic Thick Cut Orange Marmalade 430g,0,0,0,3.79,taxable,zero-rate,Testing & Monitoring,"Stute Diabetic Thick Cut Orange Marmalade 430g. Always read the label and any leaflet supplied. If symptoms persist, speak to your pharmacist or doctor. Supplied as 430g.",No regulation
simple,0010181041877,Palmer's Cocoa Butter Formula Fragrance Free Body Lotion 250ml,0,0,0,3.79,taxable,,Skincare,Palmer's Cocoa Butter Formula Fragrance Free Body Lotion 250ml. A skincare product. Supplied as 250ml.,No regulation
simple,5024091747021,Zirtek Allergy Relief 7 Tablets,0,0,0,3.79,taxable,,Vitamins,Zirtek Allergy Relief 7 Tablets. A vitamins and supplements product. Supplied as 7 Tablets.,GSL
simple,8809483315128,Leaders Daily Wonders Detox & Chill Purifying Mask 25ml,0,0,0,3.79,taxable,,Skincare,Leaders Daily Wonders Detox & Chill Purifying Mask 25ml. A skincare product. Supplied as 25ml.,No regulation
simple,5011309018714,Tixylix Baby Syrup 100ml,0,0,0,3.79,taxable,,Baby & Child,Tixylix Baby Syrup 100ml. A baby and child product. Supplied as 100ml.,GSL
simple,4006424022372,Stute Diabetic Jam Blackcurrant 430g,0,0,0,3.79,taxable,zero-rate,Testing & Monitoring,"Stute Diabetic Jam Blackcurrant 430g. Always read the label and any leaflet supplied. If symptoms persist, speak to your pharmacist or doctor. Supplied as 430g.",No regulation
simple,3600523305971,L'Oréal Paris Pure Clay Glow Face Mask 50ml,0,0,0,3.79,taxable,,Skincare,L'Oréal Paris Pure Clay Glow Face Mask 50ml. A skincare product. Supplied as 50ml.,No regulation
simple,0010181040719,Palmer's Cocoa Butter Formula Baby Butter 250ml,0,0,0,3.79,taxable,,Baby & Child,Palmer's Cocoa Butter Formula Baby Butter 250ml. A baby and child product. Supplied as 250ml.,No regulation
simple,5010249190146,The Food Supplement Company Head High Vitamins Plus 30 Capsules,0,0,0,3.79,taxable,,Vitamins,The Food Supplement Company Head High Vitamins Plus 30 Capsules. A vitamins and supplements product. Supplied as 30 Capsules.,No regulation
simple,5025970023243,Nivea Men Sensitive Shaving Gel 200ml,0,0,0,3.79,taxable,,Men's Grooming,Nivea Men Sensitive Shaving Gel 200ml. A men's grooming product. Supplied as 200ml.,No regulation
simple,8714789857824,Colgate Toothbrush Slim Soft,0,0,0,3.79,taxable,,Oral Care,Colgate Toothbrush Slim Soft. An oral care product.,No regulation
simple,4013162018390,Fenjal Body Spray 75ml,0,0,0,3.69,taxable,,Beauty,Fenjal Body Spray 75ml. A health and beauty product. Supplied as 75ml.,No regulation
simple,5025135117954,Malibu Bronzing Oil SPF8 200ml,0,0,0,3.69,taxable,,Skincare,Malibu Bronzing Oil SPF8 200ml. A skincare product. Supplied as 200ml.,No regulation
simple,3574661128566,Neutrogena Norwegian Formula Nourishing Body Balm with Nordic Berry 200ml,0,0,0,3.69,taxable,,Skincare,Neutrogena Norwegian Formula Nourishing Body Balm with Nordic Berry 200ml. A skincare product. Supplied as 200ml.,No regulation
simple,8809483316255,Leaders Coconut Bio Mask with Tomato 30ml,0,0,0,3.69,taxable,,Skincare,Leaders Coconut Bio Mask with Tomato 30ml. A skincare product. Supplied as 30ml.,No regulation
simple,5060899542673,Clinell Hand & Surface Wipes Tub 35 Wipes,0,0,0,3.69,taxable,,Beauty,Clinell Hand & Surface Wipes Tub 35 Wipes. A health and beauty product. Supplied as 35 Wipes.,No regulation
simple,3600523427475,L'Oréal Elvive Phytoclear Anti-Dandruff Regulating Shampoo 400ml,0,0,0,3.69,taxable,,Hair Care,L'Oréal Elvive Phytoclear Anti-Dandruff Regulating Shampoo 400ml. A hair care product. Supplied as 400ml.,No regulation
simple,7322541474076,Tena ProSkin Plastic-Free Wet Wipes 48 Pack,0,0,0,3.69,taxable,,Continence,Tena ProSkin Plastic-Free Wet Wipes 48 Pack. A continence care product. Supplied as 48 Pack.,No regulation
simple,5000347096938,Biotene Dry Mouth Toothpaste 100ml,0,0,0,3.69,taxable,,Oral Care,Biotene Dry Mouth Toothpaste 100ml. An oral care product. Supplied as 100ml.,No regulation
simple,5028763011861,Wisdom Daily Gum Health Toothpaste 75ml,0,0,0,3.69,taxable,,Oral Care,Wisdom Daily Gum Health Toothpaste 75ml. An oral care product. Supplied as 75ml.,No regulation
simple,4056800781232,Wella Silvikrin Hairspray Maximum Hold 250ml,0,0,0,3.69,taxable,,Hair Care,Wella Silvikrin Hairspray Maximum Hold 250ml. A hair care product. Supplied as 250ml.,No regulation
simple,7350075692109,The Humble Co. Bamboo Toothpicks 100 Pack,0,0,0,3.69,taxable,,Oral Care,The Humble Co. Bamboo Toothpicks 100 Pack. An oral care product. Supplied as 100 Pack.,No regulation
simple,0708002305061,Faith In Nature Stick Deodorant 100g,0,0,0,3.69,taxable,,Beauty,Faith In Nature Stick Deodorant 100g. A health and beauty product. Supplied as 100g.,No regulation
simple,4062300422872,Hipp Kids Baby Head To Toe Body Wash 400ml,0,0,0,3.69,taxable,,Baby & Child,Hipp Kids Baby Head To Toe Body Wash 400ml. A baby and child product. Supplied as 400ml.,No regulation
simple,8718951385870,Sanex Shower Gel Dermo Pro Hydrate 450ml,0,0,0,3.69,taxable,,Beauty,Sanex Shower Gel Dermo Pro Hydrate 450ml. A health and beauty product. Supplied as 450ml.,No regulation
simple,5060218601425,Ever Ready Double Sided Foot File,0,0,0,3.69,taxable,,General Health,Ever Ready Double Sided Foot File. A health and wellbeing product.,No regulation
simple,3574661728216,Johnson's Baby Powder 400g,0,0,0,3.69,taxable,,Baby & Child,Johnson's Baby Powder 400g. A baby and child product. Supplied as 400g.,No regulation
simple,5060062990287,Earth Friendly Baby Organic Shampoo & Bodywash Chamomile 250ml,0,0,0,3.69,taxable,,Baby & Child,Earth Friendly Baby Organic Shampoo & Bodywash Chamomile 250ml. A baby and child product. Supplied as 250ml.,No regulation
simple,8712561611145,Dove Shower Gel Go Fresh Cucumber & Green Tea 500ml,0,0,0,3.69,taxable,,Beauty,Dove Shower Gel Go Fresh Cucumber & Green Tea 500ml. A health and beauty product. Supplied as 500ml.,No regulation
simple,8001090210906,Aussie Stop The Break Conditioner 400ml,0,0,0,3.69,taxable,,Hair Care,Aussie Stop The Break Conditioner 400ml. A hair care product. Supplied as 400ml.,No regulation
simple,5099151007988,Duphalac Lactulose Oral Solution 200ml,0,0,0,3.69,taxable,,Prescription Medicines,"Duphalac Lactulose Oral Solution 200ml. Prescription-only medicine, supplied after an online consultation with our pharmacist. Always read the label and any leaflet supplied. If symptoms persist, speak to your pharmacist or doctor. Supplied as 200ml.",P
simple,8001090303059,Pantene Pro-V Smooth & Sleek Conditioner 180ml,0,0,0,3.69,taxable,,Hair Care,Pantene Pro-V Smooth & Sleek Conditioner 180ml. A hair care product. Supplied as 180ml.,No regulation
simple,8809463991014,8mm Brightening Sheet Mask 27g,0,0,0,3.69,taxable,,Skincare,8mm Brightening Sheet Mask 27g. A skincare product. Supplied as 27g.,No regulation
simple,8718951645165,Sanex Expert Bath & Shower Therapy Oil 450ml,0,0,0,3.69,taxable,,Beauty,Sanex Expert Bath & Shower Therapy Oil 450ml. A health and beauty product. Supplied as 450ml.,No regulation
simple,3800219790030,Alteya Organic Lip Balm Rose,0,0,0,3.69,taxable,,Skincare,Alteya Organic Lip Balm Rose. A skincare product.,No regulation
simple,5010724531044,Anusol Suppositories 12 Pack,0,0,0,3.69,taxable,,Digestive,"Anusol Suppositories 12 Pack. Always read the label and any leaflet supplied. If symptoms persist, speak to your pharmacist or doctor. Supplied as 12 Pack.",GSL
simple,5023652384057,Nature's Aid Vitamin C Drops for Children 50ml,0,0,0,3.69,taxable,,Baby & Child,Nature's Aid Vitamin C Drops for Children 50ml. A baby and child product. Supplied as 50ml.,No regulation
simple,5023652210301,Nature's Aid Vitamin C 1000mg Time Release 30 Tablets,0,0,0,3.69,taxable,,Vitamins,Nature's Aid Vitamin C 1000mg Time Release 30 Tablets. A vitamins and supplements product. Supplied as 30 Tablets.,No regulation
simple,5010441012369,Numark Max Strength Cold & Flu Relief 10 Sachets,0,0,0,3.69,taxable,,Cold & Flu,"Numark Max Strength Cold & Flu Relief 10 Sachets. Always read the label and any leaflet supplied. If symptoms persist, speak to your pharmacist or doctor. Supplied as 10 Sachets.",GSL
simple,5012254060070,Vo5 Styling Gel Mega Hold 200ml,0,0,0,3.69,taxable,,Hair Care,Vo5 Styling Gel Mega Hold 200ml. A hair care product. Supplied as 200ml.,No regulation
simple,8809447250991,Dr.Althea Squalane Silk Face Mask 28g,0,0,0,3.69,taxable,,Skincare,Dr.Althea Squalane Silk Face Mask 28g. A skincare product. Supplied as 28g.,No regulation
simple,4770001333884,Ecodenta Reliefing Sensitivity Fluoride Toothpaste 100ml,0,0,0,3.69,taxable,,Oral Care,Ecodenta Reliefing Sensitivity Fluoride Toothpaste 100ml. An oral care product. Supplied as 100ml.,No regulation
simple,8006540346754,Pantene Dry Shampoo Volume Booster for Fine Hair 180ml,0,0,0,3.69,taxable,,Hair Care,Pantene Dry Shampoo Volume Booster for Fine Hair 180ml. A hair care product. Supplied as 180ml.,No regulation
simple,7350075691515,The Humble Co. Natural Toothpaste Charcoal 75ml,0,0,0,3.69,taxable,,Oral Care,The Humble Co. Natural Toothpaste Charcoal 75ml. An oral care product. Supplied as 75ml.,No regulation
simple,3600523167562,L'Oréal Studio Pro Sleek It Smoothing Cream 150ml,0,0,0,3.69,taxable,,Skincare,L'Oréal Studio Pro Sleek It Smoothing Cream 150ml. A skincare product. Supplied as 150ml.,No regulation
simple,40623757,Hipp Kids Foamy Handwash 250ml,0,0,0,3.69,taxable,,Beauty,Hipp Kids Foamy Handwash 250ml. A health and beauty product. Supplied as 250ml.,No regulation
simple,5060177240581,Odor-Eaters Foot & Shoe Spray 150ml,0,0,0,3.69,taxable,,Beauty,Odor-Eaters Foot & Shoe Spray 150ml. A health and beauty product. Supplied as 150ml.,No regulation
simple,5024874030630,Valupak Vitamin E 400iu 30 Capsules,0,0,0,3.69,taxable,,Vitamins,Valupak Vitamin E 400iu 30 Capsules. A vitamins and supplements product. Supplied as 30 Capsules.,No regulation
simple,5051562013705,Otrivine Congestion Relief Nasal Drops 10ml,0,0,0,3.69,taxable,,Cold & Flu,"Otrivine Congestion Relief Nasal Drops 10ml. Always read the label and any leaflet supplied. If symptoms persist, speak to your pharmacist or doctor. Supplied as 10ml.",GSL
simple,8718951654969,Sanex Expert Shower Cream Ageless Renew 450ml,0,0,0,3.69,taxable,,Skincare,Sanex Expert Shower Cream Ageless Renew 450ml. A skincare product. Supplied as 450ml.,No regulation
simple,0094100005492,OPI Nail Polish Tiramisu for Two 15ml,0,0,0,3.69,taxable,,Beauty,OPI Nail Polish Tiramisu for Two 15ml. A health and beauty product. Supplied as 15ml.,No regulation
simple,5010234907100,Original Nappy Sacks 100 Pack,0,0,0,3.69,taxable,zero-rate,Baby & Child,Original Nappy Sacks 100 Pack. A baby and child product. Supplied as 100 Pack.,No regulation
simple,8717163858226,Baby Dove Sensitive Night Time Calming Moisture Wash 400ml,0,0,0,3.69,taxable,,Baby & Child,Baby Dove Sensitive Night Time Calming Moisture Wash 400ml. A baby and child product. Supplied as 400ml.,No regulation
simple,4056800781263,Wella Silvikrin Firm Hold Hairspray 250ml,0,0,0,3.69,taxable,,Hair Care,Wella Silvikrin Firm Hold Hairspray 250ml. A hair care product. Supplied as 250ml.,No regulation
simple,5060249174721,Emla Cream 5% 5g,0,0,0,3.69,taxable,,Skincare,"Emla Cream 5% 5g. Prescription-only medicine, supplied after an online consultation with our pharmacist. Always read the label and any leaflet supplied. If symptoms persist, speak to your pharmacist or doctor. Supplied as 5g.",P
simple,5010123703585,Listerine Cool Mint Mouthwash 500ml,0,0,0,3.69,taxable,,Oral Care,Listerine Cool Mint Mouthwash 500ml. An oral care product. Supplied as 500ml.,No regulation
simple,8809463991007,8mm Calming Sheet Mask 27g,0,0,0,3.69,taxable,,Skincare,8mm Calming Sheet Mask 27g. A skincare product. Supplied as 27g.,No regulation
simple,5060455149698,Brushworks Precision Eyebrow Razor Pastel 3 Pack,0,0,0,3.59,taxable,,Men's Grooming,Brushworks Precision Eyebrow Razor Pastel 3 Pack. A men's grooming product. Supplied as 3 Pack.,No regulation
simple,7322540679137,Tena Silhouette Low Waist Underwear White Medium 6 Pack,0,0,0,3.59,taxable,zero-rate,Continence,Tena Silhouette Low Waist Underwear White Medium 6 Pack. A continence care product. Supplied as 6 Pack.,No regulation
simple,5060636881119,ecoLiving 100% Plant Based Beech Wood Toothbrush FSC 100% Red,0,0,0,3.59,taxable,,Oral Care,ecoLiving 100% Plant Based Beech Wood Toothbrush FSC 100% Red. An oral care product.,No regulation
simple,8006540514276,Pantene Conditioner Colour Protect 350ml,0,0,0,3.59,taxable,,Hair Care,Pantene Conditioner Colour Protect 350ml. A hair care product. Supplied as 350ml.,No regulation
simple,3600522943457,L'Oréal Men Expert Cool Power 48H Anti-Perspirant Deodorant 50ml,0,0,0,3.59,taxable,,Beauty,L'Oréal Men Expert Cool Power 48H Anti-Perspirant Deodorant 50ml. A health and beauty product. Supplied as 50ml.,No regulation
simple,6009644651795,USN Mixmaster Shaker Bottle,0,0,0,3.59,taxable,,General Health,USN Mixmaster Shaker Bottle. A health and wellbeing product.,No regulation
simple,3614225573842,Wellaflex Hairspray form & Finish Ultra Strong 400ml,0,0,0,3.59,taxable,,Hair Care,Wellaflex Hairspray form & Finish Ultra Strong 400ml. A hair care product. Supplied as 400ml.,No regulation
simple,8718951510654,Palmolive Up Body Wash Eucalyptus 200ml,0,0,0,3.59,taxable,,Beauty,Palmolive Up Body Wash Eucalyptus 200ml. A health and beauty product. Supplied as 200ml.,No regulation
simple,0708002400292,Faith In Nature Seaweed & Citrus Hand Wash 400ml,0,0,0,3.59,taxable,,Beauty,Faith In Nature Seaweed & Citrus Hand Wash 400ml. A health and beauty product. Supplied as 400ml.,No regulation
simple,5010441014653,Numark Early Pregnancy 2 Tests,0,0,0,3.59,taxable,,General Health,Numark Early Pregnancy 2 Tests. A health and wellbeing product.,No regulation
simple,3614225573583,Wellaflex Hairspray Extra Strong Volume 400ml,0,0,0,3.59,taxable,,Hair Care,Wellaflex Hairspray Extra Strong Volume 400ml. A hair care product. Supplied as 400ml.,No regulation
simple,5038581152066,Yankee Candle Christmas Wax Melt Gift Set 3x22g,0,0,0,3.59,taxable,,Beauty,Yankee Candle Christmas Wax Melt Gift Set 3x22g. A health and beauty product. Supplied as 3x22g.,No regulation
simple,5011501040704,Deep Heat Foam Bath 350ml,0,0,0,3.59,taxable,,Pain Relief,"Deep Heat Foam Bath 350ml. Always read the label and any leaflet supplied. If symptoms persist, speak to your pharmacist or doctor. Supplied as 350ml.",No regulation
simple,4013162019175,Fenjal Classic Soap 100g,0,0,0,3.59,taxable,,Beauty,Fenjal Classic Soap 100g. A health and beauty product. Supplied as 100g.,No regulation
simple,5017007601531,Bisodol Indigestion Relief 100 Tablets,0,0,0,3.59,taxable,,Digestive,"Bisodol Indigestion Relief 100 Tablets. Always read the label and any leaflet supplied. If symptoms persist, speak to your pharmacist or doctor. Supplied as 100 Tablets.",GSL
simple,5024874017167,Valupak Evening Primrose Oil 1000mg 30 Capsules,0,0,0,3.59,taxable,,Vitamins,Valupak Evening Primrose Oil 1000mg 30 Capsules. A vitamins and supplements product. Supplied as 30 Capsules.,No regulation
simple,8717644016572,Lynx Africa 72 Hrs Anti Sweat Deodorant 150ml,0,0,0,3.59,taxable,,Beauty,Lynx Africa 72 Hrs Anti Sweat Deodorant 150ml. A health and beauty product. Supplied as 150ml.,No regulation
simple,4056800640065,Wella Wellaflex Hairspray Shiny Hold Ultra Strong 250ml,0,0,0,3.59,taxable,,Hair Care,Wella Wellaflex Hairspray Shiny Hold Ultra Strong 250ml. A hair care product. Supplied as 250ml.,No regulation
simple,8700216594981,Fixodent Plus No Flavour 40g,0,0,0,3.59,taxable,,General Health,Fixodent Plus No Flavour 40g. A health and wellbeing product. Supplied as 40g.,No regulation
simple,3574669909105,Johnson's Baby Oil Daily Care 500ml,0,0,0,3.59,taxable,,Baby & Child,Johnson's Baby Oil Daily Care 500ml. A baby and child product. Supplied as 500ml.,No regulation
simple,5025135117961,Malibu Bronzing Tan Oil SPF10 200ml,0,0,0,3.59,taxable,,Skincare,Malibu Bronzing Tan Oil SPF10 200ml. A skincare product. Supplied as 200ml.,No regulation
simple,5011321401839,Aussie Uplift Your Hair Mousse for Flat Hair 150ml,0,0,0,3.59,taxable,,Hair Care,Aussie Uplift Your Hair Mousse for Flat Hair 150ml. A hair care product. Supplied as 150ml.,No regulation
simple,5016973991066,Lift Fast Acting Glucose Chews Raspberry 50 Pack,0,0,0,3.59,taxable,,General Health,Lift Fast Acting Glucose Chews Raspberry 50 Pack. A health and wellbeing product. Supplied as 50 Pack.,No regulation
simple,5055586607087,Eight Triple Eight Arnica Shampoo 1000ml,0,0,0,3.59,taxable,,Hair Care,Eight Triple Eight Arnica Shampoo 1000ml. A hair care product. Supplied as 1000ml.,No regulation
simple,5012654201035,Carnation Finger & Toe Bandage 4m Roll Refill Pack,0,0,0,3.59,taxable,,First Aid,"Carnation Finger & Toe Bandage 4m Roll Refill Pack. Always read the label and any leaflet supplied. If symptoms persist, speak to your pharmacist or doctor.",No regulation
simple,4770001333815,Ecodenta Tartar Eliminating Fluoride Toothpaste 100ml,0,0,0,3.59,taxable,,Oral Care,Ecodenta Tartar Eliminating Fluoride Toothpaste 100ml. An oral care product. Supplied as 100ml.,No regulation
simple,5060636880181,ecoLiving 100% Plant Based Beech Wood Toothbrush FSC 100% Green,0,0,0,3.59,taxable,,Oral Care,ecoLiving 100% Plant Based Beech Wood Toothbrush FSC 100% Green. An oral care product.,No regulation
simple,8006540988244,Pantene Shampoo Color 500ml,0,0,0,3.59,taxable,,Hair Care,Pantene Shampoo Color 500ml. A hair care product. Supplied as 500ml.,No regulation
simple,5391531561616,Spotlight Oral Care Bamboo Toothbrush Jade,0,0,0,3.59,taxable,,Oral Care,Spotlight Oral Care Bamboo Toothbrush Jade. An oral care product.,No regulation
simple,4008976682165,Complan Shake Strawberry Flavour 4 x 57g,0,0,0,3.59,taxable,zero-rate,Vitamins,Complan Shake Strawberry Flavour 4 x 57g. A vitamins and supplements product. Supplied as 4 x 57g.,No regulation
simple,3800219790887,Alteya Organic Lip Balm Vanilla & Geranium,0,0,0,3.59,taxable,,Skincare,Alteya Organic Lip Balm Vanilla & Geranium. A skincare product.,No regulation
simple,8809463991021,8mm Lifting Sheet Mask 27g,0,0,0,3.59,taxable,,Skincare,8mm Lifting Sheet Mask 27g. A skincare product. Supplied as 27g.,No regulation
simple,5060636880303,ecoLiving Kids 100% Plant Based Beech Wood Toothbrush Green,0,0,0,3.59,taxable,,Oral Care,ecoLiving Kids 100% Plant Based Beech Wood Toothbrush Green. An oral care product.,No regulation
simple,5036072008663,Histallay Hayfever Relief 120mg Fexofenadine 10 Tablets,0,0,0,3.59,taxable,,Vitamins,Histallay Hayfever Relief 120mg Fexofenadine 10 Tablets. A vitamins and supplements product. Supplied as 10 Tablets.,GSL
simple,96091524,Max Factor Colour Correcter Stick Light,0,0,0,3.59,taxable,,General Health,Max Factor Colour Correcter Stick Light. A health and wellbeing product.,No regulation
simple,4005900776143,Nivea 3-in-1 Cleansing Wipes Sensitive Skin 25 Wipes,0,0,0,3.59,taxable,,Skincare,Nivea 3-in-1 Cleansing Wipes Sensitive Skin 25 Wipes. A skincare product. Supplied as 25 Wipes.,No regulation
simple,3600523385362,L'Oréal Colorista Rose Blonde,0,0,0,3.59,taxable,,General Health,L'Oréal Colorista Rose Blonde. A health and wellbeing product.,No regulation
simple,8714789625454,Colgate Max White One Toothpaste 75ml,0,0,0,3.59,taxable,,Oral Care,Colgate Max White One Toothpaste 75ml. An oral care product. Supplied as 75ml.,No regulation
simple,5060084173064,Profoot Ultimate Control Odour Insoles,0,0,0,3.59,taxable,,Supports & Braces,Profoot Ultimate Control Odour Insoles. A support and mobility product.,No regulation
simple,8809463991038,8mm Moisturising Sheet Mask 27g,0,0,0,3.59,taxable,,Skincare,8mm Moisturising Sheet Mask 27g. A skincare product. Supplied as 27g.,No regulation
simple,5000477897085,Sarakan Toothpaste 50ml,0,0,0,3.59,taxable,,Oral Care,Sarakan Toothpaste 50ml. An oral care product. Supplied as 50ml.,No regulation
simple,4770001003299,Ecodenta Bamboo Toothbrush Medium 1 Pack,0,0,0,3.59,taxable,,Oral Care,Ecodenta Bamboo Toothbrush Medium 1 Pack. An oral care product. Supplied as 1 Pack.,No regulation
simple,5060013940736,Bristol Cetirizine Hydrochloride 10mg 30 Tablets,0,0,0,3.59,taxable,,Prescription Medicines,"Bristol Cetirizine Hydrochloride 10mg 30 Tablets. Prescription-only medicine, supplied after an online consultation with our pharmacist. Always read the label and any leaflet supplied. If symptoms persist, speak to your pharmacist or doctor. Supplied as 30 Tablets.",P
simple,5060084170018,Profoot Softgel Multi-Use Gel Padding,0,0,0,3.59,taxable,,Vitamins,Profoot Softgel Multi-Use Gel Padding. A vitamins and supplements product.,No regulation
simple,8718951115644,Palmolive Aquarium Liquid Hand Soap 500ml,0,0,0,3.59,taxable,,Beauty,Palmolive Aquarium Liquid Hand Soap 500ml. A health and beauty product. Supplied as 500ml.,No regulation
simple,5025135115226,Malibu Dry Oil Spray SPF10 200ml,0,0,0,3.59,taxable,,Skincare,Malibu Dry Oil Spray SPF10 200ml. A skincare product. Supplied as 200ml.,No regulation
simple,5036631004259,Quinoderm Antibacterial Facewash 150ml,0,0,0,3.59,taxable,,Beauty,Quinoderm Antibacterial Facewash 150ml. A health and beauty product. Supplied as 150ml.,No regulation
simple,5028763012585,Wisdom Active Whitening Charcoal Toothbrush,0,0,0,3.59,taxable,,Oral Care,Wisdom Active Whitening Charcoal Toothbrush. An oral care product.,No regulation
simple,5060571720634,UpCircle Tube Roller Key,0,0,0,3.59,taxable,,General Health,UpCircle Tube Roller Key. A health and wellbeing product.,No regulation
simple,5025135001376,Malibu Soothing After Sun Spray with Insect Repellent 200ml,0,0,0,3.59,taxable,,Skincare,Malibu Soothing After Sun Spray with Insect Repellent 200ml. A skincare product. Supplied as 200ml.,No regulation
simple,8809447250038,Dr.Althea Pore-Control Charcoal Mask 29g,0,0,0,3.59,taxable,,Skincare,Dr.Althea Pore-Control Charcoal Mask 29g. A skincare product. Supplied as 29g.,No regulation
simple,3600520921068,L'Oréal Xtreme Hold Hair Gel 150ml,0,0,0,3.59,taxable,,Hair Care,L'Oréal Xtreme Hold Hair Gel 150ml. A hair care product. Supplied as 150ml.,No regulation
simple,5011321921870,Fixodent Plus Cream 40g,0,0,0,3.59,taxable,,Skincare,Fixodent Plus Cream 40g. A skincare product. Supplied as 40g.,No regulation
simple,0080376380203,Profoot Women Double Cushion 1 Pair,0,0,0,3.59,taxable,,General Health,Profoot Women Double Cushion 1 Pair. A health and wellbeing product.,No regulation
simple,5010441010877,Numark Chesty Cough Expectorant 200ml,0,0,0,3.59,taxable,,Cold & Flu,"Numark Chesty Cough Expectorant 200ml. Prescription-only medicine, supplied after an online consultation with our pharmacist. Always read the label and any leaflet supplied. If symptoms persist, speak to your pharmacist or doctor. Supplied as 200ml.",P
simple,5010249041158,FSC Zinc Picolinate with Copper 30mg 30 Tablets,0,0,0,3.59,taxable,,Vitamins,FSC Zinc Picolinate with Copper 30mg 30 Tablets. A vitamins and supplements product. Supplied as 30 Tablets.,No regulation
simple,5011309267211,Care Ibuprofen 400mg 24 Tablets,0,0,0,3.59,taxable,,Pain Relief,"Care Ibuprofen 400mg 24 Tablets. Prescription-only medicine, supplied after an online consultation with our pharmacist. Always read the label and any leaflet supplied. If symptoms persist, speak to your pharmacist or doctor. Supplied as 24 Tablets.",P
simple,5410076229994,Head & Shoulders Classic Clean Anti-Dandruff Shampoo 250ml,0,0,0,3.59,taxable,,Hair Care,Head & Shoulders Classic Clean Anti-Dandruff Shampoo 250ml. A hair care product. Supplied as 250ml.,No regulation
simple,5000477722196,Olbas Menthol Pastilles 45g,0,0,0,3.59,taxable,,Cold & Flu,"Olbas Menthol Pastilles 45g. Always read the label and any leaflet supplied. If symptoms persist, speak to your pharmacist or doctor. Supplied as 45g.",GSL
simple,8006540988237,Pantene Shampoo Smooth & Silky 500ml,0,0,0,3.59,taxable,,Hair Care,Pantene Shampoo Smooth & Silky 500ml. A hair care product. Supplied as 500ml.,No regulation
simple,8718951388642,Sanex Shower Gel Dermo Moist 450ml,0,0,0,3.59,taxable,,Beauty,Sanex Shower Gel Dermo Moist 450ml. A health and beauty product. Supplied as 450ml.,No regulation
simple,7350075690426,The Humble Co. Brush Adult Purple Medium 1 Pack,0,0,0,3.59,taxable,,General Health,The Humble Co. Brush Adult Purple Medium 1 Pack. A health and wellbeing product. Supplied as 1 Pack.,No regulation
simple,7350075692895,The Humble Co. Interdental Brush Blue Size 3 8 Pack,0,0,0,3.59,taxable,,Oral Care,The Humble Co. Interdental Brush Blue Size 3 8 Pack. An oral care product. Supplied as 8 Pack.,No regulation
simple,5025135117671,Malibu Face Cream SPF30 40ml & Lip Balm SPF30,0,0,0,3.59,taxable,,Skincare,Malibu Face Cream SPF30 40ml & Lip Balm SPF30. A skincare product. Supplied as 40ml.,No regulation
simple,5060209733029,Epimax Eyelid Ointment 4g,0,0,0,3.59,taxable,,Skincare,Epimax Eyelid Ointment 4g. A skincare product. Supplied as 4g.,No regulation
simple,0708002407796,Faith In Nature Wild Rose Hand Wash 400ml,0,0,0,3.59,taxable,,Beauty,Faith In Nature Wild Rose Hand Wash 400ml. A health and beauty product. Supplied as 400ml.,No regulation
simple,8717163858219,Dove Baby Night Time Lotion 400ml,0,0,0,3.50,taxable,,Baby & Child,Dove Baby Night Time Lotion 400ml. A baby and child product. Supplied as 400ml.,No regulation
simple,3600523215973,L'Oréal Elvive Extraordinary Clay Rebalancing Conditioner 400ml,0,0,0,3.49,taxable,,Hair Care,L'Oréal Elvive Extraordinary Clay Rebalancing Conditioner 400ml. A hair care product. Supplied as 400ml.,No regulation
simple,5011309061215,Care+ Glycerin Suppositories 2g Children's 12 Pack,0,0,0,3.49,taxable,,Baby & Child,Care+ Glycerin Suppositories 2g Children's 12 Pack. A baby and child product. Supplied as 12 Pack.,GSL
simple,3361370683956,Milton Baby Bottle Cleanser 500ml,0,0,0,3.49,taxable,,Baby & Child,Milton Baby Bottle Cleanser 500ml. A baby and child product. Supplied as 500ml.,No regulation
simple,5000309008313,Preparation H Soothing Wipes,0,0,0,3.49,taxable,,Digestive,"Preparation H Soothing Wipes. Always read the label and any leaflet supplied. If symptoms persist, speak to your pharmacist or doctor.",GSL
simple,3435172191077,Quies Anti Noise Foam Ear Plugs 3 Pairs,0,0,0,3.49,taxable,,General Health,Quies Anti Noise Foam Ear Plugs 3 Pairs. A health and wellbeing product.,No regulation
simple,5027599000094,Delph After Sun Lotion 150ml,0,0,0,3.49,taxable,,Skincare,Delph After Sun Lotion 150ml. A skincare product. Supplied as 150ml.,No regulation
simple,5011321365353,Vicks Vaporub 50g,0,0,0,3.49,taxable,,Cold & Flu,"Vicks Vaporub 50g. Always read the label and any leaflet supplied. If symptoms persist, speak to your pharmacist or doctor. Supplied as 50g.",GSL
simple,9327693000560,Sukin Hydrating Mist Toner 50ml,0,0,0,3.49,taxable,,Skincare,Sukin Hydrating Mist Toner 50ml. A skincare product. Supplied as 50ml.,No regulation
simple,0017854115019,Baylis & Harding Beauticology Sparkle & Shine Bubble Bath 500ml,0,0,0,3.49,taxable,,Beauty,Baylis & Harding Beauticology Sparkle & Shine Bubble Bath 500ml. A health and beauty product. Supplied as 500ml.,No regulation
simple,5055586607032,Eight Triple Eight Lavender Shampoo 1000ml,0,0,0,3.49,taxable,,Hair Care,Eight Triple Eight Lavender Shampoo 1000ml. A hair care product. Supplied as 1000ml.,No regulation
simple,7322541500898,Tena Men Active Fit Absorbent Protector Level 1 24 Pack,0,0,0,3.49,taxable,zero-rate,Continence,Tena Men Active Fit Absorbent Protector Level 1 24 Pack. A continence care product. Supplied as 24 Pack.,No regulation
simple,8809211652549,Berrisom Face Wrapping Mask Hyaluronic Solution 80 27g,0,0,0,3.49,taxable,,Skincare,Berrisom Face Wrapping Mask Hyaluronic Solution 80 27g. A skincare product. Supplied as 27g.,No regulation
simple,8720181347153,Dove Original Antiperspirant Spray 200ml,0,0,0,3.49,taxable,,Beauty,Dove Original Antiperspirant Spray 200ml. A health and beauty product. Supplied as 200ml.,No regulation
simple,5010605295416,Rennie Sugar Free 24 Chewable Tablets,0,0,0,3.49,taxable,,Digestive,"Rennie Sugar Free 24 Chewable Tablets. Always read the label and any leaflet supplied. If symptoms persist, speak to your pharmacist or doctor. Supplied as 24 Chewable.",GSL
simple,5060991070609,Anovia Epibase Daily Cream 450ml,0,0,0,3.49,taxable,,Skincare,Anovia Epibase Daily Cream 450ml. A skincare product. Supplied as 450ml.,No regulation
simple,8710908778230,Dove Restoring Care Body Lotion with Coconut & Almond 400ml,0,0,0,3.49,taxable,,Skincare,Dove Restoring Care Body Lotion with Coconut & Almond 400ml. A skincare product. Supplied as 400ml.,No regulation
simple,3600523434602,L'Oréal Men Expert Invincible Sport 5 in 1 Camphor Shower 300ml,0,0,0,3.49,taxable,,Beauty,L'Oréal Men Expert Invincible Sport 5 in 1 Camphor Shower 300ml. A health and beauty product. Supplied as 300ml.,No regulation
simple,8809566990631,Benton Fermentation Mask Pack,0,0,0,3.49,taxable,,Skincare,Benton Fermentation Mask Pack. A skincare product.,No regulation
simple,5060991070623,Anovia Epibase Daily Oatmeal Cream 450ml,0,0,0,3.49,taxable,,Skincare,Anovia Epibase Daily Oatmeal Cream 450ml. A skincare product. Supplied as 450ml.,No regulation
simple,5017007604679,Sildenafil Teva 50mg 4 Tablets,0,0,0,3.49,taxable,zero-rate,Sexual Wellness,"Sildenafil Teva 50mg 4 Tablets. Prescription-only medicine, supplied after an online consultation with our pharmacist. Always read the label and any leaflet supplied. If symptoms persist, speak to your pharmacist or doctor. Supplied as 4 Tablets.",P
simple,5000158071377,Gaviscon Double Action 12 Tablets,0,0,0,3.49,taxable,,Digestive,"Gaviscon Double Action 12 Tablets. Always read the label and any leaflet supplied. If symptoms persist, speak to your pharmacist or doctor. Supplied as 12 Tablets.",GSL
simple,5055586605304,Eight Triple Eight Kukui Conditioner 1000ml,0,0,0,3.49,taxable,,Hair Care,Eight Triple Eight Kukui Conditioner 1000ml. A hair care product. Supplied as 1000ml.,No regulation
simple,5033847002192,Kwells Travel Sickness 12 Tablets,0,0,0,3.49,taxable,,Prescription Medicines,"Kwells Travel Sickness 12 Tablets. Prescription-only medicine, supplied after an online consultation with our pharmacist. Always read the label and any leaflet supplied. If symptoms persist, speak to your pharmacist or doctor. Supplied as 12 Tablets.",P
simple,5025135000522,Malibu Lotion Spray SPF20 200ml,0,0,0,3.49,taxable,,Skincare,Malibu Lotion Spray SPF20 200ml. A skincare product. Supplied as 200ml.,No regulation
simple,42343943,Fenjal Classic Anti Perspirant Roll-On 50ml,0,0,0,3.49,taxable,,Beauty,Fenjal Classic Anti Perspirant Roll-On 50ml. A health and beauty product. Supplied as 50ml.,No regulation
simple,4005800237478,Elastoplast Water Resistant 40 Plasters,0,0,0,3.49,taxable,,First Aid,"Elastoplast Water Resistant 40 Plasters. Always read the label and any leaflet supplied. If symptoms persist, speak to your pharmacist or doctor.",No regulation
simple,8711600786257,Dove Go Fresh Pomegranate Antiperspirant Deodorant Aerosol 250ml,0,0,0,3.49,taxable,,Beauty,Dove Go Fresh Pomegranate Antiperspirant Deodorant Aerosol 250ml. A health and beauty product. Supplied as 250ml.,No regulation
simple,5010249152502,The Food Supplement Company Ginger 500mg 30 Capsules,0,0,0,3.49,taxable,,Vitamins,The Food Supplement Company Ginger 500mg 30 Capsules. A vitamins and supplements product. Supplied as 30 Capsules.,No regulation
simple,8718951647930,Sanex Baby Zero% Fragence Free Wash 450ml,0,0,0,3.49,taxable,,Baby & Child,Sanex Baby Zero% Fragence Free Wash 450ml. A baby and child product. Supplied as 450ml.,No regulation
simple,0017854115002,Baylis & Harding Beauticology Shimmer & Shine Bubble Bath 500ml,0,0,0,3.49,taxable,,Beauty,Baylis & Harding Beauticology Shimmer & Shine Bubble Bath 500ml. A health and beauty product. Supplied as 500ml.,No regulation
simple,5060546080404,&SISTERS Organic Cotton Pads with Wings Light 10 Pack,0,0,0,3.49,taxable,zero-rate,Beauty,&SISTERS Organic Cotton Pads with Wings Light 10 Pack. A health and beauty product. Supplied as 10 Pack.,No regulation
simple,5060427352712,St. Moriz Self Tan Mousse Darker Than Dark 200ml,0,0,0,3.49,taxable,,Hair Care,St. Moriz Self Tan Mousse Darker Than Dark 200ml. A hair care product. Supplied as 200ml.,No regulation
simple,5055565706459,Accord Sildenafil 50mg 4 Tablets,0,0,0,3.49,taxable,zero-rate,Sexual Wellness,"Accord Sildenafil 50mg 4 Tablets. Prescription-only medicine, supplied after an online consultation with our pharmacist. Always read the label and any leaflet supplied. If symptoms persist, speak to your pharmacist or doctor. Supplied as 4 Tablets.",P
simple,5010249126008,FSC Vitamin D 10Ug (400IU) 60 Tablets,0,0,0,3.49,taxable,,Vitamins,FSC Vitamin D 10Ug (400IU) 60 Tablets. A vitamins and supplements product. Supplied as 60 Tablets.,No regulation
simple,5029354010393,AloeDent Whitening Gel Toothpaste Fluoride Free 100ml,0,0,0,3.49,taxable,,Oral Care,AloeDent Whitening Gel Toothpaste Fluoride Free 100ml. An oral care product. Supplied as 100ml.,No regulation
simple,8714100012604,Vaseline Mature Skin Lotion 400ml,0,0,0,3.49,taxable,,Skincare,Vaseline Mature Skin Lotion 400ml. A skincare product. Supplied as 400ml.,No regulation
simple,80444886,Bionsen Stick Deodorant Sensitive Skin 40ml,0,0,0,3.49,taxable,,Skincare,Bionsen Stick Deodorant Sensitive Skin 40ml. A skincare product. Supplied as 40ml.,No regulation
simple,5711782000151,OrganiCup OrganiWipes 10 Wipes,0,0,0,3.49,taxable,,Beauty,OrganiCup OrganiWipes 10 Wipes. A health and beauty product. Supplied as 10 Wipes.,No regulation
simple,8809408731149,Dr. Oracle Dermasys Diamond V Mask,0,0,0,3.49,taxable,,Skincare,Dr. Oracle Dermasys Diamond V Mask. A skincare product.,No regulation
simple,5016695005195,Sildenafil Mylan 50mg 4 Tablets,0,0,0,3.49,taxable,zero-rate,Sexual Wellness,"Sildenafil Mylan 50mg 4 Tablets. Prescription-only medicine, supplied after an online consultation with our pharmacist. Always read the label and any leaflet supplied. If symptoms persist, speak to your pharmacist or doctor. Supplied as 4 Tablets.",P
simple,5029354013691,AloeDent Pro Sensitive Enamel & Cavity Toothpaste 75ml,0,0,0,3.49,taxable,,Oral Care,AloeDent Pro Sensitive Enamel & Cavity Toothpaste 75ml. An oral care product. Supplied as 75ml.,No regulation
simple,8718951388550,Sanex Zero % Kids Head To Toe Wash 450ml,0,0,0,3.49,taxable,,Beauty,Sanex Zero % Kids Head To Toe Wash 450ml. A health and beauty product. Supplied as 450ml.,No regulation
simple,8720181295577,Dove Men+Care Fresh Antiperspirant 200ml,0,0,0,3.49,taxable,,Beauty,Dove Men+Care Fresh Antiperspirant 200ml. A health and beauty product. Supplied as 200ml.,No regulation
simple,5011309055719,Care+ Clotrimazole 1% w/w Cream 20g,0,0,0,3.49,taxable,,Skincare,"Care+ Clotrimazole 1% w/w Cream 20g. Prescription-only medicine, supplied after an online consultation with our pharmacist. Always read the label and any leaflet supplied. If symptoms persist, speak to your pharmacist or doctor. Supplied as 20g.",P
simple,4008976682158,Complan Shake Vanilla Flavour 4 x 57g,0,0,0,3.49,taxable,zero-rate,Vitamins,Complan Shake Vanilla Flavour 4 x 57g. A vitamins and supplements product. Supplied as 4 x 57g.,No regulation
simple,0309976623610,Revlon Colorsilk Permanent Hair Colour 61 Dark Blonde,0,0,0,3.49,taxable,,Hair Care,Revlon Colorsilk Permanent Hair Colour 61 Dark Blonde. A hair care product.,No regulation
simple,5010415635259,Tommee Tippee On The Go 20 Disposable Bibs,0,0,0,3.49,taxable,zero-rate,General Health,Tommee Tippee On The Go 20 Disposable Bibs. A health and wellbeing product.,No regulation
simple,3574660149807,Clean & Clear Blackhead Clearing Daily Scrub 150ml,0,0,0,3.49,taxable,,Beauty,Clean & Clear Blackhead Clearing Daily Scrub 150ml. A health and beauty product. Supplied as 150ml.,No regulation
simple,8720181477270,TRESemmé Rich Moisture + Vitamin E Conditioner 500ml,0,0,0,3.49,taxable,,Hair Care,TRESemmé Rich Moisture + Vitamin E Conditioner 500ml. A hair care product. Supplied as 500ml.,No regulation
simple,5012008570602,Soft & Gentle Delicate Bloom Lavender & Patchouli Deodorant 150ml,0,0,0,3.49,taxable,,Beauty,Soft & Gentle Delicate Bloom Lavender & Patchouli Deodorant 150ml. A health and beauty product. Supplied as 150ml.,No regulation
simple,5025135117701,Malibu Face Cream Spf 50 40ml & Lip Balm Spf 30 Twin Pack,0,0,0,3.49,taxable,,Skincare,Malibu Face Cream Spf 50 40ml & Lip Balm Spf 30 Twin Pack. A skincare product. Supplied as 40ml.,No regulation
simple,5054563185570,Panmigrol Migraine and Headache Relief 250mg/250mg/65mg 10 Tablets,0,0,0,3.49,taxable,,Pain Relief,"Panmigrol Migraine and Headache Relief 250mg/250mg/65mg 10 Tablets. Always read the label and any leaflet supplied. If symptoms persist, speak to your pharmacist or doctor. Supplied as 10 Tablets.",GSL
simple,0708002400490,Faith In Nature Lavender & Geranium Hand Wash 400ml,0,0,0,3.49,taxable,,Beauty,Faith In Nature Lavender & Geranium Hand Wash 400ml. A health and beauty product. Supplied as 400ml.,No regulation
simple,5060135050115,O.R.S. Hydration Blackcurrant 12 Tablets,0,0,0,3.49,taxable,,Vitamins,O.R.S. Hydration Blackcurrant 12 Tablets. A vitamins and supplements product. Supplied as 12 Tablets.,No regulation
simple,3574661684345,Listerine Multi Protect Gum 500ml,0,0,0,3.49,taxable,,Oral Care,Listerine Multi Protect Gum 500ml. An oral care product. Supplied as 500ml.,No regulation
simple,5029066007186,Childs Farm Conditioner with Strawberry & Organic Mint 250ml,0,0,0,3.49,taxable,,Hair Care,Childs Farm Conditioner with Strawberry & Organic Mint 250ml. A hair care product. Supplied as 250ml.,No regulation
simple,5036072005181,Dr. Reddy's Sildenafil 50mg 4 Tablets,0,0,0,3.49,taxable,zero-rate,Sexual Wellness,"Dr. Reddy's Sildenafil 50mg 4 Tablets. Prescription-only medicine, supplied after an online consultation with our pharmacist. Always read the label and any leaflet supplied. If symptoms persist, speak to your pharmacist or doctor. Supplied as 4 Tablets.",P
simple,4770001007303,Ecodenta Fresh Breath Toothpaste 100ml,0,0,0,3.49,taxable,,Oral Care,Ecodenta Fresh Breath Toothpaste 100ml. An oral care product. Supplied as 100ml.,No regulation
simple,0309978695332,Revlon Colorsilk Permanent Hair Colour 33 Dark Soft Brown,0,0,0,3.49,taxable,,Hair Care,Revlon Colorsilk Permanent Hair Colour 33 Dark Soft Brown. A hair care product.,No regulation
simple,5060636881133,ecoLiving 100% Plant Based Beech Wood Toothbrush,0,0,0,3.49,taxable,,Oral Care,ecoLiving 100% Plant Based Beech Wood Toothbrush. An oral care product.,No regulation
simple,0309975122077,Mitchum Women Unperfumed Roll-On Deodorant 100ml,0,0,0,3.49,taxable,,Beauty,Mitchum Women Unperfumed Roll-On Deodorant 100ml. A health and beauty product. Supplied as 100ml.,No regulation
simple,3600523582532,L'Oréal Men Expert Stress Resist Shower Gel 300ml,0,0,0,3.49,taxable,,Beauty,L'Oréal Men Expert Stress Resist Shower Gel 300ml. A health and beauty product. Supplied as 300ml.,No regulation
simple,5038581118574,Yankee Candle Snow Globe Wax Melt 3x 28g,0,0,0,3.49,taxable,,Beauty,Yankee Candle Snow Globe Wax Melt 3x 28g. A health and beauty product. Supplied as 3x 28g.,No regulation
simple,5011309675610,Zerodouble Emollient Gel 100g,0,0,0,3.49,taxable,,Skincare,Zerodouble Emollient Gel 100g. A skincare product. Supplied as 100g.,No regulation
simple,5391512457174,InVita D3 - Colecalciferol 400 IU 28 Soft Capsules,0,0,0,3.49,taxable,,Prescription Medicines,"InVita D3 - Colecalciferol 400 IU 28 Soft Capsules. Prescription-only medicine, supplied after an online consultation with our pharmacist. Always read the label and any leaflet supplied. If symptoms persist, speak to your pharmacist or doctor. Supplied as 400 IU.",P
simple,0309974755658,Mitchum Women Triple Odour Defense Anti-Perspirant & Deodorant 41g,0,0,0,3.49,taxable,,Beauty,Mitchum Women Triple Odour Defense Anti-Perspirant & Deodorant 41g. A health and beauty product. Supplied as 41g.,No regulation
simple,3086126693552,Bic Razors Soleil Scent 4 Pack,0,0,0,3.49,taxable,,Men's Grooming,Bic Razors Soleil Scent 4 Pack. A men's grooming product. Supplied as 4 Pack.,No regulation
simple,5016973991059,Lift Fast Acting Glucose Chews Orange 50 Pack,0,0,0,3.49,taxable,,General Health,Lift Fast Acting Glucose Chews Orange 50 Pack. A health and wellbeing product. Supplied as 50 Pack.,No regulation
simple,5016379280016,Glutarol Wart Paint 10ml,0,0,0,3.49,taxable,,Skincare,"Glutarol Wart Paint 10ml. Prescription-only medicine, supplied after an online consultation with our pharmacist. Always read the label and any leaflet supplied. If symptoms persist, speak to your pharmacist or doctor. Supplied as 10ml.",P
simple,0309975122114,Mitchum Men Ice Fresh Roll-On Deodorant 100ml,0,0,0,3.49,taxable,,Beauty,Mitchum Men Ice Fresh Roll-On Deodorant 100ml. A health and beauty product. Supplied as 100ml.,No regulation
simple,3086123347328,Bic Razors Flex with 3 blades 4 Pack,0,0,0,3.49,taxable,,Men's Grooming,Bic Razors Flex with 3 blades 4 Pack. A men's grooming product. Supplied as 4 Pack.,No regulation
simple,5033852190280,PillMate 7 Day Maxi Dispenser,0,0,0,3.49,taxable,,General Health,PillMate 7 Day Maxi Dispenser. A health and wellbeing product.,No regulation
simple,5391531561630,Spotlight Oral Care Bamboo Toothbrush Red,0,0,0,3.49,taxable,,Oral Care,Spotlight Oral Care Bamboo Toothbrush Red. An oral care product.,No regulation
simple,7350075690402,The Humble Co. Brush Adult Blue Medium 1s,0,0,0,3.49,taxable,,General Health,The Humble Co. Brush Adult Blue Medium 1s. A health and wellbeing product.,No regulation
simple,8710447362945,Dove Baby Lotion 400ml,0,0,0,3.49,taxable,,Baby & Child,Dove Baby Lotion 400ml. A baby and child product. Supplied as 400ml.,No regulation
simple,5028763009752,Wisdom Clean Between Interdental Large Brushes 20 Pack,0,0,0,3.49,taxable,,Oral Care,Wisdom Clean Between Interdental Large Brushes 20 Pack. An oral care product. Supplied as 20 Pack.,No regulation
simple,5000158063945,Lemsip Max Cold&Flu Lemon 5 Sachets,0,0,0,3.49,taxable,,Cold & Flu,"Lemsip Max Cold&Flu Lemon 5 Sachets. Always read the label and any leaflet supplied. If symptoms persist, speak to your pharmacist or doctor. Supplied as 5 Sachets.",GSL
simple,5017123002199,Pollenase Cetirizine 10mg Cetirizine Dihydrochloride 30 Tablets,0,0,0,3.49,taxable,,Vitamins,Pollenase Cetirizine 10mg Cetirizine Dihydrochloride 30 Tablets. A vitamins and supplements product. Supplied as 30 Tablets.,GSL
simple,4084500506855,Aussie Winter Miracle Shampoo 300ml,0,0,0,3.49,taxable,,Hair Care,Aussie Winter Miracle Shampoo 300ml. A hair care product. Supplied as 300ml.,No regulation
simple,5029053582948,Kleenex Balsam Mega Pack 112 Tissues,0,0,0,3.49,taxable,,General Health,Kleenex Balsam Mega Pack 112 Tissues. A health and wellbeing product.,No regulation
simple,50632633,Care Menthol Crystals 5gm,0,0,0,3.49,taxable,,General Health,Care Menthol Crystals 5gm. A health and wellbeing product.,No regulation
simple,5055565706466,Sildenafil Accord 50mg 8 Tablets,0,0,0,3.49,taxable,zero-rate,Sexual Wellness,"Sildenafil Accord 50mg 8 Tablets. Prescription-only medicine, supplied after an online consultation with our pharmacist. Always read the label and any leaflet supplied. If symptoms persist, speak to your pharmacist or doctor. Supplied as 8 Tablets.",P
simple,7350064160008,BioDenta Superwhite Toothpaste 75ml,0,0,0,3.49,taxable,,Oral Care,BioDenta Superwhite Toothpaste 75ml. An oral care product. Supplied as 75ml.,No regulation
simple,3600523900862,"L'Oréal Men Expert Barber Club Body, Hair & Beard Wash 300ml",0,0,0,3.49,taxable,,Hair Care,"L'Oréal Men Expert Barber Club Body, Hair & Beard Wash 300ml. A hair care product. Supplied as 300ml.",No regulation
simple,5012008570503,Soft & Gentle Fresh Blossom Wild Rose & Vanilla Deodorant 150ml,0,0,0,3.49,taxable,,Beauty,Soft & Gentle Fresh Blossom Wild Rose & Vanilla Deodorant 150ml. A health and beauty product. Supplied as 150ml.,No regulation
simple,5010058044791,Fast Aid Assorted Blue Eyetec Plaster 40 Pack,0,0,0,3.49,taxable,,First Aid,"Fast Aid Assorted Blue Eyetec Plaster 40 Pack. Always read the label and any leaflet supplied. If symptoms persist, speak to your pharmacist or doctor. Supplied as 40 Pack.",No regulation
simple,5060546080855,&SISTERS Naked Tampons Mixed 18 Pack,0,0,0,3.49,taxable,zero-rate,Women's Health,&SISTERS Naked Tampons Mixed 18 Pack. A women's health product. Supplied as 18 Pack.,No regulation
simple,5000476010164,Johnson's Veterinary Ear Cleanser 18ml,0,0,0,3.49,taxable,,Skincare,Johnson's Veterinary Ear Cleanser 18ml. A skincare product. Supplied as 18ml.,No regulation
simple,0017854112513,Baylis & Harding Goodness Shower Gel - Bergamot & Clary Sage 500ml,0,0,0,3.49,taxable,,Beauty,Baylis & Harding Goodness Shower Gel - Bergamot & Clary Sage 500ml. A health and beauty product. Supplied as 500ml.,No regulation
simple,5060133373902,Cl-ear Olive Oil Drops 15ml,0,0,0,3.49,taxable,,Vitamins,Cl-ear Olive Oil Drops 15ml. A vitamins and supplements product. Supplied as 15ml.,GSL
simple,5060014444899,Genesis Sildenafil 50mg 4 Tablets,0,0,0,3.49,taxable,zero-rate,Sexual Wellness,"Genesis Sildenafil 50mg 4 Tablets. Prescription-only medicine, supplied after an online consultation with our pharmacist. Always read the label and any leaflet supplied. If symptoms persist, speak to your pharmacist or doctor. Supplied as 4 Tablets.",P
simple,5035883003614,Snoreeze Snoring Relief 10 Nasal Strips Large,0,0,0,3.49,taxable,,Cold & Flu,"Snoreeze Snoring Relief 10 Nasal Strips Large. Always read the label and any leaflet supplied. If symptoms persist, speak to your pharmacist or doctor.",No regulation
simple,5410076230181,Head & Shoulders Shampoo Apple Fresh 250ml,0,0,0,3.49,taxable,,Hair Care,Head & Shoulders Shampoo Apple Fresh 250ml. A hair care product. Supplied as 250ml.,No regulation
simple,4062300368965,Hipp Kids Bubble Bath 300ml,0,0,0,3.49,taxable,,Beauty,Hipp Kids Bubble Bath 300ml. A health and beauty product. Supplied as 300ml.,No regulation
simple,50158089,Dettol Antiseptic Disinfectant Liquid 500ml,0,0,0,3.49,taxable,,First Aid,"Dettol Antiseptic Disinfectant Liquid 500ml. Always read the label and any leaflet supplied. If symptoms persist, speak to your pharmacist or doctor. Supplied as 500ml.",No regulation
simple,5029354012588,AloeDent Charcoal Fluoride Free Toothpaste 100ml,0,0,0,3.49,taxable,,Oral Care,AloeDent Charcoal Fluoride Free Toothpaste 100ml. An oral care product. Supplied as 100ml.,No regulation
simple,8720181474682,TRESemmé Lamellar Shine Shampoo 300ml,0,0,0,3.49,taxable,,Hair Care,TRESemmé Lamellar Shine Shampoo 300ml. A hair care product. Supplied as 300ml.,No regulation
simple,5025135112812,Malibu Dry Oil Spray SPF4 200ml,0,0,0,3.49,taxable,,Skincare,Malibu Dry Oil Spray SPF4 200ml. A skincare product. Supplied as 200ml.,No regulation
simple,8901030005091,Pears Body Wash Original 250ml,0,0,0,3.49,taxable,,Beauty,Pears Body Wash Original 250ml. A health and beauty product. Supplied as 250ml.,No regulation
simple,4001638523103,Weleda Nappy Change Cream 30ml,0,0,0,3.49,taxable,,Baby & Child,Weleda Nappy Change Cream 30ml. A baby and child product. Supplied as 30ml.,No regulation
simple,3574660398410,Clean & Clear Quick Advantage Daily Wash 150ml,0,0,0,3.49,taxable,,Beauty,Clean & Clear Quick Advantage Daily Wash 150ml. A health and beauty product. Supplied as 150ml.,No regulation
simple,8006540801611,Pantene Active Pro-V Volume & Body Shampoo 400ml,0,0,0,3.49,taxable,,Hair Care,Pantene Active Pro-V Volume & Body Shampoo 400ml. A hair care product. Supplied as 400ml.,No regulation
simple,5022545142316,Disney Frozen Nail Polish Set with Stickers,0,0,0,3.49,taxable,,Beauty,Disney Frozen Nail Polish Set with Stickers. A health and beauty product.,No regulation
simple,5028816000194,Bee Health Propolis Winter Mix 100ml,0,0,0,3.49,taxable,,General Health,Bee Health Propolis Winter Mix 100ml. A health and wellbeing product. Supplied as 100ml.,No regulation
simple,3574661649726,Calgel Teething Gel 10g,0,0,0,3.49,taxable,,Baby & Child,"Calgel Teething Gel 10g. Prescription-only medicine, supplied after an online consultation with our pharmacist. Always read the label and any leaflet supplied. If symptoms persist, speak to your pharmacist or doctor. Supplied as 10g.",P
simple,5060176670815,Dr. Organic Vitamin E Soap Bar,0,0,0,3.49,taxable,,Vitamins,Dr. Organic Vitamin E Soap Bar. A vitamins and supplements product.,No regulation
simple,0700596000599,Spry Dental Floss with Xylitol 40m,0,0,0,3.49,taxable,,Oral Care,Spry Dental Floss with Xylitol 40m. An oral care product.,No regulation
simple,0708002401695,Faith In Nature Grapefruit & Orange Hand Wash 400ml,0,0,0,3.49,taxable,,Beauty,Faith In Nature Grapefruit & Orange Hand Wash 400ml. A health and beauty product. Supplied as 400ml.,No regulation
simple,5010415330987,Tommee Tippee Essentials Brush & Comb Set,0,0,0,3.49,taxable,,General Health,Tommee Tippee Essentials Brush & Comb Set. A health and wellbeing product.,No regulation
simple,5010249904651,FSC L-Lysine 500mg 30 Tablets,0,0,0,3.49,taxable,,Vitamins,FSC L-Lysine 500mg 30 Tablets. A vitamins and supplements product. Supplied as 30 Tablets.,No regulation
simple,5038581129778,Yankee Candle Wax Melt Bauble Blossoms 3x22g,0,0,0,3.49,taxable,,Beauty,Yankee Candle Wax Melt Bauble Blossoms 3x22g. A health and beauty product. Supplied as 3x22g.,No regulation
simple,5055586605298,Eight Triple Eight Kukui Shampoo 1000ml,0,0,0,3.49,taxable,,Hair Care,Eight Triple Eight Kukui Shampoo 1000ml. A hair care product. Supplied as 1000ml.,No regulation
simple,8006540988268,Pantene Classic Clean Shampoo 500ml,0,0,0,3.49,taxable,,Hair Care,Pantene Classic Clean Shampoo 500ml. A hair care product. Supplied as 500ml.,No regulation
simple,8901463115510,Macleods Sildenafil 50mg 4 Tablets,0,0,0,3.49,taxable,zero-rate,Sexual Wellness,"Macleods Sildenafil 50mg 4 Tablets. Prescription-only medicine, supplied after an online consultation with our pharmacist. Always read the label and any leaflet supplied. If symptoms persist, speak to your pharmacist or doctor. Supplied as 4 Tablets.",P
simple,5011451103856,Simple Soothing Facial Toner 200ml,0,0,0,3.49,taxable,,Skincare,Simple Soothing Facial Toner 200ml. A skincare product. Supplied as 200ml.,No regulation
simple,8710908565250,Dove Soap Pink 4x90g Bar,0,0,0,3.49,taxable,,Beauty,Dove Soap Pink 4x90g Bar. A health and beauty product. Supplied as 4x90g.,No regulation
simple,7613037780871,SMA Gold Prem 2 Post Discharge Formula 200ml,0,0,0,3.49,taxable,zero-rate,Baby & Child,SMA Gold Prem 2 Post Discharge Formula 200ml. A baby and child product. Supplied as 200ml.,No regulation
simple,8001841536934,Tampax Pearl Compak Super Plus Applicator Tampons 16 Pack,0,0,0,3.49,taxable,zero-rate,Women's Health,Tampax Pearl Compak Super Plus Applicator Tampons 16 Pack. A women's health product. Supplied as 16 Pack.,No regulation
simple,5010415331281,Tommee Tippee Essentials Baby Nail Clippers,0,0,0,3.49,taxable,,Baby & Child,Tommee Tippee Essentials Baby Nail Clippers. A baby and child product.,No regulation
simple,0017854112506,Baylis & Harding Goodness Men's Shower Gel Amber & Tonka Bean 500ml,0,0,0,3.49,taxable,,Beauty,Baylis & Harding Goodness Men's Shower Gel Amber & Tonka Bean 500ml. A health and beauty product. Supplied as 500ml.,No regulation
simple,5060228455537,Peppa Pig Tap Fountain & Toothbrush,0,0,0,3.49,taxable,,Oral Care,Peppa Pig Tap Fountain & Toothbrush. An oral care product.,No regulation
simple,5000476010645,Johnson's Veterinary Dog Toothbrush,0,0,0,3.49,taxable,,Pet Care,Johnson's Veterinary Dog Toothbrush. A pet care product.,No regulation
simple,8718951239739,Sanex Dermo Kids Body & Hair Bodywash 750ml,0,0,0,3.49,taxable,,Hair Care,Sanex Dermo Kids Body & Hair Bodywash 750ml. A hair care product. Supplied as 750ml.,No regulation
simple,8711600453975,Dove Body Love Intense Care Body Lotion 400ml,0,0,0,3.49,taxable,,Skincare,Dove Body Love Intense Care Body Lotion 400ml. A skincare product. Supplied as 400ml.,No regulation
simple,3600541028920,Garnier Simply Essentials for Sensitive Skin 25 Wipes,0,0,0,3.49,taxable,,Skincare,Garnier Simply Essentials for Sensitive Skin 25 Wipes. A skincare product. Supplied as 25 Wipes.,No regulation
simple,5012617010605,Accord Vitamin B Compound Strong 28 Tablets,0,0,0,3.49,taxable,,Vitamins,Accord Vitamin B Compound Strong 28 Tablets. A vitamins and supplements product. Supplied as 28 Tablets.,GSL
simple,8711600357785,Lynx Africa 200ml,0,0,0,3.49,taxable,,Beauty,Lynx Africa 200ml. A health and beauty product. Supplied as 200ml.,No regulation
simple,5025135111549,Malibu Sun Lotion SPF12 200ml,0,0,0,3.49,taxable,,Skincare,Malibu Sun Lotion SPF12 200ml. A skincare product. Supplied as 200ml.,No regulation
simple,5000476190200,Johnson's Veterinary Cod Liver Oil 40 Capsules,0,0,0,3.49,taxable,,Vitamins,Johnson's Veterinary Cod Liver Oil 40 Capsules. A vitamins and supplements product. Supplied as 40 Capsules.,No regulation
simple,0708002400797,Faith In Nature Tea Tree Hand Wash 400ml,0,0,0,3.49,taxable,,Beauty,Faith In Nature Tea Tree Hand Wash 400ml. A health and beauty product. Supplied as 400ml.,No regulation
simple,5012254068144,TRESemmé Freeze Hold Hair Spray 250ml,0,0,0,3.49,taxable,,Hair Care,TRESemmé Freeze Hold Hair Spray 250ml. A hair care product. Supplied as 250ml.,No regulation
simple,5012368090024,Natural World Argan Oil Of Morocco Shampoo 500ml,0,0,0,3.49,taxable,,Hair Care,Natural World Argan Oil Of Morocco Shampoo 500ml. A hair care product. Supplied as 500ml.,No regulation
simple,5027097901176,Imodium Original 2mg 6 Capsules,0,0,0,3.49,taxable,,Digestive,"Imodium Original 2mg 6 Capsules. Always read the label and any leaflet supplied. If symptoms persist, speak to your pharmacist or doctor. Supplied as 6 Capsules.",GSL
simple,5025135115202,Malibu Dry Oil Spray SPF6 200ml,0,0,0,3.49,taxable,,Skincare,Malibu Dry Oil Spray SPF6 200ml. A skincare product. Supplied as 200ml.,No regulation
simple,8720181323942,Dove Floral Anti-perspirant 200ml,0,0,0,3.49,taxable,,Beauty,Dove Floral Anti-perspirant 200ml. A health and beauty product. Supplied as 200ml.,No regulation
simple,5025135117947,Malibu Bronzing Oil SPF6 200ml,0,0,0,3.49,taxable,,Skincare,Malibu Bronzing Oil SPF6 200ml. A skincare product. Supplied as 200ml.,No regulation
simple,5010249152526,FSC Gotu Kola 500mg 30 Capsules,0,0,0,3.49,taxable,,Vitamins,FSC Gotu Kola 500mg 30 Capsules. A vitamins and supplements product. Supplied as 30 Capsules.,No regulation
simple,0017854097476,Baylis & Harding Gin & Tonic Hand Wash 500ml,0,0,0,3.49,taxable,,Beauty,Baylis & Harding Gin & Tonic Hand Wash 500ml. A health and beauty product. Supplied as 500ml.,No regulation
simple,8720181450938,Lynx Jungle Fresh Shower Gel 700ml,0,0,0,3.49,taxable,,Beauty,Lynx Jungle Fresh Shower Gel 700ml. A health and beauty product. Supplied as 700ml.,No regulation
simple,60018793,Elastoplast Elastic Fabric Roll Plaster 2.5cm x 3m,0,0,0,3.49,taxable,,First Aid,"Elastoplast Elastic Fabric Roll Plaster 2.5cm x 3m. Always read the label and any leaflet supplied. If symptoms persist, speak to your pharmacist or doctor.",No regulation
simple,0010181044397,Palmer's Intensive Hand Cream 60g,0,0,0,3.49,taxable,,Skincare,Palmer's Intensive Hand Cream 60g. A skincare product. Supplied as 60g.,No regulation
simple,5011309897319,Acriflex Cream 30g,0,0,0,3.49,taxable,,Skincare,Acriflex Cream 30g. A skincare product. Supplied as 30g.,GSL
simple,5011417577349,Senokot Max Strength 10 Tablets,0,0,0,3.49,taxable,,Vitamins,Senokot Max Strength 10 Tablets. A vitamins and supplements product. Supplied as 10 Tablets.,GSL
simple,0017854120815,Baylis & Harding The EDIT Vanilla Seduction Hand Wash 400ml,0,0,0,3.49,taxable,,Beauty,Baylis & Harding The EDIT Vanilla Seduction Hand Wash 400ml. A health and beauty product. Supplied as 400ml.,No regulation
simple,0010181040399,Palmer's Cocoa Butter Formula Bottom Butter 125g,0,0,0,3.49,taxable,,Beauty,Palmer's Cocoa Butter Formula Bottom Butter 125g. A health and beauty product. Supplied as 125g.,No regulation
simple,5011309672619,Savlon Antiseptic Cream 60g,0,0,0,3.49,taxable,,First Aid,"Savlon Antiseptic Cream 60g. Always read the label and any leaflet supplied. If symptoms persist, speak to your pharmacist or doctor. Supplied as 60g.",GSL
simple,5060332533206,Lindens Health + Nutrition Green Coffee 1000mg 60 Capsules,0,0,0,3.49,taxable,,Vitamins,Lindens Health + Nutrition Green Coffee 1000mg 60 Capsules. A vitamins and supplements product. Supplied as 60 Capsules.,No regulation
simple,5410076390830,Aussie Miracle Moist Shampoo for Dry Hair 300ml,0,0,0,3.49,taxable,,Hair Care,Aussie Miracle Moist Shampoo for Dry Hair 300ml. A hair care product. Supplied as 300ml.,No regulation
simple,5056682200639,Ennogen Healthcare Fifty:50 Liquid Paraffin Ointment 250g,0,0,0,3.49,taxable,,Skincare,Ennogen Healthcare Fifty:50 Liquid Paraffin Ointment 250g. A skincare product. Supplied as 250g.,No regulation
simple,5025135111273,Malibu Lotion SPF6 200ml,0,0,0,3.49,taxable,,Skincare,Malibu Lotion SPF6 200ml. A skincare product. Supplied as 200ml.,No regulation
simple,5000101508608,Carex Antibacterial Hand Sanitiser Aloe Vera Gel 300ml,0,0,0,3.49,taxable,,Skincare,Carex Antibacterial Hand Sanitiser Aloe Vera Gel 300ml. A skincare product. Supplied as 300ml.,No regulation
simple,5000158065703,Lemsip Max Cold & Flu Blackcurrant Sachets 5 Pack,0,0,0,3.49,taxable,,Cold & Flu,"Lemsip Max Cold & Flu Blackcurrant Sachets 5 Pack. Always read the label and any leaflet supplied. If symptoms persist, speak to your pharmacist or doctor. Supplied as 5 Pack.",GSL
simple,8001841407593,Olay Cleanse Micellar Water 237ml,0,0,0,3.49,taxable,,Skincare,Olay Cleanse Micellar Water 237ml. A skincare product. Supplied as 237ml.,No regulation
simple,0017854112520,"Baylis & Harding Goodness Patchouli, Cedar & Cypress Shower Gel 500ml",0,0,0,3.49,taxable,,Beauty,"Baylis & Harding Goodness Patchouli, Cedar & Cypress Shower Gel 500ml. A health and beauty product. Supplied as 500ml.",No regulation
simple,5000158063969,Lemsip Cold & Flu Blackcurrant Sachets 10 Sachets,0,0,0,3.49,taxable,,Cold & Flu,"Lemsip Cold & Flu Blackcurrant Sachets 10 Sachets. Always read the label and any leaflet supplied. If symptoms persist, speak to your pharmacist or doctor. Supplied as 10 Sachets.",GSL
simple,5000476010362,Johnson's Veterinary Diamond Eyes for Dogs & Cats 125ml,0,0,0,3.49,taxable,,Pet Care,Johnson's Veterinary Diamond Eyes for Dogs & Cats 125ml. A pet care product. Supplied as 125ml.,No regulation
simple,8717163762233,Dove Calming Caring Bath Moisturising Cream 450ml,0,0,0,3.49,taxable,,Skincare,Dove Calming Caring Bath Moisturising Cream 450ml. A skincare product. Supplied as 450ml.,No regulation
simple,5060519148254,Pukka Radiance Tea 20 Sachets,0,0,0,3.49,taxable,zero-rate,Vitamins,Pukka Radiance Tea 20 Sachets. A vitamins and supplements product. Supplied as 20 Sachets.,No regulation
simple,0667803002442,Toni & Guy Wave Memorising Balm 100ml,0,0,0,3.49,taxable,,Hair Care,Toni & Guy Wave Memorising Balm 100ml. A hair care product. Supplied as 100ml.,No regulation
simple,5060133375173,Vizulize Cooling & Soothing Eye Drops 10ml,0,0,0,3.49,taxable,,Eye Care,"Vizulize Cooling & Soothing Eye Drops 10ml. Always read the label and any leaflet supplied. If symptoms persist, speak to your pharmacist or doctor. Supplied as 10ml.",No regulation
simple,0017854101067,Baylis & Harding The Fuzzy Duck Pink Gin Fizz Hand Wash 500ml,0,0,0,3.49,taxable,,Beauty,Baylis & Harding The Fuzzy Duck Pink Gin Fizz Hand Wash 500ml. A health and beauty product. Supplied as 500ml.,No regulation
simple,5027599000155,Lotil Original Cream 50ml,0,0,0,3.49,taxable,,Skincare,Lotil Original Cream 50ml. A skincare product. Supplied as 50ml.,No regulation
simple,5060258140311,MyriBase Gel 100g,0,0,0,3.49,taxable,,Skincare,MyriBase Gel 100g. A skincare product. Supplied as 100g.,No regulation
simple,5014398003616,Sudocrem Care & Protect 30g,0,0,0,3.45,taxable,,Baby & Child,Sudocrem Care & Protect 30g. A baby and child product. Supplied as 30g.,No regulation
simple,5021265246120,Vitabiotics Ultra Calcium & Vitamin D 30 Tablets,0,0,0,3.45,taxable,,Vitamins,Vitabiotics Ultra Calcium & Vitamin D 30 Tablets. A vitamins and supplements product. Supplied as 30 Tablets.,No regulation
simple,8809242195206,Leaders Daily Wonders Too Much Fun in The Sun? Soothing & Calming Mask 25ml,0,0,0,3.39,taxable,,Skincare,Leaders Daily Wonders Too Much Fun in The Sun? Soothing & Calming Mask 25ml. A skincare product. Supplied as 25ml.,No regulation
simple,5011309060010,Care+ Glycerin Suppositories 4g Adults 12 Pack,0,0,0,3.39,taxable,,General Health,Care+ Glycerin Suppositories 4g Adults 12 Pack. A health and wellbeing product. Supplied as 12 Pack.,GSL
simple,5060119660477,Evolve Eye Drops 10ml,0,0,0,3.39,taxable,,Eye Care,"Evolve Eye Drops 10ml. Always read the label and any leaflet supplied. If symptoms persist, speak to your pharmacist or doctor. Supplied as 10ml.",No regulation
simple,5060519148131,Pukka Breathe in 20 Tea Bags,0,0,0,3.39,taxable,zero-rate,Vitamins,Pukka Breathe in 20 Tea Bags. A vitamins and supplements product.,No regulation
simple,3574661445311,Listerine Go 8 Tablets,0,0,0,3.39,taxable,,Oral Care,Listerine Go 8 Tablets. An oral care product. Supplied as 8 Tablets.,No regulation
simple,8001841536903,Tampax Compak Pearl Super 16 Pack,0,0,0,3.39,taxable,zero-rate,Women's Health,Tampax Compak Pearl Super 16 Pack. A women's health product. Supplied as 16 Pack.,No regulation
simple,8716900576638,Nutricia Fortisip 2kcal Energy Drink Forest Fruit 200ml,0,0,0,3.39,taxable,zero-rate,General Health,Nutricia Fortisip 2kcal Energy Drink Forest Fruit 200ml. A health and wellbeing product. Supplied as 200ml.,No regulation
simple,5010058057067,Ultra Plus Bandages 10cmx8.7m,0,0,0,3.39,taxable,,First Aid,"Ultra Plus Bandages 10cmx8.7m. Always read the label and any leaflet supplied. If symptoms persist, speak to your pharmacist or doctor.",No regulation
simple,8718951198715,Colgate Plax Spearmint Mouthwash 500ml,0,0,0,3.39,taxable,,Oral Care,Colgate Plax Spearmint Mouthwash 500ml. An oral care product. Supplied as 500ml.,No regulation
simple,8809083996567,Sioris Make It Bright Sheet Mask,0,0,0,3.39,taxable,,Skincare,Sioris Make It Bright Sheet Mask. A skincare product.,No regulation
simple,4013162019946,Fenjal Body Wash 200ml,0,0,0,3.39,taxable,,Beauty,Fenjal Body Wash 200ml. A health and beauty product. Supplied as 200ml.,No regulation
simple,0309975122299,Mitchum Men 48HR Sport Roll-On Deodorant 100ml,0,0,0,3.39,taxable,,Beauty,Mitchum Men 48HR Sport Roll-On Deodorant 100ml. A health and beauty product. Supplied as 100ml.,No regulation
simple,0074312002632,Nature's Bounty Prenatal Complex with Folic Acid 30 Caplets,0,0,0,3.39,taxable,,Women's Health,Nature's Bounty Prenatal Complex with Folic Acid 30 Caplets. A women's health product.,No regulation
simple,4006424022365,Stute Diabetic Strawberry Jam 430g,0,0,0,3.39,taxable,zero-rate,Testing & Monitoring,"Stute Diabetic Strawberry Jam 430g. Always read the label and any leaflet supplied. If symptoms persist, speak to your pharmacist or doctor. Supplied as 430g.",No regulation
simple,5025135118838,Malibu Dry Oil Spray SPF50 100ml,0,0,0,3.39,taxable,,Skincare,Malibu Dry Oil Spray SPF50 100ml. A skincare product. Supplied as 100ml.,No regulation
simple,5021769902072,Technic Tropic Treats Toiletry Set,0,0,0,3.39,taxable,,Skincare,Technic Tropic Treats Toiletry Set. A skincare product.,No regulation
simple,5025135111655,Malibu Dry Oil Spray SPF 8 200ml,0,0,0,3.39,taxable,,Skincare,Malibu Dry Oil Spray SPF 8 200ml. A skincare product. Supplied as 200ml.,No regulation
simple,8718951095182,Colgate Max White Mint Whitening Toothpaste Pump 100ml,0,0,0,3.39,taxable,,Oral Care,Colgate Max White Mint Whitening Toothpaste Pump 100ml. An oral care product. Supplied as 100ml.,No regulation
simple,5010934004420,Seabond Denture Adhesive Cream Sensitive 40g,0,0,0,3.39,taxable,,Oral Care,Seabond Denture Adhesive Cream Sensitive 40g. An oral care product. Supplied as 40g.,No regulation
simple,5012583205654,Schwarzkopf Live Ultra Brights 110 Sunburst Collection,0,0,0,3.39,taxable,,Hair Care,Schwarzkopf Live Ultra Brights 110 Sunburst Collection. A hair care product.,No regulation
simple,7322541079899,Tena Lady Ultra Mini Plus 24 Pack,0,0,0,3.39,taxable,zero-rate,Continence,Tena Lady Ultra Mini Plus 24 Pack. A continence care product. Supplied as 24 Pack.,No regulation
simple,8712561480369,Vaseline Advanced Repair Body Lotion 400ml,0,0,0,3.39,taxable,,Skincare,Vaseline Advanced Repair Body Lotion 400ml. A skincare product. Supplied as 400ml.,No regulation
simple,5060176676770,Dr. Organic Coconut Oil Lip Balm SPF15,0,0,0,3.39,taxable,,Skincare,Dr. Organic Coconut Oil Lip Balm SPF15. A skincare product.,No regulation
simple,3600541436367,Garnier Ambre Solaire Dry Protect Sun Spray SPF10 200ml,0,0,0,3.39,taxable,,Skincare,Garnier Ambre Solaire Dry Protect Sun Spray SPF10 200ml. A skincare product. Supplied as 200ml.,No regulation
simple,0086449259933,Crystal Deodorant Spray 100ml,0,0,0,3.39,taxable,,Beauty,Crystal Deodorant Spray 100ml. A health and beauty product. Supplied as 100ml.,No regulation
simple,5000158100541,Strepsils Original 16 Lozenges,0,0,0,3.39,taxable,,Cold & Flu,"Strepsils Original 16 Lozenges. Always read the label and any leaflet supplied. If symptoms persist, speak to your pharmacist or doctor. Supplied as 16 Lozenges.",GSL
simple,3600541118065,L'Oréal Elvive Triple Resist Fragile Hair Conditioner 400ml,0,0,0,3.39,taxable,,Hair Care,L'Oréal Elvive Triple Resist Fragile Hair Conditioner 400ml. A hair care product. Supplied as 400ml.,No regulation
simple,3600520433127,L'Oréal Elvive Smooth-Intense Anti-Frizz Conditioner 400ml,0,0,0,3.39,taxable,,Hair Care,L'Oréal Elvive Smooth-Intense Anti-Frizz Conditioner 400ml. A hair care product. Supplied as 400ml.,No regulation
simple,5391531560541,Spotlight Oral Care Bamboo Toothbrush Yellow,0,0,0,3.39,taxable,,Oral Care,Spotlight Oral Care Bamboo Toothbrush Yellow. An oral care product.,No regulation
simple,5000167094190,E45 Nappy Cream 125g,0,0,0,3.39,taxable,,Baby & Child,E45 Nappy Cream 125g. A baby and child product. Supplied as 125g.,No regulation
simple,5029354013813,Optima Activated Charcoal Purifying Conditioner 265ml,0,0,0,3.39,taxable,,Hair Care,Optima Activated Charcoal Purifying Conditioner 265ml. A hair care product. Supplied as 265ml.,No regulation
simple,5025135113390,Malibu SPF50 100ml,0,0,0,3.39,taxable,,Skincare,Malibu SPF50 100ml. A skincare product. Supplied as 100ml.,No regulation
simple,5029354013752,Optima Charcoal Face Mask 125ml,0,0,0,3.39,taxable,,Skincare,Optima Charcoal Face Mask 125ml. A skincare product. Supplied as 125ml.,No regulation
simple,3600522917212,L'Oréal Elvive Full Restore 5 Damage Rescue Cream 100ml,0,0,0,3.39,taxable,,Hair Care,L'Oréal Elvive Full Restore 5 Damage Rescue Cream 100ml. A hair care product. Supplied as 100ml.,No regulation
simple,5060176674905,Dr. Organic Moroccan Argan Oil Lipbalm 5.7ml,0,0,0,3.39,taxable,,Skincare,Dr. Organic Moroccan Argan Oil Lipbalm 5.7ml. A skincare product. Supplied as 5.7ml.,No regulation
simple,5029354013714,Optima Activated Charcoal Face Wash 200ml,0,0,0,3.39,taxable,,Skincare,Optima Activated Charcoal Face Wash 200ml. A skincare product. Supplied as 200ml.,No regulation
simple,4005808891047,Nivea Facial Cleansing Wipes for Dry Skin 40 Wipes,0,0,0,3.39,taxable,,Skincare,Nivea Facial Cleansing Wipes for Dry Skin 40 Wipes. A skincare product. Supplied as 40 Wipes.,No regulation
simple,5060176670303,Dr. Organic Aloe Vera Lipbalm 5.7ml,0,0,0,3.39,taxable,,Skincare,Dr. Organic Aloe Vera Lipbalm 5.7ml. A skincare product. Supplied as 5.7ml.,No regulation
simple,4005800279751,Elastoplast Fabric Cut To Size 1m x 6cm,0,0,0,3.39,taxable,,First Aid,"Elastoplast Fabric Cut To Size 1m x 6cm. Always read the label and any leaflet supplied. If symptoms persist, speak to your pharmacist or doctor.",No regulation
simple,5029354004934,AloeDent Fresh Breath Therapy Spray 30ml,0,0,0,3.39,taxable,,Beauty,AloeDent Fresh Breath Therapy Spray 30ml. A health and beauty product. Supplied as 30ml.,No regulation
simple,9327693003844,Sukin Face Scrub 50ml,0,0,0,3.39,taxable,,Skincare,Sukin Face Scrub 50ml. A skincare product. Supplied as 50ml.,No regulation
simple,5038581110004,Yankee Candle Home Mango Lemonade 104g,0,0,0,3.39,taxable,,Beauty,Yankee Candle Home Mango Lemonade 104g. A health and beauty product. Supplied as 104g.,No regulation
simple,8006540988381,Pantene Conditioner Smooth & Sleek 275ml,0,0,0,3.39,taxable,,Hair Care,Pantene Conditioner Smooth & Sleek 275ml. A hair care product. Supplied as 275ml.,No regulation
simple,5060176670273,Dr. Organic Manuka Honey Lip Balm 5.7ml,0,0,0,3.39,taxable,,Skincare,Dr. Organic Manuka Honey Lip Balm 5.7ml. A skincare product. Supplied as 5.7ml.,No regulation
simple,5060464500022,Flamingo Ibuprofen 200mg 48 Tablets,0,0,0,3.39,taxable,,Pain Relief,"Flamingo Ibuprofen 200mg 48 Tablets. Prescription-only medicine, supplied after an online consultation with our pharmacist. Always read the label and any leaflet supplied. If symptoms persist, speak to your pharmacist or doctor. Supplied as 48 Tablets.",P
simple,5060193640808,Bloom & Blossom The BFG Hair & Body Wash 200ml,0,0,0,3.39,taxable,,Hair Care,Bloom & Blossom The BFG Hair & Body Wash 200ml. A hair care product. Supplied as 200ml.,No regulation
simple,5033847002369,Bisodol Indigestion Relief 60 Tablets,0,0,0,3.39,taxable,,Digestive,"Bisodol Indigestion Relief 60 Tablets. Always read the label and any leaflet supplied. If symptoms persist, speak to your pharmacist or doctor. Supplied as 60 Tablets.",No regulation
simple,5023652150911,Nature's Aid Folic Acid - 400ug 90 Tablets,0,0,0,3.39,taxable,,Women's Health,Nature's Aid Folic Acid - 400ug 90 Tablets. A women's health product. Supplied as 90 Tablets.,No regulation
simple,5014697010773,Witch Biodegradable Cleansing & Toning Wipes,0,0,0,3.39,taxable,,Skincare,Witch Biodegradable Cleansing & Toning Wipes. A skincare product.,No regulation
simple,5010441010754,Numark Simple Linctus 200ml,0,0,0,3.39,taxable,,General Health,Numark Simple Linctus 200ml. A health and wellbeing product. Supplied as 200ml.,No regulation
simple,5060899541959,Clinell Biodegradable Surface Wipes 60 Wipes,0,0,0,3.39,taxable,,Beauty,Clinell Biodegradable Surface Wipes 60 Wipes. A health and beauty product. Supplied as 60 Wipes.,No regulation
simple,5025135111327,Malibu Lotion SPF15 200ml,0,0,0,3.39,taxable,,Skincare,Malibu Lotion SPF15 200ml. A skincare product. Supplied as 200ml.,No regulation
simple,5025135118814,Malibu Miracle Tan Before & After Moisturising Sun Lotion 150ml,0,0,0,3.39,taxable,,Skincare,Malibu Miracle Tan Before & After Moisturising Sun Lotion 150ml. A skincare product. Supplied as 150ml.,No regulation
simple,4005800241161,Elastoplast Paw Patrol Plasters 20 Pack,0,0,0,3.39,taxable,,First Aid,"Elastoplast Paw Patrol Plasters 20 Pack. Always read the label and any leaflet supplied. If symptoms persist, speak to your pharmacist or doctor. Supplied as 20 Pack.",No regulation
simple,0054402730010,Australian Gold Sunscreen Lip Balm SPF30 4.2g,0,0,0,3.39,taxable,,Skincare,Australian Gold Sunscreen Lip Balm SPF30 4.2g. A skincare product. Supplied as 4.2g.,No regulation
simple,5060176670334,Dr. Organic Vitamin E Lip Balm 5.7ml,0,0,0,3.39,taxable,,Skincare,Dr. Organic Vitamin E Lip Balm 5.7ml. A skincare product. Supplied as 5.7ml.,No regulation
simple,0010181025112,Palmer's Olive Oil Co Wash Cleansing Conditioner 473ml,0,0,0,3.39,taxable,,Hair Care,Palmer's Olive Oil Co Wash Cleansing Conditioner 473ml. A hair care product. Supplied as 473ml.,No regulation
simple,5029354013790,Optima Activated Charcoal Shampoo 265ml,0,0,0,3.39,taxable,,Hair Care,Optima Activated Charcoal Shampoo 265ml. A hair care product. Supplied as 265ml.,No regulation
simple,5029354001162,AloeDent Lip Balm 4g,0,0,0,3.39,taxable,,Skincare,AloeDent Lip Balm 4g. A skincare product. Supplied as 4g.,No regulation
simple,8720181295584,Dove Men+Care Classic Antiperspirant 200ml,0,0,0,3.39,taxable,,Beauty,Dove Men+Care Classic Antiperspirant 200ml. A health and beauty product. Supplied as 200ml.,No regulation
simple,5059001002624,Air Wick Scented Candle Pomegranate & Bergamot 220g,0,0,0,3.39,taxable,,Beauty,Air Wick Scented Candle Pomegranate & Bergamot 220g. A health and beauty product. Supplied as 220g.,No regulation
simple,5000444016372,Cyclax Sun Protection Lotion SPF10 250ml,0,0,0,3.39,taxable,,Skincare,Cyclax Sun Protection Lotion SPF10 250ml. A skincare product. Supplied as 250ml.,No regulation
simple,5000444016341,Cyclax Sun Protection Lotion SPF5 250ml,0,0,0,3.39,taxable,,Skincare,Cyclax Sun Protection Lotion SPF5 250ml. A skincare product. Supplied as 250ml.,No regulation
simple,4056800745951,Wella Shockwaves Ultra Strong Power Hold Gel 200ml,0,0,0,3.39,taxable,,Hair Care,Wella Shockwaves Ultra Strong Power Hold Gel 200ml. A hair care product. Supplied as 200ml.,No regulation
simple,8720182262806,Dove Purely Pampering Shea Butter Beauty Soap Bar 90g 4 Pack,0,0,0,3.39,taxable,,Beauty,Dove Purely Pampering Shea Butter Beauty Soap Bar 90g 4 Pack. A health and beauty product. Supplied as 4 Pack.,No regulation
simple,5000158100510,Strepsils Honey & Lemon 16 Lozenges,0,0,0,3.39,taxable,,Cold & Flu,"Strepsils Honey & Lemon 16 Lozenges. Always read the label and any leaflet supplied. If symptoms persist, speak to your pharmacist or doctor. Supplied as 16 Lozenges.",GSL
simple,4005800230721,Elastoplast Finger Strips 16 Pack,0,0,0,3.39,taxable,,First Aid,"Elastoplast Finger Strips 16 Pack. Always read the label and any leaflet supplied. If symptoms persist, speak to your pharmacist or doctor. Supplied as 16 Pack.",No regulation
simple,5011784004325,Snufflebabe Vapour Rub,0,0,0,3.39,taxable,,General Health,Snufflebabe Vapour Rub. A health and wellbeing product.,GSL
simple,5010441044452,Numark Contact Lens Solution 360ml,0,0,0,3.39,taxable,,Eye Care,"Numark Contact Lens Solution 360ml. Always read the label and any leaflet supplied. If symptoms persist, speak to your pharmacist or doctor. Supplied as 360ml.",No regulation
simple,5029354013738,Optima Activated Charcoal Face Scrub 125ml,0,0,0,3.39,taxable,,Skincare,Optima Activated Charcoal Face Scrub 125ml. A skincare product. Supplied as 125ml.,No regulation
simple,5060209732404,Epimax Excetra Cream 100g,0,0,0,3.39,taxable,,Skincare,Epimax Excetra Cream 100g. A skincare product. Supplied as 100g.,No regulation
simple,5060427350169,St. Moriz Professional Self Tanning Lotion Medium 250ml,0,0,0,3.39,taxable,,Skincare,St. Moriz Professional Self Tanning Lotion Medium 250ml. A skincare product. Supplied as 250ml.,No regulation
simple,5704947005061,O'Keeffe's Lip Repair & Protect Lip Balm SPF15 4.2g,0,0,0,3.39,taxable,,Skincare,O'Keeffe's Lip Repair & Protect Lip Balm SPF15 4.2g. A skincare product. Supplied as 4.2g.,No regulation
simple,0010181132803,Palmer's Coconut Oil Body Lotion 40% Extra 350ml,0,0,0,3.39,taxable,,Skincare,Palmer's Coconut Oil Body Lotion 40% Extra 350ml. A skincare product. Supplied as 350ml.,No regulation
simple,0083078411213,Carmex Pot Blister Original 7.5g,0,0,0,3.39,taxable,,First Aid,"Carmex Pot Blister Original 7.5g. Always read the label and any leaflet supplied. If symptoms persist, speak to your pharmacist or doctor. Supplied as 7.5g.",No regulation
simple,5029354001254,AloeDent Aloe Vera Mouthwash Fluoride Free 250ml,0,0,0,3.39,taxable,,Oral Care,AloeDent Aloe Vera Mouthwash Fluoride Free 250ml. An oral care product. Supplied as 250ml.,No regulation
simple,4084500321595,Aussie Shower Gel Fresh Mate 400ml,0,0,0,3.39,taxable,,Beauty,Aussie Shower Gel Fresh Mate 400ml. A health and beauty product. Supplied as 400ml.,No regulation
simple,8710908089190,Dove Advanced Hair Series Mask Regenerate Nourishment 200ml,0,0,0,3.39,taxable,,Hair Care,Dove Advanced Hair Series Mask Regenerate Nourishment 200ml. A hair care product. Supplied as 200ml.,No regulation
simple,5060035247424,Waxsol Ear Drops 10ml,0,0,0,3.39,taxable,,Prescription Medicines,"Waxsol Ear Drops 10ml. Prescription-only medicine, supplied after an online consultation with our pharmacist. Always read the label and any leaflet supplied. If symptoms persist, speak to your pharmacist or doctor. Supplied as 10ml.",P
simple,8712561482318,Vaseline Aloe Soothe Body Lotion 400ml,0,0,0,3.39,taxable,,Skincare,Vaseline Aloe Soothe Body Lotion 400ml. A skincare product. Supplied as 400ml.,No regulation
simple,8712561880176,Sure Invisible Pure 48 Hour Anti-Perspirant 150ml,0,0,0,3.32,taxable,,Beauty,Sure Invisible Pure 48 Hour Anti-Perspirant 150ml. A health and beauty product. Supplied as 150ml.,No regulation
simple,0017854120037,"Baylis & Harding Peony, Lychee & Vanilla Hand Wash 500ml",0,0,0,3.30,taxable,,Beauty,"Baylis & Harding Peony, Lychee & Vanilla Hand Wash 500ml. A health and beauty product. Supplied as 500ml.",No regulation
simple,7322541067728,Tena Discreet Extra Plus Pads 8 Pack,0,0,0,3.29,taxable,zero-rate,Continence,Tena Discreet Extra Plus Pads 8 Pack. A continence care product. Supplied as 8 Pack.,No regulation
simple,0736658590845,Wet Brush Plush Brush Narwhal Unicorn,0,0,0,3.29,taxable,,Skincare,Wet Brush Plush Brush Narwhal Unicorn. A skincare product.,No regulation
simple,8716900570094,Nutricia Fortisip 2kcal Energy Drink Strawberry 200ml,0,0,0,3.29,taxable,zero-rate,General Health,Nutricia Fortisip 2kcal Energy Drink Strawberry 200ml. A health and wellbeing product. Supplied as 200ml.,No regulation
simple,5060421930305,Aproderm Gel 100g,0,0,0,3.29,taxable,,Skincare,Aproderm Gel 100g. A skincare product. Supplied as 100g.,No regulation
simple,8710908657535,Baby Dove Sensitive Head to Toe Fragrance Free Wash 400ml,0,0,0,3.29,taxable,,Baby & Child,Baby Dove Sensitive Head to Toe Fragrance Free Wash 400ml. A baby and child product. Supplied as 400ml.,No regulation
simple,5055586607124,Eight Triple Eight Tea Tree Oil Conditioner 1000ml,0,0,0,3.29,taxable,,Hair Care,Eight Triple Eight Tea Tree Oil Conditioner 1000ml. A hair care product. Supplied as 1000ml.,No regulation
simple,3800219790047,Alteya Organic Lip Balm Lavender,0,0,0,3.29,taxable,,Skincare,Alteya Organic Lip Balm Lavender. A skincare product.,No regulation
simple,5060119660064,Lumecare Hypromellose Eye Drops 10ml,0,0,0,3.29,taxable,,Eye Care,"Lumecare Hypromellose Eye Drops 10ml. Always read the label and any leaflet supplied. If symptoms persist, speak to your pharmacist or doctor. Supplied as 10ml.",No regulation
simple,8809198843053,11 Village Factory Relax-Day Foot Mask 15g,0,0,0,3.29,taxable,,Skincare,11 Village Factory Relax-Day Foot Mask 15g. A skincare product. Supplied as 15g.,No regulation
simple,5038580018158,Yankee Candle Vanilla Lime Small Jar 104g,0,0,0,3.29,taxable,,Beauty,Yankee Candle Vanilla Lime Small Jar 104g. A health and beauty product. Supplied as 104g.,No regulation
simple,5011451106253,Simple Baby Moisturising Shampoo 300ml,0,0,0,3.29,taxable,,Baby & Child,Simple Baby Moisturising Shampoo 300ml. A baby and child product. Supplied as 300ml.,No regulation
simple,3616301265375,Max Factor Colour Elixir Soft Matte Lipstick 035 Faded Red,0,0,0,3.29,taxable,,Beauty,Max Factor Colour Elixir Soft Matte Lipstick 035 Faded Red. A health and beauty product.,No regulation
simple,5054805039609,Vosene Hydration Anti Dandruff Shampoo 500ml,0,0,0,3.29,taxable,,Hair Care,Vosene Hydration Anti Dandruff Shampoo 500ml. A hair care product. Supplied as 500ml.,No regulation
simple,5391531560589,Spotlight Oral Care Bamboo Toothbrush Blue,0,0,0,3.29,taxable,,Oral Care,Spotlight Oral Care Bamboo Toothbrush Blue. An oral care product.,No regulation
simple,8717163430026,Dove Caring Bath Fine Silk Shower Creme Gel 750ml,0,0,0,3.29,taxable,,Beauty,Dove Caring Bath Fine Silk Shower Creme Gel 750ml. A health and beauty product. Supplied as 750ml.,No regulation
simple,8720181347115,Dove Go Fresh Cucumber & Green Tea Antiperspirant Aerosol 150ml,0,0,0,3.29,taxable,,Beauty,Dove Go Fresh Cucumber & Green Tea Antiperspirant Aerosol 150ml. A health and beauty product. Supplied as 150ml.,No regulation
simple,5391531560565,Spotlight Oral Care Bamboo Toothbrush Purple,0,0,0,3.29,taxable,,Oral Care,Spotlight Oral Care Bamboo Toothbrush Purple. An oral care product.,No regulation
simple,5038580062069,Yankee Candle Mango Peach Salsa 104g,0,0,0,3.29,taxable,,Beauty,Yankee Candle Mango Peach Salsa 104g. A health and beauty product. Supplied as 104g.,No regulation
simple,5060209732541,Epimax Moisturising Cream 100g,0,0,0,3.29,taxable,,Skincare,Epimax Moisturising Cream 100g. A skincare product. Supplied as 100g.,No regulation
simple,5028763012240,Wisdom Active Whitening Charcoal Mouthwash 500ml,0,0,0,3.29,taxable,,Oral Care,Wisdom Active Whitening Charcoal Mouthwash 500ml. An oral care product. Supplied as 500ml.,No regulation
simple,8901030050114,Pears Hand Wash 250ml,0,0,0,3.29,taxable,,Beauty,Pears Hand Wash 250ml. A health and beauty product. Supplied as 250ml.,No regulation
simple,5012727913735,Acidex Advance Oral Suspension Aniseed 250ml,0,0,0,3.29,taxable,,Prescription Medicines,"Acidex Advance Oral Suspension Aniseed 250ml. Prescription-only medicine, supplied after an online consultation with our pharmacist. Always read the label and any leaflet supplied. If symptoms persist, speak to your pharmacist or doctor. Supplied as 250ml.",P
simple,5028763013704,Wisdom Night Time Protect Mouthwash 500ml,0,0,0,3.29,taxable,,Oral Care,Wisdom Night Time Protect Mouthwash 500ml. An oral care product. Supplied as 500ml.,No regulation
simple,8717163654057,Dove Silver Care Conditioner 200ml,0,0,0,3.29,taxable,,Hair Care,Dove Silver Care Conditioner 200ml. A hair care product. Supplied as 200ml.,No regulation
simple,5000309005688,Preparation H Ointment 25g,0,0,0,3.29,taxable,,Digestive,"Preparation H Ointment 25g. Always read the label and any leaflet supplied. If symptoms persist, speak to your pharmacist or doctor. Supplied as 25g.",GSL
simple,50632725,Care Clove Oil 10ml,0,0,0,3.29,taxable,,Skincare,Care Clove Oil 10ml. A skincare product. Supplied as 10ml.,No regulation
simple,8809480782404,Shangpree Aroma Blend Moisture Mask 30ml,0,0,0,3.29,taxable,,Skincare,Shangpree Aroma Blend Moisture Mask 30ml. A skincare product. Supplied as 30ml.,No regulation
simple,8006320018376,Bionsen Deodorant Aerosol 150ml,0,0,0,3.29,taxable,,Beauty,Bionsen Deodorant Aerosol 150ml. A health and beauty product. Supplied as 150ml.,No regulation
simple,5059001002631,Air Wick Scented Candle Peony & Anjou Pear 220g,0,0,0,3.29,taxable,,Beauty,Air Wick Scented Candle Peony & Anjou Pear 220g. A health and beauty product. Supplied as 220g.,No regulation
simple,5060144645135,Bulldog Sensitive Face Scrub 125ml,0,0,0,3.29,taxable,,Skincare,Bulldog Sensitive Face Scrub 125ml. A skincare product. Supplied as 125ml.,No regulation
simple,0703878000126,Purple Tree Pomegranate Miracle Balm 25ml,0,0,0,3.29,taxable,,Skincare,Purple Tree Pomegranate Miracle Balm 25ml. A skincare product. Supplied as 25ml.,No regulation
simple,5011408014341,L'Oréal Gentle Eye Makeup Remover 125ml,0,0,0,3.29,taxable,,Beauty,L'Oréal Gentle Eye Makeup Remover 125ml. A health and beauty product. Supplied as 125ml.,No regulation
simple,5060704340555,Acala Amber Glass Jar with Pipette 100ml,0,0,0,3.29,taxable,,General Health,Acala Amber Glass Jar with Pipette 100ml. A health and wellbeing product. Supplied as 100ml.,No regulation
simple,4008976682189,Complan Shake Banana Flavour 4 x 57g,0,0,0,3.29,taxable,zero-rate,Vitamins,Complan Shake Banana Flavour 4 x 57g. A vitamins and supplements product. Supplied as 4 x 57g.,No regulation
simple,5060084171251,Profoot All Day Comfort Insole 2 Pairs,0,0,0,3.29,taxable,,Supports & Braces,Profoot All Day Comfort Insole 2 Pairs. A support and mobility product.,No regulation
simple,5017007600886,Joy Rides Tablets 12 Pack,0,0,0,3.29,taxable,,Prescription Medicines,"Joy Rides Tablets 12 Pack. Prescription-only medicine, supplied after an online consultation with our pharmacist. Always read the label and any leaflet supplied. If symptoms persist, speak to your pharmacist or doctor. Supplied as 12 Pack.",P
simple,5023652426153,Nature's Aid 150ml Catarrh Relief Formula,0,0,0,3.29,taxable,,Cold & Flu,"Nature's Aid 150ml Catarrh Relief Formula. Always read the label and any leaflet supplied. If symptoms persist, speak to your pharmacist or doctor. Supplied as 150ml.",No regulation
simple,8699568514283,Clairol Color Crave Apricot,0,0,0,3.29,taxable,,General Health,Clairol Color Crave Apricot. A health and wellbeing product.,No regulation
simple,5060195980087,OraNurse Unflavoured Toothpaste 50ml,0,0,0,3.29,taxable,,Oral Care,OraNurse Unflavoured Toothpaste 50ml. An oral care product. Supplied as 50ml.,No regulation
simple,5023652300156,Nature's Aid Distilled Witch Hazel 150ml,0,0,0,3.29,taxable,,Vitamins,Nature's Aid Distilled Witch Hazel 150ml. A vitamins and supplements product. Supplied as 150ml.,No regulation
simple,5016379401015,4head Quickstrip 4 Strips,0,0,0,3.29,taxable,,General Health,4head Quickstrip 4 Strips. A health and wellbeing product.,No regulation
simple,5010415330444,Tommee Tippee Essentials Baby Nail Scissors,0,0,0,3.29,taxable,,Baby & Child,Tommee Tippee Essentials Baby Nail Scissors. A baby and child product.,No regulation
simple,5010441013304,Numark Dry Tickly Cough Syrup 200ml,0,0,0,3.29,taxable,,Cold & Flu,"Numark Dry Tickly Cough Syrup 200ml. Always read the label and any leaflet supplied. If symptoms persist, speak to your pharmacist or doctor. Supplied as 200ml.",GSL
simple,5012727913759,Acidex Advance Oral Suspension Peppermint 250ml,0,0,0,3.29,taxable,,Prescription Medicines,"Acidex Advance Oral Suspension Peppermint 250ml. Prescription-only medicine, supplied after an online consultation with our pharmacist. Always read the label and any leaflet supplied. If symptoms persist, speak to your pharmacist or doctor. Supplied as 250ml.",P
simple,8711600533806,Dove Men+Care Invisible Dry Antiperspirant Deodorant Spray 250ml,0,0,0,3.29,taxable,,Beauty,Dove Men+Care Invisible Dry Antiperspirant Deodorant Spray 250ml. A health and beauty product. Supplied as 250ml.,No regulation
simple,5010249313002,FSC Calcium 250mg Magnesium & D 60 Tablets,0,0,0,3.29,taxable,,Vitamins,FSC Calcium 250mg Magnesium & D 60 Tablets. A vitamins and supplements product. Supplied as 60 Tablets.,No regulation
simple,8718951656499,Sanex Deodorant Spray Dermo Invisible 200ml,0,0,0,3.29,taxable,,Beauty,Sanex Deodorant Spray Dermo Invisible 200ml. A health and beauty product. Supplied as 200ml.,No regulation
simple,42299806,Nivea Black & White Invisible Original Antiperspirant 50ml,0,0,0,3.29,taxable,,Beauty,Nivea Black & White Invisible Original Antiperspirant 50ml. A health and beauty product. Supplied as 50ml.,No regulation
simple,5025135118739,Malibu SPF50 Scalp Protector 50ml,0,0,0,3.29,taxable,,Hair Care,Malibu SPF50 Scalp Protector 50ml. A hair care product. Supplied as 50ml.,No regulation
simple,5011784002536,Dentinox Teething Gel Sugar Free 10g,0,0,0,3.29,taxable,,Baby & Child,"Dentinox Teething Gel Sugar Free 10g. Prescription-only medicine, supplied after an online consultation with our pharmacist. Always read the label and any leaflet supplied. If symptoms persist, speak to your pharmacist or doctor. Supplied as 10g.",P
simple,5000283662716,Allevia 120mg 7 Tablets,0,0,0,3.29,taxable,,Vitamins,Allevia 120mg 7 Tablets. A vitamins and supplements product. Supplied as 7 Tablets.,GSL
simple,5011784004516,Snufflebabe Nasal Drops 10ml,0,0,0,3.29,taxable,,Cold & Flu,"Snufflebabe Nasal Drops 10ml. Always read the label and any leaflet supplied. If symptoms persist, speak to your pharmacist or doctor. Supplied as 10ml.",GSL
simple,8720182482105,Dove Caring Bath Go Fresh 750ml,0,0,0,3.29,taxable,,Beauty,Dove Caring Bath Go Fresh 750ml. A health and beauty product. Supplied as 750ml.,No regulation
simple,5025135112317,Malibu Lotion Spray SPF15 200ml,0,0,0,3.29,taxable,,Skincare,Malibu Lotion Spray SPF15 200ml. A skincare product. Supplied as 200ml.,No regulation
simple,5010249041400,FSC Chromium 200µg 30 Tablets,0,0,0,3.29,taxable,,Vitamins,FSC Chromium 200µg 30 Tablets. A vitamins and supplements product. Supplied as 30 Tablets.,No regulation
simple,5012617001450,Actavis Aspirin 300mg 28 Tablets,0,0,0,3.29,taxable,,Pain Relief,"Actavis Aspirin 300mg 28 Tablets. Prescription-only medicine, supplied after an online consultation with our pharmacist. Always read the label and any leaflet supplied. If symptoms persist, speak to your pharmacist or doctor. Supplied as 28 Tablets.",P
simple,5060546080220,&SISTERS by Mooncup Eco-Applicator Tampons Medium 14 Pack,0,0,0,3.29,taxable,zero-rate,Women's Health,&SISTERS by Mooncup Eco-Applicator Tampons Medium 14 Pack. A women's health product. Supplied as 14 Pack.,No regulation
simple,5000347033636,Eno Salts 150g,0,0,0,3.29,taxable,,General Health,Eno Salts 150g. A health and wellbeing product. Supplied as 150g.,GSL
simple,5025903027553,Careway Senease Twelve Years Plus 7.5mg 60 Tablets,0,0,0,3.29,taxable,,Prescription Medicines,"Careway Senease Twelve Years Plus 7.5mg 60 Tablets. Prescription-only medicine, supplied after an online consultation with our pharmacist. Always read the label and any leaflet supplied. If symptoms persist, speak to your pharmacist or doctor. Supplied as 60 Tablets.",P
simple,5029354000868,Aloe Pura Aloe Vera Gel Original 100ml,0,0,0,3.29,taxable,,Skincare,Aloe Pura Aloe Vera Gel Original 100ml. A skincare product. Supplied as 100ml.,No regulation
simple,5010249152144,FSC Bilberry 500mg 30 Tablets,0,0,0,3.29,taxable,,Vitamins,FSC Bilberry 500mg 30 Tablets. A vitamins and supplements product. Supplied as 30 Tablets.,No regulation
simple,5010249011700,FSC Vitamin B Complex 60 Tablets,0,0,0,3.29,taxable,,Vitamins,FSC Vitamin B Complex 60 Tablets. A vitamins and supplements product. Supplied as 60 Tablets.,No regulation
simple,5012654201608,Carnation Corn Shields 3 Pack,0,0,0,3.29,taxable,,Skincare,Carnation Corn Shields 3 Pack. A skincare product. Supplied as 3 Pack.,No regulation
simple,0309978695431,Revlon Colorsilk Permanent Hair Colour 43 Medium Golden Brown,0,0,0,3.29,taxable,,Hair Care,Revlon Colorsilk Permanent Hair Colour 43 Medium Golden Brown. A hair care product.,No regulation
simple,5010441014677,Numark Ovulation 5 Tests,0,0,0,3.29,taxable,,Women's Health,Numark Ovulation 5 Tests. A women's health product.,No regulation
simple,5025903022138,Careway Corn & Callous Safety Knife,0,0,0,3.25,taxable,,Skincare,Careway Corn & Callous Safety Knife. A skincare product.,No regulation
simple,5025903022701,Careway Sleep Aid 50mg 20 Pack,0,0,0,3.25,taxable,,Prescription Medicines,"Careway Sleep Aid 50mg 20 Pack. Prescription-only medicine, supplied after an online consultation with our pharmacist. Always read the label and any leaflet supplied. If symptoms persist, speak to your pharmacist or doctor. Supplied as 20 Pack.",P
simple,5060546080237,&SISTERS Eco-Applicator Tampons Heavy 14 Pack,0,0,0,3.25,taxable,zero-rate,Women's Health,&SISTERS Eco-Applicator Tampons Heavy 14 Pack. A women's health product. Supplied as 14 Pack.,No regulation
simple,0017854120013,"Baylis & Harding Vetiver, Cedar & Lemongrass Luxury Hand Wash 500ml",0,0,0,3.20,taxable,,Beauty,"Baylis & Harding Vetiver, Cedar & Lemongrass Luxury Hand Wash 500ml. A health and beauty product. Supplied as 500ml.",No regulation
simple,5038581099521,Yankee Candle Berry Mint Martini Small Jar 104g,0,0,0,3.19,taxable,,Beauty,Yankee Candle Berry Mint Martini Small Jar 104g. A health and beauty product. Supplied as 104g.,No regulation
simple,3600542012775,Garnier Ultimate Blends Maple Body Lotion Dry Skin 250ml,0,0,0,3.19,taxable,,Skincare,Garnier Ultimate Blends Maple Body Lotion Dry Skin 250ml. A skincare product. Supplied as 250ml.,No regulation
simple,5013692251235,Baby Shark Toothpaste 75ml,0,0,0,3.19,taxable,,Baby & Child,Baby Shark Toothpaste 75ml. A baby and child product. Supplied as 75ml.,No regulation
simple,5038580062090,Yankee Candle Red Raspberry Small Jar 104g,0,0,0,3.19,taxable,,Beauty,Yankee Candle Red Raspberry Small Jar 104g. A health and beauty product. Supplied as 104g.,No regulation
simple,5010441204153,Numark Burn Gel 60ml,0,0,0,3.19,taxable,,First Aid,"Numark Burn Gel 60ml. Always read the label and any leaflet supplied. If symptoms persist, speak to your pharmacist or doctor. Supplied as 60ml.",No regulation
simple,8809483316170,Leaders Good Hair Don't Care! Mask 30ml,0,0,0,3.19,taxable,,Hair Care,Leaders Good Hair Don't Care! Mask 30ml. A hair care product. Supplied as 30ml.,No regulation
simple,5038581133478,Yankee Candle Merry Berry Small Jar 104g,0,0,0,3.19,taxable,,Beauty,Yankee Candle Merry Berry Small Jar 104g. A health and beauty product. Supplied as 104g.,No regulation
simple,0015594011486,Astroglide Water Based Liquid Personal Lubricant 35ml,0,0,0,3.19,taxable,,Sexual Wellness,"Astroglide Water Based Liquid Personal Lubricant 35ml. Always read the label and any leaflet supplied. If symptoms persist, speak to your pharmacist or doctor. Supplied as 35ml.",No regulation
simple,5060636881195,ecoLiving Kids 100% Plant Based Beech Wood Toothbrush Blue,0,0,0,3.19,taxable,,Oral Care,ecoLiving Kids 100% Plant Based Beech Wood Toothbrush Blue. An oral care product.,No regulation
simple,8720181492617,Dove Shower Gel Silky Velvet 450ml,0,0,0,3.19,taxable,,Beauty,Dove Shower Gel Silky Velvet 450ml. A health and beauty product. Supplied as 450ml.,No regulation
simple,5038581016801,Yankee Candle Warm Cashmere Small Jar 104g,0,0,0,3.19,taxable,,Beauty,Yankee Candle Warm Cashmere Small Jar 104g. A health and beauty product. Supplied as 104g.,No regulation
simple,8710447223413,TRESemmé Keratin Smooth Shampoo 700ml,0,0,0,3.19,taxable,,Hair Care,TRESemmé Keratin Smooth Shampoo 700ml. A hair care product. Supplied as 700ml.,No regulation
simple,5025135116254,Malibu Dry Oil Spray SPF30 100ml,0,0,0,3.19,taxable,,Skincare,Malibu Dry Oil Spray SPF30 100ml. A skincare product. Supplied as 100ml.,No regulation
simple,3600523232529,L'Oréal Men Expert Hydra Energetic Shower Gel 300ml,0,0,0,3.19,taxable,,Beauty,L'Oréal Men Expert Hydra Energetic Shower Gel 300ml. A health and beauty product. Supplied as 300ml.,No regulation
simple,4084500140240,Herbal Essences Dry Shampoo Naked 180ml,0,0,0,3.19,taxable,,Hair Care,Herbal Essences Dry Shampoo Naked 180ml. A hair care product. Supplied as 180ml.,No regulation
simple,8718951540002,Colgate Max White Purple Reveal Toothpaste 75ml,0,0,0,3.19,taxable,,Oral Care,Colgate Max White Purple Reveal Toothpaste 75ml. An oral care product. Supplied as 75ml.,No regulation
simple,8809483316132,Leaders Put Your Feet Up! Mask 18ml,0,0,0,3.19,taxable,,Skincare,Leaders Put Your Feet Up! Mask 18ml. A skincare product. Supplied as 18ml.,No regulation
simple,5060180816582,Animology Alcohol Hand Gel 100ml,0,0,0,3.19,taxable,,Skincare,Animology Alcohol Hand Gel 100ml. A skincare product. Supplied as 100ml.,No regulation
simple,0748378001105,Eco Style Olive Oil Styling Gel Max Hold 226ml,0,0,0,3.19,taxable,,Hair Care,Eco Style Olive Oil Styling Gel Max Hold 226ml. A hair care product. Supplied as 226ml.,No regulation
simple,5038581113890,Yankee Candle Tropical Starfruit Small Jar 104g,0,0,0,3.19,taxable,,Beauty,Yankee Candle Tropical Starfruit Small Jar 104g. A health and beauty product. Supplied as 104g.,No regulation
simple,5060601933997,BARBER PRO Super Eye Mask,0,0,0,3.19,taxable,,Eye Care,"BARBER PRO Super Eye Mask. Always read the label and any leaflet supplied. If symptoms persist, speak to your pharmacist or doctor.",No regulation
simple,5038581102542,Yankee Candle Holiday Hearth Small Jar 104g,0,0,0,3.19,taxable,,Beauty,Yankee Candle Holiday Hearth Small Jar 104g. A health and beauty product. Supplied as 104g.,No regulation
simple,3600522352334,L'Oréal Elvive Full Restore-5 Conditioner 400ml,0,0,0,3.19,taxable,,Hair Care,L'Oréal Elvive Full Restore-5 Conditioner 400ml. A hair care product. Supplied as 400ml.,No regulation
simple,8720181287855,Dove Women Fresh Antiperspirant Deodorant 200ml,0,0,0,3.19,taxable,,Beauty,Dove Women Fresh Antiperspirant Deodorant 200ml. A health and beauty product. Supplied as 200ml.,No regulation
simple,0017854112537,Baylis & Harding Goodness Men's Shower Gel - Sandalwood & Rich Vanilla 500ml,0,0,0,3.19,taxable,,Beauty,Baylis & Harding Goodness Men's Shower Gel - Sandalwood & Rich Vanilla 500ml. A health and beauty product. Supplied as 500ml.,No regulation
simple,5010441014288,Numark Triple Action Cough Oral Solution 200ml,0,0,0,3.19,taxable,,Cold & Flu,"Numark Triple Action Cough Oral Solution 200ml. Always read the label and any leaflet supplied. If symptoms persist, speak to your pharmacist or doctor. Supplied as 200ml.",No regulation
simple,5038581132112,Yankee Candle Sakura Blossom Festival 121g,0,0,0,3.19,taxable,,Beauty,Yankee Candle Sakura Blossom Festival 121g. A health and beauty product. Supplied as 121g.,No regulation
simple,5013692245678,Despicable Me Talking Hand Wash 250ml,0,0,0,3.19,taxable,,Beauty,Despicable Me Talking Hand Wash 250ml. A health and beauty product. Supplied as 250ml.,No regulation
simple,5000158063907,Lemsip Cold & Flu Lemon 5 Sachets,0,0,0,3.19,taxable,,Cold & Flu,"Lemsip Cold & Flu Lemon 5 Sachets. Always read the label and any leaflet supplied. If symptoms persist, speak to your pharmacist or doctor. Supplied as 5 Sachets.",GSL
simple,5060209732428,Epimax Isomol Gel 100g,0,0,0,3.19,taxable,,Skincare,Epimax Isomol Gel 100g. A skincare product. Supplied as 100g.,No regulation
simple,5038580003246,Yankee Candle Sparkling Cinnamon Small Jar 104g,0,0,0,3.19,taxable,,Beauty,Yankee Candle Sparkling Cinnamon Small Jar 104g. A health and beauty product. Supplied as 104g.,No regulation
simple,8809211653539,G9 Skin B.Duck Vita Ample Lip Patch 3g,0,0,0,3.19,taxable,,Skincare,G9 Skin B.Duck Vita Ample Lip Patch 3g. A skincare product. Supplied as 3g.,No regulation
simple,5025135119545,Malibu 2 Pack SPF30 Sun Protection Lip Gloss Coconut & Strawberry,0,0,0,3.19,taxable,,Skincare,Malibu 2 Pack SPF30 Sun Protection Lip Gloss Coconut & Strawberry. A skincare product. Supplied as 2 Pack.,No regulation
simple,5060193640914,Bloom & Blossom Matilda Bubble Bath 200ml,0,0,0,3.19,taxable,,Beauty,Bloom & Blossom Matilda Bubble Bath 200ml. A health and beauty product. Supplied as 200ml.,No regulation
simple,5060018880365,Murine Contacts Refresh & Clean 15ml,0,0,0,3.19,taxable,,General Health,Murine Contacts Refresh & Clean 15ml. A health and wellbeing product. Supplied as 15ml.,GSL
simple,5000158062993,Veet Hair Removal Cream Sensitive Skin 100ml,0,0,0,3.19,taxable,,Hair Care,Veet Hair Removal Cream Sensitive Skin 100ml. A hair care product. Supplied as 100ml.,No regulation
simple,4015600709327,Aussie Beach Mate Shampoo 300ml,0,0,0,3.19,taxable,,Hair Care,Aussie Beach Mate Shampoo 300ml. A hair care product. Supplied as 300ml.,No regulation
simple,5038581091303,Yankee Candle Sunny Daydream Small Jar 104g,0,0,0,3.19,taxable,,Beauty,Yankee Candle Sunny Daydream Small Jar 104g. A health and beauty product. Supplied as 104g.,No regulation
simple,5038581123448,Yankee Candle Tree Farm Festival Small Jar 104g,0,0,0,3.19,taxable,,Beauty,Yankee Candle Tree Farm Festival Small Jar 104g. A health and beauty product. Supplied as 104g.,No regulation
simple,5038581091419,Yankee Candle Small Jar Camellia 104g,0,0,0,3.19,taxable,,Beauty,Yankee Candle Small Jar Camellia 104g. A health and beauty product. Supplied as 104g.,No regulation
simple,5038581009179,Yankee Candle Cherry Blossom Small Jar 104g,0,0,0,3.19,taxable,,Beauty,Yankee Candle Cherry Blossom Small Jar 104g. A health and beauty product. Supplied as 104g.,No regulation
simple,5060133376644,Steril-eeze Kind to Hands Hand Sanitiser 100ml,0,0,0,3.19,taxable,,General Health,Steril-eeze Kind to Hands Hand Sanitiser 100ml. A health and wellbeing product. Supplied as 100ml.,No regulation
simple,5060546080640,&SISTERS Eco-Applicator Tampons Mixed 16 Pack,0,0,0,3.19,taxable,zero-rate,Women's Health,&SISTERS Eco-Applicator Tampons Mixed 16 Pack. A women's health product. Supplied as 16 Pack.,No regulation
simple,5060209732466,Epimax Oatmeal Cream 100g,0,0,0,3.19,taxable,,Skincare,Epimax Oatmeal Cream 100g. A skincare product. Supplied as 100g.,No regulation
simple,5000444016402,Cyclax Sun Protection Lotion SPF15 250ml,0,0,0,3.19,taxable,,Skincare,Cyclax Sun Protection Lotion SPF15 250ml. A skincare product. Supplied as 250ml.,No regulation
simple,5038581133461,Yankee Candle Christmas Eve Cocoa Small Jar 104g,0,0,0,3.19,taxable,,Beauty,Yankee Candle Christmas Eve Cocoa Small Jar 104g. A health and beauty product. Supplied as 104g.,No regulation
simple,5060176670754,Dr. Organic Aloe Vera Soap Bar,0,0,0,3.19,taxable,,Beauty,Dr. Organic Aloe Vera Soap Bar. A health and beauty product.,No regulation
simple,8710447223468,TRESemmé Botanique Nourish & Replenish Shampoo 700ml,0,0,0,3.19,taxable,,Hair Care,TRESemmé Botanique Nourish & Replenish Shampoo 700ml. A hair care product. Supplied as 700ml.,No regulation
simple,5038581120607,Yankee Candle Home Inspiration Reindeer Treats Small Jar 104g,0,0,0,3.19,taxable,,Beauty,Yankee Candle Home Inspiration Reindeer Treats Small Jar 104g. A health and beauty product. Supplied as 104g.,No regulation
simple,3600524001124,L'Oréal Men Expert Shirt Protect Anti-Perspirant 300ml,0,0,0,3.19,taxable,,Beauty,L'Oréal Men Expert Shirt Protect Anti-Perspirant 300ml. A health and beauty product. Supplied as 300ml.,No regulation
simple,5060148520575,BetterYou Magnesium Flakes 250g,0,0,0,3.19,taxable,,Vitamins,BetterYou Magnesium Flakes 250g. A vitamins and supplements product. Supplied as 250g.,No regulation
simple,5012008748308,Inecto Naturals Brilliant Shine Argan Shampoo 500ml,0,0,0,3.19,taxable,,Hair Care,Inecto Naturals Brilliant Shine Argan Shampoo 500ml. A hair care product. Supplied as 500ml.,No regulation
simple,5038581134321,Yankee Candle Majestic Mount Fuji Small Jar 104g,0,0,0,3.19,taxable,,Beauty,Yankee Candle Majestic Mount Fuji Small Jar 104g. A health and beauty product. Supplied as 104g.,No regulation
simple,5029354013653,AloeDent Smokers Toothpaste 100ml,0,0,0,3.19,taxable,,Oral Care,AloeDent Smokers Toothpaste 100ml. An oral care product. Supplied as 100ml.,No regulation
simple,5038581110905,Yankee Candle Home 104g Coconut Peach,0,0,0,3.19,taxable,,Beauty,Yankee Candle Home 104g Coconut Peach. A health and beauty product. Supplied as 104g.,No regulation
simple,5010123714246,Listerine Teeth & Gum Defence 250ml,0,0,0,3.19,taxable,,Oral Care,Listerine Teeth & Gum Defence 250ml. An oral care product. Supplied as 250ml.,No regulation
simple,5054805039326,Simple Soap bar (4x100g),0,0,0,3.19,taxable,,Beauty,Simple Soap bar (4x100g). A health and beauty product. Supplied as 4x100g.,No regulation
simple,5050474101715,Lens Plus OcuPure 360ml,0,0,0,3.19,taxable,,Eye Care,"Lens Plus OcuPure 360ml. Always read the label and any leaflet supplied. If symptoms persist, speak to your pharmacist or doctor. Supplied as 360ml.",No regulation
simple,8006540801451,Pantene Shampoo Volume 450ml,0,0,0,3.19,taxable,,Hair Care,Pantene Shampoo Volume 450ml. A hair care product. Supplied as 450ml.,No regulation
simple,3600541544024,Garnier Oil Beauty Body Lotion Very Dry Skin 250ml,0,0,0,3.19,taxable,,Skincare,Garnier Oil Beauty Body Lotion Very Dry Skin 250ml. A skincare product. Supplied as 250ml.,No regulation
simple,5000158066250,Dettol Disinfectant Liquid Lavendar & Orange Oil 500ml,0,0,0,3.19,taxable,,Home & Household,Dettol Disinfectant Liquid Lavendar & Orange Oil 500ml. A home and household product. Supplied as 500ml.,No regulation
simple,5012654202803,Carnation Toe Protector 2 Pack,0,0,0,3.19,taxable,,General Health,Carnation Toe Protector 2 Pack. A health and wellbeing product. Supplied as 2 Pack.,No regulation
simple,5012654200632,Carnation Toe Separators 2 Pack,0,0,0,3.19,taxable,,General Health,Carnation Toe Separators 2 Pack. A health and wellbeing product. Supplied as 2 Pack.,No regulation
simple,5038580004472,Yankee Candle Midnight Jasmine Small Jar 104g,0,0,0,3.19,taxable,,Beauty,Yankee Candle Midnight Jasmine Small Jar 104g. A health and beauty product. Supplied as 104g.,No regulation
simple,8809463990987,Xoy Dark Choco Sheet Mask 30g,0,0,0,3.19,taxable,,Skincare,Xoy Dark Choco Sheet Mask 30g. A skincare product. Supplied as 30g.,No regulation
simple,5025135114663,Malibu Fast Tanning Oil 200ml,0,0,0,3.19,taxable,,Skincare,Malibu Fast Tanning Oil 200ml. A skincare product. Supplied as 200ml.,No regulation
simple,8809463990970,Xoy Milk Cream Sheet Mask 27g,0,0,0,3.19,taxable,,Skincare,Xoy Milk Cream Sheet Mask 27g. A skincare product. Supplied as 27g.,No regulation
simple,5025135111341,Malibu Soothing After Sun Lotion 400ml,0,0,0,3.19,taxable,,Skincare,Malibu Soothing After Sun Lotion 400ml. A skincare product. Supplied as 400ml.,No regulation
simple,3574669909143,Johnson's Baby Oil 300ml,0,0,0,3.19,taxable,,Baby & Child,Johnson's Baby Oil 300ml. A baby and child product. Supplied as 300ml.,No regulation
simple,5012008721103,Pro:Voke Touch Of Silver Intensive Conditioner 150ml,0,0,0,3.19,taxable,,Hair Care,Pro:Voke Touch Of Silver Intensive Conditioner 150ml. A hair care product. Supplied as 150ml.,No regulation
simple,5054805039661,Vosene Anti Dandruff Conditioner 500ml,0,0,0,3.19,taxable,,Hair Care,Vosene Anti Dandruff Conditioner 500ml. A hair care product. Supplied as 500ml.,No regulation
simple,5011309062212,Care+ Glycerin Suppositories 1g Infant 12 Pack,0,0,0,3.19,taxable,,Baby & Child,Care+ Glycerin Suppositories 1g Infant 12 Pack. A baby and child product. Supplied as 12 Pack.,GSL
simple,5391531560527,Spotlight Oral Care Bamboo Toothbrush White,0,0,0,3.19,taxable,,Oral Care,Spotlight Oral Care Bamboo Toothbrush White. An oral care product.,No regulation
simple,5038581143996,Yankee Candle Soft Blanket Small Jar 104g,0,0,0,3.19,taxable,,Beauty,Yankee Candle Soft Blanket Small Jar 104g. A health and beauty product. Supplied as 104g.,No regulation
simple,5025135112980,Malibu After Sun Ice Blue Cooling Gel 200ml,0,0,0,3.19,taxable,,Skincare,Malibu After Sun Ice Blue Cooling Gel 200ml. A skincare product. Supplied as 200ml.,No regulation
simple,3600523232635,L'Oréal Men Expert Hydra Power Shower Gel 300ml,0,0,0,3.19,taxable,,Beauty,L'Oréal Men Expert Hydra Power Shower Gel 300ml. A health and beauty product. Supplied as 300ml.,No regulation
simple,5059001002648,Air Wick French Vanilla & Toasted Coconut 220g,0,0,0,3.19,taxable,,General Health,Air Wick French Vanilla & Toasted Coconut 220g. A health and wellbeing product. Supplied as 220g.,No regulation
simple,5038581130057,Yankee Candle Home Inspiration Duvet Day Small Jar 104g,0,0,0,3.19,taxable,,Beauty,Yankee Candle Home Inspiration Duvet Day Small Jar 104g. A health and beauty product. Supplied as 104g.,No regulation
simple,3600522218623,L'Oréal Elvive 60 Second Saviour Intensive Conditioner 200ml,0,0,0,3.19,taxable,,Hair Care,L'Oréal Elvive 60 Second Saviour Intensive Conditioner 200ml. A hair care product. Supplied as 200ml.,No regulation
simple,5060636881034,ecoLiving Handmade Soap 100g Nourishing Shea Butter,0,0,0,3.19,taxable,,Beauty,ecoLiving Handmade Soap 100g Nourishing Shea Butter. A health and beauty product. Supplied as 100g.,No regulation
simple,5060133373841,Vizulize Intensive Dry Eye Drops 10ml,0,0,0,3.19,taxable,,Eye Care,"Vizulize Intensive Dry Eye Drops 10ml. Always read the label and any leaflet supplied. If symptoms persist, speak to your pharmacist or doctor. Supplied as 10ml.",No regulation
simple,5038580011036,Yankee Candle Snow in Love Small Jar 104g,0,0,0,3.19,taxable,,Beauty,Yankee Candle Snow in Love Small Jar 104g. A health and beauty product. Supplied as 104g.,No regulation
simple,5038581063805,Yankee Candle Moonlit Blossoms Small Jar 104g,0,0,0,3.19,taxable,,Beauty,Yankee Candle Moonlit Blossoms Small Jar 104g. A health and beauty product. Supplied as 104g.,No regulation
simple,5029354013776,Optima Activated Charcoal Purifying Body Wash 250ml,0,0,0,3.19,taxable,,Beauty,Optima Activated Charcoal Purifying Body Wash 250ml. A health and beauty product. Supplied as 250ml.,No regulation
simple,5010441015292,Numark Foam Ear Plugs 2 Pairs,0,0,0,3.19,taxable,,General Health,Numark Foam Ear Plugs 2 Pairs. A health and wellbeing product.,No regulation
simple,3600541022065,Garnier Intensive Hydrating Lotion 400ml,0,0,0,3.19,taxable,,Skincare,Garnier Intensive Hydrating Lotion 400ml. A skincare product. Supplied as 400ml.,No regulation
simple,5011309022513,Care Glycerin Lemon + Honey 200ml,0,0,0,3.19,taxable,,General Health,Care Glycerin Lemon + Honey 200ml. A health and wellbeing product. Supplied as 200ml.,GSL
simple,3600523232536,L'Oréal Men Expert Total Clean Total Action 5 in 1 Shower Gel 300ml,0,0,0,3.19,taxable,,Beauty,L'Oréal Men Expert Total Clean Total Action 5 in 1 Shower Gel 300ml. A health and beauty product. Supplied as 300ml.,No regulation
simple,3600523167586,L'Oréal Studio Pro Lock It Fixing Hairspray Strong 400ml,0,0,0,3.19,taxable,,Hair Care,L'Oréal Studio Pro Lock It Fixing Hairspray Strong 400ml. A hair care product. Supplied as 400ml.,No regulation
simple,8809310873326,Jumiso Chewy Elasticity Mask 1 Pack,0,0,0,3.19,taxable,,Skincare,Jumiso Chewy Elasticity Mask 1 Pack. A skincare product. Supplied as 1 Pack.,No regulation
simple,8001090705723,Tampax Compak Super Plus Applicator Tampons 18 Pack,0,0,0,3.19,taxable,zero-rate,Women's Health,Tampax Compak Super Plus Applicator Tampons 18 Pack. A women's health product. Supplied as 18 Pack.,No regulation
simple,8809483316156,Leaders Talk To The Hand! Mask 16ml,0,0,0,3.19,taxable,,Skincare,Leaders Talk To The Hand! Mask 16ml. A skincare product. Supplied as 16ml.,No regulation
simple,8809463990963,Xoy Eggplant Sheet Mask 27g,0,0,0,3.19,taxable,,Skincare,Xoy Eggplant Sheet Mask 27g. A skincare product. Supplied as 27g.,No regulation
simple,5012617018632,Sominex 8 Tablets,0,0,0,3.19,taxable,,Prescription Medicines,"Sominex 8 Tablets. Prescription-only medicine, supplied after an online consultation with our pharmacist. Always read the label and any leaflet supplied. If symptoms persist, speak to your pharmacist or doctor. Supplied as 8 Tablets.",P
simple,5054563068545,Sensodyne Sensitive Toothpaste Daily Care Extra Fresh 75ml,0,0,0,3.09,taxable,,Oral Care,Sensodyne Sensitive Toothpaste Daily Care Extra Fresh 75ml. An oral care product. Supplied as 75ml.,No regulation
simple,8699568557365,Wella Shockwaves Hairspray Ultimate Hold 400ml,0,0,0,3.09,taxable,,Hair Care,Wella Shockwaves Hairspray Ultimate Hold 400ml. A hair care product. Supplied as 400ml.,No regulation
simple,8001841990354,Herbal Essences Pure Aloe & Avocado Dry Scalp Conditioner 180ml,0,0,0,3.09,taxable,,Hair Care,Herbal Essences Pure Aloe & Avocado Dry Scalp Conditioner 180ml. A hair care product. Supplied as 180ml.,No regulation
simple,9001616699344,Mam Classic Soother Clipstrip 6months,0,0,0,3.09,taxable,,Baby & Child,Mam Classic Soother Clipstrip 6months. A baby and child product.,No regulation
simple,3600541022096,Garnier Intensive Ultra-Replenishing Lotion 400ml,0,0,0,3.09,taxable,,Skincare,Garnier Intensive Ultra-Replenishing Lotion 400ml. A skincare product. Supplied as 400ml.,No regulation
simple,5000158064072,Lemsip Max Cold & Flu 8 Capsules,0,0,0,3.09,taxable,,Cold & Flu,"Lemsip Max Cold & Flu 8 Capsules. Always read the label and any leaflet supplied. If symptoms persist, speak to your pharmacist or doctor. Supplied as 8 Capsules.",GSL
simple,7350075693793,The Humble Co. Brush Mixed Medium Adult Pack,0,0,0,3.09,taxable,,General Health,The Humble Co. Brush Mixed Medium Adult Pack. A health and wellbeing product.,No regulation
simple,5010441012062,Numark Multi Action Eye Wash and Bath 200ml,0,0,0,3.09,taxable,,Eye Care,"Numark Multi Action Eye Wash and Bath 200ml. Always read the label and any leaflet supplied. If symptoms persist, speak to your pharmacist or doctor. Supplied as 200ml.",No regulation
simple,5025135120350,Malibu Lotion SPF30 100ml,0,0,0,3.09,taxable,,Skincare,Malibu Lotion SPF30 100ml. A skincare product. Supplied as 100ml.,No regulation
simple,5060229015075,Pukka Motherkind Baby Tea 20 Sachets,0,0,0,3.09,taxable,zero-rate,Baby & Child,Pukka Motherkind Baby Tea 20 Sachets. A baby and child product. Supplied as 20 Sachets.,No regulation
simple,5011321365261,Vicks Sinex Squeeze 20ml,0,0,0,3.09,taxable,,Cold & Flu,"Vicks Sinex Squeeze 20ml. Always read the label and any leaflet supplied. If symptoms persist, speak to your pharmacist or doctor. Supplied as 20ml.",GSL
simple,5060546080831,&SISTERS Naked Tampons Medium 16 Pack,0,0,0,3.09,taxable,zero-rate,Women's Health,&SISTERS Naked Tampons Medium 16 Pack. A women's health product. Supplied as 16 Pack.,No regulation
simple,5010249309531,FSC Chewable Vitamin C 80mg 30 Tablets,0,0,0,3.09,taxable,,Vitamins,FSC Chewable Vitamin C 80mg 30 Tablets. A vitamins and supplements product. Supplied as 30 Tablets.,No regulation
simple,5011784050414,Dentinox Infant Colic Drops From Birth 100ml,0,0,0,3.09,taxable,,Baby & Child,Dentinox Infant Colic Drops From Birth 100ml. A baby and child product. Supplied as 100ml.,GSL
simple,8809483316316,Leaders Wrinkle Tox Skin Clinic Mask 25ml,0,0,0,3.09,taxable,,Skincare,Leaders Wrinkle Tox Skin Clinic Mask 25ml. A skincare product. Supplied as 25ml.,No regulation
simple,80444879,Bionsen Deodorant Pump Spray 100ml,0,0,0,3.09,taxable,,Beauty,Bionsen Deodorant Pump Spray 100ml. A health and beauty product. Supplied as 100ml.,No regulation
simple,5025135116339,Malibu SPF30 Scalp Protector 50ml,0,0,0,3.09,taxable,,Hair Care,Malibu SPF30 Scalp Protector 50ml. A hair care product. Supplied as 50ml.,No regulation
simple,3574661724232,Johnson's Baby Wash 500ml,0,0,0,3.09,taxable,,Baby & Child,Johnson's Baby Wash 500ml. A baby and child product. Supplied as 500ml.,No regulation
simple,3600523450435,L'Oréal Paris Fine Flowers Cleansing Wash 150ml,0,0,0,3.09,taxable,,Skincare,L'Oréal Paris Fine Flowers Cleansing Wash 150ml. A skincare product. Supplied as 150ml.,No regulation
simple,5010724527375,Batiste Dry Shampoo Floral & Flirty Blush 200ml,0,0,0,3.09,taxable,,Hair Care,Batiste Dry Shampoo Floral & Flirty Blush 200ml. A hair care product. Supplied as 200ml.,No regulation
simple,5010249152694,FSC Wild Yam 500mg 30 Tablets,0,0,0,3.09,taxable,,Vitamins,FSC Wild Yam 500mg 30 Tablets. A vitamins and supplements product. Supplied as 30 Tablets.,No regulation
simple,5026445002350,Ingram Lather Shave Cream 100ml,0,0,0,3.09,taxable,,Men's Grooming,Ingram Lather Shave Cream 100ml. A men's grooming product. Supplied as 100ml.,No regulation
simple,5017371129563,Calypso Aloe Vera After Sun Family Size 500ml,0,0,0,3.09,taxable,,Skincare,Calypso Aloe Vera After Sun Family Size 500ml. A skincare product. Supplied as 500ml.,No regulation
simple,8710447474426,Simple Daily Clear Pore Face Scrub 150ml,0,0,0,3.09,taxable,,Skincare,Simple Daily Clear Pore Face Scrub 150ml. A skincare product. Supplied as 150ml.,No regulation
simple,5010724526798,Batiste Dry Shamp Cherry 200ml,0,0,0,3.09,taxable,,Hair Care,Batiste Dry Shamp Cherry 200ml. A hair care product. Supplied as 200ml.,No regulation
simple,8001090592958,Old Spice Original Deodorant Spray 150ml,0,0,0,3.09,taxable,,Beauty,Old Spice Original Deodorant Spray 150ml. A health and beauty product. Supplied as 150ml.,No regulation
simple,5060546080848,&SISTERS Naked Tampons Heavy 14 Pack,0,0,0,3.09,taxable,zero-rate,Women's Health,&SISTERS Naked Tampons Heavy 14 Pack. A women's health product. Supplied as 14 Pack.,No regulation
simple,8712561484398,Vaseline Essential Body Lotion 400ml,0,0,0,3.09,taxable,,Skincare,Vaseline Essential Body Lotion 400ml. A skincare product. Supplied as 400ml.,No regulation
simple,5060899542420,Clinell Hand & Surface Wipes 84 Wipes,0,0,0,3.09,taxable,,Beauty,Clinell Hand & Surface Wipes 84 Wipes. A health and beauty product. Supplied as 84 Wipes.,No regulation
simple,4064665090062,Opi Infinite Shine Trading Paint 15ml,0,0,0,3.09,taxable,,General Health,Opi Infinite Shine Trading Paint 15ml. A health and wellbeing product. Supplied as 15ml.,No regulation
simple,6920354822421,Colgate Natural Extracts Charcoal Toothpaste 75ml,0,0,0,3.09,taxable,,Oral Care,Colgate Natural Extracts Charcoal Toothpaste 75ml. An oral care product. Supplied as 75ml.,No regulation
simple,5011451103894,Simple Kind to Skin Smoothing Facial Scrub 75ml,0,0,0,3.09,taxable,,Skincare,Simple Kind to Skin Smoothing Facial Scrub 75ml. A skincare product. Supplied as 75ml.,No regulation
simple,5010724527511,Batiste Dry Shampoo Coconut & Exotic Tropical 200ml,0,0,0,3.09,taxable,,Hair Care,Batiste Dry Shampoo Coconut & Exotic Tropical 200ml. A hair care product. Supplied as 200ml.,No regulation
simple,5000347074240,Panadol Period Pain 14 Tablets,0,0,0,3.09,taxable,,Women's Health,Panadol Period Pain 14 Tablets. A women's health product. Supplied as 14 Tablets.,GSL
simple,5031413936032,Headshock Plex System Hair Oil Restoring 30ml,0,0,0,3.09,taxable,,Hair Care,Headshock Plex System Hair Oil Restoring 30ml. A hair care product. Supplied as 30ml.,No regulation
simple,3574669909945,Johnson's Top-To-Toe Wash 500ml,0,0,0,3.09,taxable,,Beauty,Johnson's Top-To-Toe Wash 500ml. A health and beauty product. Supplied as 500ml.,No regulation
simple,3616300984949,"Opi Infinite Shine 2.0 Nail Polish Duomo Days, Isola Nights 15ml",0,0,0,3.09,taxable,,Beauty,"Opi Infinite Shine 2.0 Nail Polish Duomo Days, Isola Nights 15ml. A health and beauty product. Supplied as 15ml.",No regulation
simple,0309978695103,Revlon Colorsilk Permanent Hair Colour 10 Black,0,0,0,3.09,taxable,,Hair Care,Revlon Colorsilk Permanent Hair Colour 10 Black. A hair care product.,No regulation
simple,5031413936001,Headshock Plex System Conditioner Hydrating 250ml,0,0,0,3.09,taxable,,Hair Care,Headshock Plex System Conditioner Hydrating 250ml. A hair care product. Supplied as 250ml.,No regulation
simple,5060372800269,Dr.PawPaw Original Multipurpose Balm 10ml,0,0,0,3.09,taxable,,Skincare,Dr.PawPaw Original Multipurpose Balm 10ml. A skincare product. Supplied as 10ml.,No regulation
simple,5013692266598,Cocomelon Bath Tiles & Fizzer Set 100g,0,0,0,3.09,taxable,,Beauty,Cocomelon Bath Tiles & Fizzer Set 100g. A health and beauty product. Supplied as 100g.,No regulation
simple,0708002704086,Faith In Nature 3-In-1 Wipes 25 Pack,0,0,0,3.09,taxable,,Beauty,Faith In Nature 3-In-1 Wipes 25 Pack. A health and beauty product. Supplied as 25 Pack.,No regulation
simple,5060144647467,Bulldog Original Lip Balm 4g,0,0,0,3.09,taxable,,Skincare,Bulldog Original Lip Balm 4g. A skincare product. Supplied as 4g.,No regulation
simple,5028763013902,Wisdom Renew Floss 50m,0,0,0,3.09,taxable,,Oral Care,Wisdom Renew Floss 50m. An oral care product.,No regulation
simple,3614228943666,Max Factor Creme Puff Blush Matte Luscious Plum 45,0,0,0,3.09,taxable,,Beauty,Max Factor Creme Puff Blush Matte Luscious Plum 45. A health and beauty product.,No regulation
simple,8001090970497,Old Spice Captain Deodorant Stick 50ml,0,0,0,3.09,taxable,,Beauty,Old Spice Captain Deodorant Stick 50ml. A health and beauty product. Supplied as 50ml.,No regulation
simple,0017854100190,Baylis & Harding Goodness Sea Kelp & Peppermint Hand Wash 500ml,0,0,0,3.09,taxable,,Beauty,Baylis & Harding Goodness Sea Kelp & Peppermint Hand Wash 500ml. A health and beauty product. Supplied as 500ml.,No regulation
simple,5017353506474,Treathay 120mg 10 Tablets,0,0,0,3.09,taxable,,Vitamins,Treathay 120mg 10 Tablets. A vitamins and supplements product. Supplied as 10 Tablets.,GSL
simple,8809310873357,Jumiso Whoa Whoa Soothing Mask 1 Pack,0,0,0,3.09,taxable,,Skincare,Jumiso Whoa Whoa Soothing Mask 1 Pack. A skincare product. Supplied as 1 Pack.,No regulation
simple,3574661245409,Clean & Clear Daily Deep Action Cream Wash 150ml,0,0,0,3.09,taxable,,Skincare,Clean & Clear Daily Deep Action Cream Wash 150ml. A skincare product. Supplied as 150ml.,No regulation
simple,4084500654860,Aussie Shampoo Repair Miracle 300ml,0,0,0,3.09,taxable,,Hair Care,Aussie Shampoo Repair Miracle 300ml. A hair care product. Supplied as 300ml.,No regulation
simple,8414606537822,The Skin Lounge Pearl Brightening Mask Sheet 25g,0,0,0,3.09,taxable,,Skincare,The Skin Lounge Pearl Brightening Mask Sheet 25g. A skincare product. Supplied as 25g.,No regulation
simple,5060193640884,Bloom & Blossom Matilda Hair & Body Wash 200ml,0,0,0,3.09,taxable,,Hair Care,Bloom & Blossom Matilda Hair & Body Wash 200ml. A hair care product. Supplied as 200ml.,No regulation
simple,0309978695349,Revlon Colorsilk Permanent Hair Colour 34 Deep Burgundy,0,0,0,3.09,taxable,,Hair Care,Revlon Colorsilk Permanent Hair Colour 34 Deep Burgundy. A hair care product.,No regulation
simple,3574661332505,Neutrogena Clear & Defend 150ml Face Scrub,0,0,0,3.09,taxable,,Skincare,Neutrogena Clear & Defend 150ml Face Scrub. A skincare product. Supplied as 150ml.,No regulation
simple,3616300985021,Opi Infinite Shine 2.0 Nail Polish Nails The Runway 15ml,0,0,0,3.09,taxable,,Beauty,Opi Infinite Shine 2.0 Nail Polish Nails The Runway 15ml. A health and beauty product. Supplied as 15ml.,No regulation
simple,0017854108769,"Baylis & Harding Goodness Oud, Cedar & Amber Bath Soak 500ml",0,0,0,3.09,taxable,,Beauty,"Baylis & Harding Goodness Oud, Cedar & Amber Bath Soak 500ml. A health and beauty product. Supplied as 500ml.",No regulation
simple,5010441012239,Numark Comfort Eye Drops 10ml,0,0,0,3.09,taxable,,Eye Care,"Numark Comfort Eye Drops 10ml. Always read the label and any leaflet supplied. If symptoms persist, speak to your pharmacist or doctor. Supplied as 10ml.",No regulation
simple,7322540698817,Tena Discreet Maxi Pads 6 Pack,0,0,0,3.09,taxable,zero-rate,Continence,Tena Discreet Maxi Pads 6 Pack. A continence care product. Supplied as 6 Pack.,No regulation
simple,0850278004176,Bondi Sands Self Tan Back Applicator,0,0,0,3.09,taxable,,Beauty,Bondi Sands Self Tan Back Applicator. A health and beauty product.,No regulation
simple,8024358909350,Crudigno Cold Pressed Flaxseed Oil with Lemon 250ml,0,0,0,3.00,taxable,zero-rate,Cold & Flu,"Crudigno Cold Pressed Flaxseed Oil with Lemon 250ml. Always read the label and any leaflet supplied. If symptoms persist, speak to your pharmacist or doctor. Supplied as 250ml.",No regulation
simple,5011309027419,Care+ Aqueous Calamine Cream 100g,0,0,0,2.99,taxable,,Skincare,Care+ Aqueous Calamine Cream 100g. A skincare product. Supplied as 100g.,GSL
simple,3574661427515,Johnson's Bedtime Bath 300ml,0,0,0,2.99,taxable,,Beauty,Johnson's Bedtime Bath 300ml. A health and beauty product. Supplied as 300ml.,No regulation
simple,0017854117105,Baylis & Harding The EDIT Twilight Amber Body Wash 400ml,0,0,0,2.99,taxable,,Beauty,Baylis & Harding The EDIT Twilight Amber Body Wash 400ml. A health and beauty product. Supplied as 400ml.,No regulation
simple,8001841479873,Always Cotton Protection Night Wings 9 Pack,0,0,0,2.99,taxable,zero-rate,Women's Health,Always Cotton Protection Night Wings 9 Pack. A women's health product. Supplied as 9 Pack.,No regulation
simple,5011417573143,Dettol Antibacterial Spray & Wear 250ml,0,0,0,2.99,taxable,,Beauty,Dettol Antibacterial Spray & Wear 250ml. A health and beauty product. Supplied as 250ml.,No regulation
simple,5060053020191,Mooncup Pads with Wings Maxi/Night+ 10 pack,0,0,0,2.99,taxable,zero-rate,General Health,Mooncup Pads with Wings Maxi/Night+ 10 pack. A health and wellbeing product. Supplied as 10 pack.,No regulation
simple,5000347045219,Panadol Extra Advance 500mg/65mg 14 Tablets,0,0,0,2.99,taxable,,Pain Relief,"Panadol Extra Advance 500mg/65mg 14 Tablets. Always read the label and any leaflet supplied. If symptoms persist, speak to your pharmacist or doctor. Supplied as 14 Tablets.",GSL
simple,5010441014660,Numark Rapid Pregancy 2 Tests,0,0,0,2.99,taxable,,General Health,Numark Rapid Pregancy 2 Tests. A health and wellbeing product.,No regulation
simple,5011309540116,Care+ Glycerin 200ml,0,0,0,2.99,taxable,,General Health,Care+ Glycerin 200ml. A health and wellbeing product. Supplied as 200ml.,GSL
simple,9329401000107,The Goat Skincare Soap Bar Original 100g,0,0,0,2.99,taxable,,Skincare,The Goat Skincare Soap Bar Original 100g. A skincare product. Supplied as 100g.,No regulation
simple,5060455141029,Brushworks Black Head Removal Tool,0,0,0,2.99,taxable,,General Health,Brushworks Black Head Removal Tool. A health and wellbeing product.,No regulation
simple,0309978695707,Revlon Colorsilk Permanent Hair Colour 70 Medium Ash Blonde,0,0,0,2.99,taxable,,Hair Care,Revlon Colorsilk Permanent Hair Colour 70 Medium Ash Blonde. A hair care product.,No regulation
simple,5025970012803,Nivea Men Daily Trio Cracker Set,0,0,0,2.99,taxable,,General Health,Nivea Men Daily Trio Cracker Set. A health and wellbeing product.,No regulation
simple,5011417559215,Dettol Liquid Antibacterial Handwash Camomile 250ml,0,0,0,2.99,taxable,,Beauty,Dettol Liquid Antibacterial Handwash Camomile 250ml. A health and beauty product. Supplied as 250ml.,No regulation
simple,4005900717160,Nivea Men Strong Power Shampoo 250ml,0,0,0,2.99,taxable,,Hair Care,Nivea Men Strong Power Shampoo 250ml. A hair care product. Supplied as 250ml.,No regulation
simple,0010181033155,Palmer's Coconut Oil Formula Moisture Boost Protein Pack 60g,0,0,0,2.99,taxable,,Skincare,Palmer's Coconut Oil Formula Moisture Boost Protein Pack 60g. A skincare product. Supplied as 60g.,No regulation
simple,5060599182216,Mad Beauty Let It Snow Frosted Berries Fragrance Hand Cream Set 30ml,0,0,0,2.99,taxable,,Skincare,Mad Beauty Let It Snow Frosted Berries Fragrance Hand Cream Set 30ml. A skincare product. Supplied as 30ml.,No regulation
simple,5055586605076,Eight Triple Eight Caffeine Conditioner 1000ml,0,0,0,2.99,taxable,,Hair Care,Eight Triple Eight Caffeine Conditioner 1000ml. A hair care product. Supplied as 1000ml.,No regulation
simple,7333350868147,Epaderm Cream Junior 50g,0,0,0,2.99,taxable,,Skincare,Epaderm Cream Junior 50g. A skincare product. Supplied as 50g.,No regulation
simple,5025903022237,Careway Digital Thermometer,0,0,0,2.99,taxable,,First Aid,"Careway Digital Thermometer. Always read the label and any leaflet supplied. If symptoms persist, speak to your pharmacist or doctor.",No regulation
simple,0017854107441,Baylis & Harding Goodness Kids Lavender & Vanilla Natural Bubble Bath 500ml,0,0,0,2.99,taxable,,Beauty,Baylis & Harding Goodness Kids Lavender & Vanilla Natural Bubble Bath 500ml. A health and beauty product. Supplied as 500ml.,No regulation
simple,3600520337630,L'Oréal Paris Kids 2 in 1 Tropical Mango Shampoo 250ml,0,0,0,2.99,taxable,,Hair Care,L'Oréal Paris Kids 2 in 1 Tropical Mango Shampoo 250ml. A hair care product. Supplied as 250ml.,No regulation
simple,7702018400102,Gillette Satin Care Dry Skin Olay Vitamin E Burst Shave Gel 200ml,0,0,0,2.99,taxable,,Men's Grooming,Gillette Satin Care Dry Skin Olay Vitamin E Burst Shave Gel 200ml. A men's grooming product. Supplied as 200ml.,No regulation
simple,5025135118654,Malibu Kids Lotion SPF50 100ml,0,0,0,2.99,taxable,,Skincare,Malibu Kids Lotion SPF50 100ml. A skincare product. Supplied as 100ml.,No regulation
simple,5010441013212,Numark Paracetamol Suspension Cherry 120mg/5ml 100ml,0,0,0,2.99,taxable,,Pain Relief,"Numark Paracetamol Suspension Cherry 120mg/5ml 100ml. Always read the label and any leaflet supplied. If symptoms persist, speak to your pharmacist or doctor. Supplied as 100ml.",GSL
simple,4015400684480,Always Infinity FlexProtect Long Pads with Wings 11 Pack,0,0,0,2.99,taxable,zero-rate,Women's Health,Always Infinity FlexProtect Long Pads with Wings 11 Pack. A women's health product. Supplied as 11 Pack.,No regulation
simple,4005900952189,Nivea 3 in 1 Caring Facial Cleansing for Dry Skin Wipes 25 Pack,0,0,0,2.99,taxable,,Skincare,Nivea 3 in 1 Caring Facial Cleansing for Dry Skin Wipes 25 Pack. A skincare product. Supplied as 25 Pack.,No regulation
simple,5060119660040,Lumecare Carbomer Cooling & Soothing Eye Gel 10g,0,0,0,2.99,taxable,,Skincare,Lumecare Carbomer Cooling & Soothing Eye Gel 10g. A skincare product. Supplied as 10g.,No regulation
simple,5025970004693,Nivea Love Lips Lip Balm Gift Set 3 Pack,0,0,0,2.99,taxable,,Skincare,Nivea Love Lips Lip Balm Gift Set 3 Pack. A skincare product. Supplied as 3 Pack.,No regulation
simple,0309978695325,Revlon Colorsilk Permanent Hair Colour 32 Dark Mahogany Brown,0,0,0,2.99,taxable,,Hair Care,Revlon Colorsilk Permanent Hair Colour 32 Dark Mahogany Brown. A hair care product.,No regulation
simple,4005900952196,Nivea Visage Gentle Facial Cleansing Wipes Pack Of 25,0,0,0,2.99,taxable,,Skincare,Nivea Visage Gentle Facial Cleansing Wipes Pack Of 25. A skincare product.,No regulation
simple,3574661634739,Aveeno Daily Moisturising Body Lotion 100ml,0,0,0,2.99,taxable,,Skincare,Aveeno Daily Moisturising Body Lotion 100ml. A skincare product. Supplied as 100ml.,No regulation
simple,5060599182193,Mad Beauty Let It Snow Ice Vanilla Fragrance Hand Cream Set 30ml,0,0,0,2.99,taxable,,Skincare,Mad Beauty Let It Snow Ice Vanilla Fragrance Hand Cream Set 30ml. A skincare product. Supplied as 30ml.,No regulation
simple,3616302638673,Max Factor Miracle Pure Foundation Ganache Spf30 105,0,0,0,2.99,taxable,,Skincare,Max Factor Miracle Pure Foundation Ganache Spf30 105. A skincare product.,No regulation
simple,5012251012119,Beauty Formulas Active Mouthwash Soft Mint Alcohol Free 750ml,0,0,0,2.99,taxable,,Oral Care,Beauty Formulas Active Mouthwash Soft Mint Alcohol Free 750ml. An oral care product. Supplied as 750ml.,No regulation
simple,0079400204455,Toni & Guy Illuminate Blonde Conditioner 250ml,0,0,0,2.99,taxable,,Hair Care,Toni & Guy Illuminate Blonde Conditioner 250ml. A hair care product. Supplied as 250ml.,No regulation
simple,0017854100183,Baylis & Harding Goodness Rose & Geranium Hand Wash 500ml,0,0,0,2.99,taxable,,Beauty,Baylis & Harding Goodness Rose & Geranium Hand Wash 500ml. A health and beauty product. Supplied as 500ml.,No regulation
simple,5000174003451,Old Spice Original Deodorant Stick 50ml,0,0,0,2.99,taxable,,Beauty,Old Spice Original Deodorant Stick 50ml. A health and beauty product. Supplied as 50ml.,No regulation
simple,5011417579169,Senokot 7.5mg 20 Tablets,0,0,0,2.99,taxable,,Vitamins,Senokot 7.5mg 20 Tablets. A vitamins and supplements product. Supplied as 20 Tablets.,GSL
simple,0309978695745,Revlon Colorsilk Permanent Hair Colour 74 Medium Blonde,0,0,0,2.99,taxable,,Hair Care,Revlon Colorsilk Permanent Hair Colour 74 Medium Blonde. A hair care product.,No regulation
simple,5011309142716,Radian B Pain Relief Spray 100ml,0,0,0,2.99,taxable,,Pain Relief,"Radian B Pain Relief Spray 100ml. Always read the label and any leaflet supplied. If symptoms persist, speak to your pharmacist or doctor. Supplied as 100ml.",No regulation
simple,3600522107941,L'Oréal Men Expert Carbon Protect 48H Anti-Perspirant Deodorant 50ml,0,0,0,2.99,taxable,,Beauty,L'Oréal Men Expert Carbon Protect 48H Anti-Perspirant Deodorant 50ml. A health and beauty product. Supplied as 50ml.,No regulation
simple,5011451103948,Simple Kind To Skin Replenishing Rich Moisturiser 125ml,0,0,0,2.99,taxable,,Skincare,Simple Kind To Skin Replenishing Rich Moisturiser 125ml. A skincare product. Supplied as 125ml.,No regulation
simple,5025903022756,Careway Paracetamol Cherry 200ml,0,0,0,2.99,taxable,zero-rate,Pain Relief,"Careway Paracetamol Cherry 200ml. Prescription-only medicine, supplied after an online consultation with our pharmacist. Always read the label and any leaflet supplied. If symptoms persist, speak to your pharmacist or doctor. Supplied as 200ml.",P
simple,0017854100206,Baylis & Harding Goodness Lemongrass & Ginger Body Wash 500ml,0,0,0,2.99,taxable,,Beauty,Baylis & Harding Goodness Lemongrass & Ginger Body Wash 500ml. A health and beauty product. Supplied as 500ml.,No regulation
simple,5037353001601,Skins Flavoured Condoms 4 Pack,0,0,0,2.99,taxable,reduced-rate,Sexual Wellness,"Skins Flavoured Condoms 4 Pack. Always read the label and any leaflet supplied. If symptoms persist, speak to your pharmacist or doctor. Supplied as 4 Pack.",No regulation
simple,8710847954337,Lynx Africa 25 Years Mini Set 3Pc,0,0,0,2.99,taxable,,Beauty,Lynx Africa 25 Years Mini Set 3Pc. A health and beauty product.,No regulation
simple,5060410573728,Beauty Kitchen Natruline Natural 20g,0,0,0,2.99,taxable,,General Health,Beauty Kitchen Natruline Natural 20g. A health and wellbeing product. Supplied as 20g.,No regulation
simple,5010724512074,Answer One Step Pregnancy Test 1 Pack,0,0,0,2.99,taxable,,Testing & Monitoring,"Answer One Step Pregnancy Test 1 Pack. Always read the label and any leaflet supplied. If symptoms persist, speak to your pharmacist or doctor. Supplied as 1 Pack.",No regulation
simple,3600523583324,L'Oréal Elvive Dream Lengths Shampoo 250ml,0,0,0,2.99,taxable,,Hair Care,L'Oréal Elvive Dream Lengths Shampoo 250ml. A hair care product. Supplied as 250ml.,No regulation
simple,5022545145454,Disney Princess Berry Breeze Bubble Bath & Wash 300ml,0,0,0,2.99,taxable,,Beauty,Disney Princess Berry Breeze Bubble Bath & Wash 300ml. A health and beauty product. Supplied as 300ml.,No regulation
simple,8006540584101,Always Ultra Day Long Wings 11 Pads,0,0,0,2.99,taxable,zero-rate,Women's Health,Always Ultra Day Long Wings 11 Pads. A women's health product. Supplied as 11 Pads.,No regulation
simple,3574669908108,Johnson's Baby Lotion Pink 500ml,0,0,0,2.99,taxable,,Baby & Child,Johnson's Baby Lotion Pink 500ml. A baby and child product. Supplied as 500ml.,No regulation
simple,5010724527542,Batiste Dry Shampoo XXL Volume 200ml,0,0,0,2.99,taxable,,Hair Care,Batiste Dry Shampoo XXL Volume 200ml. A hair care product. Supplied as 200ml.,No regulation
simple,5010441014394,Numark Pregnancy Care 30 Tablets,0,0,0,2.99,taxable,,Vitamins,Numark Pregnancy Care 30 Tablets. A vitamins and supplements product. Supplied as 30 Tablets.,No regulation
simple,4015400562870,Always Dailies Flexistyle Slim Fresh Scent Liners 74 Pack,0,0,0,2.99,taxable,zero-rate,Women's Health,Always Dailies Flexistyle Slim Fresh Scent Liners 74 Pack. A women's health product. Supplied as 74 Pack.,No regulation
simple,5010441015308,Numark Black Eyeshade,0,0,0,2.99,taxable,,General Health,Numark Black Eyeshade. A health and wellbeing product.,No regulation
simple,0017854107458,Baylis & Harding Goodness Kids Strawberry Swirl Natural Body Wash 500ml,0,0,0,2.99,taxable,,Beauty,Baylis & Harding Goodness Kids Strawberry Swirl Natural Body Wash 500ml. A health and beauty product. Supplied as 500ml.,No regulation
simple,0017854116535,Baylis & Harding Goodness Tonka Bean & Neroli Hand Wash 500ml,0,0,0,2.99,taxable,,Beauty,Baylis & Harding Goodness Tonka Bean & Neroli Hand Wash 500ml. A health and beauty product. Supplied as 500ml.,No regulation
simple,0309976623818,Revlon Colorsilk Permanent Hair Colour 81 Light Blonde,0,0,0,2.99,taxable,,Hair Care,Revlon Colorsilk Permanent Hair Colour 81 Light Blonde. A hair care product.,No regulation
simple,8720182513939,Tresemme Revitalise Colour Conditioner 300ml,0,0,0,2.99,taxable,,Hair Care,Tresemme Revitalise Colour Conditioner 300ml. A hair care product. Supplied as 300ml.,No regulation
simple,0017854107472,Baylis & Harding Goodness Kids Watermelon Crush Conditioning Shampoo 500ml,0,0,0,2.99,taxable,,Hair Care,Baylis & Harding Goodness Kids Watermelon Crush Conditioning Shampoo 500ml. A hair care product. Supplied as 500ml.,No regulation
simple,5010605402814,Alka Seltzer Original Aspirin 10 Effervescent Tablets,0,0,0,2.99,taxable,,Pain Relief,"Alka Seltzer Original Aspirin 10 Effervescent Tablets. Always read the label and any leaflet supplied. If symptoms persist, speak to your pharmacist or doctor. Supplied as 10 Effervescent.",GSL
simple,5010724525951,Femfresh Ultimate Care Soothing Wash 250ml,0,0,0,2.99,taxable,,Beauty,Femfresh Ultimate Care Soothing Wash 250ml. A health and beauty product. Supplied as 250ml.,No regulation
simple,8718114621371,Dove Intensive Repair Shampoo 250ml,0,0,0,2.99,taxable,,Hair Care,Dove Intensive Repair Shampoo 250ml. A hair care product. Supplied as 250ml.,No regulation
simple,5060849633451,I Love Bath & Shower Coconut& Cream 750ml,0,0,0,2.99,taxable,,Skincare,I Love Bath & Shower Coconut& Cream 750ml. A skincare product. Supplied as 750ml.,No regulation
simple,8017331090022,Bionsen Mineral Active Roll On for Men 50ml,0,0,0,2.99,taxable,,Men's Health,Bionsen Mineral Active Roll On for Men 50ml. A men's health product. Supplied as 50ml.,No regulation
simple,5037200102710,Oh K! Sheet Mask Rejuvenating Niacinamide 34ml,0,0,0,2.99,taxable,,Skincare,Oh K! Sheet Mask Rejuvenating Niacinamide 34ml. A skincare product. Supplied as 34ml.,No regulation
simple,0017854117099,Baylis & Harding The EDIT Cherry Temptation Hand Wash 400ml,0,0,0,2.99,taxable,,Beauty,Baylis & Harding The EDIT Cherry Temptation Hand Wash 400ml. A health and beauty product. Supplied as 400ml.,No regulation
simple,5012583212713,Palette 1-1 Blue Black Hair Dye,0,0,0,2.99,taxable,,Hair Care,Palette 1-1 Blue Black Hair Dye. A hair care product.,No regulation
simple,3600521704370,L'Oréal Elvive Shampoo Full Restore 250ml,0,0,0,2.99,taxable,,Hair Care,L'Oréal Elvive Shampoo Full Restore 250ml. A hair care product. Supplied as 250ml.,No regulation
simple,5037353000239,Skins Dots & Ribs Condoms 4 Pack,0,0,0,2.99,taxable,reduced-rate,Sexual Wellness,"Skins Dots & Ribs Condoms 4 Pack. Always read the label and any leaflet supplied. If symptoms persist, speak to your pharmacist or doctor. Supplied as 4 Pack.",No regulation
simple,5016379320019,Salactol Wart Paint 10ml,0,0,0,2.99,taxable,,Skincare,"Salactol Wart Paint 10ml. Prescription-only medicine, supplied after an online consultation with our pharmacist. Always read the label and any leaflet supplied. If symptoms persist, speak to your pharmacist or doctor. Supplied as 10ml.",P
simple,5031413929843,Face Facts Mango Butter Body Scrub 400 g,0,0,0,2.99,taxable,,Skincare,Face Facts Mango Butter Body Scrub 400 g. A skincare product. Supplied as 400 g.,No regulation
simple,0010181043352,Palmer's Cocoa Butter Formula Concentrated Cream 60g,0,0,0,2.99,taxable,,Skincare,Palmer's Cocoa Butter Formula Concentrated Cream 60g. A skincare product. Supplied as 60g.,No regulation
simple,3600523582259,L'Oréal Men Expert 50ml Roll On Stop Stress,0,0,0,2.99,taxable,,General Health,L'Oréal Men Expert 50ml Roll On Stop Stress. A health and wellbeing product. Supplied as 50ml.,No regulation
simple,5010605300479,Rennie Chewable Orange 24 Tablets,0,0,0,2.99,taxable,,Digestive,"Rennie Chewable Orange 24 Tablets. Always read the label and any leaflet supplied. If symptoms persist, speak to your pharmacist or doctor. Supplied as 24 Tablets.",GSL
simple,5012583212614,Palette 3-65 Chocolate Brown Hair Dye,0,0,0,2.99,taxable,,Hair Care,Palette 3-65 Chocolate Brown Hair Dye. A hair care product.,No regulation
simple,5410076390779,Aussie 3 Minute Miracle Nourish 250ml,0,0,0,2.99,taxable,,General Health,Aussie 3 Minute Miracle Nourish 250ml. A health and wellbeing product. Supplied as 250ml.,No regulation
simple,8006540801512,Pantene Shampoo Repair & Protect 400ml,0,0,0,2.99,taxable,,Hair Care,Pantene Shampoo Repair & Protect 400ml. A hair care product. Supplied as 400ml.,No regulation
simple,8001090131294,Always Comfort Protect Normal Daily Liners 80's,0,0,0,2.99,taxable,zero-rate,Women's Health,Always Comfort Protect Normal Daily Liners 80's. A women's health product.,No regulation
simple,8006540801536,Pantene Shampoo Smooth & Silky 400ml,0,0,0,2.99,taxable,,Hair Care,Pantene Shampoo Smooth & Silky 400ml. A hair care product. Supplied as 400ml.,No regulation
simple,5010441001653,Numark Crepe Bandage 10cm,0,0,0,2.99,taxable,,First Aid,"Numark Crepe Bandage 10cm. Always read the label and any leaflet supplied. If symptoms persist, speak to your pharmacist or doctor.",No regulation
simple,3361370018994,Milton 30 Antibacterial Surface Wipes,0,0,0,2.99,taxable,,Beauty,Milton 30 Antibacterial Surface Wipes. A health and beauty product.,No regulation
simple,3600523438051,L'Oréal Men Expert Invincible Sport 96Hr Anti-Perspirant 50ml,0,0,0,2.99,taxable,,Beauty,L'Oréal Men Expert Invincible Sport 96Hr Anti-Perspirant 50ml. A health and beauty product. Supplied as 50ml.,No regulation
simple,8006540801567,Pantene Shampoo Classic 400ml,0,0,0,2.99,taxable,,Hair Care,Pantene Shampoo Classic 400ml. A hair care product. Supplied as 400ml.,No regulation
simple,3614229788792,Max Factor Eyefinity Liquid Mono Eyeshadow Precious Gold,0,0,0,2.99,taxable,,Beauty,Max Factor Eyefinity Liquid Mono Eyeshadow Precious Gold. A health and beauty product.,No regulation
simple,8714789859415,Colgate Max White One Luminous Toothpaste 75ml,0,0,0,2.99,taxable,,Oral Care,Colgate Max White One Luminous Toothpaste 75ml. An oral care product. Supplied as 75ml.,No regulation
simple,42449485,Nivea Sun Suncream Lotion SPF50+ Kids Protect & Care Pocket Size 50ml,0,0,0,2.99,taxable,,Skincare,Nivea Sun Suncream Lotion SPF50+ Kids Protect & Care Pocket Size 50ml. A skincare product. Supplied as 50ml.,No regulation
simple,5037353000260,Skins Ultra Thin Condoms 4 Pack,0,0,0,2.99,taxable,reduced-rate,Sexual Wellness,"Skins Ultra Thin Condoms 4 Pack. Always read the label and any leaflet supplied. If symptoms persist, speak to your pharmacist or doctor. Supplied as 4 Pack.",No regulation
simple,8714789417066,Colgate Toothbrush Max White,0,0,0,2.99,taxable,,Oral Care,Colgate Toothbrush Max White. An oral care product.,No regulation
simple,8710447223321,TRESemmé Conditioner Nourish & Replenish 700ml,0,0,0,2.99,taxable,,Hair Care,TRESemmé Conditioner Nourish & Replenish 700ml. A hair care product. Supplied as 700ml.,No regulation
simple,8710908559235,Dove Go Fresh Pear & Aloe Vera Antiperspirant 150ml,0,0,0,2.99,taxable,,Beauty,Dove Go Fresh Pear & Aloe Vera Antiperspirant 150ml. A health and beauty product. Supplied as 150ml.,No regulation
simple,3616303251598,Max Factor Miracle Pure Concealer 080,0,0,0,2.99,taxable,,Beauty,Max Factor Miracle Pure Concealer 080. A health and beauty product.,No regulation
simple,0017854100237,Baylis & Harding Goodness Sea Kelp & Peppermint Body Wash 500ml,0,0,0,2.99,taxable,,Beauty,Baylis & Harding Goodness Sea Kelp & Peppermint Body Wash 500ml. A health and beauty product. Supplied as 500ml.,No regulation
simple,3600524055752,L'Oréal Elvive Nutri-Gloss Shine Conditioner 200ml,0,0,0,2.99,taxable,,Hair Care,L'Oréal Elvive Nutri-Gloss Shine Conditioner 200ml. A hair care product. Supplied as 200ml.,No regulation
simple,5054805050505,Witch Don’t Stress Spot Patches 36’s,0,0,0,2.99,taxable,,General Health,Witch Don’t Stress Spot Patches 36’s. A health and wellbeing product.,No regulation
simple,7350075692925,The Humble Co. Interdental Brush Red Size 2 8 Pack,0,0,0,2.99,taxable,,Oral Care,The Humble Co. Interdental Brush Red Size 2 8 Pack. An oral care product. Supplied as 8 Pack.,No regulation
simple,5010441002865,Diarrhoea Relief - Loperamide Hydrochloride 2mg 12 Capsules,0,0,0,2.99,taxable,,Digestive,"Diarrhoea Relief - Loperamide Hydrochloride 2mg 12 Capsules. Prescription-only medicine, supplied after an online consultation with our pharmacist. Always read the label and any leaflet supplied. If symptoms persist, speak to your pharmacist or doctor. Supplied as 12 Capsules.",P
simple,9329401000794,The Goat Calming Skincare Cream 100ml,0,0,0,2.99,taxable,,Skincare,The Goat Calming Skincare Cream 100ml. A skincare product. Supplied as 100ml.,No regulation
simple,5012616291838,Solpadeine Headache Soluble 16 Tablets,0,0,0,2.99,taxable,,Pain Relief,"Solpadeine Headache Soluble 16 Tablets. Always read the label and any leaflet supplied. If symptoms persist, speak to your pharmacist or doctor. Supplied as 16 Tablets.",GSL
simple,4005800268090,Elastoplast Kids Plaster Marvel Avengers 20 Pack,0,0,0,2.99,taxable,,First Aid,"Elastoplast Kids Plaster Marvel Avengers 20 Pack. Always read the label and any leaflet supplied. If symptoms persist, speak to your pharmacist or doctor. Supplied as 20 Pack.",No regulation
simple,0017854100220,Baylis & Harding Goodness Rose & Geranium Body Wash 500ml,0,0,0,2.99,taxable,,Beauty,Baylis & Harding Goodness Rose & Geranium Body Wash 500ml. A health and beauty product. Supplied as 500ml.,No regulation
simple,5012583212690,Palette 6-0 Light Brown Hair Dye,0,0,0,2.99,taxable,,Hair Care,Palette 6-0 Light Brown Hair Dye. A hair care product.,No regulation
simple,5000477723230,Pro-Plus Caffeine 24 Tablets,0,0,0,2.99,taxable,,Vitamins,Pro-Plus Caffeine 24 Tablets. A vitamins and supplements product. Supplied as 24 Tablets.,No regulation
simple,5037353001731,Skins Bubblegum Condoms 4 Pack,0,0,0,2.99,taxable,reduced-rate,Sexual Wellness,"Skins Bubblegum Condoms 4 Pack. Always read the label and any leaflet supplied. If symptoms persist, speak to your pharmacist or doctor. Supplied as 4 Pack.",No regulation
simple,5410076498758,Head & Shoulders Itchy Scalp Eucalyptus Anti-Dandruff Shampoo 250ml,0,0,0,2.99,taxable,,Hair Care,Head & Shoulders Itchy Scalp Eucalyptus Anti-Dandruff Shampoo 250ml. A hair care product. Supplied as 250ml.,No regulation
simple,5029053565873,Kleenex Extra Large Tissues 2 Pack,0,0,0,2.99,taxable,,General Health,Kleenex Extra Large Tissues 2 Pack. A health and wellbeing product. Supplied as 2 Pack.,No regulation
simple,5010249031586,FSC Iron Complex 14mg 30 Capsules,0,0,0,2.99,taxable,,Vitamins,FSC Iron Complex 14mg 30 Capsules. A vitamins and supplements product. Supplied as 30 Capsules.,No regulation
simple,8710908711527,Simple Water Boost Micellar Cleansing Water 200ml,0,0,0,2.99,taxable,,Skincare,Simple Water Boost Micellar Cleansing Water 200ml. A skincare product. Supplied as 200ml.,No regulation
simple,8006540988343,Pantene Conditioner Repair/Protect Pro-V 275ml,0,0,0,2.99,taxable,,Hair Care,Pantene Conditioner Repair/Protect Pro-V 275ml. A hair care product. Supplied as 275ml.,No regulation
simple,0634158938504,Applied Nutrition Bottle & Shaker 700ml,0,0,0,2.99,taxable,,Vitamins,Applied Nutrition Bottle & Shaker 700ml. A vitamins and supplements product. Supplied as 700ml.,No regulation
simple,5012583212553,Palette 4-0 Soft Mid Brown Hair Dye,0,0,0,2.99,taxable,,Hair Care,Palette 4-0 Soft Mid Brown Hair Dye. A hair care product.,No regulation
simple,5012008714105,Inecto Naturals Miracle Hair Mask Glossy Shine 450ml,0,0,0,2.99,taxable,,Hair Care,Inecto Naturals Miracle Hair Mask Glossy Shine 450ml. A hair care product. Supplied as 450ml.,No regulation
simple,0017854116528,Baylis & Harding Goodness Tonka Bean & Neroli Body Wash 500ml,0,0,0,2.99,taxable,,Beauty,Baylis & Harding Goodness Tonka Bean & Neroli Body Wash 500ml. A health and beauty product. Supplied as 500ml.,No regulation
simple,0017854100244,Baylis & Harding Goodness Lemongrass & Ginger Bath Soak 500ml,0,0,0,2.99,taxable,,Beauty,Baylis & Harding Goodness Lemongrass & Ginger Bath Soak 500ml. A health and beauty product. Supplied as 500ml.,No regulation
simple,0017854109292,Baylis & Harding Sweet Mandarin & Grapefruit Hand Wash 1L Refill,0,0,0,2.99,taxable,,Beauty,Baylis & Harding Sweet Mandarin & Grapefruit Hand Wash 1L Refill. A health and beauty product. Supplied as 1L.,No regulation
simple,5054805050499,Witch Don't Stress Face Mask 75ml,0,0,0,2.99,taxable,,Skincare,Witch Don't Stress Face Mask 75ml. A skincare product. Supplied as 75ml.,No regulation
simple,5055565706435,Sildenafil Accord 25mg 4 Tablets,0,0,0,2.99,taxable,zero-rate,Sexual Wellness,"Sildenafil Accord 25mg 4 Tablets. Prescription-only medicine, supplied after an online consultation with our pharmacist. Always read the label and any leaflet supplied. If symptoms persist, speak to your pharmacist or doctor. Supplied as 4 Tablets.",P
simple,5060057402931,Almus Co-codamol 8/500 32 Tablets,0,0,0,2.99,taxable,,Pain Relief,"Almus Co-codamol 8/500 32 Tablets. Prescription-only medicine, supplied after an online consultation with our pharmacist. Always read the label and any leaflet supplied. If symptoms persist, speak to your pharmacist or doctor. Supplied as 32 Tablets.",P
simple,3600523232550,L'Oréal Men Expert Shower Gel Clean Power 300ml,0,0,0,2.99,taxable,,Beauty,L'Oréal Men Expert Shower Gel Clean Power 300ml. A health and beauty product. Supplied as 300ml.,No regulation
simple,5010441013861,Numark Peppermint Flavour Antacid 48 Pack,0,0,0,2.99,taxable,,General Health,Numark Peppermint Flavour Antacid 48 Pack. A health and wellbeing product. Supplied as 48 Pack.,GSL
simple,3614226759207,Max Factor Excess Intensity Eye Liner Excessive Silver 05,0,0,0,2.99,taxable,,General Health,Max Factor Excess Intensity Eye Liner Excessive Silver 05. A health and wellbeing product.,No regulation
simple,8006540404645,Always Cotton Prootection Normal Wings 22 Pack,0,0,0,2.99,taxable,zero-rate,Women's Health,Always Cotton Prootection Normal Wings 22 Pack. A women's health product. Supplied as 22 Pack.,No regulation
simple,5014697010759,Witch Doctor Gel 35ml,0,0,0,2.99,taxable,,Skincare,Witch Doctor Gel 35ml. A skincare product. Supplied as 35ml.,No regulation
simple,8710847963469,Dove Essential Care Hand Cream 75ml,0,0,0,2.99,taxable,,Skincare,Dove Essential Care Hand Cream 75ml. A skincare product. Supplied as 75ml.,No regulation
simple,5060133373827,Vizulize Irritated Eye Drops 10ml,0,0,0,2.99,taxable,,Eye Care,"Vizulize Irritated Eye Drops 10ml. Always read the label and any leaflet supplied. If symptoms persist, speak to your pharmacist or doctor. Supplied as 10ml.",No regulation
simple,5038581088044,Yankee Candle Home Raspberry Sundae 104g,0,0,0,2.99,taxable,,Beauty,Yankee Candle Home Raspberry Sundae 104g. A health and beauty product. Supplied as 104g.,No regulation
simple,5033852190228,PillMate Pillcutter,0,0,0,2.99,taxable,,General Health,PillMate Pillcutter. A health and wellbeing product.,No regulation
simple,8001841703435,Always Platinum Day & Night Wings 20 Pack,0,0,0,2.99,taxable,zero-rate,Women's Health,Always Platinum Day & Night Wings 20 Pack. A women's health product. Supplied as 20 Pack.,No regulation
simple,5010724533673,Femfresh Intimate Skin Care Sensitive Intimate Wash 250ml,0,0,0,2.99,taxable,,Sexual Wellness,"Femfresh Intimate Skin Care Sensitive Intimate Wash 250ml. Always read the label and any leaflet supplied. If symptoms persist, speak to your pharmacist or doctor. Supplied as 250ml.",No regulation
simple,0615908428674,Tigi Bed Head Rockaholic Punked Up Strong Hold Gel 200ml,0,0,0,2.99,taxable,,Skincare,Tigi Bed Head Rockaholic Punked Up Strong Hold Gel 200ml. A skincare product. Supplied as 200ml.,No regulation
simple,5060410573735,Beauty Kitchen Natruline Vegan 20g,0,0,0,2.99,taxable,,General Health,Beauty Kitchen Natruline Vegan 20g. A health and wellbeing product. Supplied as 20g.,No regulation
simple,5011831096914,Mates Protect Extra Safe Condoms 9 Pack,0,0,0,2.99,taxable,reduced-rate,Sexual Wellness,"Mates Protect Extra Safe Condoms 9 Pack. Always read the label and any leaflet supplied. If symptoms persist, speak to your pharmacist or doctor. Supplied as 9 Pack.",No regulation
simple,5060599182209,Mad Beauty Let It Snow Winter Pear Fragrance Hand Cream Set 30ml,0,0,0,2.99,taxable,,Skincare,Mad Beauty Let It Snow Winter Pear Fragrance Hand Cream Set 30ml. A skincare product. Supplied as 30ml.,No regulation
simple,5052197026016,Durex Pleasure Me Condoms 6 Pack,0,0,0,2.99,taxable,reduced-rate,Sexual Wellness,"Durex Pleasure Me Condoms 6 Pack. Always read the label and any leaflet supplied. If symptoms persist, speak to your pharmacist or doctor. Supplied as 6 Pack.",No regulation
simple,8720181347221,Dove Go Fresh Antiperspirant Deodorant Aerosol Pomegranate 150ml,0,0,0,2.99,taxable,,Beauty,Dove Go Fresh Antiperspirant Deodorant Aerosol Pomegranate 150ml. A health and beauty product. Supplied as 150ml.,No regulation
simple,8710447244647,Dove Invisible Care Antiperspirant Spray 250ml,0,0,0,2.99,taxable,,Beauty,Dove Invisible Care Antiperspirant Spray 250ml. A health and beauty product. Supplied as 250ml.,No regulation
simple,5038581096049,Yankee Candle Home Inspiration Vanilla Frosting Wax Melts 75g,0,0,0,2.99,taxable,,First Aid,"Yankee Candle Home Inspiration Vanilla Frosting Wax Melts 75g. Always read the label and any leaflet supplied. If symptoms persist, speak to your pharmacist or doctor. Supplied as 75g.",No regulation
simple,5054563042118,Sensodyne Daily Care Gentle Whitening Toothpaste 75ml,0,0,0,2.99,taxable,,Oral Care,Sensodyne Daily Care Gentle Whitening Toothpaste 75ml. An oral care product. Supplied as 75ml.,No regulation
simple,5034445001952,The Body Doctor AB Mask Anti-Fog Cloth,0,0,0,2.99,taxable,,Skincare,The Body Doctor AB Mask Anti-Fog Cloth. A skincare product.,No regulation
simple,5060053020184,Mooncup Pads with Wings Heavy/Night 10 pack,0,0,0,2.99,taxable,zero-rate,General Health,Mooncup Pads with Wings Heavy/Night 10 pack. A health and wellbeing product. Supplied as 10 pack.,No regulation
simple,5391531562224,Spotlight Oral Care Plaque Disclosing Tablets,0,0,0,2.99,taxable,,Oral Care,Spotlight Oral Care Plaque Disclosing Tablets. An oral care product.,No regulation
simple,5060176670365,Dr. Organic Tea Tree Lip Balm 5.7ml,0,0,0,2.99,taxable,,Skincare,Dr. Organic Tea Tree Lip Balm 5.7ml. A skincare product. Supplied as 5.7ml.,No regulation
simple,7350075692918,The Humble Co. Interdental Brush Pink Size 0 8 Pack,0,0,0,2.99,taxable,,Oral Care,The Humble Co. Interdental Brush Pink Size 0 8 Pack. An oral care product. Supplied as 8 Pack.,No regulation
simple,3600520228525,L'Oreal Kids Very Berry Strawberry Conditioner 250ml,0,0,0,2.99,taxable,,Hair Care,L'Oreal Kids Very Berry Strawberry Conditioner 250ml. A hair care product. Supplied as 250ml.,No regulation
simple,3600523457991,L'Oreal Fine Flowers Rose & Jasmine Facial Cleansing Wipes 25 Pack,0,0,0,2.99,taxable,,Skincare,L'Oreal Fine Flowers Rose & Jasmine Facial Cleansing Wipes 25 Pack. A skincare product. Supplied as 25 Pack.,No regulation
simple,5060062991420,Lansinoh Nursing Pads 24 Pack,0,0,0,2.99,taxable,,General Health,Lansinoh Nursing Pads 24 Pack. A health and wellbeing product. Supplied as 24 Pack.,No regulation
simple,5025135117978,Malibu Bronzing Tan Oil SPF15 200ml,0,0,0,2.99,taxable,,Skincare,Malibu Bronzing Tan Oil SPF15 200ml. A skincare product. Supplied as 200ml.,No regulation
simple,8718951289161,Sanex Shower Gel Dermo-Moisturiser 500ml,0,0,0,2.99,taxable,,Skincare,Sanex Shower Gel Dermo-Moisturiser 500ml. A skincare product. Supplied as 500ml.,No regulation
simple,3361370037513,Milton Sterilising Fluid 500ml,0,0,0,2.99,taxable,,General Health,Milton Sterilising Fluid 500ml. A health and wellbeing product. Supplied as 500ml.,No regulation
simple,5060599183886,Friends Face Mask Set 3pc,0,0,0,2.99,taxable,,Skincare,Friends Face Mask Set 3pc. A skincare product.,No regulation
simple,5012654200595,Carnation Tofoam 1 Small & 1 Large Tube,0,0,0,2.99,taxable,,General Health,Carnation Tofoam 1 Small & 1 Large Tube. A health and wellbeing product.,No regulation
simple,5016007205008,Liquifilm Tears 15ml,0,0,0,2.99,taxable,,General Health,Liquifilm Tears 15ml. A health and wellbeing product. Supplied as 15ml.,No regulation
simple,5010724525937,Femfresh Hygiene Daily Intimate Wash 250ml,0,0,0,2.99,taxable,,Sexual Wellness,"Femfresh Hygiene Daily Intimate Wash 250ml. Always read the label and any leaflet supplied. If symptoms persist, speak to your pharmacist or doctor. Supplied as 250ml.",No regulation
simple,0017854109308,Baylis & Harding Signature Jasmine & Apple Blossom Hand Wash 1L Refill,0,0,0,2.99,taxable,,Beauty,Baylis & Harding Signature Jasmine & Apple Blossom Hand Wash 1L Refill. A health and beauty product. Supplied as 1L.,No regulation
simple,4005800237508,Elastoplast Fabric Extra Flexible 40 Plasters,0,0,0,2.99,taxable,,First Aid,"Elastoplast Fabric Extra Flexible 40 Plasters. Always read the label and any leaflet supplied. If symptoms persist, speak to your pharmacist or doctor.",No regulation
simple,5036631004068,Anbesol Adult Strength Gel 10g,0,0,0,2.99,taxable,,Skincare,Anbesol Adult Strength Gel 10g. A skincare product. Supplied as 10g.,GSL
simple,5037353004299,Skins Banana Condoms 4 Pack,0,0,0,2.99,taxable,reduced-rate,Sexual Wellness,"Skins Banana Condoms 4 Pack. Always read the label and any leaflet supplied. If symptoms persist, speak to your pharmacist or doctor. Supplied as 4 Pack.",No regulation
simple,5410076498642,Head & Shoulders Smooth & Silky Anti-Dandruff Shampoo 250ml,0,0,0,2.99,taxable,,Hair Care,Head & Shoulders Smooth & Silky Anti-Dandruff Shampoo 250ml. A hair care product. Supplied as 250ml.,No regulation
simple,0087614210285,Swanson Albion Boron Glycine 6mg 60 Capsules,0,0,0,2.99,taxable,,Vitamins,Swanson Albion Boron Glycine 6mg 60 Capsules. A vitamins and supplements product. Supplied as 60 Capsules.,No regulation
simple,8001841053806,Always Maxi Night ProFresh Pads 9 Pack,0,0,0,2.99,taxable,zero-rate,Women's Health,Always Maxi Night ProFresh Pads 9 Pack. A women's health product. Supplied as 9 Pack.,No regulation
simple,5000288304970,Scholl Foam Padding 7.5cm,0,0,0,2.99,taxable,,Supports & Braces,Scholl Foam Padding 7.5cm. A support and mobility product.,No regulation
simple,0080376010759,Profoot Heel Snugs One Size 1 Pair,0,0,0,2.99,taxable,,General Health,Profoot Heel Snugs One Size 1 Pair. A health and wellbeing product.,No regulation
simple,5012583212652,Palette 5-68 Golden Chestnut Hair Dye,0,0,0,2.99,taxable,,Hair Care,Palette 5-68 Golden Chestnut Hair Dye. A hair care product.,No regulation
simple,8712561655163,Dove Body Wash Revive Pomegranate & Lemon 500ml,0,0,0,2.99,taxable,,Beauty,Dove Body Wash Revive Pomegranate & Lemon 500ml. A health and beauty product. Supplied as 500ml.,No regulation
simple,5011417554630,Air Wick Reed Diffuser Precious Silk & Oriental Orchids 25ml,0,0,0,2.99,taxable,,Home & Household,Air Wick Reed Diffuser Precious Silk & Oriental Orchids 25ml. A home and household product. Supplied as 25ml.,No regulation
simple,4005900111456,Nivea Men Creme 75ml,0,0,0,2.99,taxable,,General Health,Nivea Men Creme 75ml. A health and wellbeing product. Supplied as 75ml.,No regulation
simple,3600523232642,L'Oréal Men Expert Shower Gel Invincible Ultimate Seduction 300ml,0,0,0,2.99,taxable,,Beauty,L'Oréal Men Expert Shower Gel Invincible Ultimate Seduction 300ml. A health and beauty product. Supplied as 300ml.,No regulation
simple,9329401000190,The Goat Skincare Soap Bar with Manuka Honey 100g,0,0,0,2.99,taxable,,Skincare,The Goat Skincare Soap Bar with Manuka Honey 100g. A skincare product. Supplied as 100g.,No regulation
simple,5010605300936,Rennie Liquid 150ml,0,0,0,2.99,taxable,,Digestive,"Rennie Liquid 150ml. Always read the label and any leaflet supplied. If symptoms persist, speak to your pharmacist or doctor. Supplied as 150ml.",GSL
simple,3616302638635,Max Factor Miracle Pure Concealer Mocha 093,0,0,0,2.99,taxable,,Beauty,Max Factor Miracle Pure Concealer Mocha 093. A health and beauty product.,No regulation
simple,7350075690020,The Humble Co. Brush Adult Yellow Soft 1 Pack,0,0,0,2.99,taxable,,General Health,The Humble Co. Brush Adult Yellow Soft 1 Pack. A health and wellbeing product. Supplied as 1 Pack.,No regulation
simple,8001090291035,Oral-B 3D White Arctic Fresh Toothpaste 75ml,0,0,0,2.99,taxable,,Oral Care,Oral-B 3D White Arctic Fresh Toothpaste 75ml. An oral care product. Supplied as 75ml.,No regulation
simple,5010724525944,Femfresh Active Wash 250ml,0,0,0,2.99,taxable,,Beauty,Femfresh Active Wash 250ml. A health and beauty product. Supplied as 250ml.,No regulation
simple,0309978695318,Revlon Colorsilk Permanent Hair Colour 31 Dark Auburn,0,0,0,2.99,taxable,,First Aid,"Revlon Colorsilk Permanent Hair Colour 31 Dark Auburn. Always read the label and any leaflet supplied. If symptoms persist, speak to your pharmacist or doctor.",No regulation
simple,5000283661894,Dulcolax Adult 5mg Gastro-Resistant 20 Tablets,0,0,0,2.99,taxable,,Digestive,"Dulcolax Adult 5mg Gastro-Resistant 20 Tablets. Always read the label and any leaflet supplied. If symptoms persist, speak to your pharmacist or doctor. Supplied as 20 Tablets.",GSL
simple,5023652326026,Nature's Aid Vitamin C 1000mg Effervescent 20 Tablets,0,0,0,2.99,taxable,,Vitamins,Nature's Aid Vitamin C 1000mg Effervescent 20 Tablets. A vitamins and supplements product. Supplied as 20 Tablets.,No regulation
simple,7322540123043,Bodyform Dailies Fresh & Protect Extra Long Liners 24 Pack,0,0,0,2.99,taxable,zero-rate,Women's Health,Bodyform Dailies Fresh & Protect Extra Long Liners 24 Pack. A women's health product. Supplied as 24 Pack.,No regulation
simple,5025903022695,Careway Rehydration Treatment Blackcurrant 6 Sachets,0,0,0,2.99,taxable,,Vitamins,Careway Rehydration Treatment Blackcurrant 6 Sachets. A vitamins and supplements product. Supplied as 6 Sachets.,GSL
simple,5391531561609,Spotlight Oral Care Bamboo Toothbrush Navy,0,0,0,2.99,taxable,,Oral Care,Spotlight Oral Care Bamboo Toothbrush Navy. An oral care product.,No regulation
simple,3614227927506,Max Factor Elixir Velvet Matte Raisin 65 Lipstick,0,0,0,2.99,taxable,,Beauty,Max Factor Elixir Velvet Matte Raisin 65 Lipstick. A health and beauty product.,No regulation
simple,5012583212539,Palette 7-0 Midway Blonde Hair Dye,0,0,0,2.99,taxable,,Hair Care,Palette 7-0 Midway Blonde Hair Dye. A hair care product.,No regulation
simple,8717163627099,Dove Men+Care Sport Active Fresh Antiperspirant Deodorant Spray 250ml,0,0,0,2.99,taxable,,Beauty,Dove Men+Care Sport Active Fresh Antiperspirant Deodorant Spray 250ml. A health and beauty product. Supplied as 250ml.,No regulation
simple,5014697033727,Vosene for Kids 3 In 1 Defence Spray 150ml,0,0,0,2.99,taxable,,Beauty,Vosene for Kids 3 In 1 Defence Spray 150ml. A health and beauty product. Supplied as 150ml.,No regulation
simple,8710908657979,Baby Dove Rich Moisture Shampoo 400ml,0,0,0,2.99,taxable,,Baby & Child,Baby Dove Rich Moisture Shampoo 400ml. A baby and child product. Supplied as 400ml.,No regulation
simple,4005900983893,Nivea 24H Moisture Repair & Care Caring Lip Balm 4.8g,0,0,0,2.99,taxable,,Skincare,Nivea 24H Moisture Repair & Care Caring Lip Balm 4.8g. A skincare product. Supplied as 4.8g.,No regulation
simple,0017854100268,Baylis & Harding Goodness Rose & Geranium Hand Cream 75ml,0,0,0,2.99,taxable,,Skincare,Baylis & Harding Goodness Rose & Geranium Hand Cream 75ml. A skincare product. Supplied as 75ml.,No regulation
simple,5054805042630,Witch Blemish Clearing Spot Gel 15ml,0,0,0,2.99,taxable,,Skincare,Witch Blemish Clearing Spot Gel 15ml. A skincare product. Supplied as 15ml.,No regulation
simple,8809483316293,Leaders Tea Tree Relaxing Skin Renewal Mask 25ml,0,0,0,2.99,taxable,,Skincare,Leaders Tea Tree Relaxing Skin Renewal Mask 25ml. A skincare product. Supplied as 25ml.,No regulation
simple,0017854117037,Baylis & Harding The EDIT Neroli Sands Hand Wash 400ml,0,0,0,2.99,taxable,,Beauty,Baylis & Harding The EDIT Neroli Sands Hand Wash 400ml. A health and beauty product. Supplied as 400ml.,No regulation
simple,96080962,Sure Compressed Active Dry Deodorant 75ml,0,0,0,2.99,taxable,,Beauty,Sure Compressed Active Dry Deodorant 75ml. A health and beauty product. Supplied as 75ml.,No regulation
simple,5012727906973,Wockhardt Co-Codamol 8/500mg 32 Caplets,0,0,0,2.99,taxable,,Pain Relief,"Wockhardt Co-Codamol 8/500mg 32 Caplets. Prescription-only medicine, supplied after an online consultation with our pharmacist. Always read the label and any leaflet supplied. If symptoms persist, speak to your pharmacist or doctor. Supplied as 500mg.",P
simple,0017854100275,Baylis & Harding Goodness Lemongrass & Ginger Hand Cream 75ml,0,0,0,2.99,taxable,,Skincare,Baylis & Harding Goodness Lemongrass & Ginger Hand Cream 75ml. A skincare product. Supplied as 75ml.,No regulation
simple,7702018271788,Gillette Sport Triumph 48h Anti-perspirant Gel 70ml,0,0,0,2.99,taxable,,Beauty,Gillette Sport Triumph 48h Anti-perspirant Gel 70ml. A health and beauty product. Supplied as 70ml.,No regulation
simple,50285662,Dove Go Fresh Cucumber & Green Tea Deodorant Stick 40ml,0,0,0,2.99,taxable,,Beauty,Dove Go Fresh Cucumber & Green Tea Deodorant Stick 40ml. A health and beauty product. Supplied as 40ml.,No regulation
simple,7322540852066,Tena Discreet Normal Pads 12 Pack,0,0,0,2.99,taxable,zero-rate,Continence,Tena Discreet Normal Pads 12 Pack. A continence care product. Supplied as 12 Pack.,No regulation
simple,0017854116955,Baylis & Harding The EDIT Twilight Amber Hand Wash 400ml,0,0,0,2.99,taxable,,Beauty,Baylis & Harding The EDIT Twilight Amber Hand Wash 400ml. A health and beauty product. Supplied as 400ml.,No regulation
simple,5010249020528,FSC L-Arginine 500mg 30 Capsules,0,0,0,2.99,taxable,,Vitamins,FSC L-Arginine 500mg 30 Capsules. A vitamins and supplements product. Supplied as 30 Capsules.,No regulation
simple,8720182513786,Tresemme Replenish & Cleanse Shampoo 300ml,0,0,0,2.99,taxable,,Hair Care,Tresemme Replenish & Cleanse Shampoo 300ml. A hair care product. Supplied as 300ml.,No regulation
simple,5060050351021,UltraDex Fresh Breath Spray 9ml,0,0,0,2.99,taxable,,Beauty,UltraDex Fresh Breath Spray 9ml. A health and beauty product. Supplied as 9ml.,No regulation
simple,5013692274104,Chupa Chups Lip Balm Gift Set,0,0,0,2.99,taxable,,Skincare,Chupa Chups Lip Balm Gift Set. A skincare product.,No regulation
simple,3600522783275,L'Oréal Paris Revitalift Revitalising Cleansing Wipes 25,0,0,0,2.99,taxable,,Skincare,L'Oréal Paris Revitalift Revitalising Cleansing Wipes 25. A skincare product.,No regulation
simple,8714789726168,Colgate Plax Coolmint Mouthwash 500ml,0,0,0,2.99,taxable,,Oral Care,Colgate Plax Coolmint Mouthwash 500ml. An oral care product. Supplied as 500ml.,No regulation
simple,5000167056464,Nurofen 200mg Caplets 12 Pack,0,0,0,2.99,taxable,,Pain Relief,"Nurofen 200mg Caplets 12 Pack. Always read the label and any leaflet supplied. If symptoms persist, speak to your pharmacist or doctor. Supplied as 12 Pack.",GSL
simple,4005800030611,Elastoplast Extra Tough Waterproof 12 Plasters,0,0,0,2.99,taxable,,First Aid,"Elastoplast Extra Tough Waterproof 12 Plasters. Always read the label and any leaflet supplied. If symptoms persist, speak to your pharmacist or doctor.",No regulation
simple,8006540358672,Fixodent Neutral Complete Denture Adhesive Cream 40g,0,0,0,2.99,taxable,,Oral Care,Fixodent Neutral Complete Denture Adhesive Cream 40g. An oral care product. Supplied as 40g.,No regulation
simple,5011408063882,L'Oréal Kids Very Berry Strawberry Shampoo 250ml,0,0,0,2.99,taxable,,Hair Care,L'Oréal Kids Very Berry Strawberry Shampoo 250ml. A hair care product. Supplied as 250ml.,No regulation
simple,5012008561402,Cuticura Original Anti Bacterial Hand Gel 250ml,0,0,0,2.99,taxable,,Skincare,Cuticura Original Anti Bacterial Hand Gel 250ml. A skincare product. Supplied as 250ml.,No regulation
simple,5038581160399,Yankee Candle Home Inspiration Summer Day Dream Wax Melts 75g,0,0,0,2.99,taxable,,Beauty,Yankee Candle Home Inspiration Summer Day Dream Wax Melts 75g. A health and beauty product. Supplied as 75g.,No regulation
simple,0309978695202,Revlon Colorsilk Permanent Hair Colour 20 Brown Black,0,0,0,2.99,taxable,,Hair Care,Revlon Colorsilk Permanent Hair Colour 20 Brown Black. A hair care product.,No regulation
simple,8718951684119,Colgate Total Original Toothpaste 75ml,0,0,0,2.99,taxable,,Oral Care,Colgate Total Original Toothpaste 75ml. An oral care product. Supplied as 75ml.,No regulation
simple,5000167009149,Dequadin 20 Lozenges,0,0,0,2.99,taxable,,Cold & Flu,"Dequadin 20 Lozenges. Prescription-only medicine, supplied after an online consultation with our pharmacist. Always read the label and any leaflet supplied. If symptoms persist, speak to your pharmacist or doctor. Supplied as 20 Lozenges.",P
simple,0017854117112,Baylis & Harding The EDIT Neroli Sands Body Wash 400ml,0,0,0,2.99,taxable,,Beauty,Baylis & Harding The EDIT Neroli Sands Body Wash 400ml. A health and beauty product. Supplied as 400ml.,No regulation
