Type,SKU,Name,Published,In stock?,Stock,Regular price,Tax status,Tax class,Categories,Description,Meta: _sp_regulation
simple,5038581152608,Yankee Candle Home Inspiration Pink Pine Wax Melts 75g,0,0,0,2.99,taxable,,Beauty,Yankee Candle Home Inspiration Pink Pine Wax Melts 75g. A health and beauty product. Supplied as 75g.,No regulation
simple,3600521848289,L'Oréal Paris Men Expert Fresh Extreme Deodorant 50ml,0,0,0,2.99,taxable,,Beauty,L'Oréal Paris Men Expert Fresh Extreme Deodorant 50ml. A health and beauty product. Supplied as 50ml.,No regulation
simple,5012999500589,Ramer Sponges Super Soft Body Sponge,0,0,0,2.99,taxable,,General Health,Ramer Sponges Super Soft Body Sponge. A health and wellbeing product.,No regulation
simple,7350075692673,The Humble Co. Dental Floss Fresh Mint 50m,0,0,0,2.99,taxable,,Oral Care,The Humble Co. Dental Floss Fresh Mint 50m. An oral care product.,No regulation
simple,8801619049600,Vaseline Original Lip Care 2 x 4.8g,0,0,0,2.99,taxable,,General Health,Vaseline Original Lip Care 2 x 4.8g. A health and wellbeing product. Supplied as 2 x 4.8g.,No regulation
simple,3014260776787,Oral-B Pro-Expert Cross Action All in One Toothbrush Soft,0,0,0,2.99,taxable,,Oral Care,Oral-B Pro-Expert Cross Action All in One Toothbrush Soft. An oral care product.,No regulation
simple,8001090066008,Always Discreet Pads Long Plus 8 Pack,0,0,0,2.99,taxable,zero-rate,Continence,Always Discreet Pads Long Plus 8 Pack. A continence care product. Supplied as 8 Pack.,No regulation
simple,7702018978120,Gillette Cool Wave 48h Anti-perspirant Gel 70ml,0,0,0,2.99,taxable,,Beauty,Gillette Cool Wave 48h Anti-perspirant Gel 70ml. A health and beauty product. Supplied as 70ml.,No regulation
simple,0010181025150,Palmer's Olive Oil Deep Conditioning Pack 60g,0,0,0,2.99,taxable,,Skincare,Palmer's Olive Oil Deep Conditioning Pack 60g. A skincare product. Supplied as 60g.,No regulation
simple,5010527585169,Milton Sterilising Tablets 28 Pack,0,0,0,2.99,taxable,,Vitamins,Milton Sterilising Tablets 28 Pack. A vitamins and supplements product. Supplied as 28 Pack.,No regulation
simple,8718951634220,Colgate Sensitive Instant Relief Enamel Toothpaste 75ml,0,0,0,2.99,taxable,,Oral Care,Colgate Sensitive Instant Relief Enamel Toothpaste 75ml. An oral care product. Supplied as 75ml.,No regulation
simple,5012254060834,TRESemmé Smooth & Silky Shampoo 500ml,0,0,0,2.99,taxable,,Hair Care,TRESemmé Smooth & Silky Shampoo 500ml. A hair care product. Supplied as 500ml.,No regulation
simple,7702018978106,Gillette Artic Ice 48h Anti-perspirant Gel 70ml,0,0,0,2.99,taxable,,Beauty,Gillette Artic Ice 48h Anti-perspirant Gel 70ml. A health and beauty product. Supplied as 70ml.,No regulation
simple,5031413936063,Headshock Plex System Serum Styling 90ml,0,0,0,2.99,taxable,,Hair Care,Headshock Plex System Serum Styling 90ml. A hair care product. Supplied as 90ml.,No regulation
simple,0309978695479,Revlon Colorsilk Permanent Hair Colour 47 Medium Rich Brown,0,0,0,2.99,taxable,,Hair Care,Revlon Colorsilk Permanent Hair Colour 47 Medium Rich Brown. A hair care product.,No regulation
simple,5011321626478,Aussie Hold & Shine Hairspray 250ml,0,0,0,2.99,taxable,,Hair Care,Aussie Hold & Shine Hairspray 250ml. A hair care product. Supplied as 250ml.,No regulation
simple,5012008746106,Inecto Natural Ultra Hydration Coconut Body Lotion 250ml,0,0,0,2.99,taxable,,Skincare,Inecto Natural Ultra Hydration Coconut Body Lotion 250ml. A skincare product. Supplied as 250ml.,No regulation
simple,5000309007668,Anadin Extra 16 Caplets,0,0,0,2.99,taxable,,Pain Relief,"Anadin Extra 16 Caplets. Always read the label and any leaflet supplied. If symptoms persist, speak to your pharmacist or doctor.",GSL
simple,5060053020177,Mooncup Pads with Wings Medium/Day 10 pack,0,0,0,2.99,taxable,zero-rate,General Health,Mooncup Pads with Wings Medium/Day 10 pack. A health and wellbeing product. Supplied as 10 pack.,No regulation
simple,5010724527450,Batiste Dry Shampoo Light & Breezy Fresh 200ml,0,0,0,2.99,taxable,,Hair Care,Batiste Dry Shampoo Light & Breezy Fresh 200ml. A hair care product. Supplied as 200ml.,No regulation
simple,5012008748209,Inecto Naturals Brilliant Shine Argan Conditioner 500ml,0,0,0,2.99,taxable,,Hair Care,Inecto Naturals Brilliant Shine Argan Conditioner 500ml. A hair care product. Supplied as 500ml.,No regulation
simple,3600542011488,Garnier Micellar Gel Face Wash Combination Skin 200ml,0,0,0,2.99,taxable,,Skincare,Garnier Micellar Gel Face Wash Combination Skin 200ml. A skincare product. Supplied as 200ml.,No regulation
simple,0017854100251,Baylis & Harding Goodness Rose & Geranium 500ml Bath Soak,0,0,0,2.99,taxable,,Beauty,Baylis & Harding Goodness Rose & Geranium 500ml Bath Soak. A health and beauty product. Supplied as 500ml.,No regulation
simple,5060084171206,Profoot Toe Foam 3 Pack,0,0,0,2.99,taxable,,General Health,Profoot Toe Foam 3 Pack. A health and wellbeing product. Supplied as 3 Pack.,No regulation
simple,53992758,My Little Sudocrem Skin Care Cream 32g,0,0,0,2.99,taxable,,Baby & Child,My Little Sudocrem Skin Care Cream 32g. A baby and child product. Supplied as 32g.,GSL
simple,5012583212591,Palette 3-0 Dark Brown Hair Dye,0,0,0,2.99,taxable,,Hair Care,Palette 3-0 Dark Brown Hair Dye. A hair care product.,No regulation
simple,7332531065948,Schwarzkopf Got2B Glam force Fast Dry Spray-Gel 150ml,0,0,0,2.99,taxable,,Hair Care,Schwarzkopf Got2B Glam force Fast Dry Spray-Gel 150ml. A hair care product. Supplied as 150ml.,No regulation
simple,8712561483162,Vaseline Cocoa Radiant Body Lotion 400ml,0,0,0,2.99,taxable,,Skincare,Vaseline Cocoa Radiant Body Lotion 400ml. A skincare product. Supplied as 400ml.,No regulation
simple,8594739255487,Zentiva Co-Codamol 32 Tablets,0,0,0,2.99,taxable,,Pain Relief,"Zentiva Co-Codamol 32 Tablets. Prescription-only medicine, supplied after an online consultation with our pharmacist. Always read the label and any leaflet supplied. If symptoms persist, speak to your pharmacist or doctor. Supplied as 32 Tablets.",P
simple,5000158104310,Nurofen Cold & Flu Relief 16 Tablets,0,0,0,2.99,taxable,,Cold & Flu,"Nurofen Cold & Flu Relief 16 Tablets. Always read the label and any leaflet supplied. If symptoms persist, speak to your pharmacist or doctor. Supplied as 16 Tablets.",GSL
simple,5014697010728,Witch SOS Blemish Stick,0,0,0,2.99,taxable,,General Health,Witch SOS Blemish Stick. A health and wellbeing product.,No regulation
simple,5060332530670,Lindens Health + Nutrition Saw Palmetto 500mg 100 Tablets,0,0,0,2.99,taxable,,Vitamins,Lindens Health + Nutrition Saw Palmetto 500mg 100 Tablets. A vitamins and supplements product. Supplied as 100 Tablets.,No regulation
simple,0850278004800,Bondi Sands Coconut Sea Salt Body Scrub 250g,0,0,0,2.99,taxable,,Beauty,Bondi Sands Coconut Sea Salt Body Scrub 250g. A health and beauty product. Supplied as 250g.,No regulation
simple,5060018511702,KIKI Health Organic Coconut Oil 40ml,0,0,0,2.99,taxable,zero-rate,Vitamins,KIKI Health Organic Coconut Oil 40ml. A vitamins and supplements product. Supplied as 40ml.,No regulation
simple,8720181287831,Dove Classic Antiperspirant Deodorant Aerosol 200ml,0,0,0,2.99,taxable,,Beauty,Dove Classic Antiperspirant Deodorant Aerosol 200ml. A health and beauty product. Supplied as 200ml.,No regulation
simple,5017371154800,Calypso Kids Coloured Sun Lotion SPF50 Disappearing Roll-On 50ml,0,0,0,2.99,taxable,,Skincare,Calypso Kids Coloured Sun Lotion SPF50 Disappearing Roll-On 50ml. A skincare product. Supplied as 50ml.,No regulation
simple,8801619049617,Vaseline Rosy Lips Lip Care 2 x 4.8g,0,0,0,2.99,taxable,,General Health,Vaseline Rosy Lips Lip Care 2 x 4.8g. A health and wellbeing product. Supplied as 2 x 4.8g.,No regulation
simple,0309978695608,Revlon Colorsilk Permanent Hair Colour 60 Dark Ash Blonde,0,0,0,2.99,taxable,,Hair Care,Revlon Colorsilk Permanent Hair Colour 60 Dark Ash Blonde. A hair care product.,No regulation
simple,5410076229468,Head & Shoulders Citrus Fresh Anti-Dandruff Shampoo 250ml,0,0,0,2.99,taxable,,Hair Care,Head & Shoulders Citrus Fresh Anti-Dandruff Shampoo 250ml. A hair care product. Supplied as 250ml.,No regulation
simple,5010724526149,Femfresh Wipes Freshening & Soothing 25 Pack,0,0,0,2.99,taxable,,Beauty,Femfresh Wipes Freshening & Soothing 25 Pack. A health and beauty product. Supplied as 25 Pack.,No regulation
simple,5012654200601,Carnation Footcare Animal Wool 25g,0,0,0,2.99,taxable,,General Health,Carnation Footcare Animal Wool 25g. A health and wellbeing product. Supplied as 25g.,No regulation
simple,5016695005171,Mylan Sildenafil 25mg 4 Tablets,0,0,0,2.99,taxable,zero-rate,Sexual Wellness,"Mylan Sildenafil 25mg 4 Tablets. Prescription-only medicine, supplied after an online consultation with our pharmacist. Always read the label and any leaflet supplied. If symptoms persist, speak to your pharmacist or doctor. Supplied as 4 Tablets.",P
simple,8006540709344,Always Ultra Day Sanitary Towels Normal 28 Pads,0,0,0,2.99,taxable,zero-rate,Women's Health,Always Ultra Day Sanitary Towels Normal 28 Pads. A women's health product. Supplied as 28 Pads.,No regulation
simple,5000158100701,Nurofen Express 200mg 10 Liquid Capsules,0,0,0,2.99,taxable,,Pain Relief,"Nurofen Express 200mg 10 Liquid Capsules. Always read the label and any leaflet supplied. If symptoms persist, speak to your pharmacist or doctor. Supplied as 200mg.",GSL
simple,5017539250474,Ever Ready Corn & Callous Knife Replacement Blades 4 Pack,0,0,0,2.99,taxable,,Skincare,Ever Ready Corn & Callous Knife Replacement Blades 4 Pack. A skincare product. Supplied as 4 Pack.,No regulation
simple,3614227927407,Max Factor Elixir Velvet Matte Dusk 40 Lipstick,0,0,0,2.99,taxable,,Beauty,Max Factor Elixir Velvet Matte Dusk 40 Lipstick. A health and beauty product.,No regulation
simple,5060084173163,Profoot Finger & Toe Bandage,0,0,0,2.99,taxable,,First Aid,"Profoot Finger & Toe Bandage. Always read the label and any leaflet supplied. If symptoms persist, speak to your pharmacist or doctor.",No regulation
simple,0687368100827,Advance TECHniques High Roller Set,0,0,0,2.99,taxable,,General Health,Advance TECHniques High Roller Set. A health and wellbeing product.,No regulation
simple,8712561669825,Simple Micellar Cleansing Water 200ml,0,0,0,2.99,taxable,,Skincare,Simple Micellar Cleansing Water 200ml. A skincare product. Supplied as 200ml.,No regulation
simple,5025135119798,Malibu Bronzing Tanning Oil Spray SPF8 with Argan Oil 100ml,0,0,0,2.99,taxable,,Skincare,Malibu Bronzing Tanning Oil Spray SPF8 with Argan Oil 100ml. A skincare product. Supplied as 100ml.,No regulation
simple,0017854117129,Baylis & Harding The EDIT Cherry Temptation 400ml Body Wash,0,0,0,2.99,taxable,,Beauty,Baylis & Harding The EDIT Cherry Temptation 400ml Body Wash. A health and beauty product. Supplied as 400ml.,No regulation
simple,5017353503251,Galpharm Cold Sore Cream 2g,0,0,0,2.99,taxable,,Cold & Flu,"Galpharm Cold Sore Cream 2g. Always read the label and any leaflet supplied. If symptoms persist, speak to your pharmacist or doctor. Supplied as 2g.",No regulation
simple,0850278004039,Bondi Sands Reusable Self Tan Application Mitt,0,0,0,2.99,taxable,,Beauty,Bondi Sands Reusable Self Tan Application Mitt. A health and beauty product.,No regulation
simple,5011309020212,Care Calamine Lotion 200ml,0,0,0,2.99,taxable,,Skincare,Care Calamine Lotion 200ml. A skincare product. Supplied as 200ml.,GSL
simple,8809598455726,COSRX Master Patch Blemish Cover 24 Pack,0,0,0,2.99,taxable,,General Health,COSRX Master Patch Blemish Cover 24 Pack. A health and wellbeing product. Supplied as 24 Pack.,No regulation
simple,50612710,Bells Eucalyptus Oil 25ml,0,0,0,2.99,taxable,,Skincare,Bells Eucalyptus Oil 25ml. A skincare product. Supplied as 25ml.,No regulation
simple,5012617015853,Accord Paracetamol Capsules 500mg 32 Pack,0,0,0,2.99,taxable,,Pain Relief,"Accord Paracetamol Capsules 500mg 32 Pack. Prescription-only medicine, supplied after an online consultation with our pharmacist. Always read the label and any leaflet supplied. If symptoms persist, speak to your pharmacist or doctor. Supplied as 32 Pack.",P
simple,8901030599682,Pears Soap Bar 2 Pack,0,0,0,2.99,taxable,,Beauty,Pears Soap Bar 2 Pack. A health and beauty product. Supplied as 2 Pack.,No regulation
simple,0017854113343,Baylis & Harding Beauticology Let's Be Mermaids Hand Wash 500ml,0,0,0,2.99,taxable,,Beauty,Baylis & Harding Beauticology Let's Be Mermaids Hand Wash 500ml. A health and beauty product. Supplied as 500ml.,No regulation
simple,0309978695547,Revlon Colorsilk Permanent Hair Colour 54 Light Golden Brown,0,0,0,2.99,taxable,,Hair Care,Revlon Colorsilk Permanent Hair Colour 54 Light Golden Brown. A hair care product.,No regulation
simple,4011700740314,4711 Original Body Spray 100ml,0,0,0,2.99,taxable,,Beauty,4711 Original Body Spray 100ml. A health and beauty product. Supplied as 100ml.,No regulation
simple,8001841196015,Tampax Compak Super Tampons 26 Pack,0,0,0,2.99,taxable,zero-rate,Women's Health,Tampax Compak Super Tampons 26 Pack. A women's health product. Supplied as 26 Pack.,No regulation
simple,5011417582459,Lemsip First Action Nasal Spray 20ml,0,0,0,2.99,taxable,,Cold & Flu,"Lemsip First Action Nasal Spray 20ml. Always read the label and any leaflet supplied. If symptoms persist, speak to your pharmacist or doctor. Supplied as 20ml.",No regulation
simple,8809566990303,Benton Aloe Soothing Mask 23g,0,0,0,2.99,taxable,,Skincare,Benton Aloe Soothing Mask 23g. A skincare product. Supplied as 23g.,No regulation
simple,5037353000208,Skins Natural Condoms 4 Pack,0,0,0,2.99,taxable,reduced-rate,Sexual Wellness,"Skins Natural Condoms 4 Pack. Always read the label and any leaflet supplied. If symptoms persist, speak to your pharmacist or doctor. Supplied as 4 Pack.",No regulation
simple,5039021500119,Aquamax Cream 100g,0,0,0,2.99,taxable,,Skincare,Aquamax Cream 100g. A skincare product. Supplied as 100g.,No regulation
simple,5000207007425,Johnson's Clean & Clear Exfoliating Daily Wash 150ml,0,0,0,2.99,taxable,,Skincare,Johnson's Clean & Clear Exfoliating Daily Wash 150ml. A skincare product. Supplied as 150ml.,No regulation
simple,8001841941899,Always Ultra Secure Night Wings Size 5 Pack of 8,0,0,0,2.99,taxable,zero-rate,Women's Health,Always Ultra Secure Night Wings Size 5 Pack of 8. A women's health product. Supplied as 5 Pack.,No regulation
simple,8886467020094,Dove Body Care Beauty Cream 75ml,0,0,0,2.99,taxable,,Skincare,Dove Body Care Beauty Cream 75ml. A skincare product. Supplied as 75ml.,No regulation
simple,5000207004981,Clean & Clear Deep Cleansing Lotion 200ml,0,0,0,2.99,taxable,,Skincare,Clean & Clear Deep Cleansing Lotion 200ml. A skincare product. Supplied as 200ml.,No regulation
simple,8017331082843,Bionsen Mineral Active Spray 150ml,0,0,0,2.99,taxable,,Beauty,Bionsen Mineral Active Spray 150ml. A health and beauty product. Supplied as 150ml.,No regulation
simple,4005800237447,Elastoplast Sensitive Plaster 20 Pack,0,0,0,2.99,taxable,,First Aid,"Elastoplast Sensitive Plaster 20 Pack. Always read the label and any leaflet supplied. If symptoms persist, speak to your pharmacist or doctor. Supplied as 20 Pack.",No regulation
simple,5060133376330,Pollenase Itchy Eye Drops 10ml,0,0,0,2.99,taxable,,Eye Care,"Pollenase Itchy Eye Drops 10ml. Always read the label and any leaflet supplied. If symptoms persist, speak to your pharmacist or doctor. Supplied as 10ml.",GSL
simple,5060209732497,Epimax Ointment 125g,0,0,0,2.99,taxable,,Skincare,Epimax Ointment 125g. A skincare product. Supplied as 125g.,No regulation
simple,5012583212676,Palette 1-0 Deep Natural Black Permanent Hair Dye,0,0,0,2.99,taxable,,Hair Care,Palette 1-0 Deep Natural Black Permanent Hair Dye. A hair care product.,No regulation
simple,5010123726614,Listerine Total Care Stay White 250ml,0,0,0,2.98,taxable,,Oral Care,Listerine Total Care Stay White 250ml. An oral care product. Supplied as 250ml.,No regulation
simple,5037353000482,Skins Extra Large Condoms 4 Pack,0,0,0,2.98,taxable,reduced-rate,Sexual Wellness,"Skins Extra Large Condoms 4 Pack. Always read the label and any leaflet supplied. If symptoms persist, speak to your pharmacist or doctor. Supplied as 4 Pack.",No regulation
simple,5037353000420,"Skins Assorted 4 Pack (2 Natural, Dots & Rib, Ultra Thin)",0,0,0,2.98,taxable,reduced-rate,Skincare,"Skins Assorted 4 Pack (2 Natural, Dots & Rib, Ultra Thin). A skincare product. Supplied as 4 Pack.",No regulation
simple,0017854100213,"Baylis & Harding Goodness Oud, Cedar & Amber Body Wash 500ml",0,0,0,2.89,taxable,,Beauty,"Baylis & Harding Goodness Oud, Cedar & Amber Body Wash 500ml. A health and beauty product. Supplied as 500ml.",No regulation
simple,7322540853377,Tena Discreet Ultra Mini Thin Pads 20 Pack,0,0,0,2.89,taxable,zero-rate,Continence,Tena Discreet Ultra Mini Thin Pads 20 Pack. A continence care product. Supplied as 20 Pack.,No regulation
simple,4005800044427,Elastoplast Waterproof Fabric 18 Plasters,0,0,0,2.89,taxable,,First Aid,"Elastoplast Waterproof Fabric 18 Plasters. Always read the label and any leaflet supplied. If symptoms persist, speak to your pharmacist or doctor.",No regulation
simple,5010724533765,Nair Body Wax Strips with Japanese Cherry Blossom 20 Strips,0,0,0,2.89,taxable,,General Health,Nair Body Wax Strips with Japanese Cherry Blossom 20 Strips. A health and wellbeing product.,No regulation
simple,5010441013298,Numark Mucus Cough Oral Solution 200ml,0,0,0,2.89,taxable,,Cold & Flu,"Numark Mucus Cough Oral Solution 200ml. Always read the label and any leaflet supplied. If symptoms persist, speak to your pharmacist or doctor. Supplied as 200ml.",GSL
simple,8714789798196,Colgate Max White One Mouthwash 500ml,0,0,0,2.89,taxable,,Oral Care,Colgate Max White One Mouthwash 500ml. An oral care product. Supplied as 500ml.,No regulation
simple,8710847950230,Radox Feel Blissful Bath Soak 500ml,0,0,0,2.89,taxable,,Beauty,Radox Feel Blissful Bath Soak 500ml. A health and beauty product. Supplied as 500ml.,No regulation
simple,5016379265006,Exterol 5% Ear Wax Removal Drops 8ml,0,0,0,2.89,taxable,,Prescription Medicines,"Exterol 5% Ear Wax Removal Drops 8ml. Prescription-only medicine, supplied after an online consultation with our pharmacist. Always read the label and any leaflet supplied. If symptoms persist, speak to your pharmacist or doctor. Supplied as 8ml.",P
simple,3616300984710,Opi Nail Polish Have Your Panettone & Eat It Too 15ml,0,0,0,2.89,taxable,,Beauty,Opi Nail Polish Have Your Panettone & Eat It Too 15ml. A health and beauty product. Supplied as 15ml.,No regulation
simple,5060084170025,Profoot Softgel Toe Separators 3 Pack,0,0,0,2.89,taxable,,Vitamins,Profoot Softgel Toe Separators 3 Pack. A vitamins and supplements product. Supplied as 3 Pack.,No regulation
simple,5060601936974,Barber Pro Warming Eye Mask Single,0,0,0,2.89,taxable,,Eye Care,"Barber Pro Warming Eye Mask Single. Always read the label and any leaflet supplied. If symptoms persist, speak to your pharmacist or doctor.",No regulation
simple,3600541126022,Garnier Body 7 Day Shea Hand Milk 100ml,0,0,0,2.89,taxable,,General Health,Garnier Body 7 Day Shea Hand Milk 100ml. A health and wellbeing product. Supplied as 100ml.,No regulation
simple,5060421930367,Aproderm Emollient Cream 50g,0,0,0,2.89,taxable,,Skincare,Aproderm Emollient Cream 50g. A skincare product. Supplied as 50g.,No regulation
simple,0017854113312,Baylis & Harding Beauticology Chasing Rainbows Body Wash 500ml,0,0,0,2.89,taxable,,Beauty,Baylis & Harding Beauticology Chasing Rainbows Body Wash 500ml. A health and beauty product. Supplied as 500ml.,No regulation
simple,0309978695462,Revlon Colorsilk Permanent Hair Colour 46 Medium Golden Chestnut Brown,0,0,0,2.89,taxable,,Hair Care,Revlon Colorsilk Permanent Hair Colour 46 Medium Golden Chestnut Brown. A hair care product.,No regulation
simple,5011309028218,Care+ Witch Hazel 200ml,0,0,0,2.89,taxable,,General Health,Care+ Witch Hazel 200ml. A health and wellbeing product. Supplied as 200ml.,GSL
simple,5037154000148,Vizulize Dry Eye Drops 10ml,0,0,0,2.89,taxable,,Eye Care,"Vizulize Dry Eye Drops 10ml. Always read the label and any leaflet supplied. If symptoms persist, speak to your pharmacist or doctor. Supplied as 10ml.",No regulation
simple,8001841208732,Aussie Conditioning Spray Waves 150ml,0,0,0,2.89,taxable,,Beauty,Aussie Conditioning Spray Waves 150ml. A health and beauty product. Supplied as 150ml.,No regulation
simple,5060202920402,Simply Gentle Disposable Breast Pads 40 Pads,0,0,0,2.89,taxable,,Women's Health,Simply Gentle Disposable Breast Pads 40 Pads. A women's health product. Supplied as 40 Pads.,No regulation
simple,0010181025099,Palmer's Olive Oil Glossing Hair Mousse 300g,0,0,0,2.89,taxable,,Hair Care,Palmer's Olive Oil Glossing Hair Mousse 300g. A hair care product. Supplied as 300g.,No regulation
simple,96081006,Sure Men Deodorant Invisible Ice Compressed 125ml,0,0,0,2.89,taxable,,Beauty,Sure Men Deodorant Invisible Ice Compressed 125ml. A health and beauty product. Supplied as 125ml.,No regulation
simple,5010249041097,FSC Vitamin C 500mg 30 Tablets,0,0,0,2.89,taxable,,Vitamins,FSC Vitamin C 500mg 30 Tablets. A vitamins and supplements product. Supplied as 30 Tablets.,No regulation
simple,5410076691081,Pantene Pro-V Milky Damage Repair Oil Replacement Hammam 200ml,0,0,0,2.89,taxable,,Skincare,Pantene Pro-V Milky Damage Repair Oil Replacement Hammam 200ml. A skincare product. Supplied as 200ml.,No regulation
simple,7350051300462,Mamma Moo Children Earplugs 2 Pairs,0,0,0,2.89,taxable,,General Health,Mamma Moo Children Earplugs 2 Pairs. A health and wellbeing product.,No regulation
simple,8801051294422,Euthymol Original Toothpaste 75ml,0,0,0,2.89,taxable,,Oral Care,Euthymol Original Toothpaste 75ml. An oral care product. Supplied as 75ml.,No regulation
simple,8809211651436,Berrisom Soda Bubble Mask Poretox Fruit 18ml,0,0,0,2.89,taxable,,Skincare,Berrisom Soda Bubble Mask Poretox Fruit 18ml. A skincare product. Supplied as 18ml.,No regulation
simple,7332531063630,Schwarzkopf Got2B Hairspray Glamforce 275ml,0,0,0,2.89,taxable,,Hair Care,Schwarzkopf Got2B Hairspray Glamforce 275ml. A hair care product. Supplied as 275ml.,No regulation
simple,5011309021110,Care+ Codeine Linctus 200ml,0,0,0,2.89,taxable,,Pain Relief,"Care+ Codeine Linctus 200ml. Prescription-only medicine, supplied after an online consultation with our pharmacist. Always read the label and any leaflet supplied. If symptoms persist, speak to your pharmacist or doctor. Supplied as 200ml.",P
simple,5010249031197,FSC Zinc 15mg with Copper 30 Tablets,0,0,0,2.89,taxable,,Vitamins,FSC Zinc 15mg with Copper 30 Tablets. A vitamins and supplements product. Supplied as 30 Tablets.,No regulation
simple,7322541061467,Tena Discreet Extra Pads 10 Pack,0,0,0,2.89,taxable,zero-rate,Continence,Tena Discreet Extra Pads 10 Pack. A continence care product. Supplied as 10 Pack.,No regulation
simple,0309978695301,Revlon Colorsilk Permanent Hair Colour 30 Dark Brown,0,0,0,2.89,taxable,,Hair Care,Revlon Colorsilk Permanent Hair Colour 30 Dark Brown. A hair care product.,No regulation
simple,5012583206170,Schwarzkopf Live Ultra Brights 107 Lemon Twist,0,0,0,2.89,taxable,,Hair Care,Schwarzkopf Live Ultra Brights 107 Lemon Twist. A hair care product.,No regulation
simple,8717163004869,Dove Cucumber Antiperspirant Deodorant Aerosol 250ml,0,0,0,2.89,taxable,,Beauty,Dove Cucumber Antiperspirant Deodorant Aerosol 250ml. A health and beauty product. Supplied as 250ml.,No regulation
simple,0010181025181,Palmer's Olive Oil Dry Shampoo 200ml,0,0,0,2.89,taxable,,Hair Care,Palmer's Olive Oil Dry Shampoo 200ml. A hair care product. Supplied as 200ml.,No regulation
simple,8809198843046,11 Village Factory Relax-Day Hand Mask 15g,0,0,0,2.89,taxable,,Skincare,11 Village Factory Relax-Day Hand Mask 15g. A skincare product. Supplied as 15g.,No regulation
simple,5031013103803,Higher Nature Vitamin D3 500IU 60 Capsules,0,0,0,2.89,taxable,,Vitamins,Higher Nature Vitamin D3 500IU 60 Capsules. A vitamins and supplements product. Supplied as 60 Capsules.,No regulation
simple,8809085957283,Wish Formula Bat Eye Mask 8ml,0,0,0,2.89,taxable,,Eye Care,"Wish Formula Bat Eye Mask 8ml. Always read the label and any leaflet supplied. If symptoms persist, speak to your pharmacist or doctor. Supplied as 8ml.",No regulation
simple,5000444016426,Cyclax Sun Protection Lotion SPF20 100ml,0,0,0,2.89,taxable,,Skincare,Cyclax Sun Protection Lotion SPF20 100ml. A skincare product. Supplied as 100ml.,No regulation
simple,5026445002794,Harmony Gold Styling Mousse Volume Boost 200ml,0,0,0,2.89,taxable,,Hair Care,Harmony Gold Styling Mousse Volume Boost 200ml. A hair care product. Supplied as 200ml.,No regulation
simple,96080986,Sure Compressed Cobalt Deodorant 75ml,0,0,0,2.89,taxable,,Beauty,Sure Compressed Cobalt Deodorant 75ml. A health and beauty product. Supplied as 75ml.,No regulation
simple,5013692229395,Despicable Me Minions Giggling Hand Wash 250ml,0,0,0,2.89,taxable,,Beauty,Despicable Me Minions Giggling Hand Wash 250ml. A health and beauty product. Supplied as 250ml.,No regulation
simple,8717163943212,VO5 Flexible Wax Spray Rework Hold 150ml,0,0,0,2.89,taxable,,Beauty,VO5 Flexible Wax Spray Rework Hold 150ml. A health and beauty product. Supplied as 150ml.,No regulation
simple,5900627073751,Air Wick Reed Diffuser White Flowers 25ml,0,0,0,2.89,taxable,,Home & Household,Air Wick Reed Diffuser White Flowers 25ml. A home and household product. Supplied as 25ml.,No regulation
simple,8714100184950,Dove Pro Age Conditioner 350ml,0,0,0,2.89,taxable,,Hair Care,Dove Pro Age Conditioner 350ml. A hair care product. Supplied as 350ml.,No regulation
simple,0017854100176,"Baylis & Harding Goodness Oud, Cedar & Amber Hand Wash 500ml",0,0,0,2.89,taxable,,Beauty,"Baylis & Harding Goodness Oud, Cedar & Amber Hand Wash 500ml. A health and beauty product. Supplied as 500ml.",No regulation
simple,3600541029057,Garnier Essentials Soothing Vitamin-Enriched Toner 200ml,0,0,0,2.89,taxable,,Skincare,Garnier Essentials Soothing Vitamin-Enriched Toner 200ml. A skincare product. Supplied as 200ml.,No regulation
simple,5025135112751,Malibu Aloe Vera After Sun Moisturising Gel 200ml,0,0,0,2.89,taxable,,Skincare,Malibu Aloe Vera After Sun Moisturising Gel 200ml. A skincare product. Supplied as 200ml.,No regulation
simple,5000347061776,Beechams Flu Plus 16 Caplets,0,0,0,2.89,taxable,,Cold & Flu,"Beechams Flu Plus 16 Caplets. Always read the label and any leaflet supplied. If symptoms persist, speak to your pharmacist or doctor.",GSL
simple,4005800188268,Elastoplast Disney Mickey Mouse & Friends 20 Plasters,0,0,0,2.89,taxable,,First Aid,"Elastoplast Disney Mickey Mouse & Friends 20 Plasters. Always read the label and any leaflet supplied. If symptoms persist, speak to your pharmacist or doctor.",No regulation
simple,5000347080685,Sensodyne Daily Care Original Mint Toothpaste 75ml,0,0,0,2.89,taxable,,Oral Care,Sensodyne Daily Care Original Mint Toothpaste 75ml. An oral care product. Supplied as 75ml.,No regulation
simple,8717644331750,Sure Men Active Dry Antiperspirant Deodorant 150ml,0,0,0,2.89,taxable,,Beauty,Sure Men Active Dry Antiperspirant Deodorant 150ml. A health and beauty product. Supplied as 150ml.,No regulation
simple,5012583205326,Schwarzkopf Color Expert Dark Brown 4.0,0,0,0,2.89,taxable,,Hair Care,Schwarzkopf Color Expert Dark Brown 4.0. A hair care product.,No regulation
simple,5010724527481,Batiste Dry Shampoo Clean & Classic Original 200ml,0,0,0,2.89,taxable,,Hair Care,Batiste Dry Shampoo Clean & Classic Original 200ml. A hair care product. Supplied as 200ml.,No regulation
simple,0309978695424,Revlon Colorsilk Permanent Hair Colour 42 Medium Auburn,0,0,0,2.89,taxable,,First Aid,"Revlon Colorsilk Permanent Hair Colour 42 Medium Auburn. Always read the label and any leaflet supplied. If symptoms persist, speak to your pharmacist or doctor.",No regulation
simple,5025135118630,Malibu Kids Lotion SPF30 100ml,0,0,0,2.89,taxable,,Skincare,Malibu Kids Lotion SPF30 100ml. A skincare product. Supplied as 100ml.,No regulation
simple,7322540808667,Tena Lights Sensitive Normal Liners 22 Pack,0,0,0,2.89,taxable,zero-rate,Continence,Tena Lights Sensitive Normal Liners 22 Pack. A continence care product. Supplied as 22 Pack.,No regulation
simple,8809566990310,Benton Goodbye Redness Centella Mask 23g,0,0,0,2.89,taxable,,Skincare,Benton Goodbye Redness Centella Mask 23g. A skincare product. Supplied as 23g.,No regulation
simple,5010441014561,Numark Sodium Picosulfate Constipation Relief 100ml,0,0,0,2.89,taxable,,Digestive,"Numark Sodium Picosulfate Constipation Relief 100ml. Prescription-only medicine, supplied after an online consultation with our pharmacist. Always read the label and any leaflet supplied. If symptoms persist, speak to your pharmacist or doctor. Supplied as 100ml.",P
simple,5010605240492,Diprobase Emollient Eczema Dry Skin Cream 50g,0,0,0,2.89,taxable,,Skincare,Diprobase Emollient Eczema Dry Skin Cream 50g. A skincare product. Supplied as 50g.,GSL
simple,5010249163102,FSC Lecithin 1200mg 30 Capsules,0,0,0,2.89,taxable,,Vitamins,FSC Lecithin 1200mg 30 Capsules. A vitamins and supplements product. Supplied as 30 Capsules.,No regulation
simple,5045091052939,Trevor Sorbie Straight Protect & Shine Spray 200ml,0,0,0,2.89,taxable,,Beauty,Trevor Sorbie Straight Protect & Shine Spray 200ml. A health and beauty product. Supplied as 200ml.,No regulation
simple,7322541124261,Tena Lady Normal Pads 12 Pack,0,0,0,2.89,taxable,zero-rate,Continence,Tena Lady Normal Pads 12 Pack. A continence care product. Supplied as 12 Pack.,No regulation
simple,8001841266961,Pantene Conditioner Smooth & Sleek 360ml,0,0,0,2.89,taxable,,Hair Care,Pantene Conditioner Smooth & Sleek 360ml. A hair care product. Supplied as 360ml.,No regulation
simple,8714024383958,Care Plus Tick-Out Remover,0,0,0,2.89,taxable,,General Health,Care Plus Tick-Out Remover. A health and wellbeing product.,No regulation
simple,8001841267050,Pantene Pro-V Colour Protect Shampoo 360ml,0,0,0,2.89,taxable,,Hair Care,Pantene Pro-V Colour Protect Shampoo 360ml. A hair care product. Supplied as 360ml.,No regulation
simple,5029354012625,AloeDent Pomegranate Toothpaste 100ml,0,0,0,2.89,taxable,,Oral Care,AloeDent Pomegranate Toothpaste 100ml. An oral care product. Supplied as 100ml.,No regulation
simple,8699568514795,Clairol Color Crave Semi-Permanent Orchid,0,0,0,2.89,taxable,,General Health,Clairol Color Crave Semi-Permanent Orchid. A health and wellbeing product.,No regulation
simple,8711600718678,Dove Men+Care Exfoliating Face Scrub 150ml,0,0,0,2.89,taxable,,Skincare,Dove Men+Care Exfoliating Face Scrub 150ml. A skincare product. Supplied as 150ml.,No regulation
simple,5430000934305,Bambaw Cotton Buds Box 200 Pack,0,0,0,2.89,taxable,,General Health,Bambaw Cotton Buds Box 200 Pack. A health and wellbeing product. Supplied as 200 Pack.,No regulation
simple,3600523167593,L'Oréal Studio Pro Boost It Volume Hairspray Extra Strong 400ml,0,0,0,2.89,taxable,,Hair Care,L'Oréal Studio Pro Boost It Volume Hairspray Extra Strong 400ml. A hair care product. Supplied as 400ml.,No regulation
simple,5012583205241,Schwarzkopf Color Expert Omegaplex Deep Amethyst 4.9,0,0,0,2.89,taxable,,Hair Care,Schwarzkopf Color Expert Omegaplex Deep Amethyst 4.9. A hair care product.,No regulation
simple,5054563094087,Beechams Powders 10 Sachets,0,0,0,2.89,taxable,,Cold & Flu,"Beechams Powders 10 Sachets. Always read the label and any leaflet supplied. If symptoms persist, speak to your pharmacist or doctor. Supplied as 10 Sachets.",GSL
simple,8710908151064,VO5 Wave Creation Hairspray 300ml,0,0,0,2.89,taxable,,Hair Care,VO5 Wave Creation Hairspray 300ml. A hair care product. Supplied as 300ml.,No regulation
simple,5055757809715,Sunsera Antibacterial Hand Gel 50ml,0,0,0,2.89,taxable,,Skincare,Sunsera Antibacterial Hand Gel 50ml. A skincare product. Supplied as 50ml.,No regulation
simple,5011408003666,L'Oréal Elnett Sleek & Chic Supreme Hold 200ml,0,0,0,2.89,taxable,,General Health,L'Oréal Elnett Sleek & Chic Supreme Hold 200ml. A health and wellbeing product. Supplied as 200ml.,No regulation
simple,8001841444161,Head & Shoulders Men Ultra Shampoo 250ml,0,0,0,2.89,taxable,,Hair Care,Head & Shoulders Men Ultra Shampoo 250ml. A hair care product. Supplied as 250ml.,No regulation
simple,0010181032356,Palmer's Coconut Oil Formula Hand Cream 60g,0,0,0,2.89,taxable,,Skincare,Palmer's Coconut Oil Formula Hand Cream 60g. A skincare product. Supplied as 60g.,No regulation
simple,5025135112355,Malibu After Sun Lotion Spray 200ml,0,0,0,2.89,taxable,,Skincare,Malibu After Sun Lotion Spray 200ml. A skincare product. Supplied as 200ml.,No regulation
simple,7322540455236,Tena Discreet Protect+ Maxi Night Pads 6 Pack,0,0,0,2.89,taxable,zero-rate,Continence,Tena Discreet Protect+ Maxi Night Pads 6 Pack. A continence care product. Supplied as 6 Pack.,No regulation
simple,5055172205895,Sure Thermal Hot & Cold Reusable Pack,0,0,0,2.89,taxable,,Cold & Flu,"Sure Thermal Hot & Cold Reusable Pack. Always read the label and any leaflet supplied. If symptoms persist, speak to your pharmacist or doctor.",No regulation
simple,8809483316330,Leaders Aquaringer Skin Clinic Mask 25ml,0,0,0,2.89,taxable,,Skincare,Leaders Aquaringer Skin Clinic Mask 25ml. A skincare product. Supplied as 25ml.,No regulation
simple,8717644271568,Dove Grapefruit Antiperspirant Deodorant Aerosol 150ml,0,0,0,2.89,taxable,,Beauty,Dove Grapefruit Antiperspirant Deodorant Aerosol 150ml. A health and beauty product. Supplied as 150ml.,No regulation
simple,96032909,Anbesol Teething Gel 10g,0,0,0,2.89,taxable,,Baby & Child,"Anbesol Teething Gel 10g. Prescription-only medicine, supplied after an online consultation with our pharmacist. Always read the label and any leaflet supplied. If symptoms persist, speak to your pharmacist or doctor. Supplied as 10g.",P
simple,5012583205319,Schwarzkopf Color Expert Omegaplex Natural Light Brown 6.0,0,0,0,2.89,taxable,,Hair Care,Schwarzkopf Color Expert Omegaplex Natural Light Brown 6.0. A hair care product.,No regulation
simple,5056235400073,Healthpoint Spray Plaster 40ml,0,0,0,2.89,taxable,,First Aid,"Healthpoint Spray Plaster 40ml. Always read the label and any leaflet supplied. If symptoms persist, speak to your pharmacist or doctor. Supplied as 40ml.",No regulation
simple,5010249319509,The Food Supplement Company Magnesium & Vitamin B6 30 Tablets,0,0,0,2.89,taxable,,Vitamins,The Food Supplement Company Magnesium & Vitamin B6 30 Tablets. A vitamins and supplements product. Supplied as 30 Tablets.,No regulation
simple,0062200901013,Veet Facial Hair Removal Kit 50ml 2 Pack,0,0,0,2.89,taxable,,Hair Care,Veet Facial Hair Removal Kit 50ml 2 Pack. A hair care product. Supplied as 2 Pack.,No regulation
simple,0667803002596,Toni & Guy Sleek Definition Cream 100ml,0,0,0,2.89,taxable,,Hair Care,Toni & Guy Sleek Definition Cream 100ml. A hair care product. Supplied as 100ml.,No regulation
simple,4015400675433,Always Discreet 24 Liners,0,0,0,2.89,taxable,zero-rate,Continence,Always Discreet 24 Liners. A continence care product.,No regulation
simple,7640170370249,Biomed Sensitive Toothpaste 100g,0,0,0,2.89,taxable,,Oral Care,Biomed Sensitive Toothpaste 100g. An oral care product. Supplied as 100g.,No regulation
simple,5900627062687,Air Wick Reed Diffuser Mystical Garden 25ml,0,0,0,2.89,taxable,,Home & Household,Air Wick Reed Diffuser Mystical Garden 25ml. A home and household product. Supplied as 25ml.,No regulation
simple,4015600896614,Pantene Oil Therapy 2 Minute Masque 200ml,0,0,0,2.89,taxable,,Skincare,Pantene Oil Therapy 2 Minute Masque 200ml. A skincare product. Supplied as 200ml.,No regulation
simple,5060144640048,Bulldog Original Shower Gel 200ml,0,0,0,2.89,taxable,,Beauty,Bulldog Original Shower Gel 200ml. A health and beauty product. Supplied as 200ml.,No regulation
simple,7702018361441,Gillette Blue 3 Disposable Razors 4 Pack,0,0,0,2.89,taxable,,Men's Grooming,Gillette Blue 3 Disposable Razors 4 Pack. A men's grooming product. Supplied as 4 Pack.,No regulation
simple,0017854100169,Baylis & Harding Goodness Lemongrass & Ginger Hand Wash 500ml,0,0,0,2.89,taxable,,Beauty,Baylis & Harding Goodness Lemongrass & Ginger Hand Wash 500ml. A health and beauty product. Supplied as 500ml.,No regulation
simple,3600542025638,Garnier Moisture Bomb Mist Protect & Hydrate 75ml,0,0,0,2.89,taxable,,Skincare,Garnier Moisture Bomb Mist Protect & Hydrate 75ml. A skincare product. Supplied as 75ml.,No regulation
simple,3600542382625,Garnier Pure Active Spot Care 40ml,0,0,0,2.89,taxable,,General Health,Garnier Pure Active Spot Care 40ml. A health and wellbeing product. Supplied as 40ml.,No regulation
simple,0309977326046,Revlon Colorsilk Permanent Hair Colour 04 Ultra Light Natural Blonde,0,0,0,2.89,taxable,,Hair Care,Revlon Colorsilk Permanent Hair Colour 04 Ultra Light Natural Blonde. A hair care product.,No regulation
simple,5705831045019,Malibu Dry Oil Spray SPF2 200ml,0,0,0,2.89,taxable,,Skincare,Malibu Dry Oil Spray SPF2 200ml. A skincare product. Supplied as 200ml.,No regulation
simple,8809242195190,Leaders Daily Wonders What Happened Last Night? Revitalizing Mask 25ml,0,0,0,2.89,taxable,,Skincare,Leaders Daily Wonders What Happened Last Night? Revitalizing Mask 25ml. A skincare product. Supplied as 25ml.,No regulation
simple,5010441014295,Numark Ear Wax Removal Drops 12ml,0,0,0,2.89,taxable,,Vitamins,Numark Ear Wax Removal Drops 12ml. A vitamins and supplements product. Supplied as 12ml.,No regulation
simple,5029354012700,AloeDent Spearmint Toothpaste Fluoride Free 100ml,0,0,0,2.89,taxable,,Oral Care,AloeDent Spearmint Toothpaste Fluoride Free 100ml. An oral care product. Supplied as 100ml.,No regulation
simple,8001090705662,Tampax Compak Super Tampons 18's,0,0,0,2.89,taxable,zero-rate,Women's Health,Tampax Compak Super Tampons 18's. A women's health product.,No regulation
simple,0309978695530,Revlon Colorsilk Permanent Hair Colour 53 Light Auburn,0,0,0,2.89,taxable,,First Aid,"Revlon Colorsilk Permanent Hair Colour 53 Light Auburn. Always read the label and any leaflet supplied. If symptoms persist, speak to your pharmacist or doctor.",No regulation
simple,5059001012029,Air Wick Reed Diffuser Pink Prosecco & Raspberry 25ml,0,0,0,2.89,taxable,,Home & Household,Air Wick Reed Diffuser Pink Prosecco & Raspberry 25ml. A home and household product. Supplied as 25ml.,No regulation
simple,8712561593533,Dove Body Wash Deeply Nourishing 500ml,0,0,0,2.89,taxable,,Beauty,Dove Body Wash Deeply Nourishing 500ml. A health and beauty product. Supplied as 500ml.,No regulation
simple,4015600528591,Pantene Repair & Protect Shampoo 400ml,0,0,0,2.89,taxable,,Hair Care,Pantene Repair & Protect Shampoo 400ml. A hair care product. Supplied as 400ml.,No regulation
simple,5029354005078,AloeDent Children's Flouride free Toothpaste 50ml,0,0,0,2.89,taxable,,Baby & Child,AloeDent Children's Flouride free Toothpaste 50ml. A baby and child product. Supplied as 50ml.,No regulation
simple,4015400629245,Always Discreet Small 20 Pads,0,0,0,2.89,taxable,zero-rate,Continence,Always Discreet Small 20 Pads. A continence care product. Supplied as 20 Pads.,No regulation
simple,8006540129180,Oral B 3D Toothpaste Luxe Charcoal 100ml,0,0,0,2.89,taxable,,Oral Care,Oral B 3D Toothpaste Luxe Charcoal 100ml. An oral care product. Supplied as 100ml.,No regulation
simple,5013692229357,Despicable Me Shampoo & Conditioner 2-In-1 400ml,0,0,0,2.89,taxable,,Hair Care,Despicable Me Shampoo & Conditioner 2-In-1 400ml. A hair care product. Supplied as 400ml.,No regulation
simple,5029053581491,Kleenex Ultra Soft Extra Large 40 Tissues,0,0,0,2.89,taxable,,General Health,Kleenex Ultra Soft Extra Large 40 Tissues. A health and wellbeing product.,No regulation
simple,8712561384704,Dove Daily Moisture 2-In-1 Shampoo and Conditioner 400ml,0,0,0,2.89,taxable,,Hair Care,Dove Daily Moisture 2-In-1 Shampoo and Conditioner 400ml. A hair care product. Supplied as 400ml.,No regulation
simple,8717163994252,Dove Invisible Dry Aerosol Antiperspirant Deodorant 150ml,0,0,0,2.89,taxable,,Beauty,Dove Invisible Dry Aerosol Antiperspirant Deodorant 150ml. A health and beauty product. Supplied as 150ml.,No regulation
simple,5029066078841,Childs Farm Baby Moisturiser 50ml,0,0,0,2.89,taxable,,Baby & Child,Childs Farm Baby Moisturiser 50ml. A baby and child product. Supplied as 50ml.,No regulation
simple,8001841930657,Always Secure Night Extra with Wings 14's,0,0,0,2.89,taxable,zero-rate,Women's Health,Always Secure Night Extra with Wings 14's. A women's health product.,No regulation
simple,3600524056308,L'Oréal Elvive Fibrology Thickening Conditioner 200ml,0,0,0,2.89,taxable,,Hair Care,L'Oréal Elvive Fibrology Thickening Conditioner 200ml. A hair care product. Supplied as 200ml.,No regulation
simple,0017854104877,Baylis & Harding Elements Body Wash Dark Amber & Fig 500ml,0,0,0,2.89,taxable,,Beauty,Baylis & Harding Elements Body Wash Dark Amber & Fig 500ml. A health and beauty product. Supplied as 500ml.,No regulation
simple,5000477233968,Olbas Inhaler Nasal Stick 695mg,0,0,0,2.89,taxable,,Cold & Flu,"Olbas Inhaler Nasal Stick 695mg. Always read the label and any leaflet supplied. If symptoms persist, speak to your pharmacist or doctor. Supplied as 695mg.",GSL
simple,3600542460309,Garnier Ultimate Blends Kids Cherry No Tears Shampoo 250ml,0,0,0,2.89,taxable,,Hair Care,Garnier Ultimate Blends Kids Cherry No Tears Shampoo 250ml. A hair care product. Supplied as 250ml.,No regulation
simple,0381519186899,Aussie Mousse 3 Minute Miracle Curl Define & Shine 150ml,0,0,0,2.89,taxable,,Hair Care,Aussie Mousse 3 Minute Miracle Curl Define & Shine 150ml. A hair care product. Supplied as 150ml.,No regulation
simple,0309976623054,Revlon Colorsilk Permanent Hair Colour 05 Ultra Light Ash Blonde,0,0,0,2.89,taxable,,Hair Care,Revlon Colorsilk Permanent Hair Colour 05 Ultra Light Ash Blonde. A hair care product.,No regulation
simple,8699568557426,Wella Shockwaves Extra Strong Hold Hairspray 400ml,0,0,0,2.89,taxable,,Hair Care,Wella Shockwaves Extra Strong Hold Hairspray 400ml. A hair care product. Supplied as 400ml.,No regulation
simple,0309978695455,Revlon Colorsilk Permanent Hair Colour 45 Bright Auburn,0,0,0,2.89,taxable,,First Aid,"Revlon Colorsilk Permanent Hair Colour 45 Bright Auburn. Always read the label and any leaflet supplied. If symptoms persist, speak to your pharmacist or doctor.",No regulation
simple,8710908160653,TRESemmé Beauty-full Volume Mousse 200ml,0,0,0,2.89,taxable,,Hair Care,TRESemmé Beauty-full Volume Mousse 200ml. A hair care product. Supplied as 200ml.,No regulation
simple,5012583206095,Schwarzkopf Color Expert Omegaplex Medium Caramel Blonde 8.65,0,0,0,2.89,taxable,,Hair Care,Schwarzkopf Color Expert Omegaplex Medium Caramel Blonde 8.65. A hair care product.,No regulation
simple,8711700807258,Dove Intense Nourishing Body Lotion 250ml,0,0,0,2.79,taxable,,Skincare,Dove Intense Nourishing Body Lotion 250ml. A skincare product. Supplied as 250ml.,No regulation
simple,8718951166202,Colgate Toothpaste Max White Crystals 75ml,0,0,0,2.79,taxable,,Oral Care,Colgate Toothpaste Max White Crystals 75ml. An oral care product. Supplied as 75ml.,No regulation
simple,0309978695509,Revlon Colorsilk Permanent Hair Colour 50 Light Ash Brown,0,0,0,2.79,taxable,,Hair Care,Revlon Colorsilk Permanent Hair Colour 50 Light Ash Brown. A hair care product.,No regulation
simple,5060455140275,Brushworks Ceramic Foot File,0,0,0,2.79,taxable,,General Health,Brushworks Ceramic Foot File. A health and wellbeing product.,No regulation
simple,3574661325576,Johnson's Shiny Drops Kids Conditioner Spray 200ml,0,0,0,2.79,taxable,,Hair Care,Johnson's Shiny Drops Kids Conditioner Spray 200ml. A hair care product. Supplied as 200ml.,No regulation
simple,3574661416519,Johnson's Baby Top to Toe Moisturising Cream 100ml,0,0,0,2.79,taxable,,Baby & Child,Johnson's Baby Top to Toe Moisturising Cream 100ml. A baby and child product. Supplied as 100ml.,No regulation
simple,8700216301879,Head & Shoulders Men Ultra Scalp Detox Anti-Dandruff Shampoo 250ml,0,0,0,2.79,taxable,,Hair Care,Head & Shoulders Men Ultra Scalp Detox Anti-Dandruff Shampoo 250ml. A hair care product. Supplied as 250ml.,No regulation
simple,5024874017150,Valupak Cod Liver Oil 1000mg 30 Capsules,0,0,0,2.79,taxable,,Vitamins,Valupak Cod Liver Oil 1000mg 30 Capsules. A vitamins and supplements product. Supplied as 30 Capsules.,No regulation
simple,50158072,Dettol Liquid Antiseptic Disinfectant 250ml,0,0,0,2.79,taxable,,First Aid,"Dettol Liquid Antiseptic Disinfectant 250ml. Always read the label and any leaflet supplied. If symptoms persist, speak to your pharmacist or doctor. Supplied as 250ml.",No regulation
simple,5017371150505,Calypso Dry Oil Clear Protection SPF6 200ml,0,0,0,2.79,taxable,,Skincare,Calypso Dry Oil Clear Protection SPF6 200ml. A skincare product. Supplied as 200ml.,No regulation
simple,4015400629368,Always Discreet Pads Small Plus 16 Pack,0,0,0,2.79,taxable,zero-rate,Continence,Always Discreet Pads Small Plus 16 Pack. A continence care product. Supplied as 16 Pack.,No regulation
simple,8809211652518,Berrisom Face Wrapping Mask Collagen Solution 80 27g,0,0,0,2.79,taxable,,Skincare,Berrisom Face Wrapping Mask Collagen Solution 80 27g. A skincare product. Supplied as 27g.,No regulation
simple,40060682,Nivea Hand Cream Soothing Care Aloe Vera 75ml,0,0,0,2.79,taxable,,Skincare,Nivea Hand Cream Soothing Care Aloe Vera 75ml. A skincare product. Supplied as 75ml.,No regulation
simple,4015400219712,Tampax Compak Super Applicator Tampons 18 Pack,0,0,0,2.79,taxable,zero-rate,Women's Health,Tampax Compak Super Applicator Tampons 18 Pack. A women's health product. Supplied as 18 Pack.,No regulation
simple,5055586605311,Eight Triple Eight Coconut Shampoo 1000ml,0,0,0,2.79,taxable,,Hair Care,Eight Triple Eight Coconut Shampoo 1000ml. A hair care product. Supplied as 1000ml.,No regulation
simple,5055158013216,Epaderm Cream 50g,0,0,0,2.79,taxable,,Skincare,Epaderm Cream 50g. A skincare product. Supplied as 50g.,No regulation
simple,8718951647961,Sanex Baby Zero% Nourishing Wash 450ml,0,0,0,2.79,taxable,,Baby & Child,Sanex Baby Zero% Nourishing Wash 450ml. A baby and child product. Supplied as 450ml.,No regulation
simple,5060084170827,Profoot Moleskin Roll 7cmx40cm,0,0,0,2.79,taxable,,Skincare,Profoot Moleskin Roll 7cmx40cm. A skincare product.,No regulation
simple,8006540822197,Always Ultra Normal Pads 16 Pack,0,0,0,2.79,taxable,zero-rate,Women's Health,Always Ultra Normal Pads 16 Pack. A women's health product. Supplied as 16 Pack.,No regulation
simple,0716237180469,Giovanni L.A. Natural Gel 60ml,0,0,0,2.79,taxable,,Skincare,Giovanni L.A. Natural Gel 60ml. A skincare product. Supplied as 60ml.,No regulation
simple,5025135113871,Malibu Dry Oil Spray SPF15 100ml,0,0,0,2.79,taxable,,Skincare,Malibu Dry Oil Spray SPF15 100ml. A skincare product. Supplied as 100ml.,No regulation
simple,8718951030299,Colgate Sensitive Sensifoam Toothpaste 125ml,0,0,0,2.79,taxable,,Oral Care,Colgate Sensitive Sensifoam Toothpaste 125ml. An oral care product. Supplied as 125ml.,No regulation
simple,8001841377926,Always Platinum Normal Sanitary Towels with Wings 24 Pads,0,0,0,2.79,taxable,zero-rate,Women's Health,Always Platinum Normal Sanitary Towels with Wings 24 Pads. A women's health product. Supplied as 24 Pads.,No regulation
simple,5051389044821,Mitchum Women Unscented Antiperspirant & Deodorant 150ml,0,0,0,2.79,taxable,,Beauty,Mitchum Women Unscented Antiperspirant & Deodorant 150ml. A health and beauty product. Supplied as 150ml.,No regulation
simple,5012254061022,TRESemmé Hairspray Extra Hold 100ml,0,0,0,2.79,taxable,,Hair Care,TRESemmé Hairspray Extra Hold 100ml. A hair care product. Supplied as 100ml.,No regulation
simple,5010605208171,Feminax Express 8 Tablets,0,0,0,2.79,taxable,,Pain Relief,"Feminax Express 8 Tablets. Always read the label and any leaflet supplied. If symptoms persist, speak to your pharmacist or doctor. Supplied as 8 Tablets.",GSL
simple,5020535010287,Elysium Spa Sleep Well Pillow Spray 25ml,0,0,0,2.79,taxable,,Beauty,Elysium Spa Sleep Well Pillow Spray 25ml. A health and beauty product. Supplied as 25ml.,No regulation
simple,8886467049484,Dove Body Love Rich Nourishment Cream 250ml,0,0,0,2.79,taxable,,Skincare,Dove Body Love Rich Nourishment Cream 250ml. A skincare product. Supplied as 250ml.,No regulation
simple,5000167002126,Femfresh Intimate Deodorant Spray 125ml,0,0,0,2.79,taxable,,Sexual Wellness,"Femfresh Intimate Deodorant Spray 125ml. Always read the label and any leaflet supplied. If symptoms persist, speak to your pharmacist or doctor. Supplied as 125ml.",No regulation
simple,5010249028524,FSC One-A-Day Garlic Gems 90 Capsules,0,0,0,2.79,taxable,,Vitamins,FSC One-A-Day Garlic Gems 90 Capsules. A vitamins and supplements product. Supplied as 90 Capsules.,No regulation
simple,8699568514320,Clairol Color Crave Semi-Permanent Lavender,0,0,0,2.79,taxable,,General Health,Clairol Color Crave Semi-Permanent Lavender. A health and wellbeing product.,No regulation
simple,3574661484303,Johnson's Baby Soap with Honey 100g 4 Pack,0,0,0,2.79,taxable,,Baby & Child,Johnson's Baby Soap with Honey 100g 4 Pack. A baby and child product. Supplied as 4 Pack.,No regulation
simple,0309978695516,Revlon Colorsilk Permanent Hair Colour 51 Light Brown,0,0,0,2.79,taxable,,Hair Care,Revlon Colorsilk Permanent Hair Colour 51 Light Brown. A hair care product.,No regulation
simple,5060135050962,O.R.S. Hydration Strawberry for Kids 12 Tablets,0,0,0,2.79,taxable,,Vitamins,O.R.S. Hydration Strawberry for Kids 12 Tablets. A vitamins and supplements product. Supplied as 12 Tablets.,No regulation
simple,3600522498803,L'Oréal Elvive Fibrology Thickness Creation Double Serum 30ml,0,0,0,2.79,taxable,,Hair Care,L'Oréal Elvive Fibrology Thickness Creation Double Serum 30ml. A hair care product. Supplied as 30ml.,No regulation
simple,8006540351963,Always Discreet Extra Secure Ultimate Night Pads 6 Pack,0,0,0,2.79,taxable,zero-rate,Continence,Always Discreet Extra Secure Ultimate Night Pads 6 Pack. A continence care product. Supplied as 6 Pack.,No regulation
simple,0309976623498,Revlon Colorsilk Permanent Hair Colour 49 Auburn Brown,0,0,0,2.79,taxable,,First Aid,"Revlon Colorsilk Permanent Hair Colour 49 Auburn Brown. Always read the label and any leaflet supplied. If symptoms persist, speak to your pharmacist or doctor.",No regulation
simple,5010249122000,FSC Vitamin B6 100mg 60 Tablets,0,0,0,2.79,taxable,,Vitamins,FSC Vitamin B6 100mg 60 Tablets. A vitamins and supplements product. Supplied as 60 Tablets.,No regulation
simple,5010249152533,FSC Hawthorn 500mg 30 Tablets,0,0,0,2.79,taxable,,Vitamins,FSC Hawthorn 500mg 30 Tablets. A vitamins and supplements product. Supplied as 30 Tablets.,No regulation
simple,8720182513793,TRESemmé Moisture Rich Conditioner 300ml,0,0,0,2.79,taxable,,Hair Care,TRESemmé Moisture Rich Conditioner 300ml. A hair care product. Supplied as 300ml.,No regulation
simple,3600522626077,L'Oréal Men Expert Thermic Resist 48Hr Anti-Perspirant Deodorant 50ml,0,0,0,2.79,taxable,,Beauty,L'Oréal Men Expert Thermic Resist 48Hr Anti-Perspirant Deodorant 50ml. A health and beauty product. Supplied as 50ml.,No regulation
simple,5029354008932,AloeDent Dental Floss 30m,0,0,0,2.79,taxable,,Oral Care,AloeDent Dental Floss 30m. An oral care product.,No regulation
simple,8001090705600,Tampax Compak Regular Tampons 18's,0,0,0,2.79,taxable,zero-rate,Women's Health,Tampax Compak Regular Tampons 18's. A women's health product.,No regulation
simple,8720182513946,Tresemme Cleanse & Replenish Conditioner 300ml,0,0,0,2.79,taxable,,Hair Care,Tresemme Cleanse & Replenish Conditioner 300ml. A hair care product. Supplied as 300ml.,No regulation
simple,7350075690396,The Humble Co. Brush Adult White Medium 1 Pack,0,0,0,2.79,taxable,,General Health,The Humble Co. Brush Adult White Medium 1 Pack. A health and wellbeing product. Supplied as 1 Pack.,No regulation
simple,5010441013281,Numark Chesty Cough Oral Solution 200ml,0,0,0,2.79,taxable,,Cold & Flu,"Numark Chesty Cough Oral Solution 200ml. Always read the label and any leaflet supplied. If symptoms persist, speak to your pharmacist or doctor. Supplied as 200ml.",No regulation
simple,5057881620211,Vitaplus Adhesive Assorted Wound Dressings 6 Pack,0,0,0,2.79,taxable,,First Aid,"Vitaplus Adhesive Assorted Wound Dressings 6 Pack. Always read the label and any leaflet supplied. If symptoms persist, speak to your pharmacist or doctor. Supplied as 6 Pack.",No regulation
simple,8001090065988,Always Discreet Pads Long 10 Pack,0,0,0,2.79,taxable,zero-rate,Continence,Always Discreet Pads Long 10 Pack. A continence care product. Supplied as 10 Pack.,No regulation
simple,3574669908528,Johnson's Baby Bath 500ml,0,0,0,2.79,taxable,,Baby & Child,Johnson's Baby Bath 500ml. A baby and child product. Supplied as 500ml.,No regulation
simple,5060062998030,Earth Friendly Baby Gentle Aloe Vera Wet Wipes 72 Pack,0,0,0,2.79,taxable,,Baby & Child,Earth Friendly Baby Gentle Aloe Vera Wet Wipes 72 Pack. A baby and child product. Supplied as 72 Pack.,No regulation
simple,7350087736679,E45 Dermatological Cream 50g,0,0,0,2.79,taxable,,Skincare,E45 Dermatological Cream 50g. A skincare product. Supplied as 50g.,GSL
simple,8717163943229,VO5 Natural Texture Spray Natural Hold 150ml,0,0,0,2.79,taxable,,Beauty,VO5 Natural Texture Spray Natural Hold 150ml. A health and beauty product. Supplied as 150ml.,No regulation
simple,5010441007235,Numark Sleep Aid 25mg 20 Tablets,0,0,0,2.79,taxable,,Prescription Medicines,"Numark Sleep Aid 25mg 20 Tablets. Prescription-only medicine, supplied after an online consultation with our pharmacist. Always read the label and any leaflet supplied. If symptoms persist, speak to your pharmacist or doctor. Supplied as 20 Tablets.",P
simple,3574669908276,Johnsons Baby Bed Time Powder 500g,0,0,0,2.79,taxable,,Baby & Child,Johnsons Baby Bed Time Powder 500g. A baby and child product. Supplied as 500g.,No regulation
simple,5038581121109,Yankee Candle Home Inspiration Pepperberry Pine Wax Melts 75g,0,0,0,2.79,taxable,,Beauty,Yankee Candle Home Inspiration Pepperberry Pine Wax Melts 75g. A health and beauty product. Supplied as 75g.,No regulation
simple,5025903027928,Careway Haemorrhoid Cream 30ml,0,0,0,2.79,taxable,,Digestive,"Careway Haemorrhoid Cream 30ml. Always read the label and any leaflet supplied. If symptoms persist, speak to your pharmacist or doctor. Supplied as 30ml.",No regulation
simple,8809211651214,Berrisom Peking Opera Mask Series King 25ml,0,0,0,2.79,taxable,,Skincare,Berrisom Peking Opera Mask Series King 25ml. A skincare product. Supplied as 25ml.,No regulation
simple,5060035248223,CB12 Boost Sugar Free Mint Gum 10 Pieces,0,0,0,2.79,taxable,,Oral Care,CB12 Boost Sugar Free Mint Gum 10 Pieces. An oral care product.,No regulation
simple,8809483316279,Leaders Collagen Lifting Skin Renewal Mask 25ml,0,0,0,2.79,taxable,,Skincare,Leaders Collagen Lifting Skin Renewal Mask 25ml. A skincare product. Supplied as 25ml.,No regulation
simple,8710908881121,Dove Body Wash Glowing Ritual 500ml,0,0,0,2.79,taxable,,Beauty,Dove Body Wash Glowing Ritual 500ml. A health and beauty product. Supplied as 500ml.,No regulation
simple,5060421930602,AproDerm Ointment 50g,0,0,0,2.79,taxable,,Skincare,AproDerm Ointment 50g. A skincare product. Supplied as 50g.,No regulation
simple,5010123703431,Listerine Mouthwash Freshburst 250ml,0,0,0,2.79,taxable,,Oral Care,Listerine Mouthwash Freshburst 250ml. An oral care product. Supplied as 250ml.,No regulation
simple,5010441007730,Numark Micropore Tape 5cm x 5m,0,0,0,2.79,taxable,,First Aid,"Numark Micropore Tape 5cm x 5m. Always read the label and any leaflet supplied. If symptoms persist, speak to your pharmacist or doctor.",No regulation
simple,8809242195183,Leaders Daily Wonders Pore Gone for Good Pore Care Mask 25ml,0,0,0,2.79,taxable,,Skincare,Leaders Daily Wonders Pore Gone for Good Pore Care Mask 25ml. A skincare product. Supplied as 25ml.,No regulation
simple,5037378008999,Anovia Hand Repair Hand Cream 125ml,0,0,0,2.79,taxable,,Skincare,Anovia Hand Repair Hand Cream 125ml. A skincare product. Supplied as 125ml.,No regulation
simple,5060428199538,Vital Baby Protect Grooming Kit,0,0,0,2.79,taxable,,Baby & Child,Vital Baby Protect Grooming Kit. A baby and child product.,No regulation
simple,5000347087141,Panadol ActiFast 14 Tablets,0,0,0,2.79,taxable,,Pain Relief,"Panadol ActiFast 14 Tablets. Always read the label and any leaflet supplied. If symptoms persist, speak to your pharmacist or doctor. Supplied as 14 Tablets.",GSL
simple,5012654200854,Carnation Cushion Comfort Insoles 1 Pair,0,0,0,2.79,taxable,,Supports & Braces,Carnation Cushion Comfort Insoles 1 Pair. A support and mobility product.,No regulation
simple,5060084170131,Noise-X Foam Earplugs Barrel Shape 2 Pairs,0,0,0,2.79,taxable,,General Health,Noise-X Foam Earplugs Barrel Shape 2 Pairs. A health and wellbeing product.,No regulation
simple,8718951656536,Sanex Deodorant Spray Dermo Sensitive 200ml,0,0,0,2.79,taxable,,Beauty,Sanex Deodorant Spray Dermo Sensitive 200ml. A health and beauty product. Supplied as 200ml.,No regulation
simple,5010724534427,Anusol 10 Soothing & Cleansing Wipes,0,0,0,2.79,taxable,,Digestive,"Anusol 10 Soothing & Cleansing Wipes. Always read the label and any leaflet supplied. If symptoms persist, speak to your pharmacist or doctor.",No regulation
simple,3600522372639,L'Oréal Men Expert Shirt Protect 48H Anti-Perspirant Deodorant 50ml,0,0,0,2.79,taxable,,Beauty,L'Oréal Men Expert Shirt Protect 48H Anti-Perspirant Deodorant 50ml. A health and beauty product. Supplied as 50ml.,No regulation
simple,8809211651221,Berrisom Peking Opera Mask Series Queen 25ml,0,0,0,2.79,taxable,,Skincare,Berrisom Peking Opera Mask Series Queen 25ml. A skincare product. Supplied as 25ml.,No regulation
simple,0017854096158,Baylis & Harding Black Pepper & Ginseng Hair & Body Wash,0,0,0,2.79,taxable,,Hair Care,Baylis & Harding Black Pepper & Ginseng Hair & Body Wash. A hair care product.,No regulation
simple,0080376315564,Profoot Softgel Toe Protector,0,0,0,2.75,taxable,,Vitamins,Profoot Softgel Toe Protector. A vitamins and supplements product.,No regulation
simple,8809310873319,Jumiso First Skin-Brightening Face Sheet Mask 26ml,0,0,0,2.69,taxable,,Skincare,Jumiso First Skin-Brightening Face Sheet Mask 26ml. A skincare product. Supplied as 26ml.,No regulation
simple,5010249041257,"FSC Calcium, Magnesium & Zinc 30 Tablets",0,0,0,2.69,taxable,,Vitamins,"FSC Calcium, Magnesium & Zinc 30 Tablets. A vitamins and supplements product. Supplied as 30 Tablets.",No regulation
simple,3361370713479,Milton Antibacterial Surface Spray 500ml,0,0,0,2.69,taxable,,Beauty,Milton Antibacterial Surface Spray 500ml. A health and beauty product. Supplied as 500ml.,No regulation
simple,8717163997383,Dove Invisible Dry Anti-Perspirant 250ml,0,0,0,2.69,taxable,,Beauty,Dove Invisible Dry Anti-Perspirant 250ml. A health and beauty product. Supplied as 250ml.,No regulation
simple,8001090065964,Always Discreet Normal 12 Pads,0,0,0,2.69,taxable,zero-rate,Continence,Always Discreet Normal 12 Pads. A continence care product. Supplied as 12 Pads.,No regulation
simple,8718951253889,Colgate Toothpaste Charcoal Advanced White 75ml,0,0,0,2.69,taxable,,Oral Care,Colgate Toothpaste Charcoal Advanced White 75ml. An oral care product. Supplied as 75ml.,No regulation
simple,8711600532397,Dove Men+Care Invisible Dry Deodorant Spray 150ml,0,0,0,2.69,taxable,,Beauty,Dove Men+Care Invisible Dry Deodorant Spray 150ml. A health and beauty product. Supplied as 150ml.,No regulation
simple,8699568514085,Clairol Color Crave Semi-Permanent Indigo,0,0,0,2.69,taxable,,General Health,Clairol Color Crave Semi-Permanent Indigo. A health and wellbeing product.,No regulation
simple,7317400020457,TePe Good Regular Toothbrush,0,0,0,2.69,taxable,,Oral Care,TePe Good Regular Toothbrush. An oral care product.,No regulation
simple,5010249319004,FSC Zinc Lozenges 36 Pack,0,0,0,2.69,taxable,,Cold & Flu,"FSC Zinc Lozenges 36 Pack. Always read the label and any leaflet supplied. If symptoms persist, speak to your pharmacist or doctor. Supplied as 36 Pack.",No regulation
simple,5012008740104,Inecto Body Lotion Coconut 500ml,0,0,0,2.69,taxable,,Skincare,Inecto Body Lotion Coconut 500ml. A skincare product. Supplied as 500ml.,No regulation
simple,5010441011362,Numark Cold Sore Cream 2g,0,0,0,2.69,taxable,,Cold & Flu,"Numark Cold Sore Cream 2g. Always read the label and any leaflet supplied. If symptoms persist, speak to your pharmacist or doctor. Supplied as 2g.",GSL
simple,0782126003089,Natracare Ultra Pads Super Wings 12 pack,0,0,0,2.69,taxable,zero-rate,General Health,Natracare Ultra Pads Super Wings 12 pack. A health and wellbeing product. Supplied as 12 pack.,No regulation
simple,5010249152397,The Food Supplement Damiana 250mg 30 Tablets,0,0,0,2.69,taxable,,Vitamins,The Food Supplement Damiana 250mg 30 Tablets. A vitamins and supplements product. Supplied as 30 Tablets.,No regulation
simple,5010441012161,Numark Constipation Relief 5mg 20 Tablets,0,0,0,2.69,taxable,,Digestive,"Numark Constipation Relief 5mg 20 Tablets. Always read the label and any leaflet supplied. If symptoms persist, speak to your pharmacist or doctor. Supplied as 20 Tablets.",GSL
simple,8718951030169,Colgate Sensitive with Sensifoam Toothpaste 75ml,0,0,0,2.69,taxable,,Oral Care,Colgate Sensitive with Sensifoam Toothpaste 75ml. An oral care product. Supplied as 75ml.,No regulation
simple,3574661352275,Listerine Smart Rinse Children Berry 250ml,0,0,0,2.69,taxable,,Oral Care,Listerine Smart Rinse Children Berry 250ml. An oral care product. Supplied as 250ml.,No regulation
simple,5410076391011,Aussie Luscious Long Conditioner 250ml,0,0,0,2.69,taxable,,Hair Care,Aussie Luscious Long Conditioner 250ml. A hair care product. Supplied as 250ml.,No regulation
simple,5012654200878,Carnation Heel Grips 1 Pair,0,0,0,2.69,taxable,,General Health,Carnation Heel Grips 1 Pair. A health and wellbeing product.,No regulation
simple,5012008748100,Inecto Naturals Intense Hydration Coconut Shampoo 500ml,0,0,0,2.69,taxable,,Hair Care,Inecto Naturals Intense Hydration Coconut Shampoo 500ml. A hair care product. Supplied as 500ml.,No regulation
simple,8809447250045,Dr.Althea Water Glow Aqua Ampoule Mask 27g,0,0,0,2.69,taxable,,Skincare,Dr.Althea Water Glow Aqua Ampoule Mask 27g. A skincare product. Supplied as 27g.,No regulation
simple,5000477242014,Olbas Blackcurrant Pastilles 40g,0,0,0,2.69,taxable,,Cold & Flu,"Olbas Blackcurrant Pastilles 40g. Always read the label and any leaflet supplied. If symptoms persist, speak to your pharmacist or doctor. Supplied as 40g.",No regulation
simple,5028763013926,Wisdom Renew Floss Harps 30 Pack,0,0,0,2.69,taxable,,Oral Care,Wisdom Renew Floss Harps 30 Pack. An oral care product. Supplied as 30 Pack.,No regulation
simple,8809310873333,Jumiso Water Splash Face Sheet Mask 26ml,0,0,0,2.69,taxable,,Skincare,Jumiso Water Splash Face Sheet Mask 26ml. A skincare product. Supplied as 26ml.,No regulation
simple,0782126003201,Natracare Ultra Extra Pads Long with Wings 8 pack,0,0,0,2.69,taxable,zero-rate,General Health,Natracare Ultra Extra Pads Long with Wings 8 pack. A health and wellbeing product. Supplied as 8 pack.,No regulation
simple,8006540769737,Always Panty Liners Extra Long Plus 24s,0,0,0,2.69,taxable,zero-rate,Women's Health,Always Panty Liners Extra Long Plus 24s. A women's health product.,No regulation
simple,8712561384841,Dove Shampoo Daily Moisture 400ml,0,0,0,2.69,taxable,,Hair Care,Dove Shampoo Daily Moisture 400ml. A hair care product. Supplied as 400ml.,No regulation
simple,5029354015220,Aloe Pura Hand Sanitiser 75ml,0,0,0,2.69,taxable,,General Health,Aloe Pura Hand Sanitiser 75ml. A health and wellbeing product. Supplied as 75ml.,No regulation
simple,3574661117638,Piz Buin Mountain Sun Cream with SPF15 40ml,0,0,0,2.69,taxable,,Skincare,Piz Buin Mountain Sun Cream with SPF15 40ml. A skincare product. Supplied as 40ml.,No regulation
simple,8809447250670,Dr.Althea Herb Therapy Velvet Mask 27g,0,0,0,2.69,taxable,,Skincare,Dr.Althea Herb Therapy Velvet Mask 27g. A skincare product. Supplied as 27g.,No regulation
simple,3600541126053,Garnier Body 7 Day Mango Hand Cream 100ml,0,0,0,2.69,taxable,,Skincare,Garnier Body 7 Day Mango Hand Cream 100ml. A skincare product. Supplied as 100ml.,No regulation
simple,5012008721301,Pro:Voke Touch Of Silver Brightening Shampoo 150ml,0,0,0,2.69,taxable,,Hair Care,Pro:Voke Touch Of Silver Brightening Shampoo 150ml. A hair care product. Supplied as 150ml.,No regulation
simple,8717644331811,Sure Men Active Dry Antiperspirant Deodorant 250ml,0,0,0,2.69,taxable,,Beauty,Sure Men Active Dry Antiperspirant Deodorant 250ml. A health and beauty product. Supplied as 250ml.,No regulation
simple,4084500103900,Aussie Wash+ Blow Kool Kiwi Berry Dry Shampoo 180ml,0,0,0,2.69,taxable,,Hair Care,Aussie Wash+ Blow Kool Kiwi Berry Dry Shampoo 180ml. A hair care product. Supplied as 180ml.,No regulation
simple,5012008570008,Soft & Gentle Pink Cotton Jasmine & Coco Milk 150ml,0,0,0,2.69,taxable,,General Health,Soft & Gentle Pink Cotton Jasmine & Coco Milk 150ml. A health and wellbeing product. Supplied as 150ml.,No regulation
simple,0309978695554,Revlon Colorsilk Permanent Hair Colour 55 Light Reddish Brown,0,0,0,2.69,taxable,,Hair Care,Revlon Colorsilk Permanent Hair Colour 55 Light Reddish Brown. A hair care product.,No regulation
simple,0782126003256,Natracare Ultra Extra Pads Regular with Wings 12 pack,0,0,0,2.69,taxable,zero-rate,General Health,Natracare Ultra Extra Pads Regular with Wings 12 pack. A health and wellbeing product. Supplied as 12 pack.,No regulation
simple,8700216420686,Herbal Essences Dazzling Shine Lime Essences Conditioner 275ml,0,0,0,2.69,taxable,,Hair Care,Herbal Essences Dazzling Shine Lime Essences Conditioner 275ml. A hair care product. Supplied as 275ml.,No regulation
simple,5060519140807,Pukka Lean Matcha Green Tea 20 Sachets,0,0,0,2.69,taxable,zero-rate,Vitamins,Pukka Lean Matcha Green Tea 20 Sachets. A vitamins and supplements product. Supplied as 20 Sachets.,No regulation
simple,5011417571828,Gaviscon Double Action Liquid 10ml 4 Sachets,0,0,0,2.69,taxable,,Digestive,"Gaviscon Double Action Liquid 10ml 4 Sachets. Always read the label and any leaflet supplied. If symptoms persist, speak to your pharmacist or doctor. Supplied as 4 Sachets.",GSL
simple,4015400363064,Tampax Super Plus with Applicator 20 Pack,0,0,0,2.69,taxable,zero-rate,Women's Health,Tampax Super Plus with Applicator 20 Pack. A women's health product. Supplied as 20 Pack.,No regulation
simple,5010249152489,FSC Ginkgo Biloba 500mg 30 Tablets,0,0,0,2.69,taxable,,Vitamins,FSC Ginkgo Biloba 500mg 30 Tablets. A vitamins and supplements product. Supplied as 30 Tablets.,No regulation
simple,5030451003430,Cetraben Cream 50g,0,0,0,2.69,taxable,,Skincare,Cetraben Cream 50g. A skincare product. Supplied as 50g.,No regulation
simple,5029053582924,Kleenex Original Mega Pack 112 Tissues,0,0,0,2.69,taxable,,General Health,Kleenex Original Mega Pack 112 Tissues. A health and wellbeing product.,No regulation
simple,0782126003058,Natracare Ultra Pads Regular with Wings 14 pack,0,0,0,2.69,taxable,zero-rate,General Health,Natracare Ultra Pads Regular with Wings 14 pack. A health and wellbeing product. Supplied as 14 pack.,No regulation
simple,5029354008772,Australian Tea Tree Soap 90g,0,0,0,2.69,taxable,,Beauty,Australian Tea Tree Soap 90g. A health and beauty product. Supplied as 90g.,No regulation
simple,50096381,Dove Go Fresh Cucumber Antiperspirant Roll On Deodorant 50ml,0,0,0,2.69,taxable,,Beauty,Dove Go Fresh Cucumber Antiperspirant Roll On Deodorant 50ml. A health and beauty product. Supplied as 50ml.,No regulation
simple,4005800187728,Elastoplast Disney Frozen 20 Plasters,0,0,0,2.69,taxable,,First Aid,"Elastoplast Disney Frozen 20 Plasters. Always read the label and any leaflet supplied. If symptoms persist, speak to your pharmacist or doctor.",No regulation
simple,8809310873340,Jumiso Rich Nourishment Sheet Mask 26ml,0,0,0,2.69,taxable,,Skincare,Jumiso Rich Nourishment Sheet Mask 26ml. A skincare product. Supplied as 26ml.,No regulation
simple,5060229015068,Pukka Motherkind Pregnancy Tea 20 Sachets,0,0,0,2.69,taxable,zero-rate,Vitamins,Pukka Motherkind Pregnancy Tea 20 Sachets. A vitamins and supplements product. Supplied as 20 Sachets.,No regulation
simple,5051389044845,Mitchum Women Shower Fresh Antiperspirant & Deodorant 150ml,0,0,0,2.69,taxable,,Beauty,Mitchum Women Shower Fresh Antiperspirant & Deodorant 150ml. A health and beauty product. Supplied as 150ml.,No regulation
simple,4005808151080,Nivea Shower Cream Sensitive 250ml,0,0,0,2.69,taxable,,Skincare,Nivea Shower Cream Sensitive 250ml. A skincare product. Supplied as 250ml.,No regulation
simple,4005800280597,Elastoplast Knee & Elbow Fabric 10 Plasters,0,0,0,2.59,taxable,,Supports & Braces,Elastoplast Knee & Elbow Fabric 10 Plasters. A support and mobility product.,No regulation
simple,8809533814595,Beaudiani Anti Wrinkle Mask 25ml,0,0,0,2.59,taxable,,Skincare,Beaudiani Anti Wrinkle Mask 25ml. A skincare product. Supplied as 25ml.,No regulation
simple,8712561631204,Dove Body Wash Purely Pampering Coconut Milk & Jasmine Petals 500ml,0,0,0,2.59,taxable,,Beauty,Dove Body Wash Purely Pampering Coconut Milk & Jasmine Petals 500ml. A health and beauty product. Supplied as 500ml.,No regulation
simple,3600523283941,L'Oréal Paris Studio Pro Heat It Hot & Go Fast Blow-Dry Spray 150ml,0,0,0,2.59,taxable,,Beauty,L'Oréal Paris Studio Pro Heat It Hot & Go Fast Blow-Dry Spray 150ml. A health and beauty product. Supplied as 150ml.,No regulation
simple,8710908882463,Dove Body Wash Invigorating Ritual 500ml,0,0,0,2.59,taxable,,Beauty,Dove Body Wash Invigorating Ritual 500ml. A health and beauty product. Supplied as 500ml.,No regulation
simple,5060035249053,CB12 Fresh Breath Mouth Spray 15ml,0,0,0,2.59,taxable,,Vitamins,CB12 Fresh Breath Mouth Spray 15ml. A vitamins and supplements product. Supplied as 15ml.,No regulation
simple,5010441002766,Numark Rehydration Treatment Blackcurrant Flavoured 6 Sachets,0,0,0,2.59,taxable,,Vitamins,Numark Rehydration Treatment Blackcurrant Flavoured 6 Sachets. A vitamins and supplements product. Supplied as 6 Sachets.,No regulation
simple,3574661684314,Listerine Spearmint Mouthwash 500ml,0,0,0,2.59,taxable,,Oral Care,Listerine Spearmint Mouthwash 500ml. An oral care product. Supplied as 500ml.,No regulation
simple,5010441013342,Numark Senna 7.5mg 20 Tablets,0,0,0,2.59,taxable,,Digestive,"Numark Senna 7.5mg 20 Tablets. Always read the label and any leaflet supplied. If symptoms persist, speak to your pharmacist or doctor. Supplied as 20 Tablets.",GSL
simple,5010249041288,FSC Super Cal/Mag 30 Tablets,0,0,0,2.59,taxable,,Vitamins,FSC Super Cal/Mag 30 Tablets. A vitamins and supplements product. Supplied as 30 Tablets.,No regulation
simple,3600523167609,L'Oréal Studio Pro Boost It Volume Mousse Extra Strong 200ml,0,0,0,2.59,taxable,,Hair Care,L'Oréal Studio Pro Boost It Volume Mousse Extra Strong 200ml. A hair care product. Supplied as 200ml.,No regulation
simple,5410076854462,Oral-B Pro-Expert Premium Dental Floss 40m,0,0,0,2.59,taxable,,Oral Care,Oral-B Pro-Expert Premium Dental Floss 40m. An oral care product.,No regulation
simple,5011309085716,Algesal Local Analgesic Cream 50g,0,0,0,2.59,taxable,,Skincare,"Algesal Local Analgesic Cream 50g. Prescription-only medicine, supplied after an online consultation with our pharmacist. Always read the label and any leaflet supplied. If symptoms persist, speak to your pharmacist or doctor. Supplied as 50g.",P
simple,3574661218236,Johnson's Baby Top to Toe Bath 300ml,0,0,0,2.59,taxable,,Baby & Child,Johnson's Baby Top to Toe Bath 300ml. A baby and child product. Supplied as 300ml.,No regulation
simple,5029053500287,Kotex Maxi Normal 18 pads,0,0,0,2.59,taxable,zero-rate,General Health,Kotex Maxi Normal 18 pads. A health and wellbeing product. Supplied as 18 pads.,No regulation
simple,5060849634113,I Love Bath & Shower Strawberry Cream 750ml,0,0,0,2.59,taxable,,Skincare,I Love Bath & Shower Strawberry Cream 750ml. A skincare product. Supplied as 750ml.,No regulation
simple,3574660582871,Johnson's Daily Essentials Hydrating 24hr Day Cream SPF15 50ml,0,0,0,2.59,taxable,,Skincare,Johnson's Daily Essentials Hydrating 24hr Day Cream SPF15 50ml. A skincare product. Supplied as 50ml.,No regulation
simple,5010441013809,Numark Hypromellose Drops 0.3% 10ml,0,0,0,2.59,taxable,,Eye Care,"Numark Hypromellose Drops 0.3% 10ml. Always read the label and any leaflet supplied. If symptoms persist, speak to your pharmacist or doctor. Supplied as 10ml.",No regulation
simple,8714789895536,Sanex Nourishing & Gentle Anti-Dandruff Shampoo 250ml,0,0,0,2.59,taxable,,Hair Care,Sanex Nourishing & Gentle Anti-Dandruff Shampoo 250ml. A hair care product. Supplied as 250ml.,No regulation
simple,8886467049453,Brut Original All in one Hair & Body Shower Gel 500ml,0,0,0,2.59,taxable,,Hair Care,Brut Original All in one Hair & Body Shower Gel 500ml. A hair care product. Supplied as 500ml.,No regulation
simple,5011309141115,Radian B Muscle Rub 40g,0,0,0,2.59,taxable,,Pain Relief,"Radian B Muscle Rub 40g. Always read the label and any leaflet supplied. If symptoms persist, speak to your pharmacist or doctor. Supplied as 40g.",No regulation
simple,8714789844282,Colgate Toothpaste Advance White 75ml,0,0,0,2.59,taxable,,Oral Care,Colgate Toothpaste Advance White 75ml. An oral care product. Supplied as 75ml.,No regulation
simple,8710908881541,Dove Body Wash Relaxing Ritual 500ml,0,0,0,2.59,taxable,,Beauty,Dove Body Wash Relaxing Ritual 500ml. A health and beauty product. Supplied as 500ml.,No regulation
simple,7322540490220,Tena Lights Sensitive Light Liners 28 Pack,0,0,0,2.59,taxable,zero-rate,Continence,Tena Lights Sensitive Light Liners 28 Pack. A continence care product. Supplied as 28 Pack.,No regulation
simple,5000158063815,Disprin Direct 16 Chewable Tablets,0,0,0,2.59,taxable,,Vitamins,Disprin Direct 16 Chewable Tablets. A vitamins and supplements product. Supplied as 16 Chewable.,GSL
simple,5000231050855,Radox Bath Soak Stress Relief Rosemary & Eucalyptus 500ml,0,0,0,2.59,taxable,,Beauty,Radox Bath Soak Stress Relief Rosemary & Eucalyptus 500ml. A health and beauty product. Supplied as 500ml.,No regulation
simple,80466437,Dove Original Anti-perspirant Stick 40ml,0,0,0,2.59,taxable,,Beauty,Dove Original Anti-perspirant Stick 40ml. A health and beauty product. Supplied as 40ml.,No regulation
simple,5055586608060,Eight Triple Eight Conditioner Apple Cider Vinegar 1000ml,0,0,0,2.59,taxable,,Hair Care,Eight Triple Eight Conditioner Apple Cider Vinegar 1000ml. A hair care product. Supplied as 1000ml.,No regulation
simple,8717163411216,Dove Firming Body Lotion 250ml,0,0,0,2.59,taxable,,Skincare,Dove Firming Body Lotion 250ml. A skincare product. Supplied as 250ml.,No regulation
simple,7702018474738,Gillette Blue Disposable Fixed Handle 5 Pack,0,0,0,2.59,taxable,,General Health,Gillette Blue Disposable Fixed Handle 5 Pack. A health and wellbeing product. Supplied as 5 Pack.,No regulation
simple,8034007484015,Plus Fresh Face Everyday Facemask 2 Pack,0,0,0,2.59,taxable,,Skincare,Plus Fresh Face Everyday Facemask 2 Pack. A skincare product. Supplied as 2 Pack.,No regulation
simple,8718951323025,Sanex Men Active Control Antiperspirant 200ml,0,0,0,2.59,taxable,,Beauty,Sanex Men Active Control Antiperspirant 200ml. A health and beauty product. Supplied as 200ml.,No regulation
simple,7332531063418,Schwarzkopf Got2B Glued Blasting Freeze Spray 100ml,0,0,0,2.59,taxable,,First Aid,"Schwarzkopf Got2B Glued Blasting Freeze Spray 100ml. Always read the label and any leaflet supplied. If symptoms persist, speak to your pharmacist or doctor. Supplied as 100ml.",No regulation
simple,0086449002256,Crystal Travel Deodorant Stick 40g,0,0,0,2.59,taxable,,Beauty,Crystal Travel Deodorant Stick 40g. A health and beauty product. Supplied as 40g.,No regulation
simple,7322540557466,Tena Lights Sensitive Long Liner 20 Pack,0,0,0,2.59,taxable,zero-rate,Continence,Tena Lights Sensitive Long Liner 20 Pack. A continence care product. Supplied as 20 Pack.,No regulation
simple,5010441011270,Numark Aspirin 75mg Gastro-Resistant 56 Tablets,0,0,0,2.59,taxable,,Pain Relief,"Numark Aspirin 75mg Gastro-Resistant 56 Tablets. Prescription-only medicine, supplied after an online consultation with our pharmacist. Always read the label and any leaflet supplied. If symptoms persist, speak to your pharmacist or doctor. Supplied as 56 Tablets.",P
simple,5060332530168,Lindens Health + Nutrition Zinc Citrate 50mg 100 Tablets,0,0,0,2.59,taxable,,Vitamins,Lindens Health + Nutrition Zinc Citrate 50mg 100 Tablets. A vitamins and supplements product. Supplied as 100 Tablets.,No regulation
simple,5012008748001,Inecto Intense Hydrating Coconut Conditioner 500ml,0,0,0,2.59,taxable,,Hair Care,Inecto Intense Hydrating Coconut Conditioner 500ml. A hair care product. Supplied as 500ml.,No regulation
simple,5391510478881,Ultrapure Laboratories Hydrogen Peroxide 6% 200ml,0,0,0,2.59,taxable,,General Health,Ultrapure Laboratories Hydrogen Peroxide 6% 200ml. A health and wellbeing product. Supplied as 200ml.,No regulation
simple,5010415635006,Tommee Tippee Catch All Bib,0,0,0,2.59,taxable,zero-rate,General Health,Tommee Tippee Catch All Bib. A health and wellbeing product.,No regulation
simple,5060254922447,Enopen Cream 50g,0,0,0,2.59,taxable,,Skincare,Enopen Cream 50g. A skincare product. Supplied as 50g.,No regulation
simple,50469185,Beechams Cold & Flu Honey & Lemon 5 Pack,0,0,0,2.59,taxable,,Cold & Flu,"Beechams Cold & Flu Honey & Lemon 5 Pack. Always read the label and any leaflet supplied. If symptoms persist, speak to your pharmacist or doctor. Supplied as 5 Pack.",No regulation
simple,4005808222698,Nivea for Men Sensitive Shave Foam 200ml,0,0,0,2.59,taxable,,Men's Health,Nivea for Men Sensitive Shave Foam 200ml. A men's health product. Supplied as 200ml.,No regulation
simple,0017854104891,Baylis & Harding Elements Body Wash White Tea & Neroli 500ml,0,0,0,2.59,taxable,,Beauty,Baylis & Harding Elements Body Wash White Tea & Neroli 500ml. A health and beauty product. Supplied as 500ml.,No regulation
simple,0018515124494,Nutra Nail Nail Hardener Flex Shield 15ml,0,0,0,2.59,taxable,,Beauty,Nutra Nail Nail Hardener Flex Shield 15ml. A health and beauty product. Supplied as 15ml.,No regulation
simple,3600541361454,Garnier Cleansing Milk 200ml,0,0,0,2.59,taxable,,Skincare,Garnier Cleansing Milk 200ml. A skincare product. Supplied as 200ml.,No regulation
simple,4005900036568,Nivea Black & White Antiperspirant Deodorant Spray 150ml,0,0,0,2.59,taxable,,Beauty,Nivea Black & White Antiperspirant Deodorant Spray 150ml. A health and beauty product. Supplied as 150ml.,No regulation
simple,8717644627624,Dove Men+Care Clean Comfort Body Wash 250ml,0,0,0,2.59,taxable,,Beauty,Dove Men+Care Clean Comfort Body Wash 250ml. A health and beauty product. Supplied as 250ml.,No regulation
simple,8414606537808,The Skin Lounge Firming Lift Mask 25g,0,0,0,2.59,taxable,,Skincare,The Skin Lounge Firming Lift Mask 25g. A skincare product. Supplied as 25g.,No regulation
simple,3574661352817,Listerine Smart Rinse Mint 250ml,0,0,0,2.59,taxable,,Oral Care,Listerine Smart Rinse Mint 250ml. An oral care product. Supplied as 250ml.,No regulation
simple,5037808075805,Ever Ready Corn Plane Replacement Blades 10,0,0,0,2.59,taxable,,Skincare,Ever Ready Corn Plane Replacement Blades 10. A skincare product.,No regulation
simple,5017848253975,Bell's Healthcare Triple Action Cough Oral Solution 200ml,0,0,0,2.59,taxable,,Cold & Flu,"Bell's Healthcare Triple Action Cough Oral Solution 200ml. Always read the label and any leaflet supplied. If symptoms persist, speak to your pharmacist or doctor. Supplied as 200ml.",GSL
simple,8006540584200,Always Ultra Day & Night Sanitary Pads 9 Pack,0,0,0,2.59,taxable,zero-rate,Women's Health,Always Ultra Day & Night Sanitary Pads 9 Pack. A women's health product. Supplied as 9 Pack.,No regulation
simple,3600523167616,L'Oréal Studio/Pro Curve It Curl Mousse 200ml,0,0,0,2.59,taxable,,Hair Care,L'Oréal Studio/Pro Curve It Curl Mousse 200ml. A hair care product. Supplied as 200ml.,No regulation
simple,5060704340098,Acala Bamboo Cotton Buds 100 Pack,0,0,0,2.59,taxable,,General Health,Acala Bamboo Cotton Buds 100 Pack. A health and wellbeing product. Supplied as 100 Pack.,No regulation
simple,5012254061275,TRESemmé Deep Cleansing Shampoo 500ml,0,0,0,2.59,taxable,,Hair Care,TRESemmé Deep Cleansing Shampoo 500ml. A hair care product. Supplied as 500ml.,No regulation
simple,50621903,Bells Clove Oil B.P. 10ml,0,0,0,2.59,taxable,,Skincare,Bells Clove Oil B.P. 10ml. A skincare product. Supplied as 10ml.,No regulation
simple,5012654200847,Carnation Foot Care Hydrocolloid Blister Care 4 Large Dressings,0,0,0,2.59,taxable,,First Aid,"Carnation Foot Care Hydrocolloid Blister Care 4 Large Dressings. Always read the label and any leaflet supplied. If symptoms persist, speak to your pharmacist or doctor.",No regulation
simple,0083078001940,Carmex Moisturising Lip Balm Mint SPF15 10g,0,0,0,2.59,taxable,,Skincare,Carmex Moisturising Lip Balm Mint SPF15 10g. A skincare product. Supplied as 10g.,No regulation
simple,9329401000770,Pure Paw Paw Ointment Mango 15g,0,0,0,2.59,taxable,,Skincare,Pure Paw Paw Ointment Mango 15g. A skincare product. Supplied as 15g.,No regulation
simple,6291105153294,Vaseline Cocoa Butter Lip Care 4.8g,0,0,0,2.59,taxable,,Beauty,Vaseline Cocoa Butter Lip Care 4.8g. A health and beauty product. Supplied as 4.8g.,No regulation
simple,5010249011687,FSC Folic Acid 400mcg 90 Tablets,0,0,0,2.59,taxable,,Women's Health,FSC Folic Acid 400mcg 90 Tablets. A women's health product. Supplied as 90 Tablets.,No regulation
simple,7322540490268,Tena Lights Sensitive Normal Liners 24 Pack,0,0,0,2.59,taxable,zero-rate,Continence,Tena Lights Sensitive Normal Liners 24 Pack. A continence care product. Supplied as 24 Pack.,No regulation
simple,7350087731100,Lipobase Cream 50g,0,0,0,2.59,taxable,,Skincare,"Lipobase Cream 50g. Prescription-only medicine, supplied after an online consultation with our pharmacist. Always read the label and any leaflet supplied. If symptoms persist, speak to your pharmacist or doctor. Supplied as 50g.",P
simple,5010058039216,Hush Plugz Silicone Earplugs 7 Pairs,0,0,0,2.59,taxable,,General Health,Hush Plugz Silicone Earplugs 7 Pairs. A health and wellbeing product.,No regulation
simple,8710908689789,Dove Men+Care Minerals + Sage Body & Face Wash 250ml,0,0,0,2.59,taxable,,Skincare,Dove Men+Care Minerals + Sage Body & Face Wash 250ml. A skincare product. Supplied as 250ml.,No regulation
simple,0309978695448,Revlon Colorsilk Permanent Hair Colour 44 Medium Red Brown,0,0,0,2.59,taxable,,Hair Care,Revlon Colorsilk Permanent Hair Colour 44 Medium Red Brown. A hair care product.,No regulation
simple,9329401000282,Pure Paw Paw Ointment Grape 15g,0,0,0,2.59,taxable,,Skincare,Pure Paw Paw Ointment Grape 15g. A skincare product. Supplied as 15g.,No regulation
simple,0017854078413,"Baylis & Harding Aloe, Tea Tree & Lime Antibacterial Hand Wash 500ml",0,0,0,2.59,taxable,,Beauty,"Baylis & Harding Aloe, Tea Tree & Lime Antibacterial Hand Wash 500ml. A health and beauty product. Supplied as 500ml.",No regulation
simple,8017331082836,Bionsen Mineral Active Roll On 50ml,0,0,0,2.59,taxable,,General Health,Bionsen Mineral Active Roll On 50ml. A health and wellbeing product. Supplied as 50ml.,No regulation
simple,7702018024612,Gillette Simply Venus 2 Blades Women's Disposable Razors 4 Pack,0,0,0,2.59,taxable,,Women's Health,Gillette Simply Venus 2 Blades Women's Disposable Razors 4 Pack. A women's health product. Supplied as 4 Pack.,No regulation
simple,8886467075223,Dove Go Fresh Pear & Aloe Vera Anti-perspirant Stick 40ml,0,0,0,2.59,taxable,,Beauty,Dove Go Fresh Pear & Aloe Vera Anti-perspirant Stick 40ml. A health and beauty product. Supplied as 40ml.,No regulation
simple,4015400675518,Always Discreet Long Plus 20 Liners,0,0,0,2.59,taxable,zero-rate,Continence,Always Discreet Long Plus 20 Liners. A continence care product.,No regulation
simple,5055172208551,Sure Thermal Instant Ice Pack Single Use,0,0,0,2.59,taxable,,General Health,Sure Thermal Instant Ice Pack Single Use. A health and wellbeing product.,No regulation
simple,8712561643238,Dove Go Fresh Mandarin & Tiare Flower Body Wash 250ml,0,0,0,2.59,taxable,,Beauty,Dove Go Fresh Mandarin & Tiare Flower Body Wash 250ml. A health and beauty product. Supplied as 250ml.,No regulation
simple,0672935109662,Firefly Lightup Timer Toothbrush Soft (3+ Years) 1 Pack,0,0,0,2.59,taxable,,Oral Care,Firefly Lightup Timer Toothbrush Soft (3+ Years) 1 Pack. An oral care product. Supplied as 1 Pack.,No regulation
simple,0017854012677,Baylis & Harding Funky Farm Bath & Shower Gel 1L,0,0,0,2.50,taxable,,Beauty,Baylis & Harding Funky Farm Bath & Shower Gel 1L. A health and beauty product. Supplied as 1L.,No regulation
simple,0017854120792,Baylis & Harding Sweet Mandarin & Grapefruit Hand Cream 50ml,0,0,0,2.50,taxable,,Skincare,Baylis & Harding Sweet Mandarin & Grapefruit Hand Cream 50ml. A skincare product. Supplied as 50ml.,No regulation
simple,5060133372295,Vizulize Multi-Purpose Contact Lens Solution 100ml,0,0,0,2.49,taxable,,Eye Care,"Vizulize Multi-Purpose Contact Lens Solution 100ml. Always read the label and any leaflet supplied. If symptoms persist, speak to your pharmacist or doctor. Supplied as 100ml.",No regulation
simple,8001841283944,Old Spice Deep Sea Deodorant Stick 50ml,0,0,0,2.49,taxable,,Beauty,Old Spice Deep Sea Deodorant Stick 50ml. A health and beauty product. Supplied as 50ml.,No regulation
simple,8717163758823,Toni & Guy 2-In-1 Cleansing Face & Beard Wash 150ml,0,0,0,2.49,taxable,,Hair Care,Toni & Guy 2-In-1 Cleansing Face & Beard Wash 150ml. A hair care product. Supplied as 150ml.,No regulation
simple,7332531024648,Schwarzkopf Gliss Hair Repair Color Protect & Shine Shampoo 400ml,0,0,0,2.49,taxable,,Hair Care,Schwarzkopf Gliss Hair Repair Color Protect & Shine Shampoo 400ml. A hair care product. Supplied as 400ml.,No regulation
simple,3600523717200,L'Oréal Men Expert Black Mineral Anti-Spot Shower Gel 300ml,0,0,0,2.49,taxable,,Beauty,L'Oréal Men Expert Black Mineral Anti-Spot Shower Gel 300ml. A health and beauty product. Supplied as 300ml.,No regulation
simple,4005900512130,Nivea Soft Mix & Match Happy Exotic 100ml,0,0,0,2.49,taxable,,General Health,Nivea Soft Mix & Match Happy Exotic 100ml. A health and wellbeing product. Supplied as 100ml.,No regulation
simple,4015400564119,Always Dailies Normal Liners 32 Pack,0,0,0,2.49,taxable,zero-rate,Women's Health,Always Dailies Normal Liners 32 Pack. A women's health product. Supplied as 32 Pack.,No regulation
simple,0080376315625,Profoot Softgel Corn Wraps 3 Pack,0,0,0,2.49,taxable,,Skincare,Profoot Softgel Corn Wraps 3 Pack. A skincare product. Supplied as 3 Pack.,No regulation
simple,4015400363002,Tampax Super Tampons with Applicator 20 Pack,0,0,0,2.49,taxable,zero-rate,Women's Health,Tampax Super Tampons with Applicator 20 Pack. A women's health product. Supplied as 20 Pack.,No regulation
simple,5011309102611,Care+ Sodium Bicarbonate Ear Drops 10ml,0,0,0,2.49,taxable,,Vitamins,Care+ Sodium Bicarbonate Ear Drops 10ml. A vitamins and supplements product. Supplied as 10ml.,GSL
simple,4015600572969,Oral-B Pro Expert Professional Protection Rinse 500ml,0,0,0,2.49,taxable,,Oral Care,Oral-B Pro Expert Professional Protection Rinse 500ml. An oral care product. Supplied as 500ml.,No regulation
simple,3574669907903,Johnson's Baby Shampoo 500ml,0,0,0,2.49,taxable,,Baby & Child,Johnson's Baby Shampoo 500ml. A baby and child product. Supplied as 500ml.,No regulation
simple,96106068,Dove Advanced Dry Oil Conditioner 50ml,0,0,0,2.49,taxable,,Hair Care,Dove Advanced Dry Oil Conditioner 50ml. A hair care product. Supplied as 50ml.,No regulation
simple,8886467049477,Brut Attraction Totale All-In-One Hair & Body Shower Gel 500ml,0,0,0,2.49,taxable,,Hair Care,Brut Attraction Totale All-In-One Hair & Body Shower Gel 500ml. A hair care product. Supplied as 500ml.,No regulation
simple,7332531063388,Schwarzkopf Got2B Fresh It Up Texture Dry Shampoo 200ml,0,0,0,2.49,taxable,,Hair Care,Schwarzkopf Got2B Fresh It Up Texture Dry Shampoo 200ml. A hair care product. Supplied as 200ml.,No regulation
simple,5014697033703,Vosene for Kids 3 In 1 Shampoo 250ml,0,0,0,2.49,taxable,,Hair Care,Vosene for Kids 3 In 1 Shampoo 250ml. A hair care product. Supplied as 250ml.,No regulation
simple,0017854113305,Baylis & Harding Beauticology Make a Splash Bath Bomb,0,0,0,2.49,taxable,,Beauty,Baylis & Harding Beauticology Make a Splash Bath Bomb. A health and beauty product.,No regulation
simple,5011784030126,MEDIJEL Gel 15g,0,0,0,2.49,taxable,,Skincare,MEDIJEL Gel 15g. A skincare product. Supplied as 15g.,GSL
simple,4084500694293,Max Factor Masterpiece High Precision Liquid Eyeliner Velvet Black 01,0,0,0,2.49,taxable,,Beauty,Max Factor Masterpiece High Precision Liquid Eyeliner Velvet Black 01. A health and beauty product.,No regulation
simple,8006540583982,Always Ultra Normal 15 Pack,0,0,0,2.49,taxable,zero-rate,Women's Health,Always Ultra Normal 15 Pack. A women's health product. Supplied as 15 Pack.,No regulation
simple,5055586605328,Eight Triple Eight Coconut Conditioner 1000ml,0,0,0,2.49,taxable,,Hair Care,Eight Triple Eight Coconut Conditioner 1000ml. A hair care product. Supplied as 1000ml.,No regulation
simple,8718951042209,Colgate Kids Minions 4+ Years Mild Flavour Toothpaste 50ml,0,0,0,2.49,taxable,,Oral Care,Colgate Kids Minions 4+ Years Mild Flavour Toothpaste 50ml. An oral care product. Supplied as 50ml.,No regulation
simple,5054805039722,Vosene Anti Dandruff Shampoo 500ml,0,0,0,2.49,taxable,,Hair Care,Vosene Anti Dandruff Shampoo 500ml. A hair care product. Supplied as 500ml.,No regulation
simple,8001090559890,Oral-B Pro Expert Mint Toothpaste 75ml,0,0,0,2.49,taxable,,Oral Care,Oral-B Pro Expert Mint Toothpaste 75ml. An oral care product. Supplied as 75ml.,No regulation
simple,8710908778322,Dove Relaxing Coconut Body Wash 225ml,0,0,0,2.49,taxable,,Beauty,Dove Relaxing Coconut Body Wash 225ml. A health and beauty product. Supplied as 225ml.,No regulation
simple,8711600724358,Toni & Guy Men Anti Dandruff 2-In-1 Shampoo 250ml,0,0,0,2.49,taxable,,Hair Care,Toni & Guy Men Anti Dandruff 2-In-1 Shampoo 250ml. A hair care product. Supplied as 250ml.,No regulation
simple,5000101513893,Imperial Leather Gentle Care Soap 90g 4 Pack,0,0,0,2.49,taxable,,Beauty,Imperial Leather Gentle Care Soap 90g 4 Pack. A health and beauty product. Supplied as 4 Pack.,No regulation
simple,0079400204387,Toni & Guy Volume Addiction Conditioner 250ml,0,0,0,2.49,taxable,,Hair Care,Toni & Guy Volume Addiction Conditioner 250ml. A hair care product. Supplied as 250ml.,No regulation
simple,5025135112485,Malibu Soothing After Sun Lotion 200ml,0,0,0,2.49,taxable,,Skincare,Malibu Soothing After Sun Lotion 200ml. A skincare product. Supplied as 200ml.,No regulation
simple,0017854096172,Baylis & Harding Citrus Lime & Mint Shower Gel 500ml,0,0,0,2.49,taxable,,Beauty,Baylis & Harding Citrus Lime & Mint Shower Gel 500ml. A health and beauty product. Supplied as 500ml.,No regulation
simple,5060099032967,Odylique Reviving Rosemary Shampoo 20ml,0,0,0,2.49,taxable,,Hair Care,Odylique Reviving Rosemary Shampoo 20ml. A hair care product. Supplied as 20ml.,No regulation
simple,5060171760009,Balmosa Cream 40g,0,0,0,2.49,taxable,,Skincare,Balmosa Cream 40g. A skincare product. Supplied as 40g.,GSL
simple,8720181334870,Sure Invisible Pure Anti-perspirant 200ml,0,0,0,2.49,taxable,,Beauty,Sure Invisible Pure Anti-perspirant 200ml. A health and beauty product. Supplied as 200ml.,No regulation
simple,5012616267055,"Firefly LOL Surprise Dental Set: 2 Toothbrushes, Toothpaste & Beaker",0,0,0,2.49,taxable,,Oral Care,"Firefly LOL Surprise Dental Set: 2 Toothbrushes, Toothpaste & Beaker. An oral care product.",No regulation
simple,0010181032226,Palmer's Coconut Oil Formula Coconut Oil Lip Balm SPF 15 4g,0,0,0,2.49,taxable,,Skincare,Palmer's Coconut Oil Formula Coconut Oil Lip Balm SPF 15 4g. A skincare product. Supplied as 4g.,No regulation
simple,9329401000305,Pure Paw Paw Ointment Original 25g,0,0,0,2.49,taxable,,Skincare,Pure Paw Paw Ointment Original 25g. A skincare product. Supplied as 25g.,No regulation
simple,8712561488280,Dove Shampoo Intensive Repair 400ml,0,0,0,2.49,taxable,,Hair Care,Dove Shampoo Intensive Repair 400ml. A hair care product. Supplied as 400ml.,No regulation
simple,5060099032332,Odylique Coconut Chamomile Prebiotic Conditioner & Detangler 20ml,0,0,0,2.49,taxable,,Hair Care,Odylique Coconut Chamomile Prebiotic Conditioner & Detangler 20ml. A hair care product. Supplied as 20ml.,No regulation
simple,4015400899303,Aussie Beach Mate Dry Shampoo 180ml,0,0,0,2.49,taxable,,Hair Care,Aussie Beach Mate Dry Shampoo 180ml. A hair care product. Supplied as 180ml.,No regulation
simple,0895531010228,Australian Gold Dark Sunshine 15ml,0,0,0,2.49,taxable,,General Health,Australian Gold Dark Sunshine 15ml. A health and wellbeing product. Supplied as 15ml.,No regulation
simple,8710447205877,Radox Feel Vivacious Apple Blossom & Cranberry Shower Mousse 200ml,0,0,0,2.49,taxable,,Hair Care,Radox Feel Vivacious Apple Blossom & Cranberry Shower Mousse 200ml. A hair care product. Supplied as 200ml.,No regulation
simple,5000101513824,Imperial Leather Original Soap 90g 4 Pack,0,0,0,2.49,taxable,,Beauty,Imperial Leather Original Soap 90g 4 Pack. A health and beauty product. Supplied as 4 Pack.,No regulation
simple,4005900036483,Nivea Men Black & White Original Antiperspirant Deodorant Spray 150ml,0,0,0,2.49,taxable,,Beauty,Nivea Men Black & White Original Antiperspirant Deodorant Spray 150ml. A health and beauty product. Supplied as 150ml.,No regulation
simple,5060133370482,Vizulize Contact Lens Saline Solution 360ml,0,0,0,2.49,taxable,,Eye Care,"Vizulize Contact Lens Saline Solution 360ml. Always read the label and any leaflet supplied. If symptoms persist, speak to your pharmacist or doctor. Supplied as 360ml.",No regulation
simple,5012008748407,Inecto Naturals Deeply Nourishing Avocado Conditioner 500ml,0,0,0,2.49,taxable,,Hair Care,Inecto Naturals Deeply Nourishing Avocado Conditioner 500ml. A hair care product. Supplied as 500ml.,No regulation
simple,8712561479806,Vaseline Essential Healing Body Lotion 200ml,0,0,0,2.49,taxable,,Skincare,Vaseline Essential Healing Body Lotion 200ml. A skincare product. Supplied as 200ml.,No regulation
simple,5010724529645,Nair Hair Remover Moisturising with Baby Oil 80ml,0,0,0,2.49,taxable,,Baby & Child,Nair Hair Remover Moisturising with Baby Oil 80ml. A baby and child product. Supplied as 80ml.,No regulation
simple,8710908789380,Dove Restoring Ritual Shampoo 250ml,0,0,0,2.49,taxable,,Hair Care,Dove Restoring Ritual Shampoo 250ml. A hair care product. Supplied as 250ml.,No regulation
simple,4005808890576,Nivea Soft Refreshingly Soft Moisturising Cream 75ml,0,0,0,2.49,taxable,,Skincare,Nivea Soft Refreshingly Soft Moisturising Cream 75ml. A skincare product. Supplied as 75ml.,No regulation
simple,5099186001272,Pinewood Pholcodine Linctus 200ml,0,0,0,2.49,taxable,,Prescription Medicines,"Pinewood Pholcodine Linctus 200ml. Prescription-only medicine, supplied after an online consultation with our pharmacist. Always read the label and any leaflet supplied. If symptoms persist, speak to your pharmacist or doctor. Supplied as 200ml.",P
simple,3600542418836,Garnier Ultimate Blends Blonde Illuminator Shampoo 400ml,0,0,0,2.49,taxable,,Hair Care,Garnier Ultimate Blends Blonde Illuminator Shampoo 400ml. A hair care product. Supplied as 400ml.,No regulation
simple,5017007026464,Teva Cetirizine Dihydrochloride 10mg Hay Fever Allergy Relief 30 Tablets,0,0,0,2.49,taxable,,Prescription Medicines,"Teva Cetirizine Dihydrochloride 10mg Hay Fever Allergy Relief 30 Tablets. Prescription-only medicine, supplied after an online consultation with our pharmacist. Always read the label and any leaflet supplied. If symptoms persist, speak to your pharmacist or doctor. Supplied as 30 Tablets.",P
simple,50601714,Numark Clove Oil 10ml,0,0,0,2.49,taxable,,Skincare,Numark Clove Oil 10ml. A skincare product. Supplied as 10ml.,No regulation
simple,5012008748506,Inecto Naturals Deeply Nurshing Avocdo Shampoo 500ml,0,0,0,2.49,taxable,,Hair Care,Inecto Naturals Deeply Nurshing Avocdo Shampoo 500ml. A hair care product. Supplied as 500ml.,No regulation
simple,5055586605069,Eight Triple Eight Caffeine Shampoo 1000ml,0,0,0,2.49,taxable,,Hair Care,Eight Triple Eight Caffeine Shampoo 1000ml. A hair care product. Supplied as 1000ml.,No regulation
simple,5057881620013,Vitaplus Adhesive Wound Dressing 9x10cm 5 Pack,0,0,0,2.49,taxable,,First Aid,"Vitaplus Adhesive Wound Dressing 9x10cm 5 Pack. Always read the label and any leaflet supplied. If symptoms persist, speak to your pharmacist or doctor. Supplied as 5 Pack.",No regulation
simple,4005808131013,Nivea Rich Moisture Soft Caring Hand Wash 250ml,0,0,0,2.49,taxable,,Skincare,Nivea Rich Moisture Soft Caring Hand Wash 250ml. A skincare product. Supplied as 250ml.,No regulation
simple,7702018980833,Gillette Protection Men's Shaving Gel 200ml,0,0,0,2.49,taxable,,Men's Grooming,Gillette Protection Men's Shaving Gel 200ml. A men's grooming product. Supplied as 200ml.,No regulation
simple,5000288302266,Scholl Corn Foam Cushions 9 Pack,0,0,0,2.49,taxable,,Supports & Braces,Scholl Corn Foam Cushions 9 Pack. A support and mobility product. Supplied as 9 Pack.,No regulation
simple,5010441014684,Numark Childrens Tickly Cough 0.75/5ml Oral Solution Lemon & Honey 200ml,0,0,0,2.49,taxable,,Cold & Flu,"Numark Childrens Tickly Cough 0.75/5ml Oral Solution Lemon & Honey 200ml. Always read the label and any leaflet supplied. If symptoms persist, speak to your pharmacist or doctor. Supplied as 200ml.",GSL
simple,3600541367838,Garnier Ultimate Blends The Silky Smoother Shampoo with Vanilla Milk & Papaya 400ml,0,0,0,2.49,taxable,,Hair Care,Garnier Ultimate Blends The Silky Smoother Shampoo with Vanilla Milk & Papaya 400ml. A hair care product. Supplied as 400ml.,No regulation
simple,5026445002770,Harmony Gold Styling Mousse Defined Curl 200ml,0,0,0,2.49,taxable,,Hair Care,Harmony Gold Styling Mousse Defined Curl 200ml. A hair care product. Supplied as 200ml.,No regulation
simple,3614223736485,Adidas Adipure Deodorant 200ml,0,0,0,2.49,taxable,,Beauty,Adidas Adipure Deodorant 200ml. A health and beauty product. Supplied as 200ml.,No regulation
simple,5011309025712,Care Surgical Spirit 200ml,0,0,0,2.49,taxable,,General Health,Care Surgical Spirit 200ml. A health and wellbeing product. Supplied as 200ml.,GSL
simple,0017854095137,Baylis & Harding Black Pepper & Ginseng Shower Gel,0,0,0,2.49,taxable,,Beauty,Baylis & Harding Black Pepper & Ginseng Shower Gel. A health and beauty product.,No regulation
simple,5025135117664,Malibu Face Cream SPF30 40ml,0,0,0,2.49,taxable,,Skincare,Malibu Face Cream SPF30 40ml. A skincare product. Supplied as 40ml.,No regulation
simple,0083078421144,Carmex Original Lip Balm Tube 10g,0,0,0,2.49,taxable,,Skincare,Carmex Original Lip Balm Tube 10g. A skincare product. Supplied as 10g.,No regulation
simple,6281006485303,Pears Handwash Mint 250ml,0,0,0,2.49,taxable,,Beauty,Pears Handwash Mint 250ml. A health and beauty product. Supplied as 250ml.,No regulation
simple,0017854113336,Baylis & Harding Beauticology Believe in Yourself Hand Wash 500ml,0,0,0,2.49,taxable,,Beauty,Baylis & Harding Beauticology Believe in Yourself Hand Wash 500ml. A health and beauty product. Supplied as 500ml.,No regulation
simple,8717163653500,Dove Silver Care Shampoo 250ml,0,0,0,2.49,taxable,,Hair Care,Dove Silver Care Shampoo 250ml. A hair care product. Supplied as 250ml.,No regulation
simple,8886467049460,Brut Sport Style All in one Hair & Body Shower Gel 500ml,0,0,0,2.49,taxable,,Hair Care,Brut Sport Style All in one Hair & Body Shower Gel 500ml. A hair care product. Supplied as 500ml.,No regulation
simple,5010622017947,Oral-B Satin Dental Floss 25m,0,0,0,2.49,taxable,,Oral Care,Oral-B Satin Dental Floss 25m. An oral care product.,No regulation
simple,8712561615242,Dove Body Wash Gentle Exfoliating 500ml,0,0,0,2.49,taxable,,Skincare,Dove Body Wash Gentle Exfoliating 500ml. A skincare product. Supplied as 500ml.,No regulation
simple,5000347055867,Corsodyl Daily Expanding Floss 30m,0,0,0,2.49,taxable,,Oral Care,Corsodyl Daily Expanding Floss 30m. An oral care product.,No regulation
simple,8001090962966,Old Spice Captain Deodorant Spray 150ml,0,0,0,2.49,taxable,,Beauty,Old Spice Captain Deodorant Spray 150ml. A health and beauty product. Supplied as 150ml.,No regulation
simple,5054805039630,Vosene Anti Dandruff Conditioner 300ml,0,0,0,2.49,taxable,,Hair Care,Vosene Anti Dandruff Conditioner 300ml. A hair care product. Supplied as 300ml.,No regulation
simple,8710908789427,Dove Nourishing Secrets Restoring Ritual Coconut Conditioner 200ml,0,0,0,2.49,taxable,,Hair Care,Dove Nourishing Secrets Restoring Ritual Coconut Conditioner 200ml. A hair care product. Supplied as 200ml.,No regulation
simple,4011700740475,4711 Original Cream Soap 100g,0,0,0,2.49,taxable,,Skincare,4711 Original Cream Soap 100g. A skincare product. Supplied as 100g.,No regulation
simple,3574661684307,Listerine Lime & Mint 500ml,0,0,0,2.49,taxable,,Oral Care,Listerine Lime & Mint 500ml. An oral care product. Supplied as 500ml.,No regulation
simple,8001841489803,Oral-B Sensitivity & Gum Calm Gentle Whitening Toothpaste 75ml,0,0,0,2.49,taxable,,Oral Care,Oral-B Sensitivity & Gum Calm Gentle Whitening Toothpaste 75ml. An oral care product. Supplied as 75ml.,No regulation
simple,5000167056600,Nurofen 200mg 16 Tablets,0,0,0,2.49,taxable,,Pain Relief,"Nurofen 200mg 16 Tablets. Always read the label and any leaflet supplied. If symptoms persist, speak to your pharmacist or doctor. Supplied as 16 Tablets.",GSL
simple,5054805050536,Vosene Kids Head Lice Spray Apple and Lemon 150ml,0,0,0,2.49,taxable,,Beauty,Vosene Kids Head Lice Spray Apple and Lemon 150ml. A health and beauty product. Supplied as 150ml.,No regulation
simple,0018515012418,Nutra Nail 5-7 Day Growth Treatment 13ml,0,0,0,2.49,taxable,,Beauty,Nutra Nail 5-7 Day Growth Treatment 13ml. A health and beauty product. Supplied as 13ml.,No regulation
simple,7332531024617,Schwarzkopf Gliss Hair Repair Total Repair Shampoo 400ml,0,0,0,2.49,taxable,,Hair Care,Schwarzkopf Gliss Hair Repair Total Repair Shampoo 400ml. A hair care product. Supplied as 400ml.,No regulation
simple,50287062,Dove Invisible Dry Antiperspirant Deodorant Stick 40ml,0,0,0,2.49,taxable,,Beauty,Dove Invisible Dry Antiperspirant Deodorant Stick 40ml. A health and beauty product. Supplied as 40ml.,No regulation
simple,5060099032325,Odylique Lavendar Sea Buckthorn Prebiotic Conditioner & Detangler 20ml,0,0,0,2.49,taxable,,Hair Care,Odylique Lavendar Sea Buckthorn Prebiotic Conditioner & Detangler 20ml. A hair care product. Supplied as 20ml.,No regulation
simple,5033852190235,Pillmate Large 7 Day Pill Box,0,0,0,2.49,taxable,,General Health,Pillmate Large 7 Day Pill Box. A health and wellbeing product.,No regulation
simple,5060099032356,Odylique Lavender Hydrating Shampoo 20ml,0,0,0,2.49,taxable,,Hair Care,Odylique Lavender Hydrating Shampoo 20ml. A hair care product. Supplied as 20ml.,No regulation
simple,5010441013915,Numark Ibuprofen Rapid Pain Relief 342mg 16 Tablets,0,0,0,2.49,taxable,,Pain Relief,"Numark Ibuprofen Rapid Pain Relief 342mg 16 Tablets. Always read the label and any leaflet supplied. If symptoms persist, speak to your pharmacist or doctor. Supplied as 16 Tablets.",GSL
simple,7332531063739,Schwarzkopf Got2B Extra Volume Dry Shampoo 200ml,0,0,0,2.49,taxable,,Hair Care,Schwarzkopf Got2B Extra Volume Dry Shampoo 200ml. A hair care product. Supplied as 200ml.,No regulation
simple,5060636880129,ecoLiving Fairtrade Cotton Bud 100 Pack,0,0,0,2.49,taxable,,General Health,ecoLiving Fairtrade Cotton Bud 100 Pack. A health and wellbeing product. Supplied as 100 Pack.,No regulation
simple,5017007604457,Cymex Cold Sore Cream 5g,0,0,0,2.49,taxable,,Cold & Flu,"Cymex Cold Sore Cream 5g. Always read the label and any leaflet supplied. If symptoms persist, speak to your pharmacist or doctor. Supplied as 5g.",GSL
simple,8714789615592,Colgate Total Whitening Toothpaste 75ml,0,0,0,2.49,taxable,,Oral Care,Colgate Total Whitening Toothpaste 75ml. An oral care product. Supplied as 75ml.,No regulation
simple,5060133373414,Vizulize Hypromellose 0.3% Eye Drops 10ml,0,0,0,2.49,taxable,,Eye Care,"Vizulize Hypromellose 0.3% Eye Drops 10ml. Always read the label and any leaflet supplied. If symptoms persist, speak to your pharmacist or doctor. Supplied as 10ml.",No regulation
simple,8717644300428,Sure Men Antiperspirant Quantum Dry 150ml,0,0,0,2.49,taxable,,Beauty,Sure Men Antiperspirant Quantum Dry 150ml. A health and beauty product. Supplied as 150ml.,No regulation
simple,5034749002402,EcoLab Yellow Soft Paraffin BP 15g,0,0,0,2.49,taxable,,General Health,EcoLab Yellow Soft Paraffin BP 15g. A health and wellbeing product. Supplied as 15g.,No regulation
simple,4084500309081,Wella Silvikrin Style & Heat Protect Leave in Spray 150ml,0,0,0,2.49,taxable,,Hair Care,Wella Silvikrin Style & Heat Protect Leave in Spray 150ml. A hair care product. Supplied as 150ml.,No regulation
simple,5011831096884,Mates Comfort Natural Sensations Condoms 9 Pack,0,0,0,2.49,taxable,reduced-rate,Sexual Wellness,"Mates Comfort Natural Sensations Condoms 9 Pack. Always read the label and any leaflet supplied. If symptoms persist, speak to your pharmacist or doctor. Supplied as 9 Pack.",No regulation
simple,5055586607056,Eight Triple Eight Argan Oil Shampoo 1000ml,0,0,0,2.49,taxable,,Hair Care,Eight Triple Eight Argan Oil Shampoo 1000ml. A hair care product. Supplied as 1000ml.,No regulation
simple,96081754,Dove Men+Care Clean Comfort Stick Deodorant 50ml,0,0,0,2.49,taxable,,Beauty,Dove Men+Care Clean Comfort Stick Deodorant 50ml. A health and beauty product. Supplied as 50ml.,No regulation
simple,8712561884068,Dove Colour Care Conditioner 200ml,0,0,0,2.49,taxable,,Hair Care,Dove Colour Care Conditioner 200ml. A hair care product. Supplied as 200ml.,No regulation
simple,5060053020207,Mooncup Panty Liners 25 pack,0,0,0,2.49,taxable,zero-rate,Women's Health,Mooncup Panty Liners 25 pack. A women's health product. Supplied as 25 pack.,No regulation
simple,5011309052916,Care+ Acetone Household Solvent 50ml,0,0,0,2.49,taxable,,General Health,Care+ Acetone Household Solvent 50ml. A health and wellbeing product. Supplied as 50ml.,No regulation
simple,4005800042782,Elastoplast Water Resistant 20 Plasters,0,0,0,2.49,taxable,,First Aid,"Elastoplast Water Resistant 20 Plasters. Always read the label and any leaflet supplied. If symptoms persist, speak to your pharmacist or doctor.",No regulation
simple,5025903024903,Careway Expectorant Cherry Cough Syrup 200ml,0,0,0,2.49,taxable,,Cold & Flu,"Careway Expectorant Cherry Cough Syrup 200ml. Always read the label and any leaflet supplied. If symptoms persist, speak to your pharmacist or doctor. Supplied as 200ml.",GSL
simple,5060133373612,Pollenase Allergy Relief Cetirizine 10mg 14 Tablets,0,0,0,2.49,taxable,,Vitamins,Pollenase Allergy Relief Cetirizine 10mg 14 Tablets. A vitamins and supplements product. Supplied as 14 Tablets.,GSL
simple,8718114627007,Dove Intensive Repair Conditioner 200ml,0,0,0,2.49,taxable,,Hair Care,Dove Intensive Repair Conditioner 200ml. A hair care product. Supplied as 200ml.,No regulation
simple,8699568523803,Wella Silvikrin Classic Firm Hold Mousse 200ml,0,0,0,2.49,taxable,,Hair Care,Wella Silvikrin Classic Firm Hold Mousse 200ml. A hair care product. Supplied as 200ml.,No regulation
simple,5000101510212,Imperial Leather Energising Foamburst 200ml,0,0,0,2.49,taxable,,Beauty,Imperial Leather Energising Foamburst 200ml. A health and beauty product. Supplied as 200ml.,No regulation
simple,8006540902486,Head & Shoulders DermaXPro Conditioner 200ml,0,0,0,2.49,taxable,,Hair Care,Head & Shoulders DermaXPro Conditioner 200ml. A hair care product. Supplied as 200ml.,No regulation
simple,5051389044852,Mitchum Men 48HR Ice Fresh Antiperspirant Deodorant 150ml,0,0,0,2.49,taxable,,Beauty,Mitchum Men 48HR Ice Fresh Antiperspirant Deodorant 150ml. A health and beauty product. Supplied as 150ml.,No regulation
simple,8901117002913,Numark Hay Fever Relief Cetirizine 10mg 60 Tablets,0,0,0,2.49,taxable,,Prescription Medicines,"Numark Hay Fever Relief Cetirizine 10mg 60 Tablets. Prescription-only medicine, supplied after an online consultation with our pharmacist. Always read the label and any leaflet supplied. If symptoms persist, speak to your pharmacist or doctor. Supplied as 60 Tablets.",P
simple,96137161,Dove Go Fresh Pear & Aloe Vera Stick 40ml,0,0,0,2.49,taxable,,General Health,Dove Go Fresh Pear & Aloe Vera Stick 40ml. A health and wellbeing product. Supplied as 40ml.,No regulation
simple,8809505030435,Beaudiani Queen's Bee Royal Honey Mask 30ml,0,0,0,2.49,taxable,,Skincare,Beaudiani Queen's Bee Royal Honey Mask 30ml. A skincare product. Supplied as 30ml.,No regulation
simple,4005808230860,Nivea Double Effect 48H Antiperspirant Deodorant 150ml,0,0,0,2.49,taxable,,Beauty,Nivea Double Effect 48H Antiperspirant Deodorant 150ml. A health and beauty product. Supplied as 150ml.,No regulation
simple,8711700634342,Brut Sport Style Deodorant 200ml,0,0,0,2.49,taxable,,Beauty,Brut Sport Style Deodorant 200ml. A health and beauty product. Supplied as 200ml.,No regulation
simple,8720182525543,Matey Jasper Bubble Bath 450ml,0,0,0,2.49,taxable,,Beauty,Matey Jasper Bubble Bath 450ml. A health and beauty product. Supplied as 450ml.,No regulation
simple,8718951392878,Sanex Zero Sensitive Skin Shower Gel 225ml,0,0,0,2.49,taxable,,Skincare,Sanex Zero Sensitive Skin Shower Gel 225ml. A skincare product. Supplied as 225ml.,No regulation
simple,5060420233445,Lansinoh E Absorbent Maternity Pads 10 Pack,0,0,0,2.49,taxable,zero-rate,Women's Health,Lansinoh E Absorbent Maternity Pads 10 Pack. A women's health product. Supplied as 10 Pack.,No regulation
simple,3574669907569,Johnson's Baby Shampoo 300ml,0,0,0,2.49,taxable,,Baby & Child,Johnson's Baby Shampoo 300ml. A baby and child product. Supplied as 300ml.,No regulation
simple,8710447469378,Simple Kind To Eyes Revitalising Eye Roll On 15ml,0,0,0,2.49,taxable,,General Health,Simple Kind To Eyes Revitalising Eye Roll On 15ml. A health and wellbeing product. Supplied as 15ml.,No regulation
simple,5018632281433,Safe & Sound Kids Fun Plasters Animals 16 Pack,0,0,0,2.49,taxable,,First Aid,"Safe & Sound Kids Fun Plasters Animals 16 Pack. Always read the label and any leaflet supplied. If symptoms persist, speak to your pharmacist or doctor. Supplied as 16 Pack.",No regulation
simple,4005808837311,Nivea Pearl & Beauty Antiperspirant Deodorant Spray 150ml,0,0,0,2.49,taxable,,Beauty,Nivea Pearl & Beauty Antiperspirant Deodorant Spray 150ml. A health and beauty product. Supplied as 150ml.,No regulation
simple,5017123166990,Fennings Ibuprofen for Children 100mg/5ml Oral Suspension Strawberry Flavour 100ml,0,0,0,2.49,taxable,,Baby & Child,Fennings Ibuprofen for Children 100mg/5ml Oral Suspension Strawberry Flavour 100ml. A baby and child product. Supplied as 100ml.,GSL
simple,8717163693315,Radox Sleep Chamomile & White Valerian Scent Bath Salt 900g,0,0,0,2.49,taxable,,Beauty,Radox Sleep Chamomile & White Valerian Scent Bath Salt 900g. A health and beauty product. Supplied as 900g.,No regulation
simple,5054805039562,Vosene Hydration Anti Dandruff Cond 500ml,0,0,0,2.49,taxable,,Hair Care,Vosene Hydration Anti Dandruff Cond 500ml. A hair care product. Supplied as 500ml.,No regulation
simple,5017848249367,Bell's Calamine Lotion 200ml,0,0,0,2.49,taxable,,Skincare,Bell's Calamine Lotion 200ml. A skincare product. Supplied as 200ml.,GSL
simple,5000101135262,Carex Original Hand Wash 500ml,0,0,0,2.49,taxable,,Beauty,Carex Original Hand Wash 500ml. A health and beauty product. Supplied as 500ml.,No regulation
simple,5010724526347,Nair Body Wax Strips with Camomile Extract 16 Strips,0,0,0,2.49,taxable,,General Health,Nair Body Wax Strips with Camomile Extract 16 Strips. A health and wellbeing product.,No regulation
simple,5037200107876,Oh K! 32ml Sheet Mask Probiotic,0,0,0,2.49,taxable,,Digestive,"Oh K! 32ml Sheet Mask Probiotic. Always read the label and any leaflet supplied. If symptoms persist, speak to your pharmacist or doctor. Supplied as 32ml.",No regulation
simple,4015400363033,Tampax Regular Tampons with Applicator 20 Pack,0,0,0,2.49,taxable,zero-rate,Women's Health,Tampax Regular Tampons with Applicator 20 Pack. A women's health product. Supplied as 20 Pack.,No regulation
simple,3574669907958,Johnson's Baby 2-In-1 Shampoo 500ml,0,0,0,2.49,taxable,,Baby & Child,Johnson's Baby 2-In-1 Shampoo 500ml. A baby and child product. Supplied as 500ml.,No regulation
simple,5011417539873,Veet Hair Removal Cream Normal Skin 100ml,0,0,0,2.49,taxable,,Hair Care,Veet Hair Removal Cream Normal Skin 100ml. A hair care product. Supplied as 100ml.,No regulation
simple,8699568523926,Wella Silvikrin Classic Secure Hold Mousse 200ml,0,0,0,2.49,taxable,,Hair Care,Wella Silvikrin Classic Secure Hold Mousse 200ml. A hair care product. Supplied as 200ml.,No regulation
simple,5029053581514,Kleenex Balsam Extra Large Tissues 40 Pack,0,0,0,2.49,taxable,,General Health,Kleenex Balsam Extra Large Tissues 40 Pack. A health and wellbeing product. Supplied as 40 Pack.,No regulation
simple,5011309401417,Care+ Simple Linctus Sugar Free Cough Syrup 200ml,0,0,0,2.49,taxable,,Cold & Flu,"Care+ Simple Linctus Sugar Free Cough Syrup 200ml. Always read the label and any leaflet supplied. If symptoms persist, speak to your pharmacist or doctor. Supplied as 200ml.",GSL
simple,7702018980918,Gillette Scented Shave Gel 200ml,0,0,0,2.49,taxable,,Men's Grooming,Gillette Scented Shave Gel 200ml. A men's grooming product. Supplied as 200ml.,No regulation
simple,3574661255019,Clean & Clear Deep Action Facial Wipes 25 Pack,0,0,0,2.49,taxable,,Skincare,Clean & Clear Deep Action Facial Wipes 25 Pack. A skincare product. Supplied as 25 Pack.,No regulation
simple,8720182525536,Matey Arlo Bubble Bath 450ml,0,0,0,2.49,taxable,,Beauty,Matey Arlo Bubble Bath 450ml. A health and beauty product. Supplied as 450ml.,No regulation
simple,5028763012301,Wisdom Interdental Brushes 0.7mm 5 Pack,0,0,0,2.49,taxable,,Oral Care,Wisdom Interdental Brushes 0.7mm 5 Pack. An oral care product. Supplied as 5 Pack.,No regulation
simple,5098928124347,Ovelle Aqueous Cream 500g,0,0,0,2.49,taxable,,Skincare,Ovelle Aqueous Cream 500g. A skincare product. Supplied as 500g.,GSL
simple,4030571004349,Viscotears Liquid Gel Eye Drops 10g,0,0,0,2.49,taxable,,Eye Care,"Viscotears Liquid Gel Eye Drops 10g. Prescription-only medicine, supplied after an online consultation with our pharmacist. Always read the label and any leaflet supplied. If symptoms persist, speak to your pharmacist or doctor. Supplied as 10g.",P
simple,5010441001578,Numark Crepe Bandage 7.5cm,0,0,0,2.49,taxable,,First Aid,"Numark Crepe Bandage 7.5cm. Always read the label and any leaflet supplied. If symptoms persist, speak to your pharmacist or doctor.",No regulation
simple,3614227927483,Max Factor Elixir Velvet Matte Mauve 60 Lipstick,0,0,0,2.49,taxable,,Beauty,Max Factor Elixir Velvet Matte Mauve 60 Lipstick. A health and beauty product.,No regulation
simple,8809581077454,Beaudiani Pumpkin Mask 25ml,0,0,0,2.49,taxable,,Skincare,Beaudiani Pumpkin Mask 25ml. A skincare product. Supplied as 25ml.,No regulation
simple,0017854096165,Baylis & Harding Citrus Lime & Mint Hair & Body Wash 250ml,0,0,0,2.49,taxable,,Hair Care,Baylis & Harding Citrus Lime & Mint Hair & Body Wash 250ml. A hair care product. Supplied as 250ml.,No regulation
simple,5024874016207,Valupak Pregnancy 30 Tablets,0,0,0,2.49,taxable,,Vitamins,Valupak Pregnancy 30 Tablets. A vitamins and supplements product. Supplied as 30 Tablets.,No regulation
simple,8710908657900,Baby Dove Shampoo Rich Moisture 200ml,0,0,0,2.49,taxable,,Baby & Child,Baby Dove Shampoo Rich Moisture 200ml. A baby and child product. Supplied as 200ml.,No regulation
simple,0017854100411,Baylis & Harding Elements Fresh Lemon & Mint Hand Wash 500ml,0,0,0,2.49,taxable,,Beauty,Baylis & Harding Elements Fresh Lemon & Mint Hand Wash 500ml. A health and beauty product. Supplied as 500ml.,No regulation
simple,8712561282093,TRESemmé Keratin Smooth Shampoo 250ml,0,0,0,2.49,taxable,,Hair Care,TRESemmé Keratin Smooth Shampoo 250ml. A hair care product. Supplied as 250ml.,No regulation
simple,3600541032880,Garnier Mineral Invisicool Roll-On Deodorant 50ml,0,0,0,2.49,taxable,,Beauty,Garnier Mineral Invisicool Roll-On Deodorant 50ml. A health and beauty product. Supplied as 50ml.,No regulation
simple,3600541032897,Garnier Mineral Invisicalm Roll-On Deodorant 50ml,0,0,0,2.49,taxable,,Beauty,Garnier Mineral Invisicalm Roll-On Deodorant 50ml. A health and beauty product. Supplied as 50ml.,No regulation
simple,8006540424186,Old Spice Night Panther Deodorant Stick 50ml,0,0,0,2.49,taxable,,Beauty,Old Spice Night Panther Deodorant Stick 50ml. A health and beauty product. Supplied as 50ml.,No regulation
simple,5011321595200,Herbal Essences Ignite My Colour Rose Extract Shampoo 400ml,0,0,0,2.49,taxable,,Hair Care,Herbal Essences Ignite My Colour Rose Extract Shampoo 400ml. A hair care product. Supplied as 400ml.,No regulation
simple,3574661470573,Johnson's Baby Shampoo Chamomile 500ml,0,0,0,2.49,taxable,,Baby & Child,Johnson's Baby Shampoo Chamomile 500ml. A baby and child product. Supplied as 500ml.,No regulation
simple,7702018980819,Gillette Series Shave Gel Sensitive Skin 200ml,0,0,0,2.49,taxable,,Men's Grooming,Gillette Series Shave Gel Sensitive Skin 200ml. A men's grooming product. Supplied as 200ml.,No regulation
simple,5060099033025,Odylique Prebiotic Gentle Herb Shampoo 20ml,0,0,0,2.49,taxable,,Hair Care,Odylique Prebiotic Gentle Herb Shampoo 20ml. A hair care product. Supplied as 20ml.,No regulation
simple,5060099032974,Odylique Rosemary & Rice Water Conditioner & Detangler 20ml,0,0,0,2.49,taxable,,Hair Care,Odylique Rosemary & Rice Water Conditioner & Detangler 20ml. A hair care product. Supplied as 20ml.,No regulation
simple,8720181465482,Radox Feel Hydrated Watermelon & Mint Shower Gel 225ml,0,0,0,2.49,taxable,,Beauty,Radox Feel Hydrated Watermelon & Mint Shower Gel 225ml. A health and beauty product. Supplied as 225ml.,No regulation
simple,5012008550505,Pro:Voke Touch Of Silver Firm Hold Hairspray 250ml,0,0,0,2.49,taxable,,Hair Care,Pro:Voke Touch Of Silver Firm Hold Hairspray 250ml. A hair care product. Supplied as 250ml.,No regulation
simple,5055586607131,Eight Triple Eight Argan Conditioner 1000ml,0,0,0,2.49,taxable,,Hair Care,Eight Triple Eight Argan Conditioner 1000ml. A hair care product. Supplied as 1000ml.,No regulation
simple,3600540040404,Garnier Skin Start Afresh Cleansing Lotion 200ml,0,0,0,2.49,taxable,,Skincare,Garnier Skin Start Afresh Cleansing Lotion 200ml. A skincare product. Supplied as 200ml.,No regulation
simple,8718951656659,Sanex Deodorant Spray Extra Control 200ml,0,0,0,2.49,taxable,,Beauty,Sanex Deodorant Spray Extra Control 200ml. A health and beauty product. Supplied as 200ml.,No regulation
simple,5011831096976,Mates Ultra Thin Condoms 9 Pack,0,0,0,2.49,taxable,reduced-rate,Sexual Wellness,"Mates Ultra Thin Condoms 9 Pack. Always read the label and any leaflet supplied. If symptoms persist, speak to your pharmacist or doctor. Supplied as 9 Pack.",No regulation
simple,0017854104884,Baylis & Harding Elements Body Wash Pink Blossom & Lotus Flower 500ml,0,0,0,2.49,taxable,,Beauty,Baylis & Harding Elements Body Wash Pink Blossom & Lotus Flower 500ml. A health and beauty product. Supplied as 500ml.,No regulation
simple,5010724533758,Nair Nourish Facial Wax Strips 7 in 1 20 Pack,0,0,0,2.49,taxable,,Skincare,Nair Nourish Facial Wax Strips 7 in 1 20 Pack. A skincare product. Supplied as 20 Pack.,No regulation
simple,0083078007133,Carmex Moisturising Lip Balm Peach & Mango SPF15 10g,0,0,0,2.49,taxable,,Skincare,Carmex Moisturising Lip Balm Peach & Mango SPF15 10g. A skincare product. Supplied as 10g.,No regulation
simple,5055586607148,Eight Triple Eight Colour Protect Conditioner 1000ml,0,0,0,2.49,taxable,,Hair Care,Eight Triple Eight Colour Protect Conditioner 1000ml. A hair care product. Supplied as 1000ml.,No regulation
simple,0017854116726,Baylis & Harding Royale Garden Verbena & Chamomile Body Wash 500ml,0,0,0,2.49,taxable,,Beauty,Baylis & Harding Royale Garden Verbena & Chamomile Body Wash 500ml. A health and beauty product. Supplied as 500ml.,No regulation
simple,7702018465132,Gillette Fusion Shave Gel 200ml,0,0,0,2.49,taxable,,Men's Grooming,Gillette Fusion Shave Gel 200ml. A men's grooming product. Supplied as 200ml.,No regulation
simple,4028163037103,Ecolab Antiseptic Mouthwash Peppermint Flavour 300ml,0,0,0,2.49,taxable,,Oral Care,Ecolab Antiseptic Mouthwash Peppermint Flavour 300ml. An oral care product. Supplied as 300ml.,GSL
simple,5053249270180,Pestshield Mosquito & Insect Repellent,0,0,0,2.49,taxable,,Home & Household,Pestshield Mosquito & Insect Repellent. A home and household product.,No regulation
simple,0810020170566,Bondi Sands Pure Self Tan Foam Dark 200ml,0,0,0,2.49,taxable,,Beauty,Bondi Sands Pure Self Tan Foam Dark 200ml. A health and beauty product. Supplied as 200ml.,No regulation
simple,5017371149929,Calypso Sun Burn Relief 100ml,0,0,0,2.49,taxable,,First Aid,"Calypso Sun Burn Relief 100ml. Always read the label and any leaflet supplied. If symptoms persist, speak to your pharmacist or doctor. Supplied as 100ml.",No regulation
simple,5055028387522,Enliven Fruits Hair Mask Refresh 350ml,0,0,0,2.49,taxable,,Hair Care,Enliven Fruits Hair Mask Refresh 350ml. A hair care product. Supplied as 350ml.,No regulation
simple,3600523216673,L'Oréal Elvive Clay Oily Roots Dry Shampoo 150ml,0,0,0,2.49,taxable,,Hair Care,L'Oréal Elvive Clay Oily Roots Dry Shampoo 150ml. A hair care product. Supplied as 150ml.,No regulation
simple,8720182513755,Tresemme Revitalising Colour Shampoo 300ml,0,0,0,2.49,taxable,,Hair Care,Tresemme Revitalising Colour Shampoo 300ml. A hair care product. Supplied as 300ml.,No regulation
simple,5011451103986,Simple Kind to Skin Exfoliating Wipes 25 wipes,0,0,0,2.49,taxable,,Skincare,Simple Kind to Skin Exfoliating Wipes 25 wipes. A skincare product. Supplied as 25 wipes.,No regulation
simple,8718951388437,Sanex Shower Gel Derma Moist 225ml,0,0,0,2.49,taxable,,Beauty,Sanex Shower Gel Derma Moist 225ml. A health and beauty product. Supplied as 225ml.,No regulation
simple,0017854116740,Baylis & Harding Royale Garden Lemon & Basil Body Wash 500ml,0,0,0,2.49,taxable,,Beauty,Baylis & Harding Royale Garden Lemon & Basil Body Wash 500ml. A health and beauty product. Supplied as 500ml.,No regulation
simple,5021691600046,Phorpain Ibuprofen 5% w/w Gel 50g,0,0,0,2.49,taxable,,Pain Relief,"Phorpain Ibuprofen 5% w/w Gel 50g. Always read the label and any leaflet supplied. If symptoms persist, speak to your pharmacist or doctor. Supplied as 50g.",GSL
simple,0017854116757,Baylis & Harding Royale Garden Peach Peony & Jasmine Body Wash 500ml,0,0,0,2.49,taxable,,Beauty,Baylis & Harding Royale Garden Peach Peony & Jasmine Body Wash 500ml. A health and beauty product. Supplied as 500ml.,No regulation
simple,5014363003214,M&A Pharmachem Co-Codamol 8/500mg 32 Tablets,0,0,0,2.49,taxable,,Pain Relief,"M&A Pharmachem Co-Codamol 8/500mg 32 Tablets. Prescription-only medicine, supplied after an online consultation with our pharmacist. Always read the label and any leaflet supplied. If symptoms persist, speak to your pharmacist or doctor. Supplied as 32 Tablets.",P
simple,8720182525529,Matey Molly Bubble Bath 450ml,0,0,0,2.47,taxable,,Beauty,Matey Molly Bubble Bath 450ml. A health and beauty product. Supplied as 450ml.,No regulation
simple,8720182525512,Matey Hamina Bubble Bath 450ml,0,0,0,2.47,taxable,,Beauty,Matey Hamina Bubble Bath 450ml. A health and beauty product. Supplied as 450ml.,No regulation
simple,5010797005350,Selsun Dandruff Shampoo 2.5% w/v 50ml,0,0,0,2.45,taxable,,Hair Care,"Selsun Dandruff Shampoo 2.5% w/v 50ml. Prescription-only medicine, supplied after an online consultation with our pharmacist. Always read the label and any leaflet supplied. If symptoms persist, speak to your pharmacist or doctor. Supplied as 50ml.",P
simple,5060080353408,Vital Baby Hygiene Sanitising Water 50ml,0,0,0,2.39,taxable,,Baby & Child,Vital Baby Hygiene Sanitising Water 50ml. A baby and child product. Supplied as 50ml.,No regulation
simple,8809587520398,11 Village Factory Smiling Eye Patch 4g,0,0,0,2.39,taxable,,General Health,11 Village Factory Smiling Eye Patch 4g. A health and wellbeing product. Supplied as 4g.,No regulation
simple,5010724534878,Arm & Hammer Toothpaste Charcoal Sensitive 75ml,0,0,0,2.39,taxable,,Oral Care,Arm & Hammer Toothpaste Charcoal Sensitive 75ml. An oral care product. Supplied as 75ml.,No regulation
simple,5017353503398,Galpharm Paracetamol Suspension 120mg/5ml 100ml,0,0,0,2.39,taxable,,Pain Relief,"Galpharm Paracetamol Suspension 120mg/5ml 100ml. Always read the label and any leaflet supplied. If symptoms persist, speak to your pharmacist or doctor. Supplied as 100ml.",GSL
simple,7332531063517,Schwarzkopf Got2B Fresh It Up Dry Shampoo for Blondes 200ml,0,0,0,2.39,taxable,,Hair Care,Schwarzkopf Got2B Fresh It Up Dry Shampoo for Blondes 200ml. A hair care product. Supplied as 200ml.,No regulation
simple,8712561480307,Vaseline Advanced Repair Unscented Hand Cream 75ml,0,0,0,2.39,taxable,,Skincare,Vaseline Advanced Repair Unscented Hand Cream 75ml. A skincare product. Supplied as 75ml.,No regulation
simple,5410091733377,Schwarzkopf Got2B Fresh It Up Dry Shampoo 200ml,0,0,0,2.39,taxable,,Hair Care,Schwarzkopf Got2B Fresh It Up Dry Shampoo 200ml. A hair care product. Supplied as 200ml.,No regulation
simple,3600522783329,L'Oréal Skin Perfection Purify Wipes 25 Pack,0,0,0,2.39,taxable,,Skincare,L'Oréal Skin Perfection Purify Wipes 25 Pack. A skincare product. Supplied as 25 Pack.,No regulation
simple,5011501016181,Deep Freeze Cold Patch,0,0,0,2.39,taxable,,Cold & Flu,"Deep Freeze Cold Patch. Always read the label and any leaflet supplied. If symptoms persist, speak to your pharmacist or doctor.",No regulation
simple,80466468,Dove Original Cream Antiperspirant Deodorant 50ml,0,0,0,2.39,taxable,,Skincare,Dove Original Cream Antiperspirant Deodorant 50ml. A skincare product. Supplied as 50ml.,No regulation
simple,8001841039282,Aussie Conditioning Mist Smooth 95ml,0,0,0,2.39,taxable,,Beauty,Aussie Conditioning Mist Smooth 95ml. A health and beauty product. Supplied as 95ml.,No regulation
simple,5000101226847,Original Source Tingly Mint & Tea Tree Shower Gel 500ml,0,0,0,2.39,taxable,,Beauty,Original Source Tingly Mint & Tea Tree Shower Gel 500ml. A health and beauty product. Supplied as 500ml.,No regulation
simple,8699568514054,Clairol Color Crave Semi-Permanent Flamingo,0,0,0,2.39,taxable,,General Health,Clairol Color Crave Semi-Permanent Flamingo. A health and wellbeing product.,No regulation
simple,8809211650989,Berrisom Animal Mask Series Sheep 25ml,0,0,0,2.39,taxable,,Skincare,Berrisom Animal Mask Series Sheep 25ml. A skincare product. Supplied as 25ml.,No regulation
simple,8718114560939,Dove Colour Care Shampoo 250ml,0,0,0,2.39,taxable,,Hair Care,Dove Colour Care Shampoo 250ml. A hair care product. Supplied as 250ml.,No regulation
simple,5010724535059,Arm & Hammer Coconut Toothpaste 75ml,0,0,0,2.39,taxable,,Oral Care,Arm & Hammer Coconut Toothpaste 75ml. An oral care product. Supplied as 75ml.,No regulation
simple,5010612808838,Brut Original Anti-Perspirant 200ml,0,0,0,2.39,taxable,,Beauty,Brut Original Anti-Perspirant 200ml. A health and beauty product. Supplied as 200ml.,No regulation
simple,3600523201075,L'Oréal Bronze Legs Airbrush Body 150ml,0,0,0,2.39,taxable,,General Health,L'Oréal Bronze Legs Airbrush Body 150ml. A health and wellbeing product. Supplied as 150ml.,No regulation
simple,8718951423084,Sanex Biome Protect Anti-Irritation Deodorant 200ml,0,0,0,2.39,taxable,,Beauty,Sanex Biome Protect Anti-Irritation Deodorant 200ml. A health and beauty product. Supplied as 200ml.,No regulation
simple,5011451104204,Simple Age Resisting Cleasing Wipes 25 Pack,0,0,0,2.39,taxable,,First Aid,"Simple Age Resisting Cleasing Wipes 25 Pack. Always read the label and any leaflet supplied. If symptoms persist, speak to your pharmacist or doctor. Supplied as 25 Pack.",No regulation
simple,8809211651429,Berrisom Soda Bubble Mask Brighten Fruit 18ml,0,0,0,2.39,taxable,,Skincare,Berrisom Soda Bubble Mask Brighten Fruit 18ml. A skincare product. Supplied as 18ml.,No regulation
simple,5000101101342,Carex Moisture Plus Hand Wash Refill 500ml,0,0,0,2.39,taxable,,Skincare,Carex Moisture Plus Hand Wash Refill 500ml. A skincare product. Supplied as 500ml.,No regulation
simple,8710908812415,St. Ives Oatmeal Scrub 150ml,0,0,0,2.39,taxable,,Beauty,St. Ives Oatmeal Scrub 150ml. A health and beauty product. Supplied as 150ml.,No regulation
simple,5010123703509,Listerine Mouthwash Cool Mint 250ml,0,0,0,2.39,taxable,,Oral Care,Listerine Mouthwash Cool Mint 250ml. An oral care product. Supplied as 250ml.,No regulation
simple,3574661331102,Johnson's Shiny Drops Kids Conditioner 500ml,0,0,0,2.39,taxable,,Hair Care,Johnson's Shiny Drops Kids Conditioner 500ml. A hair care product. Supplied as 500ml.,No regulation
simple,8809211651412,Berrisom Soda Bubble Mask Aqua Fruit 18ml,0,0,0,2.39,taxable,,Skincare,Berrisom Soda Bubble Mask Aqua Fruit 18ml. A skincare product. Supplied as 18ml.,No regulation
simple,8710908812576,St. Ives Radiant Pink Lemon Scrub 150ml,0,0,0,2.39,taxable,,Beauty,St. Ives Radiant Pink Lemon Scrub 150ml. A health and beauty product. Supplied as 150ml.,No regulation
simple,5099186000442,Pinewood Aqueous Cream Bp 100g,0,0,0,2.39,taxable,,Skincare,Pinewood Aqueous Cream Bp 100g. A skincare product. Supplied as 100g.,GSL
simple,8001841039190,Aussie Conditioning Mist Protect 95ml,0,0,0,2.39,taxable,,Beauty,Aussie Conditioning Mist Protect 95ml. A health and beauty product. Supplied as 95ml.,No regulation
simple,5013692246507,Dermasil Labs Advanced Skin Lotion 250ml,0,0,0,2.39,taxable,,Skincare,Dermasil Labs Advanced Skin Lotion 250ml. A skincare product. Supplied as 250ml.,No regulation
simple,8710447172087,Simple Water Boost Hydrating Cleansing Face 25 Wipes,0,0,0,2.39,taxable,,Skincare,Simple Water Boost Hydrating Cleansing Face 25 Wipes. A skincare product. Supplied as 25 Wipes.,No regulation
simple,8720181286902,Dove Classic Anti-perspirant 150ml,0,0,0,2.39,taxable,,Beauty,Dove Classic Anti-perspirant 150ml. A health and beauty product. Supplied as 150ml.,No regulation
simple,5012254059760,St. Ives Fresh Skin Apricot Scrub 150ml,0,0,0,2.39,taxable,,Skincare,St. Ives Fresh Skin Apricot Scrub 150ml. A skincare product. Supplied as 150ml.,No regulation
simple,3614221653814,Adidas Climacool 3 in 1 Shower Gel 250ml,0,0,0,2.39,taxable,,Beauty,Adidas Climacool 3 in 1 Shower Gel 250ml. A health and beauty product. Supplied as 250ml.,No regulation
simple,8720182513663,TRESemmé Moisture Rich Shampoo 300ml,0,0,0,2.39,taxable,,Hair Care,TRESemmé Moisture Rich Shampoo 300ml. A hair care product. Supplied as 300ml.,No regulation
simple,5011309401516,Care+ Simple Linctus Paediatric Sugar Free 200ml,0,0,0,2.39,taxable,,General Health,Care+ Simple Linctus Paediatric Sugar Free 200ml. A health and wellbeing product. Supplied as 200ml.,GSL
simple,5036631001111,Hydromol Intensive 30g,0,0,0,2.39,taxable,,General Health,Hydromol Intensive 30g. A health and wellbeing product. Supplied as 30g.,No regulation
simple,3574660571769,Neutrogena Norwegian Formula Lip 4.8g,0,0,0,2.39,taxable,,General Health,Neutrogena Norwegian Formula Lip 4.8g. A health and wellbeing product. Supplied as 4.8g.,No regulation
simple,3574661230986,Johnson's Baby Gentle Protect Hand Wash 300ml,0,0,0,2.39,taxable,,Baby & Child,Johnson's Baby Gentle Protect Hand Wash 300ml. A baby and child product. Supplied as 300ml.,No regulation
simple,8001090718792,Aussie Shampoo Miracle Moist Mini 90ml,0,0,0,2.39,taxable,,Hair Care,Aussie Shampoo Miracle Moist Mini 90ml. A hair care product. Supplied as 90ml.,No regulation
simple,5000209101527,Colgate Cool Stripe Toothpaste 100ml,0,0,0,2.39,taxable,,Oral Care,Colgate Cool Stripe Toothpaste 100ml. An oral care product. Supplied as 100ml.,No regulation
simple,76143038,Colgate Total Pro Gum Health Interdental Floss 25m,0,0,0,2.39,taxable,,Oral Care,Colgate Total Pro Gum Health Interdental Floss 25m. An oral care product.,No regulation
simple,5024874016658,Valupak Cranberry 2000mg 30 Tablets,0,0,0,2.39,taxable,,Vitamins,Valupak Cranberry 2000mg 30 Tablets. A vitamins and supplements product. Supplied as 30 Tablets.,No regulation
simple,8710908745874,Dove Shower Foam Pampering Pistachio 200ml,0,0,0,2.39,taxable,,Beauty,Dove Shower Foam Pampering Pistachio 200ml. A health and beauty product. Supplied as 200ml.,No regulation
simple,5011309017717,Care+ Aqueous Emollient Cream 100g,0,0,0,2.39,taxable,,Skincare,Care+ Aqueous Emollient Cream 100g. A skincare product. Supplied as 100g.,GSL
simple,3600523283934,L'Oréal Studio Hot & Curl Heat Protection Spray Pump 200ml,0,0,0,2.39,taxable,,Beauty,L'Oréal Studio Hot & Curl Heat Protection Spray Pump 200ml. A health and beauty product. Supplied as 200ml.,No regulation
simple,3600522836131,L'Oréal Kids Super Pear Tangle Tamer 150ml,0,0,0,2.39,taxable,,General Health,L'Oréal Kids Super Pear Tangle Tamer 150ml. A health and wellbeing product. Supplied as 150ml.,No regulation
simple,5011309027716,Care+ Simple Linctus Syrup Paediatric 200ml,0,0,0,2.39,taxable,,General Health,Care+ Simple Linctus Syrup Paediatric 200ml. A health and wellbeing product. Supplied as 200ml.,No regulation
simple,5025135117695,Malibu Face Cream SPF50 40ml,0,0,0,2.39,taxable,,Skincare,Malibu Face Cream SPF50 40ml. A skincare product. Supplied as 40ml.,No regulation
simple,8699568514160,Clairol Color Crave Semi-Permanent Rose Gold,0,0,0,2.39,taxable,,General Health,Clairol Color Crave Semi-Permanent Rose Gold. A health and wellbeing product.,No regulation
simple,5011321594562,Herbal Essences Dazzling Shine Lime Essences Conditioner 400ml,0,0,0,2.39,taxable,,Hair Care,Herbal Essences Dazzling Shine Lime Essences Conditioner 400ml. A hair care product. Supplied as 400ml.,No regulation
simple,5035559002507,Avomine Travel Sickness Promethazine 25mg 10 Tablets,0,0,0,2.39,taxable,,Prescription Medicines,"Avomine Travel Sickness Promethazine 25mg 10 Tablets. Prescription-only medicine, supplied after an online consultation with our pharmacist. Always read the label and any leaflet supplied. If symptoms persist, speak to your pharmacist or doctor. Supplied as 10 Tablets.",P
simple,5017353505712,Galpharm Cold Relief 16 Capsules,0,0,0,2.39,taxable,,Cold & Flu,"Galpharm Cold Relief 16 Capsules. Always read the label and any leaflet supplied. If symptoms persist, speak to your pharmacist or doctor. Supplied as 16 Capsules.",GSL
simple,5000231049873,Radox Feel Active Sea Salt & Lemongrass Shower Gel 250ml,0,0,0,2.39,taxable,,Beauty,Radox Feel Active Sea Salt & Lemongrass Shower Gel 250ml. A health and beauty product. Supplied as 250ml.,No regulation
simple,0018515127327,Nutra Nail Speed Dry Top Coat 15ml,0,0,0,2.39,taxable,,Beauty,Nutra Nail Speed Dry Top Coat 15ml. A health and beauty product. Supplied as 15ml.,No regulation
simple,8710908489228,Dove Derma Spa Body Lotion Oxygen Touch 200ml,0,0,0,2.39,taxable,,Skincare,Dove Derma Spa Body Lotion Oxygen Touch 200ml. A skincare product. Supplied as 200ml.,No regulation
simple,5025903021957,Careway Advanced Corn Hydrocolloid 10 Plasters,0,0,0,2.39,taxable,,First Aid,"Careway Advanced Corn Hydrocolloid 10 Plasters. Always read the label and any leaflet supplied. If symptoms persist, speak to your pharmacist or doctor.",No regulation
simple,5011501002122,Deep Heat Patch 1 Pack,0,0,0,2.39,taxable,,Pain Relief,"Deep Heat Patch 1 Pack. Always read the label and any leaflet supplied. If symptoms persist, speak to your pharmacist or doctor. Supplied as 1 Pack.",GSL
simple,8710908735523,Dove Shower Foam Deeply Nourishing 200ml,0,0,0,2.39,taxable,,Beauty,Dove Shower Foam Deeply Nourishing 200ml. A health and beauty product. Supplied as 200ml.,No regulation
simple,96125595,Dove Men+ Cool Fresh Antiperspirant Stick Deodorant 50ml,0,0,0,2.39,taxable,,Beauty,Dove Men+ Cool Fresh Antiperspirant Stick Deodorant 50ml. A health and beauty product. Supplied as 50ml.,No regulation
simple,7702018065349,Gillette Satin Care Lavender Touch Shave Gel 200ml,0,0,0,2.39,taxable,,Men's Grooming,Gillette Satin Care Lavender Touch Shave Gel 200ml. A men's grooming product. Supplied as 200ml.,No regulation
simple,9327693006456,Sukin Paw Paw Ointment 25g,0,0,0,2.39,taxable,,Skincare,Sukin Paw Paw Ointment 25g. A skincare product. Supplied as 25g.,No regulation
simple,8712561607988,Dove Body Wash Caring Protection 500ml,0,0,0,2.39,taxable,,Beauty,Dove Body Wash Caring Protection 500ml. A health and beauty product. Supplied as 500ml.,No regulation
simple,5010441007341,Numark Loratadine 10mg Allergy & Hay Fever 30 Tablets,0,0,0,2.39,taxable,,Vitamins,Numark Loratadine 10mg Allergy & Hay Fever 30 Tablets. A vitamins and supplements product. Supplied as 30 Tablets.,GSL
simple,3614229788846,Max Factor Eyefinity Liquid Mono Eyeshadow Sultry Burgundy,0,0,0,2.39,taxable,,Beauty,Max Factor Eyefinity Liquid Mono Eyeshadow Sultry Burgundy. A health and beauty product.,No regulation
simple,5037156268652,John Frieda Frizz Ease Dream Curls Shampoo 175ml,0,0,0,2.39,taxable,,Hair Care,John Frieda Frizz Ease Dream Curls Shampoo 175ml. A hair care product. Supplied as 175ml.,No regulation
simple,5055172214910,Qualicare First Aid Kit Small,0,0,0,2.39,taxable,,First Aid,"Qualicare First Aid Kit Small. Always read the label and any leaflet supplied. If symptoms persist, speak to your pharmacist or doctor.",No regulation
simple,8714789763224,Sanex Deo Aerosol Dermo-Sensitive 150ml,0,0,0,2.39,taxable,,General Health,Sanex Deo Aerosol Dermo-Sensitive 150ml. A health and wellbeing product. Supplied as 150ml.,No regulation
simple,8809540510183,Benton Snail Bee High Content Mask 20g,0,0,0,2.39,taxable,,Skincare,Benton Snail Bee High Content Mask 20g. A skincare product. Supplied as 20g.,No regulation
simple,5012254059777,St. Ives Apricot Blemish Scrub 150ml,0,0,0,2.39,taxable,,Beauty,St. Ives Apricot Blemish Scrub 150ml. A health and beauty product. Supplied as 150ml.,No regulation
simple,3614229788815,Max Factor Eyefinity Liquid Mono Eyeshadow Teasing Bronze,0,0,0,2.39,taxable,,Beauty,Max Factor Eyefinity Liquid Mono Eyeshadow Teasing Bronze. A health and beauty product.,No regulation
simple,8718951192218,Sanex Zero Body Lotion Dry Skin 400ml,0,0,0,2.39,taxable,,Skincare,Sanex Zero Body Lotion Dry Skin 400ml. A skincare product. Supplied as 400ml.,No regulation
simple,5013692246514,Dermasil Labs Body Lotion Moisturizing Cocoa Butter 250ml,0,0,0,2.39,taxable,,Skincare,Dermasil Labs Body Lotion Moisturizing Cocoa Butter 250ml. A skincare product. Supplied as 250ml.,No regulation
simple,8001841039343,Aussie Conditioning Mist Scent-Sational 95ml,0,0,0,2.39,taxable,,Beauty,Aussie Conditioning Mist Scent-Sational 95ml. A health and beauty product. Supplied as 95ml.,No regulation
simple,0079400204493,Toni & Guy Men Deep Clean Shampoo 250ml,0,0,0,2.39,taxable,,Hair Care,Toni & Guy Men Deep Clean Shampoo 250ml. A hair care product. Supplied as 250ml.,No regulation
simple,3600542040785,Garnier Ultimate Blends Fresh Revitaliser Detox Conditioner 400ml,0,0,0,2.39,taxable,,Hair Care,Garnier Ultimate Blends Fresh Revitaliser Detox Conditioner 400ml. A hair care product. Supplied as 400ml.,No regulation
simple,5060420233469,Lansinoh D Absorbent Maternity Pads 12 Pack,0,0,0,2.39,taxable,zero-rate,Women's Health,Lansinoh D Absorbent Maternity Pads 12 Pack. A women's health product. Supplied as 12 Pack.,No regulation
simple,8718951059498,Sanex Men Normal Skin Revitalising Shower Body & Face 500ml,0,0,0,2.39,taxable,,Skincare,Sanex Men Normal Skin Revitalising Shower Body & Face 500ml. A skincare product. Supplied as 500ml.,No regulation
simple,8710908882661,Dove Body Wash Restoring Ritual 500ml,0,0,0,2.39,taxable,,Beauty,Dove Body Wash Restoring Ritual 500ml. A health and beauty product. Supplied as 500ml.,No regulation
simple,7332531063487,Schwarzkopf Got2B Fresh It Up Dry Shampoo for Brunettes 200ml,0,0,0,2.39,taxable,,Hair Care,Schwarzkopf Got2B Fresh It Up Dry Shampoo for Brunettes 200ml. A hair care product. Supplied as 200ml.,No regulation
simple,8006540584149,Always Ultra Day Long Wings 13 Pads,0,0,0,2.39,taxable,zero-rate,Women's Health,Always Ultra Day Long Wings 13 Pads. A women's health product. Supplied as 13 Pads.,No regulation
simple,5060228452680,Peppa Pig Flashing Soft Toothbrush 3+,0,0,0,2.39,taxable,,Oral Care,Peppa Pig Flashing Soft Toothbrush 3+. An oral care product.,No regulation
simple,8809211650927,Berrisom Animal Mask Series Tiger 25ml,0,0,0,2.39,taxable,,Skincare,Berrisom Animal Mask Series Tiger 25ml. A skincare product. Supplied as 25ml.,No regulation
simple,0010181032431,Palmer's Coconut Oil Formula Facial Scrub 60g,0,0,0,2.39,taxable,,Skincare,Palmer's Coconut Oil Formula Facial Scrub 60g. A skincare product. Supplied as 60g.,No regulation
simple,5000158065987,Gaviscon Double Action Mint Chewable 8 Tablets,0,0,0,2.39,taxable,,Digestive,"Gaviscon Double Action Mint Chewable 8 Tablets. Always read the label and any leaflet supplied. If symptoms persist, speak to your pharmacist or doctor. Supplied as 8 Tablets.",GSL
simple,5022545145614,Peppa Pig Bubble Bath Super Bubbly 300ml,0,0,0,2.39,taxable,,Beauty,Peppa Pig Bubble Bath Super Bubbly 300ml. A health and beauty product. Supplied as 300ml.,No regulation
simple,5010724526378,Nair Bikini & Underarm Hair Removal Cream 90ml,0,0,0,2.39,taxable,,Hair Care,Nair Bikini & Underarm Hair Removal Cream 90ml. A hair care product. Supplied as 90ml.,No regulation
simple,5000101510199,Imperial Leather Nourishing Foamburst 200ml,0,0,0,2.39,taxable,,Beauty,Imperial Leather Nourishing Foamburst 200ml. A health and beauty product. Supplied as 200ml.,No regulation
simple,8710908744884,Dove Shower Foam Revitalising Pear 200ml,0,0,0,2.39,taxable,,Beauty,Dove Shower Foam Revitalising Pear 200ml. A health and beauty product. Supplied as 200ml.,No regulation
simple,3574660217841,Johnson's Baby Moisturising Bath 500ml,0,0,0,2.39,taxable,,Baby & Child,Johnson's Baby Moisturising Bath 500ml. A baby and child product. Supplied as 500ml.,No regulation
simple,53996671,Sudocrem Skin Care Cream 30g,0,0,0,2.39,taxable,,Baby & Child,Sudocrem Skin Care Cream 30g. A baby and child product. Supplied as 30g.,No regulation
simple,8712561981729,Dove Derma Spa Youthful Vitality Body Lotion 200ml,0,0,0,2.39,taxable,,Skincare,Dove Derma Spa Youthful Vitality Body Lotion 200ml. A skincare product. Supplied as 200ml.,No regulation
simple,3600521565988,L'Oréal Elnett Hairspray Supreme Hold 75ml,0,0,0,2.39,taxable,,Hair Care,L'Oréal Elnett Hairspray Supreme Hold 75ml. A hair care product. Supplied as 75ml.,No regulation
simple,5037156268805,John Frieda Sheer Blonde Go Blonder Lightening Shampoo 175ml,0,0,0,2.39,taxable,,Hair Care,John Frieda Sheer Blonde Go Blonder Lightening Shampoo 175ml. A hair care product. Supplied as 175ml.,No regulation
simple,5037156268355,John Frieda Volume Lift Lightweight Shampoo 175ml,0,0,0,2.39,taxable,,Hair Care,John Frieda Volume Lift Lightweight Shampoo 175ml. A hair care product. Supplied as 175ml.,No regulation
simple,5027599000018,Lotil Original Cream 30ml,0,0,0,2.39,taxable,,Skincare,Lotil Original Cream 30ml. A skincare product. Supplied as 30ml.,No regulation
simple,5000101502965,Carex Hand Gel Complete Defence Original Antibacterial 50ml,0,0,0,2.37,taxable,,Skincare,Carex Hand Gel Complete Defence Original Antibacterial 50ml. A skincare product. Supplied as 50ml.,No regulation
simple,5025135111754,Malibu After Sun Insect Rep Lotion 200ml,0,0,0,2.29,taxable,,Skincare,Malibu After Sun Insect Rep Lotion 200ml. A skincare product. Supplied as 200ml.,No regulation
simple,5011417559161,Dettol Liquid Hand Wash Sea Minerals 250ml,0,0,0,2.29,taxable,,Vitamins,Dettol Liquid Hand Wash Sea Minerals 250ml. A vitamins and supplements product. Supplied as 250ml.,No regulation
simple,5054563125491,Panadol Advance 500mg 16 Tablets,0,0,0,2.29,taxable,,Pain Relief,"Panadol Advance 500mg 16 Tablets. Always read the label and any leaflet supplied. If symptoms persist, speak to your pharmacist or doctor. Supplied as 16 Tablets.",GSL
simple,3574661352299,Listerine Mouthwash Kids Berry 500ml,0,0,0,2.29,taxable,,Oral Care,Listerine Mouthwash Kids Berry 500ml. An oral care product. Supplied as 500ml.,No regulation
simple,5013803998844,Vieve Watermelon Protein Water 500ml,0,0,0,2.29,taxable,,Vitamins,Vieve Watermelon Protein Water 500ml. A vitamins and supplements product. Supplied as 500ml.,No regulation
simple,7702018015009,Gillette Satin Care Shea Butter Silk Shaving Gel 200ml,0,0,0,2.29,taxable,,Men's Grooming,Gillette Satin Care Shea Butter Silk Shaving Gel 200ml. A men's grooming product. Supplied as 200ml.,No regulation
simple,5000309007774,Anadin Paracetamol 500mg 16 Tablets,0,0,0,2.29,taxable,,Pain Relief,"Anadin Paracetamol 500mg 16 Tablets. Always read the label and any leaflet supplied. If symptoms persist, speak to your pharmacist or doctor. Supplied as 16 Tablets.",GSL
simple,3574661218205,Johnson's No More Tangles Kids Shampoo 500ml,0,0,0,2.29,taxable,,Hair Care,Johnson's No More Tangles Kids Shampoo 500ml. A hair care product. Supplied as 500ml.,No regulation
simple,3574661264912,Aveeno Baby Daily Care Baby Wipes 72 Pack,0,0,0,2.29,taxable,,Baby & Child,Aveeno Baby Daily Care Baby Wipes 72 Pack. A baby and child product. Supplied as 72 Pack.,No regulation
simple,5060849634120,I Love Bath & Shower Peachy Passionfruit 750ml,0,0,0,2.29,taxable,,Beauty,I Love Bath & Shower Peachy Passionfruit 750ml. A health and beauty product. Supplied as 750ml.,No regulation
simple,7702018015665,Gillette Satin Care Women's Shaving Gel Sensitive 200ml,0,0,0,2.29,taxable,,Women's Health,Gillette Satin Care Women's Shaving Gel Sensitive 200ml. A women's health product. Supplied as 200ml.,No regulation
simple,5016221201206,Paw Patrol Dental Set,0,0,0,2.29,taxable,,Oral Care,Paw Patrol Dental Set. An oral care product.,No regulation
simple,5013803999155,Vieve Orange & Mango Protein Water 500ml,0,0,0,2.29,taxable,,Vitamins,Vieve Orange & Mango Protein Water 500ml. A vitamins and supplements product. Supplied as 500ml.,No regulation
simple,5065006524016,Vieve Vegan Protein Water Wild Cherry 500ml,0,0,0,2.29,taxable,,Vitamins,Vieve Vegan Protein Water Wild Cherry 500ml. A vitamins and supplements product. Supplied as 500ml.,No regulation
simple,5065006524023,Vieve Vegan Protein Water Peach & Orange 500ml,0,0,0,2.29,taxable,,Vitamins,Vieve Vegan Protein Water Peach & Orange 500ml. A vitamins and supplements product. Supplied as 500ml.,No regulation
simple,5010441013083,Numark Aqueous Cream 100g,0,0,0,2.29,taxable,,Skincare,Numark Aqueous Cream 100g. A skincare product. Supplied as 100g.,GSL
simple,5011309050219,Care Olive Oil Samaritan 92ml,0,0,0,2.29,taxable,,Skincare,Care Olive Oil Samaritan 92ml. A skincare product. Supplied as 92ml.,No regulation
simple,8908002449969,Medicom Hypromellose Eye Drops Bp 0.3% w/v,0,0,0,2.29,taxable,,Eye Care,"Medicom Hypromellose Eye Drops Bp 0.3% w/v. Always read the label and any leaflet supplied. If symptoms persist, speak to your pharmacist or doctor.",GSL
simple,4005808577750,Nivea Caring Shower Cream Harmony Time 250ml,0,0,0,2.29,taxable,,Skincare,Nivea Caring Shower Cream Harmony Time 250ml. A skincare product. Supplied as 250ml.,No regulation
simple,0083078001476,Carmex Lip Balm Classic Pot 7.5g,0,0,0,2.29,taxable,,Skincare,Carmex Lip Balm Classic Pot 7.5g. A skincare product. Supplied as 7.5g.,No regulation
simple,4005800187735,Elastoplast Star Wars 20 Plasters,0,0,0,2.29,taxable,,First Aid,"Elastoplast Star Wars 20 Plasters. Always read the label and any leaflet supplied. If symptoms persist, speak to your pharmacist or doctor.",No regulation
simple,8809085955791,Wish Formula Blackhead & Blackmask Home Spa Kit,0,0,0,2.29,taxable,,Skincare,Wish Formula Blackhead & Blackmask Home Spa Kit. A skincare product.,No regulation
simple,5000476040390,Johnson's Veterinary Tick Remover,0,0,0,2.29,taxable,,General Health,Johnson's Veterinary Tick Remover. A health and wellbeing product.,No regulation
simple,5060365795381,Mad Beauty Clip & Clean Gel Sanitiser Strawberry 30ml,0,0,0,2.29,taxable,,Skincare,Mad Beauty Clip & Clean Gel Sanitiser Strawberry 30ml. A skincare product. Supplied as 30ml.,No regulation
simple,5013803998851,Vieve Strawberry & Rhubarb Protein Water 500ml,0,0,0,2.29,taxable,,Vitamins,Vieve Strawberry & Rhubarb Protein Water 500ml. A vitamins and supplements product. Supplied as 500ml.,No regulation
simple,0083078018160,Carmex Tropical SPF 30 Lip Balm 4.25g,0,0,0,2.29,taxable,,Skincare,Carmex Tropical SPF 30 Lip Balm 4.25g. A skincare product. Supplied as 4.25g.,No regulation
simple,8718951131767,Colgate Natural Extracts Toothpaste Lotus Flower 75ml,0,0,0,2.29,taxable,,Oral Care,Colgate Natural Extracts Toothpaste Lotus Flower 75ml. An oral care product. Supplied as 75ml.,No regulation
simple,5022545145652,Peppa Pig Bath Fizz Snap-n-Share 130g,0,0,0,2.29,taxable,,Beauty,Peppa Pig Bath Fizz Snap-n-Share 130g. A health and beauty product. Supplied as 130g.,No regulation
simple,4015400899242,Aussie Dry Shampoo Festival Fresh 180ml,0,0,0,2.29,taxable,,Hair Care,Aussie Dry Shampoo Festival Fresh 180ml. A hair care product. Supplied as 180ml.,No regulation
simple,5060601936929,BeautyPro Warming Eye Mask Single,0,0,0,2.29,taxable,,Eye Care,"BeautyPro Warming Eye Mask Single. Always read the label and any leaflet supplied. If symptoms persist, speak to your pharmacist or doctor.",No regulation
simple,4005900122049,Nivea for Men Silver Protect Shower Gel 500ml,0,0,0,2.29,taxable,,Men's Health,Nivea for Men Silver Protect Shower Gel 500ml. A men's health product. Supplied as 500ml.,No regulation
simple,8718951059504,Sanex Shower Gel Men Sensitive Skin 250ml,0,0,0,2.29,taxable,,Skincare,Sanex Shower Gel Men Sensitive Skin 250ml. A skincare product. Supplied as 250ml.,No regulation
simple,5012251013406,Beauty Formulas Freshbreath Whitening Toothbrush & Toothpaste 100ml,0,0,0,2.29,taxable,,Oral Care,Beauty Formulas Freshbreath Whitening Toothbrush & Toothpaste 100ml. An oral care product. Supplied as 100ml.,No regulation
simple,5011309018011,Savlon Antiseptic Cream 30g,0,0,0,2.29,taxable,,First Aid,"Savlon Antiseptic Cream 30g. Always read the label and any leaflet supplied. If symptoms persist, speak to your pharmacist or doctor. Supplied as 30g.",GSL
simple,5060084171565,Profoot Corn Removal Plasters,0,0,0,2.29,taxable,,First Aid,"Profoot Corn Removal Plasters. Always read the label and any leaflet supplied. If symptoms persist, speak to your pharmacist or doctor.",GSL
simple,3574660582819,Johnson's Face Care Daily Essentials Nourishing Day Cream SPF15 50ml,0,0,0,2.29,taxable,,Skincare,Johnson's Face Care Daily Essentials Nourishing Day Cream SPF15 50ml. A skincare product. Supplied as 50ml.,No regulation
simple,5013803999162,Vieve Peach & Raspberry Protein Water 500ml,0,0,0,2.29,taxable,,Vitamins,Vieve Peach & Raspberry Protein Water 500ml. A vitamins and supplements product. Supplied as 500ml.,No regulation
simple,8720181287589,Dove Fresh Anti-perspirant 150ml,0,0,0,2.29,taxable,,Beauty,Dove Fresh Anti-perspirant 150ml. A health and beauty product. Supplied as 150ml.,No regulation
simple,5054805039838,Bristows 5. Ultra hold hairspray 400ml,0,0,0,2.29,taxable,,Hair Care,Bristows 5. Ultra hold hairspray 400ml. A hair care product. Supplied as 400ml.,No regulation
simple,5010724531204,Femfresh Daily Intimate Wash Aloe Vera 150ml,0,0,0,2.29,taxable,,Sexual Wellness,"Femfresh Daily Intimate Wash Aloe Vera 150ml. Always read the label and any leaflet supplied. If symptoms persist, speak to your pharmacist or doctor. Supplied as 150ml.",No regulation
simple,5060365795411,Mad Beauty Clip & Clean Gel Sanitiser Lavender 30ml,0,0,0,2.29,taxable,,Skincare,Mad Beauty Clip & Clean Gel Sanitiser Lavender 30ml. A skincare product. Supplied as 30ml.,No regulation
simple,3574669908085,Johnson's Baby Lotion 300ml,0,0,0,2.29,taxable,,Baby & Child,Johnson's Baby Lotion 300ml. A baby and child product. Supplied as 300ml.,No regulation
simple,5060337728027,Healthpoint Ibuprofen 100mg/5ml Oral Suspension for Children Strawberry Flavour 100ml,0,0,0,2.29,taxable,,Baby & Child,Healthpoint Ibuprofen 100mg/5ml Oral Suspension for Children Strawberry Flavour 100ml. A baby and child product. Supplied as 100ml.,GSL
simple,7332531074773,Schwarzkopf Gliss Hair Repair Supreme Length Shampoo 400ml,0,0,0,2.29,taxable,,Hair Care,Schwarzkopf Gliss Hair Repair Supreme Length Shampoo 400ml. A hair care product. Supplied as 400ml.,No regulation
simple,5024874030579,Valupak Glucosamine & Chondroitin 400/100mg 30 Capsules,0,0,0,2.29,taxable,,Vitamins,Valupak Glucosamine & Chondroitin 400/100mg 30 Capsules. A vitamins and supplements product. Supplied as 30 Capsules.,No regulation
simple,5056369110442,W7 Fleek Browzer Facial & Body Hair Razor Pack,0,0,0,2.29,taxable,,Hair Care,W7 Fleek Browzer Facial & Body Hair Razor Pack. A hair care product.,No regulation
simple,5054805039814,Bristows 2. Conditioning hold hairspray 400ml,0,0,0,2.29,taxable,,Hair Care,Bristows 2. Conditioning hold hairspray 400ml. A hair care product. Supplied as 400ml.,No regulation
simple,5060365795398,Mad Beauty Clip & Clean Gel Sanitiser Rose 30ml,0,0,0,2.29,taxable,,Skincare,Mad Beauty Clip & Clean Gel Sanitiser Rose 30ml. A skincare product. Supplied as 30ml.,No regulation
simple,5060133372660,Vizulize Eye Wash 100ml,0,0,0,2.29,taxable,,Eye Care,"Vizulize Eye Wash 100ml. Always read the label and any leaflet supplied. If symptoms persist, speak to your pharmacist or doctor. Supplied as 100ml.",No regulation
simple,8017331047507,Bionsen Deodorant Caring Touch Roll On 50ml,0,0,0,2.29,taxable,,Beauty,Bionsen Deodorant Caring Touch Roll On 50ml. A health and beauty product. Supplied as 50ml.,No regulation
simple,5010441011621,Numark Mentholated Bronchial Balsam 200ml,0,0,0,2.29,taxable,,General Health,Numark Mentholated Bronchial Balsam 200ml. A health and wellbeing product. Supplied as 200ml.,GSL
simple,5054805039821,Bristows 4. Extra firm hold hairspray 400ml,0,0,0,2.29,taxable,,Hair Care,Bristows 4. Extra firm hold hairspray 400ml. A hair care product. Supplied as 400ml.,No regulation
simple,5054563252517,Sensodyne Pronamel Junior Toothpaste 50ml,0,0,0,2.29,taxable,,Oral Care,Sensodyne Pronamel Junior Toothpaste 50ml. An oral care product. Supplied as 50ml.,No regulation
simple,5025135118272,Malibu 3 Pack Lip Balm (Watermelon/Mint/Vanilla) SPF30,0,0,0,2.29,taxable,,Skincare,Malibu 3 Pack Lip Balm (Watermelon/Mint/Vanilla) SPF30. A skincare product. Supplied as 3 Pack.,No regulation
simple,5060365795404,Mad Beauty Clip & Clean Gel Sanitiser Melon 30ml,0,0,0,2.29,taxable,,Skincare,Mad Beauty Clip & Clean Gel Sanitiser Melon 30ml. A skincare product. Supplied as 30ml.,No regulation
simple,5011451106109,Simple Pore Minimising Toning Cleanser 200ml,0,0,0,2.29,taxable,,Skincare,Simple Pore Minimising Toning Cleanser 200ml. A skincare product. Supplied as 200ml.,No regulation
simple,5018632211737,Safe & Sound Soft & Sensitive Plasters 12 Pack,0,0,0,2.29,taxable,,First Aid,"Safe & Sound Soft & Sensitive Plasters 12 Pack. Always read the label and any leaflet supplied. If symptoms persist, speak to your pharmacist or doctor. Supplied as 12 Pack.",No regulation
simple,3574669908177,Johnson's Baby Bedtime Baby Lotion 300ml,0,0,0,2.29,taxable,,Baby & Child,Johnson's Baby Bedtime Baby Lotion 300ml. A baby and child product. Supplied as 300ml.,No regulation
simple,8712561607391,Dove Caring Protection Nutrium Moisture Nourishing Body Wash 250ml,0,0,0,2.29,taxable,,Skincare,Dove Caring Protection Nutrium Moisture Nourishing Body Wash 250ml. A skincare product. Supplied as 250ml.,No regulation
simple,5060704340012,Acala Razor Blades 10 Pack,0,0,0,2.29,taxable,,Men's Grooming,Acala Razor Blades 10 Pack. A men's grooming product. Supplied as 10 Pack.,No regulation
simple,5011451106093,Simple Nourishing Makeup Remover Cream 100ml,0,0,0,2.29,taxable,,Skincare,Simple Nourishing Makeup Remover Cream 100ml. A skincare product. Supplied as 100ml.,No regulation
simple,0083078001445,Carmex Moisturising Lip Balm Cherry SPF15 10g,0,0,0,2.29,taxable,,Skincare,Carmex Moisturising Lip Balm Cherry SPF15 10g. A skincare product. Supplied as 10g.,No regulation
simple,5010441013229,Diarrohoea Relief Instants - Loperamide Hydrochloride 6 Melting Tablets,0,0,0,2.29,taxable,,Vitamins,Diarrohoea Relief Instants - Loperamide Hydrochloride 6 Melting Tablets. A vitamins and supplements product.,GSL
simple,5011417582091,Dettol Hand & Surface Spray 50ml,0,0,0,2.29,taxable,,Beauty,Dettol Hand & Surface Spray 50ml. A health and beauty product. Supplied as 50ml.,No regulation
simple,5000101507519,Carex Hand Cream + Anti-Bac 75ml,0,0,0,2.29,taxable,,Skincare,Carex Hand Cream + Anti-Bac 75ml. A skincare product. Supplied as 75ml.,No regulation
simple,5029053581583,Kleenex Allergy Pocket Pack Tissues 6 Pack,0,0,0,2.29,taxable,,General Health,Kleenex Allergy Pocket Pack Tissues 6 Pack. A health and wellbeing product. Supplied as 6 Pack.,No regulation
simple,5028763012264,Wisdom Chlorhexidine Alcohol Free Antibacterial Mouthwash Original 300ml,0,0,0,2.29,taxable,,Oral Care,Wisdom Chlorhexidine Alcohol Free Antibacterial Mouthwash Original 300ml. An oral care product. Supplied as 300ml.,GSL
simple,7350075692680,The Humble Co. Dental Floss Lemon 50m,0,0,0,2.29,taxable,,Oral Care,The Humble Co. Dental Floss Lemon 50m. An oral care product.,No regulation
simple,5012616291753,Hedex Extra 16 Tablets,0,0,0,2.29,taxable,,Vitamins,Hedex Extra 16 Tablets. A vitamins and supplements product. Supplied as 16 Tablets.,GSL
simple,4005900811271,Elastoplast Hand Cleansing Sanitiser Spray 55ml,0,0,0,2.29,taxable,,First Aid,"Elastoplast Hand Cleansing Sanitiser Spray 55ml. Always read the label and any leaflet supplied. If symptoms persist, speak to your pharmacist or doctor. Supplied as 55ml.",No regulation
simple,5012654111013,Carnation Callous Caps 2 Pack,0,0,0,2.29,taxable,,General Health,Carnation Callous Caps 2 Pack. A health and wellbeing product. Supplied as 2 Pack.,No regulation
simple,8718951131644,Colgate Natural Extracts Fresh Lemon Toothpaste 75ml,0,0,0,2.29,taxable,,Oral Care,Colgate Natural Extracts Fresh Lemon Toothpaste 75ml. An oral care product. Supplied as 75ml.,No regulation
simple,5065006524009,Vieve Citrus & Apple Protein Water 500ml,0,0,0,2.29,taxable,,Vitamins,Vieve Citrus & Apple Protein Water 500ml. A vitamins and supplements product. Supplied as 500ml.,No regulation
simple,5024071250084,Aspar Hayfever & Allergy Relief 10mg 30 Tablets,0,0,0,2.29,taxable,,Vitamins,Aspar Hayfever & Allergy Relief 10mg 30 Tablets. A vitamins and supplements product. Supplied as 30 Tablets.,GSL
simple,5010724526361,Nair Moisturising Cream Legs & Body 100ml,0,0,0,2.29,taxable,,Skincare,Nair Moisturising Cream Legs & Body 100ml. A skincare product. Supplied as 100ml.,No regulation
simple,5010441004692,Numark Glycerin 100ml,0,0,0,2.29,taxable,,General Health,Numark Glycerin 100ml. A health and wellbeing product. Supplied as 100ml.,No regulation
simple,5054805039807,Bristows 3. Natural hold hairspray 400ml,0,0,0,2.27,taxable,,Hair Care,Bristows 3. Natural hold hairspray 400ml. A hair care product. Supplied as 400ml.,No regulation
simple,5029053569857,Kleenex Balsam Regular 64 Pack,0,0,0,2.25,taxable,,General Health,Kleenex Balsam Regular 64 Pack. A health and wellbeing product. Supplied as 64 Pack.,No regulation
simple,42110187,Nivea Creme 50ml,0,0,0,2.20,taxable,,General Health,Nivea Creme 50ml. A health and wellbeing product. Supplied as 50ml.,No regulation
simple,5410076847945,Wella Silvikrin Volume & Extra Strong Hold Hairspray 250ml,0,0,0,2.19,taxable,,Hair Care,Wella Silvikrin Volume & Extra Strong Hold Hairspray 250ml. A hair care product. Supplied as 250ml.,No regulation
simple,8718951166127,Colgate MaxFresh Cool Mint Toothpaste 75ml,0,0,0,2.19,taxable,,Oral Care,Colgate MaxFresh Cool Mint Toothpaste 75ml. An oral care product. Supplied as 75ml.,No regulation
simple,8712561481663,Vaseline Aloe Soothe Body Lotion 200ml,0,0,0,2.19,taxable,,Skincare,Vaseline Aloe Soothe Body Lotion 200ml. A skincare product. Supplied as 200ml.,No regulation
simple,5012654110016,Carnation Corn Caps 5 Pack,0,0,0,2.19,taxable,,Skincare,Carnation Corn Caps 5 Pack. A skincare product. Supplied as 5 Pack.,No regulation
simple,8016825929022,Aquafresh Family Protection Fresh & Minty 100ml,0,0,0,2.19,taxable,,Oral Care,Aquafresh Family Protection Fresh & Minty 100ml. An oral care product. Supplied as 100ml.,No regulation
simple,8714789763620,Sanex Men Active Control 48hr Antiperspirant 250ml,0,0,0,2.19,taxable,,Beauty,Sanex Men Active Control 48hr Antiperspirant 250ml. A health and beauty product. Supplied as 250ml.,No regulation
simple,0083078009076,Carmex Strawberry Lip Balm 4.25g,0,0,0,2.19,taxable,,Skincare,Carmex Strawberry Lip Balm 4.25g. A skincare product. Supplied as 4.25g.,No regulation
simple,5000309007651,Anadin Extra 12 Caplets,0,0,0,2.19,taxable,,Pain Relief,"Anadin Extra 12 Caplets. Always read the label and any leaflet supplied. If symptoms persist, speak to your pharmacist or doctor.",GSL
simple,5018632242533,Safe & Sound Cleansing Antiseptic Spray 100ml,0,0,0,2.19,taxable,,First Aid,"Safe & Sound Cleansing Antiseptic Spray 100ml. Always read the label and any leaflet supplied. If symptoms persist, speak to your pharmacist or doctor. Supplied as 100ml.",No regulation
simple,3574660310689,Johnson's Body Care 24 Hour Moisture Hand Cream 100ml,0,0,0,2.19,taxable,,Skincare,Johnson's Body Care 24 Hour Moisture Hand Cream 100ml. A skincare product. Supplied as 100ml.,No regulation
simple,8809663752385,Mizon Joyful Time Essence Mask Hyaluronic Acid 23g,0,0,0,2.19,taxable,,Skincare,Mizon Joyful Time Essence Mask Hyaluronic Acid 23g. A skincare product. Supplied as 23g.,No regulation
simple,0782126191038,Natracare Organic Super 10 Tampons,0,0,0,2.19,taxable,zero-rate,Women's Health,Natracare Organic Super 10 Tampons. A women's health product.,No regulation
simple,5017123090769,Crescent Pharma Cetrimide Antiseptic Cream 30g,0,0,0,2.19,taxable,,First Aid,"Crescent Pharma Cetrimide Antiseptic Cream 30g. Always read the label and any leaflet supplied. If symptoms persist, speak to your pharmacist or doctor. Supplied as 30g.",GSL
simple,8001841959702,Aussie Nourish & Repair Conditioner 200ml,0,0,0,2.19,taxable,,Hair Care,Aussie Nourish & Repair Conditioner 200ml. A hair care product. Supplied as 200ml.,No regulation
simple,5000101512896,Carex Original 2H Protection Antibacterial Hand Wash 500ml,0,0,0,2.19,taxable,,Beauty,Carex Original 2H Protection Antibacterial Hand Wash 500ml. A health and beauty product. Supplied as 500ml.,No regulation
simple,5017353500885,Galpharm Children's Ibuprofen 100mg/5ml Oral Suspension Orange 100ml,0,0,0,2.19,taxable,,Baby & Child,Galpharm Children's Ibuprofen 100mg/5ml Oral Suspension Orange 100ml. A baby and child product. Supplied as 100ml.,GSL
simple,5010058039254,Hush Plugz DIY Foam Ear Plugs 4 Pairs,0,0,0,2.19,taxable,,General Health,Hush Plugz DIY Foam Ear Plugs 4 Pairs. A health and wellbeing product.,No regulation
simple,5000231036781,Radox Muscle Soak Bath Salt 400g,0,0,0,2.19,taxable,,Pain Relief,"Radox Muscle Soak Bath Salt 400g. Always read the label and any leaflet supplied. If symptoms persist, speak to your pharmacist or doctor. Supplied as 400g.",No regulation
simple,5030104005224,Jakemans Honey & Lemon Soothing Menthol Lozenges 160g,0,0,0,2.19,taxable,,Cold & Flu,"Jakemans Honey & Lemon Soothing Menthol Lozenges 160g. Always read the label and any leaflet supplied. If symptoms persist, speak to your pharmacist or doctor. Supplied as 160g.",No regulation
simple,5000101510038,Imperial Leather Indulgent Antibacterial Handwash 500ml,0,0,0,2.19,taxable,,Beauty,Imperial Leather Indulgent Antibacterial Handwash 500ml. A health and beauty product. Supplied as 500ml.,No regulation
simple,0810020170955,Bondi Sands Glo Lights Gold 25ml,0,0,0,2.19,taxable,,General Health,Bondi Sands Glo Lights Gold 25ml. A health and wellbeing product. Supplied as 25ml.,No regulation
simple,5010249011663,The Food Supplement Company Vitamin B12 with Folic Acid 30 Tablets,0,0,0,2.19,taxable,,Women's Health,The Food Supplement Company Vitamin B12 with Folic Acid 30 Tablets. A women's health product. Supplied as 30 Tablets.,No regulation
simple,8809046298776,Wish Formula Panda Eye Essence Mask,0,0,0,2.19,taxable,,Skincare,Wish Formula Panda Eye Essence Mask. A skincare product.,No regulation
simple,8711700632249,Dove Men Silver Control Antiperspirant Deodorant Spray 250ml,0,0,0,2.19,taxable,,Beauty,Dove Men Silver Control Antiperspirant Deodorant Spray 250ml. A health and beauty product. Supplied as 250ml.,No regulation
simple,0017854116733,"Baylis & Harding Royale Garden Rose, Poppy & Vanilla Body Wash 500ml",0,0,0,2.19,taxable,,Beauty,"Baylis & Harding Royale Garden Rose, Poppy & Vanilla Body Wash 500ml. A health and beauty product. Supplied as 500ml.",No regulation
simple,0672935811350,Hello Kitty Plasters 20 Pack,0,0,0,2.19,taxable,,First Aid,"Hello Kitty Plasters 20 Pack. Always read the label and any leaflet supplied. If symptoms persist, speak to your pharmacist or doctor. Supplied as 20 Pack.",No regulation
simple,59095804,Sure Invisible Pure Roll-on Anti-Perspirant 50ml,0,0,0,2.19,taxable,,Beauty,Sure Invisible Pure Roll-on Anti-Perspirant 50ml. A health and beauty product. Supplied as 50ml.,No regulation
simple,3600523214501,L'Oréal Elvive Extraordinary Clay Anti-dandruff Shampoo 250ml,0,0,0,2.19,taxable,,Hair Care,L'Oréal Elvive Extraordinary Clay Anti-dandruff Shampoo 250ml. A hair care product. Supplied as 250ml.,No regulation
simple,5025135118449,Malibu Bronzing Tanning Oil SPF4 100ml,0,0,0,2.19,taxable,,Skincare,Malibu Bronzing Tanning Oil SPF4 100ml. A skincare product. Supplied as 100ml.,No regulation
simple,3600520560601,L'Oréal Elvive Styliste Mousse Colour Protect 150ml,0,0,0,2.19,taxable,,Hair Care,L'Oréal Elvive Styliste Mousse Colour Protect 150ml. A hair care product. Supplied as 150ml.,No regulation
simple,5037154000179,Pollenase Chlorphenamine 4mg 30 Tablets,0,0,0,2.19,taxable,,Prescription Medicines,"Pollenase Chlorphenamine 4mg 30 Tablets. Prescription-only medicine, supplied after an online consultation with our pharmacist. Always read the label and any leaflet supplied. If symptoms persist, speak to your pharmacist or doctor. Supplied as 30 Tablets.",P
simple,0088551167847,Bionsen Deodorant Roll On 50ml,0,0,0,2.19,taxable,,Beauty,Bionsen Deodorant Roll On 50ml. A health and beauty product. Supplied as 50ml.,No regulation
simple,5051389044869,Mitchum Men 48HR Protection Sport Antiperspirant Deodorant 150ml,0,0,0,2.19,taxable,,Beauty,Mitchum Men 48HR Protection Sport Antiperspirant Deodorant 150ml. A health and beauty product. Supplied as 150ml.,No regulation
simple,5010441013366,Numark Saline Nasal Spray 15ml,0,0,0,2.19,taxable,,Cold & Flu,"Numark Saline Nasal Spray 15ml. Always read the label and any leaflet supplied. If symptoms persist, speak to your pharmacist or doctor. Supplied as 15ml.",No regulation
simple,5010441013908,Numark Mucus Cough & Cold Relief 16 Tablets,0,0,0,2.19,taxable,,Cold & Flu,"Numark Mucus Cough & Cold Relief 16 Tablets. Always read the label and any leaflet supplied. If symptoms persist, speak to your pharmacist or doctor. Supplied as 16 Tablets.",GSL
simple,7702018308309,Gillette Mach 3 Extra Comfort Shaving Gel 75ml,0,0,0,2.19,taxable,,Men's Grooming,Gillette Mach 3 Extra Comfort Shaving Gel 75ml. A men's grooming product. Supplied as 75ml.,No regulation
simple,3574660583861,Johnson's Face Care Daily Essentials Refreshing Gel Wash 150ml,0,0,0,2.19,taxable,,Skincare,Johnson's Face Care Daily Essentials Refreshing Gel Wash 150ml. A skincare product. Supplied as 150ml.,No regulation
simple,5030104005248,Jakemans Cherry Soothing Menthol Lozenges 160g,0,0,0,2.19,taxable,,Cold & Flu,"Jakemans Cherry Soothing Menthol Lozenges 160g. Always read the label and any leaflet supplied. If symptoms persist, speak to your pharmacist or doctor. Supplied as 160g.",No regulation
simple,8809211650972,Berrisom Animal Mask Series Monkey 25ml,0,0,0,2.19,taxable,,Skincare,Berrisom Animal Mask Series Monkey 25ml. A skincare product. Supplied as 25ml.,No regulation
simple,4015400899273,Aussie Flower Power Dry Shampoo 180ml,0,0,0,2.19,taxable,,Hair Care,Aussie Flower Power Dry Shampoo 180ml. A hair care product. Supplied as 180ml.,No regulation
simple,8700216539128,Oral-B Super Floss Threader 50 Pack,0,0,0,2.19,taxable,,Oral Care,Oral-B Super Floss Threader 50 Pack. An oral care product. Supplied as 50 Pack.,No regulation
simple,8006540801482,Pantene Shampoo Smooth & Sleek 450ml,0,0,0,2.19,taxable,,Hair Care,Pantene Shampoo Smooth & Sleek 450ml. A hair care product. Supplied as 450ml.,No regulation
simple,3600541126046,Garnier Body 7 Day Aloe Hand Cream 100ml,0,0,0,2.19,taxable,,Skincare,Garnier Body 7 Day Aloe Hand Cream 100ml. A skincare product. Supplied as 100ml.,No regulation
simple,8809430537832,Pack-age Everyday Bouncy Mask 25ml,0,0,0,2.19,taxable,,Skincare,Pack-age Everyday Bouncy Mask 25ml. A skincare product. Supplied as 25ml.,No regulation
simple,5025971100295,Lil-Lets Tampon Super 10 Pack,0,0,0,2.19,taxable,zero-rate,Women's Health,Lil-Lets Tampon Super 10 Pack. A women's health product. Supplied as 10 Pack.,No regulation
simple,5000158064560,Gaviscon Peppermint Chewable 8 Tablets,0,0,0,2.19,taxable,,Digestive,"Gaviscon Peppermint Chewable 8 Tablets. Always read the label and any leaflet supplied. If symptoms persist, speak to your pharmacist or doctor. Supplied as 8 Tablets.",GSL
simple,8710447205884,Radox Feel Bright Shower Mousse Mango & Mandarin Scent 200ml,0,0,0,2.19,taxable,,Hair Care,Radox Feel Bright Shower Mousse Mango & Mandarin Scent 200ml. A hair care product. Supplied as 200ml.,No regulation
simple,5028270000341,Simply Cotton Cotton Wool Pleat 180g,0,0,0,2.19,taxable,,First Aid,"Simply Cotton Cotton Wool Pleat 180g. Always read the label and any leaflet supplied. If symptoms persist, speak to your pharmacist or doctor. Supplied as 180g.",No regulation
simple,4485336053887,Gillette Satin Care Women's Shaving Gel Pure & Delicate 200ml,0,0,0,2.19,taxable,,Women's Health,Gillette Satin Care Women's Shaving Gel Pure & Delicate 200ml. A women's health product. Supplied as 200ml.,No regulation
simple,0017854080683,Baylis & Harding Pink Magnolia & Pear Blossom Hand Wash 500ml,0,0,0,2.19,taxable,,Beauty,Baylis & Harding Pink Magnolia & Pear Blossom Hand Wash 500ml. A health and beauty product. Supplied as 500ml.,No regulation
simple,8001090965431,Old Spice Captain 2 in 1 Shower Gel & Shampoo 250ml,0,0,0,2.19,taxable,,Hair Care,Old Spice Captain 2 in 1 Shower Gel & Shampoo 250ml. A hair care product. Supplied as 250ml.,No regulation
simple,4005900983909,Nivea Soft Rose Lip Balm 4.8g,0,0,0,2.19,taxable,,Skincare,Nivea Soft Rose Lip Balm 4.8g. A skincare product. Supplied as 4.8g.,No regulation
simple,8718951169739,Colgate Max White Sparkle Diamonds Toothpaste 75ml,0,0,0,2.19,taxable,,Oral Care,Colgate Max White Sparkle Diamonds Toothpaste 75ml. An oral care product. Supplied as 75ml.,No regulation
simple,5012008721202,Pro:Voke Touch Of Silver Colour Care Conditioner 200ml,0,0,0,2.19,taxable,,Hair Care,Pro:Voke Touch Of Silver Colour Care Conditioner 200ml. A hair care product. Supplied as 200ml.,No regulation
simple,5060133376637,Steril-eeze Hand Sanitiser 50ml,0,0,0,2.19,taxable,,General Health,Steril-eeze Hand Sanitiser 50ml. A health and wellbeing product. Supplied as 50ml.,No regulation
simple,8720181287626,Dove Powder Anti-perspirant 150ml,0,0,0,2.19,taxable,,Beauty,Dove Powder Anti-perspirant 150ml. A health and beauty product. Supplied as 150ml.,No regulation
simple,5010724526385,Nair Sensitive Hair Removal Cream 100ml,0,0,0,2.19,taxable,,Hair Care,Nair Sensitive Hair Removal Cream 100ml. A hair care product. Supplied as 100ml.,No regulation
simple,5051389044838,Mitchum Woman Powder Fresh Antiperspirant Deodorant 150ml,0,0,0,2.19,taxable,,Beauty,Mitchum Woman Powder Fresh Antiperspirant Deodorant 150ml. A health and beauty product. Supplied as 150ml.,No regulation
simple,5000209100513,Colgate Maximum Cavity Protection Toothpaste Pump 100ml,0,0,0,2.19,taxable,,Oral Care,Colgate Maximum Cavity Protection Toothpaste Pump 100ml. An oral care product. Supplied as 100ml.,No regulation
simple,8712561241519,St. Ives Facial Cleansing Gentle Dry & Sensitive 35 Wipes,0,0,0,2.19,taxable,,Skincare,St. Ives Facial Cleansing Gentle Dry & Sensitive 35 Wipes. A skincare product. Supplied as 35 Wipes.,No regulation
simple,8714100184943,Dove Pro Age Shampoo 400ml,0,0,0,2.19,taxable,,Hair Care,Dove Pro Age Shampoo 400ml. A hair care product. Supplied as 400ml.,No regulation
simple,5053249265841,Nuage Rosemary Hair + Scalp Oil 100ml,0,0,0,2.19,taxable,,Hair Care,Nuage Rosemary Hair + Scalp Oil 100ml. A hair care product. Supplied as 100ml.,No regulation
simple,8006540221389,Always Profresh Liners Normal 48 Pack,0,0,0,2.19,taxable,zero-rate,Women's Health,Always Profresh Liners Normal 48 Pack. A women's health product. Supplied as 48 Pack.,No regulation
simple,3574661652238,Aveeno Baby Daily Care Moisturising Lotion 75ml,0,0,0,2.19,taxable,,Baby & Child,Aveeno Baby Daily Care Moisturising Lotion 75ml. A baby and child product. Supplied as 75ml.,No regulation
simple,3574661217598,Johnson's Baby Fresh Bubble Bath & Wash 500ml,0,0,0,2.19,taxable,,Baby & Child,Johnson's Baby Fresh Bubble Bath & Wash 500ml. A baby and child product. Supplied as 500ml.,No regulation
simple,5054805050529,Bristows Sol Fiesta Heat Protection Spray Pistachio & Caramel 200ml,0,0,0,2.19,taxable,,Beauty,Bristows Sol Fiesta Heat Protection Spray Pistachio & Caramel 200ml. A health and beauty product. Supplied as 200ml.,No regulation
simple,0083078911171,Carmex Original Classic Lip Balm 4.25g,0,0,0,2.19,taxable,,Skincare,Carmex Original Classic Lip Balm 4.25g. A skincare product. Supplied as 4.25g.,No regulation
simple,8006540801369,Pantene Shampoo Repair & Protect 450ml,0,0,0,2.19,taxable,,Hair Care,Pantene Shampoo Repair & Protect 450ml. A hair care product. Supplied as 450ml.,No regulation
simple,5012251008105,Beauty Formulas Deodorising Foot Powder 100g,0,0,0,2.19,taxable,,Vitamins,Beauty Formulas Deodorising Foot Powder 100g. A vitamins and supplements product. Supplied as 100g.,No regulation
simple,5012583204541,Schwarzkopf Pro Styling Power Wax 75ml,0,0,0,2.19,taxable,,Hair Care,Schwarzkopf Pro Styling Power Wax 75ml. A hair care product. Supplied as 75ml.,No regulation
simple,5025971100233,Lil-Lets Smartfit Non Applicator Super Plus 10 Pack,0,0,0,2.19,taxable,zero-rate,General Health,Lil-Lets Smartfit Non Applicator Super Plus 10 Pack. A health and wellbeing product. Supplied as 10 Pack.,No regulation
simple,3574661486321,Carefree Pantyliners Normal Cotton Fresh 56 Pack,0,0,0,2.19,taxable,zero-rate,Women's Health,Carefree Pantyliners Normal Cotton Fresh 56 Pack. A women's health product. Supplied as 56 Pack.,No regulation
simple,5000158071384,Lemsip Cold & Flu Sachets Blackcurrant 5 Sachets,0,0,0,2.19,taxable,,Cold & Flu,"Lemsip Cold & Flu Sachets Blackcurrant 5 Sachets. Always read the label and any leaflet supplied. If symptoms persist, speak to your pharmacist or doctor. Supplied as 5 Sachets.",GSL
simple,5029354008598,Australian Tea Tree Lip Balm SPF15 5.7ml,0,0,0,2.19,taxable,,Skincare,Australian Tea Tree Lip Balm SPF15 5.7ml. A skincare product. Supplied as 5.7ml.,No regulation
simple,7322541048277,Bodyform Pure Sensitive with Wings Regular Flow 12 Pack,0,0,0,2.19,taxable,zero-rate,Women's Health,Bodyform Pure Sensitive with Wings Regular Flow 12 Pack. A women's health product. Supplied as 12 Pack.,No regulation
simple,5018632116728,Safe & Sound Microporous Tape 2.5Cm X 5M,0,0,0,2.17,taxable,,General Health,Safe & Sound Microporous Tape 2.5Cm X 5M. A health and wellbeing product.,No regulation
simple,5011321594296,Herbal Essences Hello Hydration Coconut Extract Shampoo 400ml,0,0,0,2.15,taxable,,Hair Care,Herbal Essences Hello Hydration Coconut Extract Shampoo 400ml. A hair care product. Supplied as 400ml.,No regulation
simple,5000347054303,Aquafresh Extra Fresh Daily Mouthwash 500ml,0,0,0,2.09,taxable,,Oral Care,Aquafresh Extra Fresh Daily Mouthwash 500ml. An oral care product. Supplied as 500ml.,No regulation
simple,5000231070112,Radox Men Bath Soak Muscle Therapy Black Pepper & Ginseng 500ml,0,0,0,2.09,taxable,,Pain Relief,"Radox Men Bath Soak Muscle Therapy Black Pepper & Ginseng 500ml. Always read the label and any leaflet supplied. If symptoms persist, speak to your pharmacist or doctor. Supplied as 500ml.",No regulation
simple,0083078415303,Carmex Cherry Lip Balm Pot 7.5g,0,0,0,2.09,taxable,,Skincare,Carmex Cherry Lip Balm Pot 7.5g. A skincare product. Supplied as 7.5g.,No regulation
simple,8712561909778,Simple Kind To Skin Micellar Cleansing Wipes 25 Pack,0,0,0,2.09,taxable,,Skincare,Simple Kind To Skin Micellar Cleansing Wipes 25 Pack. A skincare product. Supplied as 25 Pack.,No regulation
simple,8720181209444,Simple Biodegradable Cleansing Wipes 25 Wipes,0,0,0,2.09,taxable,,Skincare,Simple Biodegradable Cleansing Wipes 25 Wipes. A skincare product. Supplied as 25 Wipes.,No regulation
simple,5010441015001,Numark Peppermint Oil 10ml,0,0,0,2.09,taxable,,Skincare,Numark Peppermint Oil 10ml. A skincare product. Supplied as 10ml.,No regulation
simple,4005800237522,Elastoplast Flexible Fabric Water-Repellent Plasters 10 Pack,0,0,0,2.09,taxable,,First Aid,"Elastoplast Flexible Fabric Water-Repellent Plasters 10 Pack. Always read the label and any leaflet supplied. If symptoms persist, speak to your pharmacist or doctor. Supplied as 10 Pack.",No regulation
simple,8714789703015,Palmolive Bar Soap Moisture Care 4x90g,0,0,0,2.09,taxable,,Skincare,Palmolive Bar Soap Moisture Care 4x90g. A skincare product. Supplied as 4x90g.,No regulation
simple,8710908657399,Baby Dove Head To Toe Wash Sensitive Moisture Fragrance Free 200ml,0,0,0,2.09,taxable,,Baby & Child,Baby Dove Head To Toe Wash Sensitive Moisture Fragrance Free 200ml. A baby and child product. Supplied as 200ml.,No regulation
simple,4005900511973,Nivea Soft Mix & Match Chilled Oasis 100ml,0,0,0,2.09,taxable,,General Health,Nivea Soft Mix & Match Chilled Oasis 100ml. A health and wellbeing product. Supplied as 100ml.,No regulation
simple,7702018980932,Gillette Classic Men's Shaving Foam Sensitive 200ml,0,0,0,2.09,taxable,,Men's Grooming,Gillette Classic Men's Shaving Foam Sensitive 200ml. A men's grooming product. Supplied as 200ml.,No regulation
simple,5012008721004,Pro:Voke Touch Of Silver Colour Care Shampoo 200ml,0,0,0,2.09,taxable,,Hair Care,Pro:Voke Touch Of Silver Colour Care Shampoo 200ml. A hair care product. Supplied as 200ml.,No regulation
simple,5010441014349,Numark Low Adherant Dressing 5 Pack,0,0,0,2.09,taxable,,First Aid,"Numark Low Adherant Dressing 5 Pack. Always read the label and any leaflet supplied. If symptoms persist, speak to your pharmacist or doctor. Supplied as 5 Pack.",No regulation
simple,5017848251957,Bell's Dry Tickly Cough 200ml,0,0,0,2.09,taxable,,Cold & Flu,"Bell's Dry Tickly Cough 200ml. Always read the label and any leaflet supplied. If symptoms persist, speak to your pharmacist or doctor. Supplied as 200ml.",GSL
simple,8712561803274,Brut Attraction Totale Deodorant 200ml,0,0,0,2.09,taxable,,Beauty,Brut Attraction Totale Deodorant 200ml. A health and beauty product. Supplied as 200ml.,No regulation
simple,8809211650965,Berrisom Animal Mask Series Dog 25ml,0,0,0,2.09,taxable,,Pet Care,Berrisom Animal Mask Series Dog 25ml. A pet care product. Supplied as 25ml.,No regulation
simple,5012251012126,Beauty Formulas Active Mouthwash Green Mint Alcohol Free 750ml,0,0,0,2.09,taxable,,Oral Care,Beauty Formulas Active Mouthwash Green Mint Alcohol Free 750ml. An oral care product. Supplied as 750ml.,No regulation
simple,8712561483094,Vaseline Cocoa Radiant Body Lotion 200ml,0,0,0,2.09,taxable,,Skincare,Vaseline Cocoa Radiant Body Lotion 200ml. A skincare product. Supplied as 200ml.,No regulation
simple,8718951133815,Sanex Zero% Invisible Compressed Deodorant 125ml,0,0,0,2.09,taxable,,Beauty,Sanex Zero% Invisible Compressed Deodorant 125ml. A health and beauty product. Supplied as 125ml.,No regulation
simple,5011842107128,MAC Sore Throat Honey & Lemon 0.6mmg Lozenges 12 Pack,0,0,0,2.09,taxable,,Cold & Flu,"MAC Sore Throat Honey & Lemon 0.6mmg Lozenges 12 Pack. Always read the label and any leaflet supplied. If symptoms persist, speak to your pharmacist or doctor. Supplied as 12 Pack.",GSL
simple,8006540311851,Herbal Essences Dry Scalp Conditioner 180ml,0,0,0,2.09,taxable,,Hair Care,Herbal Essences Dry Scalp Conditioner 180ml. A hair care product. Supplied as 180ml.,No regulation
simple,8809211650934,Berrisom Animal Mask Series Panda 25ml,0,0,0,2.09,taxable,,Skincare,Berrisom Animal Mask Series Panda 25ml. A skincare product. Supplied as 25ml.,No regulation
simple,8720181336195,Simple Refreshing Shower Gel 225ml,0,0,0,2.09,taxable,,Beauty,Simple Refreshing Shower Gel 225ml. A health and beauty product. Supplied as 225ml.,No regulation
simple,8718951265769,Colgate Toothpaste Kids Mild Mint 6+Years 75ml,0,0,0,2.09,taxable,,Oral Care,Colgate Toothpaste Kids Mild Mint 6+Years 75ml. An oral care product. Supplied as 75ml.,No regulation
simple,5012583200802,Right Guard Fresh 48H Anti-Perspirant 150ml,0,0,0,2.09,taxable,,Beauty,Right Guard Fresh 48H Anti-Perspirant 150ml. A health and beauty product. Supplied as 150ml.,No regulation
simple,96040928,Dove Men+ Care Silver Control Deodorant Stick 50ml,0,0,0,2.09,taxable,,Beauty,Dove Men+ Care Silver Control Deodorant Stick 50ml. A health and beauty product. Supplied as 50ml.,No regulation
simple,8710447224250,TRESemmé Botanique Damage Recovery Shampoo 400ml,0,0,0,2.09,taxable,,Hair Care,TRESemmé Botanique Damage Recovery Shampoo 400ml. A hair care product. Supplied as 400ml.,No regulation
simple,8809211650958,Berrisom Animal Mask Series Cat 25ml,0,0,0,2.09,taxable,,Pet Care,Berrisom Animal Mask Series Cat 25ml. A pet care product. Supplied as 25ml.,No regulation
simple,8809663752378,Mizon Joyful Time Essence Mask Snail 23g,0,0,0,2.09,taxable,,Skincare,Mizon Joyful Time Essence Mask Snail 23g. A skincare product. Supplied as 23g.,No regulation
simple,50210404,Dove for Men Clean Comfort Deodorant Roll On 50ml,0,0,0,2.09,taxable,,Men's Health,Dove for Men Clean Comfort Deodorant Roll On 50ml. A men's health product. Supplied as 50ml.,No regulation
simple,3600520595528,L'Oréal Sublime Bronze Self Tan Easy Tanning Wipes 2s,0,0,0,2.09,taxable,,Beauty,L'Oréal Sublime Bronze Self Tan Easy Tanning Wipes 2s. A health and beauty product.,No regulation
simple,5010441007723,Numark Micropore Tape 2.5cm x 5m,0,0,0,2.09,taxable,,First Aid,"Numark Micropore Tape 2.5cm x 5m. Always read the label and any leaflet supplied. If symptoms persist, speak to your pharmacist or doctor.",No regulation
simple,5000101510472,Imperial Leather Moisturising Bodywash 500ml,0,0,0,2.09,taxable,,Skincare,Imperial Leather Moisturising Bodywash 500ml. A skincare product. Supplied as 500ml.,No regulation
simple,5012654200755,Carnation Fleecy Padding,0,0,0,2.09,taxable,,General Health,Carnation Fleecy Padding. A health and wellbeing product.,No regulation
simple,5029053582764,Kleenex Antibacterial Wipes 36 Pack,0,0,0,2.09,taxable,,Beauty,Kleenex Antibacterial Wipes 36 Pack. A health and beauty product. Supplied as 36 Pack.,No regulation
simple,5010724525043,Arm & Hammer Toothpaste Advance White 75ml,0,0,0,2.09,taxable,,Oral Care,Arm & Hammer Toothpaste Advance White 75ml. An oral care product. Supplied as 75ml.,No regulation
simple,5056267001965,Enliven Dry Shamp Original 300ml,0,0,0,2.09,taxable,,General Health,Enliven Dry Shamp Original 300ml. A health and wellbeing product. Supplied as 300ml.,No regulation
simple,5010441006382,Numark Almond Oil 70ml,0,0,0,2.09,taxable,,Skincare,Numark Almond Oil 70ml. A skincare product. Supplied as 70ml.,No regulation
simple,8714789115474,Colgate Deep Clean Whitening Toothpaste 75ml,0,0,0,2.09,taxable,,Oral Care,Colgate Deep Clean Whitening Toothpaste 75ml. An oral care product. Supplied as 75ml.,No regulation
simple,5028763010017,Wisdom Step By Step Brightstar Toothbrush,0,0,0,2.09,taxable,,Oral Care,Wisdom Step By Step Brightstar Toothbrush. An oral care product.,No regulation
simple,5011451102965,Simple Kind To Hair Gentle Care Conditioner 200ml,0,0,0,2.09,taxable,,Hair Care,Simple Kind To Hair Gentle Care Conditioner 200ml. A hair care product. Supplied as 200ml.,No regulation
simple,5010441014110,Numark Irritated Eye Drops 10ml,0,0,0,2.09,taxable,,Eye Care,"Numark Irritated Eye Drops 10ml. Always read the label and any leaflet supplied. If symptoms persist, speak to your pharmacist or doctor. Supplied as 10ml.",No regulation
simple,5025135119941,Malibu Lotion Spray SPF20 100ml,0,0,0,2.09,taxable,,Skincare,Malibu Lotion Spray SPF20 100ml. A skincare product. Supplied as 100ml.,No regulation
simple,5017123041136,Crescent Ferrous Gluconate 300mg Iron 28 Tablets,0,0,0,2.09,taxable,,Vitamins,"Crescent Ferrous Gluconate 300mg Iron 28 Tablets. Prescription-only medicine, supplied after an online consultation with our pharmacist. Always read the label and any leaflet supplied. If symptoms persist, speak to your pharmacist or doctor. Supplied as 28 Tablets.",P
simple,5011321594470,Herbal Essences Dazzling Shine Lime Essences Shampoo 400ml,0,0,0,2.09,taxable,,Hair Care,Herbal Essences Dazzling Shine Lime Essences Shampoo 400ml. A hair care product. Supplied as 400ml.,No regulation
simple,1790763591431,Needles Disposal Bin - Sharpsafe 1 L Yellow,0,0,0,2.09,taxable,,General Health,Needles Disposal Bin - Sharpsafe 1 L Yellow. A health and wellbeing product. Supplied as 1 L.,No regulation
simple,4005900512055,Nivea Soft Mix & Match Berry Charming 100ml,0,0,0,2.09,taxable,,General Health,Nivea Soft Mix & Match Berry Charming 100ml. A health and wellbeing product. Supplied as 100ml.,No regulation
simple,5038581127354,Yankee Candle Fragranced Wax Melts Elderflower Spritz 75g,0,0,0,2.09,taxable,,Beauty,Yankee Candle Fragranced Wax Melts Elderflower Spritz 75g. A health and beauty product. Supplied as 75g.,No regulation
simple,8717163719954,Simple Ultra Light Liquid Moisturiser 50ml,0,0,0,2.09,taxable,,Skincare,Simple Ultra Light Liquid Moisturiser 50ml. A skincare product. Supplied as 50ml.,No regulation
simple,59079583,Dove Anti Perspirant Stick Apple & White Tea 40ml,0,0,0,2.09,taxable,,Beauty,Dove Anti Perspirant Stick Apple & White Tea 40ml. A health and beauty product. Supplied as 40ml.,No regulation
simple,5010441014424,Numark Nail Polish Remover Pads 40 Pack,0,0,0,2.09,taxable,,Beauty,Numark Nail Polish Remover Pads 40 Pack. A health and beauty product. Supplied as 40 Pack.,No regulation
simple,8809663752316,Mizon Joyful Time Essence Mask Cucumber 23g,0,0,0,2.05,taxable,,Skincare,Mizon Joyful Time Essence Mask Cucumber 23g. A skincare product. Supplied as 23g.,No regulation
simple,0687368098230,Hereby Bamboo Reusable Coffee Cup,0,0,0,2.00,taxable,,General Health,Hereby Bamboo Reusable Coffee Cup. A health and wellbeing product.,No regulation
simple,4005808661923,Nivea Men Maximum Hydration Body Lotion 250ml,0,0,0,1.99,taxable,,Skincare,Nivea Men Maximum Hydration Body Lotion 250ml. A skincare product. Supplied as 250ml.,No regulation
simple,8720181079245,Lynx Ice Chill Shower Gel 225ml,0,0,0,1.99,taxable,,Beauty,Lynx Ice Chill Shower Gel 225ml. A health and beauty product. Supplied as 225ml.,No regulation
simple,4003455340185,Sula Butterscotch Sugar Free Sweets 42g,0,0,0,1.99,taxable,,Beauty,Sula Butterscotch Sugar Free Sweets 42g. A health and beauty product. Supplied as 42g.,No regulation
simple,59095866,Dove Go Fresh Pear & Aloe Vera Antiperspirant Deodorant Roll On 50ml,0,0,0,1.99,taxable,,Beauty,Dove Go Fresh Pear & Aloe Vera Antiperspirant Deodorant Roll On 50ml. A health and beauty product. Supplied as 50ml.,No regulation
simple,0850278004169,Bondi Sands Dual Action Exfoliating Mitt,0,0,0,1.99,taxable,,Skincare,Bondi Sands Dual Action Exfoliating Mitt. A skincare product.,No regulation
simple,8699568523896,Wella Wella Silvikrin Classic Flexible Hold Mousse 200ml,0,0,0,1.99,taxable,,Hair Care,Wella Wella Silvikrin Classic Flexible Hold Mousse 200ml. A hair care product. Supplied as 200ml.,No regulation
simple,5025903023876,Careway Ibuprofen 200mg 48 Tablets,0,0,0,1.99,taxable,,Pain Relief,"Careway Ibuprofen 200mg 48 Tablets. Prescription-only medicine, supplied after an online consultation with our pharmacist. Always read the label and any leaflet supplied. If symptoms persist, speak to your pharmacist or doctor. Supplied as 48 Tablets.",P
simple,7610472862728,Bibi Assorted Soothers 2 Pack,0,0,0,1.99,taxable,,Baby & Child,Bibi Assorted Soothers 2 Pack. A baby and child product. Supplied as 2 Pack.,No regulation
simple,0010181000089,Palmer's Cocoa Butter Formula Moisturizing Lip Balm 4g,0,0,0,1.99,taxable,,Skincare,Palmer's Cocoa Butter Formula Moisturizing Lip Balm 4g. A skincare product. Supplied as 4g.,No regulation
simple,5011417559192,Dettol Hand Wash Revitalise Raspberry 250ml,0,0,0,1.99,taxable,,Beauty,Dettol Hand Wash Revitalise Raspberry 250ml. A health and beauty product. Supplied as 250ml.,No regulation
simple,96201398,Soft & Gentle Anti-Perspirant Roll-On Magnolia Hug 50ml,0,0,0,1.99,taxable,,Beauty,Soft & Gentle Anti-Perspirant Roll-On Magnolia Hug 50ml. A health and beauty product. Supplied as 50ml.,No regulation
simple,8886467061738,Baby Dove Rich Moisture 50 Wipes,0,0,0,1.99,taxable,,Baby & Child,Baby Dove Rich Moisture 50 Wipes. A baby and child product. Supplied as 50 Wipes.,No regulation
simple,5010441013489,Numark Vitamin C 500mg 30 Chewable Tablets,0,0,0,1.99,taxable,,Vitamins,Numark Vitamin C 500mg 30 Chewable Tablets. A vitamins and supplements product. Supplied as 30 Chewable.,No regulation
simple,5025971208212,Lil-Lets Cotton 50 Oval Cosmetic Pads,0,0,0,1.99,taxable,,Beauty,Lil-Lets Cotton 50 Oval Cosmetic Pads. A health and beauty product.,No regulation
simple,4004148013072,Floradix Herbal Tea Peppermint 15 Teabags,0,0,0,1.99,taxable,zero-rate,Vitamins,Floradix Herbal Tea Peppermint 15 Teabags. A vitamins and supplements product.,No regulation
simple,5031413935943,Headshock Plex System Bond 1 Cleansing Shampoo 250ml,0,0,0,1.99,taxable,,Hair Care,Headshock Plex System Bond 1 Cleansing Shampoo 250ml. A hair care product. Supplied as 250ml.,No regulation
simple,5011451102996,Simple Kind To Hair Gentle Care Shampoo 200ml,0,0,0,1.99,taxable,,Hair Care,Simple Kind To Hair Gentle Care Shampoo 200ml. A hair care product. Supplied as 200ml.,No regulation
simple,5029053002033,Kleenex Balsam Pocket Tissues 8 Pack,0,0,0,1.99,taxable,,General Health,Kleenex Balsam Pocket Tissues 8 Pack. A health and wellbeing product. Supplied as 8 Pack.,No regulation
simple,5012254067680,TRESemmé Deep Cleansing 2-In-1 500ml,0,0,0,1.99,taxable,,Skincare,TRESemmé Deep Cleansing 2-In-1 500ml. A skincare product. Supplied as 500ml.,No regulation
simple,3574661087108,Johnson's Makeup Be Gone 5-in-1 Cleansing Wipes All Skin Types 25 Pack,0,0,0,1.99,taxable,,Skincare,Johnson's Makeup Be Gone 5-in-1 Cleansing Wipes All Skin Types 25 Pack. A skincare product. Supplied as 25 Pack.,No regulation
simple,5000453123078,VitaminStore Immunity Complex 20 Effervescent Tablets,0,0,0,1.99,taxable,,Vitamins,VitaminStore Immunity Complex 20 Effervescent Tablets. A vitamins and supplements product. Supplied as 20 Effervescent.,No regulation
simple,8712561571371,Dove Nourishing Oil Care Conditioner 350ml,0,0,0,1.99,taxable,,Hair Care,Dove Nourishing Oil Care Conditioner 350ml. A hair care product. Supplied as 350ml.,No regulation
simple,5029053573717,Kleenex Allergy Comfort 56 Tissues,0,0,0,1.99,taxable,,General Health,Kleenex Allergy Comfort 56 Tissues. A health and wellbeing product.,No regulation
simple,3574669908535,Johnson's Baby Bath Everyday Gentle 300ml,0,0,0,1.99,taxable,,Baby & Child,Johnson's Baby Bath Everyday Gentle 300ml. A baby and child product. Supplied as 300ml.,No regulation
simple,5060284540925,Uvistat Aftersun Evening Protect SPF20 200ml,0,0,0,1.99,taxable,,Skincare,Uvistat Aftersun Evening Protect SPF20 200ml. A skincare product. Supplied as 200ml.,No regulation
simple,5055028387669,Enliven Fruits Conditioner Soft Coconut 350ml,0,0,0,1.99,taxable,,Hair Care,Enliven Fruits Conditioner Soft Coconut 350ml. A hair care product. Supplied as 350ml.,No regulation
simple,0017854120020,Baylis & Harding Wild Lavender & Geranium Hand Wash 500ml,0,0,0,1.99,taxable,,Beauty,Baylis & Harding Wild Lavender & Geranium Hand Wash 500ml. A health and beauty product. Supplied as 500ml.,No regulation
simple,5000347014840,Aquafresh Complete Care Whitening Fluoride Toothpaste 75ml,0,0,0,1.99,taxable,,Oral Care,Aquafresh Complete Care Whitening Fluoride Toothpaste 75ml. An oral care product. Supplied as 75ml.,No regulation
simple,42207443,Nivea Refreshingly Soft Moisturising Cream 50ml,0,0,0,1.99,taxable,,Skincare,Nivea Refreshingly Soft Moisturising Cream 50ml. A skincare product. Supplied as 50ml.,No regulation
simple,5012254060841,TRESemmé Conditioner Salon Silk 500ml,0,0,0,1.99,taxable,,Hair Care,TRESemmé Conditioner Salon Silk 500ml. A hair care product. Supplied as 500ml.,No regulation
simple,8809663752354,Mizon Joyful Time Essence Mask Vitamin 23g,0,0,0,1.99,taxable,,Skincare,Mizon Joyful Time Essence Mask Vitamin 23g. A skincare product. Supplied as 23g.,No regulation
simple,5012251013598,Beauty Formulas Shampoo Biotin & Collagen 250ml,0,0,0,1.99,taxable,,Hair Care,Beauty Formulas Shampoo Biotin & Collagen 250ml. A hair care product. Supplied as 250ml.,No regulation
simple,8717163643884,VO5 Invisible Flexible Hold 2 100ml,0,0,0,1.99,taxable,,General Health,VO5 Invisible Flexible Hold 2 100ml. A health and wellbeing product. Supplied as 100ml.,No regulation
simple,5017848250295,Bell's Cough Linctus Oral Solution 200ml,0,0,0,1.99,taxable,,Cold & Flu,"Bell's Cough Linctus Oral Solution 200ml. Always read the label and any leaflet supplied. If symptoms persist, speak to your pharmacist or doctor. Supplied as 200ml.",GSL
simple,8717163762004,Dove Body Wash Softening Silk 225ml,0,0,0,1.99,taxable,,Beauty,Dove Body Wash Softening Silk 225ml. A health and beauty product. Supplied as 225ml.,No regulation
simple,8886467061745,Baby Dove Sensitive Skin Care Moisturising Wipes 50 Pack,0,0,0,1.99,taxable,,Baby & Child,Baby Dove Sensitive Skin Care Moisturising Wipes 50 Pack. A baby and child product. Supplied as 50 Pack.,No regulation
simple,5029053573731,Kleenex Allergy Comfort 50 Tissues,0,0,0,1.99,taxable,,General Health,Kleenex Allergy Comfort 50 Tissues. A health and wellbeing product.,No regulation
simple,3574661087276,Johnson's Makeup Be Gone 5-in-1 Cleansing Wipes Dry Skin 25 Pack,0,0,0,1.99,taxable,,Skincare,Johnson's Makeup Be Gone 5-in-1 Cleansing Wipes Dry Skin 25 Pack. A skincare product. Supplied as 25 Pack.,No regulation
simple,5010441013946,Numark Paracetamol Plus 500mg with Caffeine 16 Tablets,0,0,0,1.99,taxable,,Pain Relief,"Numark Paracetamol Plus 500mg with Caffeine 16 Tablets. Always read the label and any leaflet supplied. If symptoms persist, speak to your pharmacist or doctor. Supplied as 16 Tablets.",GSL
simple,5055028381728,Enliven Ultra Hold Volume & Curl Hair Mousse 300ml,0,0,0,1.99,taxable,,Hair Care,Enliven Ultra Hold Volume & Curl Hair Mousse 300ml. A hair care product. Supplied as 300ml.,No regulation
simple,8710908317361,Dove Men+Care Cool Fresh Body+ Face Wash 250ml,0,0,0,1.99,taxable,,Skincare,Dove Men+Care Cool Fresh Body+ Face Wash 250ml. A skincare product. Supplied as 250ml.,No regulation
simple,5038581110998,Yankee Candle Home Inspiration Fragranced Wax Melts Amber Musk 75g,0,0,0,1.99,taxable,,Beauty,Yankee Candle Home Inspiration Fragranced Wax Melts Amber Musk 75g. A health and beauty product. Supplied as 75g.,No regulation
simple,5029053500294,Kotex Maxi Super 16 Pads,0,0,0,1.99,taxable,zero-rate,General Health,Kotex Maxi Super 16 Pads. A health and wellbeing product. Supplied as 16 Pads.,No regulation
simple,5000101032905,Carex Moisture Hand Gel 50ml,0,0,0,1.99,taxable,,Skincare,Carex Moisture Hand Gel 50ml. A skincare product. Supplied as 50ml.,No regulation
simple,5010612808517,Brut Original Deodorant 200ml,0,0,0,1.99,taxable,,Beauty,Brut Original Deodorant 200ml. A health and beauty product. Supplied as 200ml.,No regulation
simple,5012583200161,Schwarzkopf Gliss Hair Repair Colour Protect & Shine Shampoo 250ml,0,0,0,1.99,taxable,,Hair Care,Schwarzkopf Gliss Hair Repair Colour Protect & Shine Shampoo 250ml. A hair care product. Supplied as 250ml.,No regulation
simple,8809242270170,Pack-age Don't Worry Healing Mask 25g,0,0,0,1.99,taxable,,Skincare,Pack-age Don't Worry Healing Mask 25g. A skincare product. Supplied as 25g.,No regulation
simple,8001841536255,Herbal Essences Pure Hemp Seed Oil & Aloe Instant Fizz Control 100ml,0,0,0,1.99,taxable,,Vitamins,Herbal Essences Pure Hemp Seed Oil & Aloe Instant Fizz Control 100ml. A vitamins and supplements product. Supplied as 100ml.,No regulation
simple,5012008722506,Soft & Gentle Anti-Perspirant Spray Magnolia Hug 150ml,0,0,0,1.99,taxable,,Beauty,Soft & Gentle Anti-Perspirant Spray Magnolia Hug 150ml. A health and beauty product. Supplied as 150ml.,No regulation
simple,5060704340579,Acala Aluminium Lipbalm Tin 15ml,0,0,0,1.99,taxable,,Skincare,Acala Aluminium Lipbalm Tin 15ml. A skincare product. Supplied as 15ml.,No regulation
simple,5029053561387,Kleenex Ultra Soft Pocket Tissues 8 Pack,0,0,0,1.99,taxable,,General Health,Kleenex Ultra Soft Pocket Tissues 8 Pack. A health and wellbeing product. Supplied as 8 Pack.,No regulation
simple,5012583200796,Right Guard 48H Protection Antiperspirant 150ml,0,0,0,1.99,taxable,,Beauty,Right Guard 48H Protection Antiperspirant 150ml. A health and beauty product. Supplied as 150ml.,No regulation
simple,8001090589149,Oral B Junior 6+Yrs Toothpaste 75ml,0,0,0,1.99,taxable,,Oral Care,Oral B Junior 6+Yrs Toothpaste 75ml. An oral care product. Supplied as 75ml.,No regulation
simple,5024874015347,Valupak Folic Acid 400µg 90 Tablets,0,0,0,1.99,taxable,,Women's Health,Valupak Folic Acid 400µg 90 Tablets. A women's health product. Supplied as 90 Tablets.,No regulation
simple,5053249266114,Nuage Rosemary Conditioner 400ml,0,0,0,1.99,taxable,,Hair Care,Nuage Rosemary Conditioner 400ml. A hair care product. Supplied as 400ml.,No regulation
simple,5025903022596,Careway Cold Sore Cream 2g,0,0,0,1.99,taxable,,Cold & Flu,"Careway Cold Sore Cream 2g. Always read the label and any leaflet supplied. If symptoms persist, speak to your pharmacist or doctor. Supplied as 2g.",No regulation
simple,0017854100428,Baylis & Harding Elements Hand Wash White Tea & Neroli 500ml,0,0,0,1.99,taxable,,Beauty,Baylis & Harding Elements Hand Wash White Tea & Neroli 500ml. A health and beauty product. Supplied as 500ml.,No regulation
simple,0782126181039,Natracare Organic Regular 10 Tampons,0,0,0,1.99,taxable,zero-rate,Women's Health,Natracare Organic Regular 10 Tampons. A women's health product.,No regulation
simple,8001090364104,Oral-B Gum & Enamel Repair Original Toothpaste 75ml,0,0,0,1.99,taxable,,Oral Care,Oral-B Gum & Enamel Repair Original Toothpaste 75ml. An oral care product. Supplied as 75ml.,No regulation
simple,8712561485548,Vaseline Healthy Hands Stronger Nails 200ml,0,0,0,1.99,taxable,,Beauty,Vaseline Healthy Hands Stronger Nails 200ml. A health and beauty product. Supplied as 200ml.,No regulation
simple,5038581160368,Yankee Candle Fragranced Tropical Skies Wax Melts 75g,0,0,0,1.99,taxable,,Beauty,Yankee Candle Fragranced Tropical Skies Wax Melts 75g. A health and beauty product. Supplied as 75g.,No regulation
simple,4004148013010,Floradix Herbal Tea Fennel 15 Teabags,0,0,0,1.99,taxable,zero-rate,Vitamins,Floradix Herbal Tea Fennel 15 Teabags. A vitamins and supplements product.,No regulation
simple,5000444014903,Cyclax Aloe Vera Revitalising Cream 300ml,0,0,0,1.99,taxable,,Skincare,Cyclax Aloe Vera Revitalising Cream 300ml. A skincare product. Supplied as 300ml.,No regulation
simple,5012583207474,Schwarzkopf Got2Be Roaring High Texturizing Powder To Cream 15g,0,0,0,1.99,taxable,,Hair Care,Schwarzkopf Got2Be Roaring High Texturizing Powder To Cream 15g. A hair care product. Supplied as 15g.,No regulation
simple,5031413947489,Thefootfactory Ball Of Foot & Heel Gel Cushions 2 Pairs,0,0,0,1.99,taxable,,Skincare,Thefootfactory Ball Of Foot & Heel Gel Cushions 2 Pairs. A skincare product.,No regulation
simple,5038581127392,Yankee Candle Fragranced Wax Melts Confetti Macarons 75g,0,0,0,1.99,taxable,,Beauty,Yankee Candle Fragranced Wax Melts Confetti Macarons 75g. A health and beauty product. Supplied as 75g.,No regulation
simple,5000283657910,Zentiva Paracetamol 500mg 32 Capsules,0,0,0,1.99,taxable,,Pain Relief,"Zentiva Paracetamol 500mg 32 Capsules. Prescription-only medicine, supplied after an online consultation with our pharmacist. Always read the label and any leaflet supplied. If symptoms persist, speak to your pharmacist or doctor. Supplied as 32 Capsules.",P
simple,59095729,Sure Men Sensitive 48 Hour Roll-On Anti-Perspirant 50ml,0,0,0,1.99,taxable,,Beauty,Sure Men Sensitive 48 Hour Roll-On Anti-Perspirant 50ml. A health and beauty product. Supplied as 50ml.,No regulation
simple,8718951291010,Colgate Max Fresh Cool Mint with Cooling Crystals 100ml,0,0,0,1.99,taxable,,Oral Care,Colgate Max Fresh Cool Mint with Cooling Crystals 100ml. An oral care product. Supplied as 100ml.,No regulation
simple,4004148013188,Floradix Herbal Tea Yarrow 15 Teabags,0,0,0,1.99,taxable,zero-rate,Vitamins,Floradix Herbal Tea Yarrow 15 Teabags. A vitamins and supplements product.,No regulation
simple,5038581127385,Yankee Candle Home Inspiration Fragranced Wax Melts Island Blooms 75g,0,0,0,1.99,taxable,,Beauty,Yankee Candle Home Inspiration Fragranced Wax Melts Island Blooms 75g. A health and beauty product. Supplied as 75g.,No regulation
simple,5011309067316,Care+ Haemorrhoid Relief Ointment 25g,0,0,0,1.99,taxable,,Digestive,"Care+ Haemorrhoid Relief Ointment 25g. Always read the label and any leaflet supplied. If symptoms persist, speak to your pharmacist or doctor. Supplied as 25g.",GSL
simple,8809242270187,Pack-age Sweet Dream Deep Sleeping Mask 25g,0,0,0,1.99,taxable,,Skincare,Pack-age Sweet Dream Deep Sleeping Mask 25g. A skincare product. Supplied as 25g.,No regulation
simple,5010605829017,Germolene Antiseptic Dual Action 30g,0,0,0,1.99,taxable,,First Aid,"Germolene Antiseptic Dual Action 30g. Always read the label and any leaflet supplied. If symptoms persist, speak to your pharmacist or doctor. Supplied as 30g.",GSL
simple,8720181368127,Timotei Pure Purifying Conditioner Green Tea Extract 300ml,0,0,0,1.99,taxable,,Hair Care,Timotei Pure Purifying Conditioner Green Tea Extract 300ml. A hair care product. Supplied as 300ml.,No regulation
simple,5031413935974,Headshock Plex System Bond 2 Nourishing Hair Mask 100ml,0,0,0,1.99,taxable,,Hair Care,Headshock Plex System Bond 2 Nourishing Hair Mask 100ml. A hair care product. Supplied as 100ml.,No regulation
simple,5014697056931,Vosene Anti Dandruff Shampoo 300ml,0,0,0,1.99,taxable,,Hair Care,Vosene Anti Dandruff Shampoo 300ml. A hair care product. Supplied as 300ml.,No regulation
simple,5056235401742,Healthpoint Cooling Freeze Spray 125ml,0,0,0,1.99,taxable,,Beauty,Healthpoint Cooling Freeze Spray 125ml. A health and beauty product. Supplied as 125ml.,No regulation
simple,3014230022401,Brut Deodorant Spray Musk 200ml,0,0,0,1.99,taxable,,Beauty,Brut Deodorant Spray Musk 200ml. A health and beauty product. Supplied as 200ml.,No regulation
simple,5900998006464,Original Source Mango Shower Gel 500ml,0,0,0,1.99,taxable,,Beauty,Original Source Mango Shower Gel 500ml. A health and beauty product. Supplied as 500ml.,No regulation
simple,5011501016105,Deep Freeze Gel 35g,0,0,0,1.99,taxable,,Pain Relief,"Deep Freeze Gel 35g. Always read the label and any leaflet supplied. If symptoms persist, speak to your pharmacist or doctor. Supplied as 35g.",GSL
simple,5011309030815,Care+ Citric Acid Monohydrate 50g,0,0,0,1.99,taxable,,General Health,Care+ Citric Acid Monohydrate 50g. A health and wellbeing product. Supplied as 50g.,GSL
simple,5028763011045,Wisdom Pro Flex Interdental Brushes Size 4 (0.7mm) 5 Pack,0,0,0,1.99,taxable,,Oral Care,Wisdom Pro Flex Interdental Brushes Size 4 (0.7mm) 5 Pack. An oral care product. Supplied as 5 Pack.,No regulation
simple,5010441012482,Numark Ibuprofen 200mg 32 Capsules,0,0,0,1.99,taxable,,Pain Relief,"Numark Ibuprofen 200mg 32 Capsules. Prescription-only medicine, supplied after an online consultation with our pharmacist. Always read the label and any leaflet supplied. If symptoms persist, speak to your pharmacist or doctor. Supplied as 32 Capsules.",P
simple,3574661312828,Johnson's Even Complexion Facial Wash 150ml,0,0,0,1.99,taxable,,Skincare,Johnson's Even Complexion Facial Wash 150ml. A skincare product. Supplied as 150ml.,No regulation
simple,9329401000688,Pure Paw Paw Ointment Cherry 15g,0,0,0,1.99,taxable,,Skincare,Pure Paw Paw Ointment Cherry 15g. A skincare product. Supplied as 15g.,No regulation
simple,5054805045143,Cidal Pink Grapefruit Antibacterial Cleansing Bars 2 x 100g,0,0,0,1.99,taxable,,Skincare,Cidal Pink Grapefruit Antibacterial Cleansing Bars 2 x 100g. A skincare product. Supplied as 2 x 100g.,No regulation
simple,8809663752255,Mizon Joyful Time Essence Mask Aloe 23g,0,0,0,1.99,taxable,,Skincare,Mizon Joyful Time Essence Mask Aloe 23g. A skincare product. Supplied as 23g.,No regulation
simple,8720181368103,Timotei Hydrating Conditioner Coconut Milk & Aloe Vera 300ml,0,0,0,1.99,taxable,,Hair Care,Timotei Hydrating Conditioner Coconut Milk & Aloe Vera 300ml. A hair care product. Supplied as 300ml.,No regulation
simple,3600541029019,Garnier Simple Essentials Soothing 2-in-1 Makeup Remover 200ml,0,0,0,1.99,taxable,,Beauty,Garnier Simple Essentials Soothing 2-in-1 Makeup Remover 200ml. A health and beauty product. Supplied as 200ml.,No regulation
simple,8809242270194,Pack-age I Love Myself Makeup Boosting Mask 25g,0,0,0,1.99,taxable,,First Aid,"Pack-age I Love Myself Makeup Boosting Mask 25g. Always read the label and any leaflet supplied. If symptoms persist, speak to your pharmacist or doctor. Supplied as 25g.",No regulation
simple,5055586605281,Eight Triple Eight Hemp Oil Conditioner 1000ml,0,0,0,1.99,taxable,,Hair Care,Eight Triple Eight Hemp Oil Conditioner 1000ml. A hair care product. Supplied as 1000ml.,No regulation
simple,0017854104754,Baylis & Harding Elements Hand Wash Pink Blossom & Lotus Flower 500ml,0,0,0,1.99,taxable,,Beauty,Baylis & Harding Elements Hand Wash Pink Blossom & Lotus Flower 500ml. A health and beauty product. Supplied as 500ml.,No regulation
simple,8006540311974,Herbal Essences Avacado & Aloe Hair & Scalp Oil 100ml,0,0,0,1.99,taxable,,Hair Care,Herbal Essences Avacado & Aloe Hair & Scalp Oil 100ml. A hair care product. Supplied as 100ml.,No regulation
simple,5055172219922,Sure Travel Easy Sleep Eye Mask+ Ear Plugs,0,0,0,1.99,taxable,,Eye Care,"Sure Travel Easy Sleep Eye Mask+ Ear Plugs. Always read the label and any leaflet supplied. If symptoms persist, speak to your pharmacist or doctor.",No regulation
simple,0017854100404,Baylis & Harding Elements Oud Wood & Bergamot Hand Wash 500ml,0,0,0,1.99,taxable,,Beauty,Baylis & Harding Elements Oud Wood & Bergamot Hand Wash 500ml. A health and beauty product. Supplied as 500ml.,No regulation
simple,4056800700608,Wella New Wave Ultra Strong Gel 150ml,0,0,0,1.99,taxable,,Hair Care,Wella New Wave Ultra Strong Gel 150ml. A hair care product. Supplied as 150ml.,No regulation
simple,4056800759446,Wella New Wave Strong Wet Look Gel 150ml,0,0,0,1.99,taxable,,Hair Care,Wella New Wave Strong Wet Look Gel 150ml. A hair care product. Supplied as 150ml.,No regulation
simple,5025135113819,Malibu Lotion SPF20 100ml,0,0,0,1.99,taxable,,Skincare,Malibu Lotion SPF20 100ml. A skincare product. Supplied as 100ml.,No regulation
simple,5011309010213,Care Ex Virgin Olive Oil Eardrops 10ml,0,0,0,1.99,taxable,,Vitamins,Care Ex Virgin Olive Oil Eardrops 10ml. A vitamins and supplements product. Supplied as 10ml.,No regulation
simple,4005808730315,Nivea Men Cool Kick 48H Anti-Perspirant 150ml,0,0,0,1.99,taxable,,Beauty,Nivea Men Cool Kick 48H Anti-Perspirant 150ml. A health and beauty product. Supplied as 150ml.,No regulation
simple,5024874015354,Valupak Multi Vitamin & Minerals 25 Tablets,0,0,0,1.99,taxable,,Vitamins,Valupak Multi Vitamin & Minerals 25 Tablets. A vitamins and supplements product. Supplied as 25 Tablets.,No regulation
simple,4015400731627,Always Sensitive Long Plus 12 Pack,0,0,0,1.99,taxable,zero-rate,Women's Health,Always Sensitive Long Plus 12 Pack. A women's health product. Supplied as 12 Pack.,No regulation
simple,5012008718509,Cuticura Mildly Medicated Bar Soap 100g,0,0,0,1.99,taxable,,Beauty,Cuticura Mildly Medicated Bar Soap 100g. A health and beauty product. Supplied as 100g.,No regulation
simple,5010441020753,Numark Lens Wipes 50 Pack,0,0,0,1.99,taxable,,Beauty,Numark Lens Wipes 50 Pack. A health and beauty product. Supplied as 50 Pack.,No regulation
simple,5025135113734,Malibu Lotion Spray SPF15 100ml,0,0,0,1.99,taxable,,Skincare,Malibu Lotion Spray SPF15 100ml. A skincare product. Supplied as 100ml.,No regulation
simple,5012254062678,Vo5 Mega Hold Gel 50ml,0,0,0,1.99,taxable,,Skincare,Vo5 Mega Hold Gel 50ml. A skincare product. Supplied as 50ml.,No regulation
simple,5025903021865,Careway Crepe Bandage 10cm,0,0,0,1.99,taxable,,First Aid,"Careway Crepe Bandage 10cm. Always read the label and any leaflet supplied. If symptoms persist, speak to your pharmacist or doctor.",No regulation
simple,5010058044906,Fast Aid Cohesive Bandage 7.5cm x 4.5m,0,0,0,1.99,taxable,,First Aid,"Fast Aid Cohesive Bandage 7.5cm x 4.5m. Always read the label and any leaflet supplied. If symptoms persist, speak to your pharmacist or doctor.",No regulation
simple,0681131110228,Equate Beauty Luxury Hair Set,0,0,0,1.99,taxable,,Hair Care,Equate Beauty Luxury Hair Set. A hair care product.,No regulation
simple,5018632116681,Safe & Sound Washproof Plasters 20 Pack,0,0,0,1.99,taxable,,First Aid,"Safe & Sound Washproof Plasters 20 Pack. Always read the label and any leaflet supplied. If symptoms persist, speak to your pharmacist or doctor. Supplied as 20 Pack.",No regulation
simple,5010058071612,Robinson Absorbent Lint B.P.B 25g,0,0,0,1.99,taxable,,General Health,Robinson Absorbent Lint B.P.B 25g. A health and wellbeing product. Supplied as 25g.,No regulation
simple,6001051000814,Nivea Men Cool Kick Body Lotion 250ml,0,0,0,1.99,taxable,,Skincare,Nivea Men Cool Kick Body Lotion 250ml. A skincare product. Supplied as 250ml.,No regulation
simple,4004148013171,Floradix Herbal Tea Sage 15 Teabags,0,0,0,1.99,taxable,zero-rate,Vitamins,Floradix Herbal Tea Sage 15 Teabags. A vitamins and supplements product.,No regulation
simple,4004148341892,Floradix Herbal Tea Nettlewort 15 Teabags,0,0,0,1.99,taxable,zero-rate,Vitamins,Floradix Herbal Tea Nettlewort 15 Teabags. A vitamins and supplements product.,No regulation
simple,5055172223608,Sure Instant Heat Pack,0,0,0,1.99,taxable,,General Health,Sure Instant Heat Pack. A health and wellbeing product.,No regulation
simple,5060120167002,Xpel Aqueous Cream SLS Free 500ml,0,0,0,1.99,taxable,,Skincare,Xpel Aqueous Cream SLS Free 500ml. A skincare product. Supplied as 500ml.,No regulation
simple,0782126003065,Natracare Panty Liners Curved 30 pack,0,0,0,1.99,taxable,zero-rate,Women's Health,Natracare Panty Liners Curved 30 pack. A women's health product. Supplied as 30 pack.,No regulation
simple,5030104005200,Jakemans Throat & Chest Soothing Menthol Lozenges 160g,0,0,0,1.99,taxable,,Cold & Flu,"Jakemans Throat & Chest Soothing Menthol Lozenges 160g. Always read the label and any leaflet supplied. If symptoms persist, speak to your pharmacist or doctor. Supplied as 160g.",No regulation
simple,5013692251266,"Baby Shark Toothbrush, Beaker & Toothpaste 75ml",0,0,0,1.99,taxable,,Baby & Child,"Baby Shark Toothbrush, Beaker & Toothpaste 75ml. A baby and child product. Supplied as 75ml.",No regulation
simple,5028763011823,Wisdom Chlorhexidine Alcohol Free Antibacterial Mouthwash Mint 300ml,0,0,0,1.99,taxable,,Oral Care,Wisdom Chlorhexidine Alcohol Free Antibacterial Mouthwash Mint 300ml. An oral care product. Supplied as 300ml.,No regulation
simple,4004148013058,"Floradix Herbal Tea Anise, Fennel, Carraway 15 Teabags",0,0,0,1.99,taxable,zero-rate,Vitamins,"Floradix Herbal Tea Anise, Fennel, Carraway 15 Teabags. A vitamins and supplements product.",No regulation
simple,3574661087245,Johnson's Face Care Makeup Be Gone Refreshing 25 Wipes,0,0,0,1.99,taxable,,Skincare,Johnson's Face Care Makeup Be Gone Refreshing 25 Wipes. A skincare product. Supplied as 25 Wipes.,No regulation
simple,4004148013195,Floradix Hawthorn Herbal Tea 15 Teabags,0,0,0,1.99,taxable,zero-rate,Vitamins,Floradix Hawthorn Herbal Tea 15 Teabags. A vitamins and supplements product.,No regulation
simple,8712561485524,Vaseline Intensive Care Healthy Hands Stronger Nails Hand Cream 75ml,0,0,0,1.99,taxable,,Skincare,Vaseline Intensive Care Healthy Hands Stronger Nails Hand Cream 75ml. A skincare product. Supplied as 75ml.,No regulation
simple,5025971102824,Lil-Lets Smartfit Non Applicator Ultra 10 Pack,0,0,0,1.99,taxable,zero-rate,General Health,Lil-Lets Smartfit Non Applicator Ultra 10 Pack. A health and wellbeing product. Supplied as 10 Pack.,No regulation
simple,5055144201658,RelonChem Paracetamol 500mg 32 Capsules,0,0,0,1.99,taxable,,Pain Relief,"RelonChem Paracetamol 500mg 32 Capsules. Prescription-only medicine, supplied after an online consultation with our pharmacist. Always read the label and any leaflet supplied. If symptoms persist, speak to your pharmacist or doctor. Supplied as 32 Capsules.",P
simple,5012616266010,Solpadeine Headache 16 Tablets,0,0,0,1.99,taxable,,Pain Relief,"Solpadeine Headache 16 Tablets. Always read the label and any leaflet supplied. If symptoms persist, speak to your pharmacist or doctor. Supplied as 16 Tablets.",GSL
simple,0810020170139,Bondi Sands Body Wash Tropical Rum 500ml,0,0,0,1.99,taxable,,Beauty,Bondi Sands Body Wash Tropical Rum 500ml. A health and beauty product. Supplied as 500ml.,No regulation
simple,5060599187174,All Hands Hand Care Set Zingy Pineapple & Lime,0,0,0,1.99,taxable,,General Health,All Hands Hand Care Set Zingy Pineapple & Lime. A health and wellbeing product.,No regulation
simple,5055586605274,Eight Triple Eight Hemp Shampoo 1000ml,0,0,0,1.99,taxable,,Hair Care,Eight Triple Eight Hemp Shampoo 1000ml. A hair care product. Supplied as 1000ml.,No regulation
simple,8717163762035,Dove Body Wash Shea Butter 225ml,0,0,0,1.99,taxable,,Beauty,Dove Body Wash Shea Butter 225ml. A health and beauty product. Supplied as 225ml.,No regulation
simple,5055172219892,Sure Travel Mosquito Bands 2 Pack,0,0,0,1.99,taxable,,General Health,Sure Travel Mosquito Bands 2 Pack. A health and wellbeing product. Supplied as 2 Pack.,No regulation
simple,4011200115902,Palmolive Shaving Cream Sensitive 100ml,0,0,0,1.99,taxable,,Men's Grooming,Palmolive Shaving Cream Sensitive 100ml. A men's grooming product. Supplied as 100ml.,No regulation
simple,5010441010761,Numark Pholcodine Linctus Bp Sugar Free 200ml,0,0,0,1.99,taxable,,Prescription Medicines,"Numark Pholcodine Linctus Bp Sugar Free 200ml. Prescription-only medicine, supplied after an online consultation with our pharmacist. Always read the label and any leaflet supplied. If symptoms persist, speak to your pharmacist or doctor. Supplied as 200ml.",P
simple,5010058044715,Fast Aid Fabric Dress Strip 6.3cm x 1m,0,0,0,1.99,taxable,,General Health,Fast Aid Fabric Dress Strip 6.3cm x 1m. A health and wellbeing product.,No regulation
simple,5010622017978,Oral-B Satin Tape Floss 25m,0,0,0,1.99,taxable,,Oral Care,Oral-B Satin Tape Floss 25m. An oral care product.,No regulation
simple,5010123730215,Listerine Total Care 250ml,0,0,0,1.99,taxable,,Oral Care,Listerine Total Care 250ml. An oral care product. Supplied as 250ml.,No regulation
simple,0884486323361,MATRIX Biolage Conditioner Aqua Gel Volume Bloom 250ml,0,0,0,1.99,taxable,,Hair Care,MATRIX Biolage Conditioner Aqua Gel Volume Bloom 250ml. A hair care product. Supplied as 250ml.,No regulation
simple,5060057400197,Allergy Relief - Almus Chlorphenamine 4mg 28 Tablets,0,0,0,1.99,taxable,,Prescription Medicines,"Allergy Relief - Almus Chlorphenamine 4mg 28 Tablets. Prescription-only medicine, supplied after an online consultation with our pharmacist. Always read the label and any leaflet supplied. If symptoms persist, speak to your pharmacist or doctor. Supplied as 28 Tablets.",P
simple,0083078001902,Carmex Moisturising Lip Balm Strawberry SPF15 10g,0,0,0,1.99,taxable,,Skincare,Carmex Moisturising Lip Balm Strawberry SPF15 10g. A skincare product. Supplied as 10g.,No regulation
simple,59096757,Dove Go Fresh Pomegranate Antiperspirant Deodorant Roll On 50ml,0,0,0,1.99,taxable,,Beauty,Dove Go Fresh Pomegranate Antiperspirant Deodorant Roll On 50ml. A health and beauty product. Supplied as 50ml.,No regulation
simple,5060120177810,XOC Toothpaste Feelin Grape 60ml,0,0,0,1.99,taxable,,Oral Care,XOC Toothpaste Feelin Grape 60ml. An oral care product. Supplied as 60ml.,No regulation
simple,5025135119408,Malibu Assorted Lip Balm SPF30 3 Pack,0,0,0,1.99,taxable,,Skincare,Malibu Assorted Lip Balm SPF30 3 Pack. A skincare product. Supplied as 3 Pack.,No regulation
simple,5010724526354,Nair Face Wax Strips with Camomile Extract 16 Strips,0,0,0,1.99,taxable,,Skincare,Nair Face Wax Strips with Camomile Extract 16 Strips. A skincare product.,No regulation
simple,8720181079139,Lynx Dark Temptation Shower Gel 250ml,0,0,0,1.99,taxable,,Beauty,Lynx Dark Temptation Shower Gel 250ml. A health and beauty product. Supplied as 250ml.,No regulation
simple,8006540616048,Vicks Inhaler Nasal Stick,0,0,0,1.99,taxable,,Cold & Flu,"Vicks Inhaler Nasal Stick. Always read the label and any leaflet supplied. If symptoms persist, speak to your pharmacist or doctor.",GSL
simple,5018632265006,Safe & Sound Waterproof Film Dressing 5 Pack,0,0,0,1.99,taxable,,First Aid,"Safe & Sound Waterproof Film Dressing 5 Pack. Always read the label and any leaflet supplied. If symptoms persist, speak to your pharmacist or doctor. Supplied as 5 Pack.",No regulation
simple,5025135118401,Malibu Lotion SPF8 100ml,0,0,0,1.99,taxable,,Skincare,Malibu Lotion SPF8 100ml. A skincare product. Supplied as 100ml.,No regulation
simple,5060120177803,XOC Toothpaste Watermelon Fresh 60ml,0,0,0,1.99,taxable,,Oral Care,XOC Toothpaste Watermelon Fresh 60ml. An oral care product. Supplied as 60ml.,No regulation
simple,5060084170704,Profoot Callus Cushions,0,0,0,1.99,taxable,,Skincare,Profoot Callus Cushions. A skincare product.,No regulation
simple,8720181368097,Timotei Pure Purifying Shampoo Green Tea Extract 300ml,0,0,0,1.99,taxable,,Hair Care,Timotei Pure Purifying Shampoo Green Tea Extract 300ml. A hair care product. Supplied as 300ml.,No regulation
simple,5015295008711,Bickiepegs Teething Biscuits 38g,0,0,0,1.99,taxable,zero-rate,Baby & Child,Bickiepegs Teething Biscuits 38g. A baby and child product. Supplied as 38g.,No regulation
simple,4056800730995,Wella Shockwaves Volume Hairspray 250ml,0,0,0,1.99,taxable,,Hair Care,Wella Shockwaves Volume Hairspray 250ml. A hair care product. Supplied as 250ml.,No regulation
simple,3573994006282,Dexeryl Cream 50g,0,0,0,1.99,taxable,,Skincare,Dexeryl Cream 50g. A skincare product. Supplied as 50g.,No regulation
simple,7310791090023,Bodyform Daily Liners Classic 50 Pack,0,0,0,1.99,taxable,zero-rate,Women's Health,Bodyform Daily Liners Classic 50 Pack. A women's health product. Supplied as 50 Pack.,No regulation
simple,5010058044746,Fast Aid Waterproof Dressing Strip 6.3cm x 1m,0,0,0,1.99,taxable,,First Aid,"Fast Aid Waterproof Dressing Strip 6.3cm x 1m. Always read the label and any leaflet supplied. If symptoms persist, speak to your pharmacist or doctor.",No regulation
simple,3600541937086,Garnier Ultimate Blends Kids Apple No Tears Shampoo 250ml,0,0,0,1.99,taxable,,Hair Care,Garnier Ultimate Blends Kids Apple No Tears Shampoo 250ml. A hair care product. Supplied as 250ml.,No regulation
simple,5022545145676,Peppa Pig Magic Heat Activated Facecloth,0,0,0,1.99,taxable,,General Health,Peppa Pig Magic Heat Activated Facecloth. A health and wellbeing product.,No regulation
simple,5059001019905,Air Wick Winter Berry Wonderland Candle,0,0,0,1.99,taxable,,Beauty,Air Wick Winter Berry Wonderland Candle. A health and beauty product.,No regulation
simple,8809479166376,Mizon Joyful Time Essence Mask Green Tea 23g,0,0,0,1.99,taxable,,Skincare,Mizon Joyful Time Essence Mask Green Tea 23g. A skincare product. Supplied as 23g.,No regulation
simple,8001841479842,Always Organic Pads Wings Long 10's,0,0,0,1.99,taxable,zero-rate,Women's Health,Always Organic Pads Wings Long 10's. A women's health product.,No regulation
simple,0309978695738,Revlon Colorsilk Permanent Hair Colour 73 Champagne Blonde,0,0,0,1.99,taxable,,Hair Care,Revlon Colorsilk Permanent Hair Colour 73 Champagne Blonde. A hair care product.,No regulation
simple,4004148013294,Floradix Herbal Tea Dandelion 15 Teabags,0,0,0,1.99,taxable,zero-rate,Vitamins,Floradix Herbal Tea Dandelion 15 Teabags. A vitamins and supplements product.,No regulation
simple,5011309026719,Care+ Simple Linctus Cough Syrup 200ml,0,0,0,1.99,taxable,,Cold & Flu,"Care+ Simple Linctus Cough Syrup 200ml. Always read the label and any leaflet supplied. If symptoms persist, speak to your pharmacist or doctor. Supplied as 200ml.",GSL
simple,8720181212192,Radox Therapy Sweet Summer Nights Shower Gel 400ml,0,0,0,1.99,taxable,,Beauty,Radox Therapy Sweet Summer Nights Shower Gel 400ml. A health and beauty product. Supplied as 400ml.,No regulation
simple,8001090483959,Aussie Wash+ Blow Sweet Escape Dry Shampoo 180ml,0,0,0,1.99,taxable,,Hair Care,Aussie Wash+ Blow Sweet Escape Dry Shampoo 180ml. A hair care product. Supplied as 180ml.,No regulation
simple,5011831096945,Mates Orgazmax Extreme Dotted Condoms 9 Pack,0,0,0,1.99,taxable,reduced-rate,Sexual Wellness,"Mates Orgazmax Extreme Dotted Condoms 9 Pack. Always read the label and any leaflet supplied. If symptoms persist, speak to your pharmacist or doctor. Supplied as 9 Pack.",No regulation
simple,5055144200965,Ibuprofen 100mg/5ml Oral Suspension Sugar-Free Orange Flavour,0,0,0,1.99,taxable,,Pain Relief,"Ibuprofen 100mg/5ml Oral Suspension Sugar-Free Orange Flavour. Always read the label and any leaflet supplied. If symptoms persist, speak to your pharmacist or doctor. Supplied as 5ml.",GSL
simple,8712561847247,Simple Moisturising Handwash 250ml,0,0,0,1.99,taxable,,Skincare,Simple Moisturising Handwash 250ml. A skincare product. Supplied as 250ml.,No regulation
simple,4004148013102,Floradix Herbal Tea Mate 15 Teabags,0,0,0,1.99,taxable,zero-rate,Vitamins,Floradix Herbal Tea Mate 15 Teabags. A vitamins and supplements product.,No regulation
simple,0506022901221,Medino Tote Bag,0,0,0,1.99,taxable,,General Health,Medino Tote Bag. A health and wellbeing product.,No regulation
simple,5038581096056,Yankee Candle Fragranced Wax Melts Watermelon Slice 75g,0,0,0,1.99,taxable,,Beauty,Yankee Candle Fragranced Wax Melts Watermelon Slice 75g. A health and beauty product. Supplied as 75g.,No regulation
simple,8809295015599,All Natural Mask Sheet Blackbeans,0,0,0,1.99,taxable,,Skincare,All Natural Mask Sheet Blackbeans. A skincare product.,No regulation
simple,42299929,Nivea Anti-Perspirant Pearl & Beauty Roll on 50ml,0,0,0,1.99,taxable,,Beauty,Nivea Anti-Perspirant Pearl & Beauty Roll on 50ml. A health and beauty product. Supplied as 50ml.,No regulation
simple,0850278004473,Bondi Sands Glo Gloss 100ml,0,0,0,1.99,taxable,,General Health,Bondi Sands Glo Gloss 100ml. A health and wellbeing product. Supplied as 100ml.,No regulation
simple,4005900983886,Nivea Original Care Lip Balm 4.8g,0,0,0,1.99,taxable,,Skincare,Nivea Original Care Lip Balm 4.8g. A skincare product. Supplied as 4.8g.,No regulation
simple,3600541253827,Garnier Mineral Invisible Roll-On Deodorant 50ml,0,0,0,1.99,taxable,,Beauty,Garnier Mineral Invisible Roll-On Deodorant 50ml. A health and beauty product. Supplied as 50ml.,No regulation
simple,50093878,Dove Go Fresh Grapefruit Antiperspirant Deodorant Roll On 50ml,0,0,0,1.99,taxable,,Beauty,Dove Go Fresh Grapefruit Antiperspirant Deodorant Roll On 50ml. A health and beauty product. Supplied as 50ml.,No regulation
simple,0672935649045,Firefly Star Wars Millennium Falcon Bath Set,0,0,0,1.99,taxable,,Beauty,Firefly Star Wars Millennium Falcon Bath Set. A health and beauty product.,No regulation
simple,8699568513910,Clairol Colour Crave Brilliant Ruby,0,0,0,1.99,taxable,,General Health,Clairol Colour Crave Brilliant Ruby. A health and wellbeing product.,No regulation
simple,5000101514289,Carex The Gruffalo Deep Dark Forest Fruits Handwash 250ml,0,0,0,1.99,taxable,,Beauty,Carex The Gruffalo Deep Dark Forest Fruits Handwash 250ml. A health and beauty product. Supplied as 250ml.,No regulation
simple,4004148013041,Floradix Herbal Tea Camomile 15 Teabags,0,0,0,1.99,taxable,zero-rate,Vitamins,Floradix Herbal Tea Camomile 15 Teabags. A vitamins and supplements product.,No regulation
simple,5000231050831,Radox Muscle Soak Bath Soak 500ml,0,0,0,1.99,taxable,,Pain Relief,"Radox Muscle Soak Bath Soak 500ml. Always read the label and any leaflet supplied. If symptoms persist, speak to your pharmacist or doctor. Supplied as 500ml.",No regulation
simple,5012251009003,Beauty Formulas Legs & Body 40 Cold Wax Strips,0,0,0,1.99,taxable,,Cold & Flu,"Beauty Formulas Legs & Body 40 Cold Wax Strips. Always read the label and any leaflet supplied. If symptoms persist, speak to your pharmacist or doctor.",No regulation
simple,5012654142147,Carnation Corn Oval 9 Pads,0,0,0,1.99,taxable,,Skincare,Carnation Corn Oval 9 Pads. A skincare product. Supplied as 9 Pads.,No regulation
simple,0810020170078,Bondi Sands Body Moisturiser Coconut 200ml,0,0,0,1.99,taxable,,Skincare,Bondi Sands Body Moisturiser Coconut 200ml. A skincare product. Supplied as 200ml.,No regulation
simple,4004148013270,Floradix Herbal Tea Lemon Verbena 15 Teabags,0,0,0,1.99,taxable,zero-rate,Vitamins,Floradix Herbal Tea Lemon Verbena 15 Teabags. A vitamins and supplements product.,No regulation
simple,4004148013157,Floradix Herbal Tea St.John's Wort 15 Teabags,0,0,0,1.99,taxable,zero-rate,Vitamins,Floradix Herbal Tea St.John's Wort 15 Teabags. A vitamins and supplements product.,No regulation
simple,5010724533406,Pearl Drops Daily Whitening Ultimate Charcoal 50ml,0,0,0,1.99,taxable,,Oral Care,Pearl Drops Daily Whitening Ultimate Charcoal 50ml. An oral care product. Supplied as 50ml.,No regulation
simple,5028816000170,Bee Health Propolis 20 Lozenges 120g,0,0,0,1.99,taxable,,Cold & Flu,"Bee Health Propolis 20 Lozenges 120g. Always read the label and any leaflet supplied. If symptoms persist, speak to your pharmacist or doctor. Supplied as 120g.",No regulation
simple,8001841266848,Pantene Pro V Colour Protect Conditioner 360ml,0,0,0,1.99,taxable,,Hair Care,Pantene Pro V Colour Protect Conditioner 360ml. A hair care product. Supplied as 360ml.,No regulation
simple,8714789917146,Colgate Triple Action Mouthwash 500ml,0,0,0,1.99,taxable,,Oral Care,Colgate Triple Action Mouthwash 500ml. An oral care product. Supplied as 500ml.,No regulation
simple,5010249123502,FSC Vitamin B6 50mg 60 Tablets,0,0,0,1.99,taxable,,Vitamins,FSC Vitamin B6 50mg 60 Tablets. A vitamins and supplements product. Supplied as 60 Tablets.,No regulation
simple,5025903022787,Careway Eye Wash 100ml,0,0,0,1.99,taxable,,Eye Care,"Careway Eye Wash 100ml. Always read the label and any leaflet supplied. If symptoms persist, speak to your pharmacist or doctor. Supplied as 100ml.",No regulation
simple,8720181218279,Dove Original 3-in-1 Beauty Cream Bar 90g x 2 Pack,0,0,0,1.99,taxable,,Skincare,Dove Original 3-in-1 Beauty Cream Bar 90g x 2 Pack. A skincare product. Supplied as 2 Pack.,No regulation
simple,5028763012905,Wisdom Charcoal Infused Flossers 30,0,0,0,1.99,taxable,,Oral Care,Wisdom Charcoal Infused Flossers 30. An oral care product.,No regulation
simple,8712561593335,Dove Body Wash Deeply Nourishing 250ml,0,0,0,1.99,taxable,,Beauty,Dove Body Wash Deeply Nourishing 250ml. A health and beauty product. Supplied as 250ml.,No regulation
simple,5000444014910,Cyclax Nature Pure Facial Scrub Apricot 300ml,0,0,0,1.99,taxable,,Skincare,Cyclax Nature Pure Facial Scrub Apricot 300ml. A skincare product. Supplied as 300ml.,No regulation
simple,8712561736862,Radox Replenishing Antibacterial Handwash 250ml,0,0,0,1.99,taxable,,Beauty,Radox Replenishing Antibacterial Handwash 250ml. A health and beauty product. Supplied as 250ml.,No regulation
simple,0011747615310,Sina Original Ginger Candy 60g,0,0,0,1.99,taxable,,General Health,Sina Original Ginger Candy 60g. A health and wellbeing product. Supplied as 60g.,No regulation
simple,8699568514122,Clairol Color Crave Semi-Permanent Scarlet,0,0,0,1.99,taxable,,General Health,Clairol Color Crave Semi-Permanent Scarlet. A health and wellbeing product.,No regulation
simple,5010058039209,Hush Plugz Foam Plugs 4 Pairs,0,0,0,1.99,taxable,,General Health,Hush Plugz Foam Plugs 4 Pairs. A health and wellbeing product.,No regulation
simple,5011417563694,Clearasil Gentle Gel Wash 150ml,0,0,0,1.99,taxable,,Skincare,Clearasil Gentle Gel Wash 150ml. A skincare product. Supplied as 150ml.,No regulation
simple,59084051,Dove Invisible Dry Antiperspirant Roll-On 50ml,0,0,0,1.99,taxable,,Beauty,Dove Invisible Dry Antiperspirant Roll-On 50ml. A health and beauty product. Supplied as 50ml.,No regulation
simple,8710447473849,Simple Daily Skin Detox Clear & Matte Cleansing Wipes 25 Pieces,0,0,0,1.99,taxable,,Skincare,Simple Daily Skin Detox Clear & Matte Cleansing Wipes 25 Pieces. A skincare product.,No regulation
simple,8809451339187,A by Bom Ultra Serum Leaf Mask,0,0,0,1.99,taxable,,Skincare,A by Bom Ultra Serum Leaf Mask. A skincare product.,No regulation
simple,5025971208205,Lil-Lets Baby Cotton Wool 50 Oval Pads,0,0,0,1.99,taxable,,Baby & Child,Lil-Lets Baby Cotton Wool 50 Oval Pads. A baby and child product.,No regulation
simple,5017848249916,Bells Chesty Cough Oral Solution 200ml,0,0,0,1.99,taxable,,Cold & Flu,"Bells Chesty Cough Oral Solution 200ml. Always read the label and any leaflet supplied. If symptoms persist, speak to your pharmacist or doctor. Supplied as 200ml.",GSL
simple,5060156070147,Clinitas Hydrate Carbomer Eye Gel 10g,0,0,0,1.99,taxable,,Eye Care,"Clinitas Hydrate Carbomer Eye Gel 10g. Always read the label and any leaflet supplied. If symptoms persist, speak to your pharmacist or doctor. Supplied as 10g.",No regulation
simple,59095361,Dove Roll On Deodorant Classic 50ml,0,0,0,1.99,taxable,,Beauty,Dove Roll On Deodorant Classic 50ml. A health and beauty product. Supplied as 50ml.,No regulation
simple,5000158101364,Strepsils Strawberry Sugar Free 36 Lozenges,0,0,0,1.99,taxable,,Cold & Flu,"Strepsils Strawberry Sugar Free 36 Lozenges. Always read the label and any leaflet supplied. If symptoms persist, speak to your pharmacist or doctor. Supplied as 36 Lozenges.",GSL
simple,5022545145539,Paw Patrol Bubble Bath Super Bubbly 300ml,0,0,0,1.99,taxable,,Beauty,Paw Patrol Bubble Bath Super Bubbly 300ml. A health and beauty product. Supplied as 300ml.,No regulation
simple,9329401000183,The Goat Skincare Soap Bar with Oatmeal 100g,0,0,0,1.99,taxable,,Skincare,The Goat Skincare Soap Bar with Oatmeal 100g. A skincare product. Supplied as 100g.,No regulation
simple,5000101226922,Original Source Lemon & Tea Tree Shower Gel 500ml,0,0,0,1.99,taxable,,Beauty,Original Source Lemon & Tea Tree Shower Gel 500ml. A health and beauty product. Supplied as 500ml.,No regulation
simple,5053249266091,Nuage Rosemary Shampoo 400ml,0,0,0,1.99,taxable,,Hair Care,Nuage Rosemary Shampoo 400ml. A hair care product. Supplied as 400ml.,No regulation
simple,5025135118425,Malibu Fast Tanning Oil with Beta Carotene 100ml,0,0,0,1.99,taxable,,Skincare,Malibu Fast Tanning Oil with Beta Carotene 100ml. A skincare product. Supplied as 100ml.,No regulation
simple,0017854104761,Baylis & Harding Elements Hand Wash Dark Amber & Fig 500ml,0,0,0,1.99,taxable,,Beauty,Baylis & Harding Elements Hand Wash Dark Amber & Fig 500ml. A health and beauty product. Supplied as 500ml.,No regulation
simple,5010724527504,Batiste Dry Shampoo Original 50ml,0,0,0,1.99,taxable,,Hair Care,Batiste Dry Shampoo Original 50ml. A hair care product. Supplied as 50ml.,No regulation
simple,5038581095929,Yankee Candle Fragranced Wax Melts Luxurious Cashmere 75g,0,0,0,1.99,taxable,,Beauty,Yankee Candle Fragranced Wax Melts Luxurious Cashmere 75g. A health and beauty product. Supplied as 75g.,No regulation
simple,5026445002015,Harmony Hairspray Extra Firm 225ml,0,0,0,1.99,taxable,,Hair Care,Harmony Hairspray Extra Firm 225ml. A hair care product. Supplied as 225ml.,No regulation
simple,4004148043116,Floradix Herbal Tea Thyme 15 Teabags,0,0,0,1.99,taxable,zero-rate,Vitamins,Floradix Herbal Tea Thyme 15 Teabags. A vitamins and supplements product.,No regulation
simple,5055586608077,Eight Triple Eight Vitamin C Shampoo 1000ml,0,0,0,1.99,taxable,,Hair Care,Eight Triple Eight Vitamin C Shampoo 1000ml. A hair care product. Supplied as 1000ml.,No regulation
simple,5060228455384,Paw Patrol Marshal Bath & Shower Gel 400ml,0,0,0,1.99,taxable,,Beauty,Paw Patrol Marshal Bath & Shower Gel 400ml. A health and beauty product. Supplied as 400ml.,No regulation
simple,5038581136837,Yankee Candle Home Inspiration Fragranced Wax Melts Golden Flowers 75g,0,0,0,1.99,taxable,,Beauty,Yankee Candle Home Inspiration Fragranced Wax Melts Golden Flowers 75g. A health and beauty product. Supplied as 75g.,No regulation
simple,8901030556647,Vaseline Hair Tonic & Scalp Conditioner 100ml,0,0,0,1.99,taxable,,Hair Care,Vaseline Hair Tonic & Scalp Conditioner 100ml. A hair care product. Supplied as 100ml.,No regulation
simple,6001106226602,Durex Feels Condoms 3 Pack,0,0,0,1.99,taxable,reduced-rate,Sexual Wellness,"Durex Feels Condoms 3 Pack. Always read the label and any leaflet supplied. If symptoms persist, speak to your pharmacist or doctor. Supplied as 3 Pack.",No regulation
simple,4004148013164,Floradix Herbal Tea Mistletoe 15 Teabags,0,0,0,1.99,taxable,zero-rate,Vitamins,Floradix Herbal Tea Mistletoe 15 Teabags. A vitamins and supplements product.,No regulation
simple,4015400681670,Always Ultra Secure Night 18 Pack,0,0,0,1.99,taxable,zero-rate,Women's Health,Always Ultra Secure Night 18 Pack. A women's health product. Supplied as 18 Pack.,No regulation
simple,8720181300813,Dove Pink Bar 100g 2 Pack,0,0,0,1.99,taxable,,General Health,Dove Pink Bar 100g 2 Pack. A health and wellbeing product. Supplied as 2 Pack.,No regulation
simple,5038581095660,Yankee Candle Home Inspiration Fragranced Wax Melts Holiday Magic 75g,0,0,0,1.99,taxable,,Beauty,Yankee Candle Home Inspiration Fragranced Wax Melts Holiday Magic 75g. A health and beauty product. Supplied as 75g.,No regulation
simple,8718951596771,Colgate Triple Action Xtra + White Mouthwash 500ml,0,0,0,1.99,taxable,,Oral Care,Colgate Triple Action Xtra + White Mouthwash 500ml. An oral care product. Supplied as 500ml.,No regulation
simple,5011417566299,Dettol Aloe Vera Antibacterial Sanitiser 50ml,0,0,0,1.99,taxable,,General Health,Dettol Aloe Vera Antibacterial Sanitiser 50ml. A health and wellbeing product. Supplied as 50ml.,No regulation
simple,5060637649909,Allergy relief - Rx Farma Chlorphenamine 4mg 28 Tablets,0,0,0,1.99,taxable,,Prescription Medicines,"Allergy relief - Rx Farma Chlorphenamine 4mg 28 Tablets. Prescription-only medicine, supplied after an online consultation with our pharmacist. Always read the label and any leaflet supplied. If symptoms persist, speak to your pharmacist or doctor. Supplied as 28 Tablets.",P
simple,5014749124366,CS Medic Wrist Support Size M,0,0,0,1.99,taxable,,Supports & Braces,CS Medic Wrist Support Size M. A support and mobility product.,No regulation
simple,5038581127378,Yankee Candle Home Inspiration Fragranced Wax Melts Duvet Day 75g,0,0,0,1.99,taxable,,Beauty,Yankee Candle Home Inspiration Fragranced Wax Melts Duvet Day 75g. A health and beauty product. Supplied as 75g.,No regulation
simple,3015810608817,Palmolive for Men Classic Shaving Cream 100ml,0,0,0,1.99,taxable,,Men's Health,Palmolive for Men Classic Shaving Cream 100ml. A men's health product. Supplied as 100ml.,No regulation
simple,8001090718822,Aussie Miracle Moist Conditioner Mini 75ml,0,0,0,1.99,taxable,,Hair Care,Aussie Miracle Moist Conditioner Mini 75ml. A hair care product. Supplied as 75ml.,No regulation
simple,5012727912257,Aspirin 75mg Gastro-Resistant 28 Tablets,0,0,0,1.99,taxable,,Pain Relief,"Aspirin 75mg Gastro-Resistant 28 Tablets. Always read the label and any leaflet supplied. If symptoms persist, speak to your pharmacist or doctor. Supplied as 28 Tablets.",GSL
simple,5032483003167,Proteqt Micropore Tape 2.5cm x 5m,0,0,0,1.99,taxable,,First Aid,"Proteqt Micropore Tape 2.5cm x 5m. Always read the label and any leaflet supplied. If symptoms persist, speak to your pharmacist or doctor.",No regulation
simple,5028763012226,Wisdom Active Whitening Fluoride Toothpaste Fresh Mint 100ml,0,0,0,1.99,taxable,,Oral Care,Wisdom Active Whitening Fluoride Toothpaste Fresh Mint 100ml. An oral care product. Supplied as 100ml.,No regulation
simple,8717644721421,Sure Men 48h Ice Fresh Deodorant,0,0,0,1.99,taxable,,Beauty,Sure Men 48h Ice Fresh Deodorant. A health and beauty product.,No regulation
simple,5038581121086,Yankee Candle Fragranced Wax Melts Pumpkin Pecan Pie 75g,0,0,0,1.99,taxable,,Beauty,Yankee Candle Fragranced Wax Melts Pumpkin Pecan Pie 75g. A health and beauty product. Supplied as 75g.,No regulation
simple,3600523566228,L'Oréal Colorista Washout Colour Lime,0,0,0,1.99,taxable,,Beauty,L'Oréal Colorista Washout Colour Lime. A health and beauty product.,No regulation
simple,8710847950223,Radox Relax Bath Soak 500ml,0,0,0,1.99,taxable,,Beauty,Radox Relax Bath Soak 500ml. A health and beauty product. Supplied as 500ml.,No regulation
simple,8710447473832,Simple Daily Detox Sos Booster Gel 25ml,0,0,0,1.99,taxable,,Skincare,Simple Daily Detox Sos Booster Gel 25ml. A skincare product. Supplied as 25ml.,No regulation
simple,8718951246799,Sanex Zero% Extra Control Deodorant 200ml,0,0,0,1.99,taxable,,Beauty,Sanex Zero% Extra Control Deodorant 200ml. A health and beauty product. Supplied as 200ml.,No regulation
simple,5025135113857,Malibu Dry Oil Spray SPF10 100ml,0,0,0,1.99,taxable,,Skincare,Malibu Dry Oil Spray SPF10 100ml. A skincare product. Supplied as 100ml.,No regulation
simple,3574661087290,Johnson's Make-up Be Gone 5-in-1 Extra Sensitive Cleansing Wipes 25 Pack,0,0,0,1.99,taxable,,Skincare,Johnson's Make-up Be Gone 5-in-1 Extra Sensitive Cleansing Wipes 25 Pack. A skincare product. Supplied as 25 Pack.,No regulation
simple,5060372800672,Dr.PawPaw Everybody Hair & Body Wash 250ml,0,0,0,1.99,taxable,,Hair Care,Dr.PawPaw Everybody Hair & Body Wash 250ml. A hair care product. Supplied as 250ml.,No regulation
simple,0850278004848,Bondi Sands Body Wash Coconut 500ml,0,0,0,1.99,taxable,,Beauty,Bondi Sands Body Wash Coconut 500ml. A health and beauty product. Supplied as 500ml.,No regulation
simple,8809663752323,Mizon Joyful Time Essence Mask Rose 23g,0,0,0,1.99,taxable,,Skincare,Mizon Joyful Time Essence Mask Rose 23g. A skincare product. Supplied as 23g.,No regulation
simple,5025135120107,Malibu Bronzing Tanning Oil with Coconut SPF8 100ml,0,0,0,1.99,taxable,,Skincare,Malibu Bronzing Tanning Oil with Coconut SPF8 100ml. A skincare product. Supplied as 100ml.,No regulation
simple,5055586607063,Eight Triple Eight Colour Protect Shampoo 1000ml,0,0,0,1.99,taxable,,Hair Care,Eight Triple Eight Colour Protect Shampoo 1000ml. A hair care product. Supplied as 1000ml.,No regulation
simple,5010081913330,Kotex Ultra Thin Pads Normal with Wings 14 Pack,0,0,0,1.99,taxable,zero-rate,General Health,Kotex Ultra Thin Pads Normal with Wings 14 Pack. A health and wellbeing product. Supplied as 14 Pack.,No regulation
simple,5060428199378,Vital Baby Hygiene Super Soft Hand & Face Wipes Fragrance Free,0,0,0,1.99,taxable,,Baby & Child,Vital Baby Hygiene Super Soft Hand & Face Wipes Fragrance Free. A baby and child product.,No regulation
simple,8001841769370,Herbal Essences Argan & Aloe Repair Hair Oil Blend 100ml,0,0,0,1.99,taxable,,Hair Care,Herbal Essences Argan & Aloe Repair Hair Oil Blend 100ml. A hair care product. Supplied as 100ml.,No regulation
simple,4005900983923,Nivea Hydro Care Lip Balm SPF15 4.8g,0,0,0,1.99,taxable,,Skincare,Nivea Hydro Care Lip Balm SPF15 4.8g. A skincare product. Supplied as 4.8g.,No regulation
simple,5012654142024,Carnation Corn Pads 12 Pack,0,0,0,1.99,taxable,,Skincare,Carnation Corn Pads 12 Pack. A skincare product. Supplied as 12 Pack.,No regulation
simple,0895531010235,Australian Gold Bronze Sunshine Sachet 15ml,0,0,0,1.99,taxable,,Vitamins,Australian Gold Bronze Sunshine Sachet 15ml. A vitamins and supplements product. Supplied as 15ml.,No regulation
simple,3574661728131,Johnson's Baby Powder 200g,0,0,0,1.99,taxable,,Baby & Child,Johnson's Baby Powder 200g. A baby and child product. Supplied as 200g.,No regulation
simple,8809663752392,Mizon Joyful Time Essence Mask Bamboo 23g,0,0,0,1.99,taxable,,Skincare,Mizon Joyful Time Essence Mask Bamboo 23g. A skincare product. Supplied as 23g.,No regulation
simple,5056235400059,Healthpoint Chlorhexidine Antibacterial Alcohol Free Mouthwash 400ml,0,0,0,1.99,taxable,,Oral Care,Healthpoint Chlorhexidine Antibacterial Alcohol Free Mouthwash 400ml. An oral care product. Supplied as 400ml.,No regulation
simple,5055586608084,Eight Triple Eight Vitamin C Conditioner 1000ml,0,0,0,1.99,taxable,,Hair Care,Eight Triple Eight Vitamin C Conditioner 1000ml. A hair care product. Supplied as 1000ml.,No regulation
simple,5010441014202,Numark Child Vapour Rub 50g,0,0,0,1.99,taxable,,General Health,Numark Child Vapour Rub 50g. A health and wellbeing product. Supplied as 50g.,No regulation
simple,5000167056488,Nurofen 200mg Caplets 16 Pack,0,0,0,1.99,taxable,,Pain Relief,"Nurofen 200mg Caplets 16 Pack. Always read the label and any leaflet supplied. If symptoms persist, speak to your pharmacist or doctor. Supplied as 16 Pack.",GSL
simple,8809663752347,Mizon Joyful Time Essence Mask Pomegranate 23g,0,0,0,1.99,taxable,,Skincare,Mizon Joyful Time Essence Mask Pomegranate 23g. A skincare product. Supplied as 23g.,No regulation
simple,4004148323911,Floradix Herbal Tea Horsetail 15 Teabags,0,0,0,1.99,taxable,zero-rate,Vitamins,Floradix Herbal Tea Horsetail 15 Teabags. A vitamins and supplements product.,No regulation
simple,8714789896991,Sanex 2-In-1 Shampoo & Conditioner Soft & Smooth 250ml,0,0,0,1.99,taxable,,Hair Care,Sanex 2-In-1 Shampoo & Conditioner Soft & Smooth 250ml. A hair care product. Supplied as 250ml.,No regulation
simple,4056800738359,Wella Wellaflex Hairspray Brilliant Colour Strong 250ml,0,0,0,1.99,taxable,,Hair Care,Wella Wellaflex Hairspray Brilliant Colour Strong 250ml. A hair care product. Supplied as 250ml.,No regulation
simple,5060228450587,Peppa Pig Foam Soap 250ml,0,0,0,1.99,taxable,,Beauty,Peppa Pig Foam Soap 250ml. A health and beauty product. Supplied as 250ml.,No regulation
simple,4004148013119,Floradix Herbal Tea Lemon Balm 15 Teabags,0,0,0,1.99,taxable,zero-rate,Skincare,Floradix Herbal Tea Lemon Balm 15 Teabags. A skincare product.,No regulation
simple,0887910000104,Jerome Russell Bblonde Maximum Cream Peroxide 75ml,0,0,0,1.99,taxable,,Skincare,Jerome Russell Bblonde Maximum Cream Peroxide 75ml. A skincare product. Supplied as 75ml.,No regulation
simple,7610700922491,Ricola Bracing Glacier Peppermint Lozenges 45g,0,0,0,1.99,taxable,,Cold & Flu,"Ricola Bracing Glacier Peppermint Lozenges 45g. Always read the label and any leaflet supplied. If symptoms persist, speak to your pharmacist or doctor. Supplied as 45g.",No regulation
simple,8718951288881,Colgate Max Fresh Clean Mint with Cooling Crystals 100ml,0,0,0,1.99,taxable,,Oral Care,Colgate Max Fresh Clean Mint with Cooling Crystals 100ml. An oral care product. Supplied as 100ml.,No regulation
simple,3574669908412,Johnson's Baby Bubble Bath & Wash 300ml,0,0,0,1.89,taxable,,Baby & Child,Johnson's Baby Bubble Bath & Wash 300ml. A baby and child product. Supplied as 300ml.,No regulation
simple,5011451106277,Simple Baby Moisturising Bath 300ml,0,0,0,1.89,taxable,,Baby & Child,Simple Baby Moisturising Bath 300ml. A baby and child product. Supplied as 300ml.,No regulation
simple,8710522401682,Radox Get Glowing Shower Mousse 200ml,0,0,0,1.89,taxable,,Hair Care,Radox Get Glowing Shower Mousse 200ml. A hair care product. Supplied as 200ml.,No regulation
simple,8712561977494,Dove Dermaspa Goodness Hand Cream 75ml,0,0,0,1.89,taxable,,Skincare,Dove Dermaspa Goodness Hand Cream 75ml. A skincare product. Supplied as 75ml.,No regulation
simple,5045091052922,Trevor Sorbie Straight Conditioner 250ml,0,0,0,1.89,taxable,,Hair Care,Trevor Sorbie Straight Conditioner 250ml. A hair care product. Supplied as 250ml.,No regulation
simple,3600542118989,Garnier Ultimate Blends Argan Richness Conditioner 200ml,0,0,0,1.89,taxable,,Hair Care,Garnier Ultimate Blends Argan Richness Conditioner 200ml. A hair care product. Supplied as 200ml.,No regulation
simple,5025135113796,Malibu Lotion SPF15 100ml,0,0,0,1.89,taxable,,Skincare,Malibu Lotion SPF15 100ml. A skincare product. Supplied as 100ml.,No regulation
simple,8710847932564,Radox Limited Edition Original Bath Salts 400g,0,0,0,1.89,taxable,,Beauty,Radox Limited Edition Original Bath Salts 400g. A health and beauty product. Supplied as 400g.,No regulation
simple,5060464500015,Ibuprofen 200mg 24 Tablets,0,0,0,1.89,taxable,,Pain Relief,"Ibuprofen 200mg 24 Tablets. Prescription-only medicine, supplied after an online consultation with our pharmacist. Always read the label and any leaflet supplied. If symptoms persist, speak to your pharmacist or doctor. Supplied as 24 Tablets.",P
simple,8710522401675,Radox You've Got This Shower Mousse 200ml,0,0,0,1.89,taxable,,Hair Care,Radox You've Got This Shower Mousse 200ml. A hair care product. Supplied as 200ml.,No regulation
simple,0080376315588,Profoot Softgel Toe Spreader,0,0,0,1.89,taxable,,Vitamins,Profoot Softgel Toe Spreader. A vitamins and supplements product.,No regulation
simple,4015600729172,Wella Wellaflex Mousse Instant Boost Strong 200ml,0,0,0,1.89,taxable,,Hair Care,Wella Wellaflex Mousse Instant Boost Strong 200ml. A hair care product. Supplied as 200ml.,No regulation
simple,5060013944598,Almus Cetirizine Hydrochloride 30 Tablets,0,0,0,1.89,taxable,,Prescription Medicines,"Almus Cetirizine Hydrochloride 30 Tablets. Prescription-only medicine, supplied after an online consultation with our pharmacist. Always read the label and any leaflet supplied. If symptoms persist, speak to your pharmacist or doctor. Supplied as 30 Tablets.",P
simple,8699568506745,Wella Shockwaves Style Refresh & Volume Dry Shampoo 180ml,0,0,0,1.89,taxable,,Hair Care,Wella Shockwaves Style Refresh & Volume Dry Shampoo 180ml. A hair care product. Supplied as 180ml.,No regulation
simple,5012654143021,Carnation Bunion Pads 4 Pack,0,0,0,1.89,taxable,,General Health,Carnation Bunion Pads 4 Pack. A health and wellbeing product. Supplied as 4 Pack.,No regulation
simple,5060611190984,Almus Ferrous Gluconate 300mg 28 Tablets,0,0,0,1.89,taxable,,Vitamins,Almus Ferrous Gluconate 300mg 28 Tablets. A vitamins and supplements product. Supplied as 28 Tablets.,No regulation
simple,0309975122060,Mitchum Women Powder Fresh Roll On Deodorant 50ml,0,0,0,1.89,taxable,,Beauty,Mitchum Women Powder Fresh Roll On Deodorant 50ml. A health and beauty product. Supplied as 50ml.,No regulation
simple,5060013941030,Bristol Aspirin 75mg Gastro-Resistant 56 Tablets,0,0,0,1.89,taxable,,Pain Relief,"Bristol Aspirin 75mg Gastro-Resistant 56 Tablets. Prescription-only medicine, supplied after an online consultation with our pharmacist. Always read the label and any leaflet supplied. If symptoms persist, speak to your pharmacist or doctor. Supplied as 56 Tablets.",P
simple,5010441001301,Numark Crepe Bandage 5cm,0,0,0,1.89,taxable,,First Aid,"Numark Crepe Bandage 5cm. Always read the label and any leaflet supplied. If symptoms persist, speak to your pharmacist or doctor.",No regulation
simple,5012334002709,Insette Hairspray Extra Hold 350ml,0,0,0,1.89,taxable,,Hair Care,Insette Hairspray Extra Hold 350ml. A hair care product. Supplied as 350ml.,No regulation
simple,8720181336928,Radox Herbal Bath Muscle Soak 500ml,0,0,0,1.89,taxable,,Pain Relief,"Radox Herbal Bath Muscle Soak 500ml. Always read the label and any leaflet supplied. If symptoms persist, speak to your pharmacist or doctor. Supplied as 500ml.",No regulation
simple,5024071260045,Aspar Paracetamol 500mg 32 Capsules,0,0,0,1.89,taxable,,Pain Relief,"Aspar Paracetamol 500mg 32 Capsules. Prescription-only medicine, supplied after an online consultation with our pharmacist. Always read the label and any leaflet supplied. If symptoms persist, speak to your pharmacist or doctor. Supplied as 32 Capsules.",P
simple,8710908829901,Sure Men Fresh Antiperspirant Deodorant 150ml,0,0,0,1.89,taxable,,Beauty,Sure Men Fresh Antiperspirant Deodorant 150ml. A health and beauty product. Supplied as 150ml.,No regulation
simple,3600541033344,Garnier Mineral Invisicalm Deodorant 150ml,0,0,0,1.89,taxable,,Beauty,Garnier Mineral Invisicalm Deodorant 150ml. A health and beauty product. Supplied as 150ml.,No regulation
simple,3574661236445,Neutrogena Eye Makeup Remover 125ml,0,0,0,1.89,taxable,,Beauty,Neutrogena Eye Makeup Remover 125ml. A health and beauty product. Supplied as 125ml.,No regulation
simple,5011451104242,Simple Moisturising Baby Wipes 64S,0,0,0,1.89,taxable,,Baby & Child,Simple Moisturising Baby Wipes 64S. A baby and child product.,No regulation
simple,5012008722209,Soft & Gentle Fresh Blossom Anti-perspirant 150ml,0,0,0,1.89,taxable,,Beauty,Soft & Gentle Fresh Blossom Anti-perspirant 150ml. A health and beauty product. Supplied as 150ml.,No regulation
simple,8718951323209,Sanex Men Clean & Fresh 48hr Deodorant 200ml,0,0,0,1.89,taxable,,Beauty,Sanex Men Clean & Fresh 48hr Deodorant 200ml. A health and beauty product. Supplied as 200ml.,No regulation
simple,5018632145452,Safe & Sound Blue Detectable Plasters 20 Pack,0,0,0,1.89,taxable,,First Aid,"Safe & Sound Blue Detectable Plasters 20 Pack. Always read the label and any leaflet supplied. If symptoms persist, speak to your pharmacist or doctor. Supplied as 20 Pack.",No regulation
simple,4056800570195,Wella Shockwaves Massive Wonder Gel 150ml,0,0,0,1.89,taxable,,Hair Care,Wella Shockwaves Massive Wonder Gel 150ml. A hair care product. Supplied as 150ml.,No regulation
simple,8710908541780,Radox Kids Star Wars Shampoo 400ml,0,0,0,1.89,taxable,,Hair Care,Radox Kids Star Wars Shampoo 400ml. A hair care product. Supplied as 400ml.,No regulation
simple,4003455001857,Sula Mint Humbugs Sugar Free Sweets 42g,0,0,0,1.89,taxable,,General Health,Sula Mint Humbugs Sugar Free Sweets 42g. A health and wellbeing product. Supplied as 42g.,No regulation
simple,0017854064836,Baylis & Harding Jasmine & Apple Blossom Hand Wash 500ml,0,0,0,1.89,taxable,,Beauty,Baylis & Harding Jasmine & Apple Blossom Hand Wash 500ml. A health and beauty product. Supplied as 500ml.,No regulation
simple,5054563210555,Aquafresh Little Teeth Soft Bristles Toothbrush 3-5 Years,0,0,0,1.89,taxable,,Oral Care,Aquafresh Little Teeth Soft Bristles Toothbrush 3-5 Years. An oral care product.,No regulation
simple,5000453124648,VitaminStore Effervescent Multivitamin 20 Tablets,0,0,0,1.89,taxable,,Vitamins,VitaminStore Effervescent Multivitamin 20 Tablets. A vitamins and supplements product. Supplied as 20 Tablets.,No regulation
simple,5017353506153,Galpharm Hayfever & Allergy Relief Cetirizine Hydrochloride 30 Tablets,0,0,0,1.89,taxable,,Vitamins,Galpharm Hayfever & Allergy Relief Cetirizine Hydrochloride 30 Tablets. A vitamins and supplements product. Supplied as 30 Tablets.,GSL
simple,8718951159136,Palmolive Minions Liquid Hand Wash 300ml,0,0,0,1.89,taxable,,Beauty,Palmolive Minions Liquid Hand Wash 300ml. A health and beauty product. Supplied as 300ml.,No regulation
simple,8720181442780,LYNX Jungle Fresh Shower Gel 225ml,0,0,0,1.89,taxable,,Beauty,LYNX Jungle Fresh Shower Gel 225ml. A health and beauty product. Supplied as 225ml.,No regulation
simple,3600542460408,Garnier Ultimate Blends Kids Apricot No Tears Shampoo 250ml,0,0,0,1.89,taxable,,Hair Care,Garnier Ultimate Blends Kids Apricot No Tears Shampoo 250ml. A hair care product. Supplied as 250ml.,No regulation
simple,3574661154947,Johnson's & Johnson 2-in-1 Facial Gel Mask 50ml,0,0,0,1.89,taxable,,Skincare,Johnson's & Johnson 2-in-1 Facial Gel Mask 50ml. A skincare product. Supplied as 50ml.,No regulation
simple,59079224,Simple Charcoal Cleansing Stick 45g,0,0,0,1.89,taxable,,Skincare,Simple Charcoal Cleansing Stick 45g. A skincare product. Supplied as 45g.,No regulation
simple,5060258140434,ExoCream 50g,0,0,0,1.89,taxable,,Skincare,ExoCream 50g. A skincare product. Supplied as 50g.,No regulation
simple,50007820,Astral Intensive Moisturiser Original 50ml,0,0,0,1.89,taxable,,Skincare,Astral Intensive Moisturiser Original 50ml. A skincare product. Supplied as 50ml.,No regulation
simple,7702018980925,Gillette Classic Men's Shaving Foam 200ml,0,0,0,1.89,taxable,,Men's Grooming,Gillette Classic Men's Shaving Foam 200ml. A men's grooming product. Supplied as 200ml.,No regulation
simple,8710447180655,Sure Men Sport Cool Antiperspirant Deodorant 250ml,0,0,0,1.89,taxable,,Beauty,Sure Men Sport Cool Antiperspirant Deodorant 250ml. A health and beauty product. Supplied as 250ml.,No regulation
simple,96045589,Vaseline Active Fresh Proderma Antiperspirant Deodorant 75ml,0,0,0,1.89,taxable,,Beauty,Vaseline Active Fresh Proderma Antiperspirant Deodorant 75ml. A health and beauty product. Supplied as 75ml.,No regulation
simple,59013891,Dove Lotus Flower Antiperspirant Deodorant Roll On 50ml,0,0,0,1.89,taxable,,Beauty,Dove Lotus Flower Antiperspirant Deodorant Roll On 50ml. A health and beauty product. Supplied as 50ml.,No regulation
simple,3600540897794,Garnier Mineral Ultra Dry Roll-On Deodorant 50ml,0,0,0,1.89,taxable,,Beauty,Garnier Mineral Ultra Dry Roll-On Deodorant 50ml. A health and beauty product. Supplied as 50ml.,No regulation
simple,5000101959332,Carex Hand Gel Sensitive 50ml,0,0,0,1.89,taxable,,Skincare,Carex Hand Gel Sensitive 50ml. A skincare product. Supplied as 50ml.,No regulation
simple,8717163762028,Dove Reviving Pomegranate & Hibiscus Tea Shower Gel 225ml,0,0,0,1.89,taxable,,Beauty,Dove Reviving Pomegranate & Hibiscus Tea Shower Gel 225ml. A health and beauty product. Supplied as 225ml.,No regulation
simple,5016155119912,COLAB Dry Shampoo Extreme Volume London 50ml,0,0,0,1.89,taxable,,Hair Care,COLAB Dry Shampoo Extreme Volume London 50ml. A hair care product. Supplied as 50ml.,No regulation
simple,87342840,Simple Soothing Antiperspirant Deodorant 40ml,0,0,0,1.89,taxable,,Beauty,Simple Soothing Antiperspirant Deodorant 40ml. A health and beauty product. Supplied as 40ml.,No regulation
simple,8710447391259,Vaseline Mature Skin Rejuvenation Hand Cream 75ml,0,0,0,1.89,taxable,,Skincare,Vaseline Mature Skin Rejuvenation Hand Cream 75ml. A skincare product. Supplied as 75ml.,No regulation
simple,4005900510761,Nivea 1 Minute Urban Skin Detox Mask Moisturise 75ml,0,0,0,1.89,taxable,,Skincare,Nivea 1 Minute Urban Skin Detox Mask Moisturise 75ml. A skincare product. Supplied as 75ml.,No regulation
simple,5010441013830,Numark Eucalyptus Oil 10ml,0,0,0,1.89,taxable,,Skincare,Numark Eucalyptus Oil 10ml. A skincare product. Supplied as 10ml.,No regulation
simple,5025903021988,Careway Corn & Callous File,0,0,0,1.89,taxable,,Skincare,Careway Corn & Callous File. A skincare product.,No regulation
simple,4056800195619,Wella Wellaflex Hairspray Sensitive Strong 250ml,0,0,0,1.89,taxable,,Hair Care,Wella Wellaflex Hairspray Sensitive Strong 250ml. A hair care product. Supplied as 250ml.,No regulation
simple,8712561698443,Vo5 Smoothly Does It Conditioner 250ml,0,0,0,1.89,taxable,,Hair Care,Vo5 Smoothly Does It Conditioner 250ml. A hair care product. Supplied as 250ml.,No regulation
simple,0309975122107,Mitchum Men 48HR Protection Ice Fresh Antiperspirant Deodorant 50ml,0,0,0,1.89,taxable,,Beauty,Mitchum Men 48HR Protection Ice Fresh Antiperspirant Deodorant 50ml. A health and beauty product. Supplied as 50ml.,No regulation
simple,8809295015643,All Natural Mask Sheet Blueberry,0,0,0,1.89,taxable,,Skincare,All Natural Mask Sheet Blueberry. A skincare product.,No regulation
simple,5010441014875,Numark Nail Styler,0,0,0,1.89,taxable,,Beauty,Numark Nail Styler. A health and beauty product.,No regulation
simple,8714789698953,Palmolive Naturals Delicate Care Almond Milk Soap Bar 3 Pack,0,0,0,1.89,taxable,,Beauty,Palmolive Naturals Delicate Care Almond Milk Soap Bar 3 Pack. A health and beauty product. Supplied as 3 Pack.,No regulation
simple,3600542028851,Garnier Mineral Pureactive 48Hr Antiperspirant 150ml,0,0,0,1.89,taxable,,Beauty,Garnier Mineral Pureactive 48Hr Antiperspirant 150ml. A health and beauty product. Supplied as 150ml.,No regulation
simple,4003455003240,Sula Liquorice Sugar Free Sweets 42g,0,0,0,1.89,taxable,,General Health,Sula Liquorice Sugar Free Sweets 42g. A health and wellbeing product. Supplied as 42g.,No regulation
simple,5017123047145,Crescent Cetirizine Dihydrochloride 10mg Film-Coated 30 Tablets,0,0,0,1.89,taxable,,Vitamins,Crescent Cetirizine Dihydrochloride 10mg Film-Coated 30 Tablets. A vitamins and supplements product. Supplied as 30 Tablets.,GSL
simple,7610700948576,Ricola Fresh Mountain Mint Sugar Free Lozenges 45g,0,0,0,1.89,taxable,,Cold & Flu,"Ricola Fresh Mountain Mint Sugar Free Lozenges 45g. Always read the label and any leaflet supplied. If symptoms persist, speak to your pharmacist or doctor. Supplied as 45g.",No regulation
simple,8710908658006,Baby Dove Lotion Sensitive Lotion Fragrance Free 200ml,0,0,0,1.89,taxable,,Baby & Child,Baby Dove Lotion Sensitive Lotion Fragrance Free 200ml. A baby and child product. Supplied as 200ml.,No regulation
simple,3600523443963,L'Oréal Elvive Phytoclear Scalp Lotion 100ml,0,0,0,1.89,taxable,,Hair Care,L'Oréal Elvive Phytoclear Scalp Lotion 100ml. A hair care product. Supplied as 100ml.,No regulation
simple,3600541032903,Garnier Mineral Invisidry 48Hr Non Stop Antiperspirant 50ml,0,0,0,1.89,taxable,,Beauty,Garnier Mineral Invisidry 48Hr Non Stop Antiperspirant 50ml. A health and beauty product. Supplied as 50ml.,No regulation
simple,5056235400325,Chlorhexidine 400ml Antibacterial Mouthwash Peppermint,0,0,0,1.89,taxable,,Oral Care,Chlorhexidine 400ml Antibacterial Mouthwash Peppermint. An oral care product. Supplied as 400ml.,No regulation
simple,4005800231308,Elastoplast Clear Almost Invisible 20 Plasters,0,0,0,1.89,taxable,,First Aid,"Elastoplast Clear Almost Invisible 20 Plasters. Always read the label and any leaflet supplied. If symptoms persist, speak to your pharmacist or doctor.",No regulation
simple,5010441009703,Numark Vapour Rub 50g,0,0,0,1.89,taxable,,General Health,Numark Vapour Rub 50g. A health and wellbeing product. Supplied as 50g.,No regulation
simple,5012008722100,Soft & Gentle Citrus Twist Anti-perspirant 150ml,0,0,0,1.89,taxable,,Beauty,Soft & Gentle Citrus Twist Anti-perspirant 150ml. A health and beauty product. Supplied as 150ml.,No regulation
simple,5017123094132,Allergy Relief - Crescent Chlorphenamine 4mg 28 Tablets,0,0,0,1.89,taxable,,Prescription Medicines,"Allergy Relief - Crescent Chlorphenamine 4mg 28 Tablets. Prescription-only medicine, supplied after an online consultation with our pharmacist. Always read the label and any leaflet supplied. If symptoms persist, speak to your pharmacist or doctor. Supplied as 28 Tablets.",P
simple,5031413952254,Thefootfactory Gel Cushions One Pair,0,0,0,1.89,taxable,,Skincare,Thefootfactory Gel Cushions One Pair. A skincare product.,No regulation
simple,59081630,Dove Coconut & Jasmine Antiperspirant Deodorant Roll On 50ml,0,0,0,1.89,taxable,,Beauty,Dove Coconut & Jasmine Antiperspirant Deodorant Roll On 50ml. A health and beauty product. Supplied as 50ml.,No regulation
simple,5016973991073,Lift Fast Acting Glucose Chews 20 Pack,0,0,0,1.89,taxable,,General Health,Lift Fast Acting Glucose Chews 20 Pack. A health and wellbeing product. Supplied as 20 Pack.,No regulation
simple,8718951431942,Sanex Dermo Clean & Fresh 24hr Anti-Perspirant,0,0,0,1.89,taxable,,Beauty,Sanex Dermo Clean & Fresh 24hr Anti-Perspirant. A health and beauty product.,No regulation
simple,5000101510359,Imperial Leather Invigorating Body Wash 250ml,0,0,0,1.89,taxable,,Beauty,Imperial Leather Invigorating Body Wash 250ml. A health and beauty product. Supplied as 250ml.,No regulation
simple,87342819,Dove Invisible Deodorant Stick 40ml,0,0,0,1.89,taxable,,Beauty,Dove Invisible Deodorant Stick 40ml. A health and beauty product. Supplied as 40ml.,No regulation
simple,5000101138331,Carex Hand Wash Bubblegum 250ml,0,0,0,1.89,taxable,,Beauty,Carex Hand Wash Bubblegum 250ml. A health and beauty product. Supplied as 250ml.,No regulation
simple,5011451105966,Simple Clear Skin Oil Balancing Facial Scrub 75ml,0,0,0,1.89,taxable,,Skincare,Simple Clear Skin Oil Balancing Facial Scrub 75ml. A skincare product. Supplied as 75ml.,No regulation
simple,0010181032479,Palmer's Coconut Oil Hydrating Facial Mask 60g,0,0,0,1.89,taxable,,Skincare,Palmer's Coconut Oil Hydrating Facial Mask 60g. A skincare product. Supplied as 60g.,No regulation
simple,3600542118583,Garnier Ultimate Blends Argan Oil & Almond Cream Shampoo 250ml,0,0,0,1.89,taxable,,Hair Care,Garnier Ultimate Blends Argan Oil & Almond Cream Shampoo 250ml. A hair care product. Supplied as 250ml.,No regulation
simple,4005800042775,Elastoplast Waterproof 10 Pack,0,0,0,1.89,taxable,,First Aid,"Elastoplast Waterproof 10 Pack. Always read the label and any leaflet supplied. If symptoms persist, speak to your pharmacist or doctor. Supplied as 10 Pack.",No regulation
simple,5010724531327,Arm & Hammer 3In1 Extra Fresh Daily Mouthwash 400ml,0,0,0,1.89,taxable,,Oral Care,Arm & Hammer 3In1 Extra Fresh Daily Mouthwash 400ml. An oral care product. Supplied as 400ml.,No regulation
simple,5054805039418,Simple Antibacterial Soap Bar 2 x 100g,0,0,0,1.89,taxable,,Beauty,Simple Antibacterial Soap Bar 2 x 100g. A health and beauty product. Supplied as 2 x 100g.,No regulation
simple,5060428199361,Vital Baby Hygiene Super Soft Hand & Face Wipes Fruity Fragrance,0,0,0,1.89,taxable,,Baby & Child,Vital Baby Hygiene Super Soft Hand & Face Wipes Fruity Fragrance. A baby and child product.,No regulation
simple,8710908178658,TRESemmé Pro Collection Botanique Nourish & Replenish Mist 125ml,0,0,0,1.89,taxable,,Beauty,TRESemmé Pro Collection Botanique Nourish & Replenish Mist 125ml. A health and beauty product. Supplied as 125ml.,No regulation
simple,5055028360044,Enliven Mouthwash Total Care 500ml,0,0,0,1.89,taxable,,Oral Care,Enliven Mouthwash Total Care 500ml. An oral care product. Supplied as 500ml.,No regulation
simple,8712561828628,Simple Soothing Shower Cream 250ml,0,0,0,1.89,taxable,,Skincare,Simple Soothing Shower Cream 250ml. A skincare product. Supplied as 250ml.,No regulation
simple,5060228452888,Paw Patrol Nickelodeon Flashing Toothbrush,0,0,0,1.89,taxable,,Oral Care,Paw Patrol Nickelodeon Flashing Toothbrush. An oral care product.,No regulation
simple,8003520012906,Palmolive Hand Wash Nourishing 300ml,0,0,0,1.89,taxable,,Beauty,Palmolive Hand Wash Nourishing 300ml. A health and beauty product. Supplied as 300ml.,No regulation
simple,5017848250936,Bell's Sodium Bicarbonate 200g Powder,0,0,0,1.89,taxable,,Vitamins,Bell's Sodium Bicarbonate 200g Powder. A vitamins and supplements product. Supplied as 200g.,GSL
simple,3600541961289,Garnier Pure Active Micellar Water Oily Skin 125ml,0,0,0,1.89,taxable,,Skincare,Garnier Pure Active Micellar Water Oily Skin 125ml. A skincare product. Supplied as 125ml.,No regulation
simple,5011309164718,Zerocream Emollient 50g,0,0,0,1.89,taxable,,Skincare,Zerocream Emollient 50g. A skincare product. Supplied as 50g.,No regulation
simple,8714100011188,Simple Relaxing Bath Soak with Lavender 400ml,0,0,0,1.89,taxable,,Beauty,Simple Relaxing Bath Soak with Lavender 400ml. A health and beauty product. Supplied as 400ml.,No regulation
simple,5060033821114,The Pink Stuff Paste 850g,0,0,0,1.89,taxable,,General Health,The Pink Stuff Paste 850g. A health and wellbeing product. Supplied as 850g.,No regulation
simple,8710447211052,TRESemmé Botanique Nourish & Replenish Shampoo 400ml,0,0,0,1.89,taxable,,Hair Care,TRESemmé Botanique Nourish & Replenish Shampoo 400ml. A hair care product. Supplied as 400ml.,No regulation
simple,4003455001833,Sula Rhubarb & Custard Sugar Free Sweets 42g,0,0,0,1.89,taxable,,General Health,Sula Rhubarb & Custard Sugar Free Sweets 42g. A health and wellbeing product. Supplied as 42g.,No regulation
simple,3600541696778,Garnier Body Repair Anti-Dryness Restoring Balm 200ml,0,0,0,1.89,taxable,,Skincare,Garnier Body Repair Anti-Dryness Restoring Balm 200ml. A skincare product. Supplied as 200ml.,No regulation
simple,5017848254859,Bell's Kilkof Cough Cold & Sore Throat Syrup 100ml,0,0,0,1.89,taxable,,Cold & Flu,"Bell's Kilkof Cough Cold & Sore Throat Syrup 100ml. Always read the label and any leaflet supplied. If symptoms persist, speak to your pharmacist or doctor. Supplied as 100ml.",GSL
simple,8718951323179,Sanex Men Stress Response 48hr Anti Perspirant 200ml,0,0,0,1.89,taxable,,Beauty,Sanex Men Stress Response 48hr Anti Perspirant 200ml. A health and beauty product. Supplied as 200ml.,No regulation
simple,8710447224175,TRESemmé Biotin Repair Shampoo 400ml,0,0,0,1.89,taxable,,Hair Care,TRESemmé Biotin Repair Shampoo 400ml. A hair care product. Supplied as 400ml.,No regulation
simple,5010518695303,Savlon Waterproof 24 Plasters,0,0,0,1.89,taxable,,First Aid,"Savlon Waterproof 24 Plasters. Always read the label and any leaflet supplied. If symptoms persist, speak to your pharmacist or doctor.",No regulation
simple,5018632211720,Safe & Sound Clear & Discreet Plasters 12 Pack,0,0,0,1.89,taxable,,First Aid,"Safe & Sound Clear & Discreet Plasters 12 Pack. Always read the label and any leaflet supplied. If symptoms persist, speak to your pharmacist or doctor. Supplied as 12 Pack.",No regulation
simple,5000101081491,Carex Hand Gel Protect+Plus Original 50ml,0,0,0,1.89,taxable,,Skincare,Carex Hand Gel Protect+Plus Original 50ml. A skincare product. Supplied as 50ml.,No regulation
simple,5011451103900,Simple Deep Cleansing Face Mask 75ml,0,0,0,1.89,taxable,,Skincare,Simple Deep Cleansing Face Mask 75ml. A skincare product. Supplied as 75ml.,No regulation
simple,8712561241434,St. Ives Facial Cleansing Refreshing 35 Wipes,0,0,0,1.89,taxable,,Skincare,St. Ives Facial Cleansing Refreshing 35 Wipes. A skincare product. Supplied as 35 Wipes.,No regulation
simple,8712561768351,Toni & Guy Body Amplify Creation Hairspray,0,0,0,1.89,taxable,,Hair Care,Toni & Guy Body Amplify Creation Hairspray. A hair care product.,No regulation
simple,4004148018121,Floradix Alpenkraft Herbal Candies,0,0,0,1.89,taxable,reduced-rate,Vitamins,Floradix Alpenkraft Herbal Candies. A vitamins and supplements product.,No regulation
simple,5014749124335,Cs Medic Knee Support Large,0,0,0,1.89,taxable,,Supports & Braces,Cs Medic Knee Support Large. A support and mobility product.,No regulation
simple,5011451106260,Simple Baby All in One Wash 300ml,0,0,0,1.79,taxable,,Baby & Child,Simple Baby All in One Wash 300ml. A baby and child product. Supplied as 300ml.,No regulation
simple,3574660282931,Johnson's Baby Soothing Naturals Nourishing Lotion 250ml,0,0,0,1.79,taxable,,Baby & Child,Johnson's Baby Soothing Naturals Nourishing Lotion 250ml. A baby and child product. Supplied as 250ml.,No regulation
simple,4030300022750,Vicks VapoDrops Lozenges with Eucalyptus Oil 72g,0,0,0,1.79,taxable,,Cold & Flu,"Vicks VapoDrops Lozenges with Eucalyptus Oil 72g. Always read the label and any leaflet supplied. If symptoms persist, speak to your pharmacist or doctor. Supplied as 72g.",No regulation
simple,5012251609845,Beauty Formulas Active Mouthwash Fresh Mint Anti-Cavity 500ml,0,0,0,1.79,taxable,,Oral Care,Beauty Formulas Active Mouthwash Fresh Mint Anti-Cavity 500ml. An oral care product. Supplied as 500ml.,No regulation
simple,5025903022626,Careway High Strength Effervescent Vit C 1000mg 20 Tablets,0,0,0,1.79,taxable,,Vitamins,Careway High Strength Effervescent Vit C 1000mg 20 Tablets. A vitamins and supplements product. Supplied as 20 Tablets.,No regulation
simple,5055028387607,Enliven Fruits Shamp Refresh Melon 350ml,0,0,0,1.79,taxable,,General Health,Enliven Fruits Shamp Refresh Melon 350ml. A health and wellbeing product. Supplied as 350ml.,No regulation
simple,5010441013175,Numark Max Cold & Flu Day & Night 16 Capsules,0,0,0,1.79,taxable,,Cold & Flu,"Numark Max Cold & Flu Day & Night 16 Capsules. Always read the label and any leaflet supplied. If symptoms persist, speak to your pharmacist or doctor. Supplied as 16 Capsules.",GSL
simple,5024071280012,Aspar Paracetamol 650mg Powder for Oral Solution 10 Sachets,0,0,0,1.79,taxable,,Pain Relief,"Aspar Paracetamol 650mg Powder for Oral Solution 10 Sachets. Always read the label and any leaflet supplied. If symptoms persist, speak to your pharmacist or doctor. Supplied as 10 Sachets.",GSL
simple,5012251010443,Beauty Formulas Active Mouthwash 6 in 1 Multi Action 500ml,0,0,0,1.79,taxable,,Oral Care,Beauty Formulas Active Mouthwash 6 in 1 Multi Action 500ml. An oral care product. Supplied as 500ml.,No regulation
simple,5012008722001,Soft & Gentle Orchid Desire Anti-perspirant 150ml,0,0,0,1.79,taxable,,Beauty,Soft & Gentle Orchid Desire Anti-perspirant 150ml. A health and beauty product. Supplied as 150ml.,No regulation
simple,5055028387645,Enliven Fruits Shampoo Soft Coconut 350ml,0,0,0,1.79,taxable,,Hair Care,Enliven Fruits Shampoo Soft Coconut 350ml. A hair care product. Supplied as 350ml.,No regulation
simple,5010058044753,Fast Aid Waterproof Plasters 24 Pack,0,0,0,1.79,taxable,,First Aid,"Fast Aid Waterproof Plasters 24 Pack. Always read the label and any leaflet supplied. If symptoms persist, speak to your pharmacist or doctor. Supplied as 24 Pack.",No regulation
simple,8720181336201,Simple Kind to Skin Nourishing Shower Gel 225ml,0,0,0,1.79,taxable,,Skincare,Simple Kind to Skin Nourishing Shower Gel 225ml. A skincare product. Supplied as 225ml.,No regulation
simple,5013692238151,Minions 2-In-1 Shampoo & Conditioner 350ml,0,0,0,1.79,taxable,,Hair Care,Minions 2-In-1 Shampoo & Conditioner 350ml. A hair care product. Supplied as 350ml.,No regulation
simple,8712561478762,Vaseline Advanced Repair Lotion 200ml,0,0,0,1.79,taxable,,Skincare,Vaseline Advanced Repair Lotion 200ml. A skincare product. Supplied as 200ml.,No regulation
simple,5054563087546,Aquafresh Kids Toothpaste Strawberry 50ml,0,0,0,1.79,taxable,,Oral Care,Aquafresh Kids Toothpaste Strawberry 50ml. An oral care product. Supplied as 50ml.,No regulation
simple,5017848254446,Bell's Healthcare Paracetamol 500mg 32 Capsules,0,0,0,1.79,taxable,,Pain Relief,"Bell's Healthcare Paracetamol 500mg 32 Capsules. Prescription-only medicine, supplied after an online consultation with our pharmacist. Always read the label and any leaflet supplied. If symptoms persist, speak to your pharmacist or doctor. Supplied as 32 Capsules.",P
simple,8712561847179,Simple Gentle Care Hand Wash 250ml,0,0,0,1.79,taxable,,Beauty,Simple Gentle Care Hand Wash 250ml. A health and beauty product. Supplied as 250ml.,No regulation
simple,0017854047396,Baylis & Harding Men's Black Pepper & Ginseng Hand Wash 500ml,0,0,0,1.79,taxable,,Beauty,Baylis & Harding Men's Black Pepper & Ginseng Hand Wash 500ml. A health and beauty product. Supplied as 500ml.,No regulation
simple,42333166,Nivea Hand Cream Smooth Care with Shea Butter 100ml,0,0,0,1.79,taxable,,Skincare,Nivea Hand Cream Smooth Care with Shea Butter 100ml. A skincare product. Supplied as 100ml.,No regulation
simple,5056235401780,Healthpoint Exfoliating Heel Peel 1 Pair,0,0,0,1.79,taxable,,Skincare,Healthpoint Exfoliating Heel Peel 1 Pair. A skincare product.,No regulation
simple,5000309007767,Anadin Paracetamol 500mg 12 Tablets,0,0,0,1.79,taxable,,Pain Relief,"Anadin Paracetamol 500mg 12 Tablets. Always read the label and any leaflet supplied. If symptoms persist, speak to your pharmacist or doctor. Supplied as 12 Tablets.",GSL
simple,5000347090929,Aquafresh Toothbrush Milk Teeth 0-2 Years,0,0,0,1.79,taxable,,Oral Care,Aquafresh Toothbrush Milk Teeth 0-2 Years. An oral care product.,No regulation
simple,3574669909594,Johnson's Baby Oil Daily Care 200ml,0,0,0,1.79,taxable,,Baby & Child,Johnson's Baby Oil Daily Care 200ml. A baby and child product. Supplied as 200ml.,No regulation
simple,8718951191631,Colgate Mouth Rinse Minions 250ml,0,0,0,1.79,taxable,,Oral Care,Colgate Mouth Rinse Minions 250ml. An oral care product. Supplied as 250ml.,No regulation
simple,5013692246521,Dermasil Labs Body Lotion Moisturizing Aloe Fresh 250ml,0,0,0,1.79,taxable,,Skincare,Dermasil Labs Body Lotion Moisturizing Aloe Fresh 250ml. A skincare product. Supplied as 250ml.,No regulation
simple,5012251005852,Beauty Formulas Active Mouthwash Xtra Strength Original 500ml,0,0,0,1.79,taxable,,Oral Care,Beauty Formulas Active Mouthwash Xtra Strength Original 500ml. An oral care product. Supplied as 500ml.,No regulation
simple,7610700001059,Ricola Original Herb 75g,0,0,0,1.79,taxable,,General Health,Ricola Original Herb 75g. A health and wellbeing product. Supplied as 75g.,No regulation
simple,5013692246491,Dermasil Labs Dry Skin Lotion 250ml,0,0,0,1.79,taxable,,Skincare,Dermasil Labs Dry Skin Lotion 250ml. A skincare product. Supplied as 250ml.,No regulation
simple,5029053522173,Kotex Normal Light & Soft 35 Liners,0,0,0,1.79,taxable,zero-rate,General Health,Kotex Normal Light & Soft 35 Liners. A health and wellbeing product.,No regulation
simple,5010441000830,Numark Headlice Comb,0,0,0,1.79,taxable,,General Health,Numark Headlice Comb. A health and wellbeing product.,No regulation
simple,0810020171600,Bondi Sands Pure Tan Sleep Mask Renew 75ml,0,0,0,1.79,taxable,,Skincare,Bondi Sands Pure Tan Sleep Mask Renew 75ml. A skincare product. Supplied as 75ml.,No regulation
simple,5028270004059,Simply Cotton Cotton Wool Roll 180g,0,0,0,1.79,taxable,,First Aid,"Simply Cotton Cotton Wool Roll 180g. Always read the label and any leaflet supplied. If symptoms persist, speak to your pharmacist or doctor. Supplied as 180g.",No regulation
simple,5011309440614,Covonia Double Impact Cough Drops Original 51g,0,0,0,1.79,taxable,,Cold & Flu,"Covonia Double Impact Cough Drops Original 51g. Always read the label and any leaflet supplied. If symptoms persist, speak to your pharmacist or doctor. Supplied as 51g.",No regulation
simple,5025903022589,Careway Antiseptic Cream 25g,0,0,0,1.79,taxable,,First Aid,"Careway Antiseptic Cream 25g. Always read the label and any leaflet supplied. If symptoms persist, speak to your pharmacist or doctor. Supplied as 25g.",GSL
simple,8714789897073,Sanex Dermo Repair Shower Gel for Sensitive Skin 250ml,0,0,0,1.79,taxable,,Skincare,Sanex Dermo Repair Shower Gel for Sensitive Skin 250ml. A skincare product. Supplied as 250ml.,No regulation
simple,8699568556795,Wella Shockwaves Style Refresh & Root Revival Dry Shampoo 180ml,0,0,0,1.79,taxable,,Hair Care,Wella Shockwaves Style Refresh & Root Revival Dry Shampoo 180ml. A hair care product. Supplied as 180ml.,No regulation
simple,3600523237340,L'Oréal Paris Studio Pro 75ml Lock It Fixing Hairspray Ultra Strong,0,0,0,1.79,taxable,,Hair Care,L'Oréal Paris Studio Pro 75ml Lock It Fixing Hairspray Ultra Strong. A hair care product. Supplied as 75ml.,No regulation
simple,5055144201689,RelonChem Cetirizine Hydrochloride 10mg 30 Tablets,0,0,0,1.79,taxable,,Vitamins,RelonChem Cetirizine Hydrochloride 10mg 30 Tablets. A vitamins and supplements product. Supplied as 30 Tablets.,GSL
simple,5010058044784,Fast Aid Clear Plasters 24 Pack,0,0,0,1.79,taxable,,First Aid,"Fast Aid Clear Plasters 24 Pack. Always read the label and any leaflet supplied. If symptoms persist, speak to your pharmacist or doctor. Supplied as 24 Pack.",No regulation
simple,8714100011379,Simple Water Boost Micellar Water Shower Gel 500ml,0,0,0,1.79,taxable,,Skincare,Simple Water Boost Micellar Water Shower Gel 500ml. A skincare product. Supplied as 500ml.,No regulation
simple,5025135120442,Malibu Sunburn Relief Serum 75ml,0,0,0,1.79,taxable,,First Aid,"Malibu Sunburn Relief Serum 75ml. Always read the label and any leaflet supplied. If symptoms persist, speak to your pharmacist or doctor. Supplied as 75ml.",No regulation
simple,5050895045513,Zazie Oval Cushion Hair Brush,0,0,0,1.79,taxable,,Hair Care,Zazie Oval Cushion Hair Brush. A hair care product.,No regulation
simple,5056235401759,Healthpoint Heat Spray 125ml,0,0,0,1.79,taxable,,Beauty,Healthpoint Heat Spray 125ml. A health and beauty product. Supplied as 125ml.,No regulation
simple,8901030005176,Pears Oil Clear Soap 125g,0,0,0,1.79,taxable,,Beauty,Pears Oil Clear Soap 125g. A health and beauty product. Supplied as 125g.,No regulation
simple,3616301283522,Max Factor Nailfinity Gel Nail Polish Red Carpet 310,0,0,0,1.79,taxable,,Beauty,Max Factor Nailfinity Gel Nail Polish Red Carpet 310. A health and beauty product.,No regulation
simple,3086126691862,Bic 3 Sensitive Disposable Razors 4 Pack,0,0,0,1.79,taxable,,Men's Grooming,Bic 3 Sensitive Disposable Razors 4 Pack. A men's grooming product. Supplied as 4 Pack.,No regulation
simple,8718951130302,Sanex Zero% Anti-Pollution Face & Body Cleansing Gel 250ml,0,0,0,1.79,taxable,,Skincare,Sanex Zero% Anti-Pollution Face & Body Cleansing Gel 250ml. A skincare product. Supplied as 250ml.,No regulation
simple,5011309440812,Covonia Double Impact Drops Berry Blast 51g,0,0,0,1.79,taxable,,Cold & Flu,"Covonia Double Impact Drops Berry Blast 51g. Always read the label and any leaflet supplied. If symptoms persist, speak to your pharmacist or doctor. Supplied as 51g.",No regulation
simple,5012334002716,Insette Normal Hold Hairspray 350ml,0,0,0,1.79,taxable,,Hair Care,Insette Normal Hold Hairspray 350ml. A hair care product. Supplied as 350ml.,No regulation
simple,4003455004001,Sula Pear Drops Sugar Free Sweets 42g,0,0,0,1.79,taxable,,Vitamins,Sula Pear Drops Sugar Free Sweets 42g. A vitamins and supplements product. Supplied as 42g.,No regulation
simple,8710522386491,Dove Awakening Care Ritual Hand Cream 75ml,0,0,0,1.79,taxable,,Skincare,Dove Awakening Care Ritual Hand Cream 75ml. A skincare product. Supplied as 75ml.,No regulation
simple,5055028387621,Enliven Fruits Cond Refresh Melon 350ml,0,0,0,1.79,taxable,,General Health,Enliven Fruits Cond Refresh Melon 350ml. A health and wellbeing product. Supplied as 350ml.,No regulation
simple,8001090603296,Pampers Baby Wipes Aqua Pure 12 Wipes,0,0,0,1.79,taxable,,Baby & Child,Pampers Baby Wipes Aqua Pure 12 Wipes. A baby and child product. Supplied as 12 Wipes.,No regulation
simple,5025903022251,Careway Hydrocortisone 1% Cream 15g,0,0,0,1.79,taxable,zero-rate,Skincare,"Careway Hydrocortisone 1% Cream 15g. Prescription-only medicine, supplied after an online consultation with our pharmacist. Always read the label and any leaflet supplied. If symptoms persist, speak to your pharmacist or doctor. Supplied as 15g.",P
simple,3600523443925,L'Oréal Elvive Phytoclear Anti-Dandruff Exfoliating Scrub 150ml,0,0,0,1.79,taxable,,Hair Care,L'Oréal Elvive Phytoclear Anti-Dandruff Exfoliating Scrub 150ml. A hair care product. Supplied as 150ml.,No regulation
simple,0010181042287,Palmer's Cocoa Butter Cherry Tint Lip Balm Dark Chocolate SPF15 4g,0,0,0,1.79,taxable,,Skincare,Palmer's Cocoa Butter Cherry Tint Lip Balm Dark Chocolate SPF15 4g. A skincare product. Supplied as 4g.,No regulation
simple,5011309424515,Covonia Sugar Free Double Impact Menthol Cough Drops 30g,0,0,0,1.79,taxable,,Cold & Flu,"Covonia Sugar Free Double Impact Menthol Cough Drops 30g. Always read the label and any leaflet supplied. If symptoms persist, speak to your pharmacist or doctor. Supplied as 30g.",No regulation
simple,0017854033337,Baylis & Harding English Lavender & Chamomile Hand Wash 500ml,0,0,0,1.79,taxable,,Beauty,Baylis & Harding English Lavender & Chamomile Hand Wash 500ml. A health and beauty product. Supplied as 500ml.,No regulation
simple,5060215551709,LOL Surprise 20 Plasters,0,0,0,1.79,taxable,,First Aid,"LOL Surprise 20 Plasters. Always read the label and any leaflet supplied. If symptoms persist, speak to your pharmacist or doctor.",No regulation
simple,5024874015057,Valupak Chewable Vitamin C 80mg 60 Tablets,0,0,0,1.79,taxable,,Vitamins,Valupak Chewable Vitamin C 80mg 60 Tablets. A vitamins and supplements product. Supplied as 60 Tablets.,No regulation
simple,5011309018110,Savlon Antiseptic Cream 15g,0,0,0,1.79,taxable,,First Aid,"Savlon Antiseptic Cream 15g. Always read the label and any leaflet supplied. If symptoms persist, speak to your pharmacist or doctor. Supplied as 15g.",GSL
simple,4005800003967,Elastoplast Antibacterial Fabric 10 Plasters,0,0,0,1.79,taxable,,First Aid,"Elastoplast Antibacterial Fabric 10 Plasters. Always read the label and any leaflet supplied. If symptoms persist, speak to your pharmacist or doctor.",No regulation
simple,5013692246484,Dermasil Labs Sensitive Skin Lotion 250ml,0,0,0,1.79,taxable,,Skincare,Dermasil Labs Sensitive Skin Lotion 250ml. A skincare product. Supplied as 250ml.,No regulation
simple,5060013941511,Bristol Paracetamol 500mg 32 Capsules,0,0,0,1.79,taxable,,Pain Relief,"Bristol Paracetamol 500mg 32 Capsules. Prescription-only medicine, supplied after an online consultation with our pharmacist. Always read the label and any leaflet supplied. If symptoms persist, speak to your pharmacist or doctor. Supplied as 32 Capsules.",P
simple,59079279,Simple Invisible Kiss Antiperspirant Deodorant Stick 40ml,0,0,0,1.79,taxable,,Beauty,Simple Invisible Kiss Antiperspirant Deodorant Stick 40ml. A health and beauty product. Supplied as 40ml.,No regulation
simple,5029053508863,Kotex Maxi Night Time Maxi Pads 10 Pack,0,0,0,1.79,taxable,zero-rate,General Health,Kotex Maxi Night Time Maxi Pads 10 Pack. A health and wellbeing product. Supplied as 10 Pack.,No regulation
simple,8720181204067,Lynx Shower Gel Epic Fresh 225ml,0,0,0,1.79,taxable,,Beauty,Lynx Shower Gel Epic Fresh 225ml. A health and beauty product. Supplied as 225ml.,No regulation
simple,4015400731597,Always Sensitive Normal Plus 14 Pack,0,0,0,1.79,taxable,zero-rate,Women's Health,Always Sensitive Normal Plus 14 Pack. A women's health product. Supplied as 14 Pack.,No regulation
simple,5011417588727,Dettol 2-In-1 Wipes 15 Pack,0,0,0,1.79,taxable,,Beauty,Dettol 2-In-1 Wipes 15 Pack. A health and beauty product. Supplied as 15 Pack.,No regulation
simple,8714789698922,Palmolive Naturals Moisture Care Olive Bar Soap 90g Triple Pack,0,0,0,1.79,taxable,,Skincare,Palmolive Naturals Moisture Care Olive Bar Soap 90g Triple Pack. A skincare product. Supplied as 90g.,No regulation
simple,5012583203032,Schwarzkopf Gliss Ultimate Volume Shampoo 250ml,0,0,0,1.79,taxable,,Hair Care,Schwarzkopf Gliss Ultimate Volume Shampoo 250ml. A hair care product. Supplied as 250ml.,No regulation
simple,0895531010211,Australian Gold Sunshine 15ml,0,0,0,1.79,taxable,,General Health,Australian Gold Sunshine 15ml. A health and wellbeing product. Supplied as 15ml.,No regulation
simple,3574661727578,Johnson's Baby Powder 100g,0,0,0,1.79,taxable,,Baby & Child,Johnson's Baby Powder 100g. A baby and child product. Supplied as 100g.,No regulation
simple,5010441013359,Numark Olive Oil Ear Drops 15ml,0,0,0,1.79,taxable,,Vitamins,Numark Olive Oil Ear Drops 15ml. A vitamins and supplements product. Supplied as 15ml.,No regulation
simple,5060060213708,Astonish Body & Soul Bath Soak Soothing Deep Blue 950ml,0,0,0,1.79,taxable,,Beauty,Astonish Body & Soul Bath Soak Soothing Deep Blue 950ml. A health and beauty product. Supplied as 950ml.,No regulation
simple,8718114561660,Dove Daily Moisture Shampoo 250ml,0,0,0,1.79,taxable,,Hair Care,Dove Daily Moisture Shampoo 250ml. A hair care product. Supplied as 250ml.,No regulation
simple,8712561829045,Simplie Kind To Skin Nourishing Shower Cream 500ml,0,0,0,1.79,taxable,,Skincare,Simplie Kind To Skin Nourishing Shower Cream 500ml. A skincare product. Supplied as 500ml.,No regulation
simple,5025971102398,Lil-Lets Teens SmartFit Petite Pads with Wings 14 Pack,0,0,0,1.79,taxable,zero-rate,General Health,Lil-Lets Teens SmartFit Petite Pads with Wings 14 Pack. A health and wellbeing product. Supplied as 14 Pack.,No regulation
simple,5010058044777,Fast Aid Cushioned Plasters 20 Pack,0,0,0,1.79,taxable,,First Aid,"Fast Aid Cushioned Plasters 20 Pack. Always read the label and any leaflet supplied. If symptoms persist, speak to your pharmacist or doctor. Supplied as 20 Pack.",No regulation
simple,5011417566343,Steradent Pro White 30 Tablets,0,0,0,1.79,taxable,,Vitamins,Steradent Pro White 30 Tablets. A vitamins and supplements product. Supplied as 30 Tablets.,No regulation
simple,8720181368974,Simple Kids Hair & Body Wash 225ml,0,0,0,1.79,taxable,,Hair Care,Simple Kids Hair & Body Wash 225ml. A hair care product. Supplied as 225ml.,No regulation
simple,5012008692007,Cuticura Hand Gel Passion Flower 100ml,0,0,0,1.79,taxable,,Skincare,Cuticura Hand Gel Passion Flower 100ml. A skincare product. Supplied as 100ml.,No regulation
simple,5010441011140,Numark Waxed Dental Floss Mint Flavour 50m,0,0,0,1.79,taxable,,Oral Care,Numark Waxed Dental Floss Mint Flavour 50m. An oral care product.,No regulation
simple,5056067803035,Sharpsguard Bin Yellow 1L,0,0,0,1.79,taxable,,General Health,Sharpsguard Bin Yellow 1L. A health and wellbeing product. Supplied as 1L.,No regulation
simple,3574661684291,Listerine Flavours Mild & Minty 250ml,0,0,0,1.79,taxable,,Oral Care,Listerine Flavours Mild & Minty 250ml. An oral care product. Supplied as 250ml.,No regulation
simple,59095385,Dove Roll On Deodorant Fresh 50ml,0,0,0,1.78,taxable,,Beauty,Dove Roll On Deodorant Fresh 50ml. A health and beauty product. Supplied as 50ml.,No regulation
simple,5010081913347,Kotex Ultra Thin Normal 16 pads,0,0,0,1.75,taxable,zero-rate,General Health,Kotex Ultra Thin Normal 16 pads. A health and wellbeing product. Supplied as 16 pads.,No regulation
simple,5000283659204,Dulcolax Children Suppositories 5 Suppositories,0,0,0,1.75,taxable,,Digestive,"Dulcolax Children Suppositories 5 Suppositories. Prescription-only medicine, supplied after an online consultation with our pharmacist. Always read the label and any leaflet supplied. If symptoms persist, speak to your pharmacist or doctor. Supplied as 5 Suppositories.",P
simple,5000101513848,Imperial Leather Soap Bar 90g Pack of 2,0,0,0,1.70,taxable,,Beauty,Imperial Leather Soap Bar 90g Pack of 2. A health and beauty product. Supplied as 90g.,No regulation
simple,5010724529690,Arm & Hammer Cavity Care Baking Soda Toothpaste 125g,0,0,0,1.69,taxable,,Oral Care,Arm & Hammer Cavity Care Baking Soda Toothpaste 125g. An oral care product. Supplied as 125g.,No regulation
simple,5060228452673,Peppa Pig Lip Balm 2 Pack,0,0,0,1.69,taxable,,Skincare,Peppa Pig Lip Balm 2 Pack. A skincare product. Supplied as 2 Pack.,No regulation
simple,59084075,Lynx Africa Roll on Antiperspirant 50ml,0,0,0,1.69,taxable,,Beauty,Lynx Africa Roll on Antiperspirant 50ml. A health and beauty product. Supplied as 50ml.,No regulation
simple,4046719512034,Earfit Earplugs 2 Pairs,0,0,0,1.69,taxable,,General Health,Earfit Earplugs 2 Pairs. A health and wellbeing product.,No regulation
simple,8718114562575,Dove Daily Moisture Conditioner 200ml,0,0,0,1.69,taxable,,Hair Care,Dove Daily Moisture Conditioner 200ml. A hair care product. Supplied as 200ml.,No regulation
simple,4011200136907,Palmolive Shave Stick 50g,0,0,0,1.69,taxable,,Men's Grooming,Palmolive Shave Stick 50g. A men's grooming product. Supplied as 50g.,No regulation
simple,4005808142927,Nivea Indulgent Moisture Cashmere Caring Hand Wash 250ml,0,0,0,1.69,taxable,,Skincare,Nivea Indulgent Moisture Cashmere Caring Hand Wash 250ml. A skincare product. Supplied as 250ml.,No regulation
simple,59082613,Dove Sport Antiperspirant Deodorant Roll On 50ml,0,0,0,1.69,taxable,,Beauty,Dove Sport Antiperspirant Deodorant Roll On 50ml. A health and beauty product. Supplied as 50ml.,No regulation
simple,8003520013040,Palmolive Aquarium Handwash 300ml,0,0,0,1.69,taxable,,Beauty,Palmolive Aquarium Handwash 300ml. A health and beauty product. Supplied as 300ml.,No regulation
simple,5012583203117,Right Guard Xtreme Invisible 72H Protection Antiperspirant 150ml,0,0,0,1.69,taxable,,Beauty,Right Guard Xtreme Invisible 72H Protection Antiperspirant 150ml. A health and beauty product. Supplied as 150ml.,No regulation
simple,0017854100459,Baylis & Harding Royale Garden Peach Peony & Jasmine Hand Wash 500ml,0,0,0,1.69,taxable,,Beauty,Baylis & Harding Royale Garden Peach Peony & Jasmine Hand Wash 500ml. A health and beauty product. Supplied as 500ml.,No regulation
simple,5011309140019,Radian B Anti-Inflammatory Ibuprofen 5% w/w Gel 30g,0,0,0,1.69,taxable,,Pain Relief,"Radian B Anti-Inflammatory Ibuprofen 5% w/w Gel 30g. Always read the label and any leaflet supplied. If symptoms persist, speak to your pharmacist or doctor. Supplied as 30g.",GSL
simple,5028763005457,Wisdom InterSpace Soft Toothbrush,0,0,0,1.69,taxable,,Oral Care,Wisdom InterSpace Soft Toothbrush. An oral care product.,No regulation
simple,5012583204800,Right Guard Dry Xtreme 72hr Anti-perspirant 150ml,0,0,0,1.69,taxable,,Beauty,Right Guard Dry Xtreme 72hr Anti-perspirant 150ml. A health and beauty product. Supplied as 150ml.,No regulation
simple,5055144201054,RelonChem Loratadine 10mg 30 Tablets,0,0,0,1.69,taxable,,Prescription Medicines,"RelonChem Loratadine 10mg 30 Tablets. Prescription-only medicine, supplied after an online consultation with our pharmacist. Always read the label and any leaflet supplied. If symptoms persist, speak to your pharmacist or doctor. Supplied as 30 Tablets.",P
simple,5000283661832,Dulcolax 5mg 8 Tablets,0,0,0,1.69,taxable,,Digestive,"Dulcolax 5mg 8 Tablets. Always read the label and any leaflet supplied. If symptoms persist, speak to your pharmacist or doctor. Supplied as 8 Tablets.",GSL
simple,7702018464852,Gillette Fusion Sensitive Shave Gel 75ml,0,0,0,1.69,taxable,,Men's Grooming,Gillette Fusion Sensitive Shave Gel 75ml. A men's grooming product. Supplied as 75ml.,No regulation
simple,5060148524306,BetterYou Magnesium Water Focus 250ml,0,0,0,1.69,taxable,,Vitamins,BetterYou Magnesium Water Focus 250ml. A vitamins and supplements product. Supplied as 250ml.,No regulation
simple,5011309050615,Care+ Antiseptic First Aid Cream 30g,0,0,0,1.69,taxable,,First Aid,"Care+ Antiseptic First Aid Cream 30g. Always read the label and any leaflet supplied. If symptoms persist, speak to your pharmacist or doctor. Supplied as 30g.",GSL
simple,5017371153346,Calypso Once a Day Sachet SPF20 40ml,0,0,0,1.69,taxable,,Skincare,Calypso Once a Day Sachet SPF20 40ml. A skincare product. Supplied as 40ml.,No regulation
simple,5016155120000,COLAB Dry Shampoo New York Sheer Invisible 50ml,0,0,0,1.69,taxable,,Hair Care,COLAB Dry Shampoo New York Sheer Invisible 50ml. A hair care product. Supplied as 50ml.,No regulation
simple,4005808123834,Nivea Rich Moisture Soft Shower Cream 250ml,0,0,0,1.69,taxable,,Skincare,Nivea Rich Moisture Soft Shower Cream 250ml. A skincare product. Supplied as 250ml.,No regulation
simple,4030300022743,Vicks VapoDrops Lozenges Lemon & Menthol 72g,0,0,0,1.69,taxable,,Cold & Flu,"Vicks VapoDrops Lozenges Lemon & Menthol 72g. Always read the label and any leaflet supplied. If symptoms persist, speak to your pharmacist or doctor. Supplied as 72g.",No regulation
simple,4015400731535,Always Sensitive Normal 16 Pack,0,0,0,1.69,taxable,zero-rate,Women's Health,Always Sensitive Normal 16 Pack. A women's health product. Supplied as 16 Pack.,No regulation
simple,5016155120024,COLAB Dry Shampoo Monaco Sheer Invisible 50ml,0,0,0,1.69,taxable,,Hair Care,COLAB Dry Shampoo Monaco Sheer Invisible 50ml. A hair care product. Supplied as 50ml.,No regulation
simple,5017353501943,Constipation Relief - Bisacodyl 5mg 20 Tablets,0,0,0,1.69,taxable,,Digestive,"Constipation Relief - Bisacodyl 5mg 20 Tablets. Always read the label and any leaflet supplied. If symptoms persist, speak to your pharmacist or doctor. Supplied as 20 Tablets.",GSL
simple,5056267004126,Enliven Whitening Mouthwash 500ml,0,0,0,1.69,taxable,,Oral Care,Enliven Whitening Mouthwash 500ml. An oral care product. Supplied as 500ml.,No regulation
simple,5022545063208,Disney Princess Detangler for Wet Or Dry Hair 150ml,0,0,0,1.69,taxable,,Hair Care,Disney Princess Detangler for Wet Or Dry Hair 150ml. A hair care product. Supplied as 150ml.,No regulation
simple,80977254,Mentos Spearmint Gum 40 pieces,0,0,0,1.69,taxable,,Oral Care,Mentos Spearmint Gum 40 pieces. An oral care product.,No regulation
simple,0017854017542,Baylis & Harding Sweet Mandarin & Grapefruit Hand Wash 500ml,0,0,0,1.69,taxable,,Beauty,Baylis & Harding Sweet Mandarin & Grapefruit Hand Wash 500ml. A health and beauty product. Supplied as 500ml.,No regulation
simple,8714789810348,Colgate Cavity Protection Toothpaste 75ml,0,0,0,1.69,taxable,,Oral Care,Colgate Cavity Protection Toothpaste 75ml. An oral care product. Supplied as 75ml.,No regulation
simple,5060228457432,Paw Patrol Bath Fizzers 4 Pack,0,0,0,1.69,taxable,,Beauty,Paw Patrol Bath Fizzers 4 Pack. A health and beauty product. Supplied as 4 Pack.,No regulation
simple,5011309026610,Care+ Aqueous Cream 100g,0,0,0,1.69,taxable,,Skincare,Care+ Aqueous Cream 100g. A skincare product. Supplied as 100g.,GSL
simple,5011309164411,Zerobase Emollient Cream 50g,0,0,0,1.69,taxable,,Skincare,Zerobase Emollient Cream 50g. A skincare product. Supplied as 50g.,No regulation
simple,5012251012003,Beauty Formulas Active Oral Care 3 x Medium Toothbrushes,0,0,0,1.69,taxable,,Oral Care,Beauty Formulas Active Oral Care 3 x Medium Toothbrushes. An oral care product.,No regulation
simple,59095408,Dove Roll On Deodorant Powder 50ml,0,0,0,1.69,taxable,,Beauty,Dove Roll On Deodorant Powder 50ml. A health and beauty product. Supplied as 50ml.,No regulation
simple,5016155119813,COLAB Dry Shampoo London Sheer Invisible 50ml,0,0,0,1.69,taxable,,Hair Care,COLAB Dry Shampoo London Sheer Invisible 50ml. A hair care product. Supplied as 50ml.,No regulation
simple,5010058044722,Fast Aid Antiseptic Fabric Plasters Assorted Sizes 24 Pack,0,0,0,1.69,taxable,,First Aid,"Fast Aid Antiseptic Fabric Plasters Assorted Sizes 24 Pack. Always read the label and any leaflet supplied. If symptoms persist, speak to your pharmacist or doctor. Supplied as 24 Pack.",No regulation
simple,8710908799228,Sure Bright Bouquet 48 Hours Deodorant 150ml,0,0,0,1.69,taxable,,Beauty,Sure Bright Bouquet 48 Hours Deodorant 150ml. A health and beauty product. Supplied as 150ml.,No regulation
simple,5024874015071,Valupak Vitamin E 100iu 30 Capsules,0,0,0,1.69,taxable,,Vitamins,Valupak Vitamin E 100iu 30 Capsules. A vitamins and supplements product. Supplied as 30 Capsules.,No regulation
simple,5011309066012,Care+ Senna Laxative 20 Tablets,0,0,0,1.69,taxable,,Digestive,"Care+ Senna Laxative 20 Tablets. Always read the label and any leaflet supplied. If symptoms persist, speak to your pharmacist or doctor. Supplied as 20 Tablets.",No regulation
simple,8717163545324,Sure Women Cotton Dry Antiperspirant Deodorant 125ml,0,0,0,1.69,taxable,,Beauty,Sure Women Cotton Dry Antiperspirant Deodorant 125ml. A health and beauty product. Supplied as 125ml.,No regulation
simple,0050051235388,Disney Lip Smacker Lip Balm Daisy Cutie Pie 4g,0,0,0,1.69,taxable,,Skincare,Disney Lip Smacker Lip Balm Daisy Cutie Pie 4g. A skincare product. Supplied as 4g.,No regulation
simple,5060148524313,BetterYou Magnesium Water Hydrate 250ml,0,0,0,1.69,taxable,,Vitamins,BetterYou Magnesium Water Hydrate 250ml. A vitamins and supplements product. Supplied as 250ml.,No regulation
simple,8809408730821,Dr. Oracle 21 Stay A-Thera Peeling Stick,0,0,0,1.69,taxable,,General Health,Dr. Oracle 21 Stay A-Thera Peeling Stick. A health and wellbeing product.,No regulation
simple,0017854054257,"Baylis & Harding Jojoba, Vanilla & Almond Oil Hand Wash 500ml",0,0,0,1.69,taxable,,Beauty,"Baylis & Harding Jojoba, Vanilla & Almond Oil Hand Wash 500ml. A health and beauty product. Supplied as 500ml.",No regulation
simple,3574669908306,Johnson's Baby Bath Gentle Protect 500ml,0,0,0,1.69,taxable,,Baby & Child,Johnson's Baby Bath Gentle Protect 500ml. A baby and child product. Supplied as 500ml.,No regulation
simple,50210466,Dove Men Extra Fresh Antiperspirant Deodorant Roll On 50ml,0,0,0,1.69,taxable,,Beauty,Dove Men Extra Fresh Antiperspirant Deodorant Roll On 50ml. A health and beauty product. Supplied as 50ml.,No regulation
simple,5000101510014,Imperial Leather Moisturising Hand Wash 500ml,0,0,0,1.69,taxable,,Skincare,Imperial Leather Moisturising Hand Wash 500ml. A skincare product. Supplied as 500ml.,No regulation
simple,0017854100473,Baylis & Harding Royale Garden Verbena & Chamomile Hand Wash 500ml,0,0,0,1.69,taxable,,Beauty,Baylis & Harding Royale Garden Verbena & Chamomile Hand Wash 500ml. A health and beauty product. Supplied as 500ml.,No regulation
simple,5022545086115,Disney Princess Conditioner 300ml,0,0,0,1.69,taxable,,Hair Care,Disney Princess Conditioner 300ml. A hair care product. Supplied as 300ml.,No regulation
simple,8714789939704,Palmolive Naturals Macadamia & Vanilla Liquid Handwash 300ml,0,0,0,1.69,taxable,,Beauty,Palmolive Naturals Macadamia & Vanilla Liquid Handwash 300ml. A health and beauty product. Supplied as 300ml.,No regulation
simple,3600523566242,L'Oréal Colorista Washout Colour Green,0,0,0,1.69,taxable,,Beauty,L'Oréal Colorista Washout Colour Green. A health and beauty product.,No regulation
simple,5017848251391,Bell's Paediatric Simple Linctus 31.25mg Per 5ml 200ml,0,0,0,1.69,taxable,,General Health,Bell's Paediatric Simple Linctus 31.25mg Per 5ml 200ml. A health and wellbeing product. Supplied as 200ml.,GSL
simple,5050895076081,Athena Body Brush 3 Pack,0,0,0,1.69,taxable,,General Health,Athena Body Brush 3 Pack. A health and wellbeing product. Supplied as 3 Pack.,No regulation
simple,4005900296504,Nivea Caring Shower Gel Fresh Moisture Sea Minerals 250ml,0,0,0,1.69,taxable,,Skincare,Nivea Caring Shower Gel Fresh Moisture Sea Minerals 250ml. A skincare product. Supplied as 250ml.,No regulation
simple,8006540822340,Always Ultra Normal with Wings 14 Pack,0,0,0,1.69,taxable,zero-rate,Women's Health,Always Ultra Normal with Wings 14 Pack. A women's health product. Supplied as 14 Pack.,No regulation
simple,0017854100466,"Baylis & Harding Royale Garden Rose, Poppy & Vanilla Hand Wash 500ml",0,0,0,1.69,taxable,,Beauty,"Baylis & Harding Royale Garden Rose, Poppy & Vanilla Hand Wash 500ml. A health and beauty product. Supplied as 500ml.",No regulation
simple,7610700612934,Ricola Tasty Cranberry Sugar Free Lozenges 45g,0,0,0,1.69,taxable,,Cold & Flu,"Ricola Tasty Cranberry Sugar Free Lozenges 45g. Always read the label and any leaflet supplied. If symptoms persist, speak to your pharmacist or doctor. Supplied as 45g.",No regulation
simple,5025971208267,Lil-Lets 100 Cotton Wool Balls,0,0,0,1.69,taxable,,First Aid,"Lil-Lets 100 Cotton Wool Balls. Always read the label and any leaflet supplied. If symptoms persist, speak to your pharmacist or doctor.",No regulation
simple,3600523566235,L'Oréal Colorista Washout Colour Yellow,0,0,0,1.69,taxable,,Beauty,L'Oréal Colorista Washout Colour Yellow. A health and beauty product.,No regulation
simple,0017854105683,Baylis & Harding Wild Rhubarb & Pink Pepper Anti Bacterial Hand Wash 500ml,0,0,0,1.69,taxable,,Beauty,Baylis & Harding Wild Rhubarb & Pink Pepper Anti Bacterial Hand Wash 500ml. A health and beauty product. Supplied as 500ml.,No regulation
simple,5060453469309,Loratadine One-A-Day Hayfever & Allergy Relief 10mg 30 Tablets,0,0,0,1.69,taxable,,Prescription Medicines,"Loratadine One-A-Day Hayfever & Allergy Relief 10mg 30 Tablets. Prescription-only medicine, supplied after an online consultation with our pharmacist. Always read the label and any leaflet supplied. If symptoms persist, speak to your pharmacist or doctor. Supplied as 30 Tablets.",P
simple,0017854059283,Baylis & Harding Tropical Fruit Cocktail Handwash 500ml,0,0,0,1.69,taxable,,Beauty,Baylis & Harding Tropical Fruit Cocktail Handwash 500ml. A health and beauty product. Supplied as 500ml.,No regulation
simple,50097494,Dove Invisible Dry Antiperspirant Roll-On Deodorant 50ml,0,0,0,1.69,taxable,,Beauty,Dove Invisible Dry Antiperspirant Roll-On Deodorant 50ml. A health and beauty product. Supplied as 50ml.,No regulation
simple,5000309007750,Anadin Original 16 Tablets,0,0,0,1.69,taxable,,Pain Relief,"Anadin Original 16 Tablets. Always read the label and any leaflet supplied. If symptoms persist, speak to your pharmacist or doctor. Supplied as 16 Tablets.",GSL
simple,4005900804389,Nivea Care Shower Gel Love Adventure 250ml,0,0,0,1.69,taxable,,Beauty,Nivea Care Shower Gel Love Adventure 250ml. A health and beauty product. Supplied as 250ml.,No regulation
simple,8720181053702,Vaseline Dry Hands Rescue Moisturising Hand Cream 75ml,0,0,0,1.69,taxable,,Skincare,Vaseline Dry Hands Rescue Moisturising Hand Cream 75ml. A skincare product. Supplied as 75ml.,No regulation
simple,5012583201939,Right Guard Xtreme 72HR Cool Anti-Perspirant 150ml,0,0,0,1.69,taxable,,Beauty,Right Guard Xtreme 72HR Cool Anti-Perspirant 150ml. A health and beauty product. Supplied as 150ml.,No regulation
simple,5000309007705,Anadin Ibuprofen 16 Tablets,0,0,0,1.69,taxable,,Pain Relief,"Anadin Ibuprofen 16 Tablets. Always read the label and any leaflet supplied. If symptoms persist, speak to your pharmacist or doctor. Supplied as 16 Tablets.",GSL
simple,3614223414222,Adidas Adipure Shower Gel 250ml,0,0,0,1.69,taxable,,Beauty,Adidas Adipure Shower Gel 250ml. A health and beauty product. Supplied as 250ml.,No regulation
simple,5022545086139,Disney Princess Shampoo 300ml,0,0,0,1.69,taxable,,Hair Care,Disney Princess Shampoo 300ml. A hair care product. Supplied as 300ml.,No regulation
simple,5029053573199,Kleenex The Original Hanks 6 x 9 Pack,0,0,0,1.69,taxable,,General Health,Kleenex The Original Hanks 6 x 9 Pack. A health and wellbeing product. Supplied as 6 x 9 Pack.,No regulation
simple,8718951412057,Colgate Medium Double Action Charcoal Toothbrush,0,0,0,1.69,taxable,,Oral Care,Colgate Medium Double Action Charcoal Toothbrush. An oral care product.,No regulation
simple,0017854100442,Baylis & Harding Royale Garden Lemon & Basil Hand Wash 500ml,0,0,0,1.69,taxable,,Beauty,Baylis & Harding Royale Garden Lemon & Basil Hand Wash 500ml. A health and beauty product. Supplied as 500ml.,No regulation
simple,3607342734272,Adidas Get Ready Body Hair & Face Wash 250ml,0,0,0,1.69,taxable,,Hair Care,Adidas Get Ready Body Hair & Face Wash 250ml. A hair care product. Supplied as 250ml.,No regulation
simple,5000304116501,Lil-Lets Tampon Super Plus 16 Pack,0,0,0,1.69,taxable,zero-rate,Women's Health,Lil-Lets Tampon Super Plus 16 Pack. A women's health product. Supplied as 16 Pack.,No regulation
simple,4030300022736,Vicks Vapodrops Menthol Sugar Free Lozenges 72g,0,0,0,1.69,taxable,,Cold & Flu,"Vicks Vapodrops Menthol Sugar Free Lozenges 72g. Always read the label and any leaflet supplied. If symptoms persist, speak to your pharmacist or doctor. Supplied as 72g.",No regulation
simple,5060148524290,BetterYou Magnesium Water Energy 250ml,0,0,0,1.69,taxable,,Vitamins,BetterYou Magnesium Water Energy 250ml. A vitamins and supplements product. Supplied as 250ml.,No regulation
simple,5012583203285,Right Guard Invisible Xtreme 72hr Anti-perspirant 150ml,0,0,0,1.69,taxable,,Beauty,Right Guard Invisible Xtreme 72hr Anti-perspirant 150ml. A health and beauty product. Supplied as 150ml.,No regulation
simple,5029053504834,Kotex Ultra Thin 12 pads,0,0,0,1.65,taxable,zero-rate,General Health,Kotex Ultra Thin 12 pads. A health and wellbeing product. Supplied as 12 pads.,No regulation
simple,5012008561105,Cuticura Original Anti Bacterial Hand Gel 50ml,0,0,0,1.59,taxable,,Skincare,Cuticura Original Anti Bacterial Hand Gel 50ml. A skincare product. Supplied as 50ml.,No regulation
simple,5010058011236,Robinson Soft & Pure Round Cosmetic Pads 100 Pack,0,0,0,1.59,taxable,,Beauty,Robinson Soft & Pure Round Cosmetic Pads 100 Pack. A health and beauty product. Supplied as 100 Pack.,No regulation
simple,5013692238144,Minions Bubble Bath 350ml,0,0,0,1.59,taxable,,Beauty,Minions Bubble Bath 350ml. A health and beauty product. Supplied as 350ml.,No regulation
simple,5010441016053,Numark Paracetamol 500mg 32 Capsules,0,0,0,1.59,taxable,,Pain Relief,"Numark Paracetamol 500mg 32 Capsules. Prescription-only medicine, supplied after an online consultation with our pharmacist. Always read the label and any leaflet supplied. If symptoms persist, speak to your pharmacist or doctor. Supplied as 32 Capsules.",P
simple,5011417559178,Dettol Liquid Hand Wash Grapefruit 250ml,0,0,0,1.59,taxable,,Beauty,Dettol Liquid Hand Wash Grapefruit 250ml. A health and beauty product. Supplied as 250ml.,No regulation
simple,96136867,Dove Men+Care Mineral & Sage Stick 50ml,0,0,0,1.59,taxable,,Beauty,Dove Men+Care Mineral & Sage Stick 50ml. A health and beauty product. Supplied as 50ml.,No regulation
simple,8714789365152,Colgate Toothbrush Extra Clean 3pk,0,0,0,1.59,taxable,,Oral Care,Colgate Toothbrush Extra Clean 3pk. An oral care product.,No regulation
simple,8720181088315,Radox Care & Nourish Anti-Bacterial Hand Wash 250ml,0,0,0,1.59,taxable,,Beauty,Radox Care & Nourish Anti-Bacterial Hand Wash 250ml. A health and beauty product. Supplied as 250ml.,No regulation
simple,5024874015361,Valupak Multi Vitamins One-A-Day 50 Tablets,0,0,0,1.59,taxable,,Vitamins,Valupak Multi Vitamins One-A-Day 50 Tablets. A vitamins and supplements product. Supplied as 50 Tablets.,No regulation
simple,8699568514832,Clairol Colour Crave Platinum,0,0,0,1.59,taxable,,General Health,Clairol Colour Crave Platinum. A health and wellbeing product.,No regulation
simple,5012251013567,Beauty Formulas Shampoo Keratin 250ml,0,0,0,1.59,taxable,,Hair Care,Beauty Formulas Shampoo Keratin 250ml. A hair care product. Supplied as 250ml.,No regulation
simple,5017848254927,Bell's Paracetamol 500mg Caplets,0,0,0,1.59,taxable,,Pain Relief,"Bell's Paracetamol 500mg Caplets. Prescription-only medicine, supplied after an online consultation with our pharmacist. Always read the label and any leaflet supplied. If symptoms persist, speak to your pharmacist or doctor. Supplied as 500mg.",P
simple,96024447,Peach Clove Oil 10ml,0,0,0,1.59,taxable,,Skincare,Peach Clove Oil 10ml. A skincare product. Supplied as 10ml.,No regulation
simple,8034007484091,Plus Kids Girls Antibacterial Face Masks 4 Pack,0,0,0,1.59,taxable,,Skincare,Plus Kids Girls Antibacterial Face Masks 4 Pack. A skincare product. Supplied as 4 Pack.,No regulation
simple,5060119660446,Lumecare Tear Drops Dry Eyes 10ml,0,0,0,1.59,taxable,,Eye Care,"Lumecare Tear Drops Dry Eyes 10ml. Always read the label and any leaflet supplied. If symptoms persist, speak to your pharmacist or doctor. Supplied as 10ml.",GSL
simple,5025135000638,Tropic by Malibu SPF30 Kids Lotion 40ml,0,0,0,1.59,taxable,,Skincare,Tropic by Malibu SPF30 Kids Lotion 40ml. A skincare product. Supplied as 40ml.,No regulation
simple,4005808176489,Nivea Soap Bar Sea Minerals 90g,0,0,0,1.59,taxable,,Vitamins,Nivea Soap Bar Sea Minerals 90g. A vitamins and supplements product. Supplied as 90g.,No regulation
simple,5012251006712,Beauty Formulas Legs & Body 20 Cold Wax Strips,0,0,0,1.59,taxable,,Cold & Flu,"Beauty Formulas Legs & Body 20 Cold Wax Strips. Always read the label and any leaflet supplied. If symptoms persist, speak to your pharmacist or doctor.",No regulation
simple,5060084170674,Profoot Corn Cushions 12 Pack,0,0,0,1.59,taxable,,Skincare,Profoot Corn Cushions 12 Pack. A skincare product. Supplied as 12 Pack.,No regulation
simple,3574661444994,Listerine Go 4 Tablets,0,0,0,1.59,taxable,,Oral Care,Listerine Go 4 Tablets. An oral care product. Supplied as 4 Tablets.,No regulation
simple,5060057400135,Almus Aspirin 75mg 28 Tablets,0,0,0,1.59,taxable,,Pain Relief,"Almus Aspirin 75mg 28 Tablets. Always read the label and any leaflet supplied. If symptoms persist, speak to your pharmacist or doctor. Supplied as 28 Tablets.",GSL
simple,3600540413802,Garnier Fructis Conditioner Colour Last 250ml,0,0,0,1.59,taxable,,Hair Care,Garnier Fructis Conditioner Colour Last 250ml. A hair care product. Supplied as 250ml.,No regulation
simple,5000453122224,VitaminStore Effervescent Vitamin C & Zinc 20 Tablets,0,0,0,1.59,taxable,,Vitamins,VitaminStore Effervescent Vitamin C & Zinc 20 Tablets. A vitamins and supplements product. Supplied as 20 Tablets.,No regulation
simple,5000101504198,Original Source Handwash Coconut & Shea Butter 300ml,0,0,0,1.59,taxable,,Beauty,Original Source Handwash Coconut & Shea Butter 300ml. A health and beauty product. Supplied as 300ml.,No regulation
simple,8710447275306,Dove Avocado Hand Cream 75ml,0,0,0,1.59,taxable,,Skincare,Dove Avocado Hand Cream 75ml. A skincare product. Supplied as 75ml.,No regulation
simple,5025971100288,Lil-Lets Smartfit Regular Non-Applicator Tampons 10 Pack,0,0,0,1.59,taxable,zero-rate,Women's Health,Lil-Lets Smartfit Regular Non-Applicator Tampons 10 Pack. A women's health product. Supplied as 10 Pack.,No regulation
simple,5028763007796,Wisdom Fresh Effect Mouthwash Freshmint 500ml,0,0,0,1.59,taxable,,Oral Care,Wisdom Fresh Effect Mouthwash Freshmint 500ml. An oral care product. Supplied as 500ml.,No regulation
simple,5000309007743,Anadin Original 12 Tablets,0,0,0,1.59,taxable,,Pain Relief,"Anadin Original 12 Tablets. Always read the label and any leaflet supplied. If symptoms persist, speak to your pharmacist or doctor. Supplied as 12 Tablets.",GSL
simple,5060455140244,Brushworks Pencil Sharpener,0,0,0,1.59,taxable,,Home & Household,Brushworks Pencil Sharpener. A home and household product.,No regulation
simple,8710522409053,Dove Derma Spa Beauty Sleep Bedtime Bliss Body Lotion 200ml,0,0,0,1.59,taxable,,Skincare,Dove Derma Spa Beauty Sleep Bedtime Bliss Body Lotion 200ml. A skincare product. Supplied as 200ml.,No regulation
simple,8720181079160,Lynx Africa Shower Gel 225ml,0,0,0,1.59,taxable,,Beauty,Lynx Africa Shower Gel 225ml. A health and beauty product. Supplied as 225ml.,No regulation
simple,0079181910637,Revlon Volumize Lashes 91063,0,0,0,1.59,taxable,,General Health,Revlon Volumize Lashes 91063. A health and wellbeing product.,No regulation
simple,5011417566329,Steradent Active Fresh Daily 30 Tablets,0,0,0,1.59,taxable,,Vitamins,Steradent Active Fresh Daily 30 Tablets. A vitamins and supplements product. Supplied as 30 Tablets.,No regulation
simple,5013692261197,Baby Shark Sponge,0,0,0,1.59,taxable,,Baby & Child,Baby Shark Sponge. A baby and child product.,No regulation
simple,5012251010399,Beauty Formulas Condition Tea Tree 200ml,0,0,0,1.59,taxable,,General Health,Beauty Formulas Condition Tea Tree 200ml. A health and wellbeing product. Supplied as 200ml.,No regulation
simple,8714789092416,Colgate Whitening Toothpaste & Mouthwash 100ml,0,0,0,1.59,taxable,,Oral Care,Colgate Whitening Toothpaste & Mouthwash 100ml. An oral care product. Supplied as 100ml.,No regulation
simple,5050895106955,Dentol Dental Floss 50m 2 Pack,0,0,0,1.59,taxable,,Oral Care,Dentol Dental Floss 50m 2 Pack. An oral care product. Supplied as 2 Pack.,No regulation
simple,5012251013581,Beauty Formulas Shampoo Coconut Milk 250ml,0,0,0,1.59,taxable,,Hair Care,Beauty Formulas Shampoo Coconut Milk 250ml. A hair care product. Supplied as 250ml.,No regulation
simple,50096701,Sure Men Original Dry Deodorant Roll On 50ml,0,0,0,1.59,taxable,,Beauty,Sure Men Original Dry Deodorant Roll On 50ml. A health and beauty product. Supplied as 50ml.,No regulation
simple,5056267001507,Enliven Natural Conditioner Coconut & Vanilla 500ml,0,0,0,1.59,taxable,,Hair Care,Enliven Natural Conditioner Coconut & Vanilla 500ml. A hair care product. Supplied as 500ml.,No regulation
simple,8718951540149,Sanex Skin Protect Shower Gel Nourishing 200ml,0,0,0,1.59,taxable,,Skincare,Sanex Skin Protect Shower Gel Nourishing 200ml. A skincare product. Supplied as 200ml.,No regulation
simple,4005808130115,Nivea Men Energy Shower Gel 250ml,0,0,0,1.59,taxable,,Beauty,Nivea Men Energy Shower Gel 250ml. A health and beauty product. Supplied as 250ml.,No regulation
simple,7702018980857,Gillette Series Sensitive Scented Shave Gel 75ml,0,0,0,1.59,taxable,,Men's Grooming,Gillette Series Sensitive Scented Shave Gel 75ml. A men's grooming product. Supplied as 75ml.,No regulation
simple,5056267001477,Enliven Natural Shampoo Coconut & Vanilla 500ml,0,0,0,1.59,taxable,,Hair Care,Enliven Natural Shampoo Coconut & Vanilla 500ml. A hair care product. Supplied as 500ml.,No regulation
simple,5033852190266,Shantys Pillmate Day Out Dispenser Assorted Colours,0,0,0,1.59,taxable,,General Health,Shantys Pillmate Day Out Dispenser Assorted Colours. A health and wellbeing product.,No regulation
simple,5060060212312,Astonish Body & Soul Bath Soak Waking Green Earth 950ml,0,0,0,1.59,taxable,,Beauty,Astonish Body & Soul Bath Soak Waking Green Earth 950ml. A health and beauty product. Supplied as 950ml.,No regulation
simple,5016221202524,Paw Patrol Mouthwash 300ml,0,0,0,1.59,taxable,,Oral Care,Paw Patrol Mouthwash 300ml. An oral care product. Supplied as 300ml.,No regulation
simple,5010441013441,Numark Vitamin B Complex 60 Tablets,0,0,0,1.59,taxable,,Vitamins,Numark Vitamin B Complex 60 Tablets. A vitamins and supplements product. Supplied as 60 Tablets.,No regulation
simple,9329401000169,The Goat Skincare Soap Bar with Lemon Myrtle 100g,0,0,0,1.59,taxable,,Skincare,The Goat Skincare Soap Bar with Lemon Myrtle 100g. A skincare product. Supplied as 100g.,No regulation
simple,8710847924453,Lynx Bodywash Unity 250ml,0,0,0,1.59,taxable,,Beauty,Lynx Bodywash Unity 250ml. A health and beauty product. Supplied as 250ml.,No regulation
simple,5017848251933,Bell's Mucus Cough Solution 100ml,0,0,0,1.59,taxable,,Cold & Flu,"Bell's Mucus Cough Solution 100ml. Always read the label and any leaflet supplied. If symptoms persist, speak to your pharmacist or doctor. Supplied as 100ml.",GSL
simple,8720182036070,Alberto Balsam Juicy Apple Shampoo Bar 75g,0,0,0,1.59,taxable,,Hair Care,Alberto Balsam Juicy Apple Shampoo Bar 75g. A hair care product. Supplied as 75g.,No regulation
simple,8001841432250,Head&Shoulders Conditioner Coconut 220ml,0,0,0,1.59,taxable,,Hair Care,Head&Shoulders Conditioner Coconut 220ml. A hair care product. Supplied as 220ml.,No regulation
simple,5016973991363,Lift Zesty Lemon & Lime Fast Acting Glucose Shot 60ml,0,0,0,1.59,taxable,,General Health,Lift Zesty Lemon & Lime Fast Acting Glucose Shot 60ml. A health and wellbeing product. Supplied as 60ml.,No regulation
simple,6281006485334,Pears Handwash Lemon Flower 250ml,0,0,0,1.59,taxable,,Beauty,Pears Handwash Lemon Flower 250ml. A health and beauty product. Supplied as 250ml.,No regulation
simple,3574661642864,Johnsons Baby Honey Soap 2x90g,0,0,0,1.59,taxable,,Baby & Child,Johnsons Baby Honey Soap 2x90g. A baby and child product. Supplied as 2x90g.,No regulation
simple,5056267001538,Enliven Natural Conditioner Raspberry & Red Apple 500ml,0,0,0,1.59,taxable,,Hair Care,Enliven Natural Conditioner Raspberry & Red Apple 500ml. A hair care product. Supplied as 500ml.,No regulation
simple,3616303209377,Max Factor Masterpiece Xpress Nail Polish Champagne Kisses,0,0,0,1.59,taxable,,Beauty,Max Factor Masterpiece Xpress Nail Polish Champagne Kisses. A health and beauty product.,No regulation
simple,4005808176533,Nivea Milk Care Soap 90g,0,0,0,1.59,taxable,,Beauty,Nivea Milk Care Soap 90g. A health and beauty product. Supplied as 90g.,No regulation
simple,5060133371670,Nasofed Saline Nasal Spray for Children 15ml,0,0,0,1.59,taxable,,Baby & Child,Nasofed Saline Nasal Spray for Children 15ml. A baby and child product. Supplied as 15ml.,No regulation
simple,5012616267048,LOL Surprise! Travel Kit 2 Toothbrush & Cap,0,0,0,1.59,taxable,,Oral Care,LOL Surprise! Travel Kit 2 Toothbrush & Cap. An oral care product.,No regulation
simple,4084500303171,Pantene Pro-V 2-In-1 Smooth & Sleek 200ml,0,0,0,1.59,taxable,,General Health,Pantene Pro-V 2-In-1 Smooth & Sleek 200ml. A health and wellbeing product. Supplied as 200ml.,No regulation
simple,4030571003670,Sno Tears Eye Drops 10ml,0,0,0,1.59,taxable,,Eye Care,"Sno Tears Eye Drops 10ml. Always read the label and any leaflet supplied. If symptoms persist, speak to your pharmacist or doctor. Supplied as 10ml.",No regulation
simple,7322541049052,Bodyform Freshness & Protection Ultra Long with Wings Heavy Flow 8 Pack,0,0,0,1.59,taxable,zero-rate,Women's Health,Bodyform Freshness & Protection Ultra Long with Wings Heavy Flow 8 Pack. A women's health product. Supplied as 8 Pack.,No regulation
simple,5000101218255,Original Source Watermint & Guarana Shower 250ml,0,0,0,1.59,taxable,,Beauty,Original Source Watermint & Guarana Shower 250ml. A health and beauty product. Supplied as 250ml.,No regulation
simple,3600540366337,Garnier Fructis Conditioner Repair & Shine 250ml,0,0,0,1.59,taxable,,Hair Care,Garnier Fructis Conditioner Repair & Shine 250ml. A hair care product. Supplied as 250ml.,No regulation
simple,5012583200727,Right Guard Original 48H Protection Antiperspirant 150ml,0,0,0,1.59,taxable,,Beauty,Right Guard Original 48H Protection Antiperspirant 150ml. A health and beauty product. Supplied as 150ml.,No regulation
simple,7610700001417,Ricola Honey Lemon & Echinacea 75g,0,0,0,1.59,taxable,,General Health,Ricola Honey Lemon & Echinacea 75g. A health and wellbeing product. Supplied as 75g.,No regulation
simple,42243656,Nivea Men Energy Shower Gel Mini 50ml,0,0,0,1.59,taxable,,Beauty,Nivea Men Energy Shower Gel Mini 50ml. A health and beauty product. Supplied as 50ml.,No regulation
simple,5024071230178,Numark Dispersible Aspirin 75mg 100 Tablets,0,0,0,1.59,taxable,,Pain Relief,"Numark Dispersible Aspirin 75mg 100 Tablets. Prescription-only medicine, supplied after an online consultation with our pharmacist. Always read the label and any leaflet supplied. If symptoms persist, speak to your pharmacist or doctor. Supplied as 100 Tablets.",P
simple,5010189105064,Wilkinson Sword Extra Essential 2 Disposable Razor 5 Pack,0,0,0,1.59,taxable,,Men's Grooming,Wilkinson Sword Extra Essential 2 Disposable Razor 5 Pack. A men's grooming product. Supplied as 5 Pack.,No regulation
simple,5000101510335,Imperial Leather Moisturising Body Wash 250ml,0,0,0,1.59,taxable,,Skincare,Imperial Leather Moisturising Body Wash 250ml. A skincare product. Supplied as 250ml.,No regulation
simple,5060057400104,Almus Dispersible Aspirin 75mg 28 Tablets,0,0,0,1.59,taxable,,Pain Relief,"Almus Dispersible Aspirin 75mg 28 Tablets. Prescription-only medicine, supplied after an online consultation with our pharmacist. Always read the label and any leaflet supplied. If symptoms persist, speak to your pharmacist or doctor. Supplied as 28 Tablets.",P
simple,5010441000298,Numark Paracetamol 32 Tablets,0,0,0,1.59,taxable,,Pain Relief,"Numark Paracetamol 32 Tablets. Prescription-only medicine, supplied after an online consultation with our pharmacist. Always read the label and any leaflet supplied. If symptoms persist, speak to your pharmacist or doctor. Supplied as 32 Tablets.",P
simple,5000453120381,VitaminStore Orange Flavour Energy Release Effervescent 20 Tablets,0,0,0,1.59,taxable,,Vitamins,VitaminStore Orange Flavour Energy Release Effervescent 20 Tablets. A vitamins and supplements product. Supplied as 20 Tablets.,No regulation
simple,96040911,Dove Men Silver Control Antiperspirant Deodorant Roll On 50ml,0,0,0,1.59,taxable,,Beauty,Dove Men Silver Control Antiperspirant Deodorant Roll On 50ml. A health and beauty product. Supplied as 50ml.,No regulation
simple,5010724533680,Nair Face Wax Strips for Sensitive Skin with Apricot Milk Extract 20 Strips,0,0,0,1.59,taxable,,Skincare,Nair Face Wax Strips for Sensitive Skin with Apricot Milk Extract 20 Strips. A skincare product.,No regulation
simple,5028763009332,Wisdom Step By Step Super Soft Toothbrush (0-2 Years) 1 Pack,0,0,0,1.59,taxable,,Oral Care,Wisdom Step By Step Super Soft Toothbrush (0-2 Years) 1 Pack. An oral care product. Supplied as 1 Pack.,No regulation
simple,8718951265516,Colgate Kids Strawberry Toothpaste 0-2 Years 50ml,0,0,0,1.59,taxable,,Oral Care,Colgate Kids Strawberry Toothpaste 0-2 Years 50ml. An oral care product. Supplied as 50ml.,No regulation
simple,8034007484114,Plus Kids Boys Antibacterial Face Masks 4 Pack,0,0,0,1.59,taxable,,Skincare,Plus Kids Boys Antibacterial Face Masks 4 Pack. A skincare product. Supplied as 4 Pack.,No regulation
simple,5010441016015,Numark Paracetamol 500mg 32 Caplets,0,0,0,1.59,taxable,,Pain Relief,"Numark Paracetamol 500mg 32 Caplets. Prescription-only medicine, supplied after an online consultation with our pharmacist. Always read the label and any leaflet supplied. If symptoms persist, speak to your pharmacist or doctor. Supplied as 500mg.",P
simple,3574669907217,Johnson's Shiny Drops Kids Shampoo 500ml,0,0,0,1.59,taxable,,Hair Care,Johnson's Shiny Drops Kids Shampoo 500ml. A hair care product. Supplied as 500ml.,No regulation
simple,8714789101279,Colgate Icy Blast Whitening 2-In-1 Toothpaste & Mouthwash 100ml,0,0,0,1.59,taxable,,Oral Care,Colgate Icy Blast Whitening 2-In-1 Toothpaste & Mouthwash 100ml. An oral care product. Supplied as 100ml.,No regulation
simple,5010441015261,Numark 7 Day Pill Reminder,0,0,0,1.59,taxable,,General Health,Numark 7 Day Pill Reminder. A health and wellbeing product.,No regulation
simple,5000101514265,Carex Peony & Blossom Body Wash 500ml,0,0,0,1.59,taxable,,Beauty,Carex Peony & Blossom Body Wash 500ml. A health and beauty product. Supplied as 500ml.,No regulation
simple,5012008734004,Cuticura Repair Intense Hydration Hand & Nail Cream 75ml,0,0,0,1.59,taxable,,Skincare,Cuticura Repair Intense Hydration Hand & Nail Cream 75ml. A skincare product. Supplied as 75ml.,No regulation
simple,0672935000020,Absolute Bamboo Kids Toothbrush 1 Pack,0,0,0,1.59,taxable,,Oral Care,Absolute Bamboo Kids Toothbrush 1 Pack. An oral care product. Supplied as 1 Pack.,No regulation
simple,3574661684284,Listerine Mouthwash Spearmint 250ml,0,0,0,1.59,taxable,,Oral Care,Listerine Mouthwash Spearmint 250ml. An oral care product. Supplied as 250ml.,No regulation
simple,5000101510373,Imperial Leather Pampering Bodywash 250ml,0,0,0,1.59,taxable,,Beauty,Imperial Leather Pampering Bodywash 250ml. A health and beauty product. Supplied as 250ml.,No regulation
simple,5060202921423,Simply Gentle 100 Cotton Balls,0,0,0,1.59,taxable,,General Health,Simply Gentle 100 Cotton Balls. A health and wellbeing product.,No regulation
simple,5012251012348,Beauty Formulas Argan Oil Legs & Body 20 Wax Strips,0,0,0,1.59,taxable,,Skincare,Beauty Formulas Argan Oil Legs & Body 20 Wax Strips. A skincare product.,No regulation
simple,5010441014196,Numark Nasal Inhaler Twin Pack,0,0,0,1.59,taxable,,Cold & Flu,"Numark Nasal Inhaler Twin Pack. Always read the label and any leaflet supplied. If symptoms persist, speak to your pharmacist or doctor.",No regulation
simple,8714789762906,Sanex Dermo Sensitive 48H Antiperspirant Roll-On 50ml,0,0,0,1.59,taxable,,Beauty,Sanex Dermo Sensitive 48H Antiperspirant Roll-On 50ml. A health and beauty product. Supplied as 50ml.,No regulation
simple,5038581029375,Yankee Candle Home Inspiration Cherry Vanilla 49g,0,0,0,1.49,taxable,,Beauty,Yankee Candle Home Inspiration Cherry Vanilla 49g. A health and beauty product. Supplied as 49g.,No regulation
simple,5012251011129,Beauty Formulas Tea Tree Blackhead Clearing Face Scrub 150ml,0,0,0,1.49,taxable,,Skincare,Beauty Formulas Tea Tree Blackhead Clearing Face Scrub 150ml. A skincare product. Supplied as 150ml.,No regulation
simple,5050895045711,Zazie Paddle Hair Brush,0,0,0,1.49,taxable,,Hair Care,Zazie Paddle Hair Brush. A hair care product.,No regulation
simple,8710447232644,Radox Care+ Moisture Handwash 500ml,0,0,0,1.49,taxable,,Skincare,Radox Care+ Moisture Handwash 500ml. A skincare product. Supplied as 500ml.,No regulation
simple,5016973991080,Lift Fast Acting Glucose Shot Very Berry 60ml,0,0,0,1.49,taxable,,General Health,Lift Fast Acting Glucose Shot Very Berry 60ml. A health and wellbeing product. Supplied as 60ml.,No regulation
simple,5012251013574,Beauty Formulas Shampoo Argan Oil 250ml,0,0,0,1.49,taxable,,Hair Care,Beauty Formulas Shampoo Argan Oil 250ml. A hair care product. Supplied as 250ml.,No regulation
simple,5025135114649,Malibu Aloe Vera After Sun Moisturising Gel 100ml,0,0,0,1.49,taxable,,Skincare,Malibu Aloe Vera After Sun Moisturising Gel 100ml. A skincare product. Supplied as 100ml.,No regulation
simple,5013692251259,Baby Shark Toothbrush & Toothpaste 75ml,0,0,0,1.49,taxable,,Baby & Child,Baby Shark Toothbrush & Toothpaste 75ml. A baby and child product. Supplied as 75ml.,No regulation
simple,5060060212329,Astonish Body & Soul Bath Soak Refreshing Golden Glow Pump 950ml,0,0,0,1.49,taxable,,Beauty,Astonish Body & Soul Bath Soak Refreshing Golden Glow Pump 950ml. A health and beauty product. Supplied as 950ml.,No regulation
simple,5010724530931,Femfresh Wash Pure & Fresh 150ml,0,0,0,1.49,taxable,,Beauty,Femfresh Wash Pure & Fresh 150ml. A health and beauty product. Supplied as 150ml.,No regulation
simple,0038107228027,Possibility Shower Gel Coconut 200ml,0,0,0,1.49,taxable,,Beauty,Possibility Shower Gel Coconut 200ml. A health and beauty product. Supplied as 200ml.,No regulation
simple,5013692268929,Minions Bath & Shower Gel 400ml,0,0,0,1.49,taxable,,Beauty,Minions Bath & Shower Gel 400ml. A health and beauty product. Supplied as 400ml.,No regulation
simple,7322542057353,Bodyform Maxi Goodnight Pads with Wings 10 Pack,0,0,0,1.49,taxable,,Women's Health,Bodyform Maxi Goodnight Pads with Wings 10 Pack. A women's health product. Supplied as 10 Pack.,No regulation
simple,5010189105095,Wilkinson Sword Extra 2 Sensitive Disposable Razor 5 Pack,0,0,0,1.49,taxable,,Men's Grooming,Wilkinson Sword Extra 2 Sensitive Disposable Razor 5 Pack. A men's grooming product. Supplied as 5 Pack.,No regulation
simple,8700216089319,Oral-B Pro-Kids Toothpaste 50ml,0,0,0,1.49,taxable,,Oral Care,Oral-B Pro-Kids Toothpaste 50ml. An oral care product. Supplied as 50ml.,No regulation
simple,5050895214780,Zazie Velcro Hair Rollers 6 Pack,0,0,0,1.49,taxable,,Hair Care,Zazie Velcro Hair Rollers 6 Pack. A hair care product. Supplied as 6 Pack.,No regulation
simple,8710447275313,Dove Restoring Coconut Hand Cream 75ml,0,0,0,1.49,taxable,,Skincare,Dove Restoring Coconut Hand Cream 75ml. A skincare product. Supplied as 75ml.,No regulation
simple,5017353502452,Galpharm Blocked Nose Relief Spray 15ml,0,0,0,1.49,taxable,,Beauty,Galpharm Blocked Nose Relief Spray 15ml. A health and beauty product. Supplied as 15ml.,GSL
simple,5060228457333,Peppa Pig Topsy Turvy Bath Bead,0,0,0,1.49,taxable,,Beauty,Peppa Pig Topsy Turvy Bath Bead. A health and beauty product.,No regulation
simple,8720181079177,Lynx Bodywash Black 225ml,0,0,0,1.49,taxable,,Beauty,Lynx Bodywash Black 225ml. A health and beauty product. Supplied as 225ml.,No regulation
simple,5010622005029,Oral-B Essential Dental Floss Mint 50m,0,0,0,1.49,taxable,,Oral Care,Oral-B Essential Dental Floss Mint 50m. An oral care product.,No regulation
simple,5025903021445,Careway Cod Liver Oil Vitamins A & D 500mg 30 Pack,0,0,0,1.49,taxable,,Vitamins,Careway Cod Liver Oil Vitamins A & D 500mg 30 Pack. A vitamins and supplements product. Supplied as 30 Pack.,No regulation
simple,5025903027751,Careway Tubular Bandage E 8.75cm X 1m,0,0,0,1.49,taxable,,First Aid,"Careway Tubular Bandage E 8.75cm X 1m. Always read the label and any leaflet supplied. If symptoms persist, speak to your pharmacist or doctor.",No regulation
simple,5012251012522,Beauty Formulas Activated Charcoal Detox Facial Wipes 25 Pack,0,0,0,1.49,taxable,,Skincare,Beauty Formulas Activated Charcoal Detox Facial Wipes 25 Pack. A skincare product. Supplied as 25 Pack.,No regulation
simple,6921756492427,Flowflex COVID Antigen Rapid Test Lateral Flow (Self-Testing),0,0,0,1.49,taxable,,Testing & Monitoring,"Flowflex COVID Antigen Rapid Test Lateral Flow (Self-Testing). Always read the label and any leaflet supplied. If symptoms persist, speak to your pharmacist or doctor.",No regulation
simple,5054563009838,Panadol Orginal Paracetamol 12 Tablets,0,0,0,1.49,taxable,,Pain Relief,"Panadol Orginal Paracetamol 12 Tablets. Always read the label and any leaflet supplied. If symptoms persist, speak to your pharmacist or doctor. Supplied as 12 Tablets.",GSL
simple,8001090735300,Pantene Conditioner Smooth & Sleek 90ml,0,0,0,1.49,taxable,,Hair Care,Pantene Conditioner Smooth & Sleek 90ml. A hair care product. Supplied as 90ml.,No regulation
simple,5038581029382,Yankee Candle Home Inspiration Exotic Fruit 49g,0,0,0,1.49,taxable,,Beauty,Yankee Candle Home Inspiration Exotic Fruit 49g. A health and beauty product. Supplied as 49g.,No regulation
simple,8710908829949,Sure Men Invisible 48H Antiperspirant 150ml,0,0,0,1.49,taxable,,Beauty,Sure Men Invisible 48H Antiperspirant 150ml. A health and beauty product. Supplied as 150ml.,No regulation
simple,5012008561303,Cuticura Anti Bacterial Hand Gel 100ml,0,0,0,1.49,taxable,,Skincare,Cuticura Anti Bacterial Hand Gel 100ml. A skincare product. Supplied as 100ml.,No regulation
simple,5054805045167,Cidal Pink Grapefruit Antibacterial Liquid Handwash 250ml,0,0,0,1.49,taxable,,Beauty,Cidal Pink Grapefruit Antibacterial Liquid Handwash 250ml. A health and beauty product. Supplied as 250ml.,No regulation
simple,5025135113918,Malibu After Sun Lotion Spray 100ml,0,0,0,1.49,taxable,,Skincare,Malibu After Sun Lotion Spray 100ml. A skincare product. Supplied as 100ml.,No regulation
simple,5010724527399,Batiste Blush Dry Shampoo 50ml,0,0,0,1.49,taxable,,Hair Care,Batiste Blush Dry Shampoo 50ml. A hair care product. Supplied as 50ml.,No regulation
simple,5022545101580,L.O.L. Surprise! Soapy Foam 225ml,0,0,0,1.49,taxable,,Beauty,L.O.L. Surprise! Soapy Foam 225ml. A health and beauty product. Supplied as 225ml.,No regulation
simple,8720181079153,Lynx Excite Shower Gel 250ml,0,0,0,1.49,taxable,,Beauty,Lynx Excite Shower Gel 250ml. A health and beauty product. Supplied as 250ml.,No regulation
simple,5017848252442,Bells Hay Fever Relief Cetirizine 10mg 14 Pack,0,0,0,1.49,taxable,,General Health,Bells Hay Fever Relief Cetirizine 10mg 14 Pack. A health and wellbeing product. Supplied as 14 Pack.,GSL
simple,3616302970223,Max Factor Masterpiece Monos Eyeshadow Sandy Haze 07,0,0,0,1.49,taxable,,Beauty,Max Factor Masterpiece Monos Eyeshadow Sandy Haze 07. A health and beauty product.,No regulation
simple,5050895120845,All About Home Lint Rollers 3 Pack,0,0,0,1.49,taxable,,General Health,All About Home Lint Rollers 3 Pack. A health and wellbeing product. Supplied as 3 Pack.,No regulation
simple,8720182036094,Alberto Balsam Sunkissed Raspberry Shampoo Bar 75g,0,0,0,1.49,taxable,,Hair Care,Alberto Balsam Sunkissed Raspberry Shampoo Bar 75g. A hair care product. Supplied as 75g.,No regulation
simple,5017353500809,Galpharm Paracetamol 500mg 16 Caplets,0,0,0,1.49,taxable,,Pain Relief,"Galpharm Paracetamol 500mg 16 Caplets. Always read the label and any leaflet supplied. If symptoms persist, speak to your pharmacist or doctor. Supplied as 500mg.",GSL
simple,5056170343794,Jones & Co Styling Spray Bottle 400ml,0,0,0,1.49,taxable,,Hair Care,Jones & Co Styling Spray Bottle 400ml. A hair care product. Supplied as 400ml.,No regulation
simple,5060057403662,Almus Aspirin Gastro-Resistant 75mg 28 Tablets,0,0,0,1.49,taxable,,Pain Relief,"Almus Aspirin Gastro-Resistant 75mg 28 Tablets. Always read the label and any leaflet supplied. If symptoms persist, speak to your pharmacist or doctor. Supplied as 28 Tablets.",GSL
simple,5028763010857,Wisdom Sensitive + Whitening Toothpaste 100ml,0,0,0,1.49,taxable,,Oral Care,Wisdom Sensitive + Whitening Toothpaste 100ml. An oral care product. Supplied as 100ml.,No regulation
simple,5010441010792,Numark Fragranced Baby Wipes 72 Pack,0,0,0,1.49,taxable,,Baby & Child,Numark Fragranced Baby Wipes 72 Pack. A baby and child product. Supplied as 72 Pack.,No regulation
simple,5028763011403,Wisdom Fresh & Clean Mouthwash 500ml,0,0,0,1.49,taxable,,Oral Care,Wisdom Fresh & Clean Mouthwash 500ml. An oral care product. Supplied as 500ml.,No regulation
simple,5028763007772,Wisdom Fresh Effect Mouthwash Coolmint 500ml,0,0,0,1.49,taxable,,Oral Care,Wisdom Fresh Effect Mouthwash Coolmint 500ml. An oral care product. Supplied as 500ml.,No regulation
simple,5012251013178,Beauty Formulas Foaming Aloe Vera Makeup Remover Wipes 25 Pack,0,0,0,1.49,taxable,,Beauty,Beauty Formulas Foaming Aloe Vera Makeup Remover Wipes 25 Pack. A health and beauty product. Supplied as 25 Pack.,No regulation
simple,8711700921565,Dove Liquid Hand Wash Shea Butter 250ml,0,0,0,1.49,taxable,,Beauty,Dove Liquid Hand Wash Shea Butter 250ml. A health and beauty product. Supplied as 250ml.,No regulation
simple,5011417559208,Dettol Rose Restore Handwash 250ml,0,0,0,1.49,taxable,,Beauty,Dettol Rose Restore Handwash 250ml. A health and beauty product. Supplied as 250ml.,No regulation
simple,5011417572955,Dettol Antibacterial Multi-Surface Wipes 90 Pack,0,0,0,1.49,taxable,,Beauty,Dettol Antibacterial Multi-Surface Wipes 90 Pack. A health and beauty product. Supplied as 90 Pack.,No regulation
simple,4000196014313,Kamill Hand & Nail Cream Intensive 100ml,0,0,0,1.49,taxable,,Skincare,Kamill Hand & Nail Cream Intensive 100ml. A skincare product. Supplied as 100ml.,No regulation
simple,5053249269566,PestShield Mosquito & Insect Repellent Pump Spray 120ml,0,0,0,1.49,taxable,,Home & Household,PestShield Mosquito & Insect Repellent Pump Spray 120ml. A home and household product. Supplied as 120ml.,No regulation
simple,5000101502903,Carex Antibacterial Hand Sanitiser Aloe Vera Gel 50ml,0,0,0,1.49,taxable,,Skincare,Carex Antibacterial Hand Sanitiser Aloe Vera Gel 50ml. A skincare product. Supplied as 50ml.,No regulation
simple,50096367,Sure Cotton Dry Anti-Perspirant Roll On 50ml,0,0,0,1.49,taxable,,Beauty,Sure Cotton Dry Anti-Perspirant Roll On 50ml. A health and beauty product. Supplied as 50ml.,No regulation
simple,8699568513996,Clairol Colour Crave Bronze,0,0,0,1.49,taxable,,General Health,Clairol Colour Crave Bronze. A health and wellbeing product.,No regulation
simple,8699568513873,Clairol Colour Crave Amethyst,0,0,0,1.49,taxable,,General Health,Clairol Colour Crave Amethyst. A health and wellbeing product.,No regulation
simple,8001841141374,Oral-B 1-2-3 Extra Fresh Toothpaste 100ml,0,0,0,1.49,taxable,,Oral Care,Oral-B 1-2-3 Extra Fresh Toothpaste 100ml. An oral care product. Supplied as 100ml.,No regulation
simple,8712561847315,Simple Pure Geranium Hand Wash 250ml,0,0,0,1.49,taxable,,Beauty,Simple Pure Geranium Hand Wash 250ml. A health and beauty product. Supplied as 250ml.,No regulation
simple,3574661440477,Johnson's Baby Cotton Buds 200 Paper Sticks,0,0,0,1.49,taxable,,Baby & Child,Johnson's Baby Cotton Buds 200 Paper Sticks. A baby and child product.,No regulation
simple,3574661087283,Johnson's Face Care Makeup Be Gone Clear Skin 25 Wipes,0,0,0,1.49,taxable,,Skincare,Johnson's Face Care Makeup Be Gone Clear Skin 25 Wipes. A skincare product. Supplied as 25 Wipes.,No regulation
simple,3600542373319,Garnier Ultimate Blends Ginger Recovery Revitalising Shampoo Bar 60g,0,0,0,1.49,taxable,,Hair Care,Garnier Ultimate Blends Ginger Recovery Revitalising Shampoo Bar 60g. A hair care product. Supplied as 60g.,No regulation
simple,4015400259275,Always Maxi Classic Normal Pads with Wings 10 Pack,0,0,0,1.49,taxable,zero-rate,Women's Health,Always Maxi Classic Normal Pads with Wings 10 Pack. A women's health product. Supplied as 10 Pack.,No regulation
simple,5012251013475,Beauty Formulas Freshbreath Charcoal Toothbrush & Toothpaste 100ml,0,0,0,1.49,taxable,,Oral Care,Beauty Formulas Freshbreath Charcoal Toothbrush & Toothpaste 100ml. An oral care product. Supplied as 100ml.,No regulation
simple,96201381,Soft & Gentle Anti-Perspirant Roll On Fresh Blossom 50ml,0,0,0,1.49,taxable,,Beauty,Soft & Gentle Anti-Perspirant Roll On Fresh Blossom 50ml. A health and beauty product. Supplied as 50ml.,No regulation
simple,8712561698153,Vo5 Cond Give Me Moisture 250ml,0,0,0,1.49,taxable,,Skincare,Vo5 Cond Give Me Moisture 250ml. A skincare product. Supplied as 250ml.,No regulation
simple,5012251012355,Beauty Formulas Eyebrow Shapers 14 Pre-Cut Strips,0,0,0,1.49,taxable,,General Health,Beauty Formulas Eyebrow Shapers 14 Pre-Cut Strips. A health and wellbeing product.,No regulation
simple,5060228453519,Teletubbies Bath & Shower Gel 400ml,0,0,0,1.49,taxable,,Beauty,Teletubbies Bath & Shower Gel 400ml. A health and beauty product. Supplied as 400ml.,No regulation
simple,3616302970230,Max Factor Masterpiece Monos Eyeshadow Cryptic Rust 008,0,0,0,1.49,taxable,,Beauty,Max Factor Masterpiece Monos Eyeshadow Cryptic Rust 008. A health and beauty product.,No regulation
simple,5060228453441,Paw Patrol Nickelodeon Bath & Shower Gel 400ml,0,0,0,1.49,taxable,,Beauty,Paw Patrol Nickelodeon Bath & Shower Gel 400ml. A health and beauty product. Supplied as 400ml.,No regulation
simple,5014749199135,CS Beauty Shoulder Cape,0,0,0,1.49,taxable,,General Health,CS Beauty Shoulder Cape. A health and wellbeing product.,No regulation
simple,4000388177000,Dove Caring Hand Wash 250ml,0,0,0,1.49,taxable,,Beauty,Dove Caring Hand Wash 250ml. A health and beauty product. Supplied as 250ml.,No regulation
simple,9329401000701,The Baby Goat Skincare Soap Bar 100g,0,0,0,1.49,taxable,,Baby & Child,The Baby Goat Skincare Soap Bar 100g. A baby and child product. Supplied as 100g.,No regulation
simple,0672935104131,Absolute White Dailies Travel Kit,0,0,0,1.49,taxable,,General Health,Absolute White Dailies Travel Kit. A health and wellbeing product.,No regulation
simple,7610700612507,Ricola Lemon Mint Sugar Free Lozenges 45g,0,0,0,1.49,taxable,,Cold & Flu,"Ricola Lemon Mint Sugar Free Lozenges 45g. Always read the label and any leaflet supplied. If symptoms persist, speak to your pharmacist or doctor. Supplied as 45g.",No regulation
simple,5028270000426,Simply Cotton Cotton Wool Balls White 200 Pack,0,0,0,1.49,taxable,,First Aid,"Simply Cotton Cotton Wool Balls White 200 Pack. Always read the label and any leaflet supplied. If symptoms persist, speak to your pharmacist or doctor. Supplied as 200 Pack.",No regulation
simple,8714789086477,Colgate Minions 4-6 Years Extra Soft Kids Toothbrush,0,0,0,1.49,taxable,,Oral Care,Colgate Minions 4-6 Years Extra Soft Kids Toothbrush. An oral care product.,No regulation
simple,5000101230745,Imperial Leather Original 3 Pack,0,0,0,1.49,taxable,,General Health,Imperial Leather Original 3 Pack. A health and wellbeing product. Supplied as 3 Pack.,No regulation
simple,0732068579951,Navita Antibacterial Hand Gel 50ml,0,0,0,1.49,taxable,,Skincare,Navita Antibacterial Hand Gel 50ml. A skincare product. Supplied as 50ml.,No regulation
simple,5025903023166,Careway Fabric Strapping 2.5cm X 3m,0,0,0,1.49,taxable,,General Health,Careway Fabric Strapping 2.5cm X 3m. A health and wellbeing product.,No regulation
simple,5055028321755,Enliven Fresh Mint Mouthwash 500ml,0,0,0,1.49,taxable,,Oral Care,Enliven Fresh Mint Mouthwash 500ml. An oral care product. Supplied as 500ml.,No regulation
simple,3574661384665,Johnson's Soft & Pamper Body Wash 400ml,0,0,0,1.49,taxable,,Beauty,Johnson's Soft & Pamper Body Wash 400ml. A health and beauty product. Supplied as 400ml.,No regulation
simple,5054805042456,Cidal Antibacterial Liquid Handwash 250ml,0,0,0,1.49,taxable,,Beauty,Cidal Antibacterial Liquid Handwash 250ml. A health and beauty product. Supplied as 250ml.,No regulation
simple,8712561698689,Vo5 Shamp Nourish My Shine 250ml,0,0,0,1.49,taxable,,General Health,Vo5 Shamp Nourish My Shine 250ml. A health and wellbeing product. Supplied as 250ml.,No regulation
simple,5012008740005,Inecto Body Lotion Aloe Vera 500ml,0,0,0,1.49,taxable,,Skincare,Inecto Body Lotion Aloe Vera 500ml. A skincare product. Supplied as 500ml.,No regulation
simple,8712561824415,Radox Men Powerful Caffeine & Guarana-2-In-1 Shower Gel & Shampoo 250ml,0,0,0,1.49,taxable,,Hair Care,Radox Men Powerful Caffeine & Guarana-2-In-1 Shower Gel & Shampoo 250ml. A hair care product. Supplied as 250ml.,No regulation
simple,7610700612859,Ricola Delicious Elderflower Sugar Free Lozenges 45g,0,0,0,1.49,taxable,,Cold & Flu,"Ricola Delicious Elderflower Sugar Free Lozenges 45g. Always read the label and any leaflet supplied. If symptoms persist, speak to your pharmacist or doctor. Supplied as 45g.",No regulation
simple,59095781,Sure Bright Bouquet Roll-on 48H Anti-perspirant 50ml,0,0,0,1.49,taxable,,Beauty,Sure Bright Bouquet Roll-on 48H Anti-perspirant 50ml. A health and beauty product. Supplied as 50ml.,No regulation
simple,5038581053844,Woodwick Candle Petite Fireside 31g,0,0,0,1.49,taxable,,Beauty,Woodwick Candle Petite Fireside 31g. A health and beauty product. Supplied as 31g.,No regulation
simple,5010622005012,Oral-B Essential Dental Floss Unwaxed 50m,0,0,0,1.49,taxable,,Oral Care,Oral-B Essential Dental Floss Unwaxed 50m. An oral care product.,No regulation
simple,5060228456077,Peppa Pig Colour Changing Hand Soap 250ml,0,0,0,1.49,taxable,,Beauty,Peppa Pig Colour Changing Hand Soap 250ml. A health and beauty product. Supplied as 250ml.,No regulation
simple,5056170310383,Jones & Co Self Grip Styling Hair Rollers 4 Pack,0,0,0,1.49,taxable,,Hair Care,Jones & Co Self Grip Styling Hair Rollers 4 Pack. A hair care product. Supplied as 4 Pack.,No regulation
simple,8699568514405,Clairol Color Crave Semi-Permanent Teal,0,0,0,1.49,taxable,,General Health,Clairol Color Crave Semi-Permanent Teal. A health and wellbeing product.,No regulation
simple,9329401000428,The Goat Skincare Soap Bar with Chamomile 100g,0,0,0,1.49,taxable,,Skincare,The Goat Skincare Soap Bar with Chamomile 100g. A skincare product. Supplied as 100g.,No regulation
simple,8710908657672,Baby Dove Nappy Cream Rich Moisture 45g,0,0,0,1.49,taxable,,Baby & Child,Baby Dove Nappy Cream Rich Moisture 45g. A baby and child product. Supplied as 45g.,No regulation
simple,5050895074506,Zazie Cosmetic Bag,0,0,0,1.49,taxable,,Beauty,Zazie Cosmetic Bag. A health and beauty product.,No regulation
simple,5060946243973,Peppa Pig Double Handle Baby Bottle,0,0,0,1.49,taxable,,Baby & Child,Peppa Pig Double Handle Baby Bottle. A baby and child product.,No regulation
simple,9329401000435,The Goat Skincare Soap Bar with Chia Seed Oil 100g,0,0,0,1.49,taxable,,Skincare,The Goat Skincare Soap Bar with Chia Seed Oil 100g. A skincare product. Supplied as 100g.,No regulation
simple,5028763006706,Wisdom Interdental Brushes 0.45mm 5 Pack,0,0,0,1.49,taxable,,Oral Care,Wisdom Interdental Brushes 0.45mm 5 Pack. An oral care product. Supplied as 5 Pack.,No regulation
simple,5028763009653,Wisdom Interdental Brushes 0.8mm 5 Pack,0,0,0,1.49,taxable,,Oral Care,Wisdom Interdental Brushes 0.8mm 5 Pack. An oral care product. Supplied as 5 Pack.,No regulation
simple,1845678901001,Crescent Cetirizine Dihydrochloride 10mg 30 Tablets,0,0,0,1.49,taxable,,Vitamins,Crescent Cetirizine Dihydrochloride 10mg 30 Tablets. A vitamins and supplements product. Supplied as 30 Tablets.,GSL
simple,5056170302371,Gem Foot Care Brush,0,0,0,1.49,taxable,,General Health,Gem Foot Care Brush. A health and wellbeing product.,No regulation
simple,5024071250015,Aspar Senna Constipation Relief 20 Tablets,0,0,0,1.49,taxable,,Digestive,"Aspar Senna Constipation Relief 20 Tablets. Always read the label and any leaflet supplied. If symptoms persist, speak to your pharmacist or doctor. Supplied as 20 Tablets.",GSL
simple,5037200110050,Sunday Rain Aloe Vera & Sweet Mint Foot Soak 400g,0,0,0,1.49,taxable,,General Health,Sunday Rain Aloe Vera & Sweet Mint Foot Soak 400g. A health and wellbeing product. Supplied as 400g.,No regulation
simple,6111079005767,Johnson's Baby Shampoo Chamomile 300ml,0,0,0,1.49,taxable,,Baby & Child,Johnson's Baby Shampoo Chamomile 300ml. A baby and child product. Supplied as 300ml.,No regulation
simple,5037378009538,Anovia Foot Repair Foot Cream 125ml,0,0,0,1.49,taxable,,Skincare,Anovia Foot Repair Foot Cream 125ml. A skincare product. Supplied as 125ml.,No regulation
simple,5038581029474,Yankee Candle Home Inspiration Vanilla Frosting 49g,0,0,0,1.49,taxable,,First Aid,"Yankee Candle Home Inspiration Vanilla Frosting 49g. Always read the label and any leaflet supplied. If symptoms persist, speak to your pharmacist or doctor. Supplied as 49g.",No regulation
simple,5050895186582,Zazie Rectangular Mirror,0,0,0,1.49,taxable,,General Health,Zazie Rectangular Mirror. A health and wellbeing product.,No regulation
simple,5010058057050,Ultra Lite Bandages 10cmx4.5m,0,0,0,1.49,taxable,,First Aid,"Ultra Lite Bandages 10cmx4.5m. Always read the label and any leaflet supplied. If symptoms persist, speak to your pharmacist or doctor.",No regulation
simple,0810020170948,Bondi Sands Glo Pearl Lights 250ml,0,0,0,1.49,taxable,,General Health,Bondi Sands Glo Pearl Lights 250ml. A health and wellbeing product. Supplied as 250ml.,No regulation
simple,8717163605776,Dove Nourishing Silk Hand Wash 250ml,0,0,0,1.49,taxable,,Beauty,Dove Nourishing Silk Hand Wash 250ml. A health and beauty product. Supplied as 250ml.,No regulation
simple,3600542413800,Garnier Ultimate Blends Marvellous Oils Nourishing Shampoo Bar 60g,0,0,0,1.49,taxable,,Hair Care,Garnier Ultimate Blends Marvellous Oils Nourishing Shampoo Bar 60g. A hair care product. Supplied as 60g.,No regulation
simple,8006540806876,Always Dailies Singles To Go Liners 20 pack,0,0,0,1.49,taxable,zero-rate,Women's Health,Always Dailies Singles To Go Liners 20 pack. A women's health product. Supplied as 20 pack.,No regulation
simple,3574661384627,Johnson's Soft & Nourish Body Wash 400ml,0,0,0,1.49,taxable,,Beauty,Johnson's Soft & Nourish Body Wash 400ml. A health and beauty product. Supplied as 400ml.,No regulation
simple,8710908829925,Sure Men Dry Antiperspirant Deodorant 150ml,0,0,0,1.49,taxable,,Beauty,Sure Men Dry Antiperspirant Deodorant 150ml. A health and beauty product. Supplied as 150ml.,No regulation
simple,5028635004045,Softy Facial Tissues Pocket Packs 10 Pack,0,0,0,1.49,taxable,,Skincare,Softy Facial Tissues Pocket Packs 10 Pack. A skincare product. Supplied as 10 Pack.,No regulation
simple,5000453121760,VitaminStore Effervescent Energy Release Tablets,0,0,0,1.49,taxable,,Vitamins,VitaminStore Effervescent Energy Release Tablets. A vitamins and supplements product.,No regulation
simple,5025135118845,Malibu Ice Blue Cooling After Sun Gel 100ml,0,0,0,1.49,taxable,,Skincare,Malibu Ice Blue Cooling After Sun Gel 100ml. A skincare product. Supplied as 100ml.,No regulation
simple,5023674115813,Country Club Face Cloths 3 Pack,0,0,0,1.49,taxable,,Skincare,Country Club Face Cloths 3 Pack. A skincare product. Supplied as 3 Pack.,No regulation
simple,5010441013892,Numark Tea Tree & Aloe Vera Antibacterial Handwash 500ml,0,0,0,1.49,taxable,,Beauty,Numark Tea Tree & Aloe Vera Antibacterial Handwash 500ml. A health and beauty product. Supplied as 500ml.,No regulation
simple,8699568513958,Clairol Colour Crave Copper,0,0,0,1.49,taxable,,General Health,Clairol Colour Crave Copper. A health and wellbeing product.,No regulation
simple,3600542032643,Garnier Boosting Juicy Face Radiance Mask 8ml,0,0,0,1.49,taxable,,First Aid,"Garnier Boosting Juicy Face Radiance Mask 8ml. Always read the label and any leaflet supplied. If symptoms persist, speak to your pharmacist or doctor. Supplied as 8ml.",No regulation
simple,5012251010009,Beauty Formulas Intimate Deodorising Wash Feminine 250ml,0,0,0,1.49,taxable,,Sexual Wellness,"Beauty Formulas Intimate Deodorising Wash Feminine 250ml. Always read the label and any leaflet supplied. If symptoms persist, speak to your pharmacist or doctor. Supplied as 250ml.",No regulation
simple,5025971208281,Lil-Lets 100 Cotton Wool Round Pads,0,0,0,1.49,taxable,zero-rate,First Aid,"Lil-Lets 100 Cotton Wool Round Pads. Always read the label and any leaflet supplied. If symptoms persist, speak to your pharmacist or doctor.",No regulation
simple,42182634,Vaseline Original Petroleum Jelly 100ml,0,0,0,1.49,taxable,,General Health,Vaseline Original Petroleum Jelly 100ml. A health and wellbeing product. Supplied as 100ml.,No regulation
simple,5060120162151,Xpel Kids Mosquito & Insect Repellent 2 Bands,0,0,0,1.49,taxable,,Home & Household,Xpel Kids Mosquito & Insect Repellent 2 Bands. A home and household product.,No regulation
simple,0309976009018,Revlon Colorstay Gel Envy Need More Encore,0,0,0,1.49,taxable,,Skincare,Revlon Colorstay Gel Envy Need More Encore. A skincare product.,No regulation
simple,4005808130610,Nivea Men Sport Shower Gel 250ml,0,0,0,1.49,taxable,,Beauty,Nivea Men Sport Shower Gel 250ml. A health and beauty product. Supplied as 250ml.,No regulation
simple,8714789194783,Colgate Toothbrush Smiles 6+ Years,0,0,0,1.49,taxable,,Oral Care,Colgate Toothbrush Smiles 6+ Years. An oral care product.,No regulation
simple,5012251006224,Beauty Formulas Active Mouthwash Extra Strength Cool Mint 500ml,0,0,0,1.49,taxable,,Oral Care,Beauty Formulas Active Mouthwash Extra Strength Cool Mint 500ml. An oral care product. Supplied as 500ml.,No regulation
simple,8006540097205,Herbal Essences Nourish Passion Flower Vegan Conditioner 275ml,0,0,0,1.49,taxable,,Hair Care,Herbal Essences Nourish Passion Flower Vegan Conditioner 275ml. A hair care product. Supplied as 275ml.,No regulation
simple,5037741990456,Zazie Nail Polish Remover Acetone Free 250ml,0,0,0,1.49,taxable,,Beauty,Zazie Nail Polish Remover Acetone Free 250ml. A health and beauty product. Supplied as 250ml.,No regulation
simple,5060120177827,XOC Toothpaste Peachy Clean 60ml,0,0,0,1.49,taxable,,Oral Care,XOC Toothpaste Peachy Clean 60ml. An oral care product. Supplied as 60ml.,No regulation
simple,5025903023111,Careway Crepe Bandage 7.5cm,0,0,0,1.49,taxable,,First Aid,"Careway Crepe Bandage 7.5cm. Always read the label and any leaflet supplied. If symptoms persist, speak to your pharmacist or doctor.",No regulation
simple,0309971370274,Cutex Ultra Powerful Polish Remover 100ml,0,0,0,1.49,taxable,,General Health,Cutex Ultra Powerful Polish Remover 100ml. A health and wellbeing product. Supplied as 100ml.,No regulation
simple,80809494,Mentos Peppermint Gum 40 Pieces,0,0,0,1.49,taxable,,Oral Care,Mentos Peppermint Gum 40 Pieces. An oral care product.,No regulation
simple,8714789763460,Sanex Deo Roll-On for Men Active 50ml,0,0,0,1.49,taxable,,Men's Health,Sanex Deo Roll-On for Men Active 50ml. A men's health product. Supplied as 50ml.,No regulation
simple,3574660583168,Johnson's Face Care Daily Essentials Gentle Exfoliating Wash 150ml,0,0,0,1.49,taxable,,Skincare,Johnson's Face Care Daily Essentials Gentle Exfoliating Wash 150ml. A skincare product. Supplied as 150ml.,No regulation
simple,0038107228034,Possibility Shower Gel Zesty Orange 200ml,0,0,0,1.49,taxable,,Beauty,Possibility Shower Gel Zesty Orange 200ml. A health and beauty product. Supplied as 200ml.,No regulation
simple,5410076926046,Oral-B Toothpaste Complete White Extra White 75ml,0,0,0,1.49,taxable,,Oral Care,Oral-B Toothpaste Complete White Extra White 75ml. An oral care product. Supplied as 75ml.,No regulation
simple,8720181336188,Radox Shower Gel Feel Radiant 225ml,0,0,0,1.49,taxable,,Beauty,Radox Shower Gel Feel Radiant 225ml. A health and beauty product. Supplied as 225ml.,No regulation
simple,0672935557180,Firefly PJ Masks Travel Kit Toothbrush & Cap 2 Pack,0,0,0,1.49,taxable,,Oral Care,Firefly PJ Masks Travel Kit Toothbrush & Cap 2 Pack. An oral care product. Supplied as 2 Pack.,No regulation
simple,3574661384580,Johnson's Soft & Energise Body Wash 400ml,0,0,0,1.49,taxable,,Beauty,Johnson's Soft & Energise Body Wash 400ml. A health and beauty product. Supplied as 400ml.,No regulation
simple,0038107228010,Possibility Shower Gel Strawberry Bliss 200ml,0,0,0,1.49,taxable,,Beauty,Possibility Shower Gel Strawberry Bliss 200ml. A health and beauty product. Supplied as 200ml.,No regulation
simple,8710447241745,Impulse Burnt Marshmallow + Leather Jacket Body Mist 150ml,0,0,0,1.49,taxable,,Beauty,Impulse Burnt Marshmallow + Leather Jacket Body Mist 150ml. A health and beauty product. Supplied as 150ml.,No regulation
simple,5060013943140,Allergy relief - Bristol Chlorphenamine 4mg 28 Tablets,0,0,0,1.49,taxable,,Prescription Medicines,"Allergy relief - Bristol Chlorphenamine 4mg 28 Tablets. Prescription-only medicine, supplied after an online consultation with our pharmacist. Always read the label and any leaflet supplied. If symptoms persist, speak to your pharmacist or doctor. Supplied as 28 Tablets.",P
simple,5025135112270,Malibu Lotion SPF10 100ml,0,0,0,1.49,taxable,,Skincare,Malibu Lotion SPF10 100ml. A skincare product. Supplied as 100ml.,No regulation
simple,8717163023839,Dove Liquid Hand Soap Cucumber 250ml,0,0,0,1.49,taxable,,Beauty,Dove Liquid Hand Soap Cucumber 250ml. A health and beauty product. Supplied as 250ml.,No regulation
simple,5054805039753,Cidal Antibacterial Cleansing Bars 2 x 100g,0,0,0,1.49,taxable,,Skincare,Cidal Antibacterial Cleansing Bars 2 x 100g. A skincare product. Supplied as 2 x 100g.,No regulation
simple,5012616267154,Firefly Spider-Man Twin Pack Toothbrush & Caps,0,0,0,1.49,taxable,,Oral Care,Firefly Spider-Man Twin Pack Toothbrush & Caps. An oral care product.,No regulation
simple,5050895242554,Athena Nail Brushes 3 Pack,0,0,0,1.49,taxable,,Beauty,Athena Nail Brushes 3 Pack. A health and beauty product. Supplied as 3 Pack.,No regulation
simple,5017353505286,Galpharm Flu-Max All-in-One Chesty Cough & Cold 16 Tablets,0,0,0,1.49,taxable,,Cold & Flu,"Galpharm Flu-Max All-in-One Chesty Cough & Cold 16 Tablets. Always read the label and any leaflet supplied. If symptoms persist, speak to your pharmacist or doctor. Supplied as 16 Tablets.",GSL
simple,8001090361998,Always Dailies Singles To Go Scented 20 Liners,0,0,0,1.49,taxable,zero-rate,Women's Health,Always Dailies Singles To Go Scented 20 Liners. A women's health product.,No regulation
simple,5012251010405,Beauty Formulas Shampoo Tea Tree 200ml,0,0,0,1.49,taxable,,Hair Care,Beauty Formulas Shampoo Tea Tree 200ml. A hair care product. Supplied as 200ml.,No regulation
simple,8001090735270,Pantene Shampoo Smooth & Sleek 90ml,0,0,0,1.49,taxable,,Hair Care,Pantene Shampoo Smooth & Sleek 90ml. A hair care product. Supplied as 90ml.,No regulation
simple,4005808505999,Nivea Creme Soft Care Soap 100g 2 Pack,0,0,0,1.49,taxable,,Beauty,Nivea Creme Soft Care Soap 100g 2 Pack. A health and beauty product. Supplied as 2 Pack.,No regulation
simple,5000347035937,Aquafresh Fresh & Minty Toothpaste 75ml,0,0,0,1.49,taxable,,Oral Care,Aquafresh Fresh & Minty Toothpaste 75ml. An oral care product. Supplied as 75ml.,No regulation
simple,5024874015101,Valupak Calcium & Vitamin D 400mg 30 Tablets,0,0,0,1.49,taxable,,Vitamins,Valupak Calcium & Vitamin D 400mg 30 Tablets. A vitamins and supplements product. Supplied as 30 Tablets.,No regulation
simple,5010058044883,Fast Aid Dressing Adhesive 6.5cm x 8cm 5 Pack,0,0,0,1.49,taxable,,First Aid,"Fast Aid Dressing Adhesive 6.5cm x 8cm 5 Pack. Always read the label and any leaflet supplied. If symptoms persist, speak to your pharmacist or doctor. Supplied as 5 Pack.",No regulation
simple,5000347090943,Aquafresh Little Teeth Toothpaste 3-5 Years 50ml,0,0,0,1.49,taxable,,Oral Care,Aquafresh Little Teeth Toothpaste 3-5 Years 50ml. An oral care product. Supplied as 50ml.,No regulation
simple,5010441000250,Numark Aspirin 300mg 32 Tablets,0,0,0,1.49,taxable,,Pain Relief,"Numark Aspirin 300mg 32 Tablets. Prescription-only medicine, supplied after an online consultation with our pharmacist. Always read the label and any leaflet supplied. If symptoms persist, speak to your pharmacist or doctor. Supplied as 32 Tablets.",P
simple,4987072027219,Hothands Hand Warmers 2 Pack,0,0,0,1.49,taxable,,General Health,Hothands Hand Warmers 2 Pack. A health and wellbeing product. Supplied as 2 Pack.,No regulation
simple,8714789762876,Sanex Dermo-Invisible Roll-On Deodorant 50ml,0,0,0,1.49,taxable,,Beauty,Sanex Dermo-Invisible Roll-On Deodorant 50ml. A health and beauty product. Supplied as 50ml.,No regulation
simple,96201411,Soft & Gentle Anti-Perspirant Roll On Orchid Desire 50ml,0,0,0,1.49,taxable,,Beauty,Soft & Gentle Anti-Perspirant Roll On Orchid Desire 50ml. A health and beauty product. Supplied as 50ml.,No regulation
simple,5053249270166,PestShield Mosquito & Insect Reppelent Wipes 25 Pack,0,0,0,1.49,taxable,,Home & Household,PestShield Mosquito & Insect Reppelent Wipes 25 Pack. A home and household product. Supplied as 25 Pack.,No regulation
simple,8720181079184,Lynx Shower Gel Gold 225ml,0,0,0,1.49,taxable,,Beauty,Lynx Shower Gel Gold 225ml. A health and beauty product. Supplied as 225ml.,No regulation
simple,8710447482704,Dove Glowing Hand Wash 250ml,0,0,0,1.49,taxable,,Beauty,Dove Glowing Hand Wash 250ml. A health and beauty product. Supplied as 250ml.,No regulation
simple,5025903022930,Careway Aqueous Cream 100g,0,0,0,1.49,taxable,,Skincare,Careway Aqueous Cream 100g. A skincare product. Supplied as 100g.,GSL
simple,0309971370205,Cutex Acetone Free Nail Polish Remover 200ml,0,0,0,1.49,taxable,,Beauty,Cutex Acetone Free Nail Polish Remover 200ml. A health and beauty product. Supplied as 200ml.,No regulation
simple,5000101799556,Carex Sensitive 2H Protection Antibacterial Handwash 250ml,0,0,0,1.49,taxable,,Beauty,Carex Sensitive 2H Protection Antibacterial Handwash 250ml. A health and beauty product. Supplied as 250ml.,No regulation
simple,80823438,Mentos Bubble Fresh Gum 40 pieces,0,0,0,1.49,taxable,,Oral Care,Mentos Bubble Fresh Gum 40 pieces. An oral care product.,No regulation
simple,8001841479804,Always Cotton Protection Pads Wings Normal 12's,0,0,0,1.49,taxable,zero-rate,Women's Health,Always Cotton Protection Pads Wings Normal 12's. A women's health product.,No regulation
simple,8710447229613,Simple Pollution Protect Sheet Mask,0,0,0,1.49,taxable,,Skincare,Simple Pollution Protect Sheet Mask. A skincare product.,No regulation
simple,5012008740203,Inecto Body Lotion Grapefruit 500ml,0,0,0,1.49,taxable,,Skincare,Inecto Body Lotion Grapefruit 500ml. A skincare product. Supplied as 500ml.,No regulation
simple,5060228453434,Peppa Pig Bath & Shower Gel 400ml,0,0,0,1.49,taxable,,Beauty,Peppa Pig Bath & Shower Gel 400ml. A health and beauty product. Supplied as 400ml.,No regulation
simple,5012583009665,Schwarzkopf Gliss Total Repair Shampoo 250ml,0,0,0,1.49,taxable,,Hair Care,Schwarzkopf Gliss Total Repair Shampoo 250ml. A hair care product. Supplied as 250ml.,No regulation
simple,5000101665400,Carex Aloe Vera Hand Wash 250ml,0,0,0,1.49,taxable,,Beauty,Carex Aloe Vera Hand Wash 250ml. A health and beauty product. Supplied as 250ml.,No regulation
simple,5011417554876,Dettol Anti-Bacterial Original Soap 100g 2 Pack,0,0,0,1.49,taxable,,Beauty,Dettol Anti-Bacterial Original Soap 100g 2 Pack. A health and beauty product. Supplied as 2 Pack.,No regulation
simple,8714789762845,Sanex Dermo Extra Control Roll On Anti-Perspirant 50ml,0,0,0,1.49,taxable,,Beauty,Sanex Dermo Extra Control Roll On Anti-Perspirant 50ml. A health and beauty product. Supplied as 50ml.,No regulation
simple,5038581020129,Yankee Candle Home Inspiration Cosy Up 49g,0,0,0,1.49,taxable,,Beauty,Yankee Candle Home Inspiration Cosy Up 49g. A health and beauty product. Supplied as 49g.,No regulation
simple,5050895087506,Zazie Travel Bottle Set,0,0,0,1.49,taxable,,General Health,Zazie Travel Bottle Set. A health and wellbeing product.,No regulation
simple,5028763009592,Wisdom Quantum Whitening Toothbrush,0,0,0,1.49,taxable,,Oral Care,Wisdom Quantum Whitening Toothbrush. An oral care product.,No regulation
simple,7610700614266,Ricola The Original Sugar Free Lozenges 45g,0,0,0,1.49,taxable,,Cold & Flu,"Ricola The Original Sugar Free Lozenges 45g. Always read the label and any leaflet supplied. If symptoms persist, speak to your pharmacist or doctor. Supplied as 45g.",No regulation
simple,5017353500618,Galpharm Galprofen Ibuprofen 8 Capsules 200mg,0,0,0,1.49,taxable,,Pain Relief,"Galpharm Galprofen Ibuprofen 8 Capsules 200mg. Always read the label and any leaflet supplied. If symptoms persist, speak to your pharmacist or doctor. Supplied as 200mg.",GSL
simple,8718951431843,Sanex Dermo Care 48H Roll-On Antiperspirant 50ml,0,0,0,1.49,taxable,,Beauty,Sanex Dermo Care 48H Roll-On Antiperspirant 50ml. A health and beauty product. Supplied as 50ml.,No regulation
simple,8718951265738,Colgate Little Kids' Smiles 3+ Years Toothpaste 50ml,0,0,0,1.49,taxable,,Oral Care,Colgate Little Kids' Smiles 3+ Years Toothpaste 50ml. An oral care product. Supplied as 50ml.,No regulation
simple,7643022217150,Shea Moisture Raw Shea Butter Deep Treatment Masque 59ml,0,0,0,1.49,taxable,,Skincare,Shea Moisture Raw Shea Butter Deep Treatment Masque 59ml. A skincare product. Supplied as 59ml.,No regulation
simple,5010441014356,Numark Self Adhesive Dressing 5.3 x 7cm 5 Pack,0,0,0,1.49,taxable,,First Aid,"Numark Self Adhesive Dressing 5.3 x 7cm 5 Pack. Always read the label and any leaflet supplied. If symptoms persist, speak to your pharmacist or doctor. Supplied as 5 Pack.",No regulation
simple,5010724513934,Femfresh Feminine Intimate Wipes 15 Pack,0,0,0,1.49,taxable,,Sexual Wellness,"Femfresh Feminine Intimate Wipes 15 Pack. Always read the label and any leaflet supplied. If symptoms persist, speak to your pharmacist or doctor. Supplied as 15 Pack.",No regulation
simple,3574669907651,Johnson's Baby Shampoo 100ml,0,0,0,1.49,taxable,,Baby & Child,Johnson's Baby Shampoo 100ml. A baby and child product. Supplied as 100ml.,No regulation
simple,5900998000332,Carex Hand Wash Original 250ml,0,0,0,1.49,taxable,,Beauty,Carex Hand Wash Original 250ml. A health and beauty product. Supplied as 250ml.,No regulation
simple,5055028321748,Enliven Cool Mint Alcohol-Free Mouthwash 500ml,0,0,0,1.45,taxable,,Oral Care,Enliven Cool Mint Alcohol-Free Mouthwash 500ml. An oral care product. Supplied as 500ml.,No regulation
simple,8699568514368,Clairol Color Crave Semi-Permanent Candy Apple,0,0,0,1.39,taxable,,General Health,Clairol Color Crave Semi-Permanent Candy Apple. A health and wellbeing product.,No regulation
simple,8699568514443,Clairol Color Crave Semi-Permanent Emerald,0,0,0,1.39,taxable,,General Health,Clairol Color Crave Semi-Permanent Emerald. A health and wellbeing product.,No regulation
simple,8001090632463,Oral-B Baby Toothpaste 0-2 Years 75ml,0,0,0,1.39,taxable,,Baby & Child,Oral-B Baby Toothpaste 0-2 Years 75ml. A baby and child product. Supplied as 75ml.,No regulation
simple,4000196014290,Kamill Sensitive Hand Cream 100ml,0,0,0,1.39,taxable,,Skincare,Kamill Sensitive Hand Cream 100ml. A skincare product. Supplied as 100ml.,No regulation
simple,5060057403143,Almus Dispersible Aspirin 300mg 32 Tablets,0,0,0,1.39,taxable,,Pain Relief,"Almus Dispersible Aspirin 300mg 32 Tablets. Prescription-only medicine, supplied after an online consultation with our pharmacist. Always read the label and any leaflet supplied. If symptoms persist, speak to your pharmacist or doctor. Supplied as 32 Tablets.",P
simple,8710908658075,Baby Dove Sensitive Skin Care Lotion Rich Moisture 200ml,0,0,0,1.39,taxable,,Baby & Child,Baby Dove Sensitive Skin Care Lotion Rich Moisture 200ml. A baby and child product. Supplied as 200ml.,No regulation
simple,87342352,Vaseline Poppy Doll Face Red Lip Tin 20g,0,0,0,1.39,taxable,,Skincare,Vaseline Poppy Doll Face Red Lip Tin 20g. A skincare product. Supplied as 20g.,No regulation
simple,4084500197985,Pantene Dry Shampoo Colour Protect 65ml,0,0,0,1.39,taxable,,Hair Care,Pantene Dry Shampoo Colour Protect 65ml. A hair care product. Supplied as 65ml.,No regulation
simple,3574661093994,Johnson's Vita-Rich Replenishing Body Lotion Raspberry 250ml,0,0,0,1.39,taxable,,Skincare,Johnson's Vita-Rich Replenishing Body Lotion Raspberry 250ml. A skincare product. Supplied as 250ml.,No regulation
simple,5013692250238,Baby Shark Bubble Bath 400ml,0,0,0,1.39,taxable,,Baby & Child,Baby Shark Bubble Bath 400ml. A baby and child product. Supplied as 400ml.,No regulation
simple,8710447205907,Radox Feel Vibrant Blood Orange & Ginger Scent Shower Mousse 200ml,0,0,0,1.39,taxable,,Hair Care,Radox Feel Vibrant Blood Orange & Ginger Scent Shower Mousse 200ml. A hair care product. Supplied as 200ml.,No regulation
simple,8712561274272,VO5 Casual Definition Spray 150ml,0,0,0,1.39,taxable,,Beauty,VO5 Casual Definition Spray 150ml. A health and beauty product. Supplied as 150ml.,No regulation
simple,8699568514481,Clairol Color Crave Daffodil,0,0,0,1.39,taxable,,General Health,Clairol Color Crave Daffodil. A health and wellbeing product.,No regulation
simple,5029066051325,Childs Farm Hair & Body Wash 50ml,0,0,0,1.39,taxable,,Hair Care,Childs Farm Hair & Body Wash 50ml. A hair care product. Supplied as 50ml.,No regulation
simple,5012251000642,Beauty Formulas Active Dental Floss Mint Waxed 100m,0,0,0,1.39,taxable,,Oral Care,Beauty Formulas Active Dental Floss Mint Waxed 100m. An oral care product.,No regulation
simple,5025416997039,Kids Zone Tropical Tutti Frutti Fun Foam Bath 1L,0,0,0,1.39,taxable,,Beauty,Kids Zone Tropical Tutti Frutti Fun Foam Bath 1L. A health and beauty product. Supplied as 1L.,No regulation
simple,5000101968051,Carex Original Shower Gel 500ml,0,0,0,1.39,taxable,,Beauty,Carex Original Shower Gel 500ml. A health and beauty product. Supplied as 500ml.,No regulation
simple,8714789763897,Sanex Zero Dry Skin Shower Gel 250ml,0,0,0,1.39,taxable,,Skincare,Sanex Zero Dry Skin Shower Gel 250ml. A skincare product. Supplied as 250ml.,No regulation
simple,5012251010658,Beauty Formulas Active Go Between 50 Dental Flossers,0,0,0,1.39,taxable,,Oral Care,Beauty Formulas Active Go Between 50 Dental Flossers. An oral care product.,No regulation
simple,4056800761760,Wella New Wave Ultimate Effects Styling Steel Gel 150ml,0,0,0,1.39,taxable,,Hair Care,Wella New Wave Ultimate Effects Styling Steel Gel 150ml. A hair care product. Supplied as 150ml.,No regulation
simple,5000101045639,Original Source Moisturising Handwash Vanilla Raspberry 250ml,0,0,0,1.39,taxable,,Skincare,Original Source Moisturising Handwash Vanilla Raspberry 250ml. A skincare product. Supplied as 250ml.,No regulation
simple,5010724517123,Arm & Hammer Extra White Care Toothpaste 125g,0,0,0,1.39,taxable,,Oral Care,Arm & Hammer Extra White Care Toothpaste 125g. An oral care product. Supplied as 125g.,No regulation
simple,5022545106349,LOL Surprise! Detangling Hair Spritz 100ml,0,0,0,1.39,taxable,,Hair Care,LOL Surprise! Detangling Hair Spritz 100ml. A hair care product. Supplied as 100ml.,No regulation
simple,8699568503843,Wella Silvikrin Hairspray Voluminous Hold 75ml,0,0,0,1.39,taxable,,Hair Care,Wella Silvikrin Hairspray Voluminous Hold 75ml. A hair care product. Supplied as 75ml.,No regulation
simple,59079576,Dove Antiperspirant Roll On Apple & White Tea 50ml,0,0,0,1.39,taxable,,Beauty,Dove Antiperspirant Roll On Apple & White Tea 50ml. A health and beauty product. Supplied as 50ml.,No regulation
simple,5010058011021,Robinson Soft & Pure Oval Cosmetic Pads 50 Pack,0,0,0,1.39,taxable,,Beauty,Robinson Soft & Pure Oval Cosmetic Pads 50 Pack. A health and beauty product. Supplied as 50 Pack.,No regulation
simple,96082911,Vagisil Intimate Wash 75ml,0,0,0,1.39,taxable,,Sexual Wellness,"Vagisil Intimate Wash 75ml. Always read the label and any leaflet supplied. If symptoms persist, speak to your pharmacist or doctor. Supplied as 75ml.",No regulation
simple,5012583204756,Right Guard Xtreme Heat Control Antiperspirant 150ml,0,0,0,1.39,taxable,,Beauty,Right Guard Xtreme Heat Control Antiperspirant 150ml. A health and beauty product. Supplied as 150ml.,No regulation
simple,5410076635153,Oral-B Pro Expert Floss Cool Mint 25m,0,0,0,1.39,taxable,,Oral Care,Oral-B Pro Expert Floss Cool Mint 25m. An oral care product.,No regulation
simple,8712561434041,Vaseline Aloe Sensitive Roll-On Antiperspirant Deodorant 50ml,0,0,0,1.39,taxable,,Beauty,Vaseline Aloe Sensitive Roll-On Antiperspirant Deodorant 50ml. A health and beauty product. Supplied as 50ml.,No regulation
simple,8712561848022,VO5 Conditioner Cherish My Colour 400ml,0,0,0,1.39,taxable,,Hair Care,VO5 Conditioner Cherish My Colour 400ml. A hair care product. Supplied as 400ml.,No regulation
simple,8712561659000,VO5 Thickening Paste Rework Hold 75ml,0,0,0,1.39,taxable,,General Health,VO5 Thickening Paste Rework Hold 75ml. A health and wellbeing product. Supplied as 75ml.,No regulation
simple,4015600116743,Wella Professional Shampoo Brilliance Fine/Normal Hair 50ml,0,0,0,1.39,taxable,,Hair Care,Wella Professional Shampoo Brilliance Fine/Normal Hair 50ml. A hair care product. Supplied as 50ml.,No regulation
simple,5010724529713,Pearl Drops White Sparkle Teeth Whitening Formula 50ml,0,0,0,1.39,taxable,,Oral Care,Pearl Drops White Sparkle Teeth Whitening Formula 50ml. An oral care product. Supplied as 50ml.,No regulation
simple,5022545151431,Paw Patrol Toothbrush 2 Pack,0,0,0,1.39,taxable,,Oral Care,Paw Patrol Toothbrush 2 Pack. An oral care product. Supplied as 2 Pack.,No regulation
simple,5000101504174,Original Source Handwash Vanilla & Raspberry 300ml,0,0,0,1.39,taxable,,Beauty,Original Source Handwash Vanilla & Raspberry 300ml. A health and beauty product. Supplied as 300ml.,No regulation
simple,5028270005452,Simply Cotton Cosmetic Pads Oval 100 Pack,0,0,0,1.39,taxable,,Beauty,Simply Cotton Cosmetic Pads Oval 100 Pack. A health and beauty product. Supplied as 100 Pack.,No regulation
simple,5054805039340,Simple Soap Twin Pack 2 x 100g,0,0,0,1.39,taxable,,Beauty,Simple Soap Twin Pack 2 x 100g. A health and beauty product. Supplied as 2 x 100g.,No regulation
simple,5000347090936,Aquafresh Big Teeth Fluoride Toothpaste 6-8 Years 50ml,0,0,0,1.39,taxable,,Oral Care,Aquafresh Big Teeth Fluoride Toothpaste 6-8 Years 50ml. An oral care product. Supplied as 50ml.,No regulation
simple,5016973991035,Lift Fast Acting Glucose Chews Tube Orange 10 Pack,0,0,0,1.39,taxable,,General Health,Lift Fast Acting Glucose Chews Tube Orange 10 Pack. A health and wellbeing product. Supplied as 10 Pack.,No regulation
simple,5050895122283,4 My Baby Bottle Brush Twin Pack,0,0,0,1.39,taxable,,Baby & Child,4 My Baby Bottle Brush Twin Pack. A baby and child product.,No regulation
simple,8716900559129,Aptamil 1 First Infant Milk 0-6 Months 200ml,0,0,0,1.39,taxable,zero-rate,Baby & Child,Aptamil 1 First Infant Milk 0-6 Months 200ml. A baby and child product. Supplied as 200ml.,No regulation
simple,5028763006478,Wisdom Fresh Breath Spray 12.5ml,0,0,0,1.39,taxable,,Oral Care,Wisdom Fresh Breath Spray 12.5ml. An oral care product. Supplied as 12.5ml.,No regulation
simple,5056184027383,Lightweight Reusable Non-Medical Face Covering for Kids,0,0,0,1.39,taxable,zero-rate,Skincare,Lightweight Reusable Non-Medical Face Covering for Kids. A skincare product.,No regulation
simple,5060110224920,Nitrid Head Lice Detection Comb,0,0,0,1.39,taxable,,General Health,Nitrid Head Lice Detection Comb. A health and wellbeing product.,No regulation
simple,8006540947760,Oral B Toothpaste Cavity Protect 100ml,0,0,0,1.39,taxable,,Oral Care,Oral B Toothpaste Cavity Protect 100ml. An oral care product. Supplied as 100ml.,No regulation
simple,5060209732442,Epimax Original Cream 100g,0,0,0,1.39,taxable,,Skincare,Epimax Original Cream 100g. A skincare product. Supplied as 100g.,No regulation
simple,7322541048857,Bodyform Maxi No Wings 14 Pads,0,0,0,1.39,taxable,zero-rate,Women's Health,Bodyform Maxi No Wings 14 Pads. A women's health product. Supplied as 14 Pads.,No regulation
simple,8003520013026,Palmolive Naturals Milk & Honey Liquid Handwash 300ml,0,0,0,1.39,taxable,,Beauty,Palmolive Naturals Milk & Honey Liquid Handwash 300ml. A health and beauty product. Supplied as 300ml.,No regulation
simple,5025135113895,Malibu Soothing After Sun Lotion 100ml,0,0,0,1.39,taxable,,Skincare,Malibu Soothing After Sun Lotion 100ml. A skincare product. Supplied as 100ml.,No regulation
simple,5024211000630,Nail Magic Nail Glue 3g,0,0,0,1.39,taxable,,Beauty,Nail Magic Nail Glue 3g. A health and beauty product. Supplied as 3g.,No regulation
simple,6291105153287,Vaseline Aloe Vera Lip Care Stick 4.8g,0,0,0,1.39,taxable,,General Health,Vaseline Aloe Vera Lip Care Stick 4.8g. A health and wellbeing product. Supplied as 4.8g.,No regulation
simple,7310615404555,Salvelox Spongebob 20 Plasters,0,0,0,1.39,taxable,,First Aid,"Salvelox Spongebob 20 Plasters. Always read the label and any leaflet supplied. If symptoms persist, speak to your pharmacist or doctor.",No regulation
simple,5011417566312,Steradent Active Plus 30 Tablets,0,0,0,1.39,taxable,,Vitamins,Steradent Active Plus 30 Tablets. A vitamins and supplements product. Supplied as 30 Tablets.,No regulation
simple,5029115011324,A+E Low Adherent Dressing Pads 5cm x 5cm 10 Pack,0,0,0,1.39,taxable,,First Aid,"A+E Low Adherent Dressing Pads 5cm x 5cm 10 Pack. Always read the label and any leaflet supplied. If symptoms persist, speak to your pharmacist or doctor. Supplied as 10 Pack.",No regulation
simple,5011417541593,Dettol Multi-Purpose Wipes Apple 15 Pack,0,0,0,1.39,taxable,,Beauty,Dettol Multi-Purpose Wipes Apple 15 Pack. A health and beauty product. Supplied as 15 Pack.,No regulation
simple,8710847963087,Radox Men Sporty 2-In-1 Shower Gel & Shampoo 250ml,0,0,0,1.39,taxable,,Hair Care,Radox Men Sporty 2-In-1 Shower Gel & Shampoo 250ml. A hair care product. Supplied as 250ml.,No regulation
simple,5010441000465,Numark Anti-Bacterial Handwash 500ml,0,0,0,1.39,taxable,,Beauty,Numark Anti-Bacterial Handwash 500ml. A health and beauty product. Supplied as 500ml.,No regulation
simple,6291105153263,Vaseline Lip Therapy Original Lip Balm 4.8g,0,0,0,1.39,taxable,,Skincare,Vaseline Lip Therapy Original Lip Balm 4.8g. A skincare product. Supplied as 4.8g.,No regulation
simple,4084500567092,Mini: Aussie 75ml 3 Minute Miracle Treatment Colour,0,0,0,1.39,taxable,,General Health,Mini: Aussie 75ml 3 Minute Miracle Treatment Colour. A health and wellbeing product. Supplied as 75ml.,No regulation
simple,8003520023322,Palmolive Hand Wash Hygiene Plus Anti Bacterial 300ml,0,0,0,1.39,taxable,,Beauty,Palmolive Hand Wash Hygiene Plus Anti Bacterial 300ml. A health and beauty product. Supplied as 300ml.,No regulation
simple,5025903022657,Careway Vapour Rub 50g,0,0,0,1.39,taxable,,General Health,Careway Vapour Rub 50g. A health and wellbeing product. Supplied as 50g.,No regulation
simple,4084500854154,Pantene Pro-V Foam Conditioner Extra Volume 180ml,0,0,0,1.39,taxable,,Hair Care,Pantene Pro-V Foam Conditioner Extra Volume 180ml. A hair care product. Supplied as 180ml.,No regulation
simple,8710908541247,Radox Star Wars Bath & Body Wash 400ml,0,0,0,1.39,taxable,,Beauty,Radox Star Wars Bath & Body Wash 400ml. A health and beauty product. Supplied as 400ml.,No regulation
simple,50097548,Vaseline Active Fresh Roll-On 50ml,0,0,0,1.39,taxable,,Beauty,Vaseline Active Fresh Roll-On 50ml. A health and beauty product. Supplied as 50ml.,No regulation
simple,8712561848152,VO5 Conditioner Give Me Volume 400ml,0,0,0,1.39,taxable,,Hair Care,VO5 Conditioner Give Me Volume 400ml. A hair care product. Supplied as 400ml.,No regulation
simple,8710908705632,Alberto Balsam Strawberries & Cream Shampoo 350ml,0,0,0,1.39,taxable,,Hair Care,Alberto Balsam Strawberries & Cream Shampoo 350ml. A hair care product. Supplied as 350ml.,No regulation
simple,5011309049718,Care+ Hydrogen Peroxide Solution 9% 30 Vols 200ml,0,0,0,1.39,taxable,,General Health,Care+ Hydrogen Peroxide Solution 9% 30 Vols 200ml. A health and wellbeing product. Supplied as 200ml.,GSL
simple,8712561848060,VO5 Give Me Moisture Conditioner 400ml,0,0,0,1.39,taxable,,Hair Care,VO5 Give Me Moisture Conditioner 400ml. A hair care product. Supplied as 400ml.,No regulation
simple,6291105153270,Vaseline Lip Care Stick Rosy 4.8g,0,0,0,1.39,taxable,,General Health,Vaseline Lip Care Stick Rosy 4.8g. A health and wellbeing product. Supplied as 4.8g.,No regulation
simple,8720181336164,Radox Feel Ready Shower Gel Pomegranate & Apple Scent 225ml,0,0,0,1.39,taxable,,Beauty,Radox Feel Ready Shower Gel Pomegranate & Apple Scent 225ml. A health and beauty product. Supplied as 225ml.,No regulation
simple,4084500140332,Herbal Essences Dry Shampoo Uplifting Volume 65ml,0,0,0,1.39,taxable,,Hair Care,Herbal Essences Dry Shampoo Uplifting Volume 65ml. A hair care product. Supplied as 65ml.,No regulation
simple,7610700007242,Ricola Herbal Caramel Sugar Free Lozenges 45g,0,0,0,1.39,taxable,,Cold & Flu,"Ricola Herbal Caramel Sugar Free Lozenges 45g. Always read the label and any leaflet supplied. If symptoms persist, speak to your pharmacist or doctor. Supplied as 45g.",No regulation
simple,5012251007146,Beauty Formulas Active 50 Interdental Flossers,0,0,0,1.39,taxable,,Oral Care,Beauty Formulas Active 50 Interdental Flossers. An oral care product.,No regulation
simple,4005900746566,Nivea Splashy Ocean Caring Shower Gel 250ml,0,0,0,1.39,taxable,,Beauty,Nivea Splashy Ocean Caring Shower Gel 250ml. A health and beauty product. Supplied as 250ml.,No regulation
simple,5060013941283,Bristol Dispersible 75mg Aspirin 28 Tablets,0,0,0,1.39,taxable,,Pain Relief,"Bristol Dispersible 75mg Aspirin 28 Tablets. Prescription-only medicine, supplied after an online consultation with our pharmacist. Always read the label and any leaflet supplied. If symptoms persist, speak to your pharmacist or doctor. Supplied as 28 Tablets.",P
simple,3600542032537,Garnier Skinactive Honey Mask 8ml,0,0,0,1.39,taxable,,Skincare,Garnier Skinactive Honey Mask 8ml. A skincare product. Supplied as 8ml.,No regulation
simple,3574669909556,Johnson's No More Tangles Kids Shampoo 300ml,0,0,0,1.39,taxable,,Hair Care,Johnson's No More Tangles Kids Shampoo 300ml. A hair care product. Supplied as 300ml.,No regulation
simple,5025903027775,Careway Paracetamol Powder 10 Sachets,0,0,0,1.39,taxable,,Pain Relief,"Careway Paracetamol Powder 10 Sachets. Always read the label and any leaflet supplied. If symptoms persist, speak to your pharmacist or doctor. Supplied as 10 Sachets.",GSL
simple,5000101508196,Carex Handwash Over The Rainbow 250ml,0,0,0,1.39,taxable,,Beauty,Carex Handwash Over The Rainbow 250ml. A health and beauty product. Supplied as 250ml.,No regulation
simple,8717163622018,Alberto Balsam Lavender & White Lily Shampoo 250ml,0,0,0,1.39,taxable,,Hair Care,Alberto Balsam Lavender & White Lily Shampoo 250ml. A hair care product. Supplied as 250ml.,No regulation
simple,5031413945980,Face Facts Multipurpose Tinted Balm Pink Blush 15ml,0,0,0,1.39,taxable,,Skincare,Face Facts Multipurpose Tinted Balm Pink Blush 15ml. A skincare product. Supplied as 15ml.,No regulation
simple,5020353053251,Bio Glow Aloe Vera & Vitamin E & B5 Face & Body Scrub 300ml,0,0,0,1.39,taxable,,Skincare,Bio Glow Aloe Vera & Vitamin E & B5 Face & Body Scrub 300ml. A skincare product. Supplied as 300ml.,No regulation
simple,8712561470360,VO5 Rework Texture Styling Spray 150ml,0,0,0,1.39,taxable,,Hair Care,VO5 Rework Texture Styling Spray 150ml. A hair care product. Supplied as 150ml.,No regulation
simple,8714789732893,Palmolive Naturals Almond Shower Cream 250ml,0,0,0,1.39,taxable,,Skincare,Palmolive Naturals Almond Shower Cream 250ml. A skincare product. Supplied as 250ml.,No regulation
simple,5000101194009,Original Source Handwash Mango 250ml,0,0,0,1.39,taxable,,Beauty,Original Source Handwash Mango 250ml. A health and beauty product. Supplied as 250ml.,No regulation
simple,8901030024023,Pears Transparent Soap Bar with Mint Extract 125g,0,0,0,1.39,taxable,,Beauty,Pears Transparent Soap Bar with Mint Extract 125g. A health and beauty product. Supplied as 125g.,No regulation
simple,50097333,Lynx Roll On Africa 50ml,0,0,0,1.39,taxable,,Beauty,Lynx Roll On Africa 50ml. A health and beauty product. Supplied as 50ml.,No regulation
simple,8714789087375,Colgate Anti-Tartar Plus Whitening Toothpaste 100ml,0,0,0,1.39,taxable,,Oral Care,Colgate Anti-Tartar Plus Whitening Toothpaste 100ml. An oral care product. Supplied as 100ml.,No regulation
simple,5029053565750,Kleenex Balsam Tissues 72 Box,0,0,0,1.39,taxable,,General Health,Kleenex Balsam Tissues 72 Box. A health and wellbeing product.,No regulation
simple,5031413946017,Face Facts Multipurpose Tinted Balm Sheen 15ml,0,0,0,1.39,taxable,,Skincare,Face Facts Multipurpose Tinted Balm Sheen 15ml. A skincare product. Supplied as 15ml.,No regulation
simple,8714789880556,Palmolive Silky Shine Effect Shampoo 350ml,0,0,0,1.39,taxable,,Hair Care,Palmolive Silky Shine Effect Shampoo 350ml. A hair care product. Supplied as 350ml.,No regulation
simple,5000347002809,Macleans Toothpaste Whitening 100ml,0,0,0,1.39,taxable,,Oral Care,Macleans Toothpaste Whitening 100ml. An oral care product. Supplied as 100ml.,No regulation
simple,5025416997015,Kids Zone Berry Explosion Fun Foam Bath 1L,0,0,0,1.39,taxable,,Beauty,Kids Zone Berry Explosion Fun Foam Bath 1L. A health and beauty product. Supplied as 1L.,No regulation
simple,8886467060854,Vaseline Healthy Bright Soap 3 bars,0,0,0,1.39,taxable,,Beauty,Vaseline Healthy Bright Soap 3 bars. A health and beauty product.,No regulation
simple,7322541036014,Bodyform Dailies Style Black 24 Liners,0,0,0,1.39,taxable,zero-rate,Women's Health,Bodyform Dailies Style Black 24 Liners. A women's health product.,No regulation
simple,8714789880501,Palmolive Naturals Hydra Balance 2 in 1 Shampoo 350ml,0,0,0,1.39,taxable,,Hair Care,Palmolive Naturals Hydra Balance 2 in 1 Shampoo 350ml. A hair care product. Supplied as 350ml.,No regulation
simple,5029115011287,A+E Large Plaster Dressings 5 Pack,0,0,0,1.39,taxable,,First Aid,"A+E Large Plaster Dressings 5 Pack. Always read the label and any leaflet supplied. If symptoms persist, speak to your pharmacist or doctor. Supplied as 5 Pack.",No regulation
simple,5012251001991,Beauty Formulas Active Dental Floss Mint Waxed 200m,0,0,0,1.39,taxable,,Oral Care,Beauty Formulas Active Dental Floss Mint Waxed 200m. An oral care product.,No regulation
simple,3014260013851,Oral-B Toothbrush Clean & Sensitive Soft 1 Pack,0,0,0,1.39,taxable,,Oral Care,Oral-B Toothbrush Clean & Sensitive Soft 1 Pack. An oral care product. Supplied as 1 Pack.,No regulation
simple,5031413946086,Face Facts Multipurpose Tinted Balm Peach Glow 15ml,0,0,0,1.39,taxable,,Skincare,Face Facts Multipurpose Tinted Balm Peach Glow 15ml. A skincare product. Supplied as 15ml.,No regulation
simple,5020535015442,Fun Time Strawberry Flavoured Lube 75ml,0,0,0,1.39,taxable,,Sexual Wellness,"Fun Time Strawberry Flavoured Lube 75ml. Always read the label and any leaflet supplied. If symptoms persist, speak to your pharmacist or doctor. Supplied as 75ml.",No regulation
simple,87342345,Vaseline Lulu Guinness Violet Doll Face Originallip Tin 20g,0,0,0,1.39,taxable,,Skincare,Vaseline Lulu Guinness Violet Doll Face Originallip Tin 20g. A skincare product. Supplied as 20g.,No regulation
simple,5010441011782,Numark Antiseptic Wipes 10 Pack,0,0,0,1.39,taxable,,First Aid,"Numark Antiseptic Wipes 10 Pack. Always read the label and any leaflet supplied. If symptoms persist, speak to your pharmacist or doctor. Supplied as 10 Pack.",No regulation
simple,5017123001031,Crescent Loratadine 10mg 30 Tablets,0,0,0,1.39,taxable,,Vitamins,Crescent Loratadine 10mg 30 Tablets. A vitamins and supplements product. Supplied as 30 Tablets.,GSL
simple,5000101045479,Original Source Mint & Tea Tree Anti-Bacterial Handwash 250ml,0,0,0,1.39,taxable,,Beauty,Original Source Mint & Tea Tree Anti-Bacterial Handwash 250ml. A health and beauty product. Supplied as 250ml.,No regulation
simple,5010441006481,Numark Ibuprofen 200mg 24 Coated Tablets,0,0,0,1.39,taxable,,Pain Relief,"Numark Ibuprofen 200mg 24 Coated Tablets. Prescription-only medicine, supplied after an online consultation with our pharmacist. Always read the label and any leaflet supplied. If symptoms persist, speak to your pharmacist or doctor. Supplied as 200mg.",P
simple,5031413946048,Face Facts Multipurpose Tinted Balm Nude 15ml,0,0,0,1.39,taxable,,Skincare,Face Facts Multipurpose Tinted Balm Nude 15ml. A skincare product. Supplied as 15ml.,No regulation
simple,87342826,Simple Kind To Skin Soothing Antiperspirant Roll On 50ml,0,0,0,1.39,taxable,,Skincare,Simple Kind To Skin Soothing Antiperspirant Roll On 50ml. A skincare product. Supplied as 50ml.,No regulation
simple,3600541889460,Garnier Respons in Shower Body Lotion for Dry Skin 200ml,0,0,0,1.39,taxable,,Skincare,Garnier Respons in Shower Body Lotion for Dry Skin 200ml. A skincare product. Supplied as 200ml.,No regulation
simple,7322542030646,Bodyform Ultra Normal 10 Pack,0,0,0,1.35,taxable,zero-rate,Women's Health,Bodyform Ultra Normal 10 Pack. A women's health product. Supplied as 10 Pack.,No regulation
simple,5000347071461,Macleans Toothpaste Fresh Mint 125ml,0,0,0,1.29,taxable,,Oral Care,Macleans Toothpaste Fresh Mint 125ml. An oral care product. Supplied as 125ml.,No regulation
simple,5056235400233,Derma V10 50g Shampoo Bar Coconut,0,0,0,1.29,taxable,,Hair Care,Derma V10 50g Shampoo Bar Coconut. A hair care product. Supplied as 50g.,No regulation
simple,8712561698603,Vo5 Give Me Moisture Shampoo 250ml,0,0,0,1.29,taxable,,Hair Care,Vo5 Give Me Moisture Shampoo 250ml. A hair care product. Supplied as 250ml.,No regulation
simple,0761828223889,Umbro Action Body Wash 400ml,0,0,0,1.29,taxable,,Beauty,Umbro Action Body Wash 400ml. A health and beauty product. Supplied as 400ml.,No regulation
simple,5030104005088,Jakemans Honey & Lemon Soothing Menthol Lozenges 73g,0,0,0,1.29,taxable,,Cold & Flu,"Jakemans Honey & Lemon Soothing Menthol Lozenges 73g. Always read the label and any leaflet supplied. If symptoms persist, speak to your pharmacist or doctor. Supplied as 73g.",No regulation
simple,8886467060861,Vaseline Total Moisture Soap 3 bars,0,0,0,1.29,taxable,,Skincare,Vaseline Total Moisture Soap 3 bars. A skincare product.,No regulation
simple,8008970053141,Wash & Go Shower & Shampoo Protecting with Marine Minerals 250ml,0,0,0,1.29,taxable,,Hair Care,Wash & Go Shower & Shampoo Protecting with Marine Minerals 250ml. A hair care product. Supplied as 250ml.,No regulation
simple,5010441000113,Numark Cotton Wool Balls 100 Pack,0,0,0,1.29,taxable,,First Aid,"Numark Cotton Wool Balls 100 Pack. Always read the label and any leaflet supplied. If symptoms persist, speak to your pharmacist or doctor. Supplied as 100 Pack.",No regulation
simple,7322541048970,Bodyform V- Protection Ultra+ with Wings 10 Pack,0,0,0,1.29,taxable,zero-rate,Women's Health,Bodyform V- Protection Ultra+ with Wings 10 Pack. A women's health product. Supplied as 10 Pack.,No regulation
simple,5010441021354,Numark Cotton Wool Roll 100g,0,0,0,1.29,taxable,,First Aid,"Numark Cotton Wool Roll 100g. Always read the label and any leaflet supplied. If symptoms persist, speak to your pharmacist or doctor. Supplied as 100g.",No regulation
simple,5010441015407,Numark Lice & Nit Combs 2 Pack,0,0,0,1.29,taxable,,General Health,Numark Lice & Nit Combs 2 Pack. A health and wellbeing product. Supplied as 2 Pack.,No regulation
simple,8720181336096,Radox Shower Gel Feel Active 225ml,0,0,0,1.29,taxable,,Beauty,Radox Shower Gel Feel Active 225ml. A health and beauty product. Supplied as 225ml.,No regulation
simple,5010724529669,Nair Facial Wax Strips with Camomile Extract 12 Strips,0,0,0,1.29,taxable,,Skincare,Nair Facial Wax Strips with Camomile Extract 12 Strips. A skincare product.,No regulation
simple,5013692268943,Cocomelon Bubble Bath Foam Watermelon 300ml,0,0,0,1.29,taxable,,Beauty,Cocomelon Bubble Bath Foam Watermelon 300ml. A health and beauty product. Supplied as 300ml.,No regulation
simple,5029053560762,Kleenex Everyday Pocket Tissues 8 Pack,0,0,0,1.29,taxable,,General Health,Kleenex Everyday Pocket Tissues 8 Pack. A health and wellbeing product. Supplied as 8 Pack.,No regulation
simple,5010441007716,Numark Micropore Tape 1.25cm x 5m,0,0,0,1.29,taxable,,First Aid,"Numark Micropore Tape 1.25cm x 5m. Always read the label and any leaflet supplied. If symptoms persist, speak to your pharmacist or doctor.",No regulation
simple,8714789732923,Palmolive Naturals Coconut & Milk Shower Cream 250ml,0,0,0,1.29,taxable,,Skincare,Palmolive Naturals Coconut & Milk Shower Cream 250ml. A skincare product. Supplied as 250ml.,No regulation
simple,5025903021971,Careway Callous Cushions 2 Pack,0,0,0,1.29,taxable,,General Health,Careway Callous Cushions 2 Pack. A health and wellbeing product. Supplied as 2 Pack.,No regulation
simple,5028763007543,Wisdom Toothbrush Regular Medium 2 Pack,0,0,0,1.29,taxable,,Oral Care,Wisdom Toothbrush Regular Medium 2 Pack. An oral care product. Supplied as 2 Pack.,No regulation
simple,5028270008507,Dimple Safety Cotton Buds 60 Pack,0,0,0,1.29,taxable,,General Health,Dimple Safety Cotton Buds 60 Pack. A health and wellbeing product. Supplied as 60 Pack.,No regulation
simple,5050895060912,Zazie Aluminium Spray Bottle,0,0,0,1.29,taxable,,Beauty,Zazie Aluminium Spray Bottle. A health and beauty product.,No regulation
simple,5012008663106,Soft & Gentle Petal Power Body Spray 75ml,0,0,0,1.29,taxable,,Beauty,Soft & Gentle Petal Power Body Spray 75ml. A health and beauty product. Supplied as 75ml.,No regulation
simple,5010724529706,Arm & Hammer Total Clean Baking Soda Toothpaste 125g,0,0,0,1.29,taxable,,Oral Care,Arm & Hammer Total Clean Baking Soda Toothpaste 125g. An oral care product. Supplied as 125g.,No regulation
simple,5000347090967,Aquafresh Milk Teeth 0-2 Years 50ml,0,0,0,1.29,taxable,,Oral Care,Aquafresh Milk Teeth 0-2 Years 50ml. An oral care product. Supplied as 50ml.,No regulation
simple,3574669909211,Johnson's Baby Oil 100ml,0,0,0,1.29,taxable,,Baby & Child,Johnson's Baby Oil 100ml. A baby and child product. Supplied as 100ml.,No regulation
simple,5011321725348,Aussie 3 Minute Miracle Reconstructor Deep Conditioner Mini 75ml,0,0,0,1.29,taxable,,Hair Care,Aussie 3 Minute Miracle Reconstructor Deep Conditioner Mini 75ml. A hair care product. Supplied as 75ml.,No regulation
simple,8008970053134,Wash & Go Shower & Shampoo Refreshing with Water Mint 250ml,0,0,0,1.29,taxable,,Hair Care,Wash & Go Shower & Shampoo Refreshing with Water Mint 250ml. A hair care product. Supplied as 250ml.,No regulation
simple,5014107164089,Interlude Tampons Regular 16 Pack,0,0,0,1.29,taxable,zero-rate,Women's Health,Interlude Tampons Regular 16 Pack. A women's health product. Supplied as 16 Pack.,No regulation
simple,8714789726137,Colgate Plax Cool Mint Mouthwash 250ml,0,0,0,1.29,taxable,,Oral Care,Colgate Plax Cool Mint Mouthwash 250ml. An oral care product. Supplied as 250ml.,No regulation
simple,8716900559280,Cow & Gate 2 Follow-On Milk From 6-12 Months 200ml,0,0,0,1.29,taxable,zero-rate,Baby & Child,Cow & Gate 2 Follow-On Milk From 6-12 Months 200ml. A baby and child product. Supplied as 200ml.,No regulation
simple,8717163020524,Impulse Tease Body Fragrance 75ml,0,0,0,1.29,taxable,,Beauty,Impulse Tease Body Fragrance 75ml. A health and beauty product. Supplied as 75ml.,No regulation
simple,5013692261104,Baby Shark Hand Wash 250ml,0,0,0,1.29,taxable,,Baby & Child,Baby Shark Hand Wash 250ml. A baby and child product. Supplied as 250ml.,No regulation
simple,5011597092779,Coral Bath Sponges 3 Pack,0,0,0,1.29,taxable,,Beauty,Coral Bath Sponges 3 Pack. A health and beauty product. Supplied as 3 Pack.,No regulation
simple,5010441014486,Numark Large Cosmetic Pads 50 Pack,0,0,0,1.29,taxable,,Beauty,Numark Large Cosmetic Pads 50 Pack. A health and beauty product. Supplied as 50 Pack.,No regulation
simple,7322542028056,Bodyform Ultra Goodnight 8 Pack,0,0,0,1.29,taxable,zero-rate,Women's Health,Bodyform Ultra Goodnight 8 Pack. A women's health product. Supplied as 8 Pack.,No regulation
simple,3014260287030,Gillette G2 Disposable Razor 5 Pack,0,0,0,1.29,taxable,,Men's Grooming,Gillette G2 Disposable Razor 5 Pack. A men's grooming product. Supplied as 5 Pack.,No regulation
simple,8717644367209,Impulse True Love Body Fragrance 75ml,0,0,0,1.29,taxable,,Beauty,Impulse True Love Body Fragrance 75ml. A health and beauty product. Supplied as 75ml.,No regulation
simple,8710908181719,Alberto Balsam Juicy Green Apple Conditioner 350ml,0,0,0,1.29,taxable,,Hair Care,Alberto Balsam Juicy Green Apple Conditioner 350ml. A hair care product. Supplied as 350ml.,No regulation
simple,5050895067058,Zazie 4 Pack Manicure Set,0,0,0,1.29,taxable,,General Health,Zazie 4 Pack Manicure Set. A health and wellbeing product. Supplied as 4 Pack.,No regulation
simple,50064861,Vaseline Lip Therapy Rosy Lips 20g,0,0,0,1.29,taxable,,General Health,Vaseline Lip Therapy Rosy Lips 20g. A health and wellbeing product. Supplied as 20g.,No regulation
simple,9300632074037,Colgate Portable Soft Toothbrush 1 Pack,0,0,0,1.29,taxable,,Oral Care,Colgate Portable Soft Toothbrush 1 Pack. An oral care product. Supplied as 1 Pack.,No regulation
simple,96049938,Bell's Healthcare Vapour Rub 50g,0,0,0,1.29,taxable,,General Health,Bell's Healthcare Vapour Rub 50g. A health and wellbeing product. Supplied as 50g.,GSL
simple,5060120168757,Xpel Pure Tea Tree 100% Essential Oil 10ml,0,0,0,1.29,taxable,,Skincare,Xpel Pure Tea Tree 100% Essential Oil 10ml. A skincare product. Supplied as 10ml.,No regulation
simple,8710522648797,Alberto Balsam Coconut Milk & Sandalwood Conditioner 250ml,0,0,0,1.29,taxable,,Hair Care,Alberto Balsam Coconut Milk & Sandalwood Conditioner 250ml. A hair care product. Supplied as 250ml.,No regulation
simple,8710908181092,Alberto Balsam Tea Tree Tingle Shampoo 350ml,0,0,0,1.29,taxable,,Hair Care,Alberto Balsam Tea Tree Tingle Shampoo 350ml. A hair care product. Supplied as 350ml.,No regulation
simple,5028763009356,Wisdom Step By Step Soft Toothbrush (3-5 Years) 1 Toothbrush,0,0,0,1.29,taxable,,Oral Care,Wisdom Step By Step Soft Toothbrush (3-5 Years) 1 Toothbrush. An oral care product.,No regulation
simple,5016973991042,Lift Fast Acting Glucose Chews Tube Raspberry 10 Pack,0,0,0,1.29,taxable,,General Health,Lift Fast Acting Glucose Chews Tube Raspberry 10 Pack. A health and wellbeing product. Supplied as 10 Pack.,No regulation
simple,5000209216511,Colgate Toothbrush Twister Fresh,0,0,0,1.29,taxable,,Oral Care,Colgate Toothbrush Twister Fresh. An oral care product.,No regulation
simple,5028763011083,Wisdom Toothbrush Regular Soft 2 Pack,0,0,0,1.29,taxable,,Oral Care,Wisdom Toothbrush Regular Soft 2 Pack. An oral care product. Supplied as 2 Pack.,No regulation
simple,5024874015033,Valupak Cod Liver Oil 400mg 30 Capsules,0,0,0,1.29,taxable,,Vitamins,Valupak Cod Liver Oil 400mg 30 Capsules. A vitamins and supplements product. Supplied as 30 Capsules.,No regulation
simple,5011309440515,Covonia Lozenges Strong Original 30g,0,0,0,1.29,taxable,,Cold & Flu,"Covonia Lozenges Strong Original 30g. Always read the label and any leaflet supplied. If symptoms persist, speak to your pharmacist or doctor. Supplied as 30g.",GSL
simple,5000101959417,Carex Aloe Vera Hand Gel 50ml,0,0,0,1.29,taxable,,Skincare,Carex Aloe Vera Hand Gel 50ml. A skincare product. Supplied as 50ml.,No regulation
simple,5017848253531,Bell's Children's 6+ Months Vapour Rub 50g,0,0,0,1.29,taxable,,Baby & Child,Bell's Children's 6+ Months Vapour Rub 50g. A baby and child product. Supplied as 50g.,No regulation
simple,8001090589095,Oral-B Kids 3+ Years Toothpaste 75ml,0,0,0,1.29,taxable,,Oral Care,Oral-B Kids 3+ Years Toothpaste 75ml. An oral care product. Supplied as 75ml.,No regulation
simple,8718951028142,Palmolive Aroma Moments So Sweet Shower Gel 250ml,0,0,0,1.29,taxable,,Beauty,Palmolive Aroma Moments So Sweet Shower Gel 250ml. A health and beauty product. Supplied as 250ml.,No regulation
simple,4003455340147,Sula Strawberry & Cream Sugar Free Sweets 42g,0,0,0,1.29,taxable,,Skincare,Sula Strawberry & Cream Sugar Free Sweets 42g. A skincare product. Supplied as 42g.,No regulation
simple,0048256297164,Astonish Bathroom Cleaner Spray White Jasmine & Basil 750ml,0,0,0,1.29,taxable,,Beauty,Astonish Bathroom Cleaner Spray White Jasmine & Basil 750ml. A health and beauty product. Supplied as 750ml.,No regulation
simple,5050895087308,Zazie Cosmetic Mirror,0,0,0,1.29,taxable,,Beauty,Zazie Cosmetic Mirror. A health and beauty product.,No regulation
simple,5028763008557,Wisdom Clean Between Flossers 30,0,0,0,1.29,taxable,,Oral Care,Wisdom Clean Between Flossers 30. An oral care product.,No regulation
simple,5025903022817,Careway Allergy & Hay Fever Relief 30 Tablets,0,0,0,1.29,taxable,,Vitamins,Careway Allergy & Hay Fever Relief 30 Tablets. A vitamins and supplements product. Supplied as 30 Tablets.,GSL
simple,5010249901957,FSC Vitamin E Cream with Calendula 100ml,0,0,0,1.29,taxable,,Skincare,FSC Vitamin E Cream with Calendula 100ml. A skincare product. Supplied as 100ml.,No regulation
simple,5013692272414,Umbro Action Roll on Anti Perspirant 50ml,0,0,0,1.29,taxable,,Beauty,Umbro Action Roll on Anti Perspirant 50ml. A health and beauty product. Supplied as 50ml.,No regulation
simple,4015400680284,Always Dailies Singles Panty Liners Normal 20 Liners,0,0,0,1.29,taxable,zero-rate,Women's Health,Always Dailies Singles Panty Liners Normal 20 Liners. A women's health product.,No regulation
simple,4003455340109,Sula Mixed Fruit Sugar Free Sweets 42g,0,0,0,1.29,taxable,,General Health,Sula Mixed Fruit Sugar Free Sweets 42g. A health and wellbeing product. Supplied as 42g.,No regulation
simple,8720181336058,Radox Shower Gel Feel Refreshed 225ml,0,0,0,1.29,taxable,,Beauty,Radox Shower Gel Feel Refreshed 225ml. A health and beauty product. Supplied as 225ml.,No regulation
simple,5000101968211,Carex Shower Gel Moisture Plus 500ml,0,0,0,1.29,taxable,,Skincare,Carex Shower Gel Moisture Plus 500ml. A skincare product. Supplied as 500ml.,No regulation
simple,5056235402213,Healthpoint Cold Sore Patches 15 Pack,0,0,0,1.29,taxable,,Cold & Flu,"Healthpoint Cold Sore Patches 15 Pack. Always read the label and any leaflet supplied. If symptoms persist, speak to your pharmacist or doctor. Supplied as 15 Pack.",No regulation
simple,5053249200668,Masterplast Pirate or Princess Assorted Plasters 75 Pack,0,0,0,1.29,taxable,,First Aid,"Masterplast Pirate or Princess Assorted Plasters 75 Pack. Always read the label and any leaflet supplied. If symptoms persist, speak to your pharmacist or doctor. Supplied as 75 Pack.",No regulation
simple,8710908178399,Alberto Balsam Juicy Green Apple Shampoo 350ml,0,0,0,1.29,taxable,,Hair Care,Alberto Balsam Juicy Green Apple Shampoo 350ml. A hair care product. Supplied as 350ml.,No regulation
simple,5028270000525,Simply Cotton Square Cotton Wool Cosmetic Pads 50 Pack,0,0,0,1.29,taxable,,First Aid,"Simply Cotton Square Cotton Wool Cosmetic Pads 50 Pack. Always read the label and any leaflet supplied. If symptoms persist, speak to your pharmacist or doctor. Supplied as 50 Pack.",No regulation
simple,0761828223919,Umbro Power Body Wash 400ml,0,0,0,1.29,taxable,,Beauty,Umbro Power Body Wash 400ml. A health and beauty product. Supplied as 400ml.,No regulation
simple,3574669907439,Johnson's Baby Cotton Balls 75 Pack,0,0,0,1.29,taxable,,Baby & Child,Johnson's Baby Cotton Balls 75 Pack. A baby and child product. Supplied as 75 Pack.,No regulation
simple,5029115000007,A+E Assorted Blister Plasters 4 Pack,0,0,0,1.29,taxable,,First Aid,"A+E Assorted Blister Plasters 4 Pack. Always read the label and any leaflet supplied. If symptoms persist, speak to your pharmacist or doctor. Supplied as 4 Pack.",No regulation
simple,0761828223902,Umbro Ice Body Wash 400ml,0,0,0,1.29,taxable,,Beauty,Umbro Ice Body Wash 400ml. A health and beauty product. Supplied as 400ml.,No regulation
simple,5031413936803,Pretty Cotton Wool Pleat 80g,0,0,0,1.29,taxable,,First Aid,"Pretty Cotton Wool Pleat 80g. Always read the label and any leaflet supplied. If symptoms persist, speak to your pharmacist or doctor. Supplied as 80g.",No regulation
simple,5017306008321,Pears Transparent Soap Bar with Natural Oils 125g,0,0,0,1.29,taxable,,Beauty,Pears Transparent Soap Bar with Natural Oils 125g. A health and beauty product. Supplied as 125g.,No regulation
simple,8718951564862,Colgate Triple Action Toothpaste 75ml,0,0,0,1.29,taxable,,Oral Care,Colgate Triple Action Toothpaste 75ml. An oral care product. Supplied as 75ml.,No regulation
simple,5033996015401,FRIENDS Eau De Toilette 30ml,0,0,0,1.29,taxable,,Beauty,FRIENDS Eau De Toilette 30ml. A health and beauty product. Supplied as 30ml.,No regulation
simple,7702018015252,Gillette Satin Care Women's Shaving Gel Sensitive 75ml,0,0,0,1.29,taxable,,Women's Health,Gillette Satin Care Women's Shaving Gel Sensitive 75ml. A women's health product. Supplied as 75ml.,No regulation
simple,8008970053127,Wash & Go Shower & Shampoo Energizing with Fruit Vitamins 250ml,0,0,0,1.29,taxable,,Hair Care,Wash & Go Shower & Shampoo Energizing with Fruit Vitamins 250ml. A hair care product. Supplied as 250ml.,No regulation
simple,8710908177071,Alberto Balsam Coconut & Lychee Shampoo 350ml,0,0,0,1.29,taxable,,Hair Care,Alberto Balsam Coconut & Lychee Shampoo 350ml. A hair care product. Supplied as 350ml.,No regulation
simple,5011597008299,Coral Massage Sponges 3 Pack,0,0,0,1.29,taxable,,General Health,Coral Massage Sponges 3 Pack. A health and wellbeing product. Supplied as 3 Pack.,No regulation
simple,5060337726016,Healthpoint B5 Panthenol Nappy Ointment 30g,0,0,0,1.29,taxable,,Baby & Child,Healthpoint B5 Panthenol Nappy Ointment 30g. A baby and child product. Supplied as 30g.,No regulation
simple,5060133377467,Essentials Congestion Relief Nasal Spray 15ml,0,0,0,1.29,taxable,,Cold & Flu,"Essentials Congestion Relief Nasal Spray 15ml. Always read the label and any leaflet supplied. If symptoms persist, speak to your pharmacist or doctor. Supplied as 15ml.",No regulation
simple,8710908705731,Alberto Balsam Strawberries & Cream Conditioner 350ml,0,0,0,1.29,taxable,,Hair Care,Alberto Balsam Strawberries & Cream Conditioner 350ml. A hair care product. Supplied as 350ml.,No regulation
simple,5011309895513,Eucryl Stain Removal Toothpaste 50ml,0,0,0,1.29,taxable,,Oral Care,Eucryl Stain Removal Toothpaste 50ml. An oral care product. Supplied as 50ml.,No regulation
simple,5011309895612,Eucryl Toothpowder Stain Removal Freshmint 50g,0,0,0,1.29,taxable,,Vitamins,Eucryl Toothpowder Stain Removal Freshmint 50g. A vitamins and supplements product. Supplied as 50g.,No regulation
simple,5016973991233,Lift Fast Acting Glucose Chews Tube Blueberry 10 Pack,0,0,0,1.29,taxable,,General Health,Lift Fast Acting Glucose Chews Tube Blueberry 10 Pack. A health and wellbeing product. Supplied as 10 Pack.,No regulation
simple,8711600804388,Dove Purely Pampering Shea Butter Beauty Cream Bar 100g 2 Pack,0,0,0,1.29,taxable,,Skincare,Dove Purely Pampering Shea Butter Beauty Cream Bar 100g 2 Pack. A skincare product. Supplied as 2 Pack.,No regulation
simple,8710522648780,Alberto Balsam Coconut Milk & Sandalwood Shampoo 250ml,0,0,0,1.29,taxable,,Hair Care,Alberto Balsam Coconut Milk & Sandalwood Shampoo 250ml. A hair care product. Supplied as 250ml.,No regulation
simple,5060228450853,Peppa Pig Toothbrush Twin Pack Blue Pink,0,0,0,1.29,taxable,,Oral Care,Peppa Pig Toothbrush Twin Pack Blue Pink. An oral care product.,No regulation
simple,5010441008966,Numark Cotton Buds 200 Pack,0,0,0,1.29,taxable,,General Health,Numark Cotton Buds 200 Pack. A health and wellbeing product. Supplied as 200 Pack.,No regulation
simple,5000209211516,Colgate 0-3years Toothbrush,0,0,0,1.29,taxable,,Oral Care,Colgate 0-3years Toothbrush. An oral care product.,No regulation
simple,3600542032544,Garnier Skinactive Aqua Mask 8ml,0,0,0,1.29,taxable,,Skincare,Garnier Skinactive Aqua Mask 8ml. A skincare product. Supplied as 8ml.,No regulation
simple,5020535015480,Fun Time Original Stimulating Lube 75ml,0,0,0,1.29,taxable,,Sexual Wellness,"Fun Time Original Stimulating Lube 75ml. Always read the label and any leaflet supplied. If symptoms persist, speak to your pharmacist or doctor. Supplied as 75ml.",No regulation
simple,5055172214170,Innovate Tweezer,0,0,0,1.29,taxable,,General Health,Innovate Tweezer. A health and wellbeing product.,No regulation
simple,5029053550039,Huggies Baby 56 Wipes,0,0,0,1.29,taxable,,Baby & Child,Huggies Baby 56 Wipes. A baby and child product. Supplied as 56 Wipes.,No regulation
simple,5000101511516,Carex Handwash Cinemazing Popcorn 250ml,0,0,0,1.29,taxable,,Skincare,Carex Handwash Cinemazing Popcorn 250ml. A skincare product. Supplied as 250ml.,No regulation
simple,5016221201183,Paw Patrol Nickelodeon Twin Pack Toothbrush Kids,0,0,0,1.29,taxable,,Oral Care,Paw Patrol Nickelodeon Twin Pack Toothbrush Kids. An oral care product.,No regulation
simple,5000101968136,Carex Sensitive Bath Soak 500ml,0,0,0,1.29,taxable,,Beauty,Carex Sensitive Bath Soak 500ml. A health and beauty product. Supplied as 500ml.,No regulation
simple,4902430644143,Gillette Fusion Hydrating Shave Gel Sensitive Skin 70G,0,0,0,1.29,taxable,,Men's Grooming,Gillette Fusion Hydrating Shave Gel Sensitive Skin 70G. A men's grooming product. Supplied as 70G.,No regulation
simple,4015400622413,Pampers Natural Clean Wipes 64,0,0,0,1.29,taxable,,Beauty,Pampers Natural Clean Wipes 64. A health and beauty product.,No regulation
simple,8710908177057,Alberto Balsam Anti-Oxidant Blueberry Shampoo 350ml,0,0,0,1.29,taxable,,Hair Care,Alberto Balsam Anti-Oxidant Blueberry Shampoo 350ml. A hair care product. Supplied as 350ml.,No regulation
simple,5053249269603,PestShield Mosquito & Insect Repellent Spray Pen 2 x 10ml,0,0,0,1.29,taxable,,Home & Household,PestShield Mosquito & Insect Repellent Spray Pen 2 x 10ml. A home and household product. Supplied as 2 x 10ml.,No regulation
simple,5016973991219,Lift Fast Acting Glucose Chews Tube Lemon & Lime 10 Pack,0,0,0,1.29,taxable,,General Health,Lift Fast Acting Glucose Chews Tube Lemon & Lime 10 Pack. A health and wellbeing product. Supplied as 10 Pack.,No regulation
simple,5050895240635,Athena Cotton Wool Pads 50 pack,0,0,0,1.29,taxable,,First Aid,"Athena Cotton Wool Pads 50 pack. Always read the label and any leaflet supplied. If symptoms persist, speak to your pharmacist or doctor. Supplied as 50 pack.",No regulation
simple,5029115005477,A+E Large Plaster Dressings 6cm x 10cm 10 Pack,0,0,0,1.29,taxable,,First Aid,"A+E Large Plaster Dressings 6cm x 10cm 10 Pack. Always read the label and any leaflet supplied. If symptoms persist, speak to your pharmacist or doctor. Supplied as 10 Pack.",No regulation
simple,5000101505737,Carex Shower & Bath Love Hearts 500ml,0,0,0,1.29,taxable,,Beauty,Carex Shower & Bath Love Hearts 500ml. A health and beauty product. Supplied as 500ml.,No regulation
simple,3574660050516,Carefree Fresh Scent 20 Pantyliners,0,0,0,1.29,taxable,zero-rate,Women's Health,Carefree Fresh Scent 20 Pantyliners. A women's health product.,No regulation
simple,5012251012249,Beauty Formulas Facial Scrub Charcoal 150ml,0,0,0,1.29,taxable,,Skincare,Beauty Formulas Facial Scrub Charcoal 150ml. A skincare product. Supplied as 150ml.,No regulation
simple,5056235402138,DERMAV10 Tea Tree & Witch Hazel Blemish Stick 6g,0,0,0,1.29,taxable,,General Health,DERMAV10 Tea Tree & Witch Hazel Blemish Stick 6g. A health and wellbeing product. Supplied as 6g.,No regulation
simple,5050375114111,Masterplast 150ml Heat Massaging Spray,0,0,0,1.29,taxable,,Beauty,Masterplast 150ml Heat Massaging Spray. A health and beauty product. Supplied as 150ml.,No regulation
simple,5060337720090,Healthpoint Chlorhexidine Antibacterial Mouthwash 200ml,0,0,0,1.29,taxable,,Oral Care,Healthpoint Chlorhexidine Antibacterial Mouthwash 200ml. An oral care product. Supplied as 200ml.,GSL
simple,5012251013673,Beauty Formulas Collagen Face Mist with Hyaluronic Acid 50ml,0,0,0,1.29,taxable,,Skincare,Beauty Formulas Collagen Face Mist with Hyaluronic Acid 50ml. A skincare product. Supplied as 50ml.,No regulation
simple,5060060212244,Astonish Protect + Care Antibacterial Hand Wash Milk & Honey 600ml,0,0,0,1.29,taxable,,Beauty,Astonish Protect + Care Antibacterial Hand Wash Milk & Honey 600ml. A health and beauty product. Supplied as 600ml.,No regulation
simple,5410076926084,Oral-B Complete Plus Protect & Clean Toothpaste 75ml,0,0,0,1.29,taxable,,Oral Care,Oral-B Complete Plus Protect & Clean Toothpaste 75ml. An oral care product. Supplied as 75ml.,No regulation
simple,8718951004757,Palmolive Aroma Moments So Dynamic Refreshing Shower Gel 250ml,0,0,0,1.29,taxable,,Beauty,Palmolive Aroma Moments So Dynamic Refreshing Shower Gel 250ml. A health and beauty product. Supplied as 250ml.,No regulation
simple,5012254067086,Alberto Balsam Maximum Control Spiking Gel 200ml,0,0,0,1.29,taxable,,Skincare,Alberto Balsam Maximum Control Spiking Gel 200ml. A skincare product. Supplied as 200ml.,No regulation
simple,5099802150117,Vaseline Lip Therapy Balm 20g,0,0,0,1.29,taxable,,Skincare,Vaseline Lip Therapy Balm 20g. A skincare product. Supplied as 20g.,No regulation
simple,8714789880518,Palmolive Naturals Brilliant Colour Shampoo for Coloured Hair 350ml,0,0,0,1.29,taxable,,Hair Care,Palmolive Naturals Brilliant Colour Shampoo for Coloured Hair 350ml. A hair care product. Supplied as 350ml.,No regulation
simple,5010441012994,Numark Loratadine 10mg Allergy & Hay Fever 14 Tablets,0,0,0,1.29,taxable,,Vitamins,Numark Loratadine 10mg Allergy & Hay Fever 14 Tablets. A vitamins and supplements product. Supplied as 14 Tablets.,GSL
simple,5029053578323,Kleenex Original Regular 64 Tissues,0,0,0,1.29,taxable,,General Health,Kleenex Original Regular 64 Tissues. A health and wellbeing product.,No regulation
simple,5012617017116,Accord Dispersible Aspirin 75mg 28 Tablets,0,0,0,1.29,taxable,,Pain Relief,"Accord Dispersible Aspirin 75mg 28 Tablets. Prescription-only medicine, supplied after an online consultation with our pharmacist. Always read the label and any leaflet supplied. If symptoms persist, speak to your pharmacist or doctor. Supplied as 28 Tablets.",P
simple,4005900447890,Nivea 1 Minute Urban Skin Detox Mask Purify 75ml,0,0,0,1.29,taxable,,Skincare,Nivea 1 Minute Urban Skin Detox Mask Purify 75ml. A skincare product. Supplied as 75ml.,No regulation
simple,5028763006409,Wisdom Dental Floss Mint Waxed 100m,0,0,0,1.29,taxable,,Oral Care,Wisdom Dental Floss Mint Waxed 100m. An oral care product.,No regulation
simple,8717163058015,Impulse Hint Of Musk Body Fragrance 75ml,0,0,0,1.29,taxable,,Beauty,Impulse Hint Of Musk Body Fragrance 75ml. A health and beauty product. Supplied as 75ml.,No regulation
simple,0058000004481,Colgate Max Fresh Toothbrush Medium,0,0,0,1.29,taxable,,Oral Care,Colgate Max Fresh Toothbrush Medium. An oral care product.,No regulation
simple,4015400680352,Always Dailies Singles Panty Liners Fresh Scent 20 Liners,0,0,0,1.29,taxable,zero-rate,Women's Health,Always Dailies Singles Panty Liners Fresh Scent 20 Liners. A women's health product.,No regulation
simple,5055586608145,Not Guilty Shampoo Bar Tea Tree & Aloe Vera 75g,0,0,0,1.29,taxable,,Hair Care,Not Guilty Shampoo Bar Tea Tree & Aloe Vera 75g. A hair care product. Supplied as 75g.,No regulation
simple,5031676000945,Skincalm Hydrocortisone Bite & Sting Relief 1% Cream 10g,0,0,0,1.29,taxable,,First Aid,"Skincalm Hydrocortisone Bite & Sting Relief 1% Cream 10g. Always read the label and any leaflet supplied. If symptoms persist, speak to your pharmacist or doctor. Supplied as 10g.",GSL
simple,5025903027737,Careway Tubular Bandage 6.25cm X 1m,0,0,0,1.25,taxable,,First Aid,"Careway Tubular Bandage 6.25cm X 1m. Always read the label and any leaflet supplied. If symptoms persist, speak to your pharmacist or doctor.",No regulation
simple,5017353503275,Galpharm Migraine Relief Ibuprofen 16 Tablets,0,0,0,1.25,taxable,,Pain Relief,"Galpharm Migraine Relief Ibuprofen 16 Tablets. Always read the label and any leaflet supplied. If symptoms persist, speak to your pharmacist or doctor. Supplied as 16 Tablets.",GSL
simple,5011309440713,Covonia Lozenges Berry Blast 30g,0,0,0,1.25,taxable,,Cold & Flu,"Covonia Lozenges Berry Blast 30g. Always read the label and any leaflet supplied. If symptoms persist, speak to your pharmacist or doctor. Supplied as 30g.",GSL
simple,5050375085220,Masterplast Vapour Rub 100g,0,0,0,1.25,taxable,,General Health,Masterplast Vapour Rub 100g. A health and wellbeing product. Supplied as 100g.,No regulation
simple,5022545069668,Frozen 2 Detangling Hair Spray 100ml,0,0,0,1.24,taxable,,Hair Care,Frozen 2 Detangling Hair Spray 100ml. A hair care product. Supplied as 100ml.,No regulation
simple,5029053532608,Kotex Maxi Super 14 pads,0,0,0,1.19,taxable,zero-rate,General Health,Kotex Maxi Super 14 pads. A health and wellbeing product. Supplied as 14 pads.,No regulation
simple,8718951427785,Palmolive Thermal Spa Mineral Massage Shower Gel 250ml,0,0,0,1.19,taxable,,Beauty,Palmolive Thermal Spa Mineral Massage Shower Gel 250ml. A health and beauty product. Supplied as 250ml.,No regulation
simple,7322541048154,Bodyform Dailies Extra Long Liners 19 Pack,0,0,0,1.19,taxable,zero-rate,Women's Health,Bodyform Dailies Extra Long Liners 19 Pack. A women's health product. Supplied as 19 Pack.,No regulation
simple,5011309895810,Eucryl Toothpowder Stain Removal 50g,0,0,0,1.19,taxable,,Vitamins,Eucryl Toothpowder Stain Removal 50g. A vitamins and supplements product. Supplied as 50g.,No regulation
simple,5060228452420,Paw Patrol Nickelodeon Toothpaste Strawberry 75ml,0,0,0,1.19,taxable,,Oral Care,Paw Patrol Nickelodeon Toothpaste Strawberry 75ml. An oral care product. Supplied as 75ml.,No regulation
simple,8710908181283,Alberto Balsam Coconut & Lychee Conditioner 350ml,0,0,0,1.19,taxable,,Hair Care,Alberto Balsam Coconut & Lychee Conditioner 350ml. A hair care product. Supplied as 350ml.,No regulation
simple,96186886,Chapstick Classic Cherry,0,0,0,1.19,taxable,,General Health,Chapstick Classic Cherry. A health and wellbeing product.,No regulation
simple,96002643,Lynx Antiperspirant Roll On Excite 50ml,0,0,0,1.19,taxable,,Beauty,Lynx Antiperspirant Roll On Excite 50ml. A health and beauty product. Supplied as 50ml.,No regulation
simple,5029053532660,Kotex Maxi Normal 16 pads,0,0,0,1.19,taxable,zero-rate,General Health,Kotex Maxi Normal 16 pads. A health and wellbeing product. Supplied as 16 pads.,No regulation
simple,5024071250282,Aspar Hayfever & Allergy Relief 10mg 14 Tablets,0,0,0,1.19,taxable,,Vitamins,Aspar Hayfever & Allergy Relief 10mg 14 Tablets. A vitamins and supplements product. Supplied as 14 Tablets.,GSL
simple,5026445000486,Rapport 150ml Body Spray Sport,0,0,0,1.19,taxable,,Beauty,Rapport 150ml Body Spray Sport. A health and beauty product. Supplied as 150ml.,No regulation
simple,8710522412022,Radox Portect & Refresh Antibacterial Handwash 500ml,0,0,0,1.19,taxable,,Beauty,Radox Portect & Refresh Antibacterial Handwash 500ml. A health and beauty product. Supplied as 500ml.,No regulation
simple,5028270000365,Simply Cotton Cotton Wool Cleansing Balls Coloured 100 Pack,0,0,0,1.19,taxable,,First Aid,"Simply Cotton Cotton Wool Cleansing Balls Coloured 100 Pack. Always read the label and any leaflet supplied. If symptoms persist, speak to your pharmacist or doctor. Supplied as 100 Pack.",No regulation
simple,5060120164063,Xhc Argan Oil Shampoo 300ml,0,0,0,1.19,taxable,,Hair Care,Xhc Argan Oil Shampoo 300ml. A hair care product. Supplied as 300ml.,No regulation
simple,3600522355625,L'Oréal Paris Elvive Full Restore 5 SOS Repairing Intensive Care 20ml,0,0,0,1.19,taxable,,Hair Care,L'Oréal Paris Elvive Full Restore 5 SOS Repairing Intensive Care 20ml. A hair care product. Supplied as 20ml.,No regulation
simple,8718951268494,Sanex Bar Soap Dermo Protect Sensitive 90g 2 Pack,0,0,0,1.19,taxable,,Beauty,Sanex Bar Soap Dermo Protect Sensitive 90g 2 Pack. A health and beauty product. Supplied as 2 Pack.,No regulation
simple,5028763007598,Wisdom Regular Plus Firm Triple Pack,0,0,0,1.19,taxable,,Oral Care,Wisdom Regular Plus Firm Triple Pack. An oral care product.,No regulation
simple,5056235400660,Healthpoint Corn Removal Plasters 6 Pack,0,0,0,1.19,taxable,,First Aid,"Healthpoint Corn Removal Plasters 6 Pack. Always read the label and any leaflet supplied. If symptoms persist, speak to your pharmacist or doctor. Supplied as 6 Pack.",No regulation
simple,5016221201176,Paw Patrol Toothpaste 75ml,0,0,0,1.19,taxable,,Oral Care,Paw Patrol Toothpaste 75ml. An oral care product. Supplied as 75ml.,No regulation
simple,4005900586575,Nivea Urban Peel Off Detox Mask Mattify 75ml,0,0,0,1.19,taxable,,Skincare,Nivea Urban Peel Off Detox Mask Mattify 75ml. A skincare product. Supplied as 75ml.,No regulation
simple,5010189105125,Wilkinson Sword Extra Beauty 2 Disposable Razor 5 Pack,0,0,0,1.19,taxable,,Men's Grooming,Wilkinson Sword Extra Beauty 2 Disposable Razor 5 Pack. A men's grooming product. Supplied as 5 Pack.,No regulation
simple,5012251010412,Beauty Formulas Tea Tree Face Wash Exfoliating 150ml,0,0,0,1.19,taxable,,Skincare,Beauty Formulas Tea Tree Face Wash Exfoliating 150ml. A skincare product. Supplied as 150ml.,No regulation
simple,3574669908566,Johnson's Baby Bath 200ml,0,0,0,1.19,taxable,,Baby & Child,Johnson's Baby Bath 200ml. A baby and child product. Supplied as 200ml.,No regulation
simple,5030104005163,Jakemans Blackcurrant Soothing Menthol Lozenges 73g,0,0,0,1.19,taxable,,Cold & Flu,"Jakemans Blackcurrant Soothing Menthol Lozenges 73g. Always read the label and any leaflet supplied. If symptoms persist, speak to your pharmacist or doctor. Supplied as 73g.",No regulation
simple,5012251013499,Beauty Formulas Brightening Vitamin C Facial Wash 150ml,0,0,0,1.19,taxable,,Skincare,Beauty Formulas Brightening Vitamin C Facial Wash 150ml. A skincare product. Supplied as 150ml.,No regulation
simple,5060060212077,Astonish Protect + Care Hand Wash Vitamin E 600ml,0,0,0,1.19,taxable,,Vitamins,Astonish Protect + Care Hand Wash Vitamin E 600ml. A vitamins and supplements product. Supplied as 600ml.,No regulation
simple,5012254060230,Alberto Balsam Ultra Strong Styling Gel 200ml,0,0,0,1.19,taxable,,Hair Care,Alberto Balsam Ultra Strong Styling Gel 200ml. A hair care product. Supplied as 200ml.,No regulation
simple,59079712,Lynx Roll On Ice Chill 50ml,0,0,0,1.19,taxable,,Beauty,Lynx Roll On Ice Chill 50ml. A health and beauty product. Supplied as 50ml.,No regulation
simple,5060337727181,Clear&Simple Pregnancy Test 2 Pack,0,0,0,1.19,taxable,,Testing & Monitoring,"Clear&Simple Pregnancy Test 2 Pack. Always read the label and any leaflet supplied. If symptoms persist, speak to your pharmacist or doctor. Supplied as 2 Pack.",No regulation
simple,96136966,Vaseline Double Invisible Roll On Antiperspirant Deodorant 50ml,0,0,0,1.19,taxable,,Beauty,Vaseline Double Invisible Roll On Antiperspirant Deodorant 50ml. A health and beauty product. Supplied as 50ml.,No regulation
simple,8717163743270,Radox Shower Gel Bergamot & Neroli 250ml,0,0,0,1.19,taxable,,Beauty,Radox Shower Gel Bergamot & Neroli 250ml. A health and beauty product. Supplied as 250ml.,No regulation
simple,5038581130088,Yankee Candle Confetti Macaron 49g,0,0,0,1.19,taxable,,Beauty,Yankee Candle Confetti Macaron 49g. A health and beauty product. Supplied as 49g.,No regulation
simple,5055172205277,Body Puff (Various Colours) 1 Pack,0,0,0,1.19,taxable,,General Health,Body Puff (Various Colours) 1 Pack. A health and wellbeing product. Supplied as 1 Pack.,No regulation
simple,8714789880495,Palmolive Naturals Anti-Dandruff Shampoo 350ml,0,0,0,1.19,taxable,,Hair Care,Palmolive Naturals Anti-Dandruff Shampoo 350ml. A hair care product. Supplied as 350ml.,No regulation
simple,5037741100916,Classics Artificial Nail & Tip Remover 150ml,0,0,0,1.19,taxable,,Beauty,Classics Artificial Nail & Tip Remover 150ml. A health and beauty product. Supplied as 150ml.,No regulation
simple,5030104005101,Jakemans Blueberry Soothing Menthol Lozenges 73g,0,0,0,1.19,taxable,,Cold & Flu,"Jakemans Blueberry Soothing Menthol Lozenges 73g. Always read the label and any leaflet supplied. If symptoms persist, speak to your pharmacist or doctor. Supplied as 73g.",No regulation
simple,5000101500183,Original Source Rhubarb & Raspberry Shower 250ml,0,0,0,1.19,taxable,,Beauty,Original Source Rhubarb & Raspberry Shower 250ml. A health and beauty product. Supplied as 250ml.,No regulation
simple,7322542025246,Bodyform Liners So Slim 24 Pack,0,0,0,1.19,taxable,zero-rate,Women's Health,Bodyform Liners So Slim 24 Pack. A women's health product. Supplied as 24 Pack.,No regulation
simple,5000101189760,Original Source Cherry & Almond Shower Milk 250ml,0,0,0,1.19,taxable,,Beauty,Original Source Cherry & Almond Shower Milk 250ml. A health and beauty product. Supplied as 250ml.,No regulation
simple,5054805039845,Wright's Traditional Soap bar 100g,0,0,0,1.19,taxable,,Beauty,Wright's Traditional Soap bar 100g. A health and beauty product. Supplied as 100g.,No regulation
simple,8711600672543,Dove Men+Care Fresh Awake Body Wash 250ml,0,0,0,1.19,taxable,,Beauty,Dove Men+Care Fresh Awake Body Wash 250ml. A health and beauty product. Supplied as 250ml.,No regulation
simple,8886467020124,Dove Body Love Rich Nourishment Cream 75ml,0,0,0,1.19,taxable,,Skincare,Dove Body Love Rich Nourishment Cream 75ml. A skincare product. Supplied as 75ml.,No regulation
simple,5012251009928,Beauty Formulas Intimate Aloe Vera Cleansing Wash Feminine 250ml,0,0,0,1.19,taxable,,Sexual Wellness,"Beauty Formulas Intimate Aloe Vera Cleansing Wash Feminine 250ml. Always read the label and any leaflet supplied. If symptoms persist, speak to your pharmacist or doctor. Supplied as 250ml.",No regulation
simple,5029053039732,Kleenex Ultra Soft Tissues 80 Pack,0,0,0,1.19,taxable,,General Health,Kleenex Ultra Soft Tissues 80 Pack. A health and wellbeing product. Supplied as 80 Pack.,No regulation
simple,0309971370199,Cutex Non-Acetone Nail Polish Remover 100ml,0,0,0,1.19,taxable,,Beauty,Cutex Non-Acetone Nail Polish Remover 100ml. A health and beauty product. Supplied as 100ml.,No regulation
simple,8710847924491,Lynx Sport Blast Shower Gel 3in1 with Oxygen 250ml,0,0,0,1.19,taxable,,Beauty,Lynx Sport Blast Shower Gel 3in1 with Oxygen 250ml. A health and beauty product. Supplied as 250ml.,No regulation
simple,5022545069644,Frozen Bubble Bath & Shower Gel 400ml,0,0,0,1.19,taxable,,Beauty,Frozen Bubble Bath & Shower Gel 400ml. A health and beauty product. Supplied as 400ml.,No regulation
simple,5012583208525,Schwarzkopf Colour Shine with UV Filter Shampoo 250ml,0,0,0,1.19,taxable,,Hair Care,Schwarzkopf Colour Shine with UV Filter Shampoo 250ml. A hair care product. Supplied as 250ml.,No regulation
simple,5022545069620,Frozen II 2-In-1 Shampoo & Conditioner 300ml,0,0,0,1.19,taxable,,Hair Care,Frozen II 2-In-1 Shampoo & Conditioner 300ml. A hair care product. Supplied as 300ml.,No regulation
simple,8718951193796,Colgate Plax Soft Mint Mouthwash 60ml,0,0,0,1.19,taxable,,Oral Care,Colgate Plax Soft Mint Mouthwash 60ml. An oral care product. Supplied as 60ml.,No regulation
simple,8901030755392,Dove Men+ Care Ultra Hydra Cream 75ml,0,0,0,1.19,taxable,,Skincare,Dove Men+ Care Ultra Hydra Cream 75ml. A skincare product. Supplied as 75ml.,No regulation
simple,5028270008484,Simply Cotton Buds 300 Pack,0,0,0,1.19,taxable,,General Health,Simply Cotton Buds 300 Pack. A health and wellbeing product. Supplied as 300 Pack.,No regulation
simple,4015400931225,Always Sensitive Super Plus Ultra Unscented Pads 10 Pack,0,0,0,1.19,taxable,zero-rate,Women's Health,Always Sensitive Super Plus Ultra Unscented Pads 10 Pack. A women's health product. Supplied as 10 Pack.,No regulation
simple,7322542072417,Bodyform Maxi Long 10 Pack,0,0,0,1.19,taxable,zero-rate,Women's Health,Bodyform Maxi Long 10 Pack. A women's health product. Supplied as 10 Pack.,No regulation
simple,5055586608138,Not Guilty Shampoo Bar Coconut & Vanilla 75g,0,0,0,1.19,taxable,,Hair Care,Not Guilty Shampoo Bar Coconut & Vanilla 75g. A hair care product. Supplied as 75g.,No regulation
simple,5012251013369,Beauty Formulas Brightening Vitamin C Facial Scrub 150ml,0,0,0,1.19,taxable,,Skincare,Beauty Formulas Brightening Vitamin C Facial Scrub 150ml. A skincare product. Supplied as 150ml.,No regulation
simple,5000101959509,Carex Moisture 2H Protection Antibacterial Hand Wash 250ml,0,0,0,1.19,taxable,,Skincare,Carex Moisture 2H Protection Antibacterial Hand Wash 250ml. A skincare product. Supplied as 250ml.,No regulation
simple,5028763007611,Wisdom Regular Plus Medium Triple Pack,0,0,0,1.19,taxable,,Oral Care,Wisdom Regular Plus Medium Triple Pack. An oral care product.,No regulation
simple,5060120163387,Tea Tree Facial Wipes Twin 25 Pack,0,0,0,1.19,taxable,,Skincare,Tea Tree Facial Wipes Twin 25 Pack. A skincare product. Supplied as 25 Pack.,No regulation
simple,5020535019471,Hygienics Anti-Bacterial Hand Gel 50ml,0,0,0,1.19,taxable,,Skincare,Hygienics Anti-Bacterial Hand Gel 50ml. A skincare product. Supplied as 50ml.,No regulation
simple,5029053579160,Kleenex The Original Tissues 72 Pack,0,0,0,1.19,taxable,,General Health,Kleenex The Original Tissues 72 Pack. A health and wellbeing product. Supplied as 72 Pack.,No regulation
simple,5012251008785,Beauty Formulas Active Toothbrush Multiaction 3 'S,0,0,0,1.19,taxable,,Oral Care,Beauty Formulas Active Toothbrush Multiaction 3 'S. An oral care product.,No regulation
simple,8710908380082,Radox Feel Exotic Shower Gel 250ml,0,0,0,1.19,taxable,,Beauty,Radox Feel Exotic Shower Gel 250ml. A health and beauty product. Supplied as 250ml.,No regulation
simple,8712561434072,Vaseline Active Fresh Roll-On Antiperspirant Deodorant 50ml,0,0,0,1.19,taxable,,Beauty,Vaseline Active Fresh Roll-On Antiperspirant Deodorant 50ml. A health and beauty product. Supplied as 50ml.,No regulation
simple,5029053550022,Huggies Disney Special Edition Baby Wipes 56 Pack,0,0,0,1.19,taxable,,Baby & Child,Huggies Disney Special Edition Baby Wipes 56 Pack. A baby and child product. Supplied as 56 Pack.,No regulation
simple,5060337726832,Healthpoint Nasal Inhaler 2 Tubes,0,0,0,1.19,taxable,,Cold & Flu,"Healthpoint Nasal Inhaler 2 Tubes. Always read the label and any leaflet supplied. If symptoms persist, speak to your pharmacist or doctor.",No regulation
simple,8718951430235,Palmolive Aroma Essence Midnight Bliss Shower Gel 250ml,0,0,0,1.19,taxable,,Beauty,Palmolive Aroma Essence Midnight Bliss Shower Gel 250ml. A health and beauty product. Supplied as 250ml.,No regulation
simple,5011309895018,Virasorb Cold Sore Cream 2g,0,0,0,1.19,taxable,,Cold & Flu,"Virasorb Cold Sore Cream 2g. Always read the label and any leaflet supplied. If symptoms persist, speak to your pharmacist or doctor. Supplied as 2g.",GSL
simple,8712561228985,Impulse Be Surprised Body Fragrance 75ml,0,0,0,1.19,taxable,,Beauty,Impulse Be Surprised Body Fragrance 75ml. A health and beauty product. Supplied as 75ml.,No regulation
simple,5010724529720,Pearl Drops Ice White Teeth Whitening Formula 50ml,0,0,0,1.19,taxable,,Oral Care,Pearl Drops Ice White Teeth Whitening Formula 50ml. An oral care product. Supplied as 50ml.,No regulation
simple,5028763007222,Wisdom Interdental Brushes 0.6mm 5 Pack,0,0,0,1.19,taxable,,Oral Care,Wisdom Interdental Brushes 0.6mm 5 Pack. An oral care product. Supplied as 5 Pack.,No regulation
simple,80218814,Palmolive Naturals Shower Milk 50ml,0,0,0,1.19,taxable,,Beauty,Palmolive Naturals Shower Milk 50ml. A health and beauty product. Supplied as 50ml.,No regulation
simple,5065000925079,Salon Basics Self Tanning Mitt,0,0,0,1.19,taxable,,Beauty,Salon Basics Self Tanning Mitt. A health and beauty product.,No regulation
simple,5012583208563,Schwarzkopf Repair & Care Shampoo 250ml,0,0,0,1.19,taxable,,Hair Care,Schwarzkopf Repair & Care Shampoo 250ml. A hair care product. Supplied as 250ml.,No regulation
simple,5055586608121,Not Guilty Shampoo Bar Argan Oil & Almond Oil 75g,0,0,0,1.19,taxable,,Hair Care,Not Guilty Shampoo Bar Argan Oil & Almond Oil 75g. A hair care product. Supplied as 75g.,No regulation
simple,5014749160418,The Accessory Makeup Head Band,0,0,0,1.19,taxable,,Beauty,The Accessory Makeup Head Band. A health and beauty product.,No regulation
simple,5038581136790,Yankee Candle Home Inspiration Golden Flowers 49g,0,0,0,1.19,taxable,,Beauty,Yankee Candle Home Inspiration Golden Flowers 49g. A health and beauty product. Supplied as 49g.,No regulation
simple,5054563180179,Aquafresh Toothpaste Active White 100ml,0,0,0,1.19,taxable,,Oral Care,Aquafresh Toothpaste Active White 100ml. An oral care product. Supplied as 100ml.,No regulation
simple,5013692272438,Umbro Ice Roll on Anti Perspirant 50ml,0,0,0,1.19,taxable,,Beauty,Umbro Ice Roll on Anti Perspirant 50ml. A health and beauty product. Supplied as 50ml.,No regulation
simple,5050375055360,Masterplast Ice Spray 150ml,0,0,0,1.19,taxable,,Beauty,Masterplast Ice Spray 150ml. A health and beauty product. Supplied as 150ml.,No regulation
simple,5012583208587,Schwarzkopf Keratin Strong Shampoo 250ml,0,0,0,1.19,taxable,,Hair Care,Schwarzkopf Keratin Strong Shampoo 250ml. A hair care product. Supplied as 250ml.,No regulation
simple,8001841041391,Pampers Sensitive Fragrance Free 52 Baby Wipes,0,0,0,1.19,taxable,,Baby & Child,Pampers Sensitive Fragrance Free 52 Baby Wipes. A baby and child product.,No regulation
simple,5038581120393,Yankee Candle Home Inspiration Pepperberry Pine 49g,0,0,0,1.19,taxable,,Beauty,Yankee Candle Home Inspiration Pepperberry Pine 49g. A health and beauty product. Supplied as 49g.,No regulation
simple,5025903022039,Careway Foam Padding 1 Sheet,0,0,0,1.19,taxable,,General Health,Careway Foam Padding 1 Sheet. A health and wellbeing product. Supplied as 1 Sheet.,No regulation
simple,8006540948422,Oral B Toothpaste Whitening Protect 100ml,0,0,0,1.19,taxable,,Oral Care,Oral B Toothpaste Whitening Protect 100ml. An oral care product. Supplied as 100ml.,No regulation
simple,5000101346170,Carex Original 2H Protection Antibacterial Hand Wash 250ml,0,0,0,1.19,taxable,,Beauty,Carex Original 2H Protection Antibacterial Hand Wash 250ml. A health and beauty product. Supplied as 250ml.,No regulation
simple,3086127500934,Bic Twin Lady Disposable Razor 5 Pack,0,0,0,1.19,taxable,,Men's Grooming,Bic Twin Lady Disposable Razor 5 Pack. A men's grooming product. Supplied as 5 Pack.,No regulation
simple,3614226291998,Max Factor Radiant Lift Concealer Dark 004,0,0,0,1.19,taxable,,Beauty,Max Factor Radiant Lift Concealer Dark 004. A health and beauty product.,No regulation
simple,5012583203063,Schwarzkopf Super Soft Kids Shampoo & Shower Gel 250ml,0,0,0,1.19,taxable,,Hair Care,Schwarzkopf Super Soft Kids Shampoo & Shower Gel 250ml. A hair care product. Supplied as 250ml.,No regulation
simple,5010441010853,Diarrhoea Relief - Loperamide Hydrochloride 2mg 6 Capsules,0,0,0,1.19,taxable,zero-rate,Digestive,"Diarrhoea Relief - Loperamide Hydrochloride 2mg 6 Capsules. Always read the label and any leaflet supplied. If symptoms persist, speak to your pharmacist or doctor. Supplied as 6 Capsules.",GSL
simple,5022545102266,LOL Surprise! Bath & Shower Bubbles Blueberry Scent 400ml,0,0,0,1.19,taxable,,Beauty,LOL Surprise! Bath & Shower Bubbles Blueberry Scent 400ml. A health and beauty product. Supplied as 400ml.,No regulation
simple,5000101507571,Carex Hand Gel Love Hearts 50ml,0,0,0,1.19,taxable,,Skincare,Carex Hand Gel Love Hearts 50ml. A skincare product. Supplied as 50ml.,No regulation
simple,5025416030613,Love My Ink Tattoo Aftercare Spray 30ml,0,0,0,1.19,taxable,,Beauty,Love My Ink Tattoo Aftercare Spray 30ml. A health and beauty product. Supplied as 30ml.,No regulation
simple,5022545069606,Frozen Hand Wash 300ml,0,0,0,1.19,taxable,,Beauty,Frozen Hand Wash 300ml. A health and beauty product. Supplied as 300ml.,No regulation
simple,5029053039688,Kleenex Soft White 72 Tissues,0,0,0,1.19,taxable,,General Health,Kleenex Soft White 72 Tissues. A health and wellbeing product.,No regulation
simple,8901030807657,Vaseline Intensive Care Cocoa Glow 75ml,0,0,0,1.19,taxable,,General Health,Vaseline Intensive Care Cocoa Glow 75ml. A health and wellbeing product. Supplied as 75ml.,No regulation
simple,0079400204745,Toni & Guy Smooth Definition Conditioner 50ml,0,0,0,1.19,taxable,,Hair Care,Toni & Guy Smooth Definition Conditioner 50ml. A hair care product. Supplied as 50ml.,No regulation
simple,5000101152672,Original Source Juicy Mango Shower Gel 250ml,0,0,0,1.19,taxable,,Beauty,Original Source Juicy Mango Shower Gel 250ml. A health and beauty product. Supplied as 250ml.,No regulation
simple,5012008663205,Soft & Gentle Exotic Bloom Body Spray 75ml,0,0,0,1.19,taxable,,Beauty,Soft & Gentle Exotic Bloom Body Spray 75ml. A health and beauty product. Supplied as 75ml.,No regulation
simple,4027800079520,Wilkinson Sword Essentials 2 Women's Disposable Razors 5 Pack,0,0,0,1.19,taxable,,Women's Health,Wilkinson Sword Essentials 2 Women's Disposable Razors 5 Pack. A women's health product. Supplied as 5 Pack.,No regulation
simple,3014260747961,Oral-B Toothbrush Classic Care Medium Twin Pack,0,0,0,1.19,taxable,,Oral Care,Oral-B Toothbrush Classic Care Medium Twin Pack. An oral care product.,No regulation
simple,5012251008136,Beauty Formulas Feminine Hygiene 20 Intimate Wipes,0,0,0,1.19,taxable,,Sexual Wellness,"Beauty Formulas Feminine Hygiene 20 Intimate Wipes. Always read the label and any leaflet supplied. If symptoms persist, speak to your pharmacist or doctor.",No regulation
simple,5012583203070,Schwarzkopf Super Soft Kids Shampoo & Conditioner 250ml,0,0,0,1.19,taxable,,Hair Care,Schwarzkopf Super Soft Kids Shampoo & Conditioner 250ml. A hair care product. Supplied as 250ml.,No regulation
simple,5010724517147,Arm & Hammer Sensitive Care Toothpaste 125g,0,0,0,1.19,taxable,,Oral Care,Arm & Hammer Sensitive Care Toothpaste 125g. An oral care product. Supplied as 125g.,No regulation
simple,5011842107036,Throaties Blackcurrant Pastilles 12 Pack,0,0,0,1.19,taxable,,Cold & Flu,"Throaties Blackcurrant Pastilles 12 Pack. Always read the label and any leaflet supplied. If symptoms persist, speak to your pharmacist or doctor. Supplied as 12 Pack.",GSL
simple,5026445000318,Blue Stratos Body Spray 150ml,0,0,0,1.19,taxable,,Beauty,Blue Stratos Body Spray 150ml. A health and beauty product. Supplied as 150ml.,No regulation
simple,5010724320334,Pearl Drops Smokers Toothpaste 50ml,0,0,0,1.19,taxable,,Oral Care,Pearl Drops Smokers Toothpaste 50ml. An oral care product. Supplied as 50ml.,No regulation
simple,5014749160401,CS Beauty Detangle Brush,0,0,0,1.19,taxable,,General Health,CS Beauty Detangle Brush. A health and wellbeing product.,No regulation
simple,5029053039978,Kleenex Original Tissues 70 Pack,0,0,0,1.19,taxable,,General Health,Kleenex Original Tissues 70 Pack. A health and wellbeing product. Supplied as 70 Pack.,No regulation
simple,4015400738565,Always Sensitive Night 10 Pack,0,0,0,1.19,taxable,zero-rate,Women's Health,Always Sensitive Night 10 Pack. A women's health product. Supplied as 10 Pack.,No regulation
simple,8718951576193,Colgate Fresh Gel Toothpaste 75ml,0,0,0,1.19,taxable,,Oral Care,Colgate Fresh Gel Toothpaste 75ml. An oral care product. Supplied as 75ml.,No regulation
simple,8718114233000,Impulse Bodyspray Glamour 75ml,0,0,0,1.19,taxable,,Beauty,Impulse Bodyspray Glamour 75ml. A health and beauty product. Supplied as 75ml.,No regulation
simple,5000101149900,Original Source Shower Gel Blue Ginger 250ml,0,0,0,1.19,taxable,,Beauty,Original Source Shower Gel Blue Ginger 250ml. A health and beauty product. Supplied as 250ml.,No regulation
simple,5060120167194,Xpel Aqueous Cream Tube 100ml,0,0,0,1.19,taxable,,Skincare,Xpel Aqueous Cream Tube 100ml. A skincare product. Supplied as 100ml.,No regulation
simple,5053249269924,PestShield Cooling & Soothing Cream 28g,0,0,0,1.19,taxable,,Skincare,PestShield Cooling & Soothing Cream 28g. A skincare product. Supplied as 28g.,No regulation
simple,4005900230614,Nivea Creme Care Soap 100g 2 Pack,0,0,0,1.19,taxable,,Beauty,Nivea Creme Care Soap 100g 2 Pack. A health and beauty product. Supplied as 2 Pack.,No regulation
simple,3574661264813,Johnson's Extra Sensitive Baby Wipes 56 Pack,0,0,0,1.19,taxable,,Baby & Child,Johnson's Extra Sensitive Baby Wipes 56 Pack. A baby and child product. Supplied as 56 Pack.,No regulation
simple,8720665000000,Alberto Balsam Sunkissed Raspberry Shampoo 300ml,0,0,0,1.19,taxable,,Hair Care,Alberto Balsam Sunkissed Raspberry Shampoo 300ml. A hair care product. Supplied as 300ml.,No regulation
simple,8714789843674,Sanex Handwash Hygiene Moisturising 300ml,0,0,0,1.19,taxable,,Skincare,Sanex Handwash Hygiene Moisturising 300ml. A skincare product. Supplied as 300ml.,No regulation
simple,5000101100468,Original Source Coconut & Shea Butter 250ml,0,0,0,1.19,taxable,,Beauty,Original Source Coconut & Shea Butter 250ml. A health and beauty product. Supplied as 250ml.,No regulation
simple,5012008663007,Soft & Gentle Flower Fever Body Spray 75ml,0,0,0,1.19,taxable,,Beauty,Soft & Gentle Flower Fever Body Spray 75ml. A health and beauty product. Supplied as 75ml.,No regulation
simple,5011309049411,Care+ Hydrogen Peroxide Solution 6% 20 Vols 200ml,0,0,0,1.19,taxable,,General Health,Care+ Hydrogen Peroxide Solution 6% 20 Vols 200ml. A health and wellbeing product. Supplied as 200ml.,GSL
simple,5000101845208,Original Source Shower Gel Mint & Tea Tree 250ml,0,0,0,1.19,taxable,,Beauty,Original Source Shower Gel Mint & Tea Tree 250ml. A health and beauty product. Supplied as 250ml.,No regulation
simple,8001841559179,Aussie Sos Repair Treatment Shot 25ml,0,0,0,1.19,taxable,,General Health,Aussie Sos Repair Treatment Shot 25ml. A health and wellbeing product. Supplied as 25ml.,No regulation
simple,5000101845116,Original Source Lemon & Tea Tree Shower 250ml,0,0,0,1.19,taxable,,Beauty,Original Source Lemon & Tea Tree Shower 250ml. A health and beauty product. Supplied as 250ml.,No regulation
simple,5060060212466,Astonish Protect + Care Hand Wash Peony Bloom 600ml,0,0,0,1.19,taxable,,Beauty,Astonish Protect + Care Hand Wash Peony Bloom 600ml. A health and beauty product. Supplied as 600ml.,No regulation
simple,8710447232668,Radox Anti-Bac Handwash Protect & Replenish 500ml,0,0,0,1.19,taxable,,Beauty,Radox Anti-Bac Handwash Protect & Replenish 500ml. A health and beauty product. Supplied as 500ml.,No regulation
simple,5010441024669,Numark Panty Liners 30 Pack,0,0,0,1.19,taxable,zero-rate,Women's Health,Numark Panty Liners 30 Pack. A women's health product. Supplied as 30 Pack.,No regulation
simple,5017123055232,Crescent Pharma Paracetamol 500mg 32 Tablets,0,0,0,1.19,taxable,,Pain Relief,"Crescent Pharma Paracetamol 500mg 32 Tablets. Prescription-only medicine, supplied after an online consultation with our pharmacist. Always read the label and any leaflet supplied. If symptoms persist, speak to your pharmacist or doctor. Supplied as 32 Tablets.",P
simple,5012251009355,"Wax Strips Travel Pack (8 x Legs/Body, 12 x Face/Bikini Line)",0,0,0,1.19,taxable,,General Health,"Wax Strips Travel Pack (8 x Legs/Body, 12 x Face/Bikini Line). A health and wellbeing product.",No regulation
simple,5060087366319,Healthpoint Spectacle Wipes 52 Pack,0,0,0,1.19,taxable,,Beauty,Healthpoint Spectacle Wipes 52 Pack. A health and beauty product. Supplied as 52 Pack.,No regulation
simple,8711600323520,Impulse Very Pink Body Fragrance 75ml,0,0,0,1.19,taxable,,Beauty,Impulse Very Pink Body Fragrance 75ml. A health and beauty product. Supplied as 75ml.,No regulation
simple,0309970054953,Revlon Colorstay Gel Envy Need More Nail Polish 14.7ml,0,0,0,1.19,taxable,,Beauty,Revlon Colorstay Gel Envy Need More Nail Polish 14.7ml. A health and beauty product. Supplied as 14.7ml.,No regulation
simple,5012616267017,Firefly LOL Surprise Anti-Cavity Toothpaste 75ml,0,0,0,1.19,taxable,,Oral Care,Firefly LOL Surprise Anti-Cavity Toothpaste 75ml. An oral care product. Supplied as 75ml.,No regulation
simple,5029053567822,Huggies All Over Clean Wipes 56 Pack,0,0,0,1.19,taxable,,Beauty,Huggies All Over Clean Wipes 56 Pack. A health and beauty product. Supplied as 56 Pack.,No regulation
simple,5000101149733,Original Source Extreme Wake Up Hair & Body 250ml,0,0,0,1.19,taxable,,Hair Care,Original Source Extreme Wake Up Hair & Body 250ml. A hair care product. Supplied as 250ml.,No regulation
simple,4084500140271,Herbal Essences Clearly Naked Dry Shampoo 65ml,0,0,0,1.19,taxable,,Hair Care,Herbal Essences Clearly Naked Dry Shampoo 65ml. A hair care product. Supplied as 65ml.,No regulation
simple,5038581134246,Yankee Candle Tranquil Garden 49g,0,0,0,1.19,taxable,,Beauty,Yankee Candle Tranquil Garden 49g. A health and beauty product. Supplied as 49g.,No regulation
simple,8718951430853,Palmolive Thermal Spa Pampering Macadamia Oil Shower Gel 250ml,0,0,0,1.19,taxable,,Beauty,Palmolive Thermal Spa Pampering Macadamia Oil Shower Gel 250ml. A health and beauty product. Supplied as 250ml.,No regulation
simple,8001841559353,Aussie Sos Shine Treatment Shot 25ml,0,0,0,1.19,taxable,,General Health,Aussie Sos Shine Treatment Shot 25ml. A health and wellbeing product. Supplied as 25ml.,No regulation
simple,5017353503800,Galpharm Ibuprofen 200mg 16 Capsules,0,0,0,1.19,taxable,,Pain Relief,"Galpharm Ibuprofen 200mg 16 Capsules. Always read the label and any leaflet supplied. If symptoms persist, speak to your pharmacist or doctor. Supplied as 16 Capsules.",GSL
simple,5038581130293,Yankee Candle Home Votive Island 49g,0,0,0,1.19,taxable,,Beauty,Yankee Candle Home Votive Island 49g. A health and beauty product. Supplied as 49g.,No regulation
simple,5055172214668,Innovate Nail Clipper,0,0,0,1.19,taxable,,Beauty,Innovate Nail Clipper. A health and beauty product.,No regulation
simple,5014107164867,Interlude Pant Liners 50 Pack,0,0,0,1.19,taxable,zero-rate,General Health,Interlude Pant Liners 50 Pack. A health and wellbeing product. Supplied as 50 Pack.,No regulation
simple,5037741991026,Classics Acetone Free Nail Poilsh Remover 150ml,0,0,0,1.19,taxable,,Beauty,Classics Acetone Free Nail Poilsh Remover 150ml. A health and beauty product. Supplied as 150ml.,No regulation
simple,5037741150218,Classics Gel Polish Remover 150ml,0,0,0,1.19,taxable,,Skincare,Classics Gel Polish Remover 150ml. A skincare product. Supplied as 150ml.,No regulation
simple,5000101502682,Original Source Shower Gel Orange 250ml,0,0,0,1.19,taxable,,Beauty,Original Source Shower Gel Orange 250ml. A health and beauty product. Supplied as 250ml.,No regulation
simple,5010724533239,Batiste Dry Shampoo Volume 50ml,0,0,0,1.19,taxable,,Hair Care,Batiste Dry Shampoo Volume 50ml. A hair care product. Supplied as 50ml.,No regulation
simple,8714789726229,Colgate Plax Soft Mint Mouthwash 250ml,0,0,0,1.19,taxable,,Oral Care,Colgate Plax Soft Mint Mouthwash 250ml. An oral care product. Supplied as 250ml.,No regulation
simple,5028763007512,Wisdom Toothbrush Regular Firm 2 Pack,0,0,0,1.19,taxable,,Oral Care,Wisdom Toothbrush Regular Firm 2 Pack. An oral care product. Supplied as 2 Pack.,No regulation
simple,3574661421728,Johnson's Baby Gentle All Over 56 Wipes,0,0,0,1.19,taxable,,Baby & Child,Johnson's Baby Gentle All Over 56 Wipes. A baby and child product. Supplied as 56 Wipes.,No regulation
simple,5010441012451,Numark Nail Polish Remover Alcohol Free 150ml,0,0,0,1.19,taxable,,Beauty,Numark Nail Polish Remover Alcohol Free 150ml. A health and beauty product. Supplied as 150ml.,No regulation
simple,8001841041360,Pampers Fresh Clean Baby 52 Wipes,0,0,0,1.19,taxable,,Baby & Child,Pampers Fresh Clean Baby 52 Wipes. A baby and child product. Supplied as 52 Wipes.,No regulation
simple,5054563180209,Aquafresh Toothpaste Triple Protection 100ml,0,0,0,1.19,taxable,,Oral Care,Aquafresh Toothpaste Triple Protection 100ml. An oral care product. Supplied as 100ml.,No regulation
simple,8710908657122,Baby Dove Head To Toe Wash Rich Moisture 200ml,0,0,0,1.19,taxable,,Baby & Child,Baby Dove Head To Toe Wash Rich Moisture 200ml. A baby and child product. Supplied as 200ml.,No regulation
simple,5054563180230,Aquafresh Toothpaste Active Fresh 100ml,0,0,0,1.19,taxable,,Oral Care,Aquafresh Toothpaste Active Fresh 100ml. An oral care product. Supplied as 100ml.,No regulation
simple,5000101189685,Original Source Green Banana & Bamboo Shower Milk 250ml,0,0,0,1.19,taxable,,Beauty,Original Source Green Banana & Bamboo Shower Milk 250ml. A health and beauty product. Supplied as 250ml.,No regulation
simple,5038581110097,Yankee Candle Banana Flower 49g,0,0,0,1.19,taxable,,Beauty,Yankee Candle Banana Flower 49g. A health and beauty product. Supplied as 49g.,No regulation
simple,8720181336034,Radox Shower Gel Feel Awake 225ml,0,0,0,1.19,taxable,,Beauty,Radox Shower Gel Feel Awake 225ml. A health and beauty product. Supplied as 225ml.,No regulation
simple,5000101044755,Carex Nourishing Hand Wash 250ml,0,0,0,1.19,taxable,,Beauty,Carex Nourishing Hand Wash 250ml. A health and beauty product. Supplied as 250ml.,No regulation
simple,5056235400578,Healthpoint Verruca & Wart Patch 10 Pack,0,0,0,1.19,taxable,,Skincare,Healthpoint Verruca & Wart Patch 10 Pack. A skincare product. Supplied as 10 Pack.,No regulation
simple,5025416030606,Love My Ink Tattoo Cream 150ml,0,0,0,1.19,taxable,,Skincare,Love My Ink Tattoo Cream 150ml. A skincare product. Supplied as 150ml.,No regulation
simple,8901030561795,Lux Velvet Touch Body Wash 240ml,0,0,0,1.19,taxable,,Beauty,Lux Velvet Touch Body Wash 240ml. A health and beauty product. Supplied as 240ml.,No regulation
simple,5050895242615,Zazie Hair Brush & Comb Set,0,0,0,1.18,taxable,,Hair Care,Zazie Hair Brush & Comb Set. A hair care product.,No regulation
simple,4015400260837,Always Classic Night Pads 8 Pack,0,0,0,1.15,taxable,zero-rate,Women's Health,Always Classic Night Pads 8 Pack. A women's health product. Supplied as 8 Pack.,No regulation
simple,0050051110982,Lipsmacker Lip Balm Coca-Cola 4g,0,0,0,1.09,taxable,,Skincare,Lipsmacker Lip Balm Coca-Cola 4g. A skincare product. Supplied as 4g.,No regulation
simple,5060120161277,Medipure Hair & Scalp Anti Dandruff Shampoo 400ml,0,0,0,1.09,taxable,,Hair Care,Medipure Hair & Scalp Anti Dandruff Shampoo 400ml. A hair care product. Supplied as 400ml.,No regulation
simple,3574661440460,Johnson's Baby Cotton Buds 100 Pack,0,0,0,1.09,taxable,,Baby & Child,Johnson's Baby Cotton Buds 100 Pack. A baby and child product. Supplied as 100 Pack.,No regulation
simple,5050895242691,Zazie Hair Bobbles in Pink Grey Black 40 Pack,0,0,0,1.09,taxable,,Hair Care,Zazie Hair Bobbles in Pink Grey Black 40 Pack. A hair care product. Supplied as 40 Pack.,No regulation
simple,5024874032061,Valupak Vitamin D3 60 Tablets,0,0,0,1.09,taxable,,Vitamins,Valupak Vitamin D3 60 Tablets. A vitamins and supplements product. Supplied as 60 Tablets.,No regulation
simple,5026445000448,Rapport Body Spray Original 150ml,0,0,0,1.09,taxable,,Beauty,Rapport Body Spray Original 150ml. A health and beauty product. Supplied as 150ml.,No regulation
simple,8001090132017,Oral-B Complete Mouthwash Arctic Mint 250ml,0,0,0,1.09,taxable,,Oral Care,Oral-B Complete Mouthwash Arctic Mint 250ml. An oral care product. Supplied as 250ml.,No regulation
simple,5000101189418,Original Source Sweet Apple & Vanilla Shower Milk 250ml,0,0,0,1.09,taxable,,Beauty,Original Source Sweet Apple & Vanilla Shower Milk 250ml. A health and beauty product. Supplied as 250ml.,No regulation
simple,5010441000304,Numark Sensitive Plasters 24 Pack,0,0,0,1.09,taxable,,First Aid,"Numark Sensitive Plasters 24 Pack. Always read the label and any leaflet supplied. If symptoms persist, speak to your pharmacist or doctor. Supplied as 24 Pack.",No regulation
simple,8411114026084,Disney Tigger & Pooh Shampoo & Shower Gel 250ml,0,0,0,1.09,taxable,,Hair Care,Disney Tigger & Pooh Shampoo & Shower Gel 250ml. A hair care product. Supplied as 250ml.,No regulation
simple,9329401000763,Pure Paw Paw Ointment Blackcurrant 15g,0,0,0,1.09,taxable,,Skincare,Pure Paw Paw Ointment Blackcurrant 15g. A skincare product. Supplied as 15g.,No regulation
simple,5060337729857,Healthpoint Arnica Cream 50ml,0,0,0,1.09,taxable,,Skincare,Healthpoint Arnica Cream 50ml. A skincare product. Supplied as 50ml.,No regulation
simple,5000158102170,Nurofen 200mg Caplets 8 Pack,0,0,0,1.09,taxable,,Pain Relief,"Nurofen 200mg Caplets 8 Pack. Always read the label and any leaflet supplied. If symptoms persist, speak to your pharmacist or doctor. Supplied as 8 Pack.",GSL
simple,8712561306409,Dove Relaxing Coconut Soap Bar 90g,0,0,0,1.09,taxable,,Beauty,Dove Relaxing Coconut Soap Bar 90g. A health and beauty product. Supplied as 90g.,No regulation
simple,5050375041134,Masterplast Clear Plasters 100pk,0,0,0,1.09,taxable,,First Aid,"Masterplast Clear Plasters 100pk. Always read the label and any leaflet supplied. If symptoms persist, speak to your pharmacist or doctor.",No regulation
simple,5026445002336,Amplex Roll on Deodorant Natural 50ml,0,0,0,1.09,taxable,,Beauty,Amplex Roll on Deodorant Natural 50ml. A health and beauty product. Supplied as 50ml.,No regulation
simple,5060120164087,Xhc Argan Oil Conditioner 300ml,0,0,0,1.09,taxable,,Hair Care,Xhc Argan Oil Conditioner 300ml. A hair care product. Supplied as 300ml.,No regulation
simple,5013965953354,Oral-B Fresh Protect Cool Mint Toothpaste 100ml,0,0,0,1.09,taxable,,Oral Care,Oral-B Fresh Protect Cool Mint Toothpaste 100ml. An oral care product. Supplied as 100ml.,No regulation
simple,5025971208274,Lil-Lets 200 Cotton Wool Buds,0,0,0,1.09,taxable,zero-rate,First Aid,"Lil-Lets 200 Cotton Wool Buds. Always read the label and any leaflet supplied. If symptoms persist, speak to your pharmacist or doctor.",No regulation
simple,5000101189333,Original Source Lime & Coconut Milk Shower Gel 250ml,0,0,0,1.09,taxable,,Beauty,Original Source Lime & Coconut Milk Shower Gel 250ml. A health and beauty product. Supplied as 250ml.,No regulation
simple,5012008581202,Cuticura Normal Skin Oil Free Facial Moisturiser 100ml,0,0,0,1.09,taxable,,Skincare,Cuticura Normal Skin Oil Free Facial Moisturiser 100ml. A skincare product. Supplied as 100ml.,No regulation
simple,5019091500561,Revitale Absorbent Nose Strips 5 Pack,0,0,0,1.09,taxable,,General Health,Revitale Absorbent Nose Strips 5 Pack. A health and wellbeing product. Supplied as 5 Pack.,No regulation
simple,5028763002371,Wisdom Toothbrush Regular Fresh Med 2 Pack,0,0,0,1.09,taxable,,Oral Care,Wisdom Toothbrush Regular Fresh Med 2 Pack. An oral care product. Supplied as 2 Pack.,No regulation
simple,8710908181160,Alberto Balsam Anti-Oxidant Blueberry Conditioner 350ml,0,0,0,1.09,taxable,,Hair Care,Alberto Balsam Anti-Oxidant Blueberry Conditioner 350ml. A hair care product. Supplied as 350ml.,No regulation
simple,5060228453502,Teletubbies Toothpaste 75ml,0,0,0,1.09,taxable,,Oral Care,Teletubbies Toothpaste 75ml. An oral care product. Supplied as 75ml.,No regulation
simple,5060464500862,Paracetamol 500mg 16 Tablets,0,0,0,1.09,taxable,,Pain Relief,"Paracetamol 500mg 16 Tablets. Always read the label and any leaflet supplied. If symptoms persist, speak to your pharmacist or doctor. Supplied as 16 Tablets.",GSL
simple,5000231080401,Radox Feel Relaxed Waterlily & Lavender Shower Gel 250ml,0,0,0,1.09,taxable,,Beauty,Radox Feel Relaxed Waterlily & Lavender Shower Gel 250ml. A health and beauty product. Supplied as 250ml.,No regulation
simple,5025135118951,Malibu Lip Balm Strawberry SPF 30 4g,0,0,0,1.09,taxable,,Skincare,Malibu Lip Balm Strawberry SPF 30 4g. A skincare product. Supplied as 4g.,No regulation
simple,5037741980013,Zazie Nail Polish Remover 250ml,0,0,0,1.09,taxable,,Beauty,Zazie Nail Polish Remover 250ml. A health and beauty product. Supplied as 250ml.,No regulation
simple,5029053578156,Kleenex Collection Cube 48 Sheets,0,0,0,1.09,taxable,,General Health,Kleenex Collection Cube 48 Sheets. A health and wellbeing product. Supplied as 48 Sheets.,No regulation
simple,5025416030590,Love My Ink Tattoo Oil 30ml,0,0,0,1.09,taxable,,Skincare,Love My Ink Tattoo Oil 30ml. A skincare product. Supplied as 30ml.,No regulation
simple,5010441008454,Numark Cushioned Plasters 20 Pack,0,0,0,1.09,taxable,,First Aid,"Numark Cushioned Plasters 20 Pack. Always read the label and any leaflet supplied. If symptoms persist, speak to your pharmacist or doctor. Supplied as 20 Pack.",No regulation
simple,5056235400257,Healthpoint Hayfever Relief 36 Wipes,0,0,0,1.09,taxable,,Beauty,Healthpoint Hayfever Relief 36 Wipes. A health and beauty product. Supplied as 36 Wipes.,No regulation
simple,5025903021964,Careway Bunion Cushions 4 Pack,0,0,0,1.09,taxable,,General Health,Careway Bunion Cushions 4 Pack. A health and wellbeing product. Supplied as 4 Pack.,No regulation
simple,5060087360973,Healthpoint Heataid Heat Pads 2 Pack,0,0,0,1.09,taxable,,General Health,Healthpoint Heataid Heat Pads 2 Pack. A health and wellbeing product. Supplied as 2 Pack.,No regulation
simple,4027800383207,Wilkinson Sword Xtreme 3 Sensitive Disposable Razor,0,0,0,1.09,taxable,,Men's Grooming,Wilkinson Sword Xtreme 3 Sensitive Disposable Razor. A men's grooming product.,No regulation
simple,5031413910933,Pretty Paper Stem Cotton Buds 200 Pack,0,0,0,1.09,taxable,,General Health,Pretty Paper Stem Cotton Buds 200 Pack. A health and wellbeing product. Supplied as 200 Pack.,No regulation
simple,7501056371838,Dove Go Fresh Touch Beauty Cream Bar 100g 2 Pack,0,0,0,1.09,taxable,,Skincare,Dove Go Fresh Touch Beauty Cream Bar 100g 2 Pack. A skincare product. Supplied as 2 Pack.,No regulation
simple,5012254060223,Alberto Balsam Wet Look Styling Gel 200ml,0,0,0,1.09,taxable,,Hair Care,Alberto Balsam Wet Look Styling Gel 200ml. A hair care product. Supplied as 200ml.,No regulation
simple,5012616267130,Firefly Marvel Spider-Man Anti-Cavity Toothpaste 75ml,0,0,0,1.09,taxable,,Oral Care,Firefly Marvel Spider-Man Anti-Cavity Toothpaste 75ml. An oral care product. Supplied as 75ml.,No regulation
simple,5014749141530,EcoBud Bamboo Cotton Buds 300 Pack,0,0,0,1.09,taxable,,General Health,EcoBud Bamboo Cotton Buds 300 Pack. A health and wellbeing product. Supplied as 300 Pack.,No regulation
simple,4027800079025,Wilkinson Sword Essentials Male Disposable Razor 5 Pack,0,0,0,1.09,taxable,,Men's Grooming,Wilkinson Sword Essentials Male Disposable Razor 5 Pack. A men's grooming product. Supplied as 5 Pack.,No regulation
simple,8720181336126,Radox Shower Gel Feel Uplifted Shower Gel 225ml,0,0,0,1.09,taxable,,Beauty,Radox Shower Gel Feel Uplifted Shower Gel 225ml. A health and beauty product. Supplied as 225ml.,No regulation
simple,5012251006729,Beauty Formulas Face & Bikini Line 36 Cold Wax Strips,0,0,0,1.09,taxable,,Cold & Flu,"Beauty Formulas Face & Bikini Line 36 Cold Wax Strips. Always read the label and any leaflet supplied. If symptoms persist, speak to your pharmacist or doctor.",No regulation
simple,0050051110999,Lipsmacker Lip Balm Vanilla Coke 4g,0,0,0,1.09,taxable,,Skincare,Lipsmacker Lip Balm Vanilla Coke 4g. A skincare product. Supplied as 4g.,No regulation
simple,5050895241724,Hair Academy 250 Hair Grips,0,0,0,1.09,taxable,,Hair Care,Hair Academy 250 Hair Grips. A hair care product.,No regulation
simple,8901030807664,Vaseline Deep Restore Body Cream 75ml,0,0,0,1.09,taxable,,Skincare,Vaseline Deep Restore Body Cream 75ml. A skincare product. Supplied as 75ml.,No regulation
simple,5014749180560,CS Beauty Cosmetic Sponges 25 Pack,0,0,0,1.09,taxable,,Beauty,CS Beauty Cosmetic Sponges 25 Pack. A health and beauty product. Supplied as 25 Pack.,No regulation
simple,5026445000073,Cyclax 90g Bar Soap Coconut,0,0,0,1.09,taxable,,Beauty,Cyclax 90g Bar Soap Coconut. A health and beauty product. Supplied as 90g.,No regulation
simple,8717163727058,Radox Shower Gel Rose Water & Pink Elderflower 250ml,0,0,0,1.09,taxable,,Beauty,Radox Shower Gel Rose Water & Pink Elderflower 250ml. A health and beauty product. Supplied as 250ml.,No regulation
simple,5028763002395,Wisdom Toothbrush Regular Fresh Firm 2 Pack,0,0,0,1.09,taxable,,Oral Care,Wisdom Toothbrush Regular Fresh Firm 2 Pack. An oral care product. Supplied as 2 Pack.,No regulation
simple,5000101230660,Imperial Leather Gentle Care 3 Pack,0,0,0,1.09,taxable,,General Health,Imperial Leather Gentle Care 3 Pack. A health and wellbeing product. Supplied as 3 Pack.,No regulation
simple,5050895242578,Zazie Emery Boards 3 Pack Nail File,0,0,0,1.09,taxable,,Beauty,Zazie Emery Boards 3 Pack Nail File. A health and beauty product. Supplied as 3 Pack.,No regulation
simple,8411114026091,Disney Mickey Mouse Clubhouse Shampoo & Shower Gel 250ml,0,0,0,1.09,taxable,,Hair Care,Disney Mickey Mouse Clubhouse Shampoo & Shower Gel 250ml. A hair care product. Supplied as 250ml.,No regulation
simple,5038581131481,Yankee Candle Wax Melt Majestic Mount Fuji 22g,0,0,0,1.09,taxable,,Beauty,Yankee Candle Wax Melt Majestic Mount Fuji 22g. A health and beauty product. Supplied as 22g.,No regulation
simple,5010441012444,Numark Nail Polish Remover Original 150ml,0,0,0,1.09,taxable,,Beauty,Numark Nail Polish Remover Original 150ml. A health and beauty product. Supplied as 150ml.,No regulation
simple,5026445002459,Amplex Roll on Deodorant Fresh 50ml,0,0,0,1.09,taxable,,Beauty,Amplex Roll on Deodorant Fresh 50ml. A health and beauty product. Supplied as 50ml.,No regulation
simple,8718951568709,Colgate Toothpaste White & Fresh Breath 75ml,0,0,0,1.09,taxable,,Oral Care,Colgate Toothpaste White & Fresh Breath 75ml. An oral care product. Supplied as 75ml.,No regulation
simple,5060228454240,Peppa Pig Handwash 250ml,0,0,0,1.09,taxable,,Beauty,Peppa Pig Handwash 250ml. A health and beauty product. Supplied as 250ml.,No regulation
simple,5025903022022,Careway Corn Cushions 9 Pack,0,0,0,1.09,taxable,,Skincare,Careway Corn Cushions 9 Pack. A skincare product. Supplied as 9 Pack.,No regulation
simple,8714789732879,Palmolive Naturals Milk & Honey Shower Cream 250ml,0,0,0,1.09,taxable,,Skincare,Palmolive Naturals Milk & Honey Shower Cream 250ml. A skincare product. Supplied as 250ml.,No regulation
simple,5060060212336,Astonish Concentrated Disinfectant Linen Fresh 300ml,0,0,0,1.09,taxable,,Home & Household,Astonish Concentrated Disinfectant Linen Fresh 300ml. A home and household product. Supplied as 300ml.,No regulation
simple,5060060212961,Astonish Protect + Care Hand Wash Caramel Popcorn 600ml,0,0,0,1.09,taxable,,Skincare,Astonish Protect + Care Hand Wash Caramel Popcorn 600ml. A skincare product. Supplied as 600ml.,No regulation
simple,5050895089180,Athena Plastic Bath Brush,0,0,0,1.09,taxable,,Beauty,Athena Plastic Bath Brush. A health and beauty product.,No regulation
simple,5012334005465,Insette Body Spray Dark Attraction 150ml,0,0,0,1.09,taxable,,Beauty,Insette Body Spray Dark Attraction 150ml. A health and beauty product. Supplied as 150ml.,No regulation
simple,8718951556669,COLGATE MOUTHRINSE TRIPLE ACTION 250ML (250ML),0,0,0,1.09,taxable,,Oral Care,COLGATE MOUTHRINSE TRIPLE ACTION 250ML (250ML). An oral care product. Supplied as 250ML.,No regulation
simple,5053249249438,Masterplast Sports Assorted Plasters 40 Pack,0,0,0,1.09,taxable,,First Aid,"Masterplast Sports Assorted Plasters 40 Pack. Always read the label and any leaflet supplied. If symptoms persist, speak to your pharmacist or doctor. Supplied as 40 Pack.",No regulation
simple,5014749124373,CS Medic Knee Support Size M,0,0,0,1.09,taxable,,Supports & Braces,CS Medic Knee Support Size M. A support and mobility product.,No regulation
simple,5000231036767,Radox Bath Salts Vapour Therapy 400g,0,0,0,1.09,taxable,,Beauty,Radox Bath Salts Vapour Therapy 400g. A health and beauty product. Supplied as 400g.,No regulation
simple,4030300023108,Vicks Triple Action with Blackcurrant Syrup Pack of 10,0,0,0,1.09,taxable,,Cold & Flu,"Vicks Triple Action with Blackcurrant Syrup Pack of 10. Always read the label and any leaflet supplied. If symptoms persist, speak to your pharmacist or doctor.",No regulation
simple,5000101193545,Original Source Shower Milk Passion Fruit Jojoba 250ml,0,0,0,1.09,taxable,,Beauty,Original Source Shower Milk Passion Fruit Jojoba 250ml. A health and beauty product. Supplied as 250ml.,No regulation
simple,5060777420352,Ipca Paracetamol 500mg 32 Tablets,0,0,0,1.09,taxable,,Pain Relief,"Ipca Paracetamol 500mg 32 Tablets. Prescription-only medicine, supplied after an online consultation with our pharmacist. Always read the label and any leaflet supplied. If symptoms persist, speak to your pharmacist or doctor. Supplied as 32 Tablets.",P
simple,5060215551051,Peppa Pig Hand & Face Wipes 3 x 10 Pack,0,0,0,1.09,taxable,,Skincare,Peppa Pig Hand & Face Wipes 3 x 10 Pack. A skincare product. Supplied as 3 x 10 Pack.,No regulation
simple,7625657155328,3 Ply Surgical Masks 10 Pack,0,0,0,1.09,taxable,,Skincare,3 Ply Surgical Masks 10 Pack. A skincare product. Supplied as 10 Pack.,No regulation
simple,0038785101018,Aussie 3 Minute Miracle Sachets 20ml,0,0,0,1.09,taxable,,Vitamins,Aussie 3 Minute Miracle Sachets 20ml. A vitamins and supplements product. Supplied as 20ml.,No regulation
simple,5012251013512,Beauty Formulas Brightening Vitamin C Make-Up Remover Wipes 30 Pack,0,0,0,1.09,taxable,,Vitamins,Beauty Formulas Brightening Vitamin C Make-Up Remover Wipes 30 Pack. A vitamins and supplements product. Supplied as 30 Pack.,No regulation
simple,5011309049213,Care+ Hydrogen Peroxide Solution 3% 10 Vols 200ml,0,0,0,1.09,taxable,,General Health,Care+ Hydrogen Peroxide Solution 3% 10 Vols 200ml. A health and wellbeing product. Supplied as 200ml.,GSL
simple,5060060212480,Astonish Concentrated Disinfectant Garden Bouquet 300ml,0,0,0,1.09,taxable,,Home & Household,Astonish Concentrated Disinfectant Garden Bouquet 300ml. A home and household product. Supplied as 300ml.,No regulation
simple,5022545125739,LOL Surprise! Cleansing Hand Gel 50ml,0,0,0,1.09,taxable,,Skincare,LOL Surprise! Cleansing Hand Gel 50ml. A skincare product. Supplied as 50ml.,No regulation
simple,50309443,ChapStick Classic Original SPF10,0,0,0,1.09,taxable,,Skincare,ChapStick Classic Original SPF10. A skincare product.,No regulation
simple,5060228454257,Peppa Pig Leave-In Hair Detangler 150ml,0,0,0,1.09,taxable,,Hair Care,Peppa Pig Leave-In Hair Detangler 150ml. A hair care product. Supplied as 150ml.,No regulation
simple,0050051111002,Lipsmacker Lip Balm Sprite 4g,0,0,0,1.09,taxable,,Skincare,Lipsmacker Lip Balm Sprite 4g. A skincare product. Supplied as 4g.,No regulation
simple,8901030026263,Pears Transparent Soap Bar 100g,0,0,0,1.09,taxable,,Beauty,Pears Transparent Soap Bar 100g. A health and beauty product. Supplied as 100g.,No regulation
simple,5050375057920,Masterplast Freeze Gel Tube 170ml,0,0,0,1.09,taxable,,Skincare,Masterplast Freeze Gel Tube 170ml. A skincare product. Supplied as 170ml.,No regulation
simple,5012617016492,Actavis Paracetamol 500mg 32 Caplets,0,0,0,1.09,taxable,,Pain Relief,"Actavis Paracetamol 500mg 32 Caplets. Prescription-only medicine, supplied after an online consultation with our pharmacist. Always read the label and any leaflet supplied. If symptoms persist, speak to your pharmacist or doctor. Supplied as 500mg.",P
simple,5029115011560,A+E Medical Clear Securing Tape 2.5cm x 10m,0,0,0,1.09,taxable,,General Health,A+E Medical Clear Securing Tape 2.5cm x 10m. A health and wellbeing product.,No regulation
simple,5026445002435,Amplex Roll on Deodorant Ocean 50ml,0,0,0,1.09,taxable,,Beauty,Amplex Roll on Deodorant Ocean 50ml. A health and beauty product. Supplied as 50ml.,No regulation
simple,8720181336133,Radox Shower Gel Moisturise 225ml,0,0,0,1.09,taxable,,Skincare,Radox Shower Gel Moisturise 225ml. A skincare product. Supplied as 225ml.,No regulation
simple,0732068579982,Navita Hand Sanitiser 100ml,0,0,0,1.09,taxable,,General Health,Navita Hand Sanitiser 100ml. A health and wellbeing product. Supplied as 100ml.,No regulation
simple,5060228456824,Paw Patrol Bath & Shower Gel 250ml,0,0,0,1.09,taxable,,Beauty,Paw Patrol Bath & Shower Gel 250ml. A health and beauty product. Supplied as 250ml.,No regulation
simple,5028763010871,Wisdom Toothpaste Xtra Clean Fresh Mint 100ml,0,0,0,1.09,taxable,,Oral Care,Wisdom Toothpaste Xtra Clean Fresh Mint 100ml. An oral care product. Supplied as 100ml.,No regulation
simple,5060337729185,Derma V10 Tea Tree & Peppermint Exfoliating Foot Peel,0,0,0,1.09,taxable,,Skincare,Derma V10 Tea Tree & Peppermint Exfoliating Foot Peel. A skincare product.,No regulation
simple,5060060211773,Astonish Protect + Care Hand Wash Original 600ml,0,0,0,1.09,taxable,,Beauty,Astonish Protect + Care Hand Wash Original 600ml. A health and beauty product. Supplied as 600ml.,No regulation
simple,5012251007955,Beauty Formulas Intimate Cleansing Wash Feminine 250ml,0,0,0,1.09,taxable,,Sexual Wellness,"Beauty Formulas Intimate Cleansing Wash Feminine 250ml. Always read the label and any leaflet supplied. If symptoms persist, speak to your pharmacist or doctor. Supplied as 250ml.",No regulation
simple,5012145015103,Royal Markets 100 Single Use Disposable Gloves,0,0,0,1.09,taxable,,General Health,Royal Markets 100 Single Use Disposable Gloves. A health and wellbeing product.,No regulation
simple,5055586603195,Triple Eight Caffeine Shampoo 250ml,0,0,0,1.09,taxable,,Hair Care,Triple Eight Caffeine Shampoo 250ml. A hair care product. Supplied as 250ml.,No regulation
simple,5060215551235,Paw Patrol Hand & Face Wipes 10 x 3 Wipes,0,0,0,1.09,taxable,,Skincare,Paw Patrol Hand & Face Wipes 10 x 3 Wipes. A skincare product. Supplied as 10 x 3 Wipes.,No regulation
simple,5060228454202,My Little Pony Hand Wash 250ml,0,0,0,1.09,taxable,,Beauty,My Little Pony Hand Wash 250ml. A health and beauty product. Supplied as 250ml.,No regulation
simple,5397119158612,Paw Patrol Marshal Sponge,0,0,0,1.09,taxable,,General Health,Paw Patrol Marshal Sponge. A health and wellbeing product.,No regulation
simple,5012251013314,Beauty Formulas Avocado Makeup Removing Wipes 25 Pack,0,0,0,1.09,taxable,,Beauty,Beauty Formulas Avocado Makeup Removing Wipes 25 Pack. A health and beauty product. Supplied as 25 Pack.,No regulation
simple,5011842107029,Throaties Strong Original Pastilles 12 Pack,0,0,0,1.09,taxable,,Cold & Flu,"Throaties Strong Original Pastilles 12 Pack. Always read the label and any leaflet supplied. If symptoms persist, speak to your pharmacist or doctor. Supplied as 12 Pack.",GSL
simple,5012251008631,Beauty Formulas Cucumber Facial Cleansing Wipes 30 Pack,0,0,0,1.09,taxable,,Skincare,Beauty Formulas Cucumber Facial Cleansing Wipes 30 Pack. A skincare product. Supplied as 30 Pack.,No regulation
simple,5014697055934,Amplex Roll on Deodorant Active 50ml,0,0,0,1.09,taxable,,Beauty,Amplex Roll on Deodorant Active 50ml. A health and beauty product. Supplied as 50ml.,No regulation
simple,5060060211834,Astonish Protect + Care Antibacterial Aloe Vera Hand Wash 600ml,0,0,0,1.09,taxable,,Beauty,Astonish Protect + Care Antibacterial Aloe Vera Hand Wash 600ml. A health and beauty product. Supplied as 600ml.,No regulation
simple,1144668123455,£1 Charity Donation (British Red Cross via Work For Good),0,0,0,1.00,taxable,zero-rate,General Health,£1 Charity Donation (British Red Cross via Work For Good). A health and wellbeing product.,No regulation
simple,5024071270334,Aspar Ibucalm 200mg 16 Tablets,0,0,0,1.00,taxable,,Vitamins,Aspar Ibucalm 200mg 16 Tablets. A vitamins and supplements product. Supplied as 16 Tablets.,GSL
simple,3616301175742,Max Factor Nailfinity Gel Nail Polish Walk Of Fame 12ml,0,0,0,0.99,taxable,,Beauty,Max Factor Nailfinity Gel Nail Polish Walk Of Fame 12ml. A health and beauty product. Supplied as 12ml.,No regulation
simple,0672935810186,Hello Kitty Toothbrush Twin Pack,0,0,0,0.99,taxable,,Oral Care,Hello Kitty Toothbrush Twin Pack. An oral care product.,No regulation
simple,5029115826171,A+E Fabric Dressings 2 Pack,0,0,0,0.99,taxable,,First Aid,"A+E Fabric Dressings 2 Pack. Always read the label and any leaflet supplied. If symptoms persist, speak to your pharmacist or doctor. Supplied as 2 Pack.",No regulation
simple,5391531140125,Kit Kaboodle Non-Latex Cosmetic Sponges,0,0,0,0.99,taxable,,Beauty,Kit Kaboodle Non-Latex Cosmetic Sponges. A health and beauty product.,No regulation
simple,5012334001962,Insette Body Spray Safari 150ml,0,0,0,0.99,taxable,,Beauty,Insette Body Spray Safari 150ml. A health and beauty product. Supplied as 150ml.,No regulation
simple,5017353505231,Galpharm One-a-Day Allergy & Hayfever Relief 10mg 14 Tablets,0,0,0,0.99,taxable,,Vitamins,Galpharm One-a-Day Allergy & Hayfever Relief 10mg 14 Tablets. A vitamins and supplements product. Supplied as 14 Tablets.,GSL
simple,5011831097003,Mates Natural Condoms 3 Pack,0,0,0,0.99,taxable,reduced-rate,Sexual Wellness,"Mates Natural Condoms 3 Pack. Always read the label and any leaflet supplied. If symptoms persist, speak to your pharmacist or doctor. Supplied as 3 Pack.",No regulation
simple,5050895239493,Zazie Nail Scissors,0,0,0,0.99,taxable,,Beauty,Zazie Nail Scissors. A health and beauty product.,No regulation
simple,5028270008309,Simply Cotton Buds with Paper Stem 200 Pack,0,0,0,0.99,taxable,,General Health,Simply Cotton Buds with Paper Stem 200 Pack. A health and wellbeing product. Supplied as 200 Pack.,No regulation
simple,5060332530212,Lindens Health + Nutrition Olive Leaf (27mg oleuropein) 60 Tablets,0,0,0,0.99,taxable,,Vitamins,Lindens Health + Nutrition Olive Leaf (27mg oleuropein) 60 Tablets. A vitamins and supplements product. Supplied as 60 Tablets.,No regulation
simple,8001841220376,Olay Daily Facials Water Activated Dry Cloths,0,0,0,0.99,taxable,,Skincare,Olay Daily Facials Water Activated Dry Cloths. A skincare product.,No regulation
simple,5038581084343,Yankee Candle Candlelit Cabin 49g,0,0,0,0.99,taxable,,Beauty,Yankee Candle Candlelit Cabin 49g. A health and beauty product. Supplied as 49g.,No regulation
simple,5012334001177,Insette Body Spray Orient 150ml,0,0,0,0.99,taxable,,Beauty,Insette Body Spray Orient 150ml. A health and beauty product. Supplied as 150ml.,No regulation
simple,5029053583099,Kleenex Plastic Free Allergy Wipes 40,0,0,0,0.99,taxable,,Beauty,Kleenex Plastic Free Allergy Wipes 40. A health and beauty product.,No regulation
simple,5025135118562,Malibu SPF 30 Lipbalm Tropical 4g,0,0,0,0.99,taxable,,Skincare,Malibu SPF 30 Lipbalm Tropical 4g. A skincare product. Supplied as 4g.,No regulation
simple,5025135118586,Malibu SPF 30 Lipbalm Vanilla 4g,0,0,0,0.99,taxable,,Skincare,Malibu SPF 30 Lipbalm Vanilla 4g. A skincare product. Supplied as 4g.,No regulation
simple,8710908182082,Alberto Balsam Sunkissed Raspberry Conditioner 350ml,0,0,0,0.99,taxable,,Hair Care,Alberto Balsam Sunkissed Raspberry Conditioner 350ml. A hair care product. Supplied as 350ml.,No regulation
simple,8714789988658,Colgate Toothbrush Twister White,0,0,0,0.99,taxable,,Oral Care,Colgate Toothbrush Twister White. An oral care product.,No regulation
simple,5025903022343,Careway Fabric Dressing Strip 1m,0,0,0,0.99,taxable,,First Aid,"Careway Fabric Dressing Strip 1m. Always read the label and any leaflet supplied. If symptoms persist, speak to your pharmacist or doctor.",No regulation
simple,0099800000969,Revlon Nail Polish Gray Suede 14.7ml,0,0,0,0.99,taxable,,Beauty,Revlon Nail Polish Gray Suede 14.7ml. A health and beauty product. Supplied as 14.7ml.,No regulation
simple,5029115011201,A+E Microporous Tape 2.5cm x 6cm,0,0,0,0.99,taxable,,General Health,A+E Microporous Tape 2.5cm x 6cm. A health and wellbeing product.,No regulation
simple,3616301283492,Max Factor Nailfinity Gel Nail Polish That's a Wrap 12ml,0,0,0,0.99,taxable,,Beauty,Max Factor Nailfinity Gel Nail Polish That's a Wrap 12ml. A health and beauty product. Supplied as 12ml.,No regulation
simple,5025903023142,Careway Microporous Tape 1.25cmx5m,0,0,0,0.99,taxable,,General Health,Careway Microporous Tape 1.25cmx5m. A health and wellbeing product.,No regulation
simple,8901030561801,Lux Body Wash Soft Touch 240ml,0,0,0,0.99,taxable,,Beauty,Lux Body Wash Soft Touch 240ml. A health and beauty product. Supplied as 240ml.,No regulation
simple,5037200101621,Oh K! 23ml Sheet Mask Vitamin C Watermelon,0,0,0,0.99,taxable,,Skincare,Oh K! 23ml Sheet Mask Vitamin C Watermelon. A skincare product. Supplied as 23ml.,No regulation
simple,5024071210224,Aspar Paracetamol 500mg 16 Caplets,0,0,0,0.99,taxable,,Pain Relief,"Aspar Paracetamol 500mg 16 Caplets. Always read the label and any leaflet supplied. If symptoms persist, speak to your pharmacist or doctor. Supplied as 500mg.",GSL
simple,5030104005149,Jakemans Cherry Soothing Menthol Lozenges 72g,0,0,0,0.99,taxable,,Cold & Flu,"Jakemans Cherry Soothing Menthol Lozenges 72g. Always read the label and any leaflet supplied. If symptoms persist, speak to your pharmacist or doctor. Supplied as 72g.",No regulation
simple,5013692261968,Baby Shark Bath Fizzer,0,0,0,0.99,taxable,,Baby & Child,Baby Shark Bath Fizzer. A baby and child product.,No regulation
simple,5029053577333,Huggies Biodegrable Baby Wipes 48 Pack,0,0,0,0.99,taxable,,Baby & Child,Huggies Biodegrable Baby Wipes 48 Pack. A baby and child product. Supplied as 48 Pack.,No regulation
simple,0615908428667,Tigi Bed Head Rockaholic Amped Up Firm Hold Mousse 200ml,0,0,0,0.99,taxable,,Hair Care,Tigi Bed Head Rockaholic Amped Up Firm Hold Mousse 200ml. A hair care product. Supplied as 200ml.,No regulation
simple,5011417558416,Dettol Liquid Anti-Bacterial Hand Wash Soothing Aloe Vera 250ml,0,0,0,0.99,taxable,,Beauty,Dettol Liquid Anti-Bacterial Hand Wash Soothing Aloe Vera 250ml. A health and beauty product. Supplied as 250ml.,No regulation
simple,5060215551686,Peppa Pig Kids 20 Plasters,0,0,0,0.99,taxable,,First Aid,"Peppa Pig Kids 20 Plasters. Always read the label and any leaflet supplied. If symptoms persist, speak to your pharmacist or doctor.",No regulation
simple,5025903022862,Careway Cetirizine Dihydrochloride Allergy & Hay Fever Relief 14 Tablets,0,0,0,0.99,taxable,,Vitamins,Careway Cetirizine Dihydrochloride Allergy & Hay Fever Relief 14 Tablets. A vitamins and supplements product. Supplied as 14 Tablets.,GSL
simple,5054805039364,Simple Pure Soap for Sensitive Skin 100g,0,0,0,0.99,taxable,,Skincare,Simple Pure Soap for Sensitive Skin 100g. A skincare product. Supplied as 100g.,No regulation
simple,5025135119064,Malibu SPF30 Lemon Lip Balm 4g,0,0,0,0.99,taxable,,Skincare,Malibu SPF30 Lemon Lip Balm 4g. A skincare product. Supplied as 4g.,No regulation
simple,5038483739020,Durex Thin Feel Condoms 3 Pack,0,0,0,0.99,taxable,reduced-rate,Sexual Wellness,"Durex Thin Feel Condoms 3 Pack. Always read the label and any leaflet supplied. If symptoms persist, speak to your pharmacist or doctor. Supplied as 3 Pack.",No regulation
simple,5012233096342,Sportstar Body Spray Ultra 150ml,0,0,0,0.99,taxable,,Beauty,Sportstar Body Spray Ultra 150ml. A health and beauty product. Supplied as 150ml.,No regulation
simple,8712561538077,Dove Go Fresh Touch Soap Bar 100g,0,0,0,0.99,taxable,,Beauty,Dove Go Fresh Touch Soap Bar 100g. A health and beauty product. Supplied as 100g.,No regulation
simple,8712561698528,Vo5 Smoothly Does It Shampoo 250ml,0,0,0,0.99,taxable,,Hair Care,Vo5 Smoothly Does It Shampoo 250ml. A hair care product. Supplied as 250ml.,No regulation
simple,5029053550152,Huggies Natural Care with Aloe Vera Wipes 56 Pack,0,0,0,0.99,taxable,,Beauty,Huggies Natural Care with Aloe Vera Wipes 56 Pack. A health and beauty product. Supplied as 56 Pack.,No regulation
simple,5017353500731,Galpharm Diarrhoea Relief 2mg 6 Capsules,0,0,0,0.99,taxable,,Digestive,"Galpharm Diarrhoea Relief 2mg 6 Capsules. Always read the label and any leaflet supplied. If symptoms persist, speak to your pharmacist or doctor. Supplied as 6 Capsules.",GSL
simple,5050895061001,Athena Nail Brush,0,0,0,0.99,taxable,,Beauty,Athena Nail Brush. A health and beauty product.,No regulation
simple,5053249250021,Masterplast Blue Plasters 60 Pack,0,0,0,0.99,taxable,,First Aid,"Masterplast Blue Plasters 60 Pack. Always read the label and any leaflet supplied. If symptoms persist, speak to your pharmacist or doctor. Supplied as 60 Pack.",No regulation
simple,59085720,Radox Therapy Chamomile Bath Bomb,0,0,0,0.99,taxable,,Beauty,Radox Therapy Chamomile Bath Bomb. A health and beauty product.,No regulation
simple,4987072028681,Kool N Soothe Cooling Gel Sheet,0,0,0,0.99,taxable,,Skincare,Kool N Soothe Cooling Gel Sheet. A skincare product.,No regulation
simple,5012233097127,Sportstar Body Spray Ice Blue 150ml,0,0,0,0.99,taxable,,Beauty,Sportstar Body Spray Ice Blue 150ml. A health and beauty product. Supplied as 150ml.,No regulation
simple,50097562,Vaseline Men Roll-On Antiperspirant Deodorant 50ml,0,0,0,0.99,taxable,,Beauty,Vaseline Men Roll-On Antiperspirant Deodorant 50ml. A health and beauty product. Supplied as 50ml.,No regulation
simple,5013692265881,Cocomelon Bath Fizzer Rainbow 150g,0,0,0,0.99,taxable,,Beauty,Cocomelon Bath Fizzer Rainbow 150g. A health and beauty product. Supplied as 150g.,No regulation
simple,5012251011617,Beauty Formulas Bikini Razors 3 Pack,0,0,0,0.99,taxable,,Men's Grooming,Beauty Formulas Bikini Razors 3 Pack. A men's grooming product. Supplied as 3 Pack.,No regulation
simple,5056170313872,Jones & Co Hair Colouring Brush & Bowl Set,0,0,0,0.99,taxable,,Hair Care,Jones & Co Hair Colouring Brush & Bowl Set. A hair care product.,No regulation
simple,50819546,Fisherman's Friend Aniseed Menthol Lozenges 25g,0,0,0,0.99,taxable,,Cold & Flu,"Fisherman's Friend Aniseed Menthol Lozenges 25g. Always read the label and any leaflet supplied. If symptoms persist, speak to your pharmacist or doctor. Supplied as 25g.",No regulation
simple,5060215550313,Peppa Pig Hand & Body Wipes 90 Pack,0,0,0,0.99,taxable,,Beauty,Peppa Pig Hand & Body Wipes 90 Pack. A health and beauty product. Supplied as 90 Pack.,No regulation
simple,5060127507504,Treat & Ease Digital Thermometer,0,0,0,0.99,taxable,,First Aid,"Treat & Ease Digital Thermometer. Always read the label and any leaflet supplied. If symptoms persist, speak to your pharmacist or doctor.",No regulation
simple,5060087362861,Clear&Simple Pregnancy Test 1 Pack,0,0,0,0.99,taxable,,Testing & Monitoring,"Clear&Simple Pregnancy Test 1 Pack. Always read the label and any leaflet supplied. If symptoms persist, speak to your pharmacist or doctor. Supplied as 1 Pack.",No regulation
simple,5050895167635,4MyBaby Fragranced Nappy Bags 200 Pack,0,0,0,0.99,taxable,,Baby & Child,4MyBaby Fragranced Nappy Bags 200 Pack. A baby and child product. Supplied as 200 Pack.,No regulation
simple,5060215551884,My Little Pony 20 Plasters,0,0,0,0.99,taxable,,First Aid,"My Little Pony 20 Plasters. Always read the label and any leaflet supplied. If symptoms persist, speak to your pharmacist or doctor.",No regulation
simple,5011417575833,Dettol Kitchen Cleaning Wipes 30 Pack,0,0,0,0.99,taxable,,Home & Household,Dettol Kitchen Cleaning Wipes 30 Pack. A home and household product. Supplied as 30 Pack.,No regulation
simple,5011597092953,Coral Exfoliating Body Puff,0,0,0,0.99,taxable,,Skincare,Coral Exfoliating Body Puff. A skincare product.,No regulation
simple,3014260275921,Oral-B Toothbrush Classic Medium,0,0,0,0.99,taxable,,Oral Care,Oral-B Toothbrush Classic Medium. An oral care product.,No regulation
simple,5010441002636,Numark Washproof Dressing Strips 10 x 6cm 10 Pack,0,0,0,0.99,taxable,,First Aid,"Numark Washproof Dressing Strips 10 x 6cm 10 Pack. Always read the label and any leaflet supplied. If symptoms persist, speak to your pharmacist or doctor. Supplied as 10 Pack.",No regulation
simple,8710908182105,Alberto Balsam Tea Tree Tingle Conditioner 350ml,0,0,0,0.99,taxable,,Hair Care,Alberto Balsam Tea Tree Tingle Conditioner 350ml. A hair care product. Supplied as 350ml.,No regulation
simple,50819485,Fisherman's Friend Fishermans Friend Original Lozenges 25g,0,0,0,0.99,taxable,,Cold & Flu,"Fisherman's Friend Fishermans Friend Original Lozenges 25g. Always read the label and any leaflet supplied. If symptoms persist, speak to your pharmacist or doctor. Supplied as 25g.",No regulation
simple,5060464500008,Flamingo Ibuprofen 200mg 16 Tablets,0,0,0,0.99,taxable,,Pain Relief,"Flamingo Ibuprofen 200mg 16 Tablets. Always read the label and any leaflet supplied. If symptoms persist, speak to your pharmacist or doctor. Supplied as 16 Tablets.",GSL
simple,5051594002982,Cow & Gate Toddler Milk Drink 200ml,0,0,0,0.99,taxable,zero-rate,Baby & Child,Cow & Gate Toddler Milk Drink 200ml. A baby and child product. Supplied as 200ml.,No regulation
simple,5010441000885,Numark Antibacterial Hand Gel 50ml,0,0,0,0.99,taxable,,Skincare,Numark Antibacterial Hand Gel 50ml. A skincare product. Supplied as 50ml.,No regulation
simple,5010441073087,Numark Fabric Plasters 24 Pack,0,0,0,0.99,taxable,,First Aid,"Numark Fabric Plasters 24 Pack. Always read the label and any leaflet supplied. If symptoms persist, speak to your pharmacist or doctor. Supplied as 24 Pack.",No regulation
simple,5038581131511,Yankee Candle Wax Melt Sakura Blossom 22g,0,0,0,0.99,taxable,,Beauty,Yankee Candle Wax Melt Sakura Blossom 22g. A health and beauty product. Supplied as 22g.,No regulation
simple,4015400259459,Always Classic Pads Super with Wings 9 Pack,0,0,0,0.99,taxable,zero-rate,Women's Health,Always Classic Pads Super with Wings 9 Pack. A women's health product. Supplied as 9 Pack.,No regulation
simple,5017353502469,Galpharm Ibuprofen 200mg 16 Tablets,0,0,0,0.99,taxable,,Pain Relief,"Galpharm Ibuprofen 200mg 16 Tablets. Always read the label and any leaflet supplied. If symptoms persist, speak to your pharmacist or doctor. Supplied as 16 Tablets.",GSL
simple,5050895074636,Athena Exfoliating Gloves,0,0,0,0.99,taxable,,Skincare,Athena Exfoliating Gloves. A skincare product.,No regulation
simple,5050895089142,Athena Mesh Bath Brush,0,0,0,0.99,taxable,,Beauty,Athena Mesh Bath Brush. A health and beauty product.,No regulation
simple,42182627,Vaseline Original Petroleum Jelly 50ml,0,0,0,0.99,taxable,,General Health,Vaseline Original Petroleum Jelly 50ml. A health and wellbeing product. Supplied as 50ml.,No regulation
simple,5012334002549,Insette Body Spray Tabu 150ml,0,0,0,0.99,taxable,,Beauty,Insette Body Spray Tabu 150ml. A health and beauty product. Supplied as 150ml.,No regulation
simple,5060228450006,Peppa Pig Toothpaste 75ml,0,0,0,0.99,taxable,,Oral Care,Peppa Pig Toothpaste 75ml. An oral care product. Supplied as 75ml.,No regulation
simple,5012334003034,Insette Shave Foam Cool Shave 250ml,0,0,0,0.99,taxable,,Men's Grooming,Insette Shave Foam Cool Shave 250ml. A men's grooming product. Supplied as 250ml.,No regulation
simple,5014107164836,Interlude Panty Liners 30 Pack,0,0,0,0.99,taxable,zero-rate,Women's Health,Interlude Panty Liners 30 Pack. A women's health product. Supplied as 30 Pack.,No regulation
simple,5026445003159,Rapport 150ml Body Spray Notorious,0,0,0,0.99,taxable,,Beauty,Rapport 150ml Body Spray Notorious. A health and beauty product. Supplied as 150ml.,No regulation
simple,8718114642871,Vaseline Lip Therapy Cocoa 20g,0,0,0,0.99,taxable,,General Health,Vaseline Lip Therapy Cocoa 20g. A health and wellbeing product. Supplied as 20g.,No regulation
simple,5060215551952,Paw Patrol 16 Plasters,0,0,0,0.99,taxable,,First Aid,"Paw Patrol 16 Plasters. Always read the label and any leaflet supplied. If symptoms persist, speak to your pharmacist or doctor.",No regulation
simple,8714100597347,Vaseline Lip Therapy Aloe Vera 20g,0,0,0,0.99,taxable,,General Health,Vaseline Lip Therapy Aloe Vera 20g. A health and wellbeing product. Supplied as 20g.,No regulation
simple,5010441073162,Numark Clear Plasters 24 Pack,0,0,0,0.99,taxable,,First Aid,"Numark Clear Plasters 24 Pack. Always read the label and any leaflet supplied. If symptoms persist, speak to your pharmacist or doctor. Supplied as 24 Pack.",No regulation
simple,5031413903294,Pretty Cosmetic Pads 80 Pack,0,0,0,0.99,taxable,,Beauty,Pretty Cosmetic Pads 80 Pack. A health and beauty product. Supplied as 80 Pack.,No regulation
simple,5050895067362,All About Home Spray Bottle,0,0,0,0.99,taxable,,Beauty,All About Home Spray Bottle. A health and beauty product.,No regulation
simple,3574660709599,Johnson's Body Care Soft & Fresh Unwind 250ml,0,0,0,0.99,taxable,,General Health,Johnson's Body Care Soft & Fresh Unwind 250ml. A health and wellbeing product. Supplied as 250ml.,No regulation
simple,5014749160395,CS Beauty Shampoo & Scalp Massage Brush,0,0,0,0.99,taxable,,Hair Care,CS Beauty Shampoo & Scalp Massage Brush. A hair care product.,No regulation
simple,5060120162144,Xpel Mosquito & Insect Repellent Bands 2 Pack,0,0,0,0.99,taxable,,Home & Household,Xpel Mosquito & Insect Repellent Bands 2 Pack. A home and household product. Supplied as 2 Pack.,No regulation
simple,5012334001160,Insette Body Spray Ocean 150ml,0,0,0,0.99,taxable,,Beauty,Insette Body Spray Ocean 150ml. A health and beauty product. Supplied as 150ml.,No regulation
simple,3014260807214,Oral-B Medium Toothbrush with Cap 1 Pack,0,0,0,0.99,taxable,,Oral Care,Oral-B Medium Toothbrush with Cap 1 Pack. An oral care product. Supplied as 1 Pack.,No regulation
simple,8809626560118,Beaudiani Moist Toner Tissue,0,0,0,0.99,taxable,,Skincare,Beaudiani Moist Toner Tissue. A skincare product.,No regulation
simple,5900998006754,Carex Antibacterial Bar Soap Moisture Plus 100g,0,0,0,0.99,taxable,,Skincare,Carex Antibacterial Bar Soap Moisture Plus 100g. A skincare product. Supplied as 100g.,No regulation
simple,5013692256285,Minions Bath Bomb,0,0,0,0.99,taxable,,Beauty,Minions Bath Bomb. A health and beauty product.,No regulation
simple,5031413953145,Pretty Cotton Wool Balls Approx 100 Pack,0,0,0,0.99,taxable,,First Aid,"Pretty Cotton Wool Balls Approx 100 Pack. Always read the label and any leaflet supplied. If symptoms persist, speak to your pharmacist or doctor. Supplied as 100 Pack.",No regulation
simple,0032251158742,Modesa Mini Manicure Kit,0,0,0,0.99,taxable,,General Health,Modesa Mini Manicure Kit. A health and wellbeing product.,No regulation
simple,5024071270167,Aspar Ibuprofen 200mg 16 Pack,0,0,0,0.99,taxable,,Pain Relief,"Aspar Ibuprofen 200mg 16 Pack. Always read the label and any leaflet supplied. If symptoms persist, speak to your pharmacist or doctor. Supplied as 16 Pack.",GSL
simple,5014749125561,CS Medic Ear Plugs 5 Pairs,0,0,0,0.99,taxable,,General Health,CS Medic Ear Plugs 5 Pairs. A health and wellbeing product.,No regulation
simple,4054596748293,Micropore Surgical Tape 1.25cm x 5m,0,0,0,0.99,taxable,,First Aid,"Micropore Surgical Tape 1.25cm x 5m. Always read the label and any leaflet supplied. If symptoms persist, speak to your pharmacist or doctor.",No regulation
simple,5050895113946,Dentol Denture Box,0,0,0,0.99,taxable,,Oral Care,Dentol Denture Box. An oral care product.,No regulation
simple,8716900559266,Cow & Gate Infant Milk for Hungrier Babies From Birth 200ml,0,0,0,0.99,taxable,zero-rate,Baby & Child,Cow & Gate Infant Milk for Hungrier Babies From Birth 200ml. A baby and child product. Supplied as 200ml.,No regulation
simple,8006540603802,Herbal Essences Cleanse & Volume Shampoo Bar with Coconut Oil 70g,0,0,0,0.99,taxable,,Hair Care,Herbal Essences Cleanse & Volume Shampoo Bar with Coconut Oil 70g. A hair care product. Supplied as 70g.,No regulation
simple,5012251011860,Beauty Formulas Australian Tea Tree Cleansing Wipes 25 Pack,0,0,0,0.99,taxable,,Skincare,Beauty Formulas Australian Tea Tree Cleansing Wipes 25 Pack. A skincare product. Supplied as 25 Pack.,No regulation
simple,5050895242530,Athena 4 in 1 Pedicure Tool,0,0,0,0.99,taxable,,General Health,Athena 4 in 1 Pedicure Tool. A health and wellbeing product.,No regulation
simple,5024071210255,Aspar Paracetamol 500mg 32 Caplets,0,0,0,0.99,taxable,,Pain Relief,"Aspar Paracetamol 500mg 32 Caplets. Prescription-only medicine, supplied after an online consultation with our pharmacist. Always read the label and any leaflet supplied. If symptoms persist, speak to your pharmacist or doctor. Supplied as 500mg.",P
simple,5038581113913,Yankee Candle Wax Melt Last Paradise 22g,0,0,0,0.99,taxable,,Beauty,Yankee Candle Wax Melt Last Paradise 22g. A health and beauty product. Supplied as 22g.,No regulation
simple,5012251012294,Beauty Formulas Argan Oil Facial Cleansing Wipes 30 Pack,0,0,0,0.99,taxable,,Skincare,Beauty Formulas Argan Oil Facial Cleansing Wipes 30 Pack. A skincare product. Supplied as 30 Pack.,No regulation
simple,5026445000462,Rapport Body Spray Black 150ml,0,0,0,0.99,taxable,,Beauty,Rapport Body Spray Black 150ml. A health and beauty product. Supplied as 150ml.,No regulation
simple,5023674201417,Country Club Face Cloth,0,0,0,0.99,taxable,,Skincare,Country Club Face Cloth. A skincare product.,No regulation
simple,8710908422683,Radox Feel Ready Pomegranate Handwash 250ml,0,0,0,0.99,taxable,,Beauty,Radox Feel Ready Pomegranate Handwash 250ml. A health and beauty product. Supplied as 250ml.,No regulation
simple,5014107164843,Interlude Ultra Pads Night 10 Pack,0,0,0,0.99,taxable,zero-rate,General Health,Interlude Ultra Pads Night 10 Pack. A health and wellbeing product. Supplied as 10 Pack.,No regulation
simple,5010232967472,Durex Extra Safe Condoms 3 Pack,0,0,0,0.99,taxable,reduced-rate,Sexual Wellness,"Durex Extra Safe Condoms 3 Pack. Always read the label and any leaflet supplied. If symptoms persist, speak to your pharmacist or doctor. Supplied as 3 Pack.",No regulation
simple,5012334005786,Insette Shave Foam Sensitive Shave 250ml,0,0,0,0.99,taxable,,Men's Grooming,Insette Shave Foam Sensitive Shave 250ml. A men's grooming product. Supplied as 250ml.,No regulation
simple,5025135118579,Malibu SPF 30 Lip Balm Watermelon 4g,0,0,0,0.99,taxable,,Skincare,Malibu SPF 30 Lip Balm Watermelon 4g. A skincare product. Supplied as 4g.,No regulation
simple,3616302970254,Max Factor Masterpiece Monos Eyeshadow Dreamy Auro 02,0,0,0,0.99,taxable,,Beauty,Max Factor Masterpiece Monos Eyeshadow Dreamy Auro 02. A health and beauty product.,No regulation
simple,5025903023159,Careway Skin Closure Strips 8 Pack,0,0,0,0.99,taxable,,Skincare,Careway Skin Closure Strips 8 Pack. A skincare product. Supplied as 8 Pack.,No regulation
simple,8901030005015,Pears Soap Bar 75g,0,0,0,0.99,taxable,,Beauty,Pears Soap Bar 75g. A health and beauty product. Supplied as 75g.,No regulation
simple,0079181911375,Revlon Accent Lashes 91137 A05,0,0,0,0.99,taxable,,General Health,Revlon Accent Lashes 91137 A05. A health and wellbeing product.,No regulation
simple,4015400205166,Always Ultra Thin 3in1 Wings 10's,0,0,0,0.99,taxable,zero-rate,Women's Health,Always Ultra Thin 3in1 Wings 10's. A women's health product.,No regulation
simple,5014749124342,CS Medic Ankle Support Size M,0,0,0,0.99,taxable,,Supports & Braces,CS Medic Ankle Support Size M. A support and mobility product.,No regulation
simple,8710908678615,Impulse Instant Crush Body Spray 75ml,0,0,0,0.99,taxable,,Beauty,Impulse Instant Crush Body Spray 75ml. A health and beauty product. Supplied as 75ml.,No regulation
simple,96083482,Soft & Gentle Pink Cotton Jasmine & Coco Milk Roll-On Deoderant 50ml,0,0,0,0.99,taxable,,Beauty,Soft & Gentle Pink Cotton Jasmine & Coco Milk Roll-On Deoderant 50ml. A health and beauty product. Supplied as 50ml.,No regulation
simple,5011597002228,Coral Massage Sponge,0,0,0,0.99,taxable,,General Health,Coral Massage Sponge. A health and wellbeing product.,No regulation
simple,5020535002503,Hygienics Anti-Bacterial Hand Gel 100ml,0,0,0,0.99,taxable,,Skincare,Hygienics Anti-Bacterial Hand Gel 100ml. A skincare product. Supplied as 100ml.,No regulation
simple,5038581131467,Yankee Candle Wax Melt Berry Mochi 22g,0,0,0,0.99,taxable,,Beauty,Yankee Candle Wax Melt Berry Mochi 22g. A health and beauty product. Supplied as 22g.,No regulation
simple,5014749181789,Soap Dish (Assorted Colours),0,0,0,0.99,taxable,,Beauty,Soap Dish (Assorted Colours). A health and beauty product.,No regulation
simple,5050895089128,Athena Body Mesh Loofah 3 Pack,0,0,0,0.99,taxable,,General Health,Athena Body Mesh Loofah 3 Pack. A health and wellbeing product. Supplied as 3 Pack.,No regulation
simple,5060372800009,Dr.PawPaw Lip Balm Original 25ml,0,0,0,0.99,taxable,,Skincare,Dr.PawPaw Lip Balm Original 25ml. A skincare product. Supplied as 25ml.,No regulation
simple,5014749124304,Cs Medic Ankle Support Large,0,0,0,0.99,taxable,,Supports & Braces,Cs Medic Ankle Support Large. A support and mobility product.,No regulation
simple,5014749181765,CS Beauty Exfoliating Face Sponge,0,0,0,0.99,taxable,,Skincare,CS Beauty Exfoliating Face Sponge. A skincare product.,No regulation
simple,5037200107883,Oh K! 25ml Sheet Mask Peptide,0,0,0,0.99,taxable,,Skincare,Oh K! 25ml Sheet Mask Peptide. A skincare product. Supplied as 25ml.,No regulation
simple,5017353503558,Galpharm Hayfever & Allergy Relief Cetirizine Dihydrochloride 14 Tablets,0,0,0,0.99,taxable,,Vitamins,Galpharm Hayfever & Allergy Relief Cetirizine Dihydrochloride 14 Tablets. A vitamins and supplements product. Supplied as 14 Tablets.,GSL
simple,5030104005064,Jakemans Throat & Chest Soothing Menthol Lozenges 73g,0,0,0,0.99,taxable,,Cold & Flu,"Jakemans Throat & Chest Soothing Menthol Lozenges 73g. Always read the label and any leaflet supplied. If symptoms persist, speak to your pharmacist or doctor. Supplied as 73g.",No regulation
simple,5000167056556,Nurofen 200mg 8 Tablets,0,0,0,0.99,taxable,,Pain Relief,"Nurofen 200mg 8 Tablets. Always read the label and any leaflet supplied. If symptoms persist, speak to your pharmacist or doctor. Supplied as 8 Tablets.",GSL
simple,5026445002473,Amplex Roll on Deodorant Black for Men 50ml,0,0,0,0.99,taxable,,Men's Health,Amplex Roll on Deodorant Black for Men 50ml. A men's health product. Supplied as 50ml.,No regulation
simple,0033000005980,Revlon Nail Polish Super Lustrous Iced Mauve 14.7ml,0,0,0,0.99,taxable,,Beauty,Revlon Nail Polish Super Lustrous Iced Mauve 14.7ml. A health and beauty product. Supplied as 14.7ml.,No regulation
simple,5060120163219,Medipure Baby Powder 200g,0,0,0,0.99,taxable,,Baby & Child,Medipure Baby Powder 200g. A baby and child product. Supplied as 200g.,No regulation
simple,6001067022558,Colgate Extra Clean Toothbrush Medium,0,0,0,0.99,taxable,,Oral Care,Colgate Extra Clean Toothbrush Medium. An oral care product.,No regulation
simple,5000453123085,Powerkick Caffeine 40 Tablets,0,0,0,0.99,taxable,,Vitamins,Powerkick Caffeine 40 Tablets. A vitamins and supplements product. Supplied as 40 Tablets.,No regulation
simple,5038581131504,Yankee Candle Wax Melt Tranquil Garden 22g,0,0,0,0.99,taxable,,Beauty,Yankee Candle Wax Melt Tranquil Garden 22g. A health and beauty product. Supplied as 22g.,No regulation
simple,96043509,Halls Citrus Sugar Free 32g,0,0,0,0.99,taxable,,General Health,Halls Citrus Sugar Free 32g. A health and wellbeing product. Supplied as 32g.,No regulation
simple,8000700000005,Dove Beauty Cream Bar 100g,0,0,0,0.99,taxable,,Skincare,Dove Beauty Cream Bar 100g. A skincare product. Supplied as 100g.,No regulation
simple,5060013941023,Bristol Aspirin 75mg Gastro-Resistant 28 Tablets,0,0,0,0.99,taxable,,Pain Relief,"Bristol Aspirin 75mg Gastro-Resistant 28 Tablets. Always read the label and any leaflet supplied. If symptoms persist, speak to your pharmacist or doctor. Supplied as 28 Tablets.",GSL
simple,8809626560217,Beaudiani Velvet Facial Cleansing Sheet,0,0,0,0.99,taxable,,Skincare,Beaudiani Velvet Facial Cleansing Sheet. A skincare product.,No regulation
simple,5011417569566,Dettol Antibacterial Cleansing Surface Wipes 30 Large Wipes,0,0,0,0.99,taxable,,Skincare,Dettol Antibacterial Cleansing Surface Wipes 30 Large Wipes. A skincare product.,No regulation
simple,5012251010436,Beauty Formulas Kids QuickRinse Sugar & Alcohol free 500ml,0,0,0,0.99,taxable,,General Health,Beauty Formulas Kids QuickRinse Sugar & Alcohol free 500ml. A health and wellbeing product. Supplied as 500ml.,No regulation
simple,5012334003768,Insette Body Spray Density 150ml,0,0,0,0.99,taxable,,Beauty,Insette Body Spray Density 150ml. A health and beauty product. Supplied as 150ml.,No regulation
simple,5028270000372,Simply Cotton Round Cotton Wool Cosmetic Pads 80 Pack,0,0,0,0.99,taxable,,First Aid,"Simply Cotton Round Cotton Wool Cosmetic Pads 80 Pack. Always read the label and any leaflet supplied. If symptoms persist, speak to your pharmacist or doctor. Supplied as 80 Pack.",No regulation
simple,4027800571109,Wilkinson Sword Xtreme 3 Beauty Ladies Disposable Razors,0,0,0,0.99,taxable,,Men's Grooming,Wilkinson Sword Xtreme 3 Beauty Ladies Disposable Razors. A men's grooming product.,No regulation
simple,4030300573016,Vicks Vapodrops Ice Tea Peach 42g,0,0,0,0.99,taxable,,Cold & Flu,"Vicks Vapodrops Ice Tea Peach 42g. Always read the label and any leaflet supplied. If symptoms persist, speak to your pharmacist or doctor. Supplied as 42g.",No regulation
simple,5060191553346,Soft & Silky Knots No More Detangling Brush & Pot,0,0,0,0.99,taxable,,General Health,Soft & Silky Knots No More Detangling Brush & Pot. A health and wellbeing product.,No regulation
simple,5026445003135,Rapport Body Spray Chrome 150ml,0,0,0,0.99,taxable,,Beauty,Rapport Body Spray Chrome 150ml. A health and beauty product. Supplied as 150ml.,No regulation
simple,8852961012422,Playboy Classic Condoms 3 Pack,0,0,0,0.99,taxable,reduced-rate,Sexual Wellness,"Playboy Classic Condoms 3 Pack. Always read the label and any leaflet supplied. If symptoms persist, speak to your pharmacist or doctor. Supplied as 3 Pack.",No regulation
simple,5056170343497,Jones & Co Styling Hair Grips 60 Pack,0,0,0,0.95,taxable,,Hair Care,Jones & Co Styling Hair Grips 60 Pack. A hair care product. Supplied as 60 Pack.,No regulation
simple,5038581113944,Yankee Candle Wax Melt Tropical Strarfruit 22g,0,0,0,0.91,taxable,,Beauty,Yankee Candle Wax Melt Tropical Strarfruit 22g. A health and beauty product. Supplied as 22g.,No regulation
simple,5060480201125,Georganics Toothpaste Spatulas 1pcs,0,0,0,0.90,taxable,,Oral Care,Georganics Toothpaste Spatulas 1pcs. An oral care product.,No regulation
simple,5011417554890,Dettol Sensitive Soap Bar 100g,0,0,0,0.89,taxable,,Beauty,Dettol Sensitive Soap Bar 100g. A health and beauty product. Supplied as 100g.,No regulation
simple,5025135118944,Malibu Spf 30 Lip Balm Mango 4g,0,0,0,0.89,taxable,,Skincare,Malibu Spf 30 Lip Balm Mango 4g. A skincare product. Supplied as 4g.,No regulation
simple,5010441014271,Numark Hay Fever Relief Cetirizine 10mg 14 Tablets,0,0,0,0.89,taxable,,Vitamins,Numark Hay Fever Relief Cetirizine 10mg 14 Tablets. A vitamins and supplements product. Supplied as 14 Tablets.,GSL
simple,5010441073247,Numark Fabric Dressing Strips 1m x 6cm,0,0,0,0.89,taxable,,First Aid,"Numark Fabric Dressing Strips 1m x 6cm. Always read the label and any leaflet supplied. If symptoms persist, speak to your pharmacist or doctor.",No regulation
simple,5054563023841,Sensodyne Rapid Relief Daily Fast Relief Toothpaste with Fluoride 15ml,0,0,0,0.89,taxable,,Oral Care,Sensodyne Rapid Relief Daily Fast Relief Toothpaste with Fluoride 15ml. An oral care product. Supplied as 15ml.,No regulation
simple,5025903021872,Careway Stretch Bandage 5cm,0,0,0,0.89,taxable,,First Aid,"Careway Stretch Bandage 5cm. Always read the label and any leaflet supplied. If symptoms persist, speak to your pharmacist or doctor.",No regulation
simple,50173686,Extra Spearmint Gum 10pcs,0,0,0,0.89,taxable,,Oral Care,Extra Spearmint Gum 10pcs. An oral care product.,No regulation
simple,5010441072967,Numark Washproof Plasters 24 Pack,0,0,0,0.89,taxable,,First Aid,"Numark Washproof Plasters 24 Pack. Always read the label and any leaflet supplied. If symptoms persist, speak to your pharmacist or doctor. Supplied as 24 Pack.",No regulation
simple,4015600222529,Wella Professional Brilliance Treatment Fine/Normal Hair 15ml,0,0,0,0.89,taxable,,Hair Care,Wella Professional Brilliance Treatment Fine/Normal Hair 15ml. A hair care product. Supplied as 15ml.,No regulation
simple,5025903022428,Careway Waterproof Plasters Assortment 20 Pack,0,0,0,0.89,taxable,,First Aid,"Careway Waterproof Plasters Assortment 20 Pack. Always read the label and any leaflet supplied. If symptoms persist, speak to your pharmacist or doctor. Supplied as 20 Pack.",No regulation
simple,5028763011885,Wisdom Toothpaste Xtra Clean 75ml,0,0,0,0.89,taxable,,Oral Care,Wisdom Toothpaste Xtra Clean 75ml. An oral care product. Supplied as 75ml.,No regulation
simple,5050895015424,Zazie Assorted Emery Boards Nail Files 30 Pack,0,0,0,0.89,taxable,,Beauty,Zazie Assorted Emery Boards Nail Files 30 Pack. A health and beauty product. Supplied as 30 Pack.,No regulation
simple,5034660508021,Halls Soothers Peach & Raspberry 45g,0,0,0,0.89,taxable,,Baby & Child,Halls Soothers Peach & Raspberry 45g. A baby and child product. Supplied as 45g.,No regulation
simple,59085713,Radox Therapy Lavender Bath Bomb,0,0,0,0.89,taxable,,Beauty,Radox Therapy Lavender Bath Bomb. A health and beauty product.,No regulation
simple,5024071260038,Aspar Paracetamol 500mg 16 Capsules,0,0,0,0.89,taxable,,Pain Relief,"Aspar Paracetamol 500mg 16 Capsules. Always read the label and any leaflet supplied. If symptoms persist, speak to your pharmacist or doctor. Supplied as 16 Capsules.",GSL
simple,50398447,VO5 Rework Putty 30ml,0,0,0,0.89,taxable,,General Health,VO5 Rework Putty 30ml. A health and wellbeing product. Supplied as 30ml.,No regulation
simple,5050895213332,Athena Shower Caps 4 Pack,0,0,0,0.89,taxable,,Beauty,Athena Shower Caps 4 Pack. A health and beauty product. Supplied as 4 Pack.,No regulation
simple,8712561548953,Dove Restoring Soap Bar 90g,0,0,0,0.89,taxable,,Beauty,Dove Restoring Soap Bar 90g. A health and beauty product. Supplied as 90g.,No regulation
simple,5020535019457,Hygienics Hand Gel 236ml,0,0,0,0.89,taxable,,Skincare,Hygienics Hand Gel 236ml. A skincare product. Supplied as 236ml.,No regulation
simple,8693495033770,Palmolive Mild Chamomile Soap Bar 90g,0,0,0,0.89,taxable,,Beauty,Palmolive Mild Chamomile Soap Bar 90g. A health and beauty product. Supplied as 90g.,No regulation
simple,87342789,Vaseline Lip Therapy Limited Edition Mirror Mirror 20g,0,0,0,0.89,taxable,,General Health,Vaseline Lip Therapy Limited Edition Mirror Mirror 20g. A health and wellbeing product. Supplied as 20g.,No regulation
simple,5391533382653,Kit & Kaboodle Toothbrush & Travel Case,0,0,0,0.89,taxable,,Oral Care,Kit & Kaboodle Toothbrush & Travel Case. An oral care product.,No regulation
simple,5037741980006,Classics Nail Polish Remover 150ml,0,0,0,0.89,taxable,,Beauty,Classics Nail Polish Remover 150ml. A health and beauty product. Supplied as 150ml.,No regulation
simple,5038581109244,Yankee Candle Wax Melt Mango Peach Salsa 22g,0,0,0,0.89,taxable,,Beauty,Yankee Candle Wax Melt Mango Peach Salsa 22g. A health and beauty product. Supplied as 22g.,No regulation
simple,5060130449709,Clinell Antimicrobial Hand Wipes 8 Wipes,0,0,0,0.89,taxable,,Beauty,Clinell Antimicrobial Hand Wipes 8 Wipes. A health and beauty product. Supplied as 8 Wipes.,No regulation
simple,5029053582757,Kleenex Plastic Free Anti Bacterial Wipes 12 Pack,0,0,0,0.89,taxable,,Beauty,Kleenex Plastic Free Anti Bacterial Wipes 12 Pack. A health and beauty product. Supplied as 12 Pack.,No regulation
simple,5060087362854,Clear & Simple 3 Pregnancy Test Strips,0,0,0,0.89,taxable,,Testing & Monitoring,"Clear & Simple 3 Pregnancy Test Strips. Always read the label and any leaflet supplied. If symptoms persist, speak to your pharmacist or doctor.",No regulation
simple,5010441000281,Numark Paracetamol 500mg 16 Tablets,0,0,0,0.89,taxable,,Pain Relief,"Numark Paracetamol 500mg 16 Tablets. Always read the label and any leaflet supplied. If symptoms persist, speak to your pharmacist or doctor. Supplied as 16 Tablets.",GSL
simple,8693495034180,Palmolive Milk & Honey Soap Bar 90g,0,0,0,0.89,taxable,,Beauty,Palmolive Milk & Honey Soap Bar 90g. A health and beauty product. Supplied as 90g.,No regulation
simple,8710908471667,Dove Cream Oil Beauty Bar 100g,0,0,0,0.89,taxable,,Skincare,Dove Cream Oil Beauty Bar 100g. A skincare product. Supplied as 100g.,No regulation
simple,5010455063135,Halls Soothers Cherry Juice 45g,0,0,0,0.89,taxable,,Baby & Child,Halls Soothers Cherry Juice 45g. A baby and child product. Supplied as 45g.,No regulation
simple,8809430537399,Pack-age Melt Me Softly Nose Strip 5ml,0,0,0,0.89,taxable,,General Health,Pack-age Melt Me Softly Nose Strip 5ml. A health and wellbeing product. Supplied as 5ml.,No regulation
simple,5010994819682,Hello Kitty Firefly Fluoride Anti-Cavity Toothpaste 75ml,0,0,0,0.89,taxable,,Oral Care,Hello Kitty Firefly Fluoride Anti-Cavity Toothpaste 75ml. An oral care product. Supplied as 75ml.,No regulation
simple,5030104004944,Jakemans Honey & Lemon Soothing Menthol Lozenges 41g,0,0,0,0.89,taxable,,Cold & Flu,"Jakemans Honey & Lemon Soothing Menthol Lozenges 41g. Always read the label and any leaflet supplied. If symptoms persist, speak to your pharmacist or doctor. Supplied as 41g.",No regulation
simple,5028270000358,Simply Cotton Cotton Wool Cleansing Balls White 100 Pack,0,0,0,0.89,taxable,,First Aid,"Simply Cotton Cotton Wool Cleansing Balls White 100 Pack. Always read the label and any leaflet supplied. If symptoms persist, speak to your pharmacist or doctor. Supplied as 100 Pack.",No regulation
simple,5060013943454,Bristol Ibuprofen 200mg BP 16 Tablets,0,0,0,0.89,taxable,,Pain Relief,"Bristol Ibuprofen 200mg BP 16 Tablets. Always read the label and any leaflet supplied. If symptoms persist, speak to your pharmacist or doctor. Supplied as 16 Tablets.",GSL
simple,5025135119071,Malibu SPF 30 Lip Balm Mint 4g,0,0,0,0.89,taxable,,Skincare,Malibu SPF 30 Lip Balm Mint 4g. A skincare product. Supplied as 4g.,No regulation
simple,8693495034111,Palmolive Green Tea & Cucumber Soap Bar 90g,0,0,0,0.89,taxable,,Beauty,Palmolive Green Tea & Cucumber Soap Bar 90g. A health and beauty product. Supplied as 90g.,No regulation
simple,8710908541926,Radox Frozen Handwash 250ml,0,0,0,0.89,taxable,,Beauty,Radox Frozen Handwash 250ml. A health and beauty product. Supplied as 250ml.,No regulation
simple,5050895242677,Zazie Hair Styling Comb Set 10 Piece,0,0,0,0.89,taxable,,Hair Care,Zazie Hair Styling Comb Set 10 Piece. A hair care product.,No regulation
simple,5060202711277,Taylor & Taylor Nail Polish Remover 250ml,0,0,0,0.89,taxable,,Beauty,Taylor & Taylor Nail Polish Remover 250ml. A health and beauty product. Supplied as 250ml.,No regulation
simple,5038581113975,Yankee Candle Wax Melt Beach Escape 22g,0,0,0,0.79,taxable,,Beauty,Yankee Candle Wax Melt Beach Escape 22g. A health and beauty product. Supplied as 22g.,No regulation
simple,0079181911337,Revlon Accent Lashes 9113 A01,0,0,0,0.79,taxable,,General Health,Revlon Accent Lashes 9113 A01. A health and wellbeing product.,No regulation
simple,0079400204752,Toni & Guy Damage Repair Shampoo 50ml,0,0,0,0.79,taxable,,Hair Care,Toni & Guy Damage Repair Shampoo 50ml. A hair care product. Supplied as 50ml.,No regulation
simple,5014107164096,Interlude Tampons Super 16 Pack,0,0,0,0.79,taxable,zero-rate,Women's Health,Interlude Tampons Super 16 Pack. A women's health product. Supplied as 16 Pack.,No regulation
simple,0079181911122,Revlon Define Lashes 91112 D22,0,0,0,0.79,taxable,,General Health,Revlon Define Lashes 91112 D22. A health and wellbeing product.,No regulation
simple,0079181911139,Revlon Define Lashes 91113 D40,0,0,0,0.79,taxable,,General Health,Revlon Define Lashes 91113 D40. A health and wellbeing product.,No regulation
simple,5010058057326,Ultra Four Layer #1 Ultra Soft Bandages 10cm x 3.5m,0,0,0,0.79,taxable,,First Aid,"Ultra Four Layer #1 Ultra Soft Bandages 10cm x 3.5m. Always read the label and any leaflet supplied. If symptoms persist, speak to your pharmacist or doctor.",No regulation
simple,87111842,Dextro Energy Orange+ Vitamin C 47g,0,0,0,0.79,taxable,zero-rate,Vitamins,Dextro Energy Orange+ Vitamin C 47g. A vitamins and supplements product. Supplied as 47g.,No regulation
simple,0079181910934,Revlon Define Lashes 91093 D01,0,0,0,0.79,taxable,,General Health,Revlon Define Lashes 91093 D01. A health and wellbeing product.,No regulation
simple,5014749180270,CS Beauty Toe Nail Clipper,0,0,0,0.79,taxable,,Beauty,CS Beauty Toe Nail Clipper. A health and beauty product.,No regulation
simple,50696925,Halls Soothers Original Sugar-Free 32g,0,0,0,0.79,taxable,,Baby & Child,Halls Soothers Original Sugar-Free 32g. A baby and child product. Supplied as 32g.,No regulation
simple,5026445000141,Cyclax Bar Soap Cocoa Butter Twin Pack 2x90g,0,0,0,0.79,taxable,,Beauty,Cyclax Bar Soap Cocoa Butter Twin Pack 2x90g. A health and beauty product. Supplied as 2x90g.,No regulation
simple,5010441000267,Numark Dispersible Aspirin 300mg 32 Tablets,0,0,0,0.79,taxable,,Pain Relief,"Numark Dispersible Aspirin 300mg 32 Tablets. Prescription-only medicine, supplied after an online consultation with our pharmacist. Always read the label and any leaflet supplied. If symptoms persist, speak to your pharmacist or doctor. Supplied as 32 Tablets.",P
simple,5038581139944,Yankee Candle Wax Melt Snow Globe Wonderland 22g,0,0,0,0.79,taxable,,Beauty,Yankee Candle Wax Melt Snow Globe Wonderland 22g. A health and beauty product. Supplied as 22g.,No regulation
simple,5030104004920,Jakemans Stick Pack Throat & Chest 41g,0,0,0,0.79,taxable,,Cold & Flu,"Jakemans Stick Pack Throat & Chest 41g. Always read the label and any leaflet supplied. If symptoms persist, speak to your pharmacist or doctor. Supplied as 41g.",No regulation
simple,5038581139920,Yankee Candle Wax Melt Winter Night Stars 22g,0,0,0,0.79,taxable,,Beauty,Yankee Candle Wax Melt Winter Night Stars 22g. A health and beauty product. Supplied as 22g.,No regulation
simple,40111377,Lockets Extra Strong with Menthol & Eucalyptol,0,0,0,0.79,taxable,,General Health,Lockets Extra Strong with Menthol & Eucalyptol. A health and wellbeing product.,No regulation
simple,3600541978508,Garnier Ultimate Blends Argan Oil Shiny Hair Mask Treatment 20ml,0,0,0,0.79,taxable,,Hair Care,Garnier Ultimate Blends Argan Oil Shiny Hair Mask Treatment 20ml. A hair care product. Supplied as 20ml.,No regulation
simple,3600541978454,Garnier Ultimate Blends Olive Oil Dry Hair Mask Treatment 20ml,0,0,0,0.79,taxable,,Hair Care,Garnier Ultimate Blends Olive Oil Dry Hair Mask Treatment 20ml. A hair care product. Supplied as 20ml.,No regulation
simple,0079181910620,Revlon Volumize Lashes 91062,0,0,0,0.79,taxable,,General Health,Revlon Volumize Lashes 91062. A health and wellbeing product.,No regulation
simple,3086125705027,Bic 1 Disposable Razors 5 Pack,0,0,0,0.79,taxable,,Men's Grooming,Bic 1 Disposable Razors 5 Pack. A men's grooming product. Supplied as 5 Pack.,No regulation
simple,7622210412539,Halls Soothers Honey & Lemon 45g,0,0,0,0.79,taxable,,Baby & Child,Halls Soothers Honey & Lemon 45g. A baby and child product. Supplied as 45g.,No regulation
simple,5012008734202,Cuticura 2in1 Anti Bac Hand & Nail Cream 75ml,0,0,0,0.79,taxable,,Skincare,Cuticura 2in1 Anti Bac Hand & Nail Cream 75ml. A skincare product. Supplied as 75ml.,No regulation
simple,8714789700052,Palmolive Bar Soap Almond Milk 90g,0,0,0,0.79,taxable,,Beauty,Palmolive Bar Soap Almond Milk 90g. A health and beauty product. Supplied as 90g.,No regulation
simple,5017289002545,Softy Allergy Wipes 40 sheets,0,0,0,0.79,taxable,,Beauty,Softy Allergy Wipes 40 sheets. A health and beauty product. Supplied as 40 sheets.,No regulation
simple,5038581126616,Yankee Candle Wax Melt Tree Farm Festival 22g,0,0,0,0.79,taxable,,Beauty,Yankee Candle Wax Melt Tree Farm Festival 22g. A health and beauty product. Supplied as 22g.,No regulation
simple,5010441012864,Numark Plain Gauze Swabs BP 75mm x 75mm 5 Pack,0,0,0,0.79,taxable,,First Aid,"Numark Plain Gauze Swabs BP 75mm x 75mm 5 Pack. Always read the label and any leaflet supplied. If symptoms persist, speak to your pharmacist or doctor. Supplied as 5 Pack.",No regulation
simple,5038581131474,Yankee Candle Wax Melt Sweet Plum Sake 22g,0,0,0,0.79,taxable,,Beauty,Yankee Candle Wax Melt Sweet Plum Sake 22g. A health and beauty product. Supplied as 22g.,No regulation
simple,5019091500462,Reo Beauty Soap Bar Antiseptic 80g,0,0,0,0.79,taxable,,First Aid,"Reo Beauty Soap Bar Antiseptic 80g. Always read the label and any leaflet supplied. If symptoms persist, speak to your pharmacist or doctor. Supplied as 80g.",No regulation
simple,5407007650477,Bambaw Razor blades 5 Pack,0,0,0,0.79,taxable,,Men's Grooming,Bambaw Razor blades 5 Pack. A men's grooming product. Supplied as 5 Pack.,No regulation
simple,8001090122353,Always Dream Ultra Night Wings 5's,0,0,0,0.79,taxable,zero-rate,Women's Health,Always Dream Ultra Night Wings 5's. A women's health product.,No regulation
simple,0079400263360,Toni & Guy Intense Softness Shampoo for Normal Hair 50ml,0,0,0,0.79,taxable,,Hair Care,Toni & Guy Intense Softness Shampoo for Normal Hair 50ml. A hair care product. Supplied as 50ml.,No regulation
simple,5038581139937,Yankee Candle Wax Melt Spun Sugar Flurries 22g,0,0,0,0.79,taxable,,Beauty,Yankee Candle Wax Melt Spun Sugar Flurries 22g. A health and beauty product. Supplied as 22g.,No regulation
simple,5038581109428,Yankee Candle Wax Melt Coconut Splash 22g,0,0,0,0.79,taxable,,Beauty,Yankee Candle Wax Melt Coconut Splash 22g. A health and beauty product. Supplied as 22g.,No regulation
simple,5038581126647,Yankee Candle Wax Melt Christmas Cocoa 22g,0,0,0,0.79,taxable,,Beauty,Yankee Candle Wax Melt Christmas Cocoa 22g. A health and beauty product. Supplied as 22g.,No regulation
simple,5010455063142,Halls Soothers Blackcurrant 45g,0,0,0,0.79,taxable,,Baby & Child,Halls Soothers Blackcurrant 45g. A baby and child product. Supplied as 45g.,No regulation
simple,5013748091631,Masterplast Fabric Plaster Strip 6cmx1m,0,0,0,0.69,taxable,,First Aid,"Masterplast Fabric Plaster Strip 6cmx1m. Always read the label and any leaflet supplied. If symptoms persist, speak to your pharmacist or doctor.",No regulation
simple,8412497486076,Peppa Pig Cup,0,0,0,0.69,taxable,,General Health,Peppa Pig Cup. A health and wellbeing product.,No regulation
simple,5013748091600,Masterplast Waterproof Plaster Strip 6cmx1m,0,0,0,0.69,taxable,,First Aid,"Masterplast Waterproof Plaster Strip 6cmx1m. Always read the label and any leaflet supplied. If symptoms persist, speak to your pharmacist or doctor.",No regulation
simple,8006540084199,Herbal Essences Hydrate Concentrate Coconut Milk Hair Mask 25ml,0,0,0,0.69,taxable,,Hair Care,Herbal Essences Hydrate Concentrate Coconut Milk Hair Mask 25ml. A hair care product. Supplied as 25ml.,No regulation
simple,5014749816070,CS Beauty Brown Hair Net,0,0,0,0.69,taxable,,Hair Care,CS Beauty Brown Hair Net. A hair care product.,No regulation
simple,76111570,Dextro Energy Lemon+ Vitamin C 47g,0,0,0,0.69,taxable,zero-rate,Vitamins,Dextro Energy Lemon+ Vitamin C 47g. A vitamins and supplements product. Supplied as 47g.,No regulation
simple,50985098,Halls Extra Strong 33.5g,0,0,0,0.69,taxable,,General Health,Halls Extra Strong 33.5g. A health and wellbeing product. Supplied as 33.5g.,No regulation
simple,5011597001634,Coral Baby Sponge,0,0,0,0.69,taxable,,Baby & Child,Coral Baby Sponge. A baby and child product.,No regulation
simple,5034660508038,Halls Soothers Strawberry 45g,0,0,0,0.69,taxable,,Baby & Child,Halls Soothers Strawberry 45g. A baby and child product. Supplied as 45g.,No regulation
simple,5011597001627,Coral Bath Sponge,0,0,0,0.69,taxable,,Beauty,Coral Bath Sponge. A health and beauty product.,No regulation
