Type,SKU,Name,Published,In stock?,Stock,Regular price,Tax status,Tax class,Categories,Description,Meta: _sp_regulation
simple,0309973103061,Revlon Kiss Lip Creme Blush,0,0,0,0.69,taxable,,Beauty,Revlon Kiss Lip Creme Blush. A health and beauty product.,No regulation
simple,5050895239479,Zazie Nail Clippers,0,0,0,0.69,taxable,,Beauty,Zazie Nail Clippers. A health and beauty product.,No regulation
simple,50658053,Halls Sugar Free Cherry Menthol Action 32g,0,0,0,0.59,taxable,,General Health,Halls Sugar Free Cherry Menthol Action 32g. A health and wellbeing product. Supplied as 32g.,No regulation
simple,40099361,Extra Peppermint Gum 14g,0,0,0,0.59,taxable,reduced-rate,Oral Care,Extra Peppermint Gum 14g. An oral care product. Supplied as 14g.,No regulation
simple,5017353502889,Galpharm Ibuprofen 200mg 16 Caplets,0,0,0,0.59,taxable,,Pain Relief,"Galpharm Ibuprofen 200mg 16 Caplets. Always read the label and any leaflet supplied. If symptoms persist, speak to your pharmacist or doctor. Supplied as 200mg.",GSL
simple,50159086,Lockets Honey & Lemon 41g,0,0,0,0.59,taxable,,General Health,Lockets Honey & Lemon 41g. A health and wellbeing product. Supplied as 41g.,No regulation
simple,5010441030998,Numark Dispersible Aspirin 75mg 28 Tablets,0,0,0,0.59,taxable,,Pain Relief,"Numark Dispersible Aspirin 75mg 28 Tablets. Prescription-only medicine, supplied after an online consultation with our pharmacist. Always read the label and any leaflet supplied. If symptoms persist, speak to your pharmacist or doctor. Supplied as 28 Tablets.",P
simple,5029115011126,A+E Assorted Clear Washproof Plasters 20 Pack,0,0,0,0.59,taxable,,First Aid,"A+E Assorted Clear Washproof Plasters 20 Pack. Always read the label and any leaflet supplied. If symptoms persist, speak to your pharmacist or doctor. Supplied as 20 Pack.",No regulation
simple,5014749180775,CS Beauty 4 Way Nail Buffer Block,0,0,0,0.59,taxable,,Beauty,CS Beauty 4 Way Nail Buffer Block. A health and beauty product.,No regulation
simple,5391533383094,Kit Kaboodle Tear-Off Sponges,0,0,0,0.59,taxable,,General Health,Kit Kaboodle Tear-Off Sponges. A health and wellbeing product.,No regulation
simple,5031413921861,Quest Washable Face Covering 3 Pack,0,0,0,0.59,taxable,,Skincare,Quest Washable Face Covering 3 Pack. A skincare product. Supplied as 3 Pack.,No regulation
simple,5031413921915,Washable Face Covering 1 Pack,0,0,0,0.59,taxable,,Skincare,Washable Face Covering 1 Pack. A skincare product. Supplied as 1 Pack.,No regulation
simple,8001841559094,Aussie Shot SOS Moisture 25ml,0,0,0,0.49,taxable,,Skincare,Aussie Shot SOS Moisture 25ml. A skincare product. Supplied as 25ml.,No regulation
simple,5050895242103,Zazie Eyebrow Tweezers,0,0,0,0.49,taxable,,General Health,Zazie Eyebrow Tweezers. A health and wellbeing product.,No regulation
simple,5014749830915,CS Beauty Nit Comb 2 Pack,0,0,0,0.49,taxable,,General Health,CS Beauty Nit Comb 2 Pack. A health and wellbeing product. Supplied as 2 Pack.,No regulation
simple,50375301,Kleenex Balsam Pocket Tissues,0,0,0,0.45,taxable,,General Health,Kleenex Balsam Pocket Tissues. A health and wellbeing product.,No regulation
simple,5060130443196,Clinell Antimicrobial Hand Wipe Sachet 1 Wipe,0,0,0,0.19,taxable,,Vitamins,Clinell Antimicrobial Hand Wipe Sachet 1 Wipe. A vitamins and supplements product. Supplied as 1 Wipe.,No regulation
simple,5011842112030,Bassetts 12-18 Multivitamins Omega 3 30 Gummies,0,0,0,,taxable,,Vitamins,Bassetts 12-18 Multivitamins Omega 3 30 Gummies. A vitamins and supplements product. Supplied as 30 Gummies.,No regulation
simple,5010441000083,Numark Antihistamine 28 Tablets,0,0,0,,taxable,,Prescription Medicines,"Numark Antihistamine 28 Tablets. Prescription-only medicine, supplied after an online consultation with our pharmacist. Always read the label and any leaflet supplied. If symptoms persist, speak to your pharmacist or doctor. Supplied as 28 Tablets.",P
simple,8720181222467,DOVE CARE NATURE 225ML S/GEL IN AVOCADO,0,0,0,,taxable,,Skincare,DOVE CARE NATURE 225ML S/GEL IN AVOCADO. A skincare product. Supplied as 225ML.,No regulation
simple,0894147000821,Sliquid Organics Natural Gel Thick Lubricant-125ml,0,0,0,,taxable,,Sexual Wellness,"Sliquid Organics Natural Gel Thick Lubricant-125ml. Always read the label and any leaflet supplied. If symptoms persist, speak to your pharmacist or doctor. Supplied as 125ml.",No regulation
simple,5036631008110,Forceval 90 Capsules,0,0,0,,taxable,,Prescription Medicines,"Forceval 90 Capsules. Prescription-only medicine, supplied after an online consultation with our pharmacist. Always read the label and any leaflet supplied. If symptoms persist, speak to your pharmacist or doctor. Supplied as 90 Capsules.",P
simple,4042809016963,WRIST BRACE R ACTIMOVE 7281950 EXLGE,0,0,0,,taxable,,Supports & Braces,WRIST BRACE R ACTIMOVE 7281950 EXLGE. A support and mobility product.,No regulation
simple,8006540893524,Oral-B Refills C/Action Blk X-Filaments 4,0,0,0,,taxable,,Oral Care,Oral-B Refills C/Action Blk X-Filaments 4. An oral care product.,No regulation
simple,0878941003073,Trace Mineral Liquid Ionic Iodine Drops,0,0,0,,taxable,,Vitamins,Trace Mineral Liquid Ionic Iodine Drops. A vitamins and supplements product.,No regulation
simple,8809598455320,Cosrx - Pure Fit Cica Cream - Soothing Cream for Sensitive Skin - 50ml,0,0,0,,taxable,,Skincare,Cosrx - Pure Fit Cica Cream - Soothing Cream for Sensitive Skin - 50ml. A skincare product. Supplied as 50ml.,No regulation
simple,7317400026084,TEPE ORTHO KIT (1),0,0,0,,taxable,,Oral Care,TEPE ORTHO KIT (1). An oral care product.,No regulation
simple,8435465324149,BTB Water Based Cool Feeling Lubricant 250ml,0,0,0,,taxable,,Sexual Wellness,"BTB Water Based Cool Feeling Lubricant 250ml. Always read the label and any leaflet supplied. If symptoms persist, speak to your pharmacist or doctor. Supplied as 250ml.",No regulation
simple,5050375119666,Masterplast 70g Heat Massage Cream,0,0,0,,taxable,,Skincare,Masterplast 70g Heat Massage Cream. A skincare product. Supplied as 70g.,No regulation
simple,5012583211860,Got2B Volumania Hairspray 300ml,0,0,0,,taxable,,Hair Care,Got2B Volumania Hairspray 300ml. A hair care product. Supplied as 300ml.,No regulation
simple,3574660239010,CAREFREE BREATHABLE ALOE LINERS 20,0,0,0,,taxable,,General Health,CAREFREE BREATHABLE ALOE LINERS 20. A health and wellbeing product.,No regulation
simple,5010441016350,Numark Ultra Soft tissues 90 Pack,0,0,0,,taxable,,General Health,Numark Ultra Soft tissues 90 Pack. A health and wellbeing product. Supplied as 90 Pack.,No regulation
simple,4001638579926,PomegranateRegeneratingBodyButterNEWQ4,0,0,0,,taxable,,Beauty,PomegranateRegeneratingBodyButterNEWQ4. A health and beauty product.,No regulation
simple,5011417890431,Gaviscon Double Action Mixed 48 Tablets,0,0,0,,taxable,,Digestive,"Gaviscon Double Action Mixed 48 Tablets. Always read the label and any leaflet supplied. If symptoms persist, speak to your pharmacist or doctor. Supplied as 48 Tablets.",GSL
simple,3282770209402,Avène Les Essentiels Revitalising Nourishing Cream 50ml,0,0,0,,taxable,,Skincare,Avène Les Essentiels Revitalising Nourishing Cream 50ml. A skincare product. Supplied as 50ml.,No regulation
simple,5060391848174,Dr. Organic Guava Glow Getter Gift Set3 Pack,0,0,0,,taxable,,Beauty,Dr. Organic Guava Glow Getter Gift Set3 Pack. A health and beauty product. Supplied as 3 Pack.,No regulation
simple,0782126003041,Natracare Night Time Maxi Pads 10pc,0,0,0,,taxable,zero-rate,General Health,Natracare Night Time Maxi Pads 10pc. A health and wellbeing product.,No regulation
simple,5034511010789,Glow & Protect SPF30 + Self Tan NEW,0,0,0,,taxable,,Skincare,Glow & Protect SPF30 + Self Tan NEW. A skincare product.,No regulation
simple,0658556010754,Wild Nutrition Vegan Protein & Superfood Blend Protein Powder 350g,0,0,0,,taxable,,Vitamins,Wild Nutrition Vegan Protein & Superfood Blend Protein Powder 350g. A vitamins and supplements product. Supplied as 350g.,GSL
simple,5037200005370,OH K! SHEET MASK LAVENDER 10/24,0,0,0,,taxable,,Skincare,OH K! SHEET MASK LAVENDER 10/24. A skincare product.,No regulation
simple,0708002400629,Faith In Nature Jojoba Conditioner 400ml,0,0,0,,taxable,,Hair Care,Faith In Nature Jojoba Conditioner 400ml. A hair care product. Supplied as 400ml.,No regulation
simple,8001090036551,Clearblue Visual Early Detection Test 2 Test,0,0,0,,taxable,,General Health,Clearblue Visual Early Detection Test 2 Test. A health and wellbeing product.,No regulation
simple,9314839010071,SunSense Kids 125ml,0,0,0,,taxable,,General Health,SunSense Kids 125ml. A health and wellbeing product. Supplied as 125ml.,No regulation
simple,5000231039546,Brylcreem Tub Original Red 250ml,0,0,0,,taxable,,General Health,Brylcreem Tub Original Red 250ml. A health and wellbeing product. Supplied as 250ml.,No regulation
simple,8711600368804,DOVE 400ML BODY MILK ESSENTIAL CARE,0,0,0,,taxable,,General Health,DOVE 400ML BODY MILK ESSENTIAL CARE. A health and wellbeing product. Supplied as 400ML.,No regulation
simple,5017353504104,Galpharm Sleep Aid 50mg 20 Tablets,0,0,0,,taxable,,Vitamins,Galpharm Sleep Aid 50mg 20 Tablets. A vitamins and supplements product. Supplied as 20 Tablets.,GSL
simple,5060259570681,Gold Collagen Artron Collagen Extreme,0,0,0,,taxable,,Vitamins,Gold Collagen Artron Collagen Extreme. A vitamins and supplements product.,No regulation
simple,5031413932201,Face Facts Printed Eye Patches Recharge & Recover 2 pairs,0,0,0,,taxable,,Skincare,Face Facts Printed Eye Patches Recharge & Recover 2 pairs. A skincare product.,No regulation
simple,3282770390766,Klorane Oat Milk Dry Shampoo With Ceramide-Tinted 150ml,0,0,0,,taxable,,Hair Care,Klorane Oat Milk Dry Shampoo With Ceramide-Tinted 150ml. A hair care product. Supplied as 150ml.,No regulation
simple,4042809016727,WRIST BRACE L ACTIMOVE 7281944 MED,0,0,0,,taxable,,Supports & Braces,WRIST BRACE L ACTIMOVE 7281944 MED. A support and mobility product.,No regulation
simple,7702018851294,GILLETTE FUSION MANUAL BLADES (4S),0,0,0,,taxable,,General Health,GILLETTE FUSION MANUAL BLADES (4S). A health and wellbeing product.,No regulation
simple,5026445001605,"Rapport Black 100ml Edt Spray, 150ml Shower Gel, 100ml Aftershave Balm & Wash Bag set",0,0,0,,taxable,,Men's Grooming,"Rapport Black 100ml Edt Spray, 150ml Shower Gel, 100ml Aftershave Balm & Wash Bag set. A men's grooming product. Supplied as 100ml.",No regulation
simple,8719134152616,Rituals Karma Body Mask 125ml,0,0,0,,taxable,,Skincare,Rituals Karma Body Mask 125ml. A skincare product. Supplied as 125ml.,No regulation
simple,5011417568996,Strepsils Honey & Lemon Triple Act 24 Lozenges,0,0,0,,taxable,,Cold & Flu,"Strepsils Honey & Lemon Triple Act 24 Lozenges. Always read the label and any leaflet supplied. If symptoms persist, speak to your pharmacist or doctor. Supplied as 24 Lozenges.",GSL
simple,5010724538586,Batiste Leave-In Dry Conditioner 100ml Blush,0,0,0,,taxable,,Hair Care,Batiste Leave-In Dry Conditioner 100ml Blush. A hair care product. Supplied as 100ml.,No regulation
simple,5709976245501,Pharma Nord Bio-Pycnogenol 40mg 150 tabs,0,0,0,,taxable,,Vitamins,Pharma Nord Bio-Pycnogenol 40mg 150 tabs. A vitamins and supplements product. Supplied as 150 tabs.,No regulation
simple,0071409542484,Mane 'n Tail Curls Day - Curl Refresher Spray 3.4oz,0,0,0,,taxable,,Beauty,Mane 'n Tail Curls Day - Curl Refresher Spray 3.4oz. A health and beauty product.,No regulation
simple,5011309081817,Brolene Eye Drops 0.5%,0,0,0,,taxable,,Eye Care,"Brolene Eye Drops 0.5%. Prescription-only medicine, supplied after an online consultation with our pharmacist. Always read the label and any leaflet supplied. If symptoms persist, speak to your pharmacist or doctor.",P
simple,4015400684534,Always Infinity Night Srp 10s,0,0,0,,taxable,zero-rate,Women's Health,Always Infinity Night Srp 10s. A women's health product.,No regulation
simple,8712561692533,Vaseline Moisturiser Spray 190ml Aloe Soothe,0,0,0,,taxable,,Skincare,Vaseline Moisturiser Spray 190ml Aloe Soothe. A skincare product. Supplied as 190ml.,No regulation
simple,0850030689252,Revive Liver - 120 vcaps,0,0,0,,taxable,,General Health,Revive Liver - 120 vcaps. A health and wellbeing product.,No regulation
simple,5060664500143,HuxQ10 100mg Co Enzyme Q10 Vegan Halal Kosher 30 soft capsules,0,0,0,,taxable,,Vitamins,HuxQ10 100mg Co Enzyme Q10 Vegan Halal Kosher 30 soft capsules. A vitamins and supplements product. Supplied as 100mg.,No regulation
simple,0878941004490,Trace Mineral Keto Electrolyte Drops,0,0,0,,taxable,,Vitamins,Trace Mineral Keto Electrolyte Drops. A vitamins and supplements product.,No regulation
simple,8886467064371,Lux Soap 3x80g Aqua Sparkle,0,0,0,,taxable,,Beauty,Lux Soap 3x80g Aqua Sparkle. A health and beauty product. Supplied as 3x80g.,No regulation
simple,8718951311688,Colgate Smile for Good Whitening Eco Toothpaste 75ml,0,0,0,,taxable,,Oral Care,Colgate Smile for Good Whitening Eco Toothpaste 75ml. An oral care product. Supplied as 75ml.,No regulation
simple,0658556116593,Botanicals For Life Agroecological Ashwagandha Extract 100ml,0,0,0,,taxable,,General Health,Botanicals For Life Agroecological Ashwagandha Extract 100ml. A health and wellbeing product. Supplied as 100ml.,No regulation
simple,5060120177179,Serene Moments Relaxing Nights Set,0,0,0,,taxable,,General Health,Serene Moments Relaxing Nights Set. A health and wellbeing product.,No regulation
simple,0017854109421,B&H Royale Garden 2 Bottle Set 1,0,0,0,,taxable,,General Health,B&H Royale Garden 2 Bottle Set 1. A health and wellbeing product.,No regulation
simple,5028763008175,Wisdom Toothbrush Xtra Clean Medium Cdu 12,0,0,0,,taxable,,Oral Care,Wisdom Toothbrush Xtra Clean Medium Cdu 12. An oral care product.,No regulation
simple,4051895032290,FRESUBIN JUCY STR PK VARIOUS FLAVOURS (6X200ML),0,0,0,,taxable,,Vitamins,FRESUBIN JUCY STR PK VARIOUS FLAVOURS (6X200ML). A vitamins and supplements product. Supplied as 6X200ML.,No regulation
simple,5055757901563,Fushi Turmeric Juice 500ml,0,0,0,,taxable,,Vitamins,Fushi Turmeric Juice 500ml. A vitamins and supplements product. Supplied as 500ml.,No regulation
simple,5060203796310,Terranova ResveraSol Resveratrol Complex (BioSNEDS) 100's (NEW PRODUCT),0,0,0,,taxable,,Vitamins,Terranova ResveraSol Resveratrol Complex (BioSNEDS) 100's (NEW PRODUCT). A vitamins and supplements product.,No regulation
simple,4005808665273,Nivea APD Spray 250ml Men Sensitive Protect,0,0,0,,taxable,,Beauty,Nivea APD Spray 250ml Men Sensitive Protect. A health and beauty product. Supplied as 250ml.,No regulation
simple,4000388563902,DOVE 400ML B/LOTION LIGHT HYDRO,0,0,0,,taxable,,Skincare,DOVE 400ML B/LOTION LIGHT HYDRO. A skincare product. Supplied as 400ML.,No regulation
simple,5060133376415,Cl-ear Ear Spray 10ml,0,0,0,,taxable,,Beauty,Cl-ear Ear Spray 10ml. A health and beauty product. Supplied as 10ml.,GSL
simple,8001090700919,Pampers baby dry pants size 4 23 Pack,0,0,0,,taxable,zero-rate,Baby & Child,Pampers baby dry pants size 4 23 Pack. A baby and child product. Supplied as 23 Pack.,No regulation
simple,3574661433790,Imodium 2mg 12 Capsules,0,0,0,,taxable,,Digestive,"Imodium 2mg 12 Capsules. Always read the label and any leaflet supplied. If symptoms persist, speak to your pharmacist or doctor. Supplied as 12 Capsules.",GSL
simple,3662042009907,Blephaderm Eyelid & Eye Contour Cream 40ml,0,0,0,,taxable,,Eye Care,"Blephaderm Eyelid & Eye Contour Cream 40ml. Always read the label and any leaflet supplied. If symptoms persist, speak to your pharmacist or doctor. Supplied as 40ml.",No regulation
simple,0672975192143,Mad Hippie Triple C Night Cream 60g,0,0,0,,taxable,,Skincare,Mad Hippie Triple C Night Cream 60g. A skincare product. Supplied as 60g.,No regulation
simple,5060571822154,The Good Guru Vegan Collagen 60 Capsules,0,0,0,,taxable,,Vitamins,The Good Guru Vegan Collagen 60 Capsules. A vitamins and supplements product. Supplied as 60 Capsules.,No regulation
simple,8008970043081,Wash & Go Shampoo 2 in 1 200ml Sport,0,0,0,,taxable,,Hair Care,Wash & Go Shampoo 2 in 1 200ml Sport. A hair care product. Supplied as 200ml.,No regulation
simple,5012583205623,LIVE Urban metallics U69 Amethyst chrome permanent hair dye,0,0,0,,taxable,,Hair Care,LIVE Urban metallics U69 Amethyst chrome permanent hair dye. A hair care product.,No regulation
simple,4086000012003,Fresubin Energy Protein Drink Tropical 4 x 200ml,0,0,0,,taxable,zero-rate,Vitamins,Fresubin Energy Protein Drink Tropical 4 x 200ml. A vitamins and supplements product. Supplied as 4 x 200ml.,No regulation
simple,5053944916291,COCOMELON LUNCH BOX SNACK POT,0,0,0,,taxable,,General Health,COCOMELON LUNCH BOX SNACK POT. A health and wellbeing product.,No regulation
simple,8001841835853,Clearblue Ultra Early Pregnancy Test 2ct,0,0,0,,taxable,,Testing & Monitoring,"Clearblue Ultra Early Pregnancy Test 2ct. Always read the label and any leaflet supplied. If symptoms persist, speak to your pharmacist or doctor.",No regulation
simple,8809598451506,Cosrx - Pure fit Cica Serum - Soothing Serum for Sensitive Skin - 30ml,0,0,0,,taxable,,Skincare,Cosrx - Pure fit Cica Serum - Soothing Serum for Sensitive Skin - 30ml. A skincare product. Supplied as 30ml.,No regulation
simple,3600524077389,L'Oreal Hyaluron Expert Day SPF20 50ml,0,0,0,,taxable,,Skincare,L'Oreal Hyaluron Expert Day SPF20 50ml. A skincare product. Supplied as 50ml.,No regulation
simple,4987072058558,Hothands Foot Warmers 2 Pack,0,0,0,,taxable,,General Health,Hothands Foot Warmers 2 Pack. A health and wellbeing product. Supplied as 2 Pack.,No regulation
simple,4086000013529,FRESUBIN 2KCAL FIBRE DRINK LEMON 4PACK (4X200ML),0,0,0,,taxable,,Vitamins,FRESUBIN 2KCAL FIBRE DRINK LEMON 4PACK (4X200ML). A vitamins and supplements product. Supplied as 4X200ML.,No regulation
simple,4005808795697,Nivea Shower Gel 250ml Coconut Cream,0,0,0,,taxable,,Skincare,Nivea Shower Gel 250ml Coconut Cream. A skincare product. Supplied as 250ml.,No regulation
simple,8720181270390,Radox Bath Sleep Aromatherapy Bath Soak 500ml,0,0,0,,taxable,,Beauty,Radox Bath Sleep Aromatherapy Bath Soak 500ml. A health and beauty product. Supplied as 500ml.,No regulation
simple,5709976257207,Pharma Nord Q10 Phyto Bio-Quinone - 100mg 60 caps,0,0,0,,taxable,,Vitamins,Pharma Nord Q10 Phyto Bio-Quinone - 100mg 60 caps. A vitamins and supplements product. Supplied as 60 caps.,No regulation
simple,5017978000067,Probio 7 Asia Travel 20 Vegcaps,0,0,0,,taxable,,Vitamins,Probio 7 Asia Travel 20 Vegcaps. A vitamins and supplements product.,No regulation
simple,50074457,Snoreeze Nasal Spray 10ml,0,0,0,,taxable,,Cold & Flu,"Snoreeze Nasal Spray 10ml. Always read the label and any leaflet supplied. If symptoms persist, speak to your pharmacist or doctor. Supplied as 10ml.",GSL
simple,5031413928600,Face Facts Multi-Purpose Balm Natural Nude 15ml,0,0,0,,taxable,,Skincare,Face Facts Multi-Purpose Balm Natural Nude 15ml. A skincare product. Supplied as 15ml.,No regulation
simple,8700216250641,Pampers Harmonie Protect & Care Wipes 44s,0,0,0,,taxable,,Beauty,Pampers Harmonie Protect & Care Wipes 44s. A health and beauty product.,No regulation
simple,5026445002923,Rapport Original 150ml Bath & Shower Gel & 150ml Body Spray Twin Set,0,0,0,,taxable,,Beauty,Rapport Original 150ml Bath & Shower Gel & 150ml Body Spray Twin Set. A health and beauty product. Supplied as 150ml.,No regulation
simple,5010934004215,VAGISIL EXTERNAL PROHYDRATE GEL (30G),0,0,0,,taxable,,Women's Health,VAGISIL EXTERNAL PROHYDRATE GEL (30G). A women's health product. Supplied as 30G.,No regulation
simple,,Veganin 30 Tablets,0,0,0,,taxable,,Vitamins,Veganin 30 Tablets. A vitamins and supplements product. Supplied as 30 Tablets.,No regulation
simple,0708002400124,Faith In Nature Rosemary Conditioner 400ml,0,0,0,,taxable,,Hair Care,Faith In Nature Rosemary Conditioner 400ml. A hair care product. Supplied as 400ml.,No regulation
simple,9329401000244,Pure Paw Paw 15g Ointment,0,0,0,,taxable,,Skincare,Pure Paw Paw 15g Ointment. A skincare product. Supplied as 15g.,No regulation
simple,5056175973781,Pristine Gleam Complete Dental Travel Set,0,0,0,,taxable,,Oral Care,Pristine Gleam Complete Dental Travel Set. An oral care product.,No regulation
simple,5051594006850,Aptamil Milk Comfort From Birth 800g,0,0,0,,taxable,,Baby & Child,Aptamil Milk Comfort From Birth 800g. A baby and child product. Supplied as 800g.,No regulation
simple,3282770209396,Avène Les Essentiels Rich Revitalising Nourishing Cream 50ml,0,0,0,,taxable,,Skincare,Avène Les Essentiels Rich Revitalising Nourishing Cream 50ml. A skincare product. Supplied as 50ml.,No regulation
simple,3701056800404,Puressentiel Respiratory Cough Syrup 125ml,0,0,0,,taxable,,Cold & Flu,"Puressentiel Respiratory Cough Syrup 125ml. Always read the label and any leaflet supplied. If symptoms persist, speak to your pharmacist or doctor. Supplied as 125ml.",No regulation
simple,5054805042555,Witch Refreshing gel cleanser 150ml,0,0,0,,taxable,,Skincare,Witch Refreshing gel cleanser 150ml. A skincare product. Supplied as 150ml.,No regulation
simple,5025452000830,Salt of the Earth Ginger & Jasmine Deodorant Spray 100ml,0,0,0,,taxable,,Beauty,Salt of the Earth Ginger & Jasmine Deodorant Spray 100ml. A health and beauty product. Supplied as 100ml.,No regulation
simple,8720181468391,Dove Body Wash 450ml Fruity Nourish,0,0,0,,taxable,,Beauty,Dove Body Wash 450ml Fruity Nourish. A health and beauty product. Supplied as 450ml.,No regulation
simple,5028763013742,Wisdom Natural Elements Toothpaste 75ml,0,0,0,,taxable,,Oral Care,Wisdom Natural Elements Toothpaste 75ml. An oral care product. Supplied as 75ml.,No regulation
simple,5056175911752,Pristine Gleam Floss Picks 75 Pack,0,0,0,,taxable,,Oral Care,Pristine Gleam Floss Picks 75 Pack. An oral care product. Supplied as 75 Pack.,No regulation
simple,5701943100110,Riemann P20 Original Sun Cream SPF20 200ml,0,0,0,,taxable,,Skincare,Riemann P20 Original Sun Cream SPF20 200ml. A skincare product. Supplied as 200ml.,No regulation
simple,0708002400612,Faith In Nature Jojoba Shampoo 400ml,0,0,0,,taxable,,Hair Care,Faith In Nature Jojoba Shampoo 400ml. A hair care product. Supplied as 400ml.,No regulation
simple,8886467064388,Lux Soap 3x80g Bright Impress,0,0,0,,taxable,,Beauty,Lux Soap 3x80g Bright Impress. A health and beauty product. Supplied as 3x80g.,No regulation
simple,42277347,Nivea Men Gift Set Cracker 3pk 31/05/24 (C),0,0,0,,taxable,,Beauty,Nivea Men Gift Set Cracker 3pk 31/05/24 (C). A health and beauty product.,No regulation
simple,5016379291883,Ibuleve Max Strength Pain Relief 10% 50g,0,0,0,,taxable,,Pain Relief,"Ibuleve Max Strength Pain Relief 10% 50g. Always read the label and any leaflet supplied. If symptoms persist, speak to your pharmacist or doctor. Supplied as 50g.",GSL
simple,5000158066809,Nurofen for Children Baby Orange 100ml,0,0,0,,taxable,,Baby & Child,Nurofen for Children Baby Orange 100ml. A baby and child product. Supplied as 100ml.,GSL
simple,0850030689160,Revive Turmeric+ - 120 vcaps,0,0,0,,taxable,,Vitamins,Revive Turmeric+ - 120 vcaps. A vitamins and supplements product.,No regulation
simple,8005610642642,Wella Professional Invigo Shampoo Refresh Wash with Menthol 250ml,0,0,0,,taxable,,Hair Care,Wella Professional Invigo Shampoo Refresh Wash with Menthol 250ml. A hair care product. Supplied as 250ml.,No regulation
simple,5055586607155,Eight Triple Eight Dead SeaMinerals Conditioner 1L,0,0,0,,taxable,,Hair Care,Eight Triple Eight Dead SeaMinerals Conditioner 1L. A hair care product. Supplied as 1L.,No regulation
simple,5012583200765,Right Guard APD 250ml Clean,0,0,0,,taxable,,General Health,Right Guard APD 250ml Clean. A health and wellbeing product. Supplied as 250ml.,No regulation
simple,0782126003102,Natracare Ultra Pads Long Wings 10pc,0,0,0,,taxable,zero-rate,General Health,Natracare Ultra Pads Long Wings 10pc. A health and wellbeing product.,No regulation
simple,5060677906116,Starlytes Oil Burner Christmas & Tealight Set,0,0,0,,taxable,,Skincare,Starlytes Oil Burner Christmas & Tealight Set. A skincare product.,No regulation
simple,5028763009455,WISDOM FRESH EFFECT WHITENING TOOTHPASTE (100ML),0,0,0,,taxable,,Oral Care,WISDOM FRESH EFFECT WHITENING TOOTHPASTE (100ML). An oral care product. Supplied as 100ML.,No regulation
simple,5055757901310,Fushi Vegan Collagen Builder 120caps,0,0,0,,taxable,,Vitamins,Fushi Vegan Collagen Builder 120caps. A vitamins and supplements product. Supplied as 120caps.,No regulation
simple,3600524143060,L'Oreal Elvive Nutrigloss Conditioner 200ml,0,0,0,,taxable,,Hair Care,L'Oreal Elvive Nutrigloss Conditioner 200ml. A hair care product. Supplied as 200ml.,No regulation
simple,0733739012838,NOW Foods Magnesium 180 vcaps,0,0,0,,taxable,,Vitamins,NOW Foods Magnesium 180 vcaps. A vitamins and supplements product.,No regulation
simple,5050375050167,Masterplast Fabric Plasters Assorted 100pk,0,0,0,,taxable,,First Aid,"Masterplast Fabric Plasters Assorted 100pk. Always read the label and any leaflet supplied. If symptoms persist, speak to your pharmacist or doctor.",No regulation
simple,5056555200551,"Applied Nutrition Hair, Skin & Nails 30 Capsules",0,0,0,,taxable,,Hair Care,"Applied Nutrition Hair, Skin & Nails 30 Capsules. A hair care product. Supplied as 30 Capsules.",No regulation
simple,4717237017829,I-M Knee Support ES-701 Large,0,0,0,,taxable,,Supports & Braces,I-M Knee Support ES-701 Large. A support and mobility product.,No regulation
simple,3574661653488,Aveeno Baby Dermexa Moist Wash 250ml,0,0,0,,taxable,,Baby & Child,Aveeno Baby Dermexa Moist Wash 250ml. A baby and child product. Supplied as 250ml.,No regulation
simple,5014697010711,Witch SPF 15 Day Moisturiser,0,0,0,,taxable,,Skincare,Witch SPF 15 Day Moisturiser. A skincare product.,No regulation
simple,5025135000652,Tropics by Malibu SPF50 Anti-Aging Face Cream 40ml,0,0,0,,taxable,,Skincare,Tropics by Malibu SPF50 Anti-Aging Face Cream 40ml. A skincare product. Supplied as 40ml.,No regulation
simple,5060104170714,YES Anal Water- Based Natural Personal Lubricant,0,0,0,,taxable,,Sexual Wellness,"YES Anal Water- Based Natural Personal Lubricant. Always read the label and any leaflet supplied. If symptoms persist, speak to your pharmacist or doctor.",No regulation
simple,5000158069473,Optrex Actimist 2in1 Eye Spray 10ml,0,0,0,,taxable,,Eye Care,"Optrex Actimist 2in1 Eye Spray 10ml. Always read the label and any leaflet supplied. If symptoms persist, speak to your pharmacist or doctor. Supplied as 10ml.",GSL
simple,4042809016932,WRIST BRACE R ACTIMOVE 7281949 LGE,0,0,0,,taxable,,Supports & Braces,WRIST BRACE R ACTIMOVE 7281949 LGE. A support and mobility product.,No regulation
simple,0071409542422,Mane 'n Tail Curls Day - Defining Cream 6.5oz,0,0,0,,taxable,,Skincare,Mane 'n Tail Curls Day - Defining Cream 6.5oz. A skincare product.,No regulation
simple,0017854123045,Baylis & Harding Goodness Sleep Goodnight Gift Set,0,0,0,,taxable,,Beauty,Baylis & Harding Goodness Sleep Goodnight Gift Set. A health and beauty product.,No regulation
simple,5015802278231,MEDIUM CANDLE JAR DUVET DAYS,0,0,0,,taxable,,Beauty,MEDIUM CANDLE JAR DUVET DAYS. A health and beauty product.,No regulation
simple,5000347078828,NIQUITIN STEP 2-7 DAY PK GSL 14MG (7S),0,0,0,,taxable,,Stop Smoking,NIQUITIN STEP 2-7 DAY PK GSL 14MG (7S). A stop-smoking product. Supplied as 14MG.,No regulation
simple,5060342242297,GLUCORX AIDEX TRANSMITTER (1),0,0,0,,taxable,,Testing & Monitoring,"GLUCORX AIDEX TRANSMITTER (1). Always read the label and any leaflet supplied. If symptoms persist, speak to your pharmacist or doctor.",No regulation
simple,8008970052847,Wash & Go Shampoo 400ml Anti Dandruff,0,0,0,,taxable,,Hair Care,Wash & Go Shampoo 400ml Anti Dandruff. A hair care product. Supplied as 400ml.,No regulation
simple,7702018619696,Gillette Shave Gel 200ml Series Mens Cleansing Charcoal,0,0,0,,taxable,,Men's Grooming,Gillette Shave Gel 200ml Series Mens Cleansing Charcoal. A men's grooming product. Supplied as 200ml.,No regulation
simple,8008970041698,Wash & Go Shampoo 2 in 1 200ml Classic,0,0,0,,taxable,,Hair Care,Wash & Go Shampoo 2 in 1 200ml Classic. A hair care product. Supplied as 200ml.,No regulation
simple,3574660667790,Sudafed Mucus Relief 16 Tablets,0,0,0,,taxable,,Cold & Flu,"Sudafed Mucus Relief 16 Tablets. Always read the label and any leaflet supplied. If symptoms persist, speak to your pharmacist or doctor. Supplied as 16 Tablets.",GSL
simple,5055757900122,Fushi Organic Ghee 230g,0,0,0,,taxable,zero-rate,General Health,Fushi Organic Ghee 230g. A health and wellbeing product. Supplied as 230g.,No regulation
simple,4103040149640,Sebamed Baby Shampoo 500ml,0,0,0,,taxable,,Baby & Child,Sebamed Baby Shampoo 500ml. A baby and child product. Supplied as 500ml.,No regulation
simple,5056175904686,Pristine Gleam Universal Power Toothbrush Heads 2 Pack,0,0,0,,taxable,,Oral Care,Pristine Gleam Universal Power Toothbrush Heads 2 Pack. An oral care product. Supplied as 2 Pack.,No regulation
simple,8710447309421,SIMPLE 21ML SHEET MASK WATER BOOST,0,0,0,,taxable,,Skincare,SIMPLE 21ML SHEET MASK WATER BOOST. A skincare product. Supplied as 21ML.,No regulation
simple,5060201410102,"Sugar Coated Bikini Hair Removal Kit with 200g Jar, 3 Applicators & 15 Reusable Strips",0,0,0,,taxable,,Hair Care,"Sugar Coated Bikini Hair Removal Kit with 200g Jar, 3 Applicators & 15 Reusable Strips. A hair care product. Supplied as 200g.",No regulation
simple,8720181222535,DOVE CARE NATURE 225ML S/GEL RE GOJI&CAM,0,0,0,,taxable,,Skincare,DOVE CARE NATURE 225ML S/GEL RE GOJI&CAM. A skincare product. Supplied as 225ML.,No regulation
simple,5010441013564,Numark Vitamin D 60 Tablets,0,0,0,,taxable,,Vitamins,Numark Vitamin D 60 Tablets. A vitamins and supplements product. Supplied as 60 Tablets.,No regulation
simple,5000158069794,"Nurofen for Children Child Cold, Pain & Fever Strawberry Flavour 100ml",0,0,0,,taxable,,Baby & Child,"Nurofen for Children Child Cold, Pain & Fever Strawberry Flavour 100ml. Prescription-only medicine, supplied after an online consultation with our pharmacist. Always read the label and any leaflet supplied. If symptoms persist, speak to your pharmacist or doctor. Supplied as 100ml.",P
simple,5055757900139,Fushi Organic Ghee 420g,0,0,0,,taxable,zero-rate,General Health,Fushi Organic Ghee 420g. A health and wellbeing product. Supplied as 420g.,No regulation
simple,8716900557774,Nutricia Pre-Op Drink 4x200ml,0,0,0,,taxable,,General Health,Nutricia Pre-Op Drink 4x200ml. A health and wellbeing product. Supplied as 4x200ml.,No regulation
simple,5000158066793,Nurofen Baby Suspension Strawberry 100ml,0,0,0,,taxable,,Baby & Child,Nurofen Baby Suspension Strawberry 100ml. A baby and child product. Supplied as 100ml.,GSL
simple,3600523388240,L'Oreal Magic Retouch 10 Golden Brown,0,0,0,,taxable,,General Health,L'Oreal Magic Retouch 10 Golden Brown. A health and wellbeing product.,No regulation
simple,5015802286892,LARGE CANDLE JAR PERFECT DAY,0,0,0,,taxable,,Beauty,LARGE CANDLE JAR PERFECT DAY. A health and beauty product.,No regulation
simple,5038581120645,Yankee Candle Home Inspiration Cider Tasting 538g,0,0,0,,taxable,,First Aid,"Yankee Candle Home Inspiration Cider Tasting 538g. Always read the label and any leaflet supplied. If symptoms persist, speak to your pharmacist or doctor. Supplied as 538g.",No regulation
simple,4084500015012,HEAD&SHOULDERS 225ML 2IN1 S/POO CLASSIC,0,0,0,,taxable,,General Health,HEAD&SHOULDERS 225ML 2IN1 S/POO CLASSIC. A health and wellbeing product. Supplied as 225ML.,No regulation
simple,5054805042579,Witch Cleansing Witch Hazel Toner 150ml,0,0,0,,taxable,,Skincare,Witch Cleansing Witch Hazel Toner 150ml. A skincare product. Supplied as 150ml.,No regulation
simple,8700216365611,Oral-B Pro Expert Deep Clean Flosstape 50m,0,0,0,,taxable,,Oral Care,Oral-B Pro Expert Deep Clean Flosstape 50m. An oral care product.,No regulation
simple,3337875583626,La Roche Posay B5 Hyalu Serum 30ml,0,0,0,,taxable,,Skincare,La Roche Posay B5 Hyalu Serum 30ml. A skincare product. Supplied as 30ml.,No regulation
simple,8720182783059,Lynx Duo Gift Set Epic Fresh (C),0,0,0,,taxable,,Beauty,Lynx Duo Gift Set Epic Fresh (C). A health and beauty product.,No regulation
simple,5011309268416,Care+ Ibuprofen 400mg 48 Tablets,0,0,0,,taxable,,Pain Relief,"Care+ Ibuprofen 400mg 48 Tablets. Prescription-only medicine, supplied after an online consultation with our pharmacist. Always read the label and any leaflet supplied. If symptoms persist, speak to your pharmacist or doctor. Supplied as 48 Tablets.",P
simple,0714924022863,Jamaican Mango & Lime 118ml Black Castor Oil Argan,0,0,0,,taxable,,Skincare,Jamaican Mango & Lime 118ml Black Castor Oil Argan. A skincare product. Supplied as 118ml.,No regulation
simple,4001638097499,SeaBuckthornHandCream,0,0,0,,taxable,,Skincare,SeaBuckthornHandCream. A skincare product.,No regulation
simple,5037353004701,Skins Super Slide Silicone Based 4.4 fl oz (130ml),0,0,0,,taxable,,Skincare,Skins Super Slide Silicone Based 4.4 fl oz (130ml). A skincare product. Supplied as 130ml.,No regulation
simple,8006540948262,Oral-B Toothpaste 123 Whitening 100ml,0,0,0,,taxable,,Oral Care,Oral-B Toothpaste 123 Whitening 100ml. An oral care product. Supplied as 100ml.,No regulation
simple,3600540282835,AMBRE SOLAIRE CLEAR PROTECT SPF30,0,0,0,,taxable,,Skincare,AMBRE SOLAIRE CLEAR PROTECT SPF30. A skincare product.,No regulation
simple,5060112865398,Fushi Organic Red Ginseng 60caps,0,0,0,,taxable,,General Health,Fushi Organic Red Ginseng 60caps. A health and wellbeing product. Supplied as 60caps.,No regulation
simple,5000283652564,Fexofenadine 120mg 30 Tablets,0,0,0,,taxable,,Vitamins,Fexofenadine 120mg 30 Tablets. A vitamins and supplements product. Supplied as 30 Tablets.,GSL
simple,5012583200680,Right Guard APD 250ml Sport,0,0,0,,taxable,,General Health,Right Guard APD 250ml Sport. A health and wellbeing product. Supplied as 250ml.,No regulation
simple,5060112865671,Fushi Organic Triphala 60caps,0,0,0,,taxable,,General Health,Fushi Organic Triphala 60caps. A health and wellbeing product. Supplied as 60caps.,No regulation
simple,,Bathroom Cleaner with Jasmine & Basil,0,0,0,,taxable,,Beauty,Bathroom Cleaner with Jasmine & Basil. A health and beauty product.,No regulation
simple,0708002400674,Faith In Nature Jojoba Body Wash 400ml,0,0,0,,taxable,,Beauty,Faith In Nature Jojoba Body Wash 400ml. A health and beauty product. Supplied as 400ml.,No regulation
simple,0010181048029,Palmers Cocoa Butter Formula 400ml Length Retention Conditioner,0,0,0,,taxable,,Hair Care,Palmers Cocoa Butter Formula 400ml Length Retention Conditioner. A hair care product. Supplied as 400ml.,No regulation
simple,5010123718855,CALPOL SACHETS S/FREE (5ML X 20),0,0,0,,taxable,,Baby & Child,CALPOL SACHETS S/FREE (5ML X 20). A baby and child product. Supplied as 5ML.,No regulation
simple,5055757971481,Fushi Organic Tamanu Oil 50ml,0,0,0,,taxable,,Skincare,Fushi Organic Tamanu Oil 50ml. A skincare product. Supplied as 50ml.,No regulation
simple,5011091102547,Oilatum Plus 500ml,0,0,0,,taxable,,Skincare,Oilatum Plus 500ml. A skincare product. Supplied as 500ml.,GSL
simple,4086000010863,FRESUBIN 1500 COMPLETE (1.5L),0,0,0,,taxable,,Vitamins,FRESUBIN 1500 COMPLETE (1.5L). A vitamins and supplements product. Supplied as 1.5L.,No regulation
simple,8809598450981,COSRX - AC Collection Acne Patch - Healing Eczema Patches with Centella Asiatica Extract - 26pcs,0,0,0,,taxable,,Skincare,COSRX - AC Collection Acne Patch - Healing Eczema Patches with Centella Asiatica Extract - 26pcs. A skincare product.,No regulation
simple,5015802286847,MEDIUM CANDLE JAR SWEET MACAROONS,0,0,0,,taxable,,Beauty,MEDIUM CANDLE JAR SWEET MACAROONS. A health and beauty product.,No regulation
simple,5015802289831,CANDLE GERANIUM PATCHOULI & VETIVERT,0,0,0,,taxable,,Beauty,CANDLE GERANIUM PATCHOULI & VETIVERT. A health and beauty product.,No regulation
simple,,N-Acetyl Cysteine (NAC) 600mg 60 Capsules,0,0,0,,taxable,,Vitamins,N-Acetyl Cysteine (NAC) 600mg 60 Capsules. A vitamins and supplements product. Supplied as 60 Capsules.,No regulation
simple,0714924022559,Jamaican Mango & Lime 118ml Black Castor Oil Original,0,0,0,,taxable,,Skincare,Jamaican Mango & Lime 118ml Black Castor Oil Original. A skincare product. Supplied as 118ml.,No regulation
simple,4086000012164,FRESUBIN ENERGY FIBRE DRINK CHERRY 4PACK (4X200ML),0,0,0,,taxable,,Vitamins,FRESUBIN ENERGY FIBRE DRINK CHERRY 4PACK (4X200ML). A vitamins and supplements product. Supplied as 4X200ML.,No regulation
simple,5000158102330,Nuromol Tablets 12,0,0,0,,taxable,,Vitamins,Nuromol Tablets 12. A vitamins and supplements product.,GSL
simple,0764302280019,Shea Moisture Raw Shea Butter Lotion 384ml,0,0,0,,taxable,,Skincare,Shea Moisture Raw Shea Butter Lotion 384ml. A skincare product. Supplied as 384ml.,No regulation
simple,5011842113907,Bassetts 12-18 Years Multivitamins 30 Gummies,0,0,0,,taxable,,Vitamins,Bassetts 12-18 Years Multivitamins 30 Gummies. A vitamins and supplements product. Supplied as 30 Gummies.,No regulation
simple,4005900543738,Nivea Deo Spray 150ml Women Black & White Silky Smooth,0,0,0,,taxable,,Beauty,Nivea Deo Spray 150ml Women Black & White Silky Smooth. A health and beauty product. Supplied as 150ml.,No regulation
simple,5701943102831,Riemann P20 Original Sun Cream SPF 30 100ml,0,0,0,,taxable,,Skincare,Riemann P20 Original Sun Cream SPF 30 100ml. A skincare product. Supplied as 100ml.,No regulation
simple,5060112865039,Fushi Organic Siberian Ginseng 60caps,0,0,0,,taxable,,General Health,Fushi Organic Siberian Ginseng 60caps. A health and wellbeing product. Supplied as 60caps.,No regulation
simple,5012335113305,Haliborange Calcium + Vitamin D Softies 30,0,0,0,,taxable,,Vitamins,Haliborange Calcium + Vitamin D Softies 30. A vitamins and supplements product.,No regulation
simple,5038483844540,SCHOLL SOFTGRIP C2 KNEE O/TOE NAT (SML),0,0,0,,taxable,,Supports & Braces,SCHOLL SOFTGRIP C2 KNEE O/TOE NAT (SML). A support and mobility product.,No regulation
simple,5037200101690,OH K! 20ML SHEET MASK CUCUMBER CALM AND COOLING,0,0,0,,taxable,,Skincare,OH K! 20ML SHEET MASK CUCUMBER CALM AND COOLING. A skincare product. Supplied as 20ML.,No regulation
simple,5030104005187,JAKEMANS PEPPERMINT (73G),0,0,0,,taxable,,Cold & Flu,"JAKEMANS PEPPERMINT (73G). Always read the label and any leaflet supplied. If symptoms persist, speak to your pharmacist or doctor. Supplied as 73G.",No regulation
simple,5037353004862,Skins Aqua Water Based 4.4 fl oz (130ml),0,0,0,,taxable,,Skincare,Skins Aqua Water Based 4.4 fl oz (130ml). A skincare product. Supplied as 130ml.,No regulation
simple,4717237011414,I-M Compression Knee Support with Stays Dynamic SS-709 X-Large,0,0,0,,taxable,,Supports & Braces,I-M Compression Knee Support with Stays Dynamic SS-709 X-Large. A support and mobility product.,No regulation
simple,,Clarityn Allergy Syrup 60ml,0,0,0,,taxable,,General Health,Clarityn Allergy Syrup 60ml. A health and wellbeing product. Supplied as 60ml.,No regulation
simple,5060464502521,Diphenhydramine 25mg 20 Pack,0,0,0,,taxable,,Prescription Medicines,"Diphenhydramine 25mg 20 Pack. Prescription-only medicine, supplied after an online consultation with our pharmacist. Always read the label and any leaflet supplied. If symptoms persist, speak to your pharmacist or doctor. Supplied as 20 Pack.",P
simple,6936983111942,2san bowel cancer rapid test 1pk,0,0,0,,taxable,,Digestive,"2san bowel cancer rapid test 1pk. Always read the label and any leaflet supplied. If symptoms persist, speak to your pharmacist or doctor.",GSL
simple,3282770388336,Avène Tolerance Hydra-10 Moisturising Cream 40ml,0,0,0,,taxable,,Skincare,Avène Tolerance Hydra-10 Moisturising Cream 40ml. A skincare product. Supplied as 40ml.,No regulation
simple,9343359000002,Glyde Ultra Vegan Condoms 100 Bulk Pack,0,0,0,,taxable,reduced-rate,Sexual Wellness,"Glyde Ultra Vegan Condoms 100 Bulk Pack. Always read the label and any leaflet supplied. If symptoms persist, speak to your pharmacist or doctor.",No regulation
simple,5038581159089,Yankee Candle Home 200g Pumpkin Candle,0,0,0,,taxable,,Beauty,Yankee Candle Home 200g Pumpkin Candle. A health and beauty product. Supplied as 200g.,No regulation
simple,3574661652214,Aveeno Baby Soothing Relief Cream 150ml,0,0,0,,taxable,,Baby & Child,Aveeno Baby Soothing Relief Cream 150ml. A baby and child product. Supplied as 150ml.,No regulation
simple,4086000012133,Fresubin Energy Fibre Drink Banana 4 x 200ml,0,0,0,,taxable,zero-rate,Vitamins,Fresubin Energy Fibre Drink Banana 4 x 200ml. A vitamins and supplements product. Supplied as 4 x 200ml.,No regulation
simple,5025452001820,Salt of the Earth Deo Rollon - Vetiver & Citrus 75ml,0,0,0,,taxable,,General Health,Salt of the Earth Deo Rollon - Vetiver & Citrus 75ml. A health and wellbeing product. Supplied as 75ml.,No regulation
simple,9339341018711,Kevin Murphy Killer Curls Anti-Frizz Creme 200ml,0,0,0,,taxable,,General Health,Kevin Murphy Killer Curls Anti-Frizz Creme 200ml. A health and wellbeing product. Supplied as 200ml.,No regulation
simple,4086000007078,FRESUBIN ENERGY FIBRE [EASYBAG] (500ML),0,0,0,,taxable,,Vitamins,FRESUBIN ENERGY FIBRE [EASYBAG] (500ML). A vitamins and supplements product. Supplied as 500ML.,No regulation
simple,8435465324194,BTB Water Based Lubricant 1000ml,0,0,0,,taxable,,Sexual Wellness,"BTB Water Based Lubricant 1000ml. Always read the label and any leaflet supplied. If symptoms persist, speak to your pharmacist or doctor. Supplied as 1000ml.",No regulation
simple,5055148412760,Bio-Iron Complex (With Vitamin B12 & L-Lysine) 120 Tablets,0,0,0,,taxable,,Vitamins,Bio-Iron Complex (With Vitamin B12 & L-Lysine) 120 Tablets. A vitamins and supplements product. Supplied as 120 Tablets.,No regulation
simple,5900998004163,Carex Handwash 250ml Moisture Plus,0,0,0,,taxable,,Skincare,Carex Handwash 250ml Moisture Plus. A skincare product. Supplied as 250ml.,No regulation
simple,4717237020270,I-M Neoprene Padded Knee Support NS-702 X-Large,0,0,0,,taxable,,Supports & Braces,I-M Neoprene Padded Knee Support NS-702 X-Large. A support and mobility product.,No regulation
simple,4717237011407,I-M Compression Knee Support with Stays Dynamic SS-709 Large,0,0,0,,taxable,,Supports & Braces,I-M Compression Knee Support with Stays Dynamic SS-709 Large. A support and mobility product.,No regulation
simple,5011417583210,Nuromol 12 Tablets,0,0,0,,taxable,,Vitamins,Nuromol 12 Tablets. A vitamins and supplements product. Supplied as 12 Tablets.,GSL
simple,5012008404600,CUTICURA BAR SOAP 100G,0,0,0,,taxable,,Beauty,CUTICURA BAR SOAP 100G. A health and beauty product. Supplied as 100G.,No regulation
simple,5900998000349,Carex Handwash 250ml Sensitive,0,0,0,,taxable,,Beauty,Carex Handwash 250ml Sensitive. A health and beauty product. Supplied as 250ml.,No regulation
simple,5060070320069,Nebuliser Paed Face Mask Set Ao3,0,0,0,,taxable,,Skincare,Nebuliser Paed Face Mask Set Ao3. A skincare product.,No regulation
simple,5011842112184,Bassetts Adult Multivitamins 30 Gummies,0,0,0,,taxable,,Vitamins,Bassetts Adult Multivitamins 30 Gummies. A vitamins and supplements product. Supplied as 30 Gummies.,No regulation
simple,5060112863356,Fushi Calmaid 60caps,0,0,0,,taxable,,General Health,Fushi Calmaid 60caps. A health and wellbeing product. Supplied as 60caps.,No regulation
simple,0022600020394,Trojan Magnum Ribbed 12's,0,0,0,,taxable,,General Health,Trojan Magnum Ribbed 12's. A health and wellbeing product.,No regulation
simple,5060259572265,Gold Collagen Forte Ageless 10 x 50ml,0,0,0,,taxable,,Vitamins,Gold Collagen Forte Ageless 10 x 50ml. A vitamins and supplements product. Supplied as 10 x 50ml.,No regulation
simple,7322542027752,Bodyform Ultra-Fit Normal Winged 14 Pack,0,0,0,,taxable,zero-rate,Women's Health,Bodyform Ultra-Fit Normal Winged 14 Pack. A women's health product. Supplied as 14 Pack.,No regulation
simple,4042809384482,ACTIMOVE WRIST WRAP 7341619 SM/MED,0,0,0,,taxable,,Supports & Braces,ACTIMOVE WRIST WRAP 7341619 SM/MED. A support and mobility product.,No regulation
simple,3600540569394,Garnier Ambre Solaire Bronze Body Mist 150ml,0,0,0,,taxable,,Beauty,Garnier Ambre Solaire Bronze Body Mist 150ml. A health and beauty product. Supplied as 150ml.,No regulation
simple,4210201387510,Oral-B Spider-Man Vitality Toothbrush 3+ 1,0,0,0,,taxable,,Oral Care,Oral-B Spider-Man Vitality Toothbrush 3+ 1. An oral care product.,No regulation
simple,8720181222627,DOVE CARE NATURE 225ML S/GEL RES COCO&AL,0,0,0,,taxable,,Skincare,DOVE CARE NATURE 225ML S/GEL RES COCO&AL. A skincare product. Supplied as 225ML.,No regulation
simple,60019424,Garnier Roll On 50ml For Men Sensitive (8x6),0,0,0,,taxable,,Men's Health,Garnier Roll On 50ml For Men Sensitive (8x6). A men's health product. Supplied as 50ml.,No regulation
simple,8001841971414,ALWAYS ULTRA LONG WINGS 12'S,0,0,0,,taxable,zero-rate,Women's Health,ALWAYS ULTRA LONG WINGS 12'S. A women's health product.,No regulation
simple,5022545133031,Bathtime Buddies 150g Dino Bath Bomb,0,0,0,,taxable,,Beauty,Bathtime Buddies 150g Dino Bath Bomb. A health and beauty product. Supplied as 150g.,No regulation
simple,3600524084035,L'Oreal Elvive Full Resist (Aminexil) Brush Proof Cream (Push/Pull) 200ml,0,0,0,,taxable,,Hair Care,L'Oreal Elvive Full Resist (Aminexil) Brush Proof Cream (Push/Pull) 200ml. A hair care product. Supplied as 200ml.,No regulation
simple,0768990037900,"Nordic Naturals Ultimate Omega, 1280mg Lemon (EAN 768990037900) - 180 Softgels",0,0,0,,taxable,,Vitamins,"Nordic Naturals Ultimate Omega, 1280mg Lemon (EAN 768990037900) - 180 Softgels. A vitamins and supplements product. Supplied as 180 Softgels.",No regulation
simple,5056175911769,Pristine Gleam Denture Brush,0,0,0,,taxable,,Oral Care,Pristine Gleam Denture Brush. An oral care product.,No regulation
simple,5015802289855,CANDLE SANDALWOOD CARDAMOM & OUDWOOD,0,0,0,,taxable,,Beauty,CANDLE SANDALWOOD CARDAMOM & OUDWOOD. A health and beauty product.,No regulation
simple,4001638580342,SkinFoodUltra-LightDryOil,0,0,0,,taxable,,Skincare,SkinFoodUltra-LightDryOil. A skincare product.,No regulation
simple,5010123639037,Benylin Chesty Cough 300ml,0,0,0,,taxable,,Cold & Flu,"Benylin Chesty Cough 300ml. Prescription-only medicine, supplied after an online consultation with our pharmacist. Always read the label and any leaflet supplied. If symptoms persist, speak to your pharmacist or doctor. Supplied as 300ml.",P
simple,5011451103979,SIMPLE FACIAL CLEANSING WIPES 25'S 01/26,0,0,0,,taxable,,Skincare,SIMPLE FACIAL CLEANSING WIPES 25'S 01/26. A skincare product.,No regulation
simple,0782126001009,Natracare Organic Regular Digital Tampons 20pc,0,0,0,,taxable,zero-rate,Women's Health,Natracare Organic Regular Digital Tampons 20pc. A women's health product.,No regulation
simple,8435465324071,BTB Water Based Lubricant Chocolate 100ml,0,0,0,,taxable,,Sexual Wellness,"BTB Water Based Lubricant Chocolate 100ml. Always read the label and any leaflet supplied. If symptoms persist, speak to your pharmacist or doctor. Supplied as 100ml.",No regulation
simple,7702018465255,Gillette Shave Foam 250ml Fusion5 Sensitive Skin,0,0,0,,taxable,,Men's Grooming,Gillette Shave Foam 250ml Fusion5 Sensitive Skin. A men's grooming product. Supplied as 250ml.,No regulation
simple,4005900036469,Nivea APD Spray 250ml Women Black & White Invisible,0,0,0,,taxable,,Beauty,Nivea APD Spray 250ml Women Black & White Invisible. A health and beauty product. Supplied as 250ml.,No regulation
simple,0017854123847,"Baylis & Harding Goodness Awaken Lime, Mint & Eucalyptus Hand & Body Lotion 500ml",0,0,0,,taxable,,Skincare,"Baylis & Harding Goodness Awaken Lime, Mint & Eucalyptus Hand & Body Lotion 500ml. A skincare product. Supplied as 500ml.",No regulation
simple,5011501080021,Deep Relief Ibuprofen Gel 50g,0,0,0,,taxable,,Pain Relief,"Deep Relief Ibuprofen Gel 50g. Always read the label and any leaflet supplied. If symptoms persist, speak to your pharmacist or doctor. Supplied as 50g.",GSL
simple,4103040148711,Sebamed Baby Bubble Bath 500ml,0,0,0,,taxable,,Baby & Child,Sebamed Baby Bubble Bath 500ml. A baby and child product. Supplied as 500ml.,No regulation
simple,7613038562247,SMA Anti-Reflux From Birth 800g,0,0,0,,taxable,,Baby & Child,SMA Anti-Reflux From Birth 800g. A baby and child product. Supplied as 800g.,No regulation
simple,0782126003140,"Natracare Panty Liners - Long, Wrapped 16pc",0,0,0,,taxable,zero-rate,Women's Health,"Natracare Panty Liners - Long, Wrapped 16pc. A women's health product.",No regulation
simple,5014697056979,Wrights Antibacterial handwash 250ml,0,0,0,,taxable,,Beauty,Wrights Antibacterial handwash 250ml. A health and beauty product. Supplied as 250ml.,No regulation
simple,5025452001721,Salt of the Earth Deo Rollon - Ocean Coconut 75ml,0,0,0,,taxable,,General Health,Salt of the Earth Deo Rollon - Ocean Coconut 75ml. A health and wellbeing product. Supplied as 75ml.,No regulation
simple,0305210043596,Vaseline Body Lotion 600ml Pump Calm Healing,0,0,0,,taxable,,Skincare,Vaseline Body Lotion 600ml Pump Calm Healing. A skincare product. Supplied as 600ml.,No regulation
simple,5051594006829,Aptamil Milk 2 Follow On Milk 6-12 Mth 800g,0,0,0,,taxable,,Baby & Child,Aptamil Milk 2 Follow On Milk 6-12 Mth 800g. A baby and child product. Supplied as 800g.,No regulation
simple,8006540737729,"Olay Gift Set 3pc (50ml Day Cream, 50ml Night Cream & 15ml Night Eye Cream)",0,0,0,,taxable,,Skincare,"Olay Gift Set 3pc (50ml Day Cream, 50ml Night Cream & 15ml Night Eye Cream). A skincare product. Supplied as 15ml.",No regulation
simple,3600522373278,L'Oreal Men Expert Deo 150ml Shirt Protect,0,0,0,,taxable,,General Health,L'Oreal Men Expert Deo 150ml Shirt Protect. A health and wellbeing product. Supplied as 150ml.,No regulation
simple,5037353004695,Skins Excite Water Based Lubricant 5ml foil,0,0,0,,taxable,,Sexual Wellness,"Skins Excite Water Based Lubricant 5ml foil. Always read the label and any leaflet supplied. If symptoms persist, speak to your pharmacist or doctor. Supplied as 5ml.",No regulation
simple,5035559026107,Endekay Daily Flouride Rinse 250ml,0,0,0,,taxable,,General Health,Endekay Daily Flouride Rinse 250ml. A health and wellbeing product. Supplied as 250ml.,No regulation
simple,3600522373193,L'Oreal Men Expert Deo 250ml Shirt Protect,0,0,0,,taxable,,General Health,L'Oreal Men Expert Deo 250ml Shirt Protect. A health and wellbeing product. Supplied as 250ml.,No regulation
simple,8809598450547,COSRX - AC Collection Calming Foam - Gentle Face Wash - 150ml,0,0,0,,taxable,,Skincare,COSRX - AC Collection Calming Foam - Gentle Face Wash - 150ml. A skincare product. Supplied as 150ml.,No regulation
simple,4042809054132,soffcrepe bandage 4.5m (10cm),0,0,0,,taxable,,First Aid,"soffcrepe bandage 4.5m (10cm). Always read the label and any leaflet supplied. If symptoms persist, speak to your pharmacist or doctor.",No regulation
simple,5036100015892,Imuderm Emollient 500g,0,0,0,,taxable,,Skincare,Imuderm Emollient 500g. A skincare product. Supplied as 500g.,No regulation
simple,8718951361270,COLGATE TOOTHBRUSH COMPACT BLACK (1),0,0,0,,taxable,,Oral Care,COLGATE TOOTHBRUSH COMPACT BLACK (1). An oral care product.,No regulation
simple,4051895003764,FRESUBIN HP ENERGY FIBER DRINK (500ML),0,0,0,,taxable,,Vitamins,FRESUBIN HP ENERGY FIBER DRINK (500ML). A vitamins and supplements product. Supplied as 500ML.,No regulation
simple,5019091501193,Revitale Body Wax Strips for Normal & Sensitive Skin 12 Pack,0,0,0,,taxable,,Skincare,Revitale Body Wax Strips for Normal & Sensitive Skin 12 Pack. A skincare product. Supplied as 12 Pack.,No regulation
simple,5037353004732,Skins Mango & Passion Fruit Water Based Lubricant 5ml foil,0,0,0,,taxable,,Sexual Wellness,"Skins Mango & Passion Fruit Water Based Lubricant 5ml foil. Always read the label and any leaflet supplied. If symptoms persist, speak to your pharmacist or doctor. Supplied as 5ml.",No regulation
simple,5060201410119,"Sugar Coated Facial Hair Removal Kit Lavender with 200g Jar, 3 Applicators & 15 Reusable Strips",0,0,0,,taxable,,Hair Care,"Sugar Coated Facial Hair Removal Kit Lavender with 200g Jar, 3 Applicators & 15 Reusable Strips. A hair care product. Supplied as 200g.",No regulation
simple,5015802278293,LARGE CANDLE JAR GOLDEN HOUR,0,0,0,,taxable,,Beauty,LARGE CANDLE JAR GOLDEN HOUR. A health and beauty product.,No regulation
simple,3401351625466,Puressentiel Purifying Air Spray 75ml,0,0,0,,taxable,,Beauty,Puressentiel Purifying Air Spray 75ml. A health and beauty product. Supplied as 75ml.,No regulation
simple,5054563929174,Voltarol Emulgel 100g,0,0,0,,taxable,,Pain Relief,"Voltarol Emulgel 100g. Prescription-only medicine, supplied after an online consultation with our pharmacist. Always read the label and any leaflet supplied. If symptoms persist, speak to your pharmacist or doctor. Supplied as 100g.",P
simple,0810071800153,Breathe Right Natural large 30 Pack,0,0,0,,taxable,,General Health,Breathe Right Natural large 30 Pack. A health and wellbeing product. Supplied as 30 Pack.,GSL
simple,5025135120572,Malibu Clear Protection Spray SPF50 200ml,0,0,0,,taxable,,Skincare,Malibu Clear Protection Spray SPF50 200ml. A skincare product. Supplied as 200ml.,No regulation
simple,8718951215689,Palmolive Shower Gel 500ml Coconut,0,0,0,,taxable,,Beauty,Palmolive Shower Gel 500ml Coconut. A health and beauty product. Supplied as 500ml.,No regulation
simple,8006540687444,Seven Seas Omega 3 & Multivitamins Man 60,0,0,0,,taxable,,Vitamins,Seven Seas Omega 3 & Multivitamins Man 60. A vitamins and supplements product.,No regulation
simple,3574661401119,Listerine Nightly Reset 400ml,0,0,0,,taxable,,Oral Care,Listerine Nightly Reset 400ml. An oral care product. Supplied as 400ml.,No regulation
simple,5060112861727,Fushi Organic Sweet Almond Oil 100ml,0,0,0,,taxable,,Skincare,Fushi Organic Sweet Almond Oil 100ml. A skincare product. Supplied as 100ml.,No regulation
simple,5038581109886,Yankee Candle Home Inspiration Coral Peony 104g,0,0,0,,taxable,,Beauty,Yankee Candle Home Inspiration Coral Peony 104g. A health and beauty product. Supplied as 104g.,No regulation
simple,3433422404403,La Roche Posay Thermal Spring Water 300ml,0,0,0,,taxable,,Skincare,La Roche Posay Thermal Spring Water 300ml. A skincare product. Supplied as 300ml.,No regulation
simple,3435172191039,QUIES EARPLUG FOAM MINI (3 PAIRS),0,0,0,,taxable,,General Health,QUIES EARPLUG FOAM MINI (3 PAIRS). A health and wellbeing product.,No regulation
simple,5017007600961,Periactin 4mg 30 tablets,0,0,0,,taxable,,Vitamins,Periactin 4mg 30 tablets. A vitamins and supplements product. Supplied as 30 tablets.,GSL
simple,5025364004759,Tidyz Nappy Bags Tie Handle 100 Pack,0,0,0,,taxable,,Baby & Child,Tidyz Nappy Bags Tie Handle 100 Pack. A baby and child product. Supplied as 100 Pack.,No regulation
simple,3574661366258,Benylin Dry & Tickly Cough 300ml,0,0,0,,taxable,,Cold & Flu,"Benylin Dry & Tickly Cough 300ml. Always read the label and any leaflet supplied. If symptoms persist, speak to your pharmacist or doctor. Supplied as 300ml.",GSL
simple,8006540584040,Always Ultra Normal Wings 13ct,0,0,0,,taxable,zero-rate,Women's Health,Always Ultra Normal Wings 13ct. A women's health product.,No regulation
simple,8710522939390,SIMPLE BOOK OF TREATS G/S 1,0,0,0,,taxable,,General Health,SIMPLE BOOK OF TREATS G/S 1. A health and wellbeing product.,No regulation
simple,42299943,Nivea Roll On 50ml Women Double Effect,0,0,0,,taxable,,General Health,Nivea Roll On 50ml Women Double Effect. A health and wellbeing product. Supplied as 50ml.,No regulation
simple,5016870225318,Kinetik Advanced Wrist Blood Pressure Monitor,0,0,0,,taxable,,Testing & Monitoring,"Kinetik Advanced Wrist Blood Pressure Monitor. Always read the label and any leaflet supplied. If symptoms persist, speak to your pharmacist or doctor.",No regulation
simple,5038581158242,Yankee Candle Home Inspiration City Blooms 104g,0,0,0,,taxable,,Beauty,Yankee Candle Home Inspiration City Blooms 104g. A health and beauty product. Supplied as 104g.,No regulation
simple,0782126003003,Natracare Panty Liners - Mini 30pc,0,0,0,,taxable,zero-rate,Women's Health,Natracare Panty Liners - Mini 30pc. A women's health product.,No regulation
simple,5026445002183,"Rapport Original 100ml Edt Spray, 150ml Shower Gel, 150ml Aftershave Balm & Wash Bag set",0,0,0,,taxable,,Men's Grooming,"Rapport Original 100ml Edt Spray, 150ml Shower Gel, 150ml Aftershave Balm & Wash Bag set. A men's grooming product. Supplied as 150ml.",No regulation
simple,5037353006439,Skins Fusion Silicone Lubricant 4.4 fl oz (130ml),0,0,0,,taxable,,Sexual Wellness,"Skins Fusion Silicone Lubricant 4.4 fl oz (130ml). Always read the label and any leaflet supplied. If symptoms persist, speak to your pharmacist or doctor. Supplied as 130ml.",No regulation
simple,5031413930900,Face Facts Vitamin C Cleansing Balm 50ml,0,0,0,,taxable,,Skincare,Face Facts Vitamin C Cleansing Balm 50ml. A skincare product. Supplied as 50ml.,No regulation
simple,5028763008786,WISDOM EASY SLIDE FLOSSERS Y SHAPED (30S),0,0,0,,taxable,,Oral Care,WISDOM EASY SLIDE FLOSSERS Y SHAPED (30S). An oral care product.,No regulation
simple,0753950000292,Quercetin Bromelain 180 Veggie Capsules,0,0,0,,taxable,,Vitamins,Quercetin Bromelain 180 Veggie Capsules. A vitamins and supplements product.,No regulation
simple,5010724538562,Batiste Leave-In Dry Conditioner 100ml Original,0,0,0,,taxable,,Hair Care,Batiste Leave-In Dry Conditioner 100ml Original. A hair care product. Supplied as 100ml.,No regulation
simple,5038581065908,Yankee Candle Home Inspiration Pink Island Sunset 104g,0,0,0,,taxable,,Beauty,Yankee Candle Home Inspiration Pink Island Sunset 104g. A health and beauty product. Supplied as 104g.,No regulation
simple,0708002401114,Faith In Nature Hemp & Meadowfoam Shampoo 400ml,0,0,0,,taxable,,Hair Care,Faith In Nature Hemp & Meadowfoam Shampoo 400ml. A hair care product. Supplied as 400ml.,No regulation
simple,3574660542592,Listerine Reach Interdent Firm Duo Pack Duo,0,0,0,,taxable,,Oral Care,Listerine Reach Interdent Firm Duo Pack Duo. An oral care product.,No regulation
simple,5701943053140,Riemann P20 Sunfilter SPF 50+ Spray 100ML,0,0,0,,taxable,,Skincare,Riemann P20 Sunfilter SPF 50+ Spray 100ML. A skincare product. Supplied as 100ML.,No regulation
simple,5026445002190,Rapport Sport 100ml Edt & 150ml Body Spray Twin Set,0,0,0,,taxable,,Beauty,Rapport Sport 100ml Edt & 150ml Body Spray Twin Set. A health and beauty product. Supplied as 150ml.,No regulation
simple,5017353502568,Galpharm Ibuprofen 400mg 48 Caplets,0,0,0,,taxable,,Pain Relief,"Galpharm Ibuprofen 400mg 48 Caplets. Prescription-only medicine, supplied after an online consultation with our pharmacist. Always read the label and any leaflet supplied. If symptoms persist, speak to your pharmacist or doctor. Supplied as 400mg.",P
simple,4005808663798,Nivea Deo Spray 150ml Men Sensitive Protect,0,0,0,,taxable,,Beauty,Nivea Deo Spray 150ml Men Sensitive Protect. A health and beauty product. Supplied as 150ml.,No regulation
simple,96195796,Beauty Kitchen TS Sensitive Solutions SOS Skin Shield+ 50ml,0,0,0,,taxable,,Skincare,Beauty Kitchen TS Sensitive Solutions SOS Skin Shield+ 50ml. A skincare product. Supplied as 50ml.,No regulation
simple,8718951528208,Palmolive Shower Gel 250ml Kids Almond,0,0,0,,taxable,,Beauty,Palmolive Shower Gel 250ml Kids Almond. A health and beauty product. Supplied as 250ml.,No regulation
simple,8006540153895,Pantene Shampoo Menopause 250ml,0,0,0,,taxable,,Women's Health,Pantene Shampoo Menopause 250ml. A women's health product. Supplied as 250ml.,No regulation
simple,8700216116619,Always Discreet Pants Normal/Large 7,0,0,0,,taxable,zero-rate,Continence,Always Discreet Pants Normal/Large 7. A continence care product.,No regulation
simple,5038581158334,Yankee Candle Home Inspiration Calming Cabana 104g,0,0,0,,taxable,,Beauty,Yankee Candle Home Inspiration Calming Cabana 104g. A health and beauty product. Supplied as 104g.,No regulation
simple,8005610642406,Wella Prof Invigo Shampoo Aqua 250ml,0,0,0,,taxable,,Hair Care,Wella Prof Invigo Shampoo Aqua 250ml. A hair care product. Supplied as 250ml.,No regulation
simple,5060342240569,GLUCORX SAFETY LANCETS 23G 2.2MM (100),0,0,0,,taxable,,Testing & Monitoring,"GLUCORX SAFETY LANCETS 23G 2.2MM (100). Always read the label and any leaflet supplied. If symptoms persist, speak to your pharmacist or doctor. Supplied as 23G.",No regulation
simple,4001638530095,StretchMarkBodyButter,0,0,0,,taxable,,Beauty,StretchMarkBodyButter. A health and beauty product.,No regulation
simple,0782126003546,Natracare Dry & Light Inco Plus Pads 16pc,0,0,0,,taxable,zero-rate,General Health,Natracare Dry & Light Inco Plus Pads 16pc. A health and wellbeing product.,No regulation
simple,0017854118454,Baylis & Harding Beauticology Candy Unicorn Beauty Bag Gift Set,0,0,0,,taxable,,Skincare,Baylis & Harding Beauticology Candy Unicorn Beauty Bag Gift Set. A skincare product.,No regulation
simple,7927340000428,KELO-COTE SILICONE GEL SPRAY KCS100GB (100ML),0,0,0,,taxable,,Skincare,KELO-COTE SILICONE GEL SPRAY KCS100GB (100ML). A skincare product. Supplied as 100ML.,No regulation
simple,5015802278224,MEDIUM CANDLE JAR SPA MOMENTS,0,0,0,,taxable,,Beauty,MEDIUM CANDLE JAR SPA MOMENTS. A health and beauty product.,No regulation
simple,5060259571602,Gold Collagen Multidose Hairlift,0,0,0,,taxable,,Hair Care,Gold Collagen Multidose Hairlift. A hair care product.,No regulation
simple,9329401000510,C Lab & Co 330g Scrub Tub Coffee,0,0,0,,taxable,,Beauty,C Lab & Co 330g Scrub Tub Coffee. A health and beauty product. Supplied as 330g.,No regulation
simple,60019400,Garnier Roll On 50ml For Men Cool (8x6),0,0,0,,taxable,,Men's Health,Garnier Roll On 50ml For Men Cool (8x6). A men's health product. Supplied as 50ml.,No regulation
simple,0753950000766,MSM Powder with OptiMSM 8.8 oz (250 g),0,0,0,,taxable,,Vitamins,MSM Powder with OptiMSM 8.8 oz (250 g). A vitamins and supplements product. Supplied as 250 g.,No regulation
simple,5745000836109,Ra Hygge Concentrated Reishi Liquid Extract BIO (Balance),0,0,0,,taxable,,General Health,Ra Hygge Concentrated Reishi Liquid Extract BIO (Balance). A health and wellbeing product.,No regulation
simple,5028763008526,WISDOM INTERDENTAL DENTAL STICKS (100S),0,0,0,,taxable,,Oral Care,WISDOM INTERDENTAL DENTAL STICKS (100S). An oral care product.,No regulation
simple,5060120177155,Serene Moments Nourishing Bath Set 3pc,0,0,0,,taxable,,Beauty,Serene Moments Nourishing Bath Set 3pc. A health and beauty product.,No regulation
simple,8001841859149,Pampers new baby midi size 3 29 Pack,0,0,0,,taxable,zero-rate,Baby & Child,Pampers new baby midi size 3 29 Pack. A baby and child product. Supplied as 29 Pack.,No regulation
simple,5029219000736,Shelley 200ml Dry Shampoo Blush,0,0,0,,taxable,,Hair Care,Shelley 200ml Dry Shampoo Blush. A hair care product. Supplied as 200ml.,No regulation
simple,5038483844564,SCHOLL SOFTGRIP C2 KNEE O/TOE NAT (LGE),0,0,0,,taxable,,Supports & Braces,SCHOLL SOFTGRIP C2 KNEE O/TOE NAT (LGE). A support and mobility product.,No regulation
simple,0733739001061,NOW Foods 5-HTP 100mg - 120 vcaps,0,0,0,,taxable,,General Health,NOW Foods 5-HTP 100mg - 120 vcaps. A health and wellbeing product. Supplied as 100mg.,No regulation
simple,0017854113299,Baylis & Harding Beauticology Rainbow Kisses Bath Bomb,0,0,0,,taxable,,Beauty,Baylis & Harding Beauticology Rainbow Kisses Bath Bomb. A health and beauty product.,No regulation
simple,5060320560528,SUNVIT-D3 4000 IU (28),0,0,0,,taxable,,General Health,SUNVIT-D3 4000 IU (28). A health and wellbeing product. Supplied as 4000 IU.,No regulation
simple,50093212,Care+ Magnesium Sulphate Paste 50g,0,0,0,,taxable,,Vitamins,Care+ Magnesium Sulphate Paste 50g. A vitamins and supplements product. Supplied as 50g.,GSL
simple,8001090989932,Oral-B Pro Expert Fresh Breath Toothpaste 75ml,0,0,0,,taxable,,Oral Care,Oral-B Pro Expert Fresh Breath Toothpaste 75ml. An oral care product. Supplied as 75ml.,No regulation
simple,5060464500800,Loperamide 2mg (OTC) 6 Tablets,0,0,0,,taxable,,Vitamins,Loperamide 2mg (OTC) 6 Tablets. A vitamins and supplements product. Supplied as 6 Tablets.,GSL
simple,30106659,La Roche Posay Cicaplast Baume Lips 7.5ml,0,0,0,,taxable,,Skincare,La Roche Posay Cicaplast Baume Lips 7.5ml. A skincare product. Supplied as 7.5ml.,No regulation
simple,5037353004718,Skins Super Slide Silicone Based Lubricant 5ml foil,0,0,0,,taxable,,Sexual Wellness,"Skins Super Slide Silicone Based Lubricant 5ml foil. Always read the label and any leaflet supplied. If symptoms persist, speak to your pharmacist or doctor. Supplied as 5ml.",No regulation
simple,5030104005125,JAKEMANS MENTHOL & EUCALYPTUS (73G),0,0,0,,taxable,,Cold & Flu,"JAKEMANS MENTHOL & EUCALYPTUS (73G). Always read the label and any leaflet supplied. If symptoms persist, speak to your pharmacist or doctor. Supplied as 73G.",No regulation
simple,5010441013663,Numark Magnesium & B6 30 Tablets,0,0,0,,taxable,,Vitamins,Numark Magnesium & B6 30 Tablets. A vitamins and supplements product. Supplied as 30 Tablets.,No regulation
simple,5011501016358,Deep Heat Warming Belts 2 Pack,0,0,0,,taxable,,Pain Relief,"Deep Heat Warming Belts 2 Pack. Always read the label and any leaflet supplied. If symptoms persist, speak to your pharmacist or doctor. Supplied as 2 Pack.",GSL
simple,0860004025207,Mad Hippie Microdermabrasion Facial 60g,0,0,0,,taxable,,Skincare,Mad Hippie Microdermabrasion Facial 60g. A skincare product. Supplied as 60g.,No regulation
simple,4051895003788,FRESUBIN HP ENERGY FIBER DRINK (1000ML),0,0,0,,taxable,,Vitamins,FRESUBIN HP ENERGY FIBER DRINK (1000ML). A vitamins and supplements product. Supplied as 1000ML.,No regulation
simple,7614700034635,Pernaton Cooling gel 50ml,0,0,0,,taxable,,Skincare,Pernaton Cooling gel 50ml. A skincare product. Supplied as 50ml.,No regulation
simple,0732068579975,Original Chewy Ginger Chews 40g,0,0,0,,taxable,,General Health,Original Chewy Ginger Chews 40g. A health and wellbeing product. Supplied as 40g.,No regulation
simple,5060217401897,EPIMAX ORIGINAL CREAM (100GM),0,0,0,,taxable,,Skincare,EPIMAX ORIGINAL CREAM (100GM). A skincare product.,No regulation
simple,5060738578696,BABY SHARK KIDS FIRST AID KIT 40PC 03/27,0,0,0,,taxable,,Baby & Child,BABY SHARK KIDS FIRST AID KIT 40PC 03/27. A baby and child product.,No regulation
simple,96075463,snoreeze throat spray 14ml,0,0,0,,taxable,,Cold & Flu,"snoreeze throat spray 14ml. Always read the label and any leaflet supplied. If symptoms persist, speak to your pharmacist or doctor. Supplied as 14ml.",GSL
simple,5055148406257,Devil's Claw Extract 450mg 60 Tablets,0,0,0,,taxable,,Vitamins,Devil's Claw Extract 450mg 60 Tablets. A vitamins and supplements product. Supplied as 60 Tablets.,No regulation
simple,5060903874585,"Brushworks Luxury Satin Pillowcase, Scrunchie & Sleep Mask Sleep Set",0,0,0,,taxable,,Skincare,"Brushworks Luxury Satin Pillowcase, Scrunchie & Sleep Mask Sleep Set. A skincare product.",No regulation
simple,8716900573255,Nutricia Fortisip Compact Protein Drink 125ml Neutral 4 Pack,0,0,0,,taxable,zero-rate,Vitamins,Nutricia Fortisip Compact Protein Drink 125ml Neutral 4 Pack. A vitamins and supplements product. Supplied as 4 Pack.,No regulation
simple,5017807003511,colief infant drops 7ml,0,0,0,,taxable,,Baby & Child,colief infant drops 7ml. A baby and child product. Supplied as 7ml.,GSL
simple,5038581070582,Yankee Candle Home Inspiration Gingered Apples 538g,0,0,0,,taxable,,Beauty,Yankee Candle Home Inspiration Gingered Apples 538g. A health and beauty product. Supplied as 538g.,No regulation
simple,5055757900757,Fushi Organic Black Seed Oil 250ml,0,0,0,,taxable,zero-rate,Skincare,Fushi Organic Black Seed Oil 250ml. A skincare product. Supplied as 250ml.,No regulation
simple,5017353504760,Galpharm Paracetamol 500mg 16 Tablets,0,0,0,,taxable,,Pain Relief,"Galpharm Paracetamol 500mg 16 Tablets. Always read the label and any leaflet supplied. If symptoms persist, speak to your pharmacist or doctor. Supplied as 16 Tablets.",GSL
simple,4051895000329,FRESUBIN POWDER EXTRA STRAWBERRY (7X62G),0,0,0,,taxable,,Vitamins,FRESUBIN POWDER EXTRA STRAWBERRY (7X62G). A vitamins and supplements product. Supplied as 7X62G.,No regulation
simple,0782126003607,Natracare Nursing pads 26pc,0,0,0,,taxable,,General Health,Natracare Nursing pads 26pc. A health and wellbeing product.,No regulation
simple,8006540409527,HEAD&SHOULDERS 275ML COND NUTRIT,0,0,0,,taxable,,General Health,HEAD&SHOULDERS 275ML COND NUTRIT. A health and wellbeing product. Supplied as 275ML.,No regulation
simple,5038581149264,Yankee Candle Home Inspiration Bubble Time 104g,0,0,0,,taxable,,Beauty,Yankee Candle Home Inspiration Bubble Time 104g. A health and beauty product. Supplied as 104g.,No regulation
simple,5025903007722,IBUPROFEN GEL 5% [AAH] (30GM),0,0,0,,taxable,,Pain Relief,"IBUPROFEN GEL 5% [AAH] (30GM). Always read the label and any leaflet supplied. If symptoms persist, speak to your pharmacist or doctor.",No regulation
simple,8700216480444,Vicks Vaporub Easy Applicator 35g,0,0,0,,taxable,,Cold & Flu,"Vicks Vaporub Easy Applicator 35g. Always read the label and any leaflet supplied. If symptoms persist, speak to your pharmacist or doctor. Supplied as 35g.",GSL
simple,5000101508011,Original Source S/Gel 250ml Lavender,0,0,0,,taxable,,Skincare,Original Source S/Gel 250ml Lavender. A skincare product. Supplied as 250ml.,No regulation
simple,5036631008042,Forceval 30 Capsules,0,0,0,,taxable,,Prescription Medicines,"Forceval 30 Capsules. Prescription-only medicine, supplied after an online consultation with our pharmacist. Always read the label and any leaflet supplied. If symptoms persist, speak to your pharmacist or doctor. Supplied as 30 Capsules.",P
simple,0000000017664,I-M Elastic Wrist & Thumb Support ES-403 Small,0,0,0,,taxable,,Supports & Braces,I-M Elastic Wrist & Thumb Support ES-403 Small. A support and mobility product.,No regulation
simple,4086000009935,FRESUBIN 2250 COMPLETE EASYBAG (1500ML),0,0,0,,taxable,,Vitamins,FRESUBIN 2250 COMPLETE EASYBAG (1500ML). A vitamins and supplements product. Supplied as 1500ML.,No regulation
simple,5060342241665,GLUCORX Q TEST STRIPS (50),0,0,0,,taxable,,Testing & Monitoring,"GLUCORX Q TEST STRIPS (50). Always read the label and any leaflet supplied. If symptoms persist, speak to your pharmacist or doctor.",No regulation
simple,7350121256712,TePe Interdental Brush 0.45mm Orange 6s (New Pack),0,0,0,,taxable,,Oral Care,TePe Interdental Brush 0.45mm Orange 6s (New Pack). An oral care product.,No regulation
simple,5028763009493,Wisdom Step By Step 75ml Childrens Toothpaste 0-3 Years,0,0,0,,taxable,,Oral Care,Wisdom Step By Step 75ml Childrens Toothpaste 0-3 Years. An oral care product. Supplied as 75ml.,No regulation
simple,5029219000743,Shelley 200ml Dry Shampoo Original,0,0,0,,taxable,,Hair Care,Shelley 200ml Dry Shampoo Original. A hair care product. Supplied as 200ml.,No regulation
simple,0658556116869,Botanicals For Life Organic Dandelion Root Extract 50ml,0,0,0,,taxable,,General Health,Botanicals For Life Organic Dandelion Root Extract 50ml. A health and wellbeing product. Supplied as 50ml.,No regulation
simple,5017848253968,Bells Dual Action Dry Cough 10mg/5ml 200ml,0,0,0,,taxable,,Cold & Flu,"Bells Dual Action Dry Cough 10mg/5ml 200ml. Prescription-only medicine, supplied after an online consultation with our pharmacist. Always read the label and any leaflet supplied. If symptoms persist, speak to your pharmacist or doctor. Supplied as 200ml.",P
simple,9340800011082,Grown Alchemist Mask Regenerating Gel 75ml,0,0,0,,taxable,,Skincare,Grown Alchemist Mask Regenerating Gel 75ml. A skincare product. Supplied as 75ml.,No regulation
simple,9339341018285,Kevin Murphy Hair Volumiser Lotion 150ml,0,0,0,,taxable,,Hair Care,Kevin Murphy Hair Volumiser Lotion 150ml. A hair care product. Supplied as 150ml.,No regulation
simple,4051895000336,FRESUBIN POWDER EXTRA VANILLA (7X62G),0,0,0,,taxable,,Vitamins,FRESUBIN POWDER EXTRA VANILLA (7X62G). A vitamins and supplements product. Supplied as 7X62G.,No regulation
simple,9340800010955,Grown Alchemist Body Cream Restorative 120ml,0,0,0,,taxable,,Skincare,Grown Alchemist Body Cream Restorative 120ml. A skincare product. Supplied as 120ml.,No regulation
simple,9340800011105,Grown Alchemist Mask Skin Renewal 75ml,0,0,0,,taxable,,Skincare,Grown Alchemist Mask Skin Renewal 75ml. A skincare product. Supplied as 75ml.,No regulation
simple,5054563059918,Zovirax Cream Clip Strip 2g,0,0,0,,taxable,,Skincare,Zovirax Cream Clip Strip 2g. A skincare product. Supplied as 2g.,GSL
simple,50601486,Numark Menthol 5g,0,0,0,,taxable,,General Health,Numark Menthol 5g. A health and wellbeing product. Supplied as 5g.,No regulation
simple,5060999810795,BeautyPro HYDRATEST Skin Analysis Device,0,0,0,,taxable,,Skincare,BeautyPro HYDRATEST Skin Analysis Device. A skincare product.,No regulation
simple,8700216433242,Seven Seas Jointcare Collagen Duo 60,0,0,0,,taxable,,Vitamins,Seven Seas Jointcare Collagen Duo 60. A vitamins and supplements product.,No regulation
simple,5054563947253,Otrivine Congest Relief Nasal Spray 10 Ml,0,0,0,,taxable,,Cold & Flu,"Otrivine Congest Relief Nasal Spray 10 Ml. Always read the label and any leaflet supplied. If symptoms persist, speak to your pharmacist or doctor. Supplied as 10 Ml.",No regulation
simple,5026445000714,Rapport Original 100ml Edt & 150ml Body Spray Twin Set,0,0,0,,taxable,,Beauty,Rapport Original 100ml Edt & 150ml Body Spray Twin Set. A health and beauty product. Supplied as 150ml.,No regulation
simple,42231332,Nivea Roll On 50ml Men Sensitive Protect 48H,0,0,0,,taxable,,General Health,Nivea Roll On 50ml Men Sensitive Protect 48H. A health and wellbeing product. Supplied as 50ml.,No regulation
simple,8718951248656,Palmolive Shower Gel 500ml Sensitive Skin Milk,0,0,0,,taxable,,Skincare,Palmolive Shower Gel 500ml Sensitive Skin Milk. A skincare product. Supplied as 500ml.,No regulation
simple,5025135112713,Malibu Dry Oil Gel SPF8 200ml,0,0,0,,taxable,,Skincare,Malibu Dry Oil Gel SPF8 200ml. A skincare product. Supplied as 200ml.,No regulation
simple,0733739047052,NOW Foods Green Tea Extract 100vcaps,0,0,0,,taxable,,General Health,NOW Foods Green Tea Extract 100vcaps. A health and wellbeing product.,No regulation
simple,4987072014103,Kool N Soothe Migraine 4 Sheets,0,0,0,,taxable,,Pain Relief,"Kool N Soothe Migraine 4 Sheets. Always read the label and any leaflet supplied. If symptoms persist, speak to your pharmacist or doctor. Supplied as 4 Sheets.",GSL
simple,4084500477452,Clearblue Visual Rapid Detection Test 2 Test,0,0,0,,taxable,,General Health,Clearblue Visual Rapid Detection Test 2 Test. A health and wellbeing product.,No regulation
simple,5010724528990,Pearl Drops 50ml Toothpaste Instant Boost,0,0,0,,taxable,,Oral Care,Pearl Drops 50ml Toothpaste Instant Boost. An oral care product. Supplied as 50ml.,No regulation
simple,3282770207774,avene Cleanance Cleansing Gel 400ml,0,0,0,,taxable,,Skincare,avene Cleanance Cleansing Gel 400ml. A skincare product. Supplied as 400ml.,No regulation
simple,5037353004671,Skins Aqua Water Based Lubricant 5ml foil,0,0,0,,taxable,,Sexual Wellness,"Skins Aqua Water Based Lubricant 5ml foil. Always read the label and any leaflet supplied. If symptoms persist, speak to your pharmacist or doctor. Supplied as 5ml.",No regulation
simple,5032483007295,Cms Proteqt Nasal Inhaler 2 Pack,0,0,0,,taxable,,Cold & Flu,"Cms Proteqt Nasal Inhaler 2 Pack. Always read the label and any leaflet supplied. If symptoms persist, speak to your pharmacist or doctor. Supplied as 2 Pack.",No regulation
simple,,Solgar Advanced 40+ Acidoph 60 Capsules,0,0,0,,taxable,,Vitamins,Solgar Advanced 40+ Acidoph 60 Capsules. A vitamins and supplements product. Supplied as 60 Capsules.,No regulation
simple,5702150144638,Cipralex 5mg 28 tablets,0,0,0,,taxable,,Vitamins,Cipralex 5mg 28 tablets. A vitamins and supplements product. Supplied as 28 tablets.,GSL
simple,5031413919486,Face Facts Vitamin C Eye Cream 25ml,0,0,0,,taxable,,Skincare,Face Facts Vitamin C Eye Cream 25ml. A skincare product. Supplied as 25ml.,No regulation
simple,4717237020256,I-M Neoprene Padded Knee Support NS-702 Medium,0,0,0,,taxable,,Supports & Braces,I-M Neoprene Padded Knee Support NS-702 Medium. A support and mobility product.,No regulation
simple,8720181342318,DOVE 750ML CARING BATH ORIGINAL,0,0,0,,taxable,,Beauty,DOVE 750ML CARING BATH ORIGINAL. A health and beauty product. Supplied as 750ML.,No regulation
simple,5017007601333,SUDOCREM ANTISEPTIC CREAM (60G),0,0,0,,taxable,,Baby & Child,SUDOCREM ANTISEPTIC CREAM (60G). A baby and child product. Supplied as 60G.,No regulation
simple,50469178,Beechams Cold & Flu Blackcurrant 5 sachets,0,0,0,,taxable,,Cold & Flu,"Beechams Cold & Flu Blackcurrant 5 sachets. Always read the label and any leaflet supplied. If symptoms persist, speak to your pharmacist or doctor. Supplied as 5 sachets.",GSL
simple,5012335887503,Seven Seas Original Cod Liver Oil 150ml,0,0,0,,taxable,,Vitamins,Seven Seas Original Cod Liver Oil 150ml. A vitamins and supplements product. Supplied as 150ml.,No regulation
simple,5031413929102,Face Facts Ceramide Cleanser Hydrating 400ml,0,0,0,,taxable,,Skincare,Face Facts Ceramide Cleanser Hydrating 400ml. A skincare product. Supplied as 400ml.,No regulation
simple,5014302000489,COLIEF BABY MASSAGE OIL (100ML),0,0,0,,taxable,,Baby & Child,COLIEF BABY MASSAGE OIL (100ML). A baby and child product. Supplied as 100ML.,No regulation
simple,5012616262241,BUTTERCUP BRONCHOSTOP PASTILLES (40S),0,0,0,,taxable,,Cold & Flu,"BUTTERCUP BRONCHOSTOP PASTILLES (40S). Always read the label and any leaflet supplied. If symptoms persist, speak to your pharmacist or doctor.",GSL
simple,5010441011423,Numark Fluconazole 150mg 1 Capsule,0,0,0,,taxable,,Prescription Medicines,"Numark Fluconazole 150mg 1 Capsule. Prescription-only medicine, supplied after an online consultation with our pharmacist. Always read the label and any leaflet supplied. If symptoms persist, speak to your pharmacist or doctor. Supplied as 1 Capsule.",P
simple,5021986000087,Vocalzones Throat Pastilles,0,0,0,,taxable,,Cold & Flu,"Vocalzones Throat Pastilles. Always read the label and any leaflet supplied. If symptoms persist, speak to your pharmacist or doctor.",No regulation
simple,3331300098136,Sterimar Stop & Protect Cold Baby 15ml,0,0,0,,taxable,,Baby & Child,Sterimar Stop & Protect Cold Baby 15ml. A baby and child product. Supplied as 15ml.,GSL
simple,8001841388724,ALWAYS DAILIES LINERS NORM 28'S 08/24,0,0,0,,taxable,zero-rate,Women's Health,ALWAYS DAILIES LINERS NORM 28'S 08/24. A women's health product.,No regulation
simple,9340800010276,Grown Alchemist Body Cleanser Energize 500ml,0,0,0,,taxable,,Skincare,Grown Alchemist Body Cleanser Energize 500ml. A skincare product. Supplied as 500ml.,No regulation
simple,8006540827208,Pampers baby dry size 3 30 Pack,0,0,0,,taxable,zero-rate,Baby & Child,Pampers baby dry size 3 30 Pack. A baby and child product. Supplied as 30 Pack.,No regulation
simple,0878941006715,Trace Mineral Liquid Ionic Vitamin D3 + K2 Drops,0,0,0,,taxable,,Vitamins,Trace Mineral Liquid Ionic Vitamin D3 + K2 Drops. A vitamins and supplements product. Supplied as 2 Drops.,No regulation
simple,5025903011491,IBUPROFEN GEL 10% [AAH] (50GM),0,0,0,,taxable,,Pain Relief,"IBUPROFEN GEL 10% [AAH] (50GM). Always read the label and any leaflet supplied. If symptoms persist, speak to your pharmacist or doctor.",No regulation
simple,5011309011012,Care+ Decongestant 12 Tablets,0,0,0,,taxable,,Cold & Flu,"Care+ Decongestant 12 Tablets. Prescription-only medicine, supplied after an online consultation with our pharmacist. Always read the label and any leaflet supplied. If symptoms persist, speak to your pharmacist or doctor. Supplied as 12 Tablets.",P
simple,8710908777004,DOVE 250ML B/LOTION LOTUS FLOWER,0,0,0,,taxable,,Skincare,DOVE 250ML B/LOTION LOTUS FLOWER. A skincare product. Supplied as 250ML.,No regulation
simple,5025452000755,Salt of the Earth P/Free Classic Crystal Salt Deo 75g,0,0,0,,taxable,,General Health,Salt of the Earth P/Free Classic Crystal Salt Deo 75g. A health and wellbeing product. Supplied as 75g.,No regulation
simple,0017000189192,Right Guard APD Stick 4oz Xtreme Defense Classic Clean (2x6),0,0,0,,taxable,,General Health,Right Guard APD Stick 4oz Xtreme Defense Classic Clean (2x6). A health and wellbeing product.,No regulation
simple,4005808130573,Nivea Shower Gel 250ml Men Sensitive,0,0,0,,taxable,,Beauty,Nivea Shower Gel 250ml Men Sensitive. A health and beauty product. Supplied as 250ml.,No regulation
simple,6973130251946,emcrepe bandage 10cm 4.5m,0,0,0,,taxable,,First Aid,"emcrepe bandage 10cm 4.5m. Always read the label and any leaflet supplied. If symptoms persist, speak to your pharmacist or doctor.",No regulation
simple,4005808130078,Nivea Shower Gel 250ml Cashmere & Cotton Seed Oil,0,0,0,,taxable,,Beauty,Nivea Shower Gel 250ml Cashmere & Cotton Seed Oil. A health and beauty product. Supplied as 250ml.,No regulation
simple,4086000005944,FRESUBIN HP ENERGY EASYBAG (500ML),0,0,0,,taxable,,Vitamins,FRESUBIN HP ENERGY EASYBAG (500ML). A vitamins and supplements product. Supplied as 500ML.,No regulation
simple,5053249231716,Masterplast Blister Hydocolloid Plasters 5 Pack,0,0,0,,taxable,,First Aid,"Masterplast Blister Hydocolloid Plasters 5 Pack. Always read the label and any leaflet supplied. If symptoms persist, speak to your pharmacist or doctor. Supplied as 5 Pack.",No regulation
simple,5054563947277,Otrivine Extra Dual Relief Nasal Mist 10 Ml,0,0,0,,taxable,,Cold & Flu,"Otrivine Extra Dual Relief Nasal Mist 10 Ml. Always read the label and any leaflet supplied. If symptoms persist, speak to your pharmacist or doctor. Supplied as 10 Ml.",No regulation
simple,4086000007054,FRESUBIN ENERGY [EASYBAG] (500ML),0,0,0,,taxable,,Vitamins,FRESUBIN ENERGY [EASYBAG] (500ML). A vitamins and supplements product. Supplied as 500ML.,No regulation
simple,5031413930368,Face Facts Joypixels 2x4.25g Lip Balm Tubes Blueberry Burst Duo,0,0,0,,taxable,,Skincare,Face Facts Joypixels 2x4.25g Lip Balm Tubes Blueberry Burst Duo. A skincare product. Supplied as 2x4.25g.,No regulation
simple,5030104005286,JAKEMANS THROAT & CHEST SF (50G),0,0,0,,taxable,,Cold & Flu,"JAKEMANS THROAT & CHEST SF (50G). Always read the label and any leaflet supplied. If symptoms persist, speak to your pharmacist or doctor. Supplied as 50G.",No regulation
simple,4051895012551,FRESUBIN 2KCAL MINI FRUITS OF THE FOREST (4X125ML),0,0,0,,taxable,,Vitamins,FRESUBIN 2KCAL MINI FRUITS OF THE FOREST (4X125ML). A vitamins and supplements product. Supplied as 4X125ML.,No regulation
simple,8008970041674,Wash & Go Shampoo 2 in 1 200ml AntiD,0,0,0,,taxable,,Hair Care,Wash & Go Shampoo 2 in 1 200ml AntiD. A hair care product. Supplied as 200ml.,No regulation
simple,8718951425439,Palmolive Shower Gel 250ml Aroma Sweet Delight,0,0,0,,taxable,,Beauty,Palmolive Shower Gel 250ml Aroma Sweet Delight. A health and beauty product. Supplied as 250ml.,No regulation
simple,8710908777769,DOVE 400ML B/LOTION GLOWING RITUAL LOTUS,0,0,0,,taxable,,Skincare,DOVE 400ML B/LOTION GLOWING RITUAL LOTUS. A skincare product. Supplied as 400ML.,No regulation
simple,5060222471021,Optipro Pre-Injection Wipes,0,0,0,,taxable,zero-rate,Beauty,Optipro Pre-Injection Wipes. A health and beauty product.,No regulation
simple,9339341026754,Kevin Murphy Body Builder Volumising Mousse 400ml,0,0,0,,taxable,,Hair Care,Kevin Murphy Body Builder Volumising Mousse 400ml. A hair care product. Supplied as 400ml.,No regulation
simple,8006540221501,ALWAYS DAILIES LINERS NORMAL 56'S 06/24,0,0,0,,taxable,zero-rate,Women's Health,ALWAYS DAILIES LINERS NORMAL 56'S 06/24. A women's health product.,No regulation
simple,3600542081207,Garnier Micellar Cleansing Water (Sensitive) 100ml,0,0,0,,taxable,,Skincare,Garnier Micellar Cleansing Water (Sensitive) 100ml. A skincare product. Supplied as 100ml.,No regulation
simple,9326922000395,Australian Bush Flower Essences Emergency Mist 50ml,0,0,0,,taxable,,Beauty,Australian Bush Flower Essences Emergency Mist 50ml. A health and beauty product. Supplied as 50ml.,No regulation
simple,3616301283454,MAX FACTOR NAILFINITY NAIL GEL POLISH THE ICON,0,0,0,,taxable,,Beauty,MAX FACTOR NAILFINITY NAIL GEL POLISH THE ICON. A health and beauty product.,No regulation
simple,5012583205616,LIVE Urban metallics U71 Metallic silver permanent hair dye,0,0,0,,taxable,,Hair Care,LIVE Urban metallics U71 Metallic silver permanent hair dye. A hair care product.,No regulation
simple,5060410574183,Beauty Kitchen AO Super Serum for Eye & Deep Lines 30ml,0,0,0,,taxable,,Skincare,Beauty Kitchen AO Super Serum for Eye & Deep Lines 30ml. A skincare product. Supplied as 30ml.,No regulation
simple,5025970023250,Nivea Shave Gel 200ml For Men Moisturising,0,0,0,,taxable,,Men's Health,Nivea Shave Gel 200ml For Men Moisturising. A men's health product. Supplied as 200ml.,No regulation
simple,8901030025464,PEARS 4X100G SOAP,0,0,0,,taxable,,Beauty,PEARS 4X100G SOAP. A health and beauty product. Supplied as 4X100G.,No regulation
simple,5060060213739,Astonish Bath Soak 750ml Pink Paradise,0,0,0,,taxable,,Beauty,Astonish Bath Soak 750ml Pink Paradise. A health and beauty product. Supplied as 750ml.,No regulation
simple,8700216380775,Gillette APD Clear Gel Stick 70ml Champion Gold,0,0,0,,taxable,,Skincare,Gillette APD Clear Gel Stick 70ml Champion Gold. A skincare product. Supplied as 70ml.,No regulation
simple,5025903007746,IBUPROFEN GEL 5% [AAH] (50GM),0,0,0,,taxable,,Pain Relief,"IBUPROFEN GEL 5% [AAH] (50GM). Always read the label and any leaflet supplied. If symptoms persist, speak to your pharmacist or doctor.",No regulation
simple,5054563947178,Otrivine Sinus Relief Nasal Spray 10ml,0,0,0,,taxable,,Cold & Flu,"Otrivine Sinus Relief Nasal Spray 10ml. Always read the label and any leaflet supplied. If symptoms persist, speak to your pharmacist or doctor. Supplied as 10ml.",No regulation
simple,3574660438307,Aveeno Cream 300ml,0,0,0,,taxable,,Skincare,Aveeno Cream 300ml. A skincare product. Supplied as 300ml.,GSL
simple,5054805042593,Witch Daily blackhead clearing scrub 150ml,0,0,0,,taxable,,Beauty,Witch Daily blackhead clearing scrub 150ml. A health and beauty product. Supplied as 150ml.,No regulation
simple,5099186001708,Simple Linctus Sugar Free 2L,0,0,0,,taxable,,General Health,Simple Linctus Sugar Free 2L. A health and wellbeing product. Supplied as 2L.,No regulation
simple,9329401000541,C Lab & Co 330g Coffee & Coconut Scrub Tub,0,0,0,,taxable,,Beauty,C Lab & Co 330g Coffee & Coconut Scrub Tub. A health and beauty product. Supplied as 330g.,No regulation
simple,5000101077005,Original Source S/Gel 250ml Vanilla & Raspberry,0,0,0,,taxable,,Skincare,Original Source S/Gel 250ml Vanilla & Raspberry. A skincare product. Supplied as 250ml.,No regulation
simple,5060112866142,Fushi Organic Shea Butter Original 200g,0,0,0,,taxable,,Beauty,Fushi Organic Shea Butter Original 200g. A health and beauty product. Supplied as 200g.,No regulation
simple,5060361080054,Xailin Tears 0.1% Ha Pf Eye Drops 10ml,0,0,0,,taxable,,Eye Care,"Xailin Tears 0.1% Ha Pf Eye Drops 10ml. Always read the label and any leaflet supplied. If symptoms persist, speak to your pharmacist or doctor. Supplied as 10ml.",No regulation
simple,5034511010284,Organic Children SPF50 Sun Cream Lavender,0,0,0,,taxable,,Skincare,Organic Children SPF50 Sun Cream Lavender. A skincare product.,No regulation
simple,5060104170653,YES Double Glide Natural Lubricant Combo Pack,0,0,0,,taxable,,Sexual Wellness,"YES Double Glide Natural Lubricant Combo Pack. Always read the label and any leaflet supplied. If symptoms persist, speak to your pharmacist or doctor.",No regulation
simple,8001841053677,Always Maxi Pads Long with Wings 12s,0,0,0,,taxable,zero-rate,Women's Health,Always Maxi Pads Long with Wings 12s. A women's health product.,No regulation
simple,8886467064340,Lux Soap 3x80g Magical Spell,0,0,0,,taxable,,Beauty,Lux Soap 3x80g Magical Spell. A health and beauty product. Supplied as 3x80g.,No regulation
simple,5012583200819,Right Guard APD 250ml For Women Pure Sensitive,0,0,0,,taxable,,Women's Health,Right Guard APD 250ml For Women Pure Sensitive. A women's health product. Supplied as 250ml.,No regulation
simple,4042809023121,elastocrepe bandage 10cm,0,0,0,,taxable,,First Aid,"elastocrepe bandage 10cm. Always read the label and any leaflet supplied. If symptoms persist, speak to your pharmacist or doctor.",No regulation
simple,5025135113758,Malibu Dry Oil Spray SPF20 100ml,0,0,0,,taxable,,Skincare,Malibu Dry Oil Spray SPF20 100ml. A skincare product. Supplied as 100ml.,No regulation
simple,5026445002961,Rapport Black 150ml Bath & Shower Gel & 150ml Body Spray Twin Set,0,0,0,,taxable,,Beauty,Rapport Black 150ml Bath & Shower Gel & 150ml Body Spray Twin Set. A health and beauty product. Supplied as 150ml.,No regulation
simple,5010605211201,Levitra Vardenafil 20mg 4 Tablets,0,0,0,,taxable,zero-rate,Sexual Wellness,"Levitra Vardenafil 20mg 4 Tablets. Prescription-only medicine, supplied after an online consultation with our pharmacist. Always read the label and any leaflet supplied. If symptoms persist, speak to your pharmacist or doctor. Supplied as 4 Tablets.",P
simple,4006000089584,Nivea Lotion 250ml Irresistibly Smooth,0,0,0,,taxable,,Skincare,Nivea Lotion 250ml Irresistibly Smooth. A skincare product. Supplied as 250ml.,No regulation
simple,0605632155823,Serum Sheet Mask Gift Set,0,0,0,,taxable,,Skincare,Serum Sheet Mask Gift Set. A skincare product.,No regulation
simple,7317400000824,Tepe Select Medium Toothbrush Single,0,0,0,,taxable,,Oral Care,Tepe Select Medium Toothbrush Single. An oral care product.,No regulation
simple,8033087660159,Oral Spray 20ml,0,0,0,,taxable,,Beauty,Oral Spray 20ml. A health and beauty product. Supplied as 20ml.,No regulation
simple,0658556116814,Botanicals For Life Organic Milk Thistle Extract 100ml,0,0,0,,taxable,,General Health,Botanicals For Life Organic Milk Thistle Extract 100ml. A health and wellbeing product. Supplied as 100ml.,No regulation
simple,9326922000401,Australian Bush Flower Essences Sensuality Mist 50ml,0,0,0,,taxable,,Beauty,Australian Bush Flower Essences Sensuality Mist 50ml. A health and beauty product. Supplied as 50ml.,No regulation
simple,8717163714942,DOVE 250ML A/P SPRAY COCONUT,0,0,0,,taxable,,Beauty,DOVE 250ML A/P SPRAY COCONUT. A health and beauty product. Supplied as 250ML.,No regulation
simple,8435465325252,BTB Cum Lubricant 250ml,0,0,0,,taxable,,Sexual Wellness,"BTB Cum Lubricant 250ml. Always read the label and any leaflet supplied. If symptoms persist, speak to your pharmacist or doctor. Supplied as 250ml.",No regulation
simple,5060464503702,Loratadine 10mg (OTC) 30 Tablets,0,0,0,,taxable,,Vitamins,Loratadine 10mg (OTC) 30 Tablets. A vitamins and supplements product. Supplied as 30 Tablets.,GSL
simple,3600524027087,L'Oreal Men Expert AP Roll On 50ml Magnesium,0,0,0,,taxable,,Vitamins,L'Oreal Men Expert AP Roll On 50ml Magnesium. A vitamins and supplements product. Supplied as 50ml.,No regulation
simple,5015802291728,MEDIUM CANDLE JAR TIPSY CRANBERRY,0,0,0,,taxable,,Beauty,MEDIUM CANDLE JAR TIPSY CRANBERRY. A health and beauty product.,No regulation
simple,5051594006805,Aptamil Milk 3 Growing Up Milk 1+ 800g,0,0,0,,taxable,,Baby & Child,Aptamil Milk 3 Growing Up Milk 1+ 800g. A baby and child product. Supplied as 800g.,No regulation
simple,5011842112023,Bassetts 12-18 Years EPO & Multivitamins 30 Gummies,0,0,0,,taxable,,Vitamins,Bassetts 12-18 Years EPO & Multivitamins 30 Gummies. A vitamins and supplements product. Supplied as 30 Gummies.,No regulation
simple,4086000014052,FRESUBIN ORIGINAL DRINK VANILLA 4 Pack (4X200ML),0,0,0,,taxable,,Vitamins,FRESUBIN ORIGINAL DRINK VANILLA 4 Pack (4X200ML). A vitamins and supplements product. Supplied as 4X200ML.,No regulation
simple,5070000991245,R.Y.M. Focus & Memory Formula,0,0,0,,taxable,,General Health,R.Y.M. Focus & Memory Formula. A health and wellbeing product.,No regulation
simple,4005900690500,Nivea Shower Gel 400ml For Men Sensitive,0,0,0,,taxable,,Men's Health,Nivea Shower Gel 400ml For Men Sensitive. A men's health product. Supplied as 400ml.,No regulation
simple,7613036912549,SMA Advanced First Infant Milk 800g,0,0,0,,taxable,,Baby & Child,SMA Advanced First Infant Milk 800g. A baby and child product. Supplied as 800g.,No regulation
simple,93499606,Medihoney Wound Gel 10g,0,0,0,,taxable,,First Aid,"Medihoney Wound Gel 10g. Always read the label and any leaflet supplied. If symptoms persist, speak to your pharmacist or doctor. Supplied as 10g.",GSL
simple,8809416471396,COSRX - Master Patch Clear Fit - Masking Eczema Patches - 18pcs,0,0,0,,taxable,,Skincare,COSRX - Master Patch Clear Fit - Masking Eczema Patches - 18pcs. A skincare product.,No regulation
simple,0017854113329,Baylis & Harding Beauticology Let's Be Mermaids Body Wash,0,0,0,,taxable,,Beauty,Baylis & Harding Beauticology Let's Be Mermaids Body Wash. A health and beauty product.,No regulation
simple,3574661385495,CALPROFEN (200ML),0,0,0,,taxable,,General Health,CALPROFEN (200ML). A health and wellbeing product. Supplied as 200ML.,No regulation
simple,5060259570520,Gold Collagen RX,0,0,0,,taxable,,Vitamins,Gold Collagen RX. A vitamins and supplements product.,No regulation
simple,8809447254388,Dr. Althea - Vitamin C Boosting Serum - Vitamin C Face Serum - 30ml,0,0,0,,taxable,,First Aid,"Dr. Althea - Vitamin C Boosting Serum - Vitamin C Face Serum - 30ml. Always read the label and any leaflet supplied. If symptoms persist, speak to your pharmacist or doctor. Supplied as 30ml.",No regulation
simple,50600212,KIKI Health Organic C8 MCT Oil 500ml,0,0,0,,taxable,,Vitamins,KIKI Health Organic C8 MCT Oil 500ml. A vitamins and supplements product. Supplied as 500ml.,No regulation
simple,3574661186962,Sudafed Sinus Max Strength 16 Capsules,0,0,0,,taxable,,Cold & Flu,"Sudafed Sinus Max Strength 16 Capsules. Always read the label and any leaflet supplied. If symptoms persist, speak to your pharmacist or doctor. Supplied as 16 Capsules.",GSL
simple,5051562015402,Lamisil AT 1% Athletes Foot Cream 7.5g,0,0,0,,taxable,,Skincare,Lamisil AT 1% Athletes Foot Cream 7.5g. A skincare product. Supplied as 7.5g.,GSL
simple,8809447253480,Dr. Althea - Natural Radiance Essence - Brightening Facial Essence - 30ml,0,0,0,,taxable,,Skincare,Dr. Althea - Natural Radiance Essence - Brightening Facial Essence - 30ml. A skincare product. Supplied as 30ml.,No regulation
simple,4005900543745,Nivea APD Spray 250ml Women Black & White Silky Smooth,0,0,0,,taxable,,Beauty,Nivea APD Spray 250ml Women Black & White Silky Smooth. A health and beauty product. Supplied as 250ml.,No regulation
simple,4086000016407,FRESUBIN 5 KCAL SHOT LEMON (4X120ML),0,0,0,,taxable,,Vitamins,FRESUBIN 5 KCAL SHOT LEMON (4X120ML). A vitamins and supplements product. Supplied as 4X120ML.,No regulation
simple,6973130251960,emcrepe bandage 15cm 4.5m,0,0,0,,taxable,,First Aid,"emcrepe bandage 15cm 4.5m. Always read the label and any leaflet supplied. If symptoms persist, speak to your pharmacist or doctor.",No regulation
simple,4005808298174,Nivea APD Spray 250ml Men Cool Kick,0,0,0,,taxable,,Beauty,Nivea APD Spray 250ml Men Cool Kick. A health and beauty product. Supplied as 250ml.,No regulation
simple,3600522107385,L'Oreal Men Expert Deo 150ml Carbon Protect 5in1,0,0,0,,taxable,,General Health,L'Oreal Men Expert Deo 150ml Carbon Protect 5in1. A health and wellbeing product. Supplied as 150ml.,No regulation
simple,7702018943609,GILLETTE MACH 3 MANUAL DISPOSABLE RAZOR (3S),0,0,0,,taxable,,Men's Grooming,GILLETTE MACH 3 MANUAL DISPOSABLE RAZOR (3S). A men's grooming product.,No regulation
simple,5031413928662,FaceFacts Hydrating Gentle Cleanser 400ml,0,0,0,,taxable,,Skincare,FaceFacts Hydrating Gentle Cleanser 400ml. A skincare product. Supplied as 400ml.,No regulation
simple,5029053575650,Huggies pure biodegradable wipes 56,0,0,0,,taxable,,Beauty,Huggies pure biodegradable wipes 56. A health and beauty product.,No regulation
simple,5060209111230,WESTLAB 'MINDFUL' BATHING SALTS (1KG),0,0,0,,taxable,,Beauty,WESTLAB 'MINDFUL' BATHING SALTS (1KG). A health and beauty product. Supplied as 1KG.,No regulation
simple,5055028387546,Enliven Fruits Hair Mask Softening 350ml,0,0,0,,taxable,,Hair Care,Enliven Fruits Hair Mask Softening 350ml. A hair care product. Supplied as 350ml.,No regulation
simple,8710447244661,DOVE 150ML A/P SPRAY INVISIBLE FLORAL,0,0,0,,taxable,,Beauty,DOVE 150ML A/P SPRAY INVISIBLE FLORAL. A health and beauty product. Supplied as 150ML.,No regulation
simple,5000347078248,NIQUITIN CLR PATCH STEP 2 14MG (7S),0,0,0,,taxable,,Stop Smoking,NIQUITIN CLR PATCH STEP 2 14MG (7S). A stop-smoking product. Supplied as 14MG.,No regulation
simple,5011309885019,HEDRIN 4% LOTION (50ML),0,0,0,,taxable,,Skincare,"HEDRIN 4% LOTION (50ML). Prescription-only medicine, supplied after an online consultation with our pharmacist. Always read the label and any leaflet supplied. If symptoms persist, speak to your pharmacist or doctor. Supplied as 50ML.",P
simple,5000167046199,Nurofen Migraine Pain 12 Tablets,0,0,0,,taxable,,Pain Relief,"Nurofen Migraine Pain 12 Tablets. Always read the label and any leaflet supplied. If symptoms persist, speak to your pharmacist or doctor. Supplied as 12 Tablets.",GSL
simple,4987072028568,Cura-Heat Back Pain Clip Stip,0,0,0,,taxable,,General Health,Cura-Heat Back Pain Clip Stip. A health and wellbeing product.,GSL
simple,5054805042067,Bristows Tropical paradise dry shampoo 200ml,0,0,0,,taxable,,Hair Care,Bristows Tropical paradise dry shampoo 200ml. A hair care product. Supplied as 200ml.,No regulation
simple,5010605240072,Clarityn Allergy 7 Tablets,0,0,0,,taxable,,Vitamins,Clarityn Allergy 7 Tablets. A vitamins and supplements product. Supplied as 7 Tablets.,GSL
simple,5054563216458,Sensodyne T/Paste 75ml Cool Mint,0,0,0,,taxable,,Oral Care,Sensodyne T/Paste 75ml Cool Mint. An oral care product. Supplied as 75ml.,No regulation
simple,5060203796235,Terranova NADPro NAD+ Activator Complex (BioSNEDS) 100's (NEW PRODUCT),0,0,0,,taxable,,Vitamins,Terranova NADPro NAD+ Activator Complex (BioSNEDS) 100's (NEW PRODUCT). A vitamins and supplements product.,No regulation
simple,5055757900078,Fushi Ashwagandha with Vegan MCT Extract 60caps,0,0,0,,taxable,,General Health,Fushi Ashwagandha with Vegan MCT Extract 60caps. A health and wellbeing product. Supplied as 60caps.,No regulation
simple,5017978104604,Probio 7 Vegan 40 Capsules,0,0,0,,taxable,,Vitamins,Probio 7 Vegan 40 Capsules. A vitamins and supplements product. Supplied as 40 Capsules.,No regulation
simple,5038581158341,Yankee Candle Home Inspiration Summer Daydream 104g,0,0,0,,taxable,,Beauty,Yankee Candle Home Inspiration Summer Daydream 104g. A health and beauty product. Supplied as 104g.,No regulation
simple,5037353004275,Skins Strawberry 4 Pack,0,0,0,,taxable,reduced-rate,Skincare,Skins Strawberry 4 Pack. A skincare product. Supplied as 4 Pack.,No regulation
simple,5391531562125,Spotlight Oral Care Children's Sonic,0,0,0,,taxable,,Baby & Child,Spotlight Oral Care Children's Sonic. A baby and child product.,No regulation
simple,5013803999186,Vieve Collagen Protein Powder 400g,0,0,0,,taxable,,Vitamins,Vieve Collagen Protein Powder 400g. A vitamins and supplements product. Supplied as 400g.,No regulation
simple,5060519148179,Pukka Days of Christmas Calendar 2022,0,0,0,,taxable,,Vitamins,Pukka Days of Christmas Calendar 2022. A vitamins and supplements product.,No regulation
simple,5060112866166,Fushi Really Good Hair Oil 100ml,0,0,0,,taxable,,Hair Care,Fushi Really Good Hair Oil 100ml. A hair care product. Supplied as 100ml.,No regulation
simple,5000158063457,FyboGel Plain 2x30 Sachets,0,0,0,,taxable,,Digestive,"FyboGel Plain 2x30 Sachets. Always read the label and any leaflet supplied. If symptoms persist, speak to your pharmacist or doctor. Supplied as 2x30 Sachets.",GSL
simple,5012583204879,LIVE Intense colour 030 Mango twist permanent hair dye,0,0,0,,taxable,,Hair Care,LIVE Intense colour 030 Mango twist permanent hair dye. A hair care product.,No regulation
simple,5010058057531,ULTRA FAST COHESIVE BANDAGE 10CM 5753 (1),0,0,0,,taxable,,First Aid,"ULTRA FAST COHESIVE BANDAGE 10CM 5753 (1). Always read the label and any leaflet supplied. If symptoms persist, speak to your pharmacist or doctor.",No regulation
simple,5028763009387,Wisdom Step By Step Childrens Toothbrush 6+ Years Cdu 12,0,0,0,,taxable,,Oral Care,Wisdom Step By Step Childrens Toothbrush 6+ Years Cdu 12. An oral care product.,No regulation
simple,5038581106953,Yankee Candle Home Inspiration Sugared Blossoms Wax Melts 75g,0,0,0,,taxable,,Beauty,Yankee Candle Home Inspiration Sugared Blossoms Wax Melts 75g. A health and beauty product. Supplied as 75g.,No regulation
simple,5060464503689,Loratadine 10mg (OTC) 14 Tablets,0,0,0,,taxable,,Vitamins,Loratadine 10mg (OTC) 14 Tablets. A vitamins and supplements product. Supplied as 14 Tablets.,GSL
simple,,Migraine treatment - Rizatriptan 5mg tablets,0,0,0,,taxable,zero-rate,Pain Relief,"Migraine treatment - Rizatriptan 5mg tablets. Prescription-only medicine, supplied after an online consultation with our pharmacist. Always read the label and any leaflet supplied. If symptoms persist, speak to your pharmacist or doctor. Supplied as 5mg.",P
simple,8720182482129,DOVE 750ML CARING BATH SHEA BUTTER & VAN,0,0,0,,taxable,,Beauty,DOVE 750ML CARING BATH SHEA BUTTER & VAN. A health and beauty product. Supplied as 750ML.,No regulation
simple,4042809023275,elastocrepe bandage 7.5cm,0,0,0,,taxable,,First Aid,"elastocrepe bandage 7.5cm. Always read the label and any leaflet supplied. If symptoms persist, speak to your pharmacist or doctor.",No regulation
simple,3337875597326,CERAVE HYDRATING CLEANSER TRAVEL SIZE,0,0,0,,taxable,,Skincare,CERAVE HYDRATING CLEANSER TRAVEL SIZE. A skincare product.,No regulation
simple,50160150,Salt of the Earth Classic Crystal Natural Salt Deo 90g,0,0,0,,taxable,,General Health,Salt of the Earth Classic Crystal Natural Salt Deo 90g. A health and wellbeing product. Supplied as 90g.,No regulation
simple,60019196,Garnier Roll On 50ml For Men Invisible,0,0,0,,taxable,,Men's Health,Garnier Roll On 50ml For Men Invisible. A men's health product. Supplied as 50ml.,No regulation
simple,8712561737142,RADOX HANDWASH ANTIBAC & NOURISH 250ML,0,0,0,,taxable,,Beauty,RADOX HANDWASH ANTIBAC & NOURISH 250ML. A health and beauty product. Supplied as 250ML.,No regulation
simple,5016379291937,Ibuleve Pain Relief Gel 5% 30G,0,0,0,,taxable,,Pain Relief,"Ibuleve Pain Relief Gel 5% 30G. Always read the label and any leaflet supplied. If symptoms persist, speak to your pharmacist or doctor. Supplied as 30G.",GSL
simple,5060428970007,Ellaone 30mg 1 Tablet,0,0,0,,taxable,,Vitamins,Ellaone 30mg 1 Tablet. A vitamins and supplements product. Supplied as 1 Tablet.,GSL
simple,5060148523675,BetterYou Magnesium Sleep Bath Flakes 250g,0,0,0,,taxable,,Vitamins,BetterYou Magnesium Sleep Bath Flakes 250g. A vitamins and supplements product. Supplied as 250g.,No regulation
simple,5060084170339,PROFOOT CHIROPODY FELT (1 SHEET),0,0,0,,taxable,,General Health,PROFOOT CHIROPODY FELT (1 SHEET). A health and wellbeing product. Supplied as 1 SHEET.,No regulation
simple,3574661653402,Aveeno Baby 250ml Bath Wash Calming Comfort,0,0,0,,taxable,,Baby & Child,Aveeno Baby 250ml Bath Wash Calming Comfort. A baby and child product. Supplied as 250ml.,No regulation
simple,5025903024026,Careway Glucosamine MSM Chondroitin 30 Pack,0,0,0,,taxable,,Vitamins,Careway Glucosamine MSM Chondroitin 30 Pack. A vitamins and supplements product. Supplied as 30 Pack.,No regulation
simple,5025452000762,Salt of the Earth Deo Spray - Ocean Coconut 100ml,0,0,0,,taxable,,Beauty,Salt of the Earth Deo Spray - Ocean Coconut 100ml. A health and beauty product. Supplied as 100ml.,No regulation
simple,0658556116661,Botanicals For Life Agroecological Valerian Extract 100ml,0,0,0,,taxable,,General Health,Botanicals For Life Agroecological Valerian Extract 100ml. A health and wellbeing product. Supplied as 100ml.,No regulation
simple,5012616262227,BUTTERCUP BRONCHOSTOP PASTILLES (10S),0,0,0,,taxable,,Cold & Flu,"BUTTERCUP BRONCHOSTOP PASTILLES (10S). Always read the label and any leaflet supplied. If symptoms persist, speak to your pharmacist or doctor.",GSL
simple,5060342242327,GLUCORX X6 BLOOD GLUCOSE TEST STRIPS (50),0,0,0,,taxable,,Testing & Monitoring,"GLUCORX X6 BLOOD GLUCOSE TEST STRIPS (50). Always read the label and any leaflet supplied. If symptoms persist, speak to your pharmacist or doctor.",No regulation
simple,3574660455052,Listerine Stay White Mini 95ml,0,0,0,,taxable,,Oral Care,Listerine Stay White Mini 95ml. An oral care product. Supplied as 95ml.,No regulation
simple,8850169047024,Imperial Leather Soap Big Bar 190g (12x6s),0,0,0,,taxable,,Beauty,Imperial Leather Soap Big Bar 190g (12x6s). A health and beauty product. Supplied as 190g.,No regulation
simple,8436581946284,Reebok Him Mind Gift Set 100ml,0,0,0,,taxable,,Beauty,Reebok Him Mind Gift Set 100ml. A health and beauty product. Supplied as 100ml.,No regulation
simple,4064666302942,Wella Prof Invigo Shampoo Aqua Pure 250ml,0,0,0,,taxable,,Hair Care,Wella Prof Invigo Shampoo Aqua Pure 250ml. A hair care product. Supplied as 250ml.,No regulation
simple,0731124402899,Biofreeze Pain Relief Gel 118ml,0,0,0,,taxable,,Pain Relief,"Biofreeze Pain Relief Gel 118ml. Always read the label and any leaflet supplied. If symptoms persist, speak to your pharmacist or doctor. Supplied as 118ml.",GSL
simple,4042809023336,elastocrepe bandage 15cm 7208267,0,0,0,,taxable,,First Aid,"elastocrepe bandage 15cm 7208267. Always read the label and any leaflet supplied. If symptoms persist, speak to your pharmacist or doctor.",No regulation
simple,5028763009516,Wisdom Step By Step 75ml Childrens Toothpaste 4+ Years,0,0,0,,taxable,,Oral Care,Wisdom Step By Step 75ml Childrens Toothpaste 4+ Years. An oral care product. Supplied as 75ml.,No regulation
simple,8716900580109,Nutricia Fortisip Compact Protein Drink 125ml Vanilla 4 Pack,0,0,0,,taxable,zero-rate,Vitamins,Nutricia Fortisip Compact Protein Drink 125ml Vanilla 4 Pack. A vitamins and supplements product. Supplied as 4 Pack.,No regulation
simple,5011417573259,Nurofen Children 7+ Orange 100ml,0,0,0,,taxable,,Pain Relief,"Nurofen Children 7+ Orange 100ml. Always read the label and any leaflet supplied. If symptoms persist, speak to your pharmacist or doctor. Supplied as 100ml.",GSL
simple,5034268004291,ProVen Probiotics Fit for School 28 Sachets,0,0,0,,taxable,,Digestive,"ProVen Probiotics Fit for School 28 Sachets. Always read the label and any leaflet supplied. If symptoms persist, speak to your pharmacist or doctor. Supplied as 28 Sachets.",No regulation
simple,0814784027241,Sunwarrior Classic Organic Vanilla,0,0,0,,taxable,,Vitamins,Sunwarrior Classic Organic Vanilla. A vitamins and supplements product.,No regulation
simple,5038581038957,Yankee Candle Home Inspiration Island Sunset Votive 49g,0,0,0,,taxable,,Beauty,Yankee Candle Home Inspiration Island Sunset Votive 49g. A health and beauty product. Supplied as 49g.,No regulation
simple,7702018607402,Gillette Skin Face Wash Calming 140ml,0,0,0,,taxable,,Skincare,Gillette Skin Face Wash Calming 140ml. A skincare product. Supplied as 140ml.,No regulation
simple,4717237011391,I-M Compression Knee Support with Stays Dynamic SS-709 Medium,0,0,0,,taxable,,Supports & Braces,I-M Compression Knee Support with Stays Dynamic SS-709 Medium. A support and mobility product.,No regulation
simple,5701943102862,Riemann P20 Original Sun Cream SPF 50 200ml,0,0,0,,taxable,,Skincare,Riemann P20 Original Sun Cream SPF 50 200ml. A skincare product. Supplied as 200ml.,No regulation
simple,4086000014069,FRESUBIN ORIGINAL DRINK PEACH 4PACK (4X200ML),0,0,0,,taxable,,Vitamins,FRESUBIN ORIGINAL DRINK PEACH 4PACK (4X200ML). A vitamins and supplements product. Supplied as 4X200ML.,No regulation
simple,5038581136578,Yankee Candle Home Inspiration Golden Flowers 538g,0,0,0,,taxable,,Beauty,Yankee Candle Home Inspiration Golden Flowers 538g. A health and beauty product. Supplied as 538g.,No regulation
simple,5011309163612,Zeroderm Ointment 125g,0,0,0,,taxable,,Skincare,Zeroderm Ointment 125g. A skincare product. Supplied as 125g.,No regulation
simple,0714924022658,Jamaican Mango & Lime 118ml Black Castor Oil Mango Papaya,0,0,0,,taxable,,Skincare,Jamaican Mango & Lime 118ml Black Castor Oil Mango Papaya. A skincare product. Supplied as 118ml.,No regulation
simple,3600524030117,L'Oreal Men Expert S/Gel 300ml Magnesium Defence,0,0,0,,taxable,,Vitamins,L'Oreal Men Expert S/Gel 300ml Magnesium Defence. A vitamins and supplements product. Supplied as 300ml.,No regulation
simple,8001090899071,Always Platinum Pads Normal Plus Sp 12s,0,0,0,,taxable,zero-rate,Women's Health,Always Platinum Pads Normal Plus Sp 12s. A women's health product.,No regulation
simple,4051895005508,Fresubin Jucy Apple 4x200ml,0,0,0,,taxable,,Vitamins,Fresubin Jucy Apple 4x200ml. A vitamins and supplements product. Supplied as 4x200ml.,No regulation
simple,4005808407507,Nivea Sun Lotion 200ml Protect & Moisture SPF20,0,0,0,,taxable,,Skincare,Nivea Sun Lotion 200ml Protect & Moisture SPF20. A skincare product. Supplied as 200ml.,No regulation
simple,5060112863363,Fushi Beauty Totale 60caps,0,0,0,,taxable,,General Health,Fushi Beauty Totale 60caps. A health and wellbeing product. Supplied as 60caps.,No regulation
simple,4005808159802,Nivea Crème 75ml,0,0,0,,taxable,,General Health,Nivea Crème 75ml. A health and wellbeing product. Supplied as 75ml.,No regulation
simple,5054805042999,Bristows 2. Volume & body mousse {for full bodied style} 200ml,0,0,0,,taxable,,Hair Care,Bristows 2. Volume & body mousse {for full bodied style} 200ml. A hair care product. Supplied as 200ml.,No regulation
simple,3600522248798,L'Oreal Dermo Exp 50ml Revitalift Renew Day Pot,0,0,0,,taxable,,General Health,L'Oreal Dermo Exp 50ml Revitalift Renew Day Pot. A health and wellbeing product. Supplied as 50ml.,No regulation
simple,5055148412296,Glucosamine HCl 120 Tablets,0,0,0,,taxable,,Vitamins,Glucosamine HCl 120 Tablets. A vitamins and supplements product. Supplied as 120 Tablets.,No regulation
simple,5060903873861,Brushworks Angled Dermaplaners 6pc,0,0,0,,taxable,,General Health,Brushworks Angled Dermaplaners 6pc. A health and wellbeing product.,No regulation
simple,4042809384024,ACTIMOVE GENUFAST KNEE 7341514 MED,0,0,0,,taxable,,Supports & Braces,ACTIMOVE GENUFAST KNEE 7341514 MED. A support and mobility product.,No regulation
simple,3282770145250,Klorane Centaury Shampoo 400ml,0,0,0,,taxable,,Hair Care,Klorane Centaury Shampoo 400ml. A hair care product. Supplied as 400ml.,No regulation
simple,5060320560016,SUNVIT-D3 20000IU DD0500 (28),0,0,0,,taxable,,General Health,SUNVIT-D3 20000IU DD0500 (28). A health and wellbeing product. Supplied as 20000IU.,No regulation
simple,0017854123854,"Baylis & Harding Goodness Awaken Lime, Mint & Eucalyptus 225ml Body Polish",0,0,0,,taxable,,Beauty,"Baylis & Harding Goodness Awaken Lime, Mint & Eucalyptus 225ml Body Polish. A health and beauty product. Supplied as 225ml.",No regulation
simple,5055757978565,Fushi Organic Argan Oil 30ml,0,0,0,,taxable,,Skincare,Fushi Organic Argan Oil 30ml. A skincare product. Supplied as 30ml.,No regulation
simple,0708002400735,Faith In Nature Tea Tree Body Wash 400ml,0,0,0,,taxable,,Beauty,Faith In Nature Tea Tree Body Wash 400ml. A health and beauty product. Supplied as 400ml.,No regulation
simple,5026445002947,Rapport Sport 150ml Shower Gel & 150ml Body Spray Twin Set,0,0,0,,taxable,,Beauty,Rapport Sport 150ml Shower Gel & 150ml Body Spray Twin Set. A health and beauty product. Supplied as 150ml.,No regulation
simple,3282770153187,Av�ne Hyaluron Activ B3 Day Cream-Refill 50ml,0,0,0,,taxable,,Skincare,Av�ne Hyaluron Activ B3 Day Cream-Refill 50ml. A skincare product. Supplied as 50ml.,No regulation
simple,8427324893682,Systane Hydration Eye Drops 10ml,0,0,0,,taxable,,Eye Care,"Systane Hydration Eye Drops 10ml. Always read the label and any leaflet supplied. If symptoms persist, speak to your pharmacist or doctor. Supplied as 10ml.",No regulation
simple,8720181222603,DOVE CARE NATURE 225ML S/GEL COCO&ALM,0,0,0,,taxable,,Skincare,DOVE CARE NATURE 225ML S/GEL COCO&ALM. A skincare product. Supplied as 225ML.,No regulation
simple,5060201410096,"Sugar Coated Leg Hair Removal Kit Rosehip 200g Jar, 3 Applicators & 15 Reusable Strips",0,0,0,,taxable,,Hair Care,"Sugar Coated Leg Hair Removal Kit Rosehip 200g Jar, 3 Applicators & 15 Reusable Strips. A hair care product. Supplied as 200g.",No regulation
simple,5015259007361,SEA-BAND MAMA ACUPRESSURE WRISTBAND (2 BANDS),0,0,0,,taxable,,General Health,SEA-BAND MAMA ACUPRESSURE WRISTBAND (2 BANDS). A health and wellbeing product.,No regulation
simple,60022776,Garnier Roll On 50ml For Men Xtreme Ice (8x6),0,0,0,,taxable,,Men's Health,Garnier Roll On 50ml For Men Xtreme Ice (8x6). A men's health product. Supplied as 50ml.,No regulation
simple,3574660622317,Anusol Soothing Relief 12 suppositories,0,0,0,,taxable,,Digestive,"Anusol Soothing Relief 12 suppositories. Always read the label and any leaflet supplied. If symptoms persist, speak to your pharmacist or doctor. Supplied as 12 suppositories.",GSL
simple,5060259571626,Gold Collagen Multidose Artron,0,0,0,,taxable,,Vitamins,Gold Collagen Multidose Artron. A vitamins and supplements product.,No regulation
simple,3574661625386,Aveeno Calm + Restore Oat Toning Lotion 200ml,0,0,0,,taxable,,Skincare,Aveeno Calm + Restore Oat Toning Lotion 200ml. A skincare product. Supplied as 200ml.,No regulation
simple,0708002400711,Faith In Nature Tea Tree Shampoo 400ml,0,0,0,,taxable,,Hair Care,Faith In Nature Tea Tree Shampoo 400ml. A hair care product. Supplied as 400ml.,No regulation
simple,8809416470726,COSRX - Ultimate Nourishing Rice Overnight Spa Mask - Nourishing Night Mask with Rice Extract - 60ml,0,0,0,,taxable,,Skincare,COSRX - Ultimate Nourishing Rice Overnight Spa Mask - Nourishing Night Mask with Rice Extract - 60ml. A skincare product. Supplied as 60ml.,No regulation
simple,8710847959417,Simple Micellar Biodegradable Kind to Skin 20 pack,0,0,0,,taxable,,Skincare,Simple Micellar Biodegradable Kind to Skin 20 pack. A skincare product. Supplied as 20 pack.,No regulation
simple,7610700001301,RICOLA HONEY HERB (75G),0,0,0,,taxable,,General Health,RICOLA HONEY HERB (75G). A health and wellbeing product. Supplied as 75G.,No regulation
simple,8710908777394,DOVE 400ML B/LOTION INVIGORATING,0,0,0,,taxable,,Skincare,DOVE 400ML B/LOTION INVIGORATING. A skincare product. Supplied as 400ML.,No regulation
simple,5054805042975,Bristows 4. Curls & Waves Mousse {for curl definition} 200ml,0,0,0,,taxable,,Hair Care,Bristows 4. Curls & Waves Mousse {for curl definition} 200ml. A hair care product. Supplied as 200ml.,No regulation
simple,4001638088459,PomegranateHandCream,0,0,0,,taxable,,Skincare,PomegranateHandCream. A skincare product.,No regulation
simple,4005900372444,Nivea APD Spray 250ml Women Black & White Fresh,0,0,0,,taxable,,Beauty,Nivea APD Spray 250ml Women Black & White Fresh. A health and beauty product. Supplied as 250ml.,No regulation
simple,5700002148896,R� HYGGE Lion's Mane Filter Grind Bio 227g,0,0,0,,taxable,,General Health,R� HYGGE Lion's Mane Filter Grind Bio 227g. A health and wellbeing product. Supplied as 227g.,No regulation
simple,5055148406868,Maximum Strength Milk Thistle Standardised Fruit Extract 300mg 30 Tablets,0,0,0,,taxable,,Vitamins,Maximum Strength Milk Thistle Standardised Fruit Extract 300mg 30 Tablets. A vitamins and supplements product. Supplied as 30 Tablets.,No regulation
simple,0602573665466,Mad Hippie Cleansing Oil 59ml,0,0,0,,taxable,,Skincare,Mad Hippie Cleansing Oil 59ml. A skincare product. Supplied as 59ml.,No regulation
simple,4015400684428,Always Infinity Normal Plus 12s,0,0,0,,taxable,zero-rate,Women's Health,Always Infinity Normal Plus 12s. A women's health product.,No regulation
simple,5000174990287,H&S Shampoo 400ml Refreshing Menthol,0,0,0,,taxable,,Hair Care,H&S Shampoo 400ml Refreshing Menthol. A hair care product. Supplied as 400ml.,No regulation
simple,5011309019018,OILATUM JUNIOR EMOLLIENT BATH ADDITIVE (600ML),0,0,0,,taxable,,Skincare,OILATUM JUNIOR EMOLLIENT BATH ADDITIVE (600ML). A skincare product. Supplied as 600ML.,No regulation
simple,5010724532980,Batiste Dry Shampoo 200ml Hydrate,0,0,0,,taxable,,Hair Care,Batiste Dry Shampoo 200ml Hydrate. A hair care product. Supplied as 200ml.,No regulation
simple,5025970802183,NIVEA LOTION DRY SKIN 250ML,0,0,0,,taxable,,Skincare,NIVEA LOTION DRY SKIN 250ML. A skincare product. Supplied as 250ML.,No regulation
simple,7350121256095,TePe Interdental Brush 0.8mm Green 6s (New Pack),0,0,0,,taxable,,Oral Care,TePe Interdental Brush 0.8mm Green 6s (New Pack). An oral care product.,No regulation
simple,5054563129338,SENSODYNE NOURISH HEALTHY WHITE TB 12X1 (),0,0,0,,taxable,,Oral Care,SENSODYNE NOURISH HEALTHY WHITE TB 12X1 (). An oral care product.,No regulation
simple,0782126009005,Natracare Organic Super Applicator Tampons 16pc,0,0,0,,taxable,zero-rate,Women's Health,Natracare Organic Super Applicator Tampons 16pc. A women's health product.,No regulation
simple,5701943102947,Riemann P20 Face Lotion SPF 30 50g,0,0,0,,taxable,,Skincare,Riemann P20 Face Lotion SPF 30 50g. A skincare product. Supplied as 50g.,No regulation
simple,5060112865770,Fushi Organic Chaste Tree (Vitex Agnus Castus) 60caps,0,0,0,,taxable,,General Health,Fushi Organic Chaste Tree (Vitex Agnus Castus) 60caps. A health and wellbeing product. Supplied as 60caps.,No regulation
simple,5000283659884,Opticrom Aqueous Eye Drops 13.5ml,0,0,0,,taxable,,Eye Care,"Opticrom Aqueous Eye Drops 13.5ml. Always read the label and any leaflet supplied. If symptoms persist, speak to your pharmacist or doctor. Supplied as 13.5ml.",No regulation
simple,8435465324064,BTB Water Based Lubricant Red Fruits 100ml,0,0,0,,taxable,,Sexual Wellness,"BTB Water Based Lubricant Red Fruits 100ml. Always read the label and any leaflet supplied. If symptoms persist, speak to your pharmacist or doctor. Supplied as 100ml.",No regulation
simple,5000309006463,Thermacare Back Pain Therapy 16 hours Pain Relief Wrap,0,0,0,,taxable,,Pain Relief,"Thermacare Back Pain Therapy 16 hours Pain Relief Wrap. Always read the label and any leaflet supplied. If symptoms persist, speak to your pharmacist or doctor.",No regulation
simple,5010123725099,Calpol Fastmelts Six Plus 12 sachets,0,0,0,,taxable,,Baby & Child,Calpol Fastmelts Six Plus 12 sachets. A baby and child product. Supplied as 12 sachets.,GSL
simple,5028763010536,Wisdom Interdental Toothbrush Advanced Firm Cdu 10,0,0,0,,taxable,,Oral Care,Wisdom Interdental Toothbrush Advanced Firm Cdu 10. An oral care product.,No regulation
simple,8714789726250,Colgate M/Wash Plax 500ml Soft Mint,0,0,0,,taxable,,Oral Care,Colgate M/Wash Plax 500ml Soft Mint. An oral care product. Supplied as 500ml.,No regulation
simple,8720182036551,Sure Men Workout Set 3pc,0,0,0,,taxable,,Beauty,Sure Men Workout Set 3pc. A health and beauty product.,No regulation
simple,5060342241795,GLUCORX GO PROFESSIONAL METER+50 T/STRIP (50),0,0,0,,taxable,,Testing & Monitoring,"GLUCORX GO PROFESSIONAL METER+50 T/STRIP (50). Always read the label and any leaflet supplied. If symptoms persist, speak to your pharmacist or doctor.",No regulation
simple,4086000007061,FRESUBIN ENERGY [EASYBAG] (1L),0,0,0,,taxable,,Vitamins,FRESUBIN ENERGY [EASYBAG] (1L). A vitamins and supplements product. Supplied as 1L.,No regulation
simple,5060464500206,Ibuprofen 400mg 48 Tablets,0,0,0,,taxable,,Pain Relief,"Ibuprofen 400mg 48 Tablets. Prescription-only medicine, supplied after an online consultation with our pharmacist. Always read the label and any leaflet supplied. If symptoms persist, speak to your pharmacist or doctor. Supplied as 48 Tablets.",P
simple,5037353000574,Skins Chocolate 8 Pack,0,0,0,,taxable,reduced-rate,Skincare,Skins Chocolate 8 Pack. A skincare product. Supplied as 8 Pack.,No regulation
simple,5060123414578,GLUCORX GEL RASPBERRY RIPPLE 15G (3X 23.5G),0,0,0,,taxable,,Testing & Monitoring,"GLUCORX GEL RASPBERRY RIPPLE 15G (3X 23.5G). Always read the label and any leaflet supplied. If symptoms persist, speak to your pharmacist or doctor. Supplied as 3X 23.5G.",No regulation
simple,3574661200019,Neutrogena Body Lotion 400ml Visibly Renew,0,0,0,,taxable,,Skincare,Neutrogena Body Lotion 400ml Visibly Renew. A skincare product. Supplied as 400ml.,No regulation
simple,8435465324132,BTB Water Based Warm Feeling Lubricant 250ml,0,0,0,,taxable,,Sexual Wellness,"BTB Water Based Warm Feeling Lubricant 250ml. Always read the label and any leaflet supplied. If symptoms persist, speak to your pharmacist or doctor. Supplied as 250ml.",No regulation
simple,5012616174001,Veganin 30 Caplets,0,0,0,,taxable,,Prescription Medicines,"Veganin 30 Caplets. Prescription-only medicine, supplied after an online consultation with our pharmacist. Always read the label and any leaflet supplied. If symptoms persist, speak to your pharmacist or doctor.",P
simple,3337875757669,La Roche Posay daily Repair Fluid Moisturiser Toleriane 40ml,0,0,0,,taxable,,Skincare,La Roche Posay daily Repair Fluid Moisturiser Toleriane 40ml. A skincare product. Supplied as 40ml.,No regulation
simple,5055757931973,Fushi Biovedic Face Wash 150ml,0,0,0,,taxable,,Skincare,Fushi Biovedic Face Wash 150ml. A skincare product. Supplied as 150ml.,No regulation
simple,0733739033444,NOW Foods Adrenal Stress Support 90 vcaps,0,0,0,,taxable,,Supports & Braces,NOW Foods Adrenal Stress Support 90 vcaps. A support and mobility product.,No regulation
simple,4086000016667,Fresubin Jucy Blackcurrent 4x200ml,0,0,0,,taxable,,Vitamins,Fresubin Jucy Blackcurrent 4x200ml. A vitamins and supplements product. Supplied as 4x200ml.,No regulation
simple,4086000009973,FRESUBIN SOYA FIBRE [EASYBAG] (500ML),0,0,0,,taxable,,Vitamins,FRESUBIN SOYA FIBRE [EASYBAG] (500ML). A vitamins and supplements product. Supplied as 500ML.,No regulation
simple,4048882620677,Dr Wolffs V-san Moist Cream 50g,0,0,0,,taxable,,Skincare,Dr Wolffs V-san Moist Cream 50g. A skincare product. Supplied as 50g.,GSL
simple,5054563947208,Otrivine Allergy Relief Nasal Spray 10 Ml,0,0,0,,taxable,,Cold & Flu,"Otrivine Allergy Relief Nasal Spray 10 Ml. Always read the label and any leaflet supplied. If symptoms persist, speak to your pharmacist or doctor. Supplied as 10 Ml.",No regulation
simple,5000174990331,H&S Shampoo 400ml Smooth & Silky,0,0,0,,taxable,,Hair Care,H&S Shampoo 400ml Smooth & Silky. A hair care product. Supplied as 400ml.,No regulation
simple,8435465324088,BTB Water Based Lubricant Mango 100ml,0,0,0,,taxable,,Sexual Wellness,"BTB Water Based Lubricant Mango 100ml. Always read the label and any leaflet supplied. If symptoms persist, speak to your pharmacist or doctor. Supplied as 100ml.",No regulation
simple,5010724538883,ORAJEL TOOTHPASTE 75ML (75ML),0,0,0,,taxable,,Oral Care,ORAJEL TOOTHPASTE 75ML (75ML). An oral care product. Supplied as 75ML.,No regulation
simple,5025452001349,Salt of the Earth Deo Stick - Ocean Coconut 84g,0,0,0,,taxable,,General Health,Salt of the Earth Deo Stick - Ocean Coconut 84g. A health and wellbeing product. Supplied as 84g.,No regulation
simple,3086125705126,Bic 1 Blade Disp Razors 10 Pack,0,0,0,,taxable,,Men's Grooming,Bic 1 Blade Disp Razors 10 Pack. A men's grooming product. Supplied as 10 Pack.,No regulation
simple,9329401000534,C Lab & Co 100g Scrub Bag Coffee & Coconut,0,0,0,,taxable,,Beauty,C Lab & Co 100g Scrub Bag Coffee & Coconut. A health and beauty product. Supplied as 100g.,No regulation
simple,7350121256200,TePe Interdental Brush 0.4mm Pink 6s (New Pack),0,0,0,,taxable,,Oral Care,TePe Interdental Brush 0.4mm Pink 6s (New Pack). An oral care product.,No regulation
simple,5011842110326,Bassetts 3-6 Years Multivitamins + Omega 3 30 Gummies,0,0,0,,taxable,,Vitamins,Bassetts 3-6 Years Multivitamins + Omega 3 30 Gummies. A vitamins and supplements product. Supplied as 30 Gummies.,No regulation
simple,4005900036490,Nivea APD Spray 250ml Men Black & White Invisible,0,0,0,,taxable,,Beauty,Nivea APD Spray 250ml Men Black & White Invisible. A health and beauty product. Supplied as 250ml.,No regulation
simple,5054805045990,Bristows Sol fiesta dry shampoo (pistachio & caramel) 200ml,0,0,0,,taxable,,Hair Care,Bristows Sol fiesta dry shampoo (pistachio & caramel) 200ml. A hair care product. Supplied as 200ml.,No regulation
simple,5056175900756,Pristine Gleam Kids Toothbrushes & Timer Set,0,0,0,,taxable,,Oral Care,Pristine Gleam Kids Toothbrushes & Timer Set. An oral care product.,No regulation
simple,3600522215172,L'Oreal Elvive Extraordinary Oil 100ml UV Filter,0,0,0,,taxable,,Hair Care,L'Oreal Elvive Extraordinary Oil 100ml UV Filter. A hair care product. Supplied as 100ml.,No regulation
simple,5029219000750,Shelley 200ml Dry Shampoo Volume,0,0,0,,taxable,,Hair Care,Shelley 200ml Dry Shampoo Volume. A hair care product. Supplied as 200ml.,No regulation
simple,8001841795584,Fixodent Professional 40g,0,0,0,,taxable,,General Health,Fixodent Professional 40g. A health and wellbeing product. Supplied as 40g.,No regulation
simple,8720182385642,Tresemme Hydrate & Hold Gift Set 4pc,0,0,0,,taxable,,Hair Care,Tresemme Hydrate & Hold Gift Set 4pc. A hair care product.,No regulation
simple,4015400725176,Tampax Pearl Super 18s,0,0,0,,taxable,zero-rate,Women's Health,Tampax Pearl Super 18s. A women's health product.,No regulation
simple,5037353004770,Skins Watermelon Water Based Lubricant 5ml foil,0,0,0,,taxable,,Sexual Wellness,"Skins Watermelon Water Based Lubricant 5ml foil. Always read the label and any leaflet supplied. If symptoms persist, speak to your pharmacist or doctor. Supplied as 5ml.",No regulation
simple,5701943102848,Riemann P20 Original Sun Cream SPF30 Spray 200ml,0,0,0,,taxable,,Skincare,Riemann P20 Original Sun Cream SPF30 Spray 200ml. A skincare product. Supplied as 200ml.,No regulation
simple,42182658,Vaseline Pure Petroleum Jelly no.3 250ml,0,0,0,,taxable,,General Health,Vaseline Pure Petroleum Jelly no.3 250ml. A health and wellbeing product. Supplied as 250ml.,GSL
simple,5000158071018,Gaviscon Double Action Peppermint 500ml,0,0,0,,taxable,,Digestive,"Gaviscon Double Action Peppermint 500ml. Always read the label and any leaflet supplied. If symptoms persist, speak to your pharmacist or doctor. Supplied as 500ml.",GSL
simple,4015600300814,Clearblue Combo Pack Pregnancy Test 2s,0,0,0,,taxable,,Testing & Monitoring,"Clearblue Combo Pack Pregnancy Test 2s. Always read the label and any leaflet supplied. If symptoms persist, speak to your pharmacist or doctor.",No regulation
simple,0309979596690,REVLON BLENDNG SPONGE 4IN1,0,0,0,,taxable,,General Health,REVLON BLENDNG SPONGE 4IN1. A health and wellbeing product.,No regulation
simple,8720181466427,Dove Hydrate Shower Gel 450ml,0,0,0,,taxable,,Beauty,Dove Hydrate Shower Gel 450ml. A health and beauty product. Supplied as 450ml.,No regulation
simple,5060209111209,WESTLAB 'RECOVER' BATHING SALTS (1KG),0,0,0,,taxable,,Beauty,WESTLAB 'RECOVER' BATHING SALTS (1KG). A health and beauty product. Supplied as 1KG.,No regulation
simple,4987072011157,Kool N Soothe Kids 4 Sheets,0,0,0,,taxable,,General Health,Kool N Soothe Kids 4 Sheets. A health and wellbeing product. Supplied as 4 Sheets.,GSL
simple,8435465325214,BTB Water Based Tingling Effect Lubricant 100ml,0,0,0,,taxable,,Sexual Wellness,"BTB Water Based Tingling Effect Lubricant 100ml. Always read the label and any leaflet supplied. If symptoms persist, speak to your pharmacist or doctor. Supplied as 100ml.",No regulation
simple,8001841385792,Tampax Cotton Protect 16s,0,0,0,,taxable,zero-rate,Women's Health,Tampax Cotton Protect 16s. A women's health product.,No regulation
simple,5054563048950,SENSODYNE T/BRUSH PRONAMEL,0,0,0,,taxable,,Oral Care,SENSODYNE T/BRUSH PRONAMEL. An oral care product.,No regulation
simple,5027314505668,Bio-Kult Infantis Sachets 16x1g,0,0,0,,taxable,,Baby & Child,Bio-Kult Infantis Sachets 16x1g. A baby and child product. Supplied as 16x1g.,No regulation
simple,5060112864827,Fushi Organic Neem 60caps,0,0,0,,taxable,,General Health,Fushi Organic Neem 60caps. A health and wellbeing product. Supplied as 60caps.,No regulation
simple,5015802286854,MEDIUM CANDLE JAR PERFECT DAY,0,0,0,,taxable,,Beauty,MEDIUM CANDLE JAR PERFECT DAY. A health and beauty product.,No regulation
simple,0309970038885,Mitchum Roll On 100ml Invisible Clear Fresh,0,0,0,,taxable,,General Health,Mitchum Roll On 100ml Invisible Clear Fresh. A health and wellbeing product. Supplied as 100ml.,No regulation
simple,3401351277450,Puressentiel Muscles & Joints Heating Patches 3unit,0,0,0,,taxable,,Pain Relief,"Puressentiel Muscles & Joints Heating Patches 3unit. Always read the label and any leaflet supplied. If symptoms persist, speak to your pharmacist or doctor.",No regulation
simple,4051895002781,FRESUBIN 2KCAL CREME CHOCOLATE (4X125G),0,0,0,,taxable,,Vitamins,FRESUBIN 2KCAL CREME CHOCOLATE (4X125G). A vitamins and supplements product. Supplied as 4X125G.,No regulation
simple,5037353005609,Skins Mint Chocolate Water Based Lubricant 4.4 fl oz (130ml),0,0,0,,taxable,,Sexual Wellness,"Skins Mint Chocolate Water Based Lubricant 4.4 fl oz (130ml). Always read the label and any leaflet supplied. If symptoms persist, speak to your pharmacist or doctor. Supplied as 130ml.",No regulation
simple,5011091101571,Oilatum Emollient 500ml,0,0,0,,taxable,,Skincare,Oilatum Emollient 500ml. A skincare product. Supplied as 500ml.,GSL
simple,5055186409999,Hibiscrub 250ml,0,0,0,,taxable,,First Aid,"Hibiscrub 250ml. Always read the label and any leaflet supplied. If symptoms persist, speak to your pharmacist or doctor. Supplied as 250ml.",No regulation
simple,5056555200094,Applied Nutrition Digestive Enzyme 60 Capsules,0,0,0,,taxable,,Vitamins,Applied Nutrition Digestive Enzyme 60 Capsules. A vitamins and supplements product. Supplied as 60 Capsules.,No regulation
simple,5745000836086,Ra Hygge Concentrated Chaga Liquid Extract BIO (Boost),0,0,0,,taxable,,General Health,Ra Hygge Concentrated Chaga Liquid Extract BIO (Boost). A health and wellbeing product.,No regulation
simple,4210201427315,Oral-B Vitality Pro Lilac Mist Tbrush 1ct,0,0,0,,taxable,,Oral Care,Oral-B Vitality Pro Lilac Mist Tbrush 1ct. An oral care product.,No regulation
simple,8720182585219,Vaseline Lucious Lips Gift Set Tin (C),0,0,0,,taxable,,Beauty,Vaseline Lucious Lips Gift Set Tin (C). A health and beauty product.,No regulation
simple,5031413932232,Face Facts Printed Sheet Mask Prep,0,0,0,,taxable,,Skincare,Face Facts Printed Sheet Mask Prep. A skincare product.,No regulation
simple,0658556116845,Botanicals For Life Organic Ginger Root Extract 50ml,0,0,0,,taxable,,General Health,Botanicals For Life Organic Ginger Root Extract 50ml. A health and wellbeing product. Supplied as 50ml.,No regulation
simple,8720182567574,Lynx Gift Set Gold Bs & S/G 2 Piece (C),0,0,0,,taxable,,Beauty,Lynx Gift Set Gold Bs & S/G 2 Piece (C). A health and beauty product.,No regulation
simple,8718951396104,COLGATE 75ML T/P SENSITIVE WHITEN 05/26,0,0,0,,taxable,,Oral Care,COLGATE 75ML T/P SENSITIVE WHITEN 05/26. An oral care product. Supplied as 75ML.,No regulation
simple,9335955005758,MooGoo Frizz Fighter Hydrating Hair Mist 180ml,0,0,0,,taxable,,Hair Care,MooGoo Frizz Fighter Hydrating Hair Mist 180ml. A hair care product. Supplied as 180ml.,No regulation
simple,8716900570070,Nutricia Fortisip 2kcal Energy Drink Vanilla 200ml,0,0,0,,taxable,zero-rate,General Health,Nutricia Fortisip 2kcal Energy Drink Vanilla 200ml. A health and wellbeing product. Supplied as 200ml.,No regulation
simple,96138342,Right Guard Roll On 50ml For Women Invisible,0,0,0,,taxable,,Women's Health,Right Guard Roll On 50ml For Women Invisible. A women's health product. Supplied as 50ml.,No regulation
simple,8901526537716,Garnier Fructis Full & Luscious Conditioner 850 ml,0,0,0,,taxable,,Hair Care,Garnier Fructis Full & Luscious Conditioner 850 ml. A hair care product. Supplied as 850 ml.,No regulation
simple,5702150145147,Cipralex 10mg 28 tablets,0,0,0,,taxable,,Vitamins,Cipralex 10mg 28 tablets. A vitamins and supplements product. Supplied as 28 tablets.,GSL
simple,5060337729765,Derma V10 10ml Roll On Lavender,0,0,0,,taxable,,General Health,Derma V10 10ml Roll On Lavender. A health and wellbeing product. Supplied as 10ml.,No regulation
simple,5026445002756,Harmony Gold 400ml Hairspray Natural Hold & Shine,0,0,0,,taxable,,Hair Care,Harmony Gold 400ml Hairspray Natural Hold & Shine. A hair care product. Supplied as 400ml.,No regulation
simple,5012616266416,XLS NUTRITION ACTIVE SHAPE CHOCOLATE (250),0,0,0,,taxable,,Vitamins,XLS NUTRITION ACTIVE SHAPE CHOCOLATE (250). A vitamins and supplements product.,No regulation
simple,5015802291742,MEDIUM CANDLE JAR CLEMENTINE SPICE,0,0,0,,taxable,,Beauty,MEDIUM CANDLE JAR CLEMENTINE SPICE. A health and beauty product.,No regulation
simple,5038581091396,Yankee Candle Camellia Large Jar 623g,0,0,0,,taxable,,Beauty,Yankee Candle Camellia Large Jar 623g. A health and beauty product. Supplied as 623g.,No regulation
simple,5038483844311,SCHOLL SOFTGRIP C3 KNEE O/TOE NAT (MED),0,0,0,,taxable,,Supports & Braces,SCHOLL SOFTGRIP C3 KNEE O/TOE NAT (MED). A support and mobility product.,No regulation
simple,5060342242365,GLUCORX X6 CHOLESTEROL TEST STRIPS (10),0,0,0,,taxable,,Testing & Monitoring,"GLUCORX X6 CHOLESTEROL TEST STRIPS (10). Always read the label and any leaflet supplied. If symptoms persist, speak to your pharmacist or doctor.",No regulation
simple,5038483844625,SCHOLL SOFTGRIP C1 KNEE NAT (SML),0,0,0,,taxable,,Supports & Braces,SCHOLL SOFTGRIP C1 KNEE NAT (SML). A support and mobility product.,No regulation
simple,5031413935752,Face Facts Ceramide Blemish Treat Gel 50ml,0,0,0,,taxable,,Skincare,Face Facts Ceramide Blemish Treat Gel 50ml. A skincare product. Supplied as 50ml.,No regulation
simple,5060112861734,Fushi Organic Evening Primrose Oil 100ml,0,0,0,,taxable,zero-rate,Vitamins,Fushi Organic Evening Primrose Oil 100ml. A vitamins and supplements product. Supplied as 100ml.,No regulation
simple,5036631008547,Forceval 15 Capsules,0,0,0,,taxable,,Prescription Medicines,"Forceval 15 Capsules. Prescription-only medicine, supplied after an online consultation with our pharmacist. Always read the label and any leaflet supplied. If symptoms persist, speak to your pharmacist or doctor. Supplied as 15 Capsules.",P
simple,5011784003861,Dentinox Scalp Oil 30ml,0,0,0,,taxable,,Hair Care,Dentinox Scalp Oil 30ml. A hair care product. Supplied as 30ml.,GSL
simple,5055757978558,Fushi Organic Rosehip Oil 30ml,0,0,0,,taxable,,Skincare,Fushi Organic Rosehip Oil 30ml. A skincare product. Supplied as 30ml.,No regulation
simple,4015400725114,Tampax Pearl Super Plus 18s,0,0,0,,taxable,zero-rate,Women's Health,Tampax Pearl Super Plus 18s. A women's health product.,No regulation
simple,3614227348813,Wella Prof Shampoo Nutricurls 250ml,0,0,0,,taxable,,Hair Care,Wella Prof Shampoo Nutricurls 250ml. A hair care product. Supplied as 250ml.,No regulation
simple,5037353004282,Skins Mint 4 Pack,0,0,0,,taxable,reduced-rate,Skincare,Skins Mint 4 Pack. A skincare product. Supplied as 4 Pack.,No regulation
simple,5038483844939,SCHOLL SOFTGRIP C2 R/SOCKS BLK (MED),0,0,0,,taxable,,Supports & Braces,SCHOLL SOFTGRIP C2 R/SOCKS BLK (MED). A support and mobility product.,No regulation
simple,0782126003126,"Natracare Panty Liners - Normal, Wrapped 18pc",0,0,0,,taxable,zero-rate,Women's Health,"Natracare Panty Liners - Normal, Wrapped 18pc. A women's health product.",No regulation
simple,5012008593205,INECTO NAT COCONUT HAND&NAIL CRM 75ML,0,0,0,,taxable,,Beauty,INECTO NAT COCONUT HAND&NAIL CRM 75ML. A health and beauty product. Supplied as 75ML.,No regulation
simple,0658556116685,Botanicals For Life Organic Astragalus Extract 50ml,0,0,0,,taxable,,General Health,Botanicals For Life Organic Astragalus Extract 50ml. A health and wellbeing product. Supplied as 50ml.,No regulation
simple,5037353005562,Skins Salted Caramel Water Based Lubricant 4.4 fl oz (130ml),0,0,0,,taxable,,Sexual Wellness,"Skins Salted Caramel Water Based Lubricant 4.4 fl oz (130ml). Always read the label and any leaflet supplied. If symptoms persist, speak to your pharmacist or doctor. Supplied as 130ml.",No regulation
simple,8714789732916,Palmolive Shower Gel 250ml Milk,0,0,0,,taxable,,Beauty,Palmolive Shower Gel 250ml Milk. A health and beauty product. Supplied as 250ml.,No regulation
simple,5015802278323,LARGE CANDLE JAR JASMINE & OUD,0,0,0,,taxable,,Beauty,LARGE CANDLE JAR JASMINE & OUD. A health and beauty product.,No regulation
simple,8435465325238,BTB Masturbation Cream 100ml,0,0,0,,taxable,,Skincare,BTB Masturbation Cream 100ml. A skincare product. Supplied as 100ml.,No regulation
simple,5000488303247,NELSONS RESCUE NIGHT GUMMIES RASPBERRY (60 GUMMI),0,0,0,,taxable,,Vitamins,NELSONS RESCUE NIGHT GUMMIES RASPBERRY (60 GUMMI). A vitamins and supplements product.,No regulation
simple,5037353004930,Skins Natural Delay Spray 30ml,0,0,0,,taxable,,Sexual Wellness,"Skins Natural Delay Spray 30ml. Always read the label and any leaflet supplied. If symptoms persist, speak to your pharmacist or doctor. Supplied as 30ml.",No regulation
simple,0047701500231,Dentek Essentials Temporary Tooth Repair Kit 5+ Repairs,0,0,0,,taxable,,General Health,Dentek Essentials Temporary Tooth Repair Kit 5+ Repairs. A health and wellbeing product.,No regulation
simple,5028763009363,Wisdom Step By Step Childrens Toothbrush 3-5 Years Cdu 10,0,0,0,,taxable,,Oral Care,Wisdom Step By Step Childrens Toothbrush 3-5 Years Cdu 10. An oral care product.,No regulation
simple,5060216564746,Haliborange Vitamin C & Immune Softies Blackcurrant 30's 3-12 Years,0,0,0,,taxable,,Vitamins,Haliborange Vitamin C & Immune Softies Blackcurrant 30's 3-12 Years. A vitamins and supplements product.,No regulation
simple,4005805245997,NIVEA LIPCARE SUN SPF 30,0,0,0,,taxable,,Skincare,NIVEA LIPCARE SUN SPF 30. A skincare product.,No regulation
simple,5060203796297,Terranova QuerceSol Quercetin Complex (BioSNEDS) 100's (NEW PRODUCT),0,0,0,,taxable,,Vitamins,Terranova QuerceSol Quercetin Complex (BioSNEDS) 100's (NEW PRODUCT). A vitamins and supplements product.,No regulation
simple,5000347078217,NIQUITIN CLR PATCH STEP 1 21MG (7S),0,0,0,,taxable,,Stop Smoking,NIQUITIN CLR PATCH STEP 1 21MG (7S). A stop-smoking product. Supplied as 21MG.,No regulation
simple,0017854118102,Baylis & Harding Black Pepper & Ginseng Men's Luxury Mini Trio Gift Set,0,0,0,,taxable,,Beauty,Baylis & Harding Black Pepper & Ginseng Men's Luxury Mini Trio Gift Set. A health and beauty product.,No regulation
simple,8006540742822,Oral-B Pro Junior 6+ Purple 1,0,0,0,,taxable,,Oral Care,Oral-B Pro Junior 6+ Purple 1. An oral care product.,No regulation
simple,4042809016819,WRIST BRACE L ACTIMOVE 7281946 EXLGE,0,0,0,,taxable,,Supports & Braces,WRIST BRACE L ACTIMOVE 7281946 EXLGE. A support and mobility product.,No regulation
simple,4005900690517,Nivea Shower Gel 400ml For Men Sport,0,0,0,,taxable,,Men's Health,Nivea Shower Gel 400ml For Men Sport. A men's health product. Supplied as 400ml.,No regulation
simple,5391531760606,Fusion Allergy Face & Eyelids 20 wipes,0,0,0,,taxable,,Skincare,Fusion Allergy Face & Eyelids 20 wipes. A skincare product. Supplied as 20 wipes.,GSL
simple,5060337727563,Derma V10 Sheet Hair Mask Flamingo with Marula Oil,0,0,0,,taxable,,Hair Care,Derma V10 Sheet Hair Mask Flamingo with Marula Oil. A hair care product. Supplied as 10 Sheet.,No regulation
simple,3574660711110,NICORETTE INVISI PATCH 25MG (14S),0,0,0,,taxable,,Stop Smoking,NICORETTE INVISI PATCH 25MG (14S). A stop-smoking product. Supplied as 25MG.,No regulation
simple,5000453123139,Effervescent Vitamin D 75ug 20 Tablets,0,0,0,,taxable,,Vitamins,Effervescent Vitamin D 75ug 20 Tablets. A vitamins and supplements product. Supplied as 20 Tablets.,No regulation
simple,4042809384062,ACTIMOVE GENUFAST KNEE 7341516 EXLGE,0,0,0,,taxable,,Supports & Braces,ACTIMOVE GENUFAST KNEE 7341516 EXLGE. A support and mobility product.,No regulation
simple,5060112861789,Fushi Calendula Oil 100ml,0,0,0,,taxable,,Skincare,Fushi Calendula Oil 100ml. A skincare product. Supplied as 100ml.,No regulation
simple,0085805557355,ELIZABETH ARDEN WHITE TEA 400ML BODY CREAM,0,0,0,,taxable,,Skincare,ELIZABETH ARDEN WHITE TEA 400ML BODY CREAM. A skincare product. Supplied as 400ML.,No regulation
simple,0714924022610,Jamaican Mango & Lime 118ml Black Castor Oil Coconut,0,0,0,,taxable,,Skincare,Jamaican Mango & Lime 118ml Black Castor Oil Coconut. A skincare product. Supplied as 118ml.,No regulation
simple,4005900247315,Nivea APD Spray 250ml Men Protect & Care,0,0,0,,taxable,,Beauty,Nivea APD Spray 250ml Men Protect & Care. A health and beauty product. Supplied as 250ml.,No regulation
simple,5055193546335,The Kind Edit Hot Water Bottle Set 1,0,0,0,,taxable,,General Health,The Kind Edit Hot Water Bottle Set 1. A health and wellbeing product.,No regulation
simple,3600521601846,L'Oreal Casting Creme Gloss Rich Honey 734,0,0,0,,taxable,,First Aid,"L'Oreal Casting Creme Gloss Rich Honey 734. Always read the label and any leaflet supplied. If symptoms persist, speak to your pharmacist or doctor.",No regulation
simple,5038483844649,SCHOLL SOFTGRIP C1 KNEE NAT (LGE),0,0,0,,taxable,,Supports & Braces,SCHOLL SOFTGRIP C1 KNEE NAT (LGE). A support and mobility product.,No regulation
simple,8716900581748,Nutricia Fortisip Compact Protein Drink 125ml Strawberry 4 Pack,0,0,0,,taxable,zero-rate,Vitamins,Nutricia Fortisip Compact Protein Drink 125ml Strawberry 4 Pack. A vitamins and supplements product. Supplied as 4 Pack.,No regulation
simple,42299868,Nivea Roll On 50ml Women Dry Confidence,0,0,0,,taxable,,General Health,Nivea Roll On 50ml Women Dry Confidence. A health and wellbeing product. Supplied as 50ml.,No regulation
simple,5031413935332,Face Facts Ceramide Body Cream Moisturising 454ml,0,0,0,,taxable,,Skincare,Face Facts Ceramide Body Cream Moisturising 454ml. A skincare product. Supplied as 454ml.,No regulation
simple,5027599900028,LOTIL CREAM (50ML),0,0,0,,taxable,,Skincare,LOTIL CREAM (50ML). A skincare product. Supplied as 50ML.,No regulation
simple,5011842193503,Potters Pastilles Chesty Cough 46g,0,0,0,,taxable,,Cold & Flu,"Potters Pastilles Chesty Cough 46g. Always read the label and any leaflet supplied. If symptoms persist, speak to your pharmacist or doctor. Supplied as 46g.",GSL
simple,7702018852475,GILLETTE FUSION POWER BLADES (4S),0,0,0,,taxable,,General Health,GILLETTE FUSION POWER BLADES (4S). A health and wellbeing product.,No regulation
simple,8809598450912,COSRX - AC Collection Lightweight Soothing Moisturizer - Lightweight Moisturizing Cream for Acne Skin - 80ml,0,0,0,,taxable,,Skincare,COSRX - AC Collection Lightweight Soothing Moisturizer - Lightweight Moisturizing Cream for Acne Skin - 80ml. A skincare product. Supplied as 80ml.,No regulation
simple,5060251740051,EPIMAX ISOMOL GEL (100G),0,0,0,,taxable,,Skincare,EPIMAX ISOMOL GEL (100G). A skincare product. Supplied as 100G.,No regulation
simple,5000488109757,NELSONS TEETHA TEETHING GRANULES (40SACHET),0,0,0,,taxable,,Baby & Child,NELSONS TEETHA TEETHING GRANULES (40SACHET). A baby and child product. Supplied as 40SACHET.,No regulation
simple,4103040147738,Sebamed Baby Body Milk 200ml,0,0,0,,taxable,,Baby & Child,Sebamed Baby Body Milk 200ml. A baby and child product. Supplied as 200ml.,No regulation
simple,8710447275405,Dove Hand Cream Restoring 75ml,0,0,0,,taxable,,Skincare,Dove Hand Cream Restoring 75ml. A skincare product. Supplied as 75ml.,No regulation
simple,5037353005586,Skins Double Chocolate Water Based Lubricant 4.4 fl oz (130ml),0,0,0,,taxable,,Sexual Wellness,"Skins Double Chocolate Water Based Lubricant 4.4 fl oz (130ml). Always read the label and any leaflet supplied. If symptoms persist, speak to your pharmacist or doctor. Supplied as 130ml.",No regulation
simple,5012583208280,LIVE Urban metallics U75 Midnight jade permanent hair dye,0,0,0,,taxable,,Hair Care,LIVE Urban metallics U75 Midnight jade permanent hair dye. A hair care product.,No regulation
simple,5060112865916,Fushi Organic Carrot Oil 100ml,0,0,0,,taxable,,Skincare,Fushi Organic Carrot Oil 100ml. A skincare product. Supplied as 100ml.,No regulation
simple,5028763013889,WISDOM RENEW INTERDENTAL 0.5MM (1),0,0,0,,taxable,,Oral Care,WISDOM RENEW INTERDENTAL 0.5MM (1). An oral care product.,No regulation
simple,5060025370026,ORAJEL MOUTH JEL (5.3G),0,0,0,,taxable,,General Health,ORAJEL MOUTH JEL (5.3G). A health and wellbeing product. Supplied as 5.3G.,No regulation
simple,3574660436174,NICORETTE FRESHMINT GUM 2MG (30),0,0,0,,taxable,,Stop Smoking,NICORETTE FRESHMINT GUM 2MG (30). A stop-smoking product. Supplied as 2MG.,No regulation
simple,5056235400769,Derma V10 Print Pony Tail Mask Go Coconuts,0,0,0,,taxable,,Skincare,Derma V10 Print Pony Tail Mask Go Coconuts. A skincare product.,No regulation
simple,3600524026967,L'Oreal Men Expert Deo 250ml Magnesium,0,0,0,,taxable,,Vitamins,L'Oreal Men Expert Deo 250ml Magnesium. A vitamins and supplements product. Supplied as 250ml.,No regulation
simple,3574660649901,Listerine Mildmint 500ml,0,0,0,,taxable,,Oral Care,Listerine Mildmint 500ml. An oral care product. Supplied as 500ml.,No regulation
simple,5053249211572,Masterplast Oriental Rub Tube 70g,0,0,0,,taxable,,General Health,Masterplast Oriental Rub Tube 70g. A health and wellbeing product. Supplied as 70g.,No regulation
simple,4042809016871,WRIST BRACE R ACTIMOVE 7281947 SML,0,0,0,,taxable,,Supports & Braces,WRIST BRACE R ACTIMOVE 7281947 SML. A support and mobility product.,No regulation
simple,0782126002020,Natracare Organic Super Plus Digital Tampons 20pc,0,0,0,,taxable,zero-rate,Women's Health,Natracare Organic Super Plus Digital Tampons 20pc. A women's health product.,No regulation
simple,9343359000040,Glyde Ultra Cola Flavour Vegan Condoms 100 Bulk Pack,0,0,0,,taxable,reduced-rate,Sexual Wellness,"Glyde Ultra Cola Flavour Vegan Condoms 100 Bulk Pack. Always read the label and any leaflet supplied. If symptoms persist, speak to your pharmacist or doctor.",No regulation
simple,3337875816847,La Roche Posay Multi-Purpose Balm Cicaplast B5 Ultra Repairing Soothing 100ml,0,0,0,,taxable,,Skincare,La Roche Posay Multi-Purpose Balm Cicaplast B5 Ultra Repairing Soothing 100ml. A skincare product. Supplied as 100ml.,No regulation
simple,5054563105981,POLIGRIP MOUTH GUARD &RETAINER (30),0,0,0,,taxable,,General Health,POLIGRIP MOUTH GUARD &RETAINER (30). A health and wellbeing product.,No regulation
simple,4001638580267,SkinFoodNourishingCleansingBalm,0,0,0,,taxable,,Skincare,SkinFoodNourishingCleansingBalm. A skincare product.,No regulation
simple,6009603360195,Hux Pro Vitamin D5 90s,0,0,0,,taxable,,Vitamins,Hux Pro Vitamin D5 90s. A vitamins and supplements product.,No regulation
simple,8718053572949,Wartie Advance Wart & Verruca Remover 50ml,0,0,0,,taxable,,Skincare,Wartie Advance Wart & Verruca Remover 50ml. A skincare product. Supplied as 50ml.,GSL
simple,5060201410126,"Sugar Coated Underarm Hair Removal Kit Lemongrass with 200g Jar, 3 Applicators & 15 Reusable Strips",0,0,0,,taxable,,Hair Care,"Sugar Coated Underarm Hair Removal Kit Lemongrass with 200g Jar, 3 Applicators & 15 Reusable Strips. A hair care product. Supplied as 200g.",No regulation
simple,5391531760644,OPTASE COOLING MASK (1),0,0,0,,taxable,,Skincare,OPTASE COOLING MASK (1). A skincare product.,No regulation
simple,5028763004429,WISDOM T/BRUSH SMOKERS (),0,0,0,,taxable,,Oral Care,WISDOM T/BRUSH SMOKERS (). An oral care product.,No regulation
simple,8710847959318,Simple Protect 'N' Glow Cleansing Wipes 20s,0,0,0,,taxable,,Skincare,Simple Protect 'N' Glow Cleansing Wipes 20s. A skincare product.,No regulation
simple,5000124438401,Ventolin Accuhaler 200mcg 60 doses,0,0,0,,taxable,,General Health,Ventolin Accuhaler 200mcg 60 doses. A health and wellbeing product. Supplied as 200mcg.,GSL
simple,5060216564937,Haliborange Effervescent Tablets Vitamin C Orange 20 Pack,0,0,0,,taxable,,Vitamins,Haliborange Effervescent Tablets Vitamin C Orange 20 Pack. A vitamins and supplements product. Supplied as 20 Pack.,No regulation
simple,7927340000350,KELO-COTE SILICONE GEL KCG60GB (60G),0,0,0,,taxable,,Skincare,KELO-COTE SILICONE GEL KCG60GB (60G). A skincare product. Supplied as 60G.,No regulation
simple,3337872412516,La Roche Posay Effaclar Ultra Micellar 400ml,0,0,0,,taxable,,Skincare,La Roche Posay Effaclar Ultra Micellar 400ml. A skincare product. Supplied as 400ml.,No regulation
simple,0850030689030,Revive Blood Pressure - 180 vcaps,0,0,0,,taxable,,General Health,Revive Blood Pressure - 180 vcaps. A health and wellbeing product.,No regulation
simple,5015802278248,MEDIUM CANDLE JAR JASMINE & OUD,0,0,0,,taxable,,Beauty,MEDIUM CANDLE JAR JASMINE & OUD. A health and beauty product.,No regulation
simple,5029053530499,Huggies wipes soft skin 56,0,0,0,,taxable,,Skincare,Huggies wipes soft skin 56. A skincare product.,No regulation
simple,60024633,Garnier Roll On 50ml For Women Floral Fresh (8x6),0,0,0,,taxable,,Women's Health,Garnier Roll On 50ml For Women Floral Fresh (8x6). A women's health product. Supplied as 50ml.,No regulation
simple,5055757901303,Fushi Amla Juice 500ml,0,0,0,,taxable,,General Health,Fushi Amla Juice 500ml. A health and wellbeing product. Supplied as 500ml.,No regulation
simple,9329401000527,C Lab & Co 100g Scrub Coffee,0,0,0,,taxable,,Beauty,C Lab & Co 100g Scrub Coffee. A health and beauty product. Supplied as 100g.,No regulation
simple,5430000087032,Mindscopic Moodmaster 50 Caps,0,0,0,,taxable,,General Health,Mindscopic Moodmaster 50 Caps. A health and wellbeing product. Supplied as 50 Caps.,No regulation
simple,0782126002006,Natracare Organic Super Digital Tampons 20pc,0,0,0,,taxable,zero-rate,Women's Health,Natracare Organic Super Digital Tampons 20pc. A women's health product.,No regulation
simple,5060259571190,Gold Collagen Vegan,0,0,0,,taxable,,Vitamins,Gold Collagen Vegan. A vitamins and supplements product.,No regulation
simple,5014958075008,Avoca Caustic 40% Pencil,0,0,0,,taxable,,Prescription Medicines,"Avoca Caustic 40% Pencil. Prescription-only medicine, supplied after an online consultation with our pharmacist. Always read the label and any leaflet supplied. If symptoms persist, speak to your pharmacist or doctor.",P
simple,4042809023305,elastocrepe bandage 5cm,0,0,0,,taxable,,First Aid,"elastocrepe bandage 5cm. Always read the label and any leaflet supplied. If symptoms persist, speak to your pharmacist or doctor.",No regulation
simple,8716900580765,Nutricia Fortisip Compact Energy Drink 125ml Forest Fruit 4 Pack,0,0,0,,taxable,zero-rate,General Health,Nutricia Fortisip Compact Energy Drink 125ml Forest Fruit 4 Pack. A health and wellbeing product. Supplied as 4 Pack.,No regulation
simple,5038483844519,Scholl Softgrip C2 Knee Natural Medium,0,0,0,,taxable,,Supports & Braces,Scholl Softgrip C2 Knee Natural Medium. A support and mobility product.,No regulation
simple,42299912,Nivea Roll On 50ml Women Pure Invisible,0,0,0,,taxable,,General Health,Nivea Roll On 50ml Women Pure Invisible. A health and wellbeing product. Supplied as 50ml.,No regulation
simple,8719134161151,Rituals Jing Body Cream 220ml,0,0,0,,taxable,,Skincare,Rituals Jing Body Cream 220ml. A skincare product. Supplied as 220ml.,No regulation
simple,5031413929430,Face Facts Joypixels 2 X 4.25g Lip Balm Tubes Kiss Me Quick Duo,0,0,0,,taxable,,Skincare,Face Facts Joypixels 2 X 4.25g Lip Balm Tubes Kiss Me Quick Duo. A skincare product. Supplied as 2 X 4.25g.,No regulation
simple,60019394,Garnier Roll On 50ml For Women Ultra Dry (8x6),0,0,0,,taxable,,Women's Health,Garnier Roll On 50ml For Women Ultra Dry (8x6). A women's health product. Supplied as 50ml.,No regulation
simple,5011417589236,Nuromol 32 Tablets,0,0,0,,taxable,,Prescription Medicines,"Nuromol 32 Tablets. Prescription-only medicine, supplied after an online consultation with our pharmacist. Always read the label and any leaflet supplied. If symptoms persist, speak to your pharmacist or doctor. Supplied as 32 Tablets.",P
simple,0658556116821,Botanicals For Life Organic Milk Thistle Extract 50ml,0,0,0,,taxable,,General Health,Botanicals For Life Organic Milk Thistle Extract 50ml. A health and wellbeing product. Supplied as 50ml.,No regulation
simple,3600524123048,L'Oreal Men Expert S/Gel 300ml Extreme Sport,0,0,0,,taxable,,Skincare,L'Oreal Men Expert S/Gel 300ml Extreme Sport. A skincare product. Supplied as 300ml.,No regulation
simple,0010181048012,Palmers Cocoa Butter Formula 400ml Length Retention Shampoo,0,0,0,,taxable,,Hair Care,Palmers Cocoa Butter Formula 400ml Length Retention Shampoo. A hair care product. Supplied as 400ml.,No regulation
simple,60019417,Garnier Roll On 50ml For Men Absolute Dry (8x6),0,0,0,,taxable,,Men's Health,Garnier Roll On 50ml For Men Absolute Dry (8x6). A men's health product. Supplied as 50ml.,No regulation
simple,8006540403921,ALWAYS ULTRA CASE 12 UNITS,0,0,0,,taxable,zero-rate,Women's Health,ALWAYS ULTRA CASE 12 UNITS. A women's health product.,No regulation
simple,87343052,Sure Roll On 50ml Invisible Icefresh Men,0,0,0,,taxable,,General Health,Sure Roll On 50ml Invisible Icefresh Men. A health and wellbeing product. Supplied as 50ml.,No regulation
simple,8712400800570,Aptamil Pepti 1 Tin 400g,0,0,0,,taxable,,Baby & Child,Aptamil Pepti 1 Tin 400g. A baby and child product. Supplied as 400g.,No regulation
simple,5060112866180,Fushi Organic Pomegranate Oil 50ml,0,0,0,,taxable,,Skincare,Fushi Organic Pomegranate Oil 50ml. A skincare product. Supplied as 50ml.,No regulation
simple,5060112865145,Fushi Organic Ginkgo Biloba 60caps,0,0,0,,taxable,,General Health,Fushi Organic Ginkgo Biloba 60caps. A health and wellbeing product. Supplied as 60caps.,No regulation
simple,0733739026446,NOW Foods Chlorophyll Liquid 473ml,0,0,0,,taxable,,General Health,NOW Foods Chlorophyll Liquid 473ml. A health and wellbeing product. Supplied as 473ml.,No regulation
simple,0708002407611,Faith In Nature Shea & Argan Shampoo 400ml,0,0,0,,taxable,,Hair Care,Faith In Nature Shea & Argan Shampoo 400ml. A hair care product. Supplied as 400ml.,No regulation
simple,4086000007030,FRESUBIN ORIGINAL FIBRE [EASYBAG] (1L),0,0,0,,taxable,,Vitamins,FRESUBIN ORIGINAL FIBRE [EASYBAG] (1L). A vitamins and supplements product. Supplied as 1L.,No regulation
simple,5026445002732,Harmony Gold 400ml Hairspray Extra Firm Hold & Shine,0,0,0,,taxable,,Hair Care,Harmony Gold 400ml Hairspray Extra Firm Hold & Shine. A hair care product. Supplied as 400ml.,No regulation
simple,0878941000256,Trace Mineral Liquid Magnesium Drops “Mega-Mag”,0,0,0,,taxable,,Vitamins,Trace Mineral Liquid Magnesium Drops “Mega-Mag”. A vitamins and supplements product.,No regulation
simple,3574660413052,NICORETTE GUM 2MG ORIGINAL [GSL] (105S),0,0,0,,taxable,,Stop Smoking,NICORETTE GUM 2MG ORIGINAL [GSL] (105S). A stop-smoking product. Supplied as 2MG.,No regulation
simple,4001638500210,PurifyingGelCleanser,0,0,0,,taxable,,Skincare,PurifyingGelCleanser. A skincare product.,No regulation
simple,8006540352052,Always Discreet Pad Ultimate Night 12,0,0,0,,taxable,zero-rate,Continence,Always Discreet Pad Ultimate Night 12. A continence care product.,No regulation
simple,5060599187143,All Hands Hand Care Set Lychee & Asian Pear C),0,0,0,,taxable,,General Health,All Hands Hand Care Set Lychee & Asian Pear C). A health and wellbeing product.,No regulation
simple,3660176502851,Douxo Care Foam (Mousse) 200ml,0,0,0,,taxable,,Hair Care,Douxo Care Foam (Mousse) 200ml. A hair care product. Supplied as 200ml.,No regulation
simple,5028763009370,WISDOM STEP BY STEP TOOTHBRUSH 6-8 KIDS (),0,0,0,,taxable,,Oral Care,WISDOM STEP BY STEP TOOTHBRUSH 6-8 KIDS (). An oral care product.,No regulation
simple,5060018881119,Theratears 5 in 1 Screen Eyes 10ml,0,0,0,,taxable,,General Health,Theratears 5 in 1 Screen Eyes 10ml. A health and wellbeing product. Supplied as 10ml.,GSL
simple,5000347078224,NIQUITIN CLR PATCH STEP 1 21MG (14S),0,0,0,,taxable,,Stop Smoking,NIQUITIN CLR PATCH STEP 1 21MG (14S). A stop-smoking product. Supplied as 21MG.,No regulation
simple,0714924022955,Jamaican Mango & Lime 118ml Black Castor Oil Peppermint,0,0,0,,taxable,,Skincare,Jamaican Mango & Lime 118ml Black Castor Oil Peppermint. A skincare product. Supplied as 118ml.,No regulation
simple,5025970010946,NIVEA RAINBOW DUO GIVT SET 1,0,0,0,,taxable,,General Health,NIVEA RAINBOW DUO GIVT SET 1. A health and wellbeing product.,No regulation
simple,0782126003508,Natracare Dry & Light Inco Slim Pads 20pc,0,0,0,,taxable,zero-rate,General Health,Natracare Dry & Light Inco Slim Pads 20pc. A health and wellbeing product.,No regulation
simple,5011501001873,IBUPROFEN GEL 5% [AAH] (100GM),0,0,0,,taxable,,Pain Relief,"IBUPROFEN GEL 5% [AAH] (100GM). Always read the label and any leaflet supplied. If symptoms persist, speak to your pharmacist or doctor.",No regulation
simple,7350121255975,TePe Interdental Brush 0.5mm Red 6s (New Pack),0,0,0,,taxable,,Oral Care,TePe Interdental Brush 0.5mm Red 6s (New Pack). An oral care product.,No regulation
simple,4987072051771,Kool N Soothe Roller Ball 5ml,0,0,0,,taxable,,General Health,Kool N Soothe Roller Ball 5ml. A health and wellbeing product. Supplied as 5ml.,GSL
simple,5060203790868,Terranova Microbiome Challenge 100's (NEW PRODUCT),0,0,0,,taxable,,Vitamins,Terranova Microbiome Challenge 100's (NEW PRODUCT). A vitamins and supplements product.,No regulation
simple,3282770393620,Av�ne Cicalfate Serum 30ml,0,0,0,,taxable,,Skincare,Av�ne Cicalfate Serum 30ml. A skincare product. Supplied as 30ml.,No regulation
simple,5012251885256,Beauty Formulas Active Toothbrush Wave Action 3's Cdu 12,0,0,0,,taxable,,Oral Care,Beauty Formulas Active Toothbrush Wave Action 3's Cdu 12. An oral care product.,No regulation
simple,8710447217054,Dove Body Scrub 225ml Macadamia,0,0,0,,taxable,,Beauty,Dove Body Scrub 225ml Macadamia. A health and beauty product. Supplied as 225ml.,No regulation
simple,9317129041908,FLEXITOL HEEL BALM 500G (500G),0,0,0,,taxable,,Skincare,FLEXITOL HEEL BALM 500G (500G). A skincare product. Supplied as 500G.,No regulation
simple,0658556116760,Botanicals For Life Organic Oregano Oil 50ml,0,0,0,,taxable,,Skincare,Botanicals For Life Organic Oregano Oil 50ml. A skincare product. Supplied as 50ml.,No regulation
simple,5050375083608,Masterplast 70g Heel Balm,0,0,0,,taxable,,Skincare,Masterplast 70g Heel Balm. A skincare product. Supplied as 70g.,No regulation
simple,5015802278330,LARGE CANDLE JAR SWEET HONEYSUCKLE,0,0,0,,taxable,,Beauty,LARGE CANDLE JAR SWEET HONEYSUCKLE. A health and beauty product.,No regulation
simple,5060133373629,Pollenase Cetirizine 30 Tablets,0,0,0,,taxable,,Vitamins,Pollenase Cetirizine 30 Tablets. A vitamins and supplements product. Supplied as 30 Tablets.,GSL
simple,5000174990164,H&S Shampoo 400ml Classic Clean,0,0,0,,taxable,,Hair Care,H&S Shampoo 400ml Classic Clean. A hair care product. Supplied as 400ml.,No regulation
simple,8006540697474,Tampax Compak Pearl Super Plus 16,0,0,0,,taxable,zero-rate,Women's Health,Tampax Compak Pearl Super Plus 16. A women's health product.,No regulation
simple,8716900581588,Nutricia Fortisip Compact Protein Drink 125ml Peach Mango 4 Pack,0,0,0,,taxable,zero-rate,Vitamins,Nutricia Fortisip Compact Protein Drink 125ml Peach Mango 4 Pack. A vitamins and supplements product. Supplied as 4 Pack.,No regulation
simple,5701943100882,Riemann P20 Kids Sun Cream Pump SPF50+ 200ml,0,0,0,,taxable,,Skincare,Riemann P20 Kids Sun Cream Pump SPF50+ 200ml. A skincare product. Supplied as 200ml.,No regulation
simple,5031413929126,Face Facts Body Lotion Hyaluronic 400ml,0,0,0,,taxable,,Skincare,Face Facts Body Lotion Hyaluronic 400ml. A skincare product. Supplied as 400ml.,No regulation
simple,5038483844953,SCHOLL SOFTGRIP C2 R/SOCKS BLK (X-LGE),0,0,0,,taxable,,Supports & Braces,SCHOLL SOFTGRIP C2 R/SOCKS BLK (X-LGE). A support and mobility product.,No regulation
simple,5038581120683,Yankee Candle Home Inspiration Midnight Magnolia 104g,0,0,0,,taxable,,Beauty,Yankee Candle Home Inspiration Midnight Magnolia 104g. A health and beauty product. Supplied as 104g.,No regulation
simple,0782126203137,Natracare Safe to Flush Moist Tissues 30pc,0,0,0,,taxable,,General Health,Natracare Safe to Flush Moist Tissues 30pc. A health and wellbeing product.,No regulation
simple,0873024001502,Ener-Life Vit D3 1000IU Orange Sugar Free,0,0,0,,taxable,,General Health,Ener-Life Vit D3 1000IU Orange Sugar Free. A health and wellbeing product. Supplied as 1000IU.,No regulation
simple,5012616174803,BUTTERCUP SYRUP ORIGINAL (150ML),0,0,0,,taxable,,Beauty,BUTTERCUP SYRUP ORIGINAL (150ML). A health and beauty product. Supplied as 150ML.,GSL
simple,5060342242334,GLUCORX X6 KETONE TEST STRIPS (10),0,0,0,,taxable,,Testing & Monitoring,"GLUCORX X6 KETONE TEST STRIPS (10). Always read the label and any leaflet supplied. If symptoms persist, speak to your pharmacist or doctor.",No regulation
simple,8719134149586,Rituals Ayurveda Body Cream 220ml,0,0,0,,taxable,,Skincare,Rituals Ayurveda Body Cream 220ml. A skincare product. Supplied as 220ml.,No regulation
simple,5054563064820,Pirinase Allergy Spray 120 doses,0,0,0,,taxable,,Beauty,Pirinase Allergy Spray 120 doses. A health and beauty product.,GSL
simple,5055757978626,Fushi My Harmony Oil 50ml,0,0,0,,taxable,,Skincare,Fushi My Harmony Oil 50ml. A skincare product. Supplied as 50ml.,No regulation
simple,3574660038408,CAREFREE BREATHABLE FLD UNSCENTED 20,0,0,0,,taxable,,General Health,CAREFREE BREATHABLE FLD UNSCENTED 20. A health and wellbeing product.,No regulation
simple,0083000260445,Nature's Answer Sambucus Kids Formula,0,0,0,,taxable,,General Health,Nature's Answer Sambucus Kids Formula. A health and wellbeing product.,No regulation
simple,5032483001958,Cms 150ml Wintergreen Heat Spray,0,0,0,,taxable,,Beauty,Cms 150ml Wintergreen Heat Spray. A health and beauty product. Supplied as 150ml.,No regulation
simple,5011417556252,VEET MINI-WAX STRIPS 20,0,0,0,,taxable,,General Health,VEET MINI-WAX STRIPS 20. A health and wellbeing product.,No regulation
simple,5010441008133,Numark Vitamin C 20 Effervescent tablets,0,0,0,,taxable,,Vitamins,Numark Vitamin C 20 Effervescent tablets. A vitamins and supplements product. Supplied as 20 Effervescent.,No regulation
simple,0708002405914,Faith In Nature Lemon & Tea Tree Shampoo 400ml,0,0,0,,taxable,,Hair Care,Faith In Nature Lemon & Tea Tree Shampoo 400ml. A hair care product. Supplied as 400ml.,No regulation
simple,5000347029523,NIQUITIN MINIS MINT 1.5MG LOZENGES (60S),0,0,0,,taxable,,Stop Smoking,NIQUITIN MINIS MINT 1.5MG LOZENGES (60S). A stop-smoking product. Supplied as 1.5MG.,No regulation
simple,5060022303935,St Tropez self tan express kit 2pc (50ml express tan & tanning mitt),0,0,0,,taxable,,Beauty,St Tropez self tan express kit 2pc (50ml express tan & tanning mitt). A health and beauty product. Supplied as 50ml.,No regulation
simple,9340800011136,Grown Alchemist Night Cream Skin Renewal 40ml,0,0,0,,taxable,,Skincare,Grown Alchemist Night Cream Skin Renewal 40ml. A skincare product. Supplied as 40ml.,No regulation
simple,4086000005951,FRESUBIN HP ENERGY EASYBAG (1 LITRE),0,0,0,,taxable,,Vitamins,FRESUBIN HP ENERGY EASYBAG (1 LITRE). A vitamins and supplements product. Supplied as 1 LITRE.,No regulation
simple,40111568,Lockets Cranberry & Blueberry 43g,0,0,0,,taxable,,General Health,Lockets Cranberry & Blueberry 43g. A health and wellbeing product. Supplied as 43g.,No regulation
simple,8720181174599,DOVE 250ML A/P SPRAY INVISIBLE DRY,0,0,0,,taxable,,Beauty,DOVE 250ML A/P SPRAY INVISIBLE DRY. A health and beauty product. Supplied as 250ML.,No regulation
simple,8886467064364,Lux Soap 3x80g Velvet Touch,0,0,0,,taxable,,Beauty,Lux Soap 3x80g Velvet Touch. A health and beauty product. Supplied as 3x80g.,No regulation
simple,5010441075418,melolin 10x10cm numark 100,0,0,0,,taxable,,General Health,melolin 10x10cm numark 100. A health and wellbeing product.,No regulation
simple,5060112865886,Fushi Organic Avocado Oil 100ml,0,0,0,,taxable,zero-rate,Skincare,Fushi Organic Avocado Oil 100ml. A skincare product. Supplied as 100ml.,No regulation
simple,5025452000588,Salt of the Earth Deo Spray - Sweet Strawberry 100ml,0,0,0,,taxable,,Beauty,Salt of the Earth Deo Spray - Sweet Strawberry 100ml. A health and beauty product. Supplied as 100ml.,No regulation
simple,5028763014923,WISDOM RENEW MANUAL CDU (36),0,0,0,,taxable,,Oral Care,WISDOM RENEW MANUAL CDU (36). An oral care product.,No regulation
simple,4042809016758,WRIST BRACE L ACTIMOVE 7281945 LGE,0,0,0,,taxable,,Supports & Braces,WRIST BRACE L ACTIMOVE 7281945 LGE. A support and mobility product.,No regulation
simple,5038483186053,Hibiscrub Pump Dispenser 5ml,0,0,0,,taxable,,First Aid,"Hibiscrub Pump Dispenser 5ml. Always read the label and any leaflet supplied. If symptoms persist, speak to your pharmacist or doctor. Supplied as 5ml.",No regulation
simple,5391531760378,Scope Omega Eye Capsules,0,0,0,,taxable,,Vitamins,Scope Omega Eye Capsules. A vitamins and supplements product.,No regulation
simple,5055566994039,Pristine Gleam Toothbrushes Medium with 3 Covers 4 Pack,0,0,0,,taxable,,Oral Care,Pristine Gleam Toothbrushes Medium with 3 Covers 4 Pack. An oral care product. Supplied as 4 Pack.,No regulation
simple,5022545151479,PEPPA PIG T/B DUO,0,0,0,,taxable,,General Health,PEPPA PIG T/B DUO. A health and wellbeing product.,No regulation
simple,4084500477537,Clearblue Visual Rapid Detection Test 1 Test,0,0,0,,taxable,,General Health,Clearblue Visual Rapid Detection Test 1 Test. A health and wellbeing product.,No regulation
simple,5055757978640,Fushi Peri Harmony 60caps,0,0,0,,taxable,,General Health,Fushi Peri Harmony 60caps. A health and wellbeing product. Supplied as 60caps.,No regulation
simple,8718951265837,COLGATE 50ML T/P 6-9 YEAR MINT 04/25,0,0,0,,taxable,,Oral Care,COLGATE 50ML T/P 6-9 YEAR MINT 04/25. An oral care product. Supplied as 50ML.,No regulation
simple,3600542052788,Garnier Naturals 200ml Rose Cleansing Milk,0,0,0,,taxable,,Skincare,Garnier Naturals 200ml Rose Cleansing Milk. A skincare product. Supplied as 200ml.,No regulation
simple,9317129041816,FLEXITOL SKIN BALM (200G),0,0,0,,taxable,,Skincare,FLEXITOL SKIN BALM (200G). A skincare product. Supplied as 200G.,No regulation
simple,5000488108446,NELSONS CALENDULA CREAM (50G),0,0,0,,taxable,,Skincare,NELSONS CALENDULA CREAM (50G). A skincare product. Supplied as 50G.,No regulation
simple,3435172181061,QUIES MAXI SILICONE ADULT (3 PAIRS),0,0,0,,taxable,,General Health,QUIES MAXI SILICONE ADULT (3 PAIRS). A health and wellbeing product.,No regulation
simple,0878941001109,"Trace Mineral Liquid Electrolyte Concentrate “40,000 Volts”",0,0,0,,taxable,,Vitamins,"Trace Mineral Liquid Electrolyte Concentrate “40,000 Volts”. A vitamins and supplements product.",No regulation
simple,8006540731055,Oral-B Toothbrush Io3 Matt Black Ultimate 1,0,0,0,,taxable,,Oral Care,Oral-B Toothbrush Io3 Matt Black Ultimate 1. An oral care product.,No regulation
simple,5054563060471,Piriteze allergy tablets 7,0,0,0,,taxable,,Vitamins,Piriteze allergy tablets 7. A vitamins and supplements product.,GSL
simple,5038581161884,Yankee Candle Home Inspiration Wrapping Paper Pine 104g,0,0,0,,taxable,,Beauty,Yankee Candle Home Inspiration Wrapping Paper Pine 104g. A health and beauty product. Supplied as 104g.,No regulation
simple,0013964415551,Mad Hippie Cream Cleanser 118ml,0,0,0,,taxable,,Skincare,Mad Hippie Cream Cleanser 118ml. A skincare product. Supplied as 118ml.,No regulation
simple,5060410574084,Beauty Kitchen SHP+ Bright Night Intensive Cream 60ml,0,0,0,,taxable,,Skincare,Beauty Kitchen SHP+ Bright Night Intensive Cream 60ml. A skincare product. Supplied as 60ml.,No regulation
simple,8006540818862,Old Spice Shower Gel Whitewater 1000ml,0,0,0,,taxable,,Beauty,Old Spice Shower Gel Whitewater 1000ml. A health and beauty product. Supplied as 1000ml.,No regulation
simple,0501261625990,Lyclear Express Treat & Protect 100ml,0,0,0,,taxable,,General Health,Lyclear Express Treat & Protect 100ml. A health and wellbeing product. Supplied as 100ml.,GSL
simple,4005900604965,NIVEA SUN SPRAY SENSITIVE SPF50 200ML,0,0,0,,taxable,,Skincare,NIVEA SUN SPRAY SENSITIVE SPF50 200ML. A skincare product. Supplied as 200ML.,No regulation
simple,0091037510617,Mad Hippie Antioxidant Facial Oil 30ml,0,0,0,,taxable,,Skincare,Mad Hippie Antioxidant Facial Oil 30ml. A skincare product. Supplied as 30ml.,No regulation
simple,8710847963476,Dove Hand Cream Essential 75ml,0,0,0,,taxable,,Skincare,Dove Hand Cream Essential 75ml. A skincare product. Supplied as 75ml.,No regulation
simple,3600524077426,L'Oreal Hyaluron Expert Night Cream 50ml,0,0,0,,taxable,,Skincare,L'Oreal Hyaluron Expert Night Cream 50ml. A skincare product. Supplied as 50ml.,No regulation
simple,8720182655691,Dove Woman Time To Refresh Gift Set (C),0,0,0,,taxable,,Beauty,Dove Woman Time To Refresh Gift Set (C). A health and beauty product.,No regulation
simple,0850030689269,Revive Lipid - 210 Tablets,0,0,0,,taxable,,Vitamins,Revive Lipid - 210 Tablets. A vitamins and supplements product. Supplied as 210 Tablets.,No regulation
simple,5000309006609,ROBITUSSIN EXPECTORANT CHESTY (100ML),0,0,0,,taxable,,General Health,ROBITUSSIN EXPECTORANT CHESTY (100ML). A health and wellbeing product. Supplied as 100ML.,No regulation
simple,5022545151417,PAW PATROL 75ML T/P,0,0,0,,taxable,,General Health,PAW PATROL 75ML T/P. A health and wellbeing product. Supplied as 75ML.,No regulation
simple,5051389044876,Mitchum APD 200ml Unscented,0,0,0,,taxable,,General Health,Mitchum APD 200ml Unscented. A health and wellbeing product. Supplied as 200ml.,No regulation
simple,5037200054712,OH K! 20ML SHEET MASK AVOCADO SUPER SILKY 05/24,0,0,0,,taxable,,Skincare,OH K! 20ML SHEET MASK AVOCADO SUPER SILKY 05/24. A skincare product. Supplied as 20ML.,No regulation
simple,3282770147605,Klorane Flax Dry Shampoo 150ml,0,0,0,,taxable,,Hair Care,Klorane Flax Dry Shampoo 150ml. A hair care product. Supplied as 150ml.,No regulation
simple,4005900690531,Nivea Shower Gel 400ml For Men Power Refresh,0,0,0,,taxable,,Men's Health,Nivea Shower Gel 400ml For Men Power Refresh. A men's health product. Supplied as 400ml.,No regulation
simple,4717095030114,GLUCORX NEXUS VOICE BLOOD GLUCOSE METER (1 KIT),0,0,0,,taxable,,Testing & Monitoring,"GLUCORX NEXUS VOICE BLOOD GLUCOSE METER (1 KIT). Always read the label and any leaflet supplied. If symptoms persist, speak to your pharmacist or doctor.",No regulation
simple,0724742008345,Alba Botanica Kukui Nut Body Oil,0,0,0,,taxable,,Skincare,Alba Botanica Kukui Nut Body Oil. A skincare product.,No regulation
simple,4005900257062,Nivea Shower Gel 250ml Care & Roses,0,0,0,,taxable,,Beauty,Nivea Shower Gel 250ml Care & Roses. A health and beauty product. Supplied as 250ml.,No regulation
simple,5015802291650,TEALIGHTS BX/9 AUTUMN PUMPKIN,0,0,0,,taxable,,General Health,TEALIGHTS BX/9 AUTUMN PUMPKIN. A health and wellbeing product.,No regulation
simple,5060112865787,Fushi Organic Ashwagandha 60caps,0,0,0,,taxable,,General Health,Fushi Organic Ashwagandha 60caps. A health and wellbeing product. Supplied as 60caps.,No regulation
simple,5038581094304,Yankee Candle Home Inspiration Unicorn Dreams 538g,0,0,0,,taxable,,Skincare,Yankee Candle Home Inspiration Unicorn Dreams 538g. A skincare product. Supplied as 538g.,No regulation
simple,8809598454651,Cosrx - The Vitamin C 23 Serum - Vitamin C Serum - 20ml,0,0,0,,taxable,,Skincare,Cosrx - The Vitamin C 23 Serum - Vitamin C Serum - 20ml. A skincare product. Supplied as 20ml.,No regulation
simple,5060426158377,Sarah Jessica Parker Lovely Giftset 2pc (100ml Edp Spray & 15ml Edp Spray),0,0,0,,taxable,,Beauty,Sarah Jessica Parker Lovely Giftset 2pc (100ml Edp Spray & 15ml Edp Spray). A health and beauty product. Supplied as 15ml.,No regulation
simple,5051594006836,Aptamil Milk Hungry From Birth 800g,0,0,0,,taxable,,Baby & Child,Aptamil Milk Hungry From Birth 800g. A baby and child product. Supplied as 800g.,No regulation
simple,5060738578719,Baby Shark Kids Hot & Cold Soothing Pack,0,0,0,,taxable,,Baby & Child,Baby Shark Kids Hot & Cold Soothing Pack. A baby and child product.,No regulation
simple,5060322952147,Yardley 200g Fragranced Talc English Rose,0,0,0,,taxable,,Beauty,Yardley 200g Fragranced Talc English Rose. A health and beauty product. Supplied as 200g.,No regulation
simple,4086000015868,FRESUBIN 2KCAL DRINK NEUTRAL 4PACK (4X200ML),0,0,0,,taxable,,Vitamins,FRESUBIN 2KCAL DRINK NEUTRAL 4PACK (4X200ML). A vitamins and supplements product. Supplied as 4X200ML.,No regulation
simple,4051895008721,FRESUBIN 2KCAL MINI FIBRE VANILLA (4X125ML),0,0,0,,taxable,,Vitamins,FRESUBIN 2KCAL MINI FIBRE VANILLA (4X125ML). A vitamins and supplements product. Supplied as 4X125ML.,No regulation
simple,0083000262562,Nature's Answer Kids Natural Mullein Syrup NEW,0,0,0,,taxable,,General Health,Nature's Answer Kids Natural Mullein Syrup NEW. A health and wellbeing product.,No regulation
simple,50184262,Dextro Energy Blackcurrent+ Vitamin C 47g,0,0,0,,taxable,,Vitamins,Dextro Energy Blackcurrent+ Vitamin C 47g. A vitamins and supplements product. Supplied as 47g.,No regulation
simple,0810100921644,SunwarriorProtein & Collagen Greens Vanilla,0,0,0,,taxable,,Vitamins,SunwarriorProtein & Collagen Greens Vanilla. A vitamins and supplements product.,No regulation
simple,5031413933437,Face Facts Printed Forehead Mask,0,0,0,,taxable,,Skincare,Face Facts Printed Forehead Mask. A skincare product.,No regulation
simple,5010441002773,Numark Cystitis Relief 6 sachets,0,0,0,,taxable,,Women's Health,Numark Cystitis Relief 6 sachets. A women's health product. Supplied as 6 sachets.,GSL
simple,5031413929782,Face Facts Himalayan Salt Body Scrub - 400g,0,0,0,,taxable,,Skincare,Face Facts Himalayan Salt Body Scrub - 400g. A skincare product. Supplied as 400g.,No regulation
simple,0658556116777,Botanicals For Life Organic Oregano Oil 30ml,0,0,0,,taxable,,Skincare,Botanicals For Life Organic Oregano Oil 30ml. A skincare product. Supplied as 30ml.,No regulation
simple,8717163702444,Lynx Gold Duo Gift Set 1,0,0,0,,taxable,,Beauty,Lynx Gold Duo Gift Set 1. A health and beauty product.,No regulation
simple,5028763012233,Wisdom Active White Charcoal Toothpaste 100ml,0,0,0,,taxable,,Oral Care,Wisdom Active White Charcoal Toothpaste 100ml. An oral care product. Supplied as 100ml.,No regulation
simple,5060112865244,Fushi Organic St John's Wart 60caps,0,0,0,,taxable,,Skincare,Fushi Organic St John's Wart 60caps. A skincare product. Supplied as 60caps.,No regulation
simple,8001090705716,Tampax Compak Super Plus 18s,0,0,0,,taxable,zero-rate,Women's Health,Tampax Compak Super Plus 18s. A women's health product.,No regulation
simple,5028763012493,Numark Chlorhexidine Mint Mouthwash 300ml,0,0,0,,taxable,,Oral Care,Numark Chlorhexidine Mint Mouthwash 300ml. An oral care product. Supplied as 300ml.,No regulation
simple,5037353000543,Skins Chocolate 4 Pack,0,0,0,,taxable,reduced-rate,Skincare,Skins Chocolate 4 Pack. A skincare product. Supplied as 4 Pack.,No regulation
simple,,Weight Loss Treatment - Saxenda,0,0,0,,taxable,zero-rate,Weight Management,"Weight Loss Treatment - Saxenda. Prescription-only medicine, supplied after an online consultation with our pharmacist. Always read the label and any leaflet supplied. If symptoms persist, speak to your pharmacist or doctor.",P
simple,5013455250307,NippleBalm,0,0,0,,taxable,,Skincare,NippleBalm. A skincare product.,No regulation
simple,8700216487009,Vicks Sinex Natura Spray 20ml,0,0,0,,taxable,,Cold & Flu,"Vicks Sinex Natura Spray 20ml. Always read the label and any leaflet supplied. If symptoms persist, speak to your pharmacist or doctor. Supplied as 20ml.",GSL
simple,3600524081713,L'Oreal Men Expert S/Gel 300ml Magnesium Sensitive,0,0,0,,taxable,,Vitamins,L'Oreal Men Expert S/Gel 300ml Magnesium Sensitive. A vitamins and supplements product. Supplied as 300ml.,No regulation
simple,3574660569834,Daktarin Intensive Cream 15g,0,0,0,,taxable,,Skincare,Daktarin Intensive Cream 15g. A skincare product. Supplied as 15g.,GSL
simple,5028763004382,WISDOM DENTURE BATH (),0,0,0,,taxable,,Oral Care,WISDOM DENTURE BATH (). An oral care product.,No regulation
simple,0000000420112,I-M Elastic Wrist Support WS-301 One Size,0,0,0,,taxable,,Supports & Braces,I-M Elastic Wrist Support WS-301 One Size. A support and mobility product.,No regulation
simple,0000000078856,I-M Wrist Brace WH-301 X-Large,0,0,0,,taxable,,Supports & Braces,I-M Wrist Brace WH-301 X-Large. A support and mobility product.,No regulation
simple,8809598454637,Cosrx - The Niacinamide 15 Serum - Serum with 15% Niacinamide - 20ml,0,0,0,,taxable,,Skincare,Cosrx - The Niacinamide 15 Serum - Serum with 15% Niacinamide - 20ml. A skincare product. Supplied as 20ml.,No regulation
simple,0731124402905,Biofreeze Pain Relief Roll-on 89ml,0,0,0,,taxable,,Pain Relief,"Biofreeze Pain Relief Roll-on 89ml. Always read the label and any leaflet supplied. If symptoms persist, speak to your pharmacist or doctor. Supplied as 89ml.",GSL
simple,8435465324040,BTB Water Based Cool Feeling Lubricant 100ml,0,0,0,,taxable,,Sexual Wellness,"BTB Water Based Cool Feeling Lubricant 100ml. Always read the label and any leaflet supplied. If symptoms persist, speak to your pharmacist or doctor. Supplied as 100ml.",No regulation
simple,0000009416611,OPI 15ML NAIL POLISH GOT MYSELF INTO A JAMBALAYA,0,0,0,,taxable,,Beauty,OPI 15ML NAIL POLISH GOT MYSELF INTO A JAMBALAYA. A health and beauty product. Supplied as 15ML.,No regulation
simple,5060284540000,Dalivit Drops 25ml,0,0,0,,taxable,,Vitamins,Dalivit Drops 25ml. A vitamins and supplements product. Supplied as 25ml.,GSL
simple,5745000836093,Ra Hygge Concentrated Lion’s Mane Liquid Extract BIO (Focus),0,0,0,,taxable,,General Health,Ra Hygge Concentrated Lion’s Mane Liquid Extract BIO (Focus). A health and wellbeing product.,No regulation
simple,8718951431874,Sanex Roll On 50ml Anti Irritation,0,0,0,,taxable,,General Health,Sanex Roll On 50ml Anti Irritation. A health and wellbeing product. Supplied as 50ml.,No regulation
simple,60024626,Garnier Roll On 50ml For Women Invisible Fresh Scent (8x6),0,0,0,,taxable,,Women's Health,Garnier Roll On 50ml For Women Invisible Fresh Scent (8x6). A women's health product. Supplied as 50ml.,No regulation
simple,7613036938259,SMA Little Steps Follow-On Milk 800g,0,0,0,,taxable,,Baby & Child,SMA Little Steps Follow-On Milk 800g. A baby and child product. Supplied as 800g.,No regulation
simple,5015259005138,SEA-BAND WRIST BAND FOR CHILDREN (2 BANDS),0,0,0,,taxable,,Supports & Braces,SEA-BAND WRIST BAND FOR CHILDREN (2 BANDS). A support and mobility product.,No regulation
simple,8720181295546,DOVE MEN+CARE 150ML DEO SPRAY CLASSIC,0,0,0,,taxable,,Beauty,DOVE MEN+CARE 150ML DEO SPRAY CLASSIC. A health and beauty product. Supplied as 150ML.,No regulation
simple,3433422408159,La Roche Posay Effaclar Clarifying Lotion 200ml,0,0,0,,taxable,,Skincare,La Roche Posay Effaclar Clarifying Lotion 200ml. A skincare product. Supplied as 200ml.,No regulation
simple,,Bio-Magnesium 60 Tablets,0,0,0,,taxable,,Vitamins,Bio-Magnesium 60 Tablets. A vitamins and supplements product. Supplied as 60 Tablets.,No regulation
simple,5038581130118,Yankee Candle Home Inspiration Duvet Day 538g,0,0,0,,taxable,,Beauty,Yankee Candle Home Inspiration Duvet Day 538g. A health and beauty product. Supplied as 538g.,No regulation
simple,5038483844762,SCHOLL SOFTGRIP C1 THIGH NAT (LGE),0,0,0,,taxable,,Supports & Braces,SCHOLL SOFTGRIP C1 THIGH NAT (LGE). A support and mobility product.,No regulation
simple,8001841489704,Oral-B Sensitivity & Gum Calm Original Toothpaste 75ml,0,0,0,,taxable,,Oral Care,Oral-B Sensitivity & Gum Calm Original Toothpaste 75ml. An oral care product. Supplied as 75ml.,No regulation
simple,5038581112848,Yankee Candle Cliffside Large Jar 623g,0,0,0,,taxable,,Beauty,Yankee Candle Cliffside Large Jar 623g. A health and beauty product. Supplied as 623g.,No regulation
simple,8809416470047,Cosrx - AHA 7 Whitehead Power Liquid - Exfoliating Liquid with Natural AHA Acid - 100ml,0,0,0,,taxable,,Skincare,Cosrx - AHA 7 Whitehead Power Liquid - Exfoliating Liquid with Natural AHA Acid - 100ml. A skincare product. Supplied as 100ml.,No regulation
simple,7350121256019,TePe Interdental Brush 0.6mm Blue 6s (New Pack),0,0,0,,taxable,,Oral Care,TePe Interdental Brush 0.6mm Blue 6s (New Pack). An oral care product.,No regulation
simple,4051895015606,FRESUBIN THICKENED LEVEL 2 STRAWBERRY (4X200ML),0,0,0,,taxable,,Vitamins,FRESUBIN THICKENED LEVEL 2 STRAWBERRY (4X200ML). A vitamins and supplements product. Supplied as 4X200ML.,No regulation
simple,4024787430191,Liquivisc 0.25% Eye Gel 10ml,0,0,0,,taxable,,Skincare,Liquivisc 0.25% Eye Gel 10ml. A skincare product. Supplied as 10ml.,No regulation
simple,5060087367477,Derma V10 Self Tanning Mitt,0,0,0,,taxable,,Beauty,Derma V10 Self Tanning Mitt. A health and beauty product.,No regulation
simple,3433422404397,La Roche Posay Thermal Spring Water 150ml,0,0,0,,taxable,,Skincare,La Roche Posay Thermal Spring Water 150ml. A skincare product. Supplied as 150ml.,No regulation
simple,3661103003441,Frontline Spot On for Small Dogs 2-10kg 3 Pipettes,0,0,0,,taxable,,Pet Care,Frontline Spot On for Small Dogs 2-10kg 3 Pipettes. A pet care product. Supplied as 10kg.,No regulation
simple,5060342242396,GLUCORX VIVID BLOOD GLUCOSE TEST STRIPS (50),0,0,0,,taxable,,Testing & Monitoring,"GLUCORX VIVID BLOOD GLUCOSE TEST STRIPS (50). Always read the label and any leaflet supplied. If symptoms persist, speak to your pharmacist or doctor.",No regulation
simple,5025970100135,NIVEA SUN SPRAY SPF30,0,0,0,,taxable,,Skincare,NIVEA SUN SPRAY SPF30. A skincare product.,No regulation
simple,5025452000731,Salt of the Earth Deo Spray - Amber & Sandalwood 100ml,0,0,0,,taxable,,Beauty,Salt of the Earth Deo Spray - Amber & Sandalwood 100ml. A health and beauty product. Supplied as 100ml.,No regulation
simple,5012583207214,Got2B Gel 50ml Glitter Glam Glorious Gold,0,0,0,,taxable,,Skincare,Got2B Gel 50ml Glitter Glam Glorious Gold. A skincare product. Supplied as 50ml.,No regulation
simple,5055148405861,St. John's Wort Extract 360mg 60 Tablets,0,0,0,,taxable,,Vitamins,St. John's Wort Extract 360mg 60 Tablets. A vitamins and supplements product. Supplied as 60 Tablets.,No regulation
simple,0782126200150,Natracare Organic Intimate Wipes 12pc,0,0,0,,taxable,,Sexual Wellness,"Natracare Organic Intimate Wipes 12pc. Always read the label and any leaflet supplied. If symptoms persist, speak to your pharmacist or doctor.",No regulation
simple,5051594001954,Aptamil Growing Up Milk 4 From 2-3years 800g,0,0,0,,taxable,,Baby & Child,Aptamil Growing Up Milk 4 From 2-3years 800g. A baby and child product. Supplied as 800g.,No regulation
simple,7613035779013,SMA High Energy DSHL003 200ml XB,0,0,0,,taxable,,Baby & Child,SMA High Energy DSHL003 200ml XB. A baby and child product. Supplied as 200ml.,No regulation
simple,5060222940329,FULTIUM D3 80MCG/3200IU (90),0,0,0,,taxable,,General Health,FULTIUM D3 80MCG/3200IU (90). A health and wellbeing product. Supplied as 3200IU.,No regulation
simple,0733739014405,NOW Foods Iron Complex 100,0,0,0,,taxable,,Vitamins,NOW Foods Iron Complex 100. A vitamins and supplements product.,No regulation
simple,5028763014978,WISDOM STEP BY STEP BAMBOO T/BRUSH (1),0,0,0,,taxable,,Oral Care,WISDOM STEP BY STEP BAMBOO T/BRUSH (1). An oral care product.,No regulation
simple,5028763009349,Wisdom Step By Step Childrens Toothbrush 0-2 Years Cdu 6,0,0,0,,taxable,,Oral Care,Wisdom Step By Step Childrens Toothbrush 0-2 Years Cdu 6. An oral care product.,No regulation
simple,5038483844632,SCHOLL SOFTGRIP C1 KNEE NAT (MED),0,0,0,,taxable,,Supports & Braces,SCHOLL SOFTGRIP C1 KNEE NAT (MED). A support and mobility product.,No regulation
simple,0017854103153,Baylis & Harding Signature Men's Black Pepper & Ginseng 3 Piece Set,0,0,0,,taxable,,Beauty,Baylis & Harding Signature Men's Black Pepper & Ginseng 3 Piece Set. A health and beauty product.,No regulation
simple,5054563916556,Calvive 1000 30 Effervescent Tablets,0,0,0,,taxable,,Prescription Medicines,"Calvive 1000 30 Effervescent Tablets. Prescription-only medicine, supplied after an online consultation with our pharmacist. Always read the label and any leaflet supplied. If symptoms persist, speak to your pharmacist or doctor. Supplied as 30 Effervescent.",P
simple,5010441003404,gauze swabs 7.5cm ster 5 numark,0,0,0,,taxable,,First Aid,"gauze swabs 7.5cm ster 5 numark. Always read the label and any leaflet supplied. If symptoms persist, speak to your pharmacist or doctor.",No regulation
simple,4005900661364,NIVEA Q10 POWER 60+ ANTI-WRINKLE + REPLENISHING DAY CREAM SPF15,0,0,0,,taxable,,Skincare,NIVEA Q10 POWER 60+ ANTI-WRINKLE + REPLENISHING DAY CREAM SPF15. A skincare product.,No regulation
simple,8716900559396,Fortini 1.0 Multi Fibre Strawberry 200ml,0,0,0,,taxable,zero-rate,General Health,Fortini 1.0 Multi Fibre Strawberry 200ml. A health and wellbeing product. Supplied as 200ml.,No regulation
simple,8809598454644,COSRX - The Retinol 0.5 Oil - Oil Serum with Retinol - 20ml,0,0,0,,taxable,,Skincare,COSRX - The Retinol 0.5 Oil - Oil Serum with Retinol - 20ml. A skincare product. Supplied as 20ml.,No regulation
simple,0850030689108,Revive Glucose - 180 vcaps,0,0,0,,taxable,,General Health,Revive Glucose - 180 vcaps. A health and wellbeing product.,No regulation
simple,5060216564739,Haliborange Calcium & Iron Tablets Orange 30's 3-12 Years,0,0,0,,taxable,,Vitamins,Haliborange Calcium & Iron Tablets Orange 30's 3-12 Years. A vitamins and supplements product.,No regulation
simple,8006540451991,ALWAYS MAXI PROFRESH NIGHT 10'S,0,0,0,,taxable,zero-rate,Women's Health,ALWAYS MAXI PROFRESH NIGHT 10'S. A women's health product.,No regulation
simple,5014749180751,Cs Medic Oral Waxed Floss Picks 75 Pack,0,0,0,,taxable,,Oral Care,Cs Medic Oral Waxed Floss Picks 75 Pack. An oral care product. Supplied as 75 Pack.,No regulation
simple,5050375041219,Masterplast Hypoallergenic 100pk,0,0,0,,taxable,,General Health,Masterplast Hypoallergenic 100pk. A health and wellbeing product.,No regulation
simple,5054563118936,CORSODYL GUM+SENSITIVITY & BREATH TPASTE (75ML),0,0,0,,taxable,,Oral Care,CORSODYL GUM+SENSITIVITY & BREATH TPASTE (75ML). An oral care product. Supplied as 75ML.,No regulation
simple,4005900783103,Nivea Naturally Good Shower Gel 300ml Rose Water & Organic Oil,0,0,0,,taxable,,Beauty,Nivea Naturally Good Shower Gel 300ml Rose Water & Organic Oil. A health and beauty product. Supplied as 300ml.,No regulation
simple,5060464500213,Numark Ibuprofen 400mg 84 Tablets,0,0,0,,taxable,,Pain Relief,"Numark Ibuprofen 400mg 84 Tablets. Prescription-only medicine, supplied after an online consultation with our pharmacist. Always read the label and any leaflet supplied. If symptoms persist, speak to your pharmacist or doctor. Supplied as 84 Tablets.",P
simple,5025970023397,Nivea Men Sensitive Moisturiser 75ml,0,0,0,,taxable,,Skincare,Nivea Men Sensitive Moisturiser 75ml. A skincare product. Supplied as 75ml.,No regulation
simple,0878941000140,Trace Mineral Liquid Ionic Boron Drops,0,0,0,,taxable,,Vitamins,Trace Mineral Liquid Ionic Boron Drops. A vitamins and supplements product.,No regulation
simple,8006540463437,Fixodent Original Denture Adhesive 65g,0,0,0,,taxable,,Oral Care,Fixodent Original Denture Adhesive 65g. An oral care product. Supplied as 65g.,No regulation
simple,5028763009295,WISDOM INTERDENT CLEAN BETWEEN BRUSH M/G (20S),0,0,0,,taxable,,Oral Care,WISDOM INTERDENT CLEAN BETWEEN BRUSH M/G (20S). An oral care product.,No regulation
simple,0782126003072,Natracare Panty Liners - Tanga 30pc,0,0,0,,taxable,zero-rate,Women's Health,Natracare Panty Liners - Tanga 30pc. A women's health product.,No regulation
simple,5025970011240,Nivea Pampering Rose Gift Set 1,0,0,0,,taxable,,Beauty,Nivea Pampering Rose Gift Set 1. A health and beauty product.,No regulation
simple,8006540588499,Always Ultra Secure Night Wings 8ct,0,0,0,,taxable,zero-rate,Women's Health,Always Ultra Secure Night Wings 8ct. A women's health product.,No regulation
simple,8720182783097,Lynx Duo Gift Set Jungle Fresh (C),0,0,0,,taxable,,Beauty,Lynx Duo Gift Set Jungle Fresh (C). A health and beauty product.,No regulation
simple,5050375040731,Masterplast 1st Aid Kit 24pc,0,0,0,,taxable,,General Health,Masterplast 1st Aid Kit 24pc. A health and wellbeing product.,No regulation
simple,0782126008008,Natracare Organic Regular Applicator Tampons 16pc,0,0,0,,taxable,zero-rate,Women's Health,Natracare Organic Regular Applicator Tampons 16pc. A women's health product.,No regulation
simple,5060259571374,Gold Collagen Multidose,0,0,0,,taxable,,Vitamins,Gold Collagen Multidose. A vitamins and supplements product.,No regulation
simple,0873024001403,Ener-B Complex+ Orange Sugar Free,0,0,0,,taxable,,General Health,Ener-B Complex+ Orange Sugar Free. A health and wellbeing product.,No regulation
simple,3600524162740,L'Oreal Elvive Full Restore 5 Conditioner 300ml,0,0,0,,taxable,,Hair Care,L'Oreal Elvive Full Restore 5 Conditioner 300ml. A hair care product. Supplied as 300ml.,No regulation
simple,8700216305570,Vicks Inhaler Clipstrip,0,0,0,,taxable,,Cold & Flu,"Vicks Inhaler Clipstrip. Always read the label and any leaflet supplied. If symptoms persist, speak to your pharmacist or doctor.",GSL
simple,5060070320052,Nebuliser Adult Face Mask Set Ao2,0,0,0,,taxable,,Skincare,Nebuliser Adult Face Mask Set Ao2. A skincare product.,No regulation
simple,8001841543710,Always Discreet Boutique Pantsblack Lrg 8s,0,0,0,,taxable,zero-rate,Continence,Always Discreet Boutique Pantsblack Lrg 8s. A continence care product.,No regulation
simple,7640110709023,PURE VIA STEVIA (250G),0,0,0,,taxable,,General Health,PURE VIA STEVIA (250G). A health and wellbeing product. Supplied as 250G.,No regulation
simple,3574661287201,Neutrogena Moisturiser 50ml Hydro Boost Water Gel,0,0,0,,taxable,,Skincare,Neutrogena Moisturiser 50ml Hydro Boost Water Gel. A skincare product. Supplied as 50ml.,No regulation
simple,4086000007085,FRESUBIN ENERGY FIBRE [EASYBAG] (1L),0,0,0,,taxable,,Vitamins,FRESUBIN ENERGY FIBRE [EASYBAG] (1L). A vitamins and supplements product. Supplied as 1L.,No regulation
simple,8886467064357,Lux Soap 3x80g Soft Touch,0,0,0,,taxable,,Beauty,Lux Soap 3x80g Soft Touch. A health and beauty product. Supplied as 3x80g.,No regulation
simple,8006540088869,Herbal Essences Bio Renew Coconut Milk Hair Mask 450ml,0,0,0,,taxable,,Hair Care,Herbal Essences Bio Renew Coconut Milk Hair Mask 450ml. A hair care product. Supplied as 450ml.,No regulation
simple,4086000007009,FRESUBIN ORIGINAL [EASYBAG] (1L),0,0,0,,taxable,,Vitamins,FRESUBIN ORIGINAL [EASYBAG] (1L). A vitamins and supplements product. Supplied as 1L.,No regulation
simple,3701056803696,Puressentiel Kids Acti Pure Syrup 125ml,0,0,0,,taxable,,General Health,Puressentiel Kids Acti Pure Syrup 125ml. A health and wellbeing product. Supplied as 125ml.,No regulation
simple,5022339634010,mega 8 biotix,0,0,0,,taxable,,General Health,mega 8 biotix. A health and wellbeing product.,No regulation
simple,5025135121135,Malibu Clear Protection Spray SPF30 200ml,0,0,0,,taxable,,Skincare,Malibu Clear Protection Spray SPF30 200ml. A skincare product. Supplied as 200ml.,No regulation
simple,5000158100527,strepsils honey & lemon 36,0,0,0,,taxable,,Cold & Flu,"strepsils honey & lemon 36. Always read the label and any leaflet supplied. If symptoms persist, speak to your pharmacist or doctor.",GSL
simple,3574661577531,CALPOL SOOTHE&CARE NIGHT LIGHT REFILLS (10),0,0,0,,taxable,,Baby & Child,CALPOL SOOTHE&CARE NIGHT LIGHT REFILLS (10). A baby and child product.,No regulation
simple,8700216452670,Old Spice Shower Gel Night Panther 1000ml,0,0,0,,taxable,,Beauty,Old Spice Shower Gel Night Panther 1000ml. A health and beauty product. Supplied as 1000ml.,No regulation
simple,0083000006401,Nature's Answer Liquorice Root,0,0,0,,taxable,,General Health,Nature's Answer Liquorice Root. A health and wellbeing product.,No regulation
simple,5038581065922,Yankee Candle Home Inspiration White Linen and Lace 104g,0,0,0,,taxable,,Beauty,Yankee Candle Home Inspiration White Linen and Lace 104g. A health and beauty product. Supplied as 104g.,No regulation
simple,9340800011327,Grown Alchemist Serum Instant Smoothing 25ml,0,0,0,,taxable,,Skincare,Grown Alchemist Serum Instant Smoothing 25ml. A skincare product. Supplied as 25ml.,No regulation
simple,30070349,La Roche Posay Nutritic Moisturising Lip Cream 4.7ml,0,0,0,,taxable,,Skincare,La Roche Posay Nutritic Moisturising Lip Cream 4.7ml. A skincare product. Supplied as 4.7ml.,No regulation
simple,8001090130761,ORAL B COMPLETE 75ML T/P,0,0,0,,taxable,,Oral Care,ORAL B COMPLETE 75ML T/P. An oral care product. Supplied as 75ML.,No regulation
simple,5028763013766,WISDOM RENEW BAMBOO TOOTHBRUSH (1),0,0,0,,taxable,,Oral Care,WISDOM RENEW BAMBOO TOOTHBRUSH (1). An oral care product.,No regulation
simple,0810020174038,Bondi Sands Application Mitt,0,0,0,,taxable,,General Health,Bondi Sands Application Mitt. A health and wellbeing product.,No regulation
simple,8720181222610,DOVE CARE NATURE 225ML B/WASH RE COCO&AL,0,0,0,,taxable,,Beauty,DOVE CARE NATURE 225ML B/WASH RE COCO&AL. A health and beauty product. Supplied as 225ML.,No regulation
simple,0814784027227,Sunwarrior Classic Organic Unflavored,0,0,0,,taxable,,Vitamins,Sunwarrior Classic Organic Unflavored. A vitamins and supplements product.,No regulation
simple,5060259570018,Gold Collagen Pure Collagen 50ml,0,0,0,,taxable,,Vitamins,Gold Collagen Pure Collagen 50ml. A vitamins and supplements product. Supplied as 50ml.,No regulation
simple,5055757900412,Fushi Argan & Amalaki Shampoo 230ml,0,0,0,,taxable,,Hair Care,Fushi Argan & Amalaki Shampoo 230ml. A hair care product. Supplied as 230ml.,No regulation
simple,5702150144461,Cipralex Oral Drops 20mg/ml 15ml,0,0,0,,taxable,,Vitamins,Cipralex Oral Drops 20mg/ml 15ml. A vitamins and supplements product. Supplied as 15ml.,GSL
simple,5010441012475,Numark Ibuprofen 200mg 16 Coated Tablets,0,0,0,,taxable,,Pain Relief,"Numark Ibuprofen 200mg 16 Coated Tablets. Always read the label and any leaflet supplied. If symptoms persist, speak to your pharmacist or doctor. Supplied as 200mg.",GSL
simple,5037353005678,Skins Bubblegum Water Based Lubricant 4.4 fl oz (130ml),0,0,0,,taxable,,Sexual Wellness,"Skins Bubblegum Water Based Lubricant 4.4 fl oz (130ml). Always read the label and any leaflet supplied. If symptoms persist, speak to your pharmacist or doctor. Supplied as 130ml.",No regulation
simple,8008970048703,Wash & Go Shampoo 2 In 1 400ml Classic,0,0,0,,taxable,,Hair Care,Wash & Go Shampoo 2 In 1 400ml Classic. A hair care product. Supplied as 400ml.,No regulation
simple,5060410574220,Beauty Kitchen AO Night Halo Potent Sleep Mask 60ml,0,0,0,,taxable,,Skincare,Beauty Kitchen AO Night Halo Potent Sleep Mask 60ml. A skincare product. Supplied as 60ml.,No regulation
simple,5000477727191,Pro-plus Ultra 10 Capsules,0,0,0,,taxable,,Vitamins,Pro-plus Ultra 10 Capsules. A vitamins and supplements product. Supplied as 10 Capsules.,GSL
simple,5060112864797,Fushi Organic Shatavari 60caps,0,0,0,,taxable,,General Health,Fushi Organic Shatavari 60caps. A health and wellbeing product. Supplied as 60caps.,No regulation
simple,5035883000132,Snoreeze Dual Action 16 Lozenges,0,0,0,,taxable,,Cold & Flu,"Snoreeze Dual Action 16 Lozenges. Always read the label and any leaflet supplied. If symptoms persist, speak to your pharmacist or doctor. Supplied as 16 Lozenges.",GSL
simple,5054563060426,piriteze allergy tablets 14,0,0,0,,taxable,,Vitamins,piriteze allergy tablets 14. A vitamins and supplements product.,GSL
simple,0000000022163,I-M Wrist Brace WH-301 Small,0,0,0,,taxable,,Supports & Braces,I-M Wrist Brace WH-301 Small. A support and mobility product.,No regulation
simple,8006540827291,Pampers baby dry size 5 23 Pack,0,0,0,,taxable,zero-rate,Baby & Child,Pampers baby dry size 5 23 Pack. A baby and child product. Supplied as 23 Pack.,No regulation
simple,50096725,Sure Roll On 50ml Sensitive For Men,0,0,0,,taxable,,Men's Health,Sure Roll On 50ml Sensitive For Men. A men's health product. Supplied as 50ml.,No regulation
simple,9329401000565,C Lab & Co 300ml Body Wash,0,0,0,,taxable,,Beauty,C Lab & Co 300ml Body Wash. A health and beauty product. Supplied as 300ml.,No regulation
simple,5037353004749,Skins Strawberry Water Based 4.4 fl oz (130ml),0,0,0,,taxable,,Skincare,Skins Strawberry Water Based 4.4 fl oz (130ml). A skincare product. Supplied as 130ml.,No regulation
simple,5028763014381,WISDOM ORTHO CDU (1),0,0,0,,taxable,,Oral Care,WISDOM ORTHO CDU (1). An oral care product.,No regulation
simple,5000128785938,Driclor Antiperspirant Roll-On 20ml,0,0,0,,taxable,,Beauty,"Driclor Antiperspirant Roll-On 20ml. Prescription-only medicine, supplied after an online consultation with our pharmacist. Always read the label and any leaflet supplied. If symptoms persist, speak to your pharmacist or doctor. Supplied as 20ml.",P
simple,4001638080262,IrisBalancingNightCream,0,0,0,,taxable,,Skincare,IrisBalancingNightCream. A skincare product.,No regulation
simple,5055757904397,Fushi Organic Moringa Oil 50ml,0,0,0,,taxable,,Skincare,Fushi Organic Moringa Oil 50ml. A skincare product. Supplied as 50ml.,No regulation
simple,5038483844946,SCHOLL SOFTGRIP C2 R/SOCKS BLK (LGE),0,0,0,,taxable,,Supports & Braces,SCHOLL SOFTGRIP C2 R/SOCKS BLK (LGE). A support and mobility product.,No regulation
simple,5060464502538,Diphenhydramine 50mg 20 Pack,0,0,0,,taxable,,Prescription Medicines,"Diphenhydramine 50mg 20 Pack. Prescription-only medicine, supplied after an online consultation with our pharmacist. Always read the label and any leaflet supplied. If symptoms persist, speak to your pharmacist or doctor. Supplied as 20 Pack.",P
simple,0873024001427,Ener-B Complex+ Raspb/Lemon Sugar Free,0,0,0,,taxable,,General Health,Ener-B Complex+ Raspb/Lemon Sugar Free. A health and wellbeing product.,No regulation
simple,3574661731247,Zarbees Child Cough Syrup 100ml,0,0,0,,taxable,,Cold & Flu,"Zarbees Child Cough Syrup 100ml. Always read the label and any leaflet supplied. If symptoms persist, speak to your pharmacist or doctor. Supplied as 100ml.",GSL
simple,3401546259902,Puressentiel Muscles & Joints Roller 75ml,0,0,0,,taxable,,Pain Relief,"Puressentiel Muscles & Joints Roller 75ml. Always read the label and any leaflet supplied. If symptoms persist, speak to your pharmacist or doctor. Supplied as 75ml.",No regulation
simple,7630486401461,PURE VIA XYLITOL (225G),0,0,0,,taxable,,General Health,PURE VIA XYLITOL (225G). A health and wellbeing product. Supplied as 225G.,No regulation
simple,9329401000268,Pure Paw Paw 15g Ointment Passion Fruit Blue,0,0,0,,taxable,,Skincare,Pure Paw Paw 15g Ointment Passion Fruit Blue. A skincare product. Supplied as 15g.,No regulation
simple,5055148406318,Valerian Root Extract 300g 60 Tablets,0,0,0,,taxable,,Vitamins,Valerian Root Extract 300g 60 Tablets. A vitamins and supplements product. Supplied as 60 Tablets.,No regulation
simple,5038581063645,Yankee Candle 104g Small Jar Seaside,0,0,0,,taxable,,Beauty,Yankee Candle 104g Small Jar Seaside. A health and beauty product. Supplied as 104g.,No regulation
simple,5000174163049,Olay Total Effects 50ml 7X Day Cream Sensitive,0,0,0,,taxable,,Skincare,Olay Total Effects 50ml 7X Day Cream Sensitive. A skincare product. Supplied as 50ml.,No regulation
simple,5060284540987,Dalivit D3 Vit Drops 28ml,0,0,0,,taxable,,Vitamins,Dalivit D3 Vit Drops 28ml. A vitamins and supplements product. Supplied as 28ml.,GSL
simple,5060391848013,Dr. Organic Being Ageless Gift Set 3 Pack,0,0,0,,taxable,,Beauty,Dr. Organic Being Ageless Gift Set 3 Pack. A health and beauty product. Supplied as 3 Pack.,No regulation
simple,3600523882366,L'Oreal Elvive Full Resist Conditoner 300ml,0,0,0,,taxable,,Hair Care,L'Oreal Elvive Full Resist Conditoner 300ml. A hair care product. Supplied as 300ml.,No regulation
simple,8809447254609,Dr. Althea - 15% Niacinamide Purity Serum - Serum with Niacinamide - 30ml,0,0,0,,taxable,,Skincare,Dr. Althea - 15% Niacinamide Purity Serum - Serum with Niacinamide - 30ml. A skincare product. Supplied as 30ml.,No regulation
simple,5012583205906,Right Guard APD 250ml For Women Soft,0,0,0,,taxable,,Women's Health,Right Guard APD 250ml For Women Soft. A women's health product. Supplied as 250ml.,No regulation
simple,0017854123021,"Baylis & Harding Goodness Oud, Cedar & Amber Essentials Gift Set",0,0,0,,taxable,,Beauty,"Baylis & Harding Goodness Oud, Cedar & Amber Essentials Gift Set. A health and beauty product.",No regulation
simple,0708002410727,Faith In Nature Tea Tree Conditioner 400ml,0,0,0,,taxable,,Hair Care,Faith In Nature Tea Tree Conditioner 400ml. A hair care product. Supplied as 400ml.,No regulation
simple,60024640,Garnier Roll On 50ml For Women Cotton Fresh (8x6),0,0,0,,taxable,,Women's Health,Garnier Roll On 50ml For Women Cotton Fresh (8x6). A women's health product. Supplied as 50ml.,No regulation
simple,4005900495211,Nivea APD Spray 250ml Men Deep Dry & Clean Feel,0,0,0,,taxable,,Beauty,Nivea APD Spray 250ml Men Deep Dry & Clean Feel. A health and beauty product. Supplied as 250ml.,No regulation
simple,5032331016264,Selfcheck Test Kit Urine Infection,0,0,0,,taxable,,Testing & Monitoring,"Selfcheck Test Kit Urine Infection. Always read the label and any leaflet supplied. If symptoms persist, speak to your pharmacist or doctor.",No regulation
simple,7702018263844,GILLETTE PROGLIDE MANUAL BLADES (4S),0,0,0,,taxable,,General Health,GILLETTE PROGLIDE MANUAL BLADES (4S). A health and wellbeing product.,No regulation
simple,5015802278286,LARGE CANDLE JAR VANILLA & CASHMERE,0,0,0,,taxable,,Beauty,LARGE CANDLE JAR VANILLA & CASHMERE. A health and beauty product.,No regulation
simple,3401545057837,Puressentiel Rest & Relax Air Spray 75ml,0,0,0,,taxable,,Beauty,Puressentiel Rest & Relax Air Spray 75ml. A health and beauty product. Supplied as 75ml.,No regulation
simple,5060251740068,EPIMAX ISOMOL GEL (500G),0,0,0,,taxable,,Skincare,EPIMAX ISOMOL GEL (500G). A skincare product. Supplied as 500G.,No regulation
simple,5015802286878,MEDIUM CANDLE JAR STRAWBERRY SURPRISE,0,0,0,,taxable,,Beauty,MEDIUM CANDLE JAR STRAWBERRY SURPRISE. A health and beauty product.,No regulation
simple,5055757900207,Fushi Nootropic Blend 60caps,0,0,0,,taxable,,General Health,Fushi Nootropic Blend 60caps. A health and wellbeing product. Supplied as 60caps.,No regulation
simple,0782126003287,Natracare Ultra Extra Pads Super w/wings 10pc,0,0,0,,taxable,zero-rate,General Health,Natracare Ultra Extra Pads Super w/wings 10pc. A health and wellbeing product.,No regulation
simple,5070000991221,R.Y.M. Multivitamin Brain Formula,0,0,0,,taxable,,Vitamins,R.Y.M. Multivitamin Brain Formula. A vitamins and supplements product.,No regulation
simple,7702018464692,Gillette Shave Gel 200ml Fusion5 Sensitive,0,0,0,,taxable,,Men's Grooming,Gillette Shave Gel 200ml Fusion5 Sensitive. A men's grooming product. Supplied as 200ml.,No regulation
simple,5053249227641,Masterplast Oriental Balm XL,0,0,0,,taxable,,Skincare,Masterplast Oriental Balm XL. A skincare product.,No regulation
simple,8720182781741,Dove Bodywash Collection Set Relax (C),0,0,0,,taxable,,Beauty,Dove Bodywash Collection Set Relax (C). A health and beauty product.,No regulation
simple,5015802289848,"CANDLE MANDARIN, TUBEROSE & WILD MUSK",0,0,0,,taxable,,Beauty,"CANDLE MANDARIN, TUBEROSE & WILD MUSK. A health and beauty product.",No regulation
simple,5055757971498,Fushi Organic Neem Oil 50ml,0,0,0,,taxable,,Skincare,Fushi Organic Neem Oil 50ml. A skincare product. Supplied as 50ml.,No regulation
simple,8809598456242,COSRX - Ultra - Light Invisible Sunscreen SPF50+/PA++++ - Light Moisturizing Sunscreen - 50ml,0,0,0,,taxable,,Skincare,COSRX - Ultra - Light Invisible Sunscreen SPF50+/PA++++ - Light Moisturizing Sunscreen - 50ml. A skincare product. Supplied as 50ml.,No regulation
simple,0878941002113,Liquid Concentrace Trace Mineral Drops Glass Dropper,0,0,0,,taxable,,Vitamins,Liquid Concentrace Trace Mineral Drops Glass Dropper. A vitamins and supplements product.,No regulation
simple,5056555200100,Applied Nutrition Probiotic Advanced Multi-Strain Formula 60 Capsules,0,0,0,,taxable,,Digestive,"Applied Nutrition Probiotic Advanced Multi-Strain Formula 60 Capsules. Always read the label and any leaflet supplied. If symptoms persist, speak to your pharmacist or doctor. Supplied as 60 Capsules.",No regulation
simple,5012509062163,MYCOTA POWDER (70G),0,0,0,,taxable,,Vitamins,MYCOTA POWDER (70G). A vitamins and supplements product. Supplied as 70G.,No regulation
simple,5022545143757,Bathtime Buddie 300ml Bubble Bath with Blower,0,0,0,,taxable,,Beauty,Bathtime Buddie 300ml Bubble Bath with Blower. A health and beauty product. Supplied as 300ml.,No regulation
simple,7322541056708,TENA SILHOUETTE NORMAL NOIR LARGE (9S),0,0,0,,taxable,,Continence,TENA SILHOUETTE NORMAL NOIR LARGE (9S). A continence care product.,No regulation
simple,4086000011631,FRESUBIN ENERGY DRINK BLACKCURRANT 4PACK (4X200ML),0,0,0,,taxable,,Vitamins,FRESUBIN ENERGY DRINK BLACKCURRANT 4PACK (4X200ML). A vitamins and supplements product. Supplied as 4X200ML.,No regulation
simple,5012583002734,LIVE Intense colour 090 Cosmic blue permanent hair dye,0,0,0,,taxable,,Hair Care,LIVE Intense colour 090 Cosmic blue permanent hair dye. A hair care product.,No regulation
simple,5017007603672,Motusol Gel 2.32% 30g,0,0,0,,taxable,,Skincare,Motusol Gel 2.32% 30g. A skincare product. Supplied as 30g.,GSL
simple,5010724528105,Batiste Dry Shampoo 200ml Oriental,0,0,0,,taxable,,Hair Care,Batiste Dry Shampoo 200ml Oriental. A hair care product. Supplied as 200ml.,No regulation
simple,5060342241641,GlucoRx Nexus Mini Ultra Blood Glucose Meter,0,0,0,,taxable,,Testing & Monitoring,"GlucoRx Nexus Mini Ultra Blood Glucose Meter. Always read the label and any leaflet supplied. If symptoms persist, speak to your pharmacist or doctor.",No regulation
simple,8714789652498,COLGATE T/BRUSH TRIPLE ACTION (),0,0,0,,taxable,,Oral Care,COLGATE T/BRUSH TRIPLE ACTION (). An oral care product.,No regulation
simple,5000158102545,Nurofen Express 256mg 16 Tablets,0,0,0,,taxable,,Pain Relief,"Nurofen Express 256mg 16 Tablets. Always read the label and any leaflet supplied. If symptoms persist, speak to your pharmacist or doctor. Supplied as 16 Tablets.",GSL
simple,5060216565781,Haliborange Vitamin D Strawberry Effervescent 20's,0,0,0,,taxable,,Vitamins,Haliborange Vitamin D Strawberry Effervescent 20's. A vitamins and supplements product.,No regulation
simple,5025135119965,Malibu Aftersun Lotion and Tan Extender 100ml,0,0,0,,taxable,,Skincare,Malibu Aftersun Lotion and Tan Extender 100ml. A skincare product. Supplied as 100ml.,No regulation
simple,5028763008182,Wisdom Toothbrush Xtra Clean Firm Cdu 12,0,0,0,,taxable,,Oral Care,Wisdom Toothbrush Xtra Clean Firm Cdu 12. An oral care product.,No regulation
simple,0731124402912,Biofreeze Pain Relief Spray 118ml,0,0,0,,taxable,,Pain Relief,"Biofreeze Pain Relief Spray 118ml. Always read the label and any leaflet supplied. If symptoms persist, speak to your pharmacist or doctor. Supplied as 118ml.",GSL
simple,0714924022566,Jamaican Mango & Lime 118ml Black Castor Oil Xtra Dark,0,0,0,,taxable,,Skincare,Jamaican Mango & Lime 118ml Black Castor Oil Xtra Dark. A skincare product. Supplied as 118ml.,No regulation
simple,5010724532553,VIVISCAL MAXIMUM STRENGTH (60),0,0,0,,taxable,,General Health,VIVISCAL MAXIMUM STRENGTH (60). A health and wellbeing product.,No regulation
simple,5010724538579,Batiste Leave-In Dry Conditioner 100ml Tropical,0,0,0,,taxable,,Hair Care,Batiste Leave-In Dry Conditioner 100ml Tropical. A hair care product. Supplied as 100ml.,No regulation
simple,7322541130934,Tena Discreet 24's Normal,0,0,0,,taxable,,Continence,Tena Discreet 24's Normal. A continence care product.,No regulation
simple,5037353004343,Skins Mint 8 Pack,0,0,0,,taxable,reduced-rate,Skincare,Skins Mint 8 Pack. A skincare product. Supplied as 8 Pack.,No regulation
simple,5707725100316,Nourkrin Man 15 Days Supply 30 Tablets,0,0,0,,taxable,,Hair Care,Nourkrin Man 15 Days Supply 30 Tablets. A hair care product. Supplied as 30 Tablets.,No regulation
simple,0708002306280,Faith In Nature Dragon Fruit Hair Mask 300ml,0,0,0,,taxable,,Hair Care,Faith In Nature Dragon Fruit Hair Mask 300ml. A hair care product. Supplied as 300ml.,No regulation
simple,8710447474419,Simple Daily Detox Purifying Face Wash 150ml,0,0,0,,taxable,,Skincare,Simple Daily Detox Purifying Face Wash 150ml. A skincare product. Supplied as 150ml.,No regulation
simple,60024657,Garnier Roll On 50ml For Men Protection (8x6),0,0,0,,taxable,,Men's Health,Garnier Roll On 50ml For Men Protection (8x6). A men's health product. Supplied as 50ml.,No regulation
simple,4015400623496,PAMPERS SENSITIVE NEW BABY WIPES (50S),0,0,0,,taxable,,Baby & Child,PAMPERS SENSITIVE NEW BABY WIPES (50S). A baby and child product.,No regulation
simple,5060112865909,Fushi Organic Camellia Oil 100ml,0,0,0,,taxable,,Skincare,Fushi Organic Camellia Oil 100ml. A skincare product. Supplied as 100ml.,No regulation
simple,0708002401121,Faith In Nature Hemp & Meadowfoam Conditioner 400ml,0,0,0,,taxable,,Hair Care,Faith In Nature Hemp & Meadowfoam Conditioner 400ml. A hair care product. Supplied as 400ml.,No regulation
simple,5060342241658,GLUCORX Q BLOOD METER (1),0,0,0,,taxable,,Testing & Monitoring,"GLUCORX Q BLOOD METER (1). Always read the label and any leaflet supplied. If symptoms persist, speak to your pharmacist or doctor.",No regulation
simple,5038581091280,Yankee Candle Sunny Large Jar 623g,0,0,0,,taxable,,Beauty,Yankee Candle Sunny Large Jar 623g. A health and beauty product. Supplied as 623g.,No regulation
simple,5017353505828,Galpharm 6+ Paracetamol Solution 250mg/5ml 80ml,0,0,0,,taxable,,Pain Relief,"Galpharm 6+ Paracetamol Solution 250mg/5ml 80ml. Always read the label and any leaflet supplied. If symptoms persist, speak to your pharmacist or doctor. Supplied as 80ml.",GSL
simple,0782126200112,Natracare Organic Baby Wipes 50pc,0,0,0,,taxable,,Baby & Child,Natracare Organic Baby Wipes 50pc. A baby and child product.,No regulation
simple,60023841,Garnier Roll On 50ml For Women Invisible (8x6),0,0,0,,taxable,,Women's Health,Garnier Roll On 50ml For Women Invisible (8x6). A women's health product. Supplied as 50ml.,No regulation
simple,0894147000418,Sliquid Naturals Sassy Anal Lubricant-255ml,0,0,0,,taxable,,Sexual Wellness,"Sliquid Naturals Sassy Anal Lubricant-255ml. Always read the label and any leaflet supplied. If symptoms persist, speak to your pharmacist or doctor. Supplied as 255ml.",No regulation
simple,5028763007871,WISDOM INTERDENT CLEAN BETWEEN BRUSH F/B (20S),0,0,0,,taxable,,Oral Care,WISDOM INTERDENT CLEAN BETWEEN BRUSH F/B (20S). An oral care product.,No regulation
simple,0782126003119,Natracare Ultra Pads Super Plus 12pc,0,0,0,,taxable,zero-rate,General Health,Natracare Ultra Pads Super Plus 12pc. A health and wellbeing product.,No regulation
simple,5060060213722,Astonish Bath Soak 750ml Golden Glow,0,0,0,,taxable,,Beauty,Astonish Bath Soak 750ml Golden Glow. A health and beauty product. Supplied as 750ml.,No regulation
simple,5060022303645,St Tropez Self Tan Mousse Berry 200ml,0,0,0,,taxable,,Hair Care,St Tropez Self Tan Mousse Berry 200ml. A hair care product. Supplied as 200ml.,No regulation
simple,,Migraine treatment - Rizatriptan 10mg tablets,0,0,0,,taxable,zero-rate,Pain Relief,"Migraine treatment - Rizatriptan 10mg tablets. Prescription-only medicine, supplied after an online consultation with our pharmacist. Always read the label and any leaflet supplied. If symptoms persist, speak to your pharmacist or doctor. Supplied as 10mg.",P
simple,8886467039997,Vaseline Body Oil 200ml Cocoa Radiant,0,0,0,,taxable,,Skincare,Vaseline Body Oil 200ml Cocoa Radiant. A skincare product. Supplied as 200ml.,No regulation
simple,5031413929461,Face Facts Joypixels 2 X 4.25g Lip Balm Tubes Cupcake Queen Duo,0,0,0,,taxable,,Skincare,Face Facts Joypixels 2 X 4.25g Lip Balm Tubes Cupcake Queen Duo. A skincare product. Supplied as 2 X 4.25g.,No regulation
simple,3600523494026,L'Oreal Elvive Extraordinary Oil 100ml Coconut,0,0,0,,taxable,,Hair Care,L'Oreal Elvive Extraordinary Oil 100ml Coconut. A hair care product. Supplied as 100ml.,No regulation
simple,5060519147431,Pukka Calm Collection Gift Pack,0,0,0,,taxable,,Vitamins,Pukka Calm Collection Gift Pack. A vitamins and supplements product.,No regulation
simple,4042809054224,soffcrepe bandage 5cm 4.5m,0,0,0,,taxable,,First Aid,"soffcrepe bandage 5cm 4.5m. Always read the label and any leaflet supplied. If symptoms persist, speak to your pharmacist or doctor.",No regulation
simple,5028763014626,WISDOM CHANGE YOUR TOOTHBRUSH CDU 2021 (1),0,0,0,,taxable,,Oral Care,WISDOM CHANGE YOUR TOOTHBRUSH CDU 2021 (1). An oral care product.,No regulation
simple,5015802291339,30CL CANDLE MERRY & BRIGHT,0,0,0,,taxable,,Beauty,30CL CANDLE MERRY & BRIGHT. A health and beauty product.,No regulation
simple,5015802278309,LARGE CANDLE JAR SPA MOMENTS,0,0,0,,taxable,,Beauty,LARGE CANDLE JAR SPA MOMENTS. A health and beauty product.,No regulation
simple,4005808230679,Nivea APD Spray 250ml Women Double Effect Violet,0,0,0,,taxable,,Beauty,Nivea APD Spray 250ml Women Double Effect Violet. A health and beauty product. Supplied as 250ml.,No regulation
simple,8809598455801,COSRX Advanced Snail Mucin Gel Cleanser 150ml,0,0,0,,taxable,,Skincare,COSRX Advanced Snail Mucin Gel Cleanser 150ml. A skincare product. Supplied as 150ml.,No regulation
simple,4064665099478,OPI 15ML NAIL POLISH MEDI-TAKE IT ALL IN,0,0,0,,taxable,,Beauty,OPI 15ML NAIL POLISH MEDI-TAKE IT ALL IN. A health and beauty product. Supplied as 15ML.,No regulation
simple,5015802291346,30CL CANDLE GLITZ & GLAM,0,0,0,,taxable,,Beauty,30CL CANDLE GLITZ & GLAM. A health and beauty product.,No regulation
simple,5060519148476,Pukka Festive Collection 2022,0,0,0,,taxable,,Vitamins,Pukka Festive Collection 2022. A vitamins and supplements product.,No regulation
simple,5031413930429,Face Facts Joypixels 2 X 4.25g Lip Balm Tubes Coconut Creme Duo,0,0,0,,taxable,,Skincare,Face Facts Joypixels 2 X 4.25g Lip Balm Tubes Coconut Creme Duo. A skincare product. Supplied as 2 X 4.25g.,No regulation
simple,5055757900405,Fushi Scalp Soother Herbal Shampoo 230ml,0,0,0,,taxable,,Baby & Child,Fushi Scalp Soother Herbal Shampoo 230ml. A baby and child product. Supplied as 230ml.,No regulation
simple,5025970803241,NIVEA LOTION NORMAL SKIN 250ML,0,0,0,,taxable,,Skincare,NIVEA LOTION NORMAL SKIN 250ML. A skincare product. Supplied as 250ML.,No regulation
simple,5054563083623,DRICLOR (75ML),0,0,0,,taxable,,General Health,DRICLOR (75ML). A health and wellbeing product. Supplied as 75ML.,No regulation
simple,5025135120985,Malibu SPF30 Scalp Protector 100ml,0,0,0,,taxable,,Hair Care,Malibu SPF30 Scalp Protector 100ml. A hair care product. Supplied as 100ml.,No regulation
simple,5000283662594,Nasacort Allergy 30 spray,0,0,0,,taxable,,Beauty,Nasacort Allergy 30 spray. A health and beauty product.,GSL
simple,5019686004252,Snowfire Ointment Stick 18g,0,0,0,,taxable,,Skincare,Snowfire Ointment Stick 18g. A skincare product. Supplied as 18g.,GSL
simple,8720181637292,"Dove With Love Pampering 3pc Set - 2x225ml Bodywash, Body Puff",0,0,0,,taxable,,Beauty,"Dove With Love Pampering 3pc Set - 2x225ml Bodywash, Body Puff. A health and beauty product. Supplied as 2x225ml.",No regulation
simple,5017634119003,Spotlight Oral Care for Sensitive Teeth 100ml,0,0,0,,taxable,,Oral Care,Spotlight Oral Care for Sensitive Teeth 100ml. An oral care product. Supplied as 100ml.,No regulation
simple,5025903011484,IBUPROFEN GEL 10% [AAH] (30GM),0,0,0,,taxable,,Pain Relief,"IBUPROFEN GEL 10% [AAH] (30GM). Always read the label and any leaflet supplied. If symptoms persist, speak to your pharmacist or doctor.",No regulation
simple,5011842110210,Bassetts 3-11 Years Immune Support 30 Gummies,0,0,0,,taxable,,Supports & Braces,Bassetts 3-11 Years Immune Support 30 Gummies. A support and mobility product. Supplied as 30 Gummies.,No regulation
simple,5019091501209,Revitale Facial Wax Strips for Normal & Sensitive Skin 12 Pack,0,0,0,,taxable,,Skincare,Revitale Facial Wax Strips for Normal & Sensitive Skin 12 Pack. A skincare product. Supplied as 12 Pack.,No regulation
simple,0658556116852,Botanicals For Life Organic Dandelion Leaf Extract 50ml,0,0,0,,taxable,,General Health,Botanicals For Life Organic Dandelion Leaf Extract 50ml. A health and wellbeing product. Supplied as 50ml.,No regulation
simple,4086000010153,FRESUBIN 1200 COMPLETE EASYBAG (1000ML),0,0,0,,taxable,,Vitamins,FRESUBIN 1200 COMPLETE EASYBAG (1000ML). A vitamins and supplements product. Supplied as 1000ML.,No regulation
simple,3600524076719,L'Oreal Men Expert AP Roll On 50ml Barber Club,0,0,0,,taxable,,General Health,L'Oreal Men Expert AP Roll On 50ml Barber Club. A health and wellbeing product. Supplied as 50ml.,No regulation
simple,7702018980901,Gillette Classic Men's Shave Gel 200ml Regular,0,0,0,,taxable,,Men's Grooming,Gillette Classic Men's Shave Gel 200ml Regular. A men's grooming product. Supplied as 200ml.,No regulation
simple,5000347078804,NIQUITIN STEP 1-7 DAY PK GSL 21MG (7S),0,0,0,,taxable,,Stop Smoking,NIQUITIN STEP 1-7 DAY PK GSL 21MG (7S). A stop-smoking product. Supplied as 21MG.,No regulation
simple,7611916124877,BirchBodyScrub,0,0,0,,taxable,,Beauty,BirchBodyScrub. A health and beauty product.,No regulation
simple,4064665092905,OPI INFINITE SHINE 2.0 15ML NAIL POLISH THE FUTURE IS YOU,0,0,0,,taxable,,Beauty,OPI INFINITE SHINE 2.0 15ML NAIL POLISH THE FUTURE IS YOU. A health and beauty product. Supplied as 15ML.,No regulation
simple,5015802291605,MEDIUM CANDLE JAR SPICED APPLE,0,0,0,,taxable,,Beauty,MEDIUM CANDLE JAR SPICED APPLE. A health and beauty product.,No regulation
simple,0658556116715,Botanicals For Life Organic Echinacea Extract 100ml,0,0,0,,taxable,,General Health,Botanicals For Life Organic Echinacea Extract 100ml. A health and wellbeing product. Supplied as 100ml.,No regulation
simple,4006000037455,Nivea Lip Balm 5ml Original Care (Limited Edition),0,0,0,,taxable,,Skincare,Nivea Lip Balm 5ml Original Care (Limited Edition). A skincare product. Supplied as 5ml.,No regulation
simple,5025452001905,Salt of the Earth Melon Cucumber Refill Deodorant 75ml,0,0,0,,taxable,,Beauty,Salt of the Earth Melon Cucumber Refill Deodorant 75ml. A health and beauty product. Supplied as 75ml.,No regulation
simple,5011417566497,OPTREX NIGHT REPAIR GEL DROPS (10ML),0,0,0,,taxable,,Eye Care,"OPTREX NIGHT REPAIR GEL DROPS (10ML). Always read the label and any leaflet supplied. If symptoms persist, speak to your pharmacist or doctor. Supplied as 10ML.",No regulation
simple,0658556116722,Botanicals For Life Organic Fenugreek Extract 50ml,0,0,0,,taxable,,General Health,Botanicals For Life Organic Fenugreek Extract 50ml. A health and wellbeing product. Supplied as 50ml.,No regulation
simple,0814784026794,Sunwarrior Collagen Chocolate Fudge,0,0,0,,taxable,,Vitamins,Sunwarrior Collagen Chocolate Fudge. A vitamins and supplements product.,No regulation
simple,0085805255350,Elizabeth Arden Eight Hour Crm Set 3pc,0,0,0,,taxable,,General Health,Elizabeth Arden Eight Hour Crm Set 3pc. A health and wellbeing product.,No regulation
simple,0609132555435,HUX D3 20000IU CAPS (20),0,0,0,,taxable,,General Health,HUX D3 20000IU CAPS (20). A health and wellbeing product. Supplied as 20000IU.,No regulation
simple,5012583205609,LIVE Urban metallics U67 Blue mercury permanent hair dye,0,0,0,,taxable,,Hair Care,LIVE Urban metallics U67 Blue mercury permanent hair dye. A hair care product.,No regulation
simple,5017848249237,Bells Almond Oil 70ml,0,0,0,,taxable,,Skincare,Bells Almond Oil 70ml. A skincare product. Supplied as 70ml.,No regulation
simple,5060251740402,EPIMAX OATMEAL CREAM (100G),0,0,0,,taxable,,Skincare,EPIMAX OATMEAL CREAM (100G). A skincare product. Supplied as 100G.,No regulation
simple,7350121256057,TePe Interdental Brush 0.7mm Yellow 6s (New Pack),0,0,0,,taxable,,Oral Care,TePe Interdental Brush 0.7mm Yellow 6s (New Pack). An oral care product.,No regulation
simple,5010058079120,Instrapac Dressing Scissors,0,0,0,,taxable,,First Aid,"Instrapac Dressing Scissors. Always read the label and any leaflet supplied. If symptoms persist, speak to your pharmacist or doctor.",No regulation
simple,3337872414145,La Roche Posay Hand Cream Barrier 50ml,0,0,0,,taxable,,Skincare,La Roche Posay Hand Cream Barrier 50ml. A skincare product. Supplied as 50ml.,No regulation
simple,3600524139728,L'Oreal Elvive Fibrology Shampoo 250ml,0,0,0,,taxable,,Hair Care,L'Oreal Elvive Fibrology Shampoo 250ml. A hair care product. Supplied as 250ml.,No regulation
simple,5010612808562,Brut Lotion 200ml Splash On,0,0,0,,taxable,,Skincare,Brut Lotion 200ml Splash On. A skincare product. Supplied as 200ml.,No regulation
simple,5900998000325,Carex Handwash 250ml Aloe Vera,0,0,0,,taxable,,Beauty,Carex Handwash 250ml Aloe Vera. A health and beauty product. Supplied as 250ml.,No regulation
simple,5060112865084,Fushi Shilajit Extract 60caps,0,0,0,,taxable,,General Health,Fushi Shilajit Extract 60caps. A health and wellbeing product. Supplied as 60caps.,No regulation
simple,3600522626060,L'Oreal Men Expert Deo 150ml Thermic Resist,0,0,0,,taxable,,General Health,L'Oreal Men Expert Deo 150ml Thermic Resist. A health and wellbeing product. Supplied as 150ml.,No regulation
simple,5038483844526,Scholl Softgrip C2 Knee Natural Large,0,0,0,,taxable,,Supports & Braces,Scholl Softgrip C2 Knee Natural Large. A support and mobility product.,No regulation
simple,5017353506481,treathay tablets 120mg 30,0,0,0,,taxable,,Vitamins,treathay tablets 120mg 30. A vitamins and supplements product. Supplied as 120mg.,GSL
simple,0814784026817,Sunwarrior Collagen Tahitian Vanilla,0,0,0,,taxable,,Vitamins,Sunwarrior Collagen Tahitian Vanilla. A vitamins and supplements product.,No regulation
simple,0017854120365,Baylis & Harding Spiced Pumpkin & Vanilla Latte Hand Wash 500ml,0,0,0,,taxable,,Beauty,Baylis & Harding Spiced Pumpkin & Vanilla Latte Hand Wash 500ml. A health and beauty product. Supplied as 500ml.,No regulation
simple,5038483844779,SCHOLL SOFTGRIP C1 THIGH NAT (X-LGE),0,0,0,,taxable,,Supports & Braces,SCHOLL SOFTGRIP C1 THIGH NAT (X-LGE). A support and mobility product.,No regulation
simple,5000488303230,NELSONS RESCUE REMEDY GUMMIES ORANGE (60 GUMMI),0,0,0,,taxable,,Vitamins,NELSONS RESCUE REMEDY GUMMIES ORANGE (60 GUMMI). A vitamins and supplements product.,No regulation
simple,5060112866029,Fushi Really Good Muscle & Joints Oil 100ml,0,0,0,,taxable,,Pain Relief,"Fushi Really Good Muscle & Joints Oil 100ml. Always read the label and any leaflet supplied. If symptoms persist, speak to your pharmacist or doctor. Supplied as 100ml.",No regulation
simple,5030104005026,JAKEMANS CHERRY STICK PACK (41G),0,0,0,,taxable,,Cold & Flu,"JAKEMANS CHERRY STICK PACK (41G). Always read the label and any leaflet supplied. If symptoms persist, speak to your pharmacist or doctor. Supplied as 41G.",No regulation
simple,3600524142438,L'Oreal Elvive Full Restore 5 Conditioner 500ml,0,0,0,,taxable,,Hair Care,L'Oreal Elvive Full Restore 5 Conditioner 500ml. A hair care product. Supplied as 500ml.,No regulation
simple,4064665099454,OPI 15ML NAIL POLISH RUST & RELAXATION,0,0,0,,taxable,,Beauty,OPI 15ML NAIL POLISH RUST & RELAXATION. A health and beauty product. Supplied as 15ML.,No regulation
simple,4042809222708,ACTIMOVE WRIST WRAP 7341649 LGE/XL,0,0,0,,taxable,,Supports & Braces,ACTIMOVE WRIST WRAP 7341649 LGE/XL. A support and mobility product.,No regulation
simple,4086000016643,FRESUBIN JUCY ORANGE (4X200ML),0,0,0,,taxable,,Vitamins,FRESUBIN JUCY ORANGE (4X200ML). A vitamins and supplements product. Supplied as 4X200ML.,No regulation
simple,5056175911776,Pristine Gleam Denture Bath,0,0,0,,taxable,,Oral Care,Pristine Gleam Denture Bath. An oral care product.,No regulation
simple,3600542453110,Garnier Naturals Vit C Brightening Day Cream 50ml,0,0,0,,taxable,,Skincare,Garnier Naturals Vit C Brightening Day Cream 50ml. A skincare product. Supplied as 50ml.,No regulation
simple,0500012443975,Ventolin Evohaler 100mcg 200 doses,0,0,0,,taxable,,General Health,Ventolin Evohaler 100mcg 200 doses. A health and wellbeing product. Supplied as 100mcg.,GSL
simple,5012583200741,Right Guard APD 250ml Original,0,0,0,,taxable,,General Health,Right Guard APD 250ml Original. A health and wellbeing product. Supplied as 250ml.,No regulation
simple,5025970009377,Nivea Q10 Power Regime Gift Pack,0,0,0,,taxable,,General Health,Nivea Q10 Power Regime Gift Pack. A health and wellbeing product.,No regulation
simple,8435465323838,BTB Fisting Gel Lubricant 100ml,0,0,0,,taxable,,Sexual Wellness,"BTB Fisting Gel Lubricant 100ml. Always read the label and any leaflet supplied. If symptoms persist, speak to your pharmacist or doctor. Supplied as 100ml.",No regulation
simple,5025903006022,IBUPROFEN GEL 10% [AAH] (100GM),0,0,0,,taxable,,Pain Relief,"IBUPROFEN GEL 10% [AAH] (100GM). Always read the label and any leaflet supplied. If symptoms persist, speak to your pharmacist or doctor.",No regulation
simple,5055148409265,Bromelain 1250 GDU 60 Tablets,0,0,0,,taxable,,Vitamins,Bromelain 1250 GDU 60 Tablets. A vitamins and supplements product. Supplied as 60 Tablets.,No regulation
simple,5010724532522,VIVISCAL MAX STRENGTH MEN HAIR SUPPL 60S (60),0,0,0,,taxable,,Hair Care,VIVISCAL MAX STRENGTH MEN HAIR SUPPL 60S (60). A hair care product.,No regulation
simple,5000309006470,Thermacare Neck to Arm 3 Pack,0,0,0,,taxable,,General Health,Thermacare Neck to Arm 3 Pack. A health and wellbeing product. Supplied as 3 Pack.,GSL
simple,3337872411991,La Roche Posay Foaming Gel Cleanser Effaclar Purifying 200ml,0,0,0,,taxable,,Skincare,La Roche Posay Foaming Gel Cleanser Effaclar Purifying 200ml. A skincare product. Supplied as 200ml.,No regulation
simple,8001841804255,Clearblue Ultra Early Pregnancy Test 1ct,0,0,0,,taxable,,Testing & Monitoring,"Clearblue Ultra Early Pregnancy Test 1ct. Always read the label and any leaflet supplied. If symptoms persist, speak to your pharmacist or doctor.",No regulation
simple,5028763014299,WISDOM RENEW CDU (1),0,0,0,,taxable,,Oral Care,WISDOM RENEW CDU (1). An oral care product.,No regulation
simple,5410076930425,H&S Shampoo 400ml Soothing Scalp,0,0,0,,taxable,,Hair Care,H&S Shampoo 400ml Soothing Scalp. A hair care product. Supplied as 400ml.,No regulation
simple,5000167056518,Nurofen 200mg Tablets 12,0,0,0,,taxable,,Pain Relief,"Nurofen 200mg Tablets 12. Always read the label and any leaflet supplied. If symptoms persist, speak to your pharmacist or doctor. Supplied as 200mg.",GSL
simple,3574661730783,Johnsons Baby Bath 300ml PMP £1.50,0,0,0,,taxable,,Baby & Child,Johnsons Baby Bath 300ml PMP £1.50. A baby and child product. Supplied as 300ml.,No regulation
simple,5038527002158,Harmony Hairspray Firm 225ml,0,0,0,,taxable,,Hair Care,Harmony Hairspray Firm 225ml. A hair care product. Supplied as 225ml.,No regulation
simple,4042809016901,WRIST BRACE R ACTIMOVE 7281948 MED,0,0,0,,taxable,,Supports & Braces,WRIST BRACE R ACTIMOVE 7281948 MED. A support and mobility product.,No regulation
simple,5060342240156,GLUCORX KETORX STICKS 2GK (50),0,0,0,,taxable,,Testing & Monitoring,"GLUCORX KETORX STICKS 2GK (50). Always read the label and any leaflet supplied. If symptoms persist, speak to your pharmacist or doctor.",No regulation
simple,5055757900450,Fushi Bringer of Peace Herbal Body Wash 230ml,0,0,0,,taxable,,Vitamins,Fushi Bringer of Peace Herbal Body Wash 230ml. A vitamins and supplements product. Supplied as 230ml.,No regulation
simple,8809598454668,Cosrx - The Hyaluronic Acid 3 Serum - Hyaluronic Acid Serum - 20ml,0,0,0,,taxable,,Skincare,Cosrx - The Hyaluronic Acid 3 Serum - Hyaluronic Acid Serum - 20ml. A skincare product. Supplied as 20ml.,No regulation
simple,3600524162634,L'Oreal Elvive Colour Protect Conditioner 300ml,0,0,0,,taxable,,Hair Care,L'Oreal Elvive Colour Protect Conditioner 300ml. A hair care product. Supplied as 300ml.,No regulation
simple,5015802278217,MEDIUM CANDLE JAR GOLDEN HOUR,0,0,0,,taxable,,Beauty,MEDIUM CANDLE JAR GOLDEN HOUR. A health and beauty product.,No regulation
simple,5060149820094,SAMBUCOL IMMUNO FORTE (120ML),0,0,0,,taxable,,General Health,SAMBUCOL IMMUNO FORTE (120ML). A health and wellbeing product. Supplied as 120ML.,No regulation
simple,5028763012707,WISDOM ADVANCED WHITE BRIGHT TOOTHPASTE (75ML),0,0,0,,taxable,,Oral Care,WISDOM ADVANCED WHITE BRIGHT TOOTHPASTE (75ML). An oral care product. Supplied as 75ML.,No regulation
simple,8711700887922,DOVE 250ML B/LOTION SHEA BUTTER,0,0,0,,taxable,,Skincare,DOVE 250ML B/LOTION SHEA BUTTER. A skincare product. Supplied as 250ML.,No regulation
simple,3600523329847,L'Oreal Derm Micellar Water Soft Dry 400ml Sens Sk,0,0,0,,taxable,,Skincare,L'Oreal Derm Micellar Water Soft Dry 400ml Sens Sk. A skincare product. Supplied as 400ml.,No regulation
simple,5031413928570,Face Facts Ceramide Gel Cream Moisturising 50ml,0,0,0,,taxable,,Skincare,Face Facts Ceramide Gel Cream Moisturising 50ml. A skincare product. Supplied as 50ml.,No regulation
simple,0000000020244,I-M Neoprene Padded Knee Support NS-702 Small,0,0,0,,taxable,,Supports & Braces,I-M Neoprene Padded Knee Support NS-702 Small. A support and mobility product.,No regulation
simple,0878941000058,Liquid Concentrace Trace Mineral Drops 237ml,0,0,0,,taxable,,Vitamins,Liquid Concentrace Trace Mineral Drops 237ml. A vitamins and supplements product. Supplied as 237ml.,No regulation
simple,4042809016697,WRIST BRACE L ACTIMOVE 7281943 SML,0,0,0,,taxable,,Supports & Braces,WRIST BRACE L ACTIMOVE 7281943 SML. A support and mobility product.,No regulation
simple,4086000013543,FRESUBIN 2KCAL FIBRE DRINK VANILLA 4PACK (4X200ML),0,0,0,,taxable,,Vitamins,FRESUBIN 2KCAL FIBRE DRINK VANILLA 4PACK (4X200ML). A vitamins and supplements product. Supplied as 4X200ML.,No regulation
simple,5038483844557,SCHOLL SOFTGRIP C2 KNEE O/TOE NAT (MED),0,0,0,,taxable,,Supports & Braces,SCHOLL SOFTGRIP C2 KNEE O/TOE NAT (MED). A support and mobility product.,No regulation
simple,5013692266499,Umbro Champ Bath & Shower Gel Set 4x75ml,0,0,0,,taxable,,Beauty,Umbro Champ Bath & Shower Gel Set 4x75ml. A health and beauty product. Supplied as 4x75ml.,No regulation
simple,8809598452336,Cosrx - Full Fit Propolis Honey Overnight Mask - Nourishing Night Mask with Propolis - 60ml,0,0,0,,taxable,,Skincare,Cosrx - Full Fit Propolis Honey Overnight Mask - Nourishing Night Mask with Propolis - 60ml. A skincare product. Supplied as 60ml.,No regulation
simple,5017353503190,Galpharm Paracetamol 500mg 16 Capsules,0,0,0,,taxable,,Pain Relief,"Galpharm Paracetamol 500mg 16 Capsules. Always read the label and any leaflet supplied. If symptoms persist, speak to your pharmacist or doctor. Supplied as 16 Capsules.",GSL
simple,3337875586269,La Roche Posay Cicaplast Gel B5 40ml,0,0,0,,taxable,,Skincare,La Roche Posay Cicaplast Gel B5 40ml. A skincare product. Supplied as 40ml.,No regulation
simple,5060123602128,Face Facts Ceramide Blemish Treatment Gel 50ml,0,0,0,,taxable,,Skincare,Face Facts Ceramide Blemish Treatment Gel 50ml. A skincare product. Supplied as 50ml.,No regulation
simple,5011501040100,Deep Heat Heat Rub 100g,0,0,0,,taxable,,Pain Relief,"Deep Heat Heat Rub 100g. Always read the label and any leaflet supplied. If symptoms persist, speak to your pharmacist or doctor. Supplied as 100g.",No regulation
simple,3337875583589,La Roche Posay Anti-Ageing Moist 40ml,0,0,0,,taxable,,Skincare,La Roche Posay Anti-Ageing Moist 40ml. A skincare product. Supplied as 40ml.,No regulation
simple,3337875876940,La Roche Posay Cicaplast-B5 40ml,0,0,0,,taxable,,Skincare,La Roche Posay Cicaplast-B5 40ml. A skincare product. Supplied as 40ml.,No regulation
simple,5025452000489,Salt of the Earth P/mint & Tea Tree Foot Deo Spray 100ml,0,0,0,,taxable,,Beauty,Salt of the Earth P/mint & Tea Tree Foot Deo Spray 100ml. A health and beauty product. Supplied as 100ml.,No regulation
simple,5012583200789,Right Guard APD 250ml Fresh,0,0,0,,taxable,,General Health,Right Guard APD 250ml Fresh. A health and wellbeing product. Supplied as 250ml.,No regulation
simple,3616303795269,Beckham Bold Inst Gift Set Bs 150ml & Edt 50ml,0,0,0,,taxable,,Beauty,Beckham Bold Inst Gift Set Bs 150ml & Edt 50ml. A health and beauty product. Supplied as 50ml.,No regulation
simple,0008718951232,COLGATE 75ML T/P SENSITIVE PROTECT 07/25,0,0,0,,taxable,,Oral Care,COLGATE 75ML T/P SENSITIVE PROTECT 07/25. An oral care product. Supplied as 75ML.,No regulation
simple,5015802291629,MEDIUM CANDLE JAR AUTUMN PUMPKIN,0,0,0,,taxable,,Beauty,MEDIUM CANDLE JAR AUTUMN PUMPKIN. A health and beauty product.,No regulation
simple,8001090899132,Always Platinum Pads Night Sp 8s,0,0,0,,taxable,zero-rate,Women's Health,Always Platinum Pads Night Sp 8s. A women's health product.,No regulation
simple,4084500400122,Head & Shoulders Scalp Care Hair Food 450ml Moisturizing,0,0,0,,taxable,,Hair Care,Head & Shoulders Scalp Care Hair Food 450ml Moisturizing. A hair care product. Supplied as 450ml.,No regulation
simple,8006540827321,Pampers baby dry size 6 Pack,0,0,0,,taxable,zero-rate,Baby & Child,Pampers baby dry size 6 Pack. A baby and child product. Supplied as 6 Pack.,No regulation
simple,5028763010130,Wisdom 50ml Toothpaste Smokers Anti Stain,0,0,0,,taxable,,Oral Care,Wisdom 50ml Toothpaste Smokers Anti Stain. An oral care product. Supplied as 50ml.,No regulation
simple,0634158743412,Applied Nutrition L-Carnitine 3000 Liquid Sour Apple 480ml,0,0,0,,taxable,,Vitamins,Applied Nutrition L-Carnitine 3000 Liquid Sour Apple 480ml. A vitamins and supplements product. Supplied as 480ml.,No regulation
simple,3282770102734,Avène Cleanance Expert Blemish Lotion 5ml,0,0,0,,taxable,,Skincare,Avène Cleanance Expert Blemish Lotion 5ml. A skincare product. Supplied as 5ml.,No regulation
simple,5037353004725,Skins Mango & Passionfruit Water Based 4.4 fl oz (130ml),0,0,0,,taxable,,Skincare,Skins Mango & Passionfruit Water Based 4.4 fl oz (130ml). A skincare product. Supplied as 130ml.,No regulation
simple,8886467049514,Dove Body Lotion Beauty Cream 250ml,0,0,0,,taxable,,Skincare,Dove Body Lotion Beauty Cream 250ml. A skincare product. Supplied as 250ml.,No regulation
simple,5010441204054,Numark Senna 7.5mg 60 Tablets,0,0,0,,taxable,,Digestive,"Numark Senna 7.5mg 60 Tablets. Always read the label and any leaflet supplied. If symptoms persist, speak to your pharmacist or doctor. Supplied as 60 Tablets.",GSL
simple,5012583203209,LIVE Intense colour 043 Red passion permanent hair dye,0,0,0,,taxable,,Hair Care,LIVE Intense colour 043 Red passion permanent hair dye. A hair care product.,No regulation
simple,8001090111661,Always Discreet Senstive Pants Plus Lge 8s,0,0,0,,taxable,zero-rate,Continence,Always Discreet Senstive Pants Plus Lge 8s. A continence care product.,No regulation
simple,5055757935476,Fushi Biovedic Face Oil 30ml,0,0,0,,taxable,,Skincare,Fushi Biovedic Face Oil 30ml. A skincare product. Supplied as 30ml.,No regulation
simple,0022796977526,OGX Conditioner 385ml Keratin Oil,0,0,0,,taxable,,Hair Care,OGX Conditioner 385ml Keratin Oil. A hair care product. Supplied as 385ml.,No regulation
simple,3616301283447,MAX FACTOR NAILFINITY GEL TOP COAT STEP 2,0,0,0,,taxable,,Beauty,MAX FACTOR NAILFINITY GEL TOP COAT STEP 2. A health and beauty product.,No regulation
simple,5015802286861,MEDIUM CANDLE JAR SPARKLING LEMON,0,0,0,,taxable,,Beauty,MEDIUM CANDLE JAR SPARKLING LEMON. A health and beauty product.,No regulation
simple,3600522506935,L'Oreal Elnett Mousse 200Ml Curls,0,0,0,,taxable,,Hair Care,L'Oreal Elnett Mousse 200Ml Curls. A hair care product. Supplied as 200Ml.,No regulation
simple,0091037310439,Mad Hippie AHA Exfoliating Peel 30ml,0,0,0,,taxable,,Skincare,Mad Hippie AHA Exfoliating Peel 30ml. A skincare product. Supplied as 30ml.,No regulation
simple,5059001507662,Air Wick Botanica Candle Coconut Milk 500g,0,0,0,,taxable,,Beauty,Air Wick Botanica Candle Coconut Milk 500g. A health and beauty product. Supplied as 500g.,No regulation
simple,5701943102855,Riemann P20 Original Sun Cream SPF50 Spray 100ml,0,0,0,,taxable,,Skincare,Riemann P20 Original Sun Cream SPF50 Spray 100ml. A skincare product. Supplied as 100ml.,No regulation
simple,8719134153903,Rituals Karma Hand Balm 175ml,0,0,0,,taxable,,Skincare,Rituals Karma Hand Balm 175ml. A skincare product. Supplied as 175ml.,No regulation
simple,0634158743436,Applied Nutrition L-Carnitine 3000 Liquid Tangy Orange 480ml,0,0,0,,taxable,,Vitamins,Applied Nutrition L-Carnitine 3000 Liquid Tangy Orange 480ml. A vitamins and supplements product. Supplied as 480ml.,No regulation
simple,5010724539675,Batiste Dry Shampoo 280ml Lifted,0,0,0,,taxable,,Hair Care,Batiste Dry Shampoo 280ml Lifted. A hair care product. Supplied as 280ml.,No regulation
simple,5702150146090,Cipralex 20mg 28 tablets,0,0,0,,taxable,,Vitamins,Cipralex 20mg 28 tablets. A vitamins and supplements product. Supplied as 28 tablets.,GSL
simple,4042809222487,ACTIMOVE GENUFAST KNEE 7341513 SML,0,0,0,,taxable,,Supports & Braces,ACTIMOVE GENUFAST KNEE 7341513 SML. A support and mobility product.,No regulation
simple,3616303795245,Beckham Gift Set Respect Edt 40ml Shower Gel 200ml,0,0,0,,taxable,,Beauty,Beckham Gift Set Respect Edt 40ml Shower Gel 200ml. A health and beauty product. Supplied as 200ml.,No regulation
simple,4051895002101,FRESUBIN 2KCAL MINI FIBRE CHOCOLATE (4X125ML),0,0,0,,taxable,,Vitamins,FRESUBIN 2KCAL MINI FIBRE CHOCOLATE (4X125ML). A vitamins and supplements product. Supplied as 4X125ML.,No regulation
simple,5000158106185,Strepsils Extra Blackcurrant 24 Lozenges,0,0,0,,taxable,,Cold & Flu,"Strepsils Extra Blackcurrant 24 Lozenges. Always read the label and any leaflet supplied. If symptoms persist, speak to your pharmacist or doctor. Supplied as 24 Lozenges.",GSL
simple,5060112865640,Fushi Organic Red Clover 60caps,0,0,0,,taxable,,General Health,Fushi Organic Red Clover 60caps. A health and wellbeing product. Supplied as 60caps.,No regulation
simple,5055757978602,Fushi Organic Castor Oil 30ml,0,0,0,,taxable,,Skincare,Fushi Organic Castor Oil 30ml. A skincare product. Supplied as 30ml.,No regulation
simple,5051562032102,Voltarol Paineze Emugel 100g,0,0,0,,taxable,,Pain Relief,"Voltarol Paineze Emugel 100g. Always read the label and any leaflet supplied. If symptoms persist, speak to your pharmacist or doctor. Supplied as 100g.",GSL
simple,5052197021288,Scholl Verruca Seal & Heal Gel 10ml,0,0,0,,taxable,,Supports & Braces,Scholl Verruca Seal & Heal Gel 10ml. A support and mobility product. Supplied as 10ml.,GSL
simple,3600542449656,Garnier Naturals Vit C Brightening Serum Cream SPF 50ml,0,0,0,,taxable,,Skincare,Garnier Naturals Vit C Brightening Serum Cream SPF 50ml. A skincare product. Supplied as 50ml.,No regulation
simple,5012674043035,Nizoral Cream 30g,0,0,0,,taxable,,Hair Care,"Nizoral Cream 30g. Prescription-only medicine, supplied after an online consultation with our pharmacist. Always read the label and any leaflet supplied. If symptoms persist, speak to your pharmacist or doctor. Supplied as 30g.",P
simple,5015802278279,LARGE CANDLE JAR LAVENDER FIELDS,0,0,0,,taxable,,Beauty,LARGE CANDLE JAR LAVENDER FIELDS. A health and beauty product.,No regulation
simple,5027314498977,Bio-Kult Migrea 60 Capsules,0,0,0,,taxable,,Vitamins,Bio-Kult Migrea 60 Capsules. A vitamins and supplements product. Supplied as 60 Capsules.,No regulation
simple,8006540815885,Pampers Harmonie New Baby Wipes 46's,0,0,0,,taxable,,Baby & Child,Pampers Harmonie New Baby Wipes 46's. A baby and child product.,No regulation
simple,5013692270298,La Roche Posay Thermal Spring Water Sensitive Skin 300ml,0,0,0,,taxable,,Skincare,La Roche Posay Thermal Spring Water Sensitive Skin 300ml. A skincare product. Supplied as 300ml.,No regulation
simple,4005900690494,Nivea Shower Gel 400ml For Men Energy,0,0,0,,taxable,,Men's Health,Nivea Shower Gel 400ml For Men Energy. A men's health product. Supplied as 400ml.,No regulation
simple,8001090733757,Tampax Pearl Regular Tampons 18s,0,0,0,,taxable,zero-rate,Women's Health,Tampax Pearl Regular Tampons 18s. A women's health product.,No regulation
simple,5031413932027,Face Facts Printed Eye Patches Prep & Glow 2 pairs,0,0,0,,taxable,,Skincare,Face Facts Printed Eye Patches Prep & Glow 2 pairs. A skincare product.,No regulation
simple,8594739305441,Nevolat (Saxenda/Liraglutide) 6mg/ml Pack of 5,0,0,0,,taxable,zero-rate,Weight Management,"Nevolat (Saxenda/Liraglutide) 6mg/ml Pack of 5. Prescription-only medicine, supplied after an online consultation with our pharmacist. Always read the label and any leaflet supplied. If symptoms persist, speak to your pharmacist or doctor. Supplied as 6mg.",P
simple,5025135121210,Malibu SPF4 Bronzing Tanning Oil with Carotene 200ml,0,0,0,,taxable,,Skincare,Malibu SPF4 Bronzing Tanning Oil with Carotene 200ml. A skincare product. Supplied as 200ml.,No regulation
simple,0810100921637,SunwarriorProtein & Collagen Greens Chocolate,0,0,0,,taxable,,Vitamins,SunwarriorProtein & Collagen Greens Chocolate. A vitamins and supplements product.,No regulation
simple,5038581112909,Yankee Candle Tropical Large Jar 623g,0,0,0,,taxable,,Beauty,Yankee Candle Tropical Large Jar 623g. A health and beauty product. Supplied as 623g.,No regulation
simple,5011842110401,Bassetts 3-6 Years Multivitamins 30 Gummies,0,0,0,,taxable,,Vitamins,Bassetts 3-6 Years Multivitamins 30 Gummies. A vitamins and supplements product. Supplied as 30 Gummies.,No regulation
simple,0782126003034,Natracare Super Maxi Pads 12pc,0,0,0,,taxable,zero-rate,General Health,Natracare Super Maxi Pads 12pc. A health and wellbeing product.,No regulation
simple,5025135120824,Malibu SPF50 Kids Roll-on Lotion 50ml,0,0,0,,taxable,,Skincare,Malibu SPF50 Kids Roll-on Lotion 50ml. A skincare product. Supplied as 50ml.,No regulation
simple,5015802291636,TEALIGHTS BX/9 SPICED APPLE,0,0,0,,taxable,,General Health,TEALIGHTS BX/9 SPICED APPLE. A health and wellbeing product.,No regulation
simple,5011417809730,Strefen Eucalyptus & Makuna 16 Lozenges,0,0,0,,taxable,,Cold & Flu,"Strefen Eucalyptus & Makuna 16 Lozenges. Always read the label and any leaflet supplied. If symptoms persist, speak to your pharmacist or doctor. Supplied as 16 Lozenges.",GSL
simple,2112345678900,Calcichew-D3 500mg/200IU 100 Chewable Tablets,0,0,0,,taxable,,Prescription Medicines,"Calcichew-D3 500mg/200IU 100 Chewable Tablets. Prescription-only medicine, supplied after an online consultation with our pharmacist. Always read the label and any leaflet supplied. If symptoms persist, speak to your pharmacist or doctor. Supplied as 100 Chewable.",P
simple,8717163676721,DOVE 250ML A/P SPRAY APPLE & WHITE TEA,0,0,0,,taxable,,Beauty,DOVE 250ML A/P SPRAY APPLE & WHITE TEA. A health and beauty product. Supplied as 250ML.,No regulation
simple,53992741,Sudocrem My Little Sudocrem Cream 22g,0,0,0,,taxable,,Baby & Child,Sudocrem My Little Sudocrem Cream 22g. A baby and child product. Supplied as 22g.,No regulation
simple,5060112861772,Fushi Organic Flaxseed Oil 100ml,0,0,0,,taxable,zero-rate,Skincare,Fushi Organic Flaxseed Oil 100ml. A skincare product. Supplied as 100ml.,No regulation
simple,5060201410089,"Sugar Coated Full Body Hair Removal Kit with 200g Jar, 3 Applicators & 15 Reusable Strips",0,0,0,,taxable,,Hair Care,"Sugar Coated Full Body Hair Removal Kit with 200g Jar, 3 Applicators & 15 Reusable Strips. A hair care product. Supplied as 200g.",No regulation
simple,8718951540101,Sanex Skin Protect Cleanse Shower Gel 200ml,0,0,0,,taxable,,Skincare,Sanex Skin Protect Cleanse Shower Gel 200ml. A skincare product. Supplied as 200ml.,No regulation
simple,4086000007023,FRESUBIN ORIGINAL FIBRE [EASYBAG] (500ML),0,0,0,,taxable,,Vitamins,FRESUBIN ORIGINAL FIBRE [EASYBAG] (500ML). A vitamins and supplements product. Supplied as 500ML.,No regulation
simple,8435465325221,BTB Water Based Tingling Lubricant 250ml,0,0,0,,taxable,,Sexual Wellness,"BTB Water Based Tingling Lubricant 250ml. Always read the label and any leaflet supplied. If symptoms persist, speak to your pharmacist or doctor. Supplied as 250ml.",No regulation
simple,8710522428320,Radox Feel Restored Gift Set 1,0,0,0,,taxable,,Beauty,Radox Feel Restored Gift Set 1. A health and beauty product.,No regulation
simple,4005808780556,Nivea Crème 400ml Irresistibly Smooth (6X2),0,0,0,,taxable,,General Health,Nivea Crème 400ml Irresistibly Smooth (6X2). A health and wellbeing product. Supplied as 400ml.,No regulation
simple,7350121254114,TEPE PURE UNFLAVOURED TOOTHPASTE (1 X 75ML),0,0,0,,taxable,,Oral Care,TEPE PURE UNFLAVOURED TOOTHPASTE (1 X 75ML). An oral care product. Supplied as 1 X 75ML.,No regulation
simple,8886467000799,"Vaseline Deo Spray 250ml Aloe SensitiveUK,DE,FR,NL,ES,IT",0,0,0,,taxable,,Beauty,"Vaseline Deo Spray 250ml Aloe SensitiveUK,DE,FR,NL,ES,IT. A health and beauty product. Supplied as 250ml.",No regulation
simple,3701056802231,Puressentiel Respiratory Nasal Hygiene Spray 100ml,0,0,0,,taxable,,Cold & Flu,"Puressentiel Respiratory Nasal Hygiene Spray 100ml. Always read the label and any leaflet supplied. If symptoms persist, speak to your pharmacist or doctor. Supplied as 100ml.",No regulation
simple,3337875763790,La Roche Posay Moisturising Body Balm Lipikar Baume AP+M 200ml,0,0,0,,taxable,,Skincare,La Roche Posay Moisturising Body Balm Lipikar Baume AP+M 200ml. A skincare product. Supplied as 200ml.,No regulation
simple,,Natural Xtract Rosemary Hair Oil 100ml,0,0,0,,taxable,,Hair Care,Natural Xtract Rosemary Hair Oil 100ml. A hair care product. Supplied as 100ml.,No regulation
simple,96201107,BetterYou Immune Health 50ml,0,0,0,,taxable,,Vitamins,BetterYou Immune Health 50ml. A vitamins and supplements product. Supplied as 50ml.,No regulation
simple,8640778498498,Almus Co-Codamol Effervescent 8/500Mg 32 Tablets,0,0,0,,taxable,,Pain Relief,"Almus Co-Codamol Effervescent 8/500Mg 32 Tablets. Prescription-only medicine, supplied after an online consultation with our pharmacist. Always read the label and any leaflet supplied. If symptoms persist, speak to your pharmacist or doctor. Supplied as 32 Tablets.",P
simple,3401546259551,Puressentiel Rest & Relax Stress Roller 5ml,0,0,0,,taxable,,General Health,Puressentiel Rest & Relax Stress Roller 5ml. A health and wellbeing product. Supplied as 5ml.,No regulation
simple,6973130251908,emcrepe bandage 5cm 4.5m,0,0,0,,taxable,,First Aid,"emcrepe bandage 5cm 4.5m. Always read the label and any leaflet supplied. If symptoms persist, speak to your pharmacist or doctor.",No regulation
simple,0017854123830,"Baylis & Harding Goodness Awaken Lime, Mint & Eucalyptus Body Wash 500ml",0,0,0,,taxable,,Beauty,"Baylis & Harding Goodness Awaken Lime, Mint & Eucalyptus Body Wash 500ml. A health and beauty product. Supplied as 500ml.",No regulation
simple,3282770204971,avene antirougeur,0,0,0,,taxable,,General Health,avene antirougeur. A health and wellbeing product.,No regulation
simple,0878941000195,Trace Mineral Liquid Ionic Zinc Drops,0,0,0,,taxable,,Vitamins,Trace Mineral Liquid Ionic Zinc Drops. A vitamins and supplements product.,No regulation
simple,5000101504952,Original Source S/Gel 250ml Sea Salt,0,0,0,,taxable,,Skincare,Original Source S/Gel 250ml Sea Salt. A skincare product. Supplied as 250ml.,No regulation
simple,0017854123076,Baylis & Harding The Edit Vanilla 2 Bottle Set,0,0,0,,taxable,,Beauty,Baylis & Harding The Edit Vanilla 2 Bottle Set. A health and beauty product.,No regulation
simple,5025452000564,Salt of the Earth Deo Spray - Vetiver & Citrus 100ml,0,0,0,,taxable,,Beauty,Salt of the Earth Deo Spray - Vetiver & Citrus 100ml. A health and beauty product. Supplied as 100ml.,No regulation
simple,5060022303621,St Tropez Bronzing Self Tan Mousse Berry Sorbet 200ml,0,0,0,,taxable,,Hair Care,St Tropez Bronzing Self Tan Mousse Berry Sorbet 200ml. A hair care product. Supplied as 200ml.,No regulation
simple,5050375071810,Masterplast 170g Foot Powder,0,0,0,,taxable,,Vitamins,Masterplast 170g Foot Powder. A vitamins and supplements product. Supplied as 170g.,No regulation
simple,5000309007002,Anadin Joint Pain 16 Tablets,0,0,0,,taxable,,Pain Relief,"Anadin Joint Pain 16 Tablets. Always read the label and any leaflet supplied. If symptoms persist, speak to your pharmacist or doctor. Supplied as 16 Tablets.",GSL
simple,5000158063044,FYBOGEL MEBEVERINE (10 SACH),0,0,0,,taxable,,Digestive,"FYBOGEL MEBEVERINE (10 SACH). Always read the label and any leaflet supplied. If symptoms persist, speak to your pharmacist or doctor.",No regulation
simple,5060342242303,GLUCORX AIDEX SENSOR (1),0,0,0,,taxable,,Testing & Monitoring,"GLUCORX AIDEX SENSOR (1). Always read the label and any leaflet supplied. If symptoms persist, speak to your pharmacist or doctor.",No regulation
simple,5011784003908,Flourish Menopause Kit 2 tests,0,0,0,,taxable,,Women's Health,Flourish Menopause Kit 2 tests. A women's health product.,GSL
simple,3337875837804,La Roche Posay Face Serum Cicaplast B5 for Dehydrated Skin 30ml,0,0,0,,taxable,,Skincare,La Roche Posay Face Serum Cicaplast B5 for Dehydrated Skin 30ml. A skincare product. Supplied as 30ml.,No regulation
simple,5000347082146,NIQUITIN 21MG PRE QUIT CLEAR PATCH (7),0,0,0,,taxable,,Stop Smoking,NIQUITIN 21MG PRE QUIT CLEAR PATCH (7). A stop-smoking product. Supplied as 21MG.,No regulation
simple,5035883004314,Snoreeze 14 Oral Strips,0,0,0,,taxable,,General Health,Snoreeze 14 Oral Strips. A health and wellbeing product.,GSL
simple,8716900582561,Nutricia Fortisip Compact Protein Drink 125ml Mocha 4 Pack,0,0,0,,taxable,zero-rate,Vitamins,Nutricia Fortisip Compact Protein Drink 125ml Mocha 4 Pack. A vitamins and supplements product. Supplied as 4 Pack.,No regulation
simple,5000123103126,Eumovate Ointment 100g,0,0,0,,taxable,,Prescription Medicines,"Eumovate Ointment 100g. Prescription-only medicine, supplied after an online consultation with our pharmacist. Always read the label and any leaflet supplied. If symptoms persist, speak to your pharmacist or doctor. Supplied as 100g.",P
simple,7791940020113,Nitty Gritty Nitfree Comb,0,0,0,,taxable,,General Health,Nitty Gritty Nitfree Comb. A health and wellbeing product.,GSL
simple,5014302000212,COLIEF Vitamin D3 DROPS (20ML),0,0,0,,taxable,,Vitamins,COLIEF Vitamin D3 DROPS (20ML). A vitamins and supplements product. Supplied as 20ML.,No regulation
simple,5060216564968,Haliborange Effervescent Tablets Vitamin C Blackcurrant 20 Pack,0,0,0,,taxable,,Vitamins,Haliborange Effervescent Tablets Vitamin C Blackcurrant 20 Pack. A vitamins and supplements product. Supplied as 20 Pack.,No regulation
simple,5012254066942,Vo5 Volume Blow Dry Spray 200ml,0,0,0,,taxable,,Beauty,Vo5 Volume Blow Dry Spray 200ml. A health and beauty product. Supplied as 200ml.,No regulation
simple,5010441014721,Numark Manicure Set 5pc,0,0,0,,taxable,,General Health,Numark Manicure Set 5pc. A health and wellbeing product.,No regulation
simple,5010441014318,NUMARK TUBULAR BANDAGE D 1M,0,0,0,,taxable,,First Aid,"NUMARK TUBULAR BANDAGE D 1M. Always read the label and any leaflet supplied. If symptoms persist, speak to your pharmacist or doctor.",No regulation
simple,5012251012898,Beauty Formulas Gold Revitalising Gel Mask 100Ml,0,0,0,,taxable,,Skincare,Beauty Formulas Gold Revitalising Gel Mask 100Ml. A skincare product. Supplied as 100Ml.,No regulation
simple,0017854118942,Baylis & Harding Festive Hand Wash 500ml,0,0,0,,taxable,,Beauty,Baylis & Harding Festive Hand Wash 500ml. A health and beauty product. Supplied as 500ml.,No regulation
simple,5013692268936,BABY SHARK 300ML BUBBLE BATH,0,0,0,,taxable,,Baby & Child,BABY SHARK 300ML BUBBLE BATH. A baby and child product. Supplied as 300ML.,No regulation
simple,5037353004756,Skins Strawberry Water Based Lubricant 5ml foil,0,0,0,,taxable,,Sexual Wellness,"Skins Strawberry Water Based Lubricant 5ml foil. Always read the label and any leaflet supplied. If symptoms persist, speak to your pharmacist or doctor. Supplied as 5ml.",No regulation
simple,8809416470559,COSRX - Oil-Free Ultra-Moisturizing Lotion - Moisturizing Face Lotion - 100ml,0,0,0,,taxable,,Skincare,COSRX - Oil-Free Ultra-Moisturizing Lotion - Moisturizing Face Lotion - 100ml. A skincare product. Supplied as 100ml.,No regulation
simple,40060729,Nivea Hand Cream 75ml Protective Care Beeswax,0,0,0,,taxable,,Skincare,Nivea Hand Cream 75ml Protective Care Beeswax. A skincare product. Supplied as 75ml.,No regulation
simple,96201695,BetterYou Immune Health Kids 25ml,0,0,0,,taxable,,Vitamins,BetterYou Immune Health Kids 25ml. A vitamins and supplements product. Supplied as 25ml.,No regulation
simple,5060112863349,Fushi Energiplex 60caps,0,0,0,,taxable,,General Health,Fushi Energiplex 60caps. A health and wellbeing product. Supplied as 60caps.,No regulation
simple,5011501040018,Deep heat Standard 35g,0,0,0,,taxable,,Pain Relief,"Deep heat Standard 35g. Always read the label and any leaflet supplied. If symptoms persist, speak to your pharmacist or doctor. Supplied as 35g.",GSL
simple,7613287212542,Minami PlusEPA Liquid Adult 150ml,0,0,0,,taxable,,General Health,Minami PlusEPA Liquid Adult 150ml. A health and wellbeing product. Supplied as 150ml.,No regulation
simple,4086000006996,FRESUBIN ORIGINAL [EASYBAG] (500ML),0,0,0,,taxable,,Vitamins,FRESUBIN ORIGINAL [EASYBAG] (500ML). A vitamins and supplements product. Supplied as 500ML.,No regulation
simple,4001638095136,NursingTea-DISCONTINUED,0,0,0,,taxable,,General Health,NursingTea-DISCONTINUED. A health and wellbeing product.,No regulation
simple,5011417581599,Gaviscon Core Heartburn & Indigestion Tablets Peppermint 12's,0,0,0,,taxable,,Digestive,"Gaviscon Core Heartburn & Indigestion Tablets Peppermint 12's. Always read the label and any leaflet supplied. If symptoms persist, speak to your pharmacist or doctor.",GSL
simple,4005808944811,Nivea Aftershave Balm 100ml Cooling Sensitive (4x6),0,0,0,,taxable,,Men's Grooming,Nivea Aftershave Balm 100ml Cooling Sensitive (4x6). A men's grooming product. Supplied as 100ml.,No regulation
simple,3574660455076,Listerine Total Care Mini 95ml,0,0,0,,taxable,,Oral Care,Listerine Total Care Mini 95ml. An oral care product. Supplied as 95ml.,No regulation
simple,5012335792104,Seven Seas + Multivits Cap 90s,0,0,0,,taxable,,Vitamins,Seven Seas + Multivits Cap 90s. A vitamins and supplements product.,No regulation
simple,0000000017558,I-M Elastic Wrist & Palm Support ES-401 Medium,0,0,0,,taxable,,Supports & Braces,I-M Elastic Wrist & Palm Support ES-401 Medium. A support and mobility product.,No regulation
simple,8710847959219,Simple Exfoliating Facial Wipes 20 pack,0,0,0,,taxable,,Skincare,Simple Exfoliating Facial Wipes 20 pack. A skincare product. Supplied as 20 pack.,No regulation
simple,5029053573281,KLEENEX ORIGINAL EXTRA LARGE TWIN (54S),0,0,0,,taxable,,General Health,KLEENEX ORIGINAL EXTRA LARGE TWIN (54S). A health and wellbeing product.,No regulation
simple,5012583204312,Right Guard APD 250ml For Women Sport,0,0,0,,taxable,,Women's Health,Right Guard APD 250ml For Women Sport. A women's health product. Supplied as 250ml.,No regulation
simple,5012616170409,TCP LIQUID (200ML),0,0,0,,taxable,,First Aid,"TCP LIQUID (200ML). Always read the label and any leaflet supplied. If symptoms persist, speak to your pharmacist or doctor. Supplied as 200ML.",No regulation
simple,8008970057972,Wash & Go Shampoo 2 in 1 180ml Caffeine,0,0,0,,taxable,,Hair Care,Wash & Go Shampoo 2 in 1 180ml Caffeine. A hair care product. Supplied as 180ml.,No regulation
simple,4210201427254,Oral-B Vitality Pro Black & Lilac Duo Pk 2ct,0,0,0,,taxable,,Oral Care,Oral-B Vitality Pro Black & Lilac Duo Pk 2ct. An oral care product.,No regulation
simple,9340800011044,Grown Alchemist Hand Cream Rich Restorative 65ml,0,0,0,,taxable,,Skincare,Grown Alchemist Hand Cream Rich Restorative 65ml. A skincare product. Supplied as 65ml.,No regulation
simple,5029053569239,Huggies Baby Wipes 72s Jumbo Pack Pure,0,0,0,,taxable,,Baby & Child,Huggies Baby Wipes 72s Jumbo Pack Pure. A baby and child product.,No regulation
simple,5000174163018,Olay Total Effects 50ml Time Moist Uv spf15,0,0,0,,taxable,,Skincare,Olay Total Effects 50ml Time Moist Uv spf15. A skincare product. Supplied as 50ml.,No regulation
simple,8886467000782,"Vaseline Deo Spray 250ml Active FreshUK,DE,FR,NL,ES,IT",0,0,0,,taxable,,Beauty,"Vaseline Deo Spray 250ml Active FreshUK,DE,FR,NL,ES,IT. A health and beauty product. Supplied as 250ml.",No regulation
simple,8718951217003,Palmolive Shower Gel 500ml Milk & Honey,0,0,0,,taxable,,Beauty,Palmolive Shower Gel 500ml Milk & Honey. A health and beauty product. Supplied as 500ml.,No regulation
simple,5027314502629,Bio-Kult Everyday 60 Capsules,0,0,0,,taxable,,Vitamins,Bio-Kult Everyday 60 Capsules. A vitamins and supplements product. Supplied as 60 Capsules.,No regulation
simple,5000477726194,KALMS RHODIOLA (20),0,0,0,,taxable,,Vitamins,KALMS RHODIOLA (20). A vitamins and supplements product.,No regulation
simple,4086000012157,FRESUBIN ENERGY FIBRE DRINK CARAMEL (4X200ML),0,0,0,,taxable,,Vitamins,FRESUBIN ENERGY FIBRE DRINK CARAMEL (4X200ML). A vitamins and supplements product. Supplied as 4X200ML.,No regulation
simple,4086000016650,FRESUBIN JUCY PINEAPPLE (4X200ML),0,0,0,,taxable,,Vitamins,FRESUBIN JUCY PINEAPPLE (4X200ML). A vitamins and supplements product. Supplied as 4X200ML.,No regulation
simple,5050375011380,Masterplast Waterproof Plasters Assorted 100 Pack,0,0,0,,taxable,,First Aid,"Masterplast Waterproof Plasters Assorted 100 Pack. Always read the label and any leaflet supplied. If symptoms persist, speak to your pharmacist or doctor. Supplied as 100 Pack.",No regulation
simple,5010724532539,VIVISCAL MAX STRENGTH MEN SUPPLEMNT 180S (180),0,0,0,,taxable,,General Health,VIVISCAL MAX STRENGTH MEN SUPPLEMNT 180S (180). A health and wellbeing product.,No regulation
simple,,Emulsifess Ointment 500g,0,0,0,,taxable,,Skincare,Emulsifess Ointment 500g. A skincare product. Supplied as 500g.,No regulation
simple,0000000017695,I-M Elastic Wrist & Thumb Support ES-403 X-Large,0,0,0,,taxable,,Supports & Braces,I-M Elastic Wrist & Thumb Support ES-403 X-Large. A support and mobility product.,No regulation
simple,8720181342325,DOVE 750ML CARING BATH SHEA BUTTER&VAN,0,0,0,,taxable,,Beauty,DOVE 750ML CARING BATH SHEA BUTTER&VAN. A health and beauty product. Supplied as 750ML.,No regulation
simple,4210201324980,Oral-B 3D Power 5 White Refill Heads,0,0,0,,taxable,,Oral Care,Oral-B 3D Power 5 White Refill Heads. An oral care product.,No regulation
simple,5060361080382,Xailin Intense 0.3% Ha Pf Eye Drops 10ml,0,0,0,,taxable,,Eye Care,"Xailin Intense 0.3% Ha Pf Eye Drops 10ml. Always read the label and any leaflet supplied. If symptoms persist, speak to your pharmacist or doctor. Supplied as 10ml.",No regulation
simple,4001638500234,SOSSpotTreatment,0,0,0,,taxable,,General Health,SOSSpotTreatment. A health and wellbeing product.,No regulation
simple,5011842110708,Bassetts 7-11 Years Multivitamins 30 Gummies,0,0,0,,taxable,,Vitamins,Bassetts 7-11 Years Multivitamins 30 Gummies. A vitamins and supplements product. Supplied as 30 Gummies.,No regulation
simple,0085805242886,ELIZABETH ARDEN WHITE TEA SKIN SOLUTIONS 50ML MICRO GEL CREAM,0,0,0,,taxable,,Skincare,ELIZABETH ARDEN WHITE TEA SKIN SOLUTIONS 50ML MICRO GEL CREAM. A skincare product. Supplied as 50ML.,No regulation
simple,,"FUSSY Coconut Milk Refillable Natural Deodorant, Starter Pack, 40g",0,0,0,,taxable,,Beauty,"FUSSY Coconut Milk Refillable Natural Deodorant, Starter Pack, 40g. A health and beauty product. Supplied as 40g.",No regulation
simple,0071409542460,Mane 'n Tail Curls Day - Enhancing Smoothie 6.5oz,0,0,0,,taxable,,General Health,Mane 'n Tail Curls Day - Enhancing Smoothie 6.5oz. A health and wellbeing product.,No regulation
simple,7610700626344,RICOLA LIQUORICE S/F BOX WITH STEVIA (45GM),0,0,0,,taxable,,General Health,RICOLA LIQUORICE S/F BOX WITH STEVIA (45GM). A health and wellbeing product.,No regulation
simple,5055757916673,Fushi Really Good Stretch Mark Oil 100ml,0,0,0,,taxable,,Skincare,Fushi Really Good Stretch Mark Oil 100ml. A skincare product. Supplied as 100ml.,No regulation
simple,4005900495204,Nivea Deo Spray 150ml Men Deep Black Charcoal,0,0,0,,taxable,,Beauty,Nivea Deo Spray 150ml Men Deep Black Charcoal. A health and beauty product. Supplied as 150ml.,No regulation
simple,5029354015701,AloeDent Probiotic Fluoride Free Mouthwash 250ml,0,0,0,,taxable,,Oral Care,AloeDent Probiotic Fluoride Free Mouthwash 250ml. An oral care product. Supplied as 250ml.,No regulation
simple,5055757978657,Fushi Meno Harmony 60caps,0,0,0,,taxable,,General Health,Fushi Meno Harmony 60caps. A health and wellbeing product. Supplied as 60caps.,No regulation
simple,7613038484938,SMA Pro Follow On Milk 6mth 800g,0,0,0,,taxable,,Baby & Child,SMA Pro Follow On Milk 6mth 800g. A baby and child product. Supplied as 800g.,No regulation
simple,5055757935421,Fushi Turmeric C3 & Bioperine Extract 60caps,0,0,0,,taxable,,Vitamins,Fushi Turmeric C3 & Bioperine Extract 60caps. A vitamins and supplements product. Supplied as 60caps.,No regulation
simple,5012583211303,LIVE Colour + Lift L77 Deep coral permanent hair dye,0,0,0,,taxable,,Hair Care,LIVE Colour + Lift L77 Deep coral permanent hair dye. A hair care product.,No regulation
simple,5014107075200,Opticlear Lens Wipes 26 Pack,0,0,0,,taxable,,Beauty,Opticlear Lens Wipes 26 Pack. A health and beauty product. Supplied as 26 Pack.,GSL
simple,8809598455474,COSRX - The Vitamin C 13 Serum - Vitamin C Serum - 20ml,0,0,0,,taxable,,Skincare,COSRX - The Vitamin C 13 Serum - Vitamin C Serum - 20ml. A skincare product. Supplied as 20ml.,No regulation
simple,5031413925968,Face Facts Vitamin C Jelly Cleanser 150ml,0,0,0,,taxable,,Skincare,Face Facts Vitamin C Jelly Cleanser 150ml. A skincare product. Supplied as 150ml.,No regulation
simple,0071409542446,Mane 'n Tail Curls Day - Daily Moisture Lotion 6.5oz,0,0,0,,taxable,,Skincare,Mane 'n Tail Curls Day - Daily Moisture Lotion 6.5oz. A skincare product.,No regulation
simple,5038581142487,Yankee Candle Wax Melt Fluffy Towels 22g,0,0,0,,taxable,,Beauty,Yankee Candle Wax Melt Fluffy Towels 22g. A health and beauty product. Supplied as 22g.,No regulation
simple,5060259571589,Gold Collagen Multidose 40+,0,0,0,,taxable,,Vitamins,Gold Collagen Multidose 40+. A vitamins and supplements product.,No regulation
simple,5055586607070,Eight Triple Eight Dead Sea Minerals Shampoo 1L,0,0,0,,taxable,,Hair Care,Eight Triple Eight Dead Sea Minerals Shampoo 1L. A hair care product. Supplied as 1L.,No regulation
simple,4005808685844,Nivea Crème 400ml Revitalising (6X2),0,0,0,,taxable,,General Health,Nivea Crème 400ml Revitalising (6X2). A health and wellbeing product. Supplied as 400ml.,No regulation
simple,0878941003530,Trace Mineral Liquid Ionic Magnesium Drops,0,0,0,,taxable,,Vitamins,Trace Mineral Liquid Ionic Magnesium Drops. A vitamins and supplements product.,No regulation
simple,8720182299680,Dove Gift Bag Set Blissfully Relaxing,0,0,0,,taxable,,General Health,Dove Gift Bag Set Blissfully Relaxing. A health and wellbeing product.,No regulation
simple,4001638500227,RefiningLotion,0,0,0,,taxable,,Skincare,RefiningLotion. A skincare product.,No regulation
simple,8006540697412,Tampax Compak Pearl Regular 16,0,0,0,,taxable,zero-rate,Women's Health,Tampax Compak Pearl Regular 16. A women's health product.,No regulation
simple,8714789846668,Colgate Cool Stripe Toothpaste 75ml,0,0,0,,taxable,,Oral Care,Colgate Cool Stripe Toothpaste 75ml. An oral care product. Supplied as 75ml.,No regulation
simple,4086000007948,FRESUBIN 1000 COMPLETE EASYBAG (1000ML),0,0,0,,taxable,,Vitamins,FRESUBIN 1000 COMPLETE EASYBAG (1000ML). A vitamins and supplements product. Supplied as 1000ML.,No regulation
simple,4042809222524,ACTIMOVE GENUFAST KNEE 7341515 LGE,0,0,0,,taxable,,Supports & Braces,ACTIMOVE GENUFAST KNEE 7341515 LGE. A support and mobility product.,No regulation
simple,5053249249384,Masterplast Neon Plasters 60 Pack,0,0,0,,taxable,,First Aid,"Masterplast Neon Plasters 60 Pack. Always read the label and any leaflet supplied. If symptoms persist, speak to your pharmacist or doctor. Supplied as 60 Pack.",No regulation
simple,8809598454996,Cosrx - The Retinol 0.1 Cream - 20ml,0,0,0,,taxable,,Skincare,Cosrx - The Retinol 0.1 Cream - 20ml. A skincare product. Supplied as 20ml.,No regulation
simple,8720181342295,DOVE 750ML CARING BATH SILK,0,0,0,,taxable,,Beauty,DOVE 750ML CARING BATH SILK. A health and beauty product. Supplied as 750ML.,No regulation
simple,3600523610280,L'Oreal Elvive Extraordinary Coconut Oil Cond 300m,0,0,0,,taxable,,Hair Care,L'Oreal Elvive Extraordinary Coconut Oil Cond 300m. A hair care product.,No regulation
simple,5055757931959,Fushi Biovedic Face Cream 50ml,0,0,0,,taxable,,Skincare,Fushi Biovedic Face Cream 50ml. A skincare product. Supplied as 50ml.,No regulation
simple,4005900974563,Nivea Derma Skin Clear Wash Gel 150ml,0,0,0,,taxable,,Skincare,Nivea Derma Skin Clear Wash Gel 150ml. A skincare product. Supplied as 150ml.,No regulation
simple,0017854113077,B&H Sig Men Blk Pepp & Ginseng Set 3pc,0,0,0,,taxable,,General Health,B&H Sig Men Blk Pepp & Ginseng Set 3pc. A health and wellbeing product.,No regulation
simple,5037353004763,Skins Watermelon Water Based 4.4 fl oz (130ml),0,0,0,,taxable,,Skincare,Skins Watermelon Water Based 4.4 fl oz (130ml). A skincare product. Supplied as 130ml.,No regulation
simple,5038581149455,Yankee Candle Home Inspiration Lavender Beach 104g,0,0,0,,taxable,,Beauty,Yankee Candle Home Inspiration Lavender Beach 104g. A health and beauty product. Supplied as 104g.,No regulation
simple,5026445002718,Harmony Gold 400ml Hairspray Firm Hold & Shine,0,0,0,,taxable,,Hair Care,Harmony Gold 400ml Hairspray Firm Hold & Shine. A hair care product. Supplied as 400ml.,No regulation
simple,50184491,Dextro Energy Tropical+ Vitamin C 47g,0,0,0,,taxable,,Vitamins,Dextro Energy Tropical+ Vitamin C 47g. A vitamins and supplements product. Supplied as 47g.,No regulation
simple,5017289002460,NUMARK BABY WIPES F/FREE 66,0,0,0,,taxable,,Baby & Child,NUMARK BABY WIPES F/FREE 66. A baby and child product.,No regulation
simple,8710908500404,DOVE 150ML A/P SPRAY GO FRESH GRAPEFRUIT,0,0,0,,taxable,,Beauty,DOVE 150ML A/P SPRAY GO FRESH GRAPEFRUIT. A health and beauty product. Supplied as 150ML.,No regulation
simple,5015802278262,MEDIUM CANDLE JAR COASTAL WATERS,0,0,0,,taxable,,Beauty,MEDIUM CANDLE JAR COASTAL WATERS. A health and beauty product.,No regulation
simple,5037200005387,OH K! SHEET MASK BLUEBERRY 02/25,0,0,0,,taxable,,Skincare,OH K! SHEET MASK BLUEBERRY 02/25. A skincare product.,No regulation
simple,5037353004947,Skins Natural Delay Serum 30ml,0,0,0,,taxable,,Sexual Wellness,"Skins Natural Delay Serum 30ml. Always read the label and any leaflet supplied. If symptoms persist, speak to your pharmacist or doctor. Supplied as 30ml.",No regulation
simple,5015802291353,30CL CANDLE FIR & FROST,0,0,0,,taxable,,Beauty,30CL CANDLE FIR & FROST. A health and beauty product.,No regulation
simple,5037353004336,Skins Strawberry 8 Pack,0,0,0,,taxable,reduced-rate,Skincare,Skins Strawberry 8 Pack. A skincare product. Supplied as 8 Pack.,No regulation
simple,5025903005810,Aqueous Cream 100gm,0,0,0,,taxable,,Skincare,Aqueous Cream 100gm. A skincare product.,No regulation
simple,7640110708552,PURE VIA ERYTHRITOL (250G),0,0,0,,taxable,,General Health,PURE VIA ERYTHRITOL (250G). A health and wellbeing product. Supplied as 250G.,No regulation
simple,3574661098531,Neutrogena Body Lotion 400ml Deep Moisture Dry Sensitive Skin,0,0,0,,taxable,,Skincare,Neutrogena Body Lotion 400ml Deep Moisture Dry Sensitive Skin. A skincare product. Supplied as 400ml.,No regulation
simple,0309978695400,REVLON COLORSILK MEDIUM ASH BROWN 40,0,0,0,,taxable,,General Health,REVLON COLORSILK MEDIUM ASH BROWN 40. A health and wellbeing product.,No regulation
simple,4015400542933,Pampers baby dry junior size 5 23 Pack,0,0,0,,taxable,zero-rate,Baby & Child,Pampers baby dry junior size 5 23 Pack. A baby and child product. Supplied as 23 Pack.,No regulation
simple,5012583207399,LIVE Colour + Lift L75 Deep red permanent hair dye,0,0,0,,taxable,,Hair Care,LIVE Colour + Lift L75 Deep red permanent hair dye. A hair care product.,No regulation
simple,0782126003027,Natracare Regular Maxi Pads 14pc,0,0,0,,taxable,zero-rate,General Health,Natracare Regular Maxi Pads 14pc. A health and wellbeing product.,No regulation
simple,5060177241113,Blistex Ultra Lip Balm spf50 4.25g,0,0,0,,taxable,,Skincare,Blistex Ultra Lip Balm spf50 4.25g. A skincare product. Supplied as 4.25g.,GSL
simple,3600524142827,L'Oreal Elvive Dream Lengths Conditioner 500ml,0,0,0,,taxable,,Hair Care,L'Oreal Elvive Dream Lengths Conditioner 500ml. A hair care product. Supplied as 500ml.,No regulation
simple,0083000167904,Nature's Answer NA PerioBrite Coco Pulling Oil NEW,0,0,0,,taxable,,Skincare,Nature's Answer NA PerioBrite Coco Pulling Oil NEW. A skincare product.,No regulation
simple,8809447253473,Dr. Althea - Skin Relief Essence - Soothing Face Essence - 30ml,0,0,0,,taxable,,Skincare,Dr. Althea - Skin Relief Essence - Soothing Face Essence - 30ml. A skincare product. Supplied as 30ml.,No regulation
simple,0782126003096,Natracare Panty Liners - Ultra Thin 22pc,0,0,0,,taxable,zero-rate,Women's Health,Natracare Panty Liners - Ultra Thin 22pc. A women's health product.,No regulation
simple,5031413929812,Face Facts Brown Sugar Body Scrub - 400g,0,0,0,,taxable,,Skincare,Face Facts Brown Sugar Body Scrub - 400g. A skincare product. Supplied as 400g.,No regulation
simple,9340800011112,Grown Alchemist Serum Skin Renewal 25ml,0,0,0,,taxable,,Skincare,Grown Alchemist Serum Skin Renewal 25ml. A skincare product. Supplied as 25ml.,No regulation
simple,5012583200864,Right Guard APD 250ml Cool,0,0,0,,taxable,,General Health,Right Guard APD 250ml Cool. A health and wellbeing product. Supplied as 250ml.,No regulation
simple,5038483844748,SCHOLL SOFTGRIP C1 THIGH NAT (SML),0,0,0,,taxable,,Supports & Braces,SCHOLL SOFTGRIP C1 THIGH NAT (SML). A support and mobility product.,No regulation
simple,5012583200758,Right Guard APD 250ml For Women Invisible,0,0,0,,taxable,,Women's Health,Right Guard APD 250ml For Women Invisible. A women's health product. Supplied as 250ml.,No regulation
simple,5032483001927,Cms Proteqt 150ml Supercool Freeze Spray,0,0,0,,taxable,,Beauty,Cms Proteqt 150ml Supercool Freeze Spray. A health and beauty product. Supplied as 150ml.,No regulation
simple,5012583205401,LIVE Ultra brights 098 Steel silver semi-permanent 15 washes,0,0,0,,taxable,,Beauty,LIVE Ultra brights 098 Steel silver semi-permanent 15 washes. A health and beauty product.,No regulation
simple,7614700022595,Fenjal hand crème,0,0,0,,taxable,,General Health,Fenjal hand crème. A health and wellbeing product.,No regulation
simple,5060464503184,Paracetamol 500mg (OTC) 16 Caplets,0,0,0,,taxable,,Pain Relief,"Paracetamol 500mg (OTC) 16 Caplets. Always read the label and any leaflet supplied. If symptoms persist, speak to your pharmacist or doctor. Supplied as 500mg.",GSL
simple,5036631004419,MolluDab 2ml,0,0,0,,taxable,,General Health,MolluDab 2ml. A health and wellbeing product. Supplied as 2ml.,GSL
simple,5060022300590,St Tropez Bronzing Self Tan Mousse Dark 200ml,0,0,0,,taxable,,Hair Care,St Tropez Bronzing Self Tan Mousse Dark 200ml. A hair care product. Supplied as 200ml.,No regulation
simple,0083000262531,Nature's Answer Mullein-X Cough Syrup NEW,0,0,0,,taxable,,Cold & Flu,"Nature's Answer Mullein-X Cough Syrup NEW. Always read the label and any leaflet supplied. If symptoms persist, speak to your pharmacist or doctor.",No regulation
simple,5015802289862,CANDLE AMBER ORCHID & LOTUS BLOSSOM,0,0,0,,taxable,,Beauty,CANDLE AMBER ORCHID & LOTUS BLOSSOM. A health and beauty product.,No regulation
simple,3616300984994,OPI INFINITE SHINE 2.0 15ML NAIL POLISH FALL-ING FOR MILAN,0,0,0,,taxable,,Beauty,OPI INFINITE SHINE 2.0 15ML NAIL POLISH FALL-ING FOR MILAN. A health and beauty product. Supplied as 15ML.,No regulation
simple,9314839010057,SunSense Kids 50ml,0,0,0,,taxable,,General Health,SunSense Kids 50ml. A health and wellbeing product. Supplied as 50ml.,No regulation
simple,8006540827260,Pampers baby dry size 4 25 Pack,0,0,0,,taxable,zero-rate,Baby & Child,Pampers baby dry size 4 25 Pack. A baby and child product. Supplied as 25 Pack.,No regulation
simple,0782126003409,Natracare Maternity Pads 10pc,0,0,0,,taxable,zero-rate,Women's Health,Natracare Maternity Pads 10pc. A women's health product.,No regulation
simple,8006540818824,Old Spice Shower Gel Captain 1000ml,0,0,0,,taxable,,Beauty,Old Spice Shower Gel Captain 1000ml. A health and beauty product. Supplied as 1000ml.,No regulation
simple,5033852400310,PILLMATE SMART PAK MX PENTA 40031 (50),0,0,0,,taxable,,General Health,PILLMATE SMART PAK MX PENTA 40031 (50). A health and wellbeing product.,No regulation
simple,5033852400273,Pillmate Smart Pak Twice Daily L 50 Pack,0,0,0,,taxable,,General Health,Pillmate Smart Pak Twice Daily L 50 Pack. A health and wellbeing product. Supplied as 50 Pack.,No regulation
simple,5060216564753,Haliborange Omega 3 & Multivitamin Softies Orange 30's 3-12 Years,0,0,0,,taxable,,Vitamins,Haliborange Omega 3 & Multivitamin Softies Orange 30's 3-12 Years. A vitamins and supplements product.,No regulation
simple,5035559026152,Endekay Daily Flouride Rinse 500ml,0,0,0,,taxable,,General Health,Endekay Daily Flouride Rinse 500ml. A health and wellbeing product. Supplied as 500ml.,No regulation
simple,5054805042043,Bristows Classic original dry shampoo 200ml,0,0,0,,taxable,,Hair Care,Bristows Classic original dry shampoo 200ml. A hair care product. Supplied as 200ml.,No regulation
simple,5015664002777,Systane Gel Drops 10ml,0,0,0,,taxable,,Vitamins,Systane Gel Drops 10ml. A vitamins and supplements product. Supplied as 10ml.,No regulation
simple,8718951030367,Colgate Sensitive Whitening 75ml,0,0,0,,taxable,,Oral Care,Colgate Sensitive Whitening 75ml. An oral care product. Supplied as 75ml.,No regulation
simple,5000158069770,Nurofen for Children Cold Fever&Pain 100ml,0,0,0,,taxable,,Baby & Child,Nurofen for Children Cold Fever&Pain 100ml. A baby and child product. Supplied as 100ml.,GSL
simple,3086123491113,Bic Ladies Disposable Razor Miss Soleil Colour Collection 7 Pack,0,0,0,,taxable,,Men's Grooming,Bic Ladies Disposable Razor Miss Soleil Colour Collection 7 Pack. A men's grooming product. Supplied as 7 Pack.,No regulation
simple,5999554820330,poxclin coolmousse rapid relief 100ml,0,0,0,,taxable,,Hair Care,poxclin coolmousse rapid relief 100ml. A hair care product. Supplied as 100ml.,GSL
simple,3600524143077,L'Oreal Men Expert Deo 250ml Hydra Energetic Extreme Sport,0,0,0,,taxable,,General Health,L'Oreal Men Expert Deo 250ml Hydra Energetic Extreme Sport. A health and wellbeing product. Supplied as 250ml.,No regulation
