SKU,Categories
5712249127893,Weight Management
5060999812003,Skincare
5014602102067,Weight Management
5014602102050,Weight Management
5712249127886,Weight Management
4210201337997,Oral Care
5014602102074,Weight Management
5014602102043,Weight Management
5014602102036,Weight Management
5391531561913,Oral Care
5391531561586,Oral Care
5707725104017,Hair Care
5712249121655,Weight Management
5014602102029,Weight Management
5712249121662,Weight Management
5707725100224,Hair Care
8594739305427,Weight Management
5707725702015,Hair Care
5391529530006,Weight Management
5391531561395,Oral Care
5391531561579,Oral Care
4210201396826,Oral Care
5712249127862,Weight Management
5391531561388,Oral Care
0732068566876,Testing & Monitoring
5707725704019,Hair Care
9007653000037,Vitamins
1230000026024,Vitamins
2222222222222,General Health
5010441075685,General Health
0033984020726,Vitamins
5809885045800,Vitamins
5391531561227,Oral Care
5060332534975,Vitamins
1230000026154,Vitamins
5017978000159,Vitamins
5060409330240,Skincare
5014602401078,Sexual Wellness
1230000026031,Vitamins
5060999811730,General Health
1210001142190,Sexual Wellness
5391531561401,Oral Care
5026468000166,Pain Relief
5060221910200,Vitamins
0033984013193,Vitamins
5060221910057,Vitamins
5060221910033,Vitamins
8809480780356,First Aid
3574661567808,Men's Health
0033984504981,Vitamins
8809480780394,Skincare
5430000087254,General Health
5060204164033,Prescription Medicines
5702191026276,Skincare
5021791003389,General Health
5702191014969,Skincare
8809480780370,Skincare
0033984009882,Vitamins
7350082940347,Skincare
7350082940330,Skincare
5025970011882,General Health
7610313405404,Vitamins
0033984023062,Vitamins
7350038490636,Women's Health
5060018515489,Vitamins
5709976180505,Vitamins
5060202183883,Vitamins
0033984035423,Vitamins
5021791006694,General Health
0033984547087,Vitamins
5060284540185,Skincare
7350038490629,Men's Health
5028392001578,Vitamins
1230000026048,Vitamins
0085805144715,Skincare
1230000026017,Vitamins
5034511000049,Home & Household
0020714773823,General Health
5060203791919,Vitamins
5013945120332,Men's Health
7350082940163,Hair Care
7350082940224,Skincare
7350082940361,Skincare
5060018510019,Vitamins
0033984018235,Vitamins
5013457010817,Sexual Wellness
0033984004245,Vitamins
0033984026025,Vitamins
5060409330233,Skincare
3800219793789,General Health
0658556025017,Vitamins
5060391847399,General Health
0033984007390,Vitamins
0033984036680,Vitamins
5021791001033,General Health
5060086610512,Digestive
5025970011875,General Health
7350082940712,Skincare
5060202183944,Vitamins
8809480780349,Skincare
5707725401505,Skincare
0033984020672,Vitamins
5031013103476,Vitamins
5060018511214,Vitamins
5028392001561,Vitamins
5031013104572,Vitamins
8809480780004,Eye Care
5060391846026,General Health
4210201161479,Oral Care
7350082940217,Skincare
5707725100217,Hair Care
7350082940408,Skincare
5060499390643,Weight Management
0033984010536,Vitamins
9335955004973,Hair Care
0033984011519,Vitamins
8001090909268,Women's Health
5060391847757,Beauty
9335955004966,Hair Care
5014602401061,Sexual Wellness
5054563013729,Weight Management
0085805411169,Skincare
1230000026000,Vitamins
3380811099101,Skincare
5014602401054,Sexual Wellness
5060332530472,Vitamins
0033984036734,Vitamins
7350082940996,Skincare
0658556025246,Vitamins
0658556025260,Vitamins
0658556025147,Vitamins
0658556025161,Vitamins
5038227000423,Prescription Medicines
0658556025222,Vitamins
5034511010826,Skincare
3597133090543,Pet Care
0658556025185,Vitamins
0850006075058,Beauty
5060571721846,Skincare
5060391847740,Beauty
7350082940125,Oral Care
5060391847733,Beauty
0033984009486,Vitamins
5034511006898,Skincare
0033984007383,Vitamins
5060204164026,Prescription Medicines
5012917010572,Pet Care
0021078008231,Vitamins
5707725100255,Hair Care
0033984020535,Vitamins
0658556025284,Vitamins
5060203792015,Vitamins
0020714297923,Women's Health
5060334120107,Prescription Medicines
0753950002838,Vitamins
5031013102233,Vitamins
5031812509158,General Health
0033984011830,Vitamins
5060203790080,Vitamins
0033984010499,Vitamins
0658556025208,Vitamins
5060018516561,General Health
8710103895060,Baby & Child
5060018516608,General Health
5000243502939,Vitamins
3337873400994,General Health
0033984009363,Vitamins
0033984013223,Vitamins
5060202181001,Vitamins
0033984020580,Vitamins
0033984008335,Vitamins
0814784027258,Vitamins
0814784027265,Vitamins
0796548445020,Women's Health
0814784027104,Vitamins
5034511006782,General Health
0739090023254,Women's Health
5060086610802,Women's Health
0658556024522,Skincare
5060332533688,Vitamins
5060259570179,Vitamins
5034511005983,Skincare
5034511005976,Skincare
0658556025062,Vitamins
5060202180134,Beauty
5028392002681,General Health
0658556025086,Vitamins
5060203796174,Vitamins
0814784027142,Vitamins
3800219790375,Skincare
5060363050390,Digestive
5017978000012,Vitamins
8809480780011,Eye Care
5060259571565,Vitamins
0634158532955,Vitamins
3574660663136,Stop Smoking
0754590219792,Vitamins
5034511029422,Skincare
0658010120838,General Health
0658010120913,Vitamins
5060259571640,Hair Care
5425018610600,Vitamins
5060704340463,Men's Grooming
5056555204672,Vitamins
5056555202494,Vitamins
5034511006751,Skincare
5056555204702,Vitamins
0658556024997,Vitamins
5060518931451,Vitamins
5060203793296,Vitamins
5060203790806,Vitamins
5060102300724,General Health
4001638086608,Vitamins
5000243503134,Vitamins
5391531562538,Oral Care
0814784026800,Vitamins
5391531562521,Oral Care
9421900569809,Skincare
5060332535071,Vitamins
5060332536245,Vitamins
3661103048855,Pet Care
5060203792145,Vitamins
0033984013513,Vitamins
5010605211102,Sexual Wellness
5012917010657,Pet Care
0658556025024,Vitamins
5012917010619,Pet Care
0033984023048,Vitamins
0033984010352,Vitamins
0033984004399,Vitamins
0033984035614,Vitamins
0814784024172,Vitamins
0658010120883,Vitamins
5060086610833,Digestive
5702191009415,Skincare
5060202185054,Vitamins
0033984009240,Vitamins
0814784025926,Vitamins
5055382306269,Testing & Monitoring
5060203791612,Vitamins
5420036914945,Vitamins
0726754953163,Vitamins
7610313304462,Vitamins
3597133090536,Pet Care
0814784024295,Vitamins
0814784024271,Vitamins
5060410577184,Skincare
4064666310619,Hair Care
5060018513164,Vitamins
5034511004320,Skincare
0814784024196,Vitamins
5060259572296,Vitamins
5060018516547,General Health
0814784028408,Vitamins
0814784027524,Vitamins
5031013109195,Vitamins
4005900853301,Skincare
5028392002667,Vitamins
5034511000704,General Health
0033984017290,Vitamins
5060968690434,Vitamins
5060332530762,Vitamins
0814784027203,Vitamins
5028392001998,General Health
0634158637643,Vitamins
7350038490643,Skincare
0658010120845,General Health
7350038490650,Pain Relief
0658010120906,Vitamins
7350038490667,General Health
0658010120937,Vitamins
0033984010437,Vitamins
1210001147140,Sexual Wellness
0658010120876,General Health
5420036914822,Pet Care
7350038490704,Women's Health
0658010120890,Vitamins
7350038490223,Men's Health
0634158637711,Vitamins
5060203790622,Vitamins
0658010120869,General Health
5060144752369,Pet Care
7350038490711,Beauty
0033984239432,Vitamins
3800219792607,Skincare
5028392001882,Vitamins
5060391845982,General Health
5031013106507,Skincare
5028392002360,General Health
5060203795009,Vitamins
5028392002575,Vitamins
7350082941016,Hair Care
5060203795061,Vitamins
4005900735997,Skincare
5034511006690,Vitamins
5060203793968,Vitamins
9421900569014,Skincare
4020829006911,General Health
0033984026414,Vitamins
0658010121002,Vitamins
8000300431940,Vitamins
0033984013186,Vitamins
7350082940910,General Health
4020829006904,General Health
5055148412951,Vitamins
5060259570377,Vitamins
5060332531097,Vitamins
3337873401236,General Health
5060259570001,Vitamins
0033984017528,Vitamins
0033984020665,Vitamins
0033984007147,Vitamins
0610370601549,Vitamins
0610370613986,Women's Health
0610370613979,Women's Health
5055565743812,Sexual Wellness
0658556024980,Vitamins
3597133090529,Pet Care
0658556024942,Vitamins
0739090023247,Women's Health
0658010121026,General Health
5038227000409,Prescription Medicines
0610370613993,Supports & Braces
0658556024966,General Health
5060203790158,Vitamins
0634158637407,Vitamins
0634158637285,Vitamins
5031013102783,Vitamins
3661103048848,Pet Care
4005900542724,Skincare
5707725401017,Skincare
5707725402014,Skincare
5060588690005,General Health
0033984005716,Vitamins
5034511006607,Beauty
5031013103063,Vitamins
0850006075164,Beauty
0033984015616,Vitamins
0814784026527,Vitamins
5060518932953,Vitamins
0658556025048,Vitamins
5028816000033,Vitamins
5060518933370,Vitamins
3862700018252,General Health
4007221046851,Pet Care
5060203791810,Vitamins
0085805410940,Skincare
0634158637698,Vitamins
4015600566920,Women's Health
5031013103025,Vitamins
5028392001844,Men's Health
0857273008703,Vitamins
3282779324458,Women's Health
7391325633336,Vitamins
3282770153170,Skincare
5060259572180,Hair Care
5060193643809,Baby & Child
3282770153101,Skincare
5060259572067,Skincare
3282770153200,Skincare
0016185300309,Vitamins
5028392001554,Pain Relief
3574661571799,Men's Health
7391325933337,Vitamins
0610370614013,Vitamins
5025201661978,Skincare
0610370601501,Vitamins
0726754953156,General Health
0634158532894,Women's Health
5056142608005,Vitamins
0017854118416,Women's Health
5055565743775,Sexual Wellness
0033984010017,Vitamins
5425010394041,Vitamins
3574661365909,Women's Health
8594739273863,Pain Relief
0702811534551,Supports & Braces
0754590219778,Vitamins
5060320560023,General Health
8445290804679,Vitamins
5060018516578,General Health
5060203790820,Vitamins
5060391846002,General Health
5000283663010,Sexual Wellness
0634158637247,Supports & Braces
5430000087025,General Health
0658556024935,Vitamins
8470003406581,General Health
5060018513249,Vitamins
9421904569010,First Aid
5060086610895,Digestive
4007221046844,Pet Care
0033984011229,Vitamins
7350038490230,Women's Health
0658556025000,Vitamins
5430000087001,Vitamins
5000198521702,Prescription Medicines
0016185300149,Vitamins
0768990017933,Vitamins
3282770393408,Skincare
0702811534513,Women's Health
5031013102899,Pain Relief
5031013104565,Vitamins
0850005892007,Vitamins
5391531562248,Oral Care
5031013104053,Vitamins
3395019899460,Skincare
5060363050406,Vitamins
5028392001974,General Health
4005800077296,General Health
5031013100659,Vitamins
5028392002810,Women's Health
5060704340449,Men's Grooming
5060571721167,Skincare
4007221047667,Pet Care
5060202186174,Women's Health
5055148414825,Vitamins
5060203791872,Vitamins
5708932531474,General Health
0033984025585,Vitamins
0033984035027,Vitamins
5055148414092,Vitamins
3661103004615,Pet Care
5707390040269,Vitamins
0083000263705,Women's Health
0739090023230,Women's Health
5027314502551,Vitamins
5060203794705,Vitamins
4007221046837,Pet Care
5060202184712,Vitamins
3800219790269,Skincare
5060259572050,Skincare
3380810378641,Skincare
94183986,Skincare
5060259572043,Skincare
5060202181674,Vitamins
5031013105227,Vitamins
8809480781650,Eye Care
5055148400699,Vitamins
3661103048831,Pet Care
5012917010695,Pet Care
0634158894084,General Health
8470001669421,Skincare
0016185128996,Vitamins
5012917010732,Pet Care
5010605640322,Beauty
5060202182503,Vitamins
5028392002179,General Health
0033984006416,Vitamins
5060202181612,Vitamins
0033984000285,Supports & Braces
3380810649109,Skincare
5060144750358,Vitamins
0850030689177,General Health
7350082940477,Vitamins
3800219790382,Skincare
8445290724960,Vitamins
3597133090512,Pet Care
0033984009479,Vitamins
5017978000340,Vitamins
8032665371067,Skincare
5060702872799,Baby & Child
5060203791438,Vitamins
5060552881026,Vitamins
5060259572128,Vitamins
0658556025123,Vitamins
5060278341927,Testing & Monitoring
0726436089661,Vitamins
8809480780318,Skincare
5060203795450,Vitamins
5055565743799,Sexual Wellness
3574661343013,Stop Smoking
8429979355355,Skincare
5060202186303,Vitamins
0033984035478,Vitamins
8445291270053,Vitamins
5031013103032,Vitamins
5060391847061,General Health
5024084002106,Vitamins
3574660478532,Stop Smoking
5028392002629,Vitamins
5391531561364,Oral Care
7391325333410,Vitamins
5034511002562,Skincare
5031013102080,Vitamins
3337873401892,Skincare
7350038490162,Men's Health
5060571722539,Hair Care
0610370601495,Vitamins
0610370601518,Women's Health
0610370614006,Hair Care
6009544916109,General Health
1210001140776,Sexual Wellness
5012917012217,Pet Care
5060202185757,Supports & Braces
5060203791902,Vitamins
5060203795269,Skincare
5425010394089,Vitamins
0033984017672,Vitamins
3661103003427,Pet Care
5060203793517,Vitamins
0658556116975,Vitamins
8429979417312,Skincare
5425010394003,Vitamins
0033984020283,Vitamins
3661103003434,Pet Care
4210201319757,Oral Care
5060202185719,Vitamins
4020829041356,Skincare
5055148412425,Vitamins
6009544916079,General Health
7350082940132,Oral Care
5060704340531,General Health
5060332535989,Vitamins
7350082940354,Skincare
5028392002193,Vitamins
5060258390006,Vitamins
5060203792022,Vitamins
5031013101281,Vitamins
5391531560336,Oral Care
7350082941009,Skincare
8445290883612,Vitamins
0016185096653,General Health
0739090023223,Women's Health
5060203790110,Vitamins
5017007601630,Women's Health
5060086610482,Digestive
0873024003209,Vitamins
5055148410322,Vitamins
8713975500520,Vitamins
5028392002704,General Health
5060203795498,Vitamins
5060363050000,Vitamins
7391325900544,Vitamins
4005900875259,General Health
4005800025358,Skincare
5391520940743,Skincare
5060099030888,General Health
6009544916130,General Health
5060503930025,Pain Relief
0610370614037,Vitamins
0658556024768,Vitamins
0658556025154,Vitamins
0033984009332,Vitamins
0658556025277,Vitamins
5034511010253,Skincare
3574660635607,Stop Smoking
5391531561418,Oral Care
8809684560655,Skincare
5060203795474,Vitamins
5055148414931,Vitamins
4064666321790,Hair Care
0658556025253,Vitamins
5060203791940,Vitamins
5060216563947,Vitamins
0658556025130,Vitamins
0033984026766,Vitamins
5060018516042,Vitamins
0658556024744,Vitamins
5060203793678,Vitamins
0768455109609,First Aid
3574660619812,Stop Smoking
0033984015272,Vitamins
0033984001022,Vitamins
8809684561249,Skincare
0083000261374,Vitamins
5055382306245,Testing & Monitoring
5060342242358,Testing & Monitoring
0033984004238,Vitamins
5060031470512,General Health
0033984026018,Vitamins
0658556024676,Vitamins
5015802293265,Beauty
0658556025215,Vitamins
0658556025178,Vitamins
0634158970139,General Health
5060018513157,Vitamins
5060203794118,Vitamins
3574661383606,Skincare
0083000261398,Vitamins
9421900569021,Skincare
0814784024240,Vitamins
5034511010307,Skincare
5060144753397,Skincare
0020714576219,Skincare
8445290701787,Vitamins
8809684560020,Skincare
3666057174445,Skincare
5060018513614,Vitamins
0768990061103,Vitamins
5023652441033,Vitamins
8429979417343,Skincare
5060202184934,Vitamins
5055148403041,Vitamins
7046260606319,Stop Smoking
0658556025192,Vitamins
5391531561425,Oral Care
8000300432244,Vitamins
5060018513591,Vitamins
0658556117026,Vitamins
0013964127423,Skincare
6945799150281,Testing & Monitoring
8000300432305,Vitamins
5060018513553,Vitamins
7702018508341,Men's Grooming
5015802289923,Beauty
8000300432268,Women's Health
5055148414900,Vitamins
0634158883996,Vitamins
5060018510002,Vitamins
5060018514680,Vitamins
5060202183890,Vitamins
5031013100697,Vitamins
5031013100925,Vitamins
5031013109584,Women's Health
5031013102776,Vitamins
5031013109669,Women's Health
5060342242310,Testing & Monitoring
5031013109676,Women's Health
3380810032840,Skincare
3337873401793,General Health
5060342242341,Testing & Monitoring
8718053574318,Beauty
5060363050109,Skincare
0033984009165,Vitamins
0033984001169,Vitamins
5036631008646,Skincare
3380810648454,Beauty
0033984014176,Vitamins
4007221036395,Pet Care
0033984007543,Vitamins
5060148521138,Vitamins
5031013100192,Vitamins
5012564005341,Skincare
0634158533228,Vitamins
7350012553487,Vitamins
5060202181827,Vitamins
0089815200140,Vitamins
5031013100543,Vitamins
5031013108518,Vitamins
5011417576205,Supports & Braces
0020714656034,Skincare
5060035240654,General Health
5060332530977,Vitamins
5060035240692,General Health
5031812509103,General Health
0033984014749,Vitamins
0033984035607,Vitamins
5391528870158,Vitamins
5060519147547,Vitamins
0658556025093,Vitamins
0658556025109,Vitamins
8809844991084,General Health
0604565041036,General Health
5060203794002,Vitamins
5055148412678,Vitamins
5060202183852,Vitamins
8809566990075,Skincare
5034511000308,Pain Relief
8809844993101,Skincare
0768990017940,Vitamins
8809626566608,Skincare
8809844996553,Skincare
5010724932544,Hair Care
0033984017023,Vitamins
4005900570802,Skincare
5060150090158,Skincare
5060203790776,Digestive
8809844996515,Skincare
5036631003610,General Health
5010441075333,General Health
0658556025116,Vitamins
9421904521926,Skincare
8809566991621,General Health
5012564005358,Skincare
5060203795429,Vitamins
0089815200157,Vitamins
0658556024515,Skincare
3616302514502,Skincare
5010123725969,Stop Smoking
3862700027858,General Health
5060203791469,Vitamins
8809083996857,Skincare
4005900728586,Skincare
5031013101151,Vitamins
3800219792645,Skincare
0017854110373,Beauty
5060704340418,Beauty
5012564000117,Skincare
0814784027081,Vitamins
4005800161445,Skincare
5027519009008,Eye Care
4005800161421,Skincare
0814784027098,Vitamins
5712249121143,Women's Health
5060018511573,Vitamins
5031013100949,Vitamins
5036631001524,Vitamins
5392000067417,Vitamins
5065000523220,Vitamins
5060332531417,Vitamins
3282770101669,Skincare
3800219790252,Skincare
0634158637155,Vitamins
4210201343530,Oral Care
0033984040236,Vitamins
5060202184569,Vitamins
0753950001831,Vitamins
0850043624158,Vitamins
0658556117040,Vitamins
5060150090011,Skincare
5028392002636,Vitamins
5021265248452,Hair Care
0658556117002,Vitamins
0658556117477,Vitamins
0658556116920,Vitamins
7350082941115,General Health
8445291071766,Vitamins
5060018513232,Vitamins
5060704340456,Men's Grooming
50562558,Vitamins
9421904569096,First Aid
5070000991238,Vitamins
5060018515021,Vitamins
0033984010529,Vitamins
5060203791315,Vitamins
7350087736730,Skincare
0814784024301,Vitamins
5060018513560,Vitamins
5034511000209,Skincare
4005800025365,Skincare
3597134003054,Hair Care
5031013102523,Vitamins
5060018515335,Vitamins
5034511002524,Skincare
0016185300293,Vitamins
5060203792893,Vitamins
0658556116890,General Health
0658556116937,Vitamins
3380812554104,Skincare
8809567929838,General Health
0658556025239,Vitamins
0033984012059,Women's Health
8009722003964,Skincare
0658556116913,Vitamins
9337213007184,Supports & Braces
5055148403737,Vitamins
0814784027050,Vitamins
5024084000034,Vitamins
5707637900028,Vitamins
4005900916174,Skincare
5060469590066,Beauty
9314839019197,Skincare
5031013104626,Vitamins
5031013103797,Vitamins
0850030689085,General Health
0033984032811,Vitamins
5391528870103,Vitamins
5055148413361,Vitamins
0033984007819,Vitamins
5036072007628,Prescription Medicines
5060203791353,Vitamins
5060203791728,Vitamins
9421900569786,Skincare
5056142607213,Vitamins
5060193642451,Skincare
3661103000433,Pet Care
5060035240609,Skincare
4008600405528,Baby & Child
5034511002500,Skincare
8806158552581,Skincare
8445290821546,Vitamins
5034511000926,Women's Health
0658556116906,Vitamins
5060203792244,Vitamins
3380810032901,Skincare
7350082940484,General Health
5012564005419,Skincare
8009722008709,Hair Care
7350082941122,Skincare
0702811534544,Vitamins
5034511001664,Skincare
3606000619814,Skincare
0658556117088,Vitamins
5012564005402,Skincare
4005800053061,Skincare
0658556117163,Vitamins
4015600566968,Women's Health
0033984012066,Vitamins
0033984035416,Vitamins
5060018515052,Baby & Child
5060519147479,Vitamins
5060332534678,Vitamins
5060150090110,Skincare
5034511002739,Beauty
5034511002784,Skincare
5060203796136,Vitamins
0726754953170,General Health
9332996000124,Skincare
0506073442087,Beauty
5034511002814,Skincare
5060018513584,Vitamins
1210001140783,Sexual Wellness
3597134005461,Hair Care
5060136930010,Skincare
0017854117396,Beauty
5034511002586,Skincare
5055148414870,Vitamins
0083000006517,Skincare
5060332530427,Vitamins
5055148408534,Vitamins
5060202185108,Vitamins
5060203793371,Vitamins
5038227000416,Prescription Medicines
0851325002053,Skincare
5070000991214,Vitamins
0726754953200,General Health
0033984029804,Vitamins
5056142607244,Vitamins
0658556116999,General Health
5060099033018,Hair Care
5055148400569,Vitamins
3597133027334,Pet Care
4005900570796,Skincare
5056142607220,Vitamins
0033984011991,Vitamins
5707725100118,Hair Care
0658010121040,Vitamins
5060018511672,Vitamins
0731788983611,Vitamins
0033984020320,Vitamins
5031013100109,Vitamins
5031013104640,Vitamins
5017978104758,Vitamins
5017978000272,Vitamins
7618900711013,Women's Health
7618900906709,General Health
0020714462741,Skincare
8809408730920,Skincare
4001638088039,Vitamins
5028392001356,Vitamins
5060332534944,Vitamins
3800219790399,Skincare
3282770153217,Skincare
5391531562835,Oral Care
0850018802215,Hair Care
4005900517852,Skincare
5420036936268,General Health
0658556025079,Vitamins
5060136930034,Skincare
0634158533211,Vitamins
5060332534968,Vitamins
5031812509202,Hair Care
5060203790745,Vitamins
4020829007314,Skincare
9421900569076,Skincare
5060202181179,Vitamins
5021265222544,Vitamins
5028392002001,Vitamins
3380810033694,Skincare
5060704340432,Men's Grooming
3282770101652,Skincare
0737870240761,Vitamins
5060518932588,Vitamins
0658556024645,Vitamins
5060018515366,Vitamins
0658556116968,Vitamins
5060776980864,Vitamins
0658556024812,Vitamins
8809567925182,Skincare
6009544910619,Vitamins
5060099032424,Hair Care
5021791704460,Testing & Monitoring
0033984041387,Vitamins
5060968690472,Vitamins
0658556116982,Vitamins
3380810304916,Skincare
6009544910596,Vitamins
0033984020511,Vitamins
4005900782878,Skincare
5060203794781,Vitamins
0658556024546,Vitamins
4005900661388,Skincare
5031013105593,Vitamins
5016870224274,Testing & Monitoring
5031013109720,Men's Health
5060136930027,Skincare
6009544910657,Vitamins
5410765002686,Beauty
5060552880500,Vitamins
5034268006066,Digestive
5060203791858,Vitamins
0705928888012,Cold & Flu
6009544910633,Vitamins
7350038490124,General Health
5055565743768,Sexual Wellness
4007221046868,Pet Care
5060203792008,Vitamins
5060776980659,Vitamins
6009644650033,Vitamins
4210201329855,Oral Care
5060203796228,Vitamins
0021078000228,General Health
5060086610123,Digestive
4020829005235,Skincare
5060018515472,Vitamins
0033984028029,Vitamins
5060018515342,Vitamins
0020714598907,Skincare
5056682200608,Skincare
5056682200615,Skincare
5031013103728,Hair Care
5031013104275,Vitamins
0033984023192,Vitamins
7702018425198,Men's Grooming
5060409330226,Skincare
0033984024212,Vitamins
5055148400149,Vitamins
0033984007154,Vitamins
0814784027234,Vitamins
5025201661961,Skincare
5391531561494,Oral Care
5060927260531,Skincare
8436583640173,General Health
0896364002756,Continence
0020714222857,Skincare
3282770207552,Skincare
5060644167410,General Health
5060193641744,Skincare
0658010120814,General Health
8809566990440,Beauty
5060588690357,General Health
5034511006645,Skincare
5060099031281,Beauty
9421906730708,Skincare
5060704340517,Oral Care
5060644167427,General Health
5060644167403,General Health
5028392003077,Vitamins
9338177000587,General Health
5034511000155,Skincare
3361370620722,Cold & Flu
5060203790172,Vitamins
0850018802796,General Health
5034511000162,Skincare
5031812509257,Hair Care
5060202182541,Vitamins
5060999811884,Skincare
5034511000117,Women's Health
5055148410674,Vitamins
5034511000353,Skincare
5060089610755,Sexual Wellness
5012564005334,Skincare
5060805780014,Prescription Medicines
0896364002763,Continence
5060409330134,Vitamins
0074312002724,Vitamins
5060409330059,Vitamins
7391325933382,Vitamins
7350082941146,General Health
8809408731019,Skincare
7350082941160,General Health
8809083997106,Skincare
8809663751654,Skincare
5060203793579,Vitamins
9314839010040,Skincare
5060291420609,Skincare
0658556117484,General Health
0634158970252,Vitamins
5060018515465,Vitamins
0851325002008,Skincare
8809566990952,Skincare
5060018515380,Vitamins
0634158970191,General Health
5060018515403,Vitamins
5056142611227,Vitamins
5060018515434,Vitamins
5391531561449,Oral Care
0658556117019,Vitamins
5060968691110,Vitamins
0033984504974,Supports & Braces
0658556024737,Vitamins
8809408730913,Skincare
4064666310541,Hair Care
5060523017454,Skincare
5060018515458,Vitamins
5011309031119,Skincare
5060018515397,Vitamins
5012564005112,Skincare
8000300431926,Vitamins
0658556024775,Vitamins
0083000006289,General Health
5391531561869,Oral Care
8809684560808,Skincare
5060203791698,Vitamins
0731788983628,Vitamins
5056142607237,Vitamins
0753950000872,Vitamins
0850005892052,Skincare
5060083290311,Skincare
5060203791254,Vitamins
4005900645432,Skincare
5060018513577,Vitamins
8809567925205,Skincare
5060018513607,Vitamins
5060280920516,Skincare
0658556024782,Vitamins
5060927260524,Pain Relief
5060018515441,Vitamins
0634158970160,General Health
3800219792164,Skincare
0634158970313,General Health
0634158970221,General Health
5060203790059,Vitamins
5055148407575,Vitamins
3574661568119,Women's Health
9335955005703,Skincare
0878941000065,Vitamins
5034511006638,Cold & Flu
5056142606162,Vitamins
5702191008395,Skincare
0658556117033,Vitamins
4064666224503,Hair Care
5060018515359,Vitamins
5025903023395,General Health
0739090023216,Pet Care
0658556116944,Vitamins
0033984003163,Vitamins
8429979417336,General Health
5025903023418,General Health
0658556024850,Vitamins
9335955004522,Skincare
5055132717451,Skincare
5031013109591,Vitamins
5060203791834,Vitamins
5012674901748,Pet Care
0033984020573,Vitamins
8809083995409,Skincare
5060519148278,Vitamins
9337213007191,Supports & Braces
3800219792652,Skincare
5060018511429,Vitamins
8809540510206,Skincare
4020829065437,Skincare
5060203790028,Vitamins
0033984011106,Vitamins
5025903024620,General Health
5060704340470,General Health
3574660411805,Stop Smoking
5060409330035,Vitamins
5060409330042,Vitamins
0033984039728,Vitamins
3411113007324,Hair Care
5060193642697,Beauty
8009722000239,Women's Health
5060710518696,First Aid
0033984328747,Vitamins
5060193641751,Skincare
5038483844281,Supports & Braces
5010415230126,General Health
5055148404925,Vitamins
4005900990303,General Health
5031013100499,Vitamins
3282770075571,Hair Care
9332996000407,Baby & Child
8809663751593,Vitamins
8809743540321,Beauty
0033984329546,Women's Health
0033984022959,Supports & Braces
5031013100086,Vitamins
5017978000043,Vitamins
5017978000289,Vitamins
5060704340487,Skincare
5039021007106,Pain Relief
5060519147899,Women's Health
5060519144027,Women's Health
0702811534506,Vitamins
3282770390469,Skincare
5060203790851,Vitamins
5060203791667,Vitamins
5060280920363,Pain Relief
5017978104772,Digestive
8009722001946,Hair Care
0033984003620,Vitamins
5060776980185,Digestive
5060018515571,Vitamins
5016003733901,Testing & Monitoring
5060203793739,Vitamins
5060203792138,Vitamins
5060571722638,Skincare
0768990027635,Vitamins
8000300432275,Vitamins
0850045076085,Skincare
5060018515588,Vitamins
0033984595972,Vitamins
7322541406077,Continence
5060018515618,Vitamins
5060203796167,Vitamins
8711744049300,Skincare
8009722000932,Skincare
0054402720028,Skincare
5060018515557,Vitamins
0033984027725,Vitamins
5060203796303,Vitamins
4005900990297,Skincare
3574660478518,Stop Smoking
5060150090134,Skincare
5031013103056,Skincare
5060018515632,Vitamins
0033984023352,Vitamins
5060203792381,Vitamins
4103040043740,Skincare
0753950004085,Vitamins
8809663751616,Beauty
5060099032318,Hair Care
5027314498229,Vitamins
5031013104886,Vitamins
5031013100475,Vitamins
5031013108853,Vitamins
5031013108570,Vitamins
5031013104756,Vitamins
5060258390013,Vitamins
0074312002656,General Health
5031013102608,Vitamins
5060193642659,Beauty
5060099030086,Skincare
0634158940415,Vitamins
5055148410377,Vitamins
3337875542647,Skincare
0033984003149,Vitamins
5060202180356,Vitamins
0033984007376,Vitamins
0634158940392,Vitamins
8445290903877,Vitamins
4251778100041,Skincare
7391325533339,Vitamins
4005800045578,Skincare
3282779310741,General Health
5011309580112,General Health
5060203790684,Vitamins
8009722003780,Women's Health
5060519144010,Vitamins
8806158552574,General Health
5707725600304,Hair Care
5060150090325,Skincare
3666057125669,Skincare
5060776980536,Hair Care
5021265223305,Vitamins
3661103003298,Pet Care
3411113007348,Hair Care
5060673980271,Vitamins
5010123725952,Stop Smoking
5060673980059,General Health
3401344908576,Skincare
5065000523732,Vitamins
5031013100802,Vitamins
0850005892021,Skincare
5016695008417,Sexual Wellness
5051594006843,Baby & Child
5065000523718,Vitamins
0033984007840,Vitamins
5391500070804,General Health
7350082941153,General Health
3282770149432,Hair Care
8809581075351,Skincare
0658556117064,Vitamins
5070000991252,Vitamins
8700216356619,Vitamins
5060086610710,Digestive
5034511004153,Skincare
5060203793289,Vitamins
8809587521807,Beauty
5038483844397,Supports & Braces
5060099030079,Skincare
5060203794927,Vitamins
3282770100297,Skincare
3282770203493,Skincare
0054402290552,Beauty
5060035247387,Prescription Medicines
9335955004850,Skincare
5391531561500,Oral Care
8809083996284,General Health
9335955002986,Beauty
0033984000575,Vitamins
5060571822253,General Health
0033984024014,Vitamins
0658556025055,Vitamins
8809514550009,Hair Care
3282779351225,Women's Health
0658556024713,Vitamins
3830074580996,General Health
3282770388954,Skincare
0658556024652,Vitamins
8809447251394,Skincare
0658556024928,Vitamins
5000167032598,Skincare
9335955000005,Beauty
3666057216886,Skincare
3380810199802,Skincare
5060203790073,Vitamins
3380810449068,Skincare
5012748615342,Prescription Medicines
0739090024824,Pet Care
5060086610475,Digestive
5012917012187,Pet Care
5060035247400,Prescription Medicines
8809684560624,Skincare
9335955004515,Skincare
0083000009013,Vitamins
5060571822468,Vitamins
7610313405305,Vitamins
9335955004157,Skincare
5020465201397,Beauty
0013964127447,Skincare
5012616265884,Stop Smoking
5060571723178,Hair Care
5060571723185,Hair Care
5031013102691,Vitamins
5031013108877,Vitamins
5031013102479,Vitamins
0033984362130,Vitamins
5060018515649,Vitamins
3333333333338,Skincare
5060018511436,Vitamins
5060018515540,Vitamins
1221122112214,Skincare
0033984011823,Vitamins
0033984169876,Vitamins
8809990007479,Skincare
1456953859131,Skincare
1212121212128,Skincare
9335955005598,General Health
5407007650002,Men's Grooming
5407007651191,Men's Grooming
9314839019715,Skincare
5023652363069,Vitamins
0033984004320,Vitamins
0033984004221,Vitamins
5430000934992,Men's Grooming
5407007651177,Men's Grooming
0033984011502,Vitamins
1210001146457,Sexual Wellness
0753950001299,Vitamins
5038483844465,Supports & Braces
5060069281890,First Aid
3282770050103,General Health
3411113007294,Hair Care
5065000523381,Vitamins
3800219790351,Skincare
8809663751623,Beauty
5060571720641,Men's Grooming
5060018515823,Vitamins
7322540696219,Continence
0033984013551,Vitamins
3411113007300,Pet Care
5010415227270,General Health
8809566990426,Skincare
5028392002568,Vitamins
5060203791636,Hair Care
5060018511726,Vitamins
5060552880005,Vitamins
0978020137962,Sexual Wellness
5060410574046,Digestive
0020714291839,Women's Health
0033984018464,Vitamins
3411113007287,Hair Care
5060099031403,Beauty
0017854107397,Beauty
5060410574008,Skincare
5060552880029,Vitamins
5031013104305,Supports & Braces
7702018273423,General Health
0033984027060,Vitamins
0033984012950,Vitamins
7613287212528,Vitamins
0658556116951,Vitamins
7350082941139,General Health
5023652389069,Vitamins
0634158940408,Vitamins
5430000934978,Men's Grooming
5060202180776,Vitamins
5012616265457,Stop Smoking
0634158940422,Vitamins
7702018480494,Men's Grooming
5017353506405,Sexual Wellness
0773554151053,Baby & Child
0033984033009,Vitamins
8009722003971,Hair Care
8009722003988,Women's Health
0054402250433,Skincare
0753950002517,Vitamins
7322541410937,Continence
9335955004324,Skincare
7322541405759,Continence
9335955002979,Hair Care
7322540647266,Continence
5055757900191,Vitamins
5060776980109,Vitamins
9335955000203,Skincare
5012616266195,Stop Smoking
5020465201762,Skincare
0658556024560,Vitamins
5060571822956,Vitamins
5060776980932,Women's Health
9335955001941,Skincare
5060202184804,Hair Care
5023652433069,Vitamins
0033984004580,Vitamins
0033984007536,Vitamins
0054402730188,Skincare
0658556117217,Vitamins
0658556024577,Vitamins
0658556024690,Vitamins
0896364002749,Hair Care
0083000016417,General Health
5060112866128,Skincare
0054402720035,Skincare
3666057042317,Skincare
8445291269552,Vitamins
3282770388381,Skincare
0658556024843,Vitamins
9335955002696,Skincare
5034511006720,Skincare
5060410574039,Skincare
4210201200581,Oral Care
9335955004263,Skincare
0020714352837,Skincare
0016185300057,Vitamins
0033984041431,Vitamins
0022548436820,Beauty
5000477724190,Prescription Medicines
5016870224168,First Aid
5060391845968,General Health
0054402730195,Skincare
0033984033511,Vitamins
0033984009561,Vitamins
4024787430542,Eye Care
5017123033155,Prescription Medicines
5034511005563,General Health
0083000016622,General Health
5060776980215,Skincare
8809990007431,Skincare
3282770394009,Skincare
5060552880012,Vitamins
5060018515410,Vitamins
0033984023277,Vitamins
0658556024751,Vitamins
8711744055493,Sexual Wellness
5707725100606,Hair Care
9332996000209,Skincare
0658556117095,Vitamins
8809514550115,Hair Care
0658556024720,Vitamins
3574661343563,Stop Smoking
0658556024805,Oral Care
0033984005839,Vitamins
0658556117071,Vitamins
0768990311307,Vitamins
5055148412111,Vitamins
5056142604939,Skincare
5060203794156,Vitamins
0013964127430,Skincare
5060203792916,Vitamins
5055148403478,Vitamins
8809684561997,Vitamins
8429979419491,Skincare
2100007035994,Skincare
7322541405209,Continence
7322540698107,Continence
0033984512863,Women's Health
5056142604908,Vitamins
5060018514697,Digestive
5060018515373,Vitamins
9335955005680,General Health
4006000101422,Skincare
0033984008328,Vitamins
5031013103421,Vitamins
5031013109645,Vitamins
5031013109188,Vitamins
0033984017610,Vitamins
5391500077889,Women's Health
0033984032309,Vitamins
0033984010338,Vitamins
5023652456099,Supports & Braces
3337875684101,Skincare
0033984036031,Vitamins
0033984036673,Vitamins
5060229011688,Vitamins
5031013108587,Vitamins
5031013106477,Vitamins
5031013108709,Vitamins
5060332534531,Vitamins
0033984004382,Vitamins
8809514550283,Hair Care
5060704340395,Skincare
8809581075344,General Health
8809540510190,General Health
5060409330219,Skincare
8429979424464,Skincare
5060519147776,Vitamins
5060259571695,Hair Care
5034511004504,Skincare
3411113007263,Hair Care
3411113007331,Hair Care
7610313313174,Vitamins
5060259571718,Pain Relief
3282770208016,Skincare
5034511000094,Skincare
5034511002166,Skincare
5060499390919,Vitamins
5034511000766,Skincare
0020714462789,Skincare
5709976301504,Vitamins
8809083996598,General Health
6001159111368,Skincare
9343345000344,Eye Care
8009722011174,Vitamins
5060202184774,Vitamins
0020714045159,Beauty
5060203791605,Vitamins
0192333138984,Skincare
3282779256438,General Health
0192333138977,Skincare
5060202184828,Vitamins
8809663751661,Skincare
5060203790479,Vitamins
5060202186372,Skincare
5034511004511,Men's Health
5060203792282,Vitamins
5038483844380,Supports & Braces
5060546081050,Women's Health
5060203791391,Vitamins
5055148413316,Vitamins
3574661068268,Stop Smoking
3800219790405,Skincare
3606000619838,Skincare
5013455240094,Skincare
5060546081555,Women's Health
0033984314054,Vitamins
0634158987564,General Health
3282770203806,Hair Care
4001638526708,Skincare
3282770396317,Baby & Child
8009722008716,Vitamins
0020714783297,Skincare
5060519147578,Vitamins
4005900492944,Skincare
9343345000337,Skincare
0033984512856,Vitamins
3337875795456,Skincare
5031013108556,Vitamins
0658556024683,Vitamins
5034511002494,Skincare
5060203793937,Vitamins
8700216436342,Vitamins
5060259571688,Skincare
5055148400682,Vitamins
0658556024836,Vitamins
8009722000802,Women's Health
9332996000216,Skincare
3666057145414,Skincare
3800219790368,Skincare
0658556024584,Vitamins
3380810243314,Beauty
5038483844410,Supports & Braces
3666057031236,Beauty
5055382306283,Testing & Monitoring
5060203793876,Vitamins
5028392002124,Vitamins
0658556117194,Vitamins
5060203793753,Vitamins
5055148400590,Vitamins
5060546081500,Women's Health
5010605403040,Sexual Wellness
5060203791926,Vitamins
9335955001910,General Health
3380810378887,Skincare
5000243503141,Vitamins
5060053022225,General Health
3395013650005,Skincare
3380810378900,Skincare
0033984011618,Vitamins
3800219792669,Skincare
7350012552039,Vitamins
8809743540352,Skincare
5038483956403,Supports & Braces
0033984017511,Vitamins
0033984015609,Vitamins
5391531561487,Oral Care
5039021007007,Pain Relief
0859975002515,Skincare
8809566990549,Skincare
0753950002708,General Health
5060332534142,Vitamins
5060203793951,Vitamins
5038227000393,Prescription Medicines
5034268009012,Digestive
9317129041878,Skincare
4001638080309,Skincare
7350012553456,Vitamins
0658556117606,Vitamins
7333350348830,Skincare
5060099032288,Beauty
0033984009356,Vitamins
5017007602217,Prescription Medicines
3282770208795,Skincare
5060099030215,Skincare
3282770395938,Skincare
8009722000925,Women's Health
8009722001939,Hair Care
8809186283854,Skincare
3282770392999,Skincare
0020714146559,Beauty
5060099031298,Beauty
5060099030161,Beauty
3282770388299,Skincare
4015600568122,Women's Health
3606000560833,Skincare
0033984015814,Vitamins
5028392002292,Vitamins
8809566991669,Skincare
5711782000014,Women's Health
5031013102226,Vitamins
3663555004311,Prescription Medicines
0020714281113,Women's Health
8809447251363,Skincare
0033984041424,Vitamins
0074312000089,Vitamins
5391500077803,Women's Health
5391500077865,Men's Health
0634158637421,Vitamins
5034511010833,Skincare
5055148414764,Vitamins
0658556024553,Vitamins
5060259570315,Skincare
0658556117460,Skincare
5000283663003,Sexual Wellness
8445290113436,Vitamins
5060571822895,Vitamins
8700216436311,Vitamins
0033984041103,Vitamins
5054563113559,Prescription Medicines
3701129802076,General Health
8809083997083,Skincare
5016870224366,Testing & Monitoring
5060018515427,Vitamins
5060221910682,Vitamins
5060086610376,Digestive
5038483844403,Supports & Braces
9335955004270,Skincare
0033984000582,Vitamins
5034511000063,Skincare
0020714240158,Skincare
8594161370444,Skincare
5029354013578,Skincare
5060112861765,Skincare
5060927260234,Vitamins
0739090024800,Pet Care
5060099030123,Skincare
0658010121033,Beauty
5060035248100,Skincare
5038581124537,Beauty
5707390040252,Vitamins
0083000261107,Vitamins
0033984024618,Women's Health
5060193641799,Skincare
0033984036727,Vitamins
0634158928604,Skincare
5060571723086,Skincare
0033984023369,Vitamins
5060571822437,Vitamins
5060193641782,Skincare
5060018511597,Vitamins
0797153999939,Vitamins
3337875829007,Skincare
5034511000131,Skincare
7322541406411,Continence
5060018510347,Baby & Child
5016695926889,Cold & Flu
5017954001002,General Health
8718053572727,Beauty
0737870700104,Vitamins
0768990027215,Baby & Child
0033984023031,Vitamins
3666057014871,Skincare
5060099031892,Beauty
0658556024614,Vitamins
5060193642635,General Health
5038483844533,Supports & Braces
5056142606933,Vitamins
3574661557168,Stop Smoking
0735850483184,Men's Health
0033984529083,Vitamins
4020829006713,Skincare
5055148411015,Vitamins
5060203791803,Vitamins
0658556117125,Vitamins
5055148413804,Vitamins
3282770148671,Skincare
3337875708289,Skincare
9335955005697,General Health
3282770038170,General Health
5034511000124,Skincare
3282770146394,Skincare
3282770390414,General Health
0658556117149,Vitamins
0658556117132,Vitamins
4020829008793,Skincare
5060221910668,Vitamins
5060202185047,Women's Health
8809738313244,General Health
5060112862694,Skincare
8809663751562,Vitamins
0658556024706,Skincare
9314839020759,Skincare
5055148404918,Vitamins
5060193642734,Beauty
5060203790790,Vitamins
0658556117170,Vitamins
7350005300111,Skincare
0033984005570,Supports & Braces
3282770396331,Skincare
5056142604922,Vitamins
5060776980192,Vitamins
4005900590367,Vitamins
3800219793888,Skincare
9335955002962,Hair Care
5060216563923,Vitamins
0033984041394,Vitamins
7350038490148,Women's Health
8809990007462,Skincare
5709976233201,Vitamins
5060099031427,General Health
4005900908421,Skincare
5410765000804,Women's Health
5060221910675,Vitamins
5025970015132,Skincare
0658556024638,Vitamins
0739090024817,Pet Care
5025970009865,General Health
0658556024799,Vitamins
5060332531578,Vitamins
5060203790813,Vitamins
5028392000892,Vitamins
5025903224709,Testing & Monitoring
0658556117187,Vitamins
5060776980642,Vitamins
3800219793901,Skincare
5060018514833,Vitamins
3380810304770,Skincare
5036631008554,Vitamins
3367729117264,General Health
0615908951035,Hair Care
5030451003676,Skincare
5060776980888,Vitamins
0033984002012,Vitamins
7350012553470,Baby & Child
5012616262166,Hair Care
0658556116876,General Health
4005800258404,Skincare
3666057031281,Beauty
5060203790387,Vitamins
5031013107351,Vitamins
5060144757623,Digestive
5055148414818,Vitamins
5031013109102,Vitamins
5031013103483,Supports & Braces
5055148411060,Vitamins
5031013102387,Vitamins
5031013101878,Vitamins
8006540176160,Skincare
0054402700976,Skincare
5060927260227,Supports & Braces
5010777139297,General Health
5031013108730,Vitamins
3380810059106,Skincare
5099299042445,Pet Care
0033984010390,Vitamins
5060927260210,Supports & Braces
0033984041141,Vitamins
5023652535008,Vitamins
5407007651252,Men's Grooming
5060519147585,Vitamins
5060018515496,Vitamins
9349288140499,Vitamins
5407007651269,Men's Grooming
3380811241104,Skincare
5060018516622,Vitamins
5060927260241,Vitamins
0054402290545,Skincare
5056142608180,Vitamins
5055757901587,General Health
5023652575004,Vitamins
0859975002317,Skincare
5425012531031,Skincare
5060734420029,Hair Care
5060018514659,Vitamins
9421023621767,General Health
5060503930001,Vitamins
5060734420012,Hair Care
5400951990088,Skincare
0832826002216,Women's Health
5060018511733,Digestive
5060018512778,Vitamins
5031013108716,Hair Care
3380810032871,Skincare
5021769917120,Skincare
5060018515533,Vitamins
5056142608173,Vitamins
5060018512853,Vitamins
5060018515328,Vitamins
0033984027145,Vitamins
5391520940750,General Health
5391531560800,Oral Care
5060229012449,Vitamins
5060571720825,Beauty
5060571720795,Skincare
0017854117198,Beauty
5060571720818,Beauty
5060571720542,Skincare
5060571720948,Skincare
3401343926755,Beauty
5060409330202,Skincare
5055148412609,Vitamins
0033984307216,Vitamins
5413765911637,Prescription Medicines
5060193641867,Beauty
5060203790233,Vitamins
5060202181681,Vitamins
96205297,Skincare
0753950001251,General Health
5054563022356,Pain Relief
0739090024794,Pet Care
0033984008151,Baby & Child
0702811534537,Baby & Child
0610370613962,Vitamins
5034511002876,Skincare
5060280920370,Skincare
0859975020090,Skincare
5031013100673,Vitamins
0083000005770,General Health
0033984003965,Vitamins
0033984009325,Vitamins
8594161370451,Vitamins
5060203792923,Vitamins
8809367895678,Skincare
0658556117118,Vitamins
5711782000021,Women's Health
6001159131007,Skincare
8809743540420,General Health
5060202181384,Vitamins
0634158970023,Vitamins
3380810205251,Skincare
4005800147319,Skincare
4001638088763,Skincare
3282770149562,Skincare
0634158969997,Vitamins
8809408731279,Skincare
5038483844496,Supports & Braces
0658556024607,Vitamins
3411113040956,Skincare
5031013104404,Vitamins
3282779296656,General Health
8009722008600,General Health
8809567925199,Skincare
5055148415167,Vitamins
3282770203554,Skincare
5031013108723,Skincare
5011417572733,Supports & Braces
4103040027993,Hair Care
9335955001927,General Health
0705928002005,Cold & Flu
4001638095112,Vitamins
5021265223404,Vitamins
5391500071337,Skincare
5707637270206,Vitamins
5701170343878,Women's Health
3380810033663,Skincare
5010415230300,First Aid
5021265223398,Vitamins
0033984000353,Vitamins
0020714974817,General Health
0897762000726,Cold & Flu
0033984020658,Vitamins
0610370601532,Vitamins
5060203790103,Vitamins
7649988673467,Vitamins
5036631007557,Skincare
8006540154465,Women's Health
0054402290538,Skincare
5034511002616,Hair Care
3337875398923,Skincare
5055565743782,Sexual Wellness
8711744045869,Skincare
5060112860003,Vitamins
5034511002623,Hair Care
8700216181587,Vitamins
7649988794575,Hair Care
5060546080978,Women's Health
3574661744001,Beauty
0033984035065,Vitamins
3282770101362,Skincare
0033984362147,Vitamins
4005800033124,Skincare
0020714015459,Hair Care
5034511001480,Hair Care
0634158969966,Vitamins
5060552880982,Baby & Child
3282770138856,Skincare
5391520940736,Skincare
0033984041066,Vitamins
5060546081012,Women's Health
5060519146717,Vitamins
3282770397680,Skincare
7322541041193,Continence
5056142607343,Vitamins
5011417572757,Supports & Braces
5017123001765,Pain Relief
9343345000436,Skincare
5430002859002,Skincare
5060203790882,Vitamins
5055148412098,General Health
5060623371739,Pain Relief
4005900552372,General Health
3605874646483,Women's Health
0739090024787,Pet Care
5027314498571,Vitamins
5034511006409,Beauty
0658556024829,Vitamins
5026468000173,Pain Relief
5060546080893,Women's Health
0033984005709,Vitamins
5011309032017,Skincare
5060259572258,Vitamins
5055148411251,Vitamins
4005800238963,Skincare
5999887678455,Skincare
7322540647204,Continence
5060776980468,Testing & Monitoring
5060202181377,Vitamins
5011417568675,Skincare
0020714462765,Skincare
5015366000262,Digestive
8901175042999,Pain Relief
3282770392654,Skincare
8809663751739,Skincare
3282770392692,Skincare
7322540696035,Continence
5016379222009,Skincare
5060203793265,Vitamins
5060203793500,Vitamins
0634158987571,General Health
5055148413644,Vitamins
3282770397697,Skincare
0083000261329,Vitamins
5060202183722,Skincare
5060086610383,Digestive
5060776980208,Vitamins
5060546080992,Women's Health
8809566990969,Skincare
0658556024621,Vitamins
3282770146929,Skincare
9327693007088,Skincare
5036072001367,Pain Relief
5060203791780,Vitamins
5060519147608,Vitamins
5025903027263,Vitamins
4005800033094,Skincare
5034511001473,Hair Care
8001090716316,Skincare
5060203791865,Vitamins
5034445001235,General Health
5060203796280,Vitamins
3380810033618,Skincare
5031013103735,Supports & Braces
5031013109461,Skincare
5031013105739,Vitamins
5031013108563,Vitamins
5060332534265,Vitamins
0033984001503,Vitamins
3282770154559,Skincare
5036631001494,Vitamins
5031013103650,Vitamins
0033984017917,Vitamins
5060332531233,Vitamins
8809514550320,Cold & Flu
8809514550313,Cold & Flu
5055148411657,Vitamins
5055148410308,Vitamins
0839573002193,Beauty
3800219792614,Skincare
5060734420043,Beauty
5060571720528,Skincare
3380810373134,Beauty
5060571720566,Skincare
5060519148049,Vitamins
5060391845944,General Health
5028392000205,Vitamins
0033984035461,Vitamins
5021265243648,Skincare
5410765001726,Beauty
0033984000155,Vitamins
0859975002508,Skincare
5054563217035,Pain Relief
8809566991676,Beauty
0017854117310,Beauty
0033984027916,Vitamins
8809581075337,Skincare
8720618589040,Skincare
4005800108440,General Health
5709976093508,Vitamins
3282770388909,Skincare
5060363050383,Vitamins
4005800108433,Skincare
8809663751555,Skincare
9337213007085,Supports & Braces
5034511001961,Men's Grooming
5060571820990,Vitamins
5060519146786,Vitamins
5060203795443,Vitamins
5070000991207,Vitamins
5060571822420,Vitamins
5055148404376,Vitamins
5034511001770,Skincare
0083000261732,Vitamins
5060571822260,General Health
5038483844472,Supports & Braces
5060018511245,Vitamins
3282770138801,Skincare
5407007651276,Men's Grooming
3282770149074,Skincare
3662042000041,Vitamins
0033984041615,Vitamins
3282770149524,Skincare
0659436249004,General Health
5055148413682,Vitamins
5701170340358,Pet Care
8809566990044,Beauty
0033984017368,Hair Care
0659436249028,General Health
5711782000038,Women's Health
0017854118577,Beauty
5701170340372,Pet Care
8713975500254,Vitamins
0659436249035,General Health
3282770149548,Skincare
5407007650323,Men's Grooming
3282770149487,Skincare
5055148412661,Vitamins
5055148412029,Vitamins
8809408730715,General Health
5060193642611,General Health
5031013104923,Vitamins
5410765003058,Skincare
5028392002445,General Health
8809083997069,Skincare
0074312007422,Hair Care
5031013108747,Vitamins
5023652532250,Vitamins
5023652542259,Vitamins
3282770154580,Skincare
3574660446791,Stop Smoking
5407007651221,Men's Grooming
7350087736365,Skincare
7618900970014,Women's Health
5060361080627,Eye Care
5407007651214,Men's Grooming
5060571721785,Skincare
4005800147326,Skincare
8809083996345,Beauty
5028392002377,Vitamins
4064666045719,Hair Care
5060571721259,Skincare
5999887678028,Skincare
5430002859019,Skincare
7613036912990,Baby & Child
7613038394985,Baby & Child
7613287224996,Baby & Child
4006000100654,Skincare
5000158063464,Digestive
4005900871237,Skincare
5060193642710,Beauty
4717095034464,Testing & Monitoring
0017854117617,Beauty
5055148412562,Vitamins
5060332535651,Vitamins
5709976162204,Vitamins
9327693007590,General Health
3574660413076,Stop Smoking
5060571721907,Hair Care
5060704340524,General Health
5701943100875,Skincare
3282770072655,Skincare
5060203791889,Vitamins
5027314497383,Vitamins
5011417573556,Supports & Braces
5055148414948,Vitamins
5060571721778,Hair Care
5060562640019,Vitamins
0083000007088,General Health
3380810304817,Skincare
8700216181631,Vitamins
5060571721174,Skincare
0017854118638,Beauty
4001638086004,Skincare
5016189355010,General Health
3337875542654,General Health
3367729018943,Skincare
0724742010522,Skincare
5430000934961,Men's Grooming
5060086610956,Digestive
5060112861758,Skincare
9335955000210,Skincare
5055148405472,Vitamins
5055148411077,Vitamins
5060571822048,Vitamins
5056585803555,Supports & Braces
5020465125600,Skincare
3574660619775,Stop Smoking
5010724529287,Women's Health
0033984009172,Supports & Braces
5999887678479,Skincare
5055148407001,Vitamins
5060031470871,General Health
5391537750038,Hair Care
5060552880043,Vitamins
3614224084028,Skincare
5031013104084,Vitamins
0015594011516,General Health
5055148414344,Vitamins
5060704340494,Skincare
5060571720771,Skincare
5034511001589,Skincare
5060203793845,Vitamins
5060202180486,Vitamins
5060202181445,Supports & Braces
5055148412784,Vitamins
0658556117101,Vitamins
5055946808819,Skincare
3425201367627,General Health
0017854105942,Beauty
5060203791513,Vitamins
0634158987588,General Health
4031626711830,Eye Care
5060571721266,Beauty
0033984512832,Vitamins
0020714462758,Skincare
3596200086885,Skincare
7702018550906,Men's Grooming
5060203790875,Vitamins
5060216563930,Vitamins
8809367895661,Skincare
3282770390315,Skincare
0658556117200,Vitamins
7350082940378,Skincare
5060428199590,Baby & Child
5031013101830,Vitamins
5031013101397,Vitamins
3337873401212,General Health
0054402720080,Skincare
5031013108792,Vitamins
7350087736372,Skincare
5055148411503,Vitamins
5055148404017,Vitamins
5060776980130,Vitamins
5023652370098,Vitamins
5023652372061,Vitamins
5031013108761,Vitamins
5060018515069,Vitamins
8809447251783,Skincare
0705928001008,Cold & Flu
7350082940170,Eye Care
3220660282401,General Health
8809236796617,Skincare
5055148412166,Vitamins
3282770203523,Skincare
0033984040243,Vitamins
8809514550290,Cold & Flu
8809540510237,Skincare
0033984020276,Vitamins
0020714462772,Skincare
5000243503165,Vitamins
5025903026136,Vitamins
8006540687383,Vitamins
0033984022058,Vitamins
5010123718220,Stop Smoking
4032129107410,Prescription Medicines
5055148409135,Vitamins
5430000934985,Men's Grooming
5027314502568,Vitamins
5010249053151,Vitamins
5051562033802,Pain Relief
5060203792992,Vitamins
0033984041448,Vitamins
4020829005747,Skincare
3380810258257,Beauty
0074312000065,Vitamins
5060310353093,Vitamins
3574660710670,Stop Smoking
4001638099226,Vitamins
5023652298064,Vitamins
5060203794392,Vitamins
5060203792596,Vitamins
4001638099943,Vitamins
5013455040106,Skincare
0634158637674,Vitamins
5060552880050,General Health
0033984011977,Vitamins
0634158637261,Vitamins
0894147000111,Sexual Wellness
5034511001633,Hair Care
5034511029392,Skincare
5034511001503,Skincare
4001638080194,Skincare
8809408731187,Vitamins
5027519008612,Vitamins
5028392002674,General Health
5034511001749,Hair Care
5060519147561,Vitamins
5060776980116,Supports & Braces
0083000006531,General Health
0859975002447,Skincare
5011417572788,Supports & Braces
0873024001045,Vitamins
8806158588634,Beauty
0017854109773,Beauty
5060332530175,Vitamins
5056142607787,Vitamins
5011417572764,Supports & Braces
5060193641713,Skincare
5060553660002,Pain Relief
5011417572771,Supports & Braces
0873024001021,Vitamins
3701129804063,Skincare
0873024001328,Vitamins
3282770208788,Skincare
8809743540635,Skincare
0873024001304,Vitamins
3800219790412,Skincare
0020714227685,Skincare
0017854110397,Beauty
8718309700041,Beauty
0873024001038,Vitamins
5060332530410,Vitamins
5060332535187,Vitamins
5999887678561,Skincare
5034445001020,Eye Care
8429979425645,Skincare
5060202180547,Vitamins
4005800264856,Skincare
0033984007529,Vitamins
5010249011267,Vitamins
5060571720146,Beauty
0615908950991,Hair Care
5060571721006,Skincare
5060571720139,Beauty
5031013108594,Vitamins
3474636574681,Hair Care
5034511000223,Hair Care
5055148400491,Vitamins
5034511002920,Hair Care
8809514550306,Cold & Flu
3401528520846,Beauty
5034268009043,Digestive
5060069281883,First Aid
3801304010088,General Health
5060552880975,Vitamins
5034511001848,Beauty
0658010120999,Vitamins
5060203790202,Vitamins
5034268006073,Supports & Braces
5025970012780,Beauty
5060552881460,Women's Health
5060776980123,Vitamins
0859975020052,Skincare
5701170447361,General Health
5060291420180,Skincare
5034268009050,Women's Health
5060342240538,Testing & Monitoring
5034511000247,Beauty
9332996000001,Skincare
3282779402903,Baby & Child
5060202181728,Testing & Monitoring
3282779402941,Skincare
5055382304029,Vitamins
9337213008457,Sexual Wellness
5060203794958,Vitamins
5060202183531,Vitamins
5010605640148,Women's Health
9335955004287,Skincare
5060469590042,Beauty
5701943016107,Skincare
0658556116708,General Health
8710103934127,General Health
0017854107380,Beauty
5000283657873,Prescription Medicines
5055148403652,Vitamins
5010058095434,General Health
5060099033117,Hair Care
0873024001342,Vitamins
0017854117402,Beauty
4020829004931,Skincare
5060571822888,Vitamins
5060099031328,Skincare
9335955000357,Skincare
8809598451445,Skincare
5034511000261,Hair Care
3282770207828,General Health
5032756105017,Pet Care
0033984000995,Vitamins
5060203791421,Vitamins
5010605620614,Women's Health
5060203794941,Vitamins
5056142600122,Vitamins
0017854107892,Beauty
0753950000643,Vitamins
5056142604830,Vitamins
0033984017344,Vitamins
5060086610017,Digestive
5034511001824,Hair Care
0020714800857,Skincare
3282779349185,Skincare
0768990567803,Baby & Child
3605540596951,Beauty
0033984027718,Vitamins
2100006762471,Skincare
5034511000230,Hair Care
9335955004744,Skincare
0033984362185,Vitamins
3282770389883,Skincare
8809738313251,Skincare
3337875597333,Skincare
5034511000254,Hair Care
5034511001831,Hair Care
0894147000869,Sexual Wellness
5021265249381,Vitamins
5060203793449,Vitamins
4004148017186,Vitamins
5023652431454,Sexual Wellness
6001159111351,Skincare
8809540510169,Skincare
9349392000016,Cold & Flu
0033984010000,Vitamins
0033984011816,Vitamins
5025970008370,General Health
5056142605325,Vitamins
5010249042353,Pain Relief
8809540510176,Skincare
0641628501120,Skincare
6159089508304,Men's Health
3605540856703,Beauty
0033984002401,Vitamins
5060086610635,Women's Health
5060229011763,Vitamins
5056142606926,Skincare
0033984012509,Vitamins
5023652478039,Men's Health
3605540496954,Beauty
5709976483200,Vitamins
5056142605318,Vitamins
0020714389109,Women's Health
5060332531202,Vitamins
5060553605126,Beauty
0033984001152,Vitamins
5017978104710,Vitamins
4015600118051,Hair Care
5055148402280,Vitamins
0033984033177,Vitamins
5025903027232,Vitamins
5999860167518,Skincare
5010605055478,Women's Health
3574661618203,Skincare
0017854118935,Beauty
0033984013148,Vitamins
8470003298391,General Health
7350082941108,General Health
9327693002687,Skincare
5028392001806,Vitamins
0074312000010,Hair Care
5024655000449,Women's Health
5021265244843,Vitamins
0753950003347,Vitamins
3800219790795,General Health
0033984025660,Vitamins
3760201136317,General Health
4004148047503,Vitamins
5060203793364,Vitamins
4031626711922,Eye Care
0033984525511,Vitamins
4020829006041,Skincare
8809663751586,Skincare
5060410574053,Skincare
5055148408107,Vitamins
5060203794996,Vitamins
5025970011226,Beauty
7613287120434,Baby & Child
0702811534575,Vitamins
8809479164280,Skincare
5021265221646,Vitamins
0857538000015,General Health
5021265242337,Vitamins
5027314497505,Vitamins
5034511006911,Hair Care
0033984039605,Vitamins
5055148400712,Vitamins
5060571820419,Vitamins
5060018511276,Vitamins
5060571822093,Vitamins
5031013103179,Vitamins
5060571821461,Vitamins
0857538000022,General Health
0033984033412,Vitamins
5060571820501,Vitamins
5056142604823,Vitamins
3282779348850,Skincare
5056142606124,Vitamins
5055148415099,Vitamins
5055148402136,Vitamins
5056142604991,Vitamins
5707390040351,Vitamins
5056142603987,Vitamins
5056142606469,Vitamins
5056142605301,Vitamins
7618900901018,Beauty
5060202184118,Vitamins
0017854110229,Beauty
5060776980161,Supports & Braces
5056142604762,Skincare
0753950001633,General Health
5060571821478,Women's Health
5031013100536,Vitamins
5031013104671,Vitamins
8809587524587,General Health
5025970128313,General Health
6430036090777,Vitamins
3282770208962,General Health
3282779390132,Skincare
8809566990778,Skincare
3282770390179,Skincare
3701129803677,Skincare
4042762060201,Skincare
5055148408558,Vitamins
0884486318855,Hair Care
5060119660811,Eye Care
3337875597357,Skincare
8719324977432,Skincare
5060601930743,General Health
0793591058610,Vitamins
5036631008561,Vitamins
5016003188909,Testing & Monitoring
5054563176691,Pain Relief
8009722000758,General Health
4005800108457,Skincare
7618900995017,Beauty
7702018583805,Men's Grooming
5020465202769,Skincare
3282770204193,General Health
5033852190211,General Health
4005808858743,Skincare
5017978000036,Baby & Child
8809115904362,Testing & Monitoring
5060332534623,Vitamins
4710636646379,Testing & Monitoring
5997372504135,Pet Care
5407007651184,Men's Grooming
3574661381251,Stop Smoking
5060202180714,Vitamins
7610313100606,Supports & Braces
5060571720177,Skincare
5060203793999,Vitamins
8809514550061,Hair Care
5052197038033,Supports & Braces
7391325333380,Vitamins
3367729021035,Beauty
5060571720153,Skincare
3614271202697,Beauty
5060258390204,Vitamins
8809566990068,Skincare
5060571720160,Oral Care
5060704340005,Men's Grooming
0033984021709,Vitamins
5425012530973,Skincare
7618900990012,General Health
5430000934251,Men's Grooming
5060704340500,Skincare
5060229011909,Vitamins
3282770053111,General Health
9349392000009,Cold & Flu
5031812509271,Hair Care
8809514550016,General Health
5060203794774,Vitamins
0074312002748,Vitamins
0889809002862,General Health
0889809001339,General Health
0033984535954,Vitamins
5060571822079,Vitamins
4024787430054,Prescription Medicines
5012564005105,Skincare
5060203791452,Vitamins
3701129804452,General Health
4051895040813,Vitamins
5060601930569,General Health
0017854117501,Beauty
5055148414238,Vitamins
3662042007279,Eye Care
96202074,Beauty
0017854107984,Beauty
0033984037342,Vitamins
4051895015316,Vitamins
5055148403416,Vitamins
3401395404423,General Health
8716900563270,Skincare
0033984041042,Vitamins
0615908951028,Hair Care
6001051006076,Skincare
0873024001526,General Health
5060571821362,Vitamins
5031013100550,Skincare
7350082940835,Skincare
0017854117815,Beauty
0054402720066,Skincare
5034511006928,Hair Care
4051895015279,Vitamins
0033984026759,Vitamins
5060342240552,Testing & Monitoring
5476205679825,Hair Care
0033984011212,Vitamins
0658556116739,General Health
3800219790597,Skincare
5010123730314,Stop Smoking
8716900563294,Skincare
5034511029057,Skincare
5021791005222,Testing & Monitoring
3380810469585,Skincare
7350082940842,General Health
8006540687413,Vitamins
4051895011950,Vitamins
5034511002104,Baby & Child
8710103934134,General Health
5011417579046,Prescription Medicines
7649988673443,Vitamins
5060571822345,Vitamins
5060571821218,Vitamins
5034511004368,Skincare
5060203791247,Vitamins
0724742004002,Skincare
0724742003890,Skincare
3282770112047,Skincare
0083000260407,General Health
5055148411459,Vitamins
0033984005211,Vitamins
5025903027218,Vitamins
9335955004379,Skincare
5055148411732,Vitamins
3380810206012,Skincare
5060284540048,Skincare
5060202184699,Supports & Braces
5407007651160,Men's Grooming
0033984010741,Women's Health
8445290113221,Vitamins
0033984041264,Vitamins
5060202184972,Vitamins
5999887678431,Skincare
3662042003714,Eye Care
5060203795412,Vitamins
0724742003883,Skincare
5999887678400,Vitamins
0017854117884,Beauty
0033984010192,Vitamins
5060104170622,Sexual Wellness
5701170313291,Skincare
5055148415136,Vitamins
0033984010161,Vitamins
9335955005642,Skincare
5060571822963,Vitamins
3380810448009,Beauty
5055148400033,Vitamins
3574661775357,Stop Smoking
5060086610284,Digestive
0604565041012,Vitamins
5010123730352,Stop Smoking
4086000015844,Vitamins
3337875597388,Skincare
5060203793210,Vitamins
5025903027256,Vitamins
5011417581780,Digestive
5055148403195,Vitamins
5024084002007,Vitamins
5060203795467,Vitamins
0054402720097,Skincare
5034511029026,Skincare
3282770153408,Skincare
5060203792206,Vitamins
5054290004816,Skincare
5013455140172,Pain Relief
5060203790769,Digestive
4051895015323,Vitamins
5060203792886,Vitamins
0859975020120,Skincare
8809447251400,Skincare
5055148411961,Vitamins
3614223396429,Skincare
5000223495558,Skincare
0634158987533,General Health
0724742010768,Skincare
5000123101054,Skincare
5060291420234,Skincare
0017854117440,Beauty
0017854119598,Beauty
5060519146724,Vitamins
0033984015333,Vitamins
0859975002553,Skincare
5055148402822,Vitamins
0033984003156,Vitamins
7391325333342,Skincare
5060519146748,Vitamins
0851325002060,Skincare
5060203795481,Vitamins
3282779310628,Skincare
5021265221202,Vitamins
0724742010775,Skincare
0859975002492,Skincare
5999887678837,Skincare
5010249042315,Vitamins
0033984026001,Vitamins
5034268004147,Digestive
8809566990839,Skincare
0615908947588,Hair Care
0033984005167,Vitamins
3614220786667,Skincare
3282779310673,Skincare
5055148403119,Vitamins
0033984019102,Vitamins
5060519146731,Supports & Braces
5055148410827,Vitamins
5060776980000,Vitamins
5060203791049,Vitamins
5060018511467,Vitamins
5055148401566,Vitamins
5055148412401,Vitamins
5055148412937,Vitamins
5010123717841,Stop Smoking
3282770150209,Skincare
5016379173004,Skincare
8809083997052,Beauty
8716900582646,Vitamins
5021265227396,Vitamins
5060332530601,Vitamins
5060202184583,Supports & Braces
0876198042524,Sexual Wellness
8710522621172,General Health
0033984014787,Vitamins
5012748006072,Prescription Medicines
0634158533266,Vitamins
5021265224081,Vitamins
5060562640200,Vitamins
5027519000289,Skincare
5055148414481,Vitamins
5027519001101,Prescription Medicines
0873024001014,Vitamins
5038483844502,Supports & Braces
0033984004375,Vitamins
8809566990358,Skincare
0873024001335,Vitamins
5391510239826,Baby & Child
5060193641720,Beauty
3701129804377,Skincare
0634158533259,Vitamins
0702811534568,Vitamins
8809663751500,Skincare
3337875814652,Skincare
5020465202615,Skincare
5060086610864,Digestive
5020465202738,Skincare
0033984017665,Vitamins
5060519148001,Vitamins
5060202181537,Vitamins
5051594006812,Baby & Child
5060193641706,Beauty
9349392000023,Cold & Flu
96170830,Vitamins
4086000012126,Vitamins
4022167200099,First Aid
3282779003131,Beauty
0054402730126,Skincare
5055148408527,Vitamins
3760201136539,Hair Care
5031013103742,Vitamins
5060562640088,Vitamins
5027519000258,Vitamins
8809479164242,Skincare
5028392002728,Vitamins
4051895011851,Vitamins
5038483844755,Supports & Braces
8809083997120,Skincare
0054402720592,Skincare
5012616266102,Supports & Braces
5021265244157,Supports & Braces
3614220786261,Skincare
5060203791711,Vitamins
0615908951011,Hair Care
5010605620645,Women's Health
5055148414030,Vitamins
4031626710673,Eye Care
0700371221676,Vitamins
3264680009761,Skincare
5034511000810,Hair Care
3282770100648,Skincare
5060571720986,Beauty
0017854110328,Beauty
3282770100914,Skincare
5015664000742,Eye Care
5060181540288,Testing & Monitoring
3282770152586,Skincare
4051895014326,Vitamins
5060571720306,General Health
5036072007611,Prescription Medicines
5012654203046,Skincare
4084500477285,Testing & Monitoring
5056142604267,Vitamins
3282770149289,Hair Care
4005800295485,Skincare
4038235220272,Testing & Monitoring
3282770204681,Skincare
0634158987540,General Health
4005800181986,Skincare
3282770141283,Hair Care
5017954000982,General Health
5031013103353,Vitamins
96177877,Vitamins
3830070472035,Eye Care
5060455148585,General Health
5017353506399,Sexual Wellness
8809479164358,Skincare
5060734420005,Beauty
8034135273116,Beauty
5020465202332,Skincare
5704947006136,Skincare
5010605402128,Women's Health
5021265243518,Vitamins
5060704340425,Beauty
5060332534449,Vitamins
5029354012120,Skincare
4031626001498,Eye Care
4717095030121,Testing & Monitoring
8809566990556,Skincare
8809581075320,Skincare
0033984020566,Vitamins
8809540510220,Skincare
5060363050338,Vitamins
3401343696245,General Health
5031013102196,Digestive
3614223396306,Skincare
5021265243792,Vitamins
3574661068220,Stop Smoking
0020714898137,Skincare
4031626711182,Eye Care
0610370601556,Vitamins
8809598454743,Skincare
3337875905602,Skincare
5000158067172,Digestive
5060148520490,Vitamins
5017007601647,Women's Health
0085805255619,Skincare
5060571821249,Vitamins
5020465201779,Skincare
5055148414733,Vitamins
5011309083217,Skincare
3600522480129,Skincare
4004148047527,Baby & Child
5060018515045,Baby & Child
3760201136324,General Health
5034511006515,Skincare
5010123730338,Stop Smoking
8006540687475,Vitamins
4001638096829,Baby & Child
3337872411083,Skincare
5060571821942,Vitamins
5060099032417,Hair Care
4028163059686,First Aid
5052197038095,Supports & Braces
3401361353625,General Health
0033984017245,Vitamins
5060203791308,Vitamins
5017007028055,Pain Relief
5038581120720,Beauty
5000223466916,First Aid
5055148400040,Vitamins
4005900770042,Skincare
5060203791131,Vitamins
5010249041608,Vitamins
0033984013117,Vitamins
5012616264818,Skincare
5060571821430,Weight Management
8718951469808,Oral Care
0753950000254,Vitamins
3760201136447,Skincare
4032129107397,Prescription Medicines
5025903027287,Vitamins
5060410574251,Skincare
7322540574913,Continence
5060776980086,Supports & Braces
5034511002906,Beauty
3337875840620,Skincare
7350005300135,Skincare
5391513951749,Prescription Medicines
0033984024205,Vitamins
9335955002467,Skincare
5391513951787,Prescription Medicines
5709976231504,Vitamins
5015915923011,Skincare
4051895014364,Vitamins
8809933611633,Skincare
0054402700280,Skincare
0017854118096,Beauty
5060229015013,Vitamins
9335955002740,Skincare
3574661738154,Skincare
8006540892473,Oral Care
5016379302015,Skincare
5036631007502,Skincare
0017854117266,Beauty
5012616266188,Stop Smoking
0054402250020,Skincare
5038581123547,Beauty
5060203790738,Vitamins
5038581102177,Beauty
3337875597449,Skincare
3264680024382,Skincare
3282779004121,Skincare
5060420232660,Beauty
5038581123578,Beauty
5060734420067,Beauty
0851325002251,Skincare
5060203791070,Vitamins
8710103989738,General Health
5023652473126,Vitamins
5038581134376,Beauty
5021265222476,Vitamins
5034268004345,Digestive
8809566990464,Skincare
0017854118911,Beauty
4013162020508,General Health
0615908942217,Hair Care
3337875597395,Skincare
5020465202653,Skincare
3282770140941,Hair Care
5055148414412,Skincare
9335955004959,Skincare
5060099033001,Hair Care
0658556116586,General Health
3337875905596,Skincare
0658556116753,General Health
5031013102981,Vitamins
8850029013671,Skincare
5060571820914,Vitamins
3282770140996,Skincare
5055148400705,Vitamins
0033984001954,Vitamins
5031013107344,Vitamins
5015802291766,Beauty
7614700015214,Skincare
5060571821393,Vitamins
5060099031250,Beauty
0658556116654,General Health
8809598453814,Skincare
5060342240545,Testing & Monitoring
0054402720578,Skincare
3800219793864,Skincare
5060203794989,Vitamins
5000476020545,Pet Care
8809598455412,Skincare
4005900485533,Skincare
5060229011916,Vitamins
5056142606117,Vitamins
0876198007202,General Health
5060149640128,Testing & Monitoring
5060571820921,Vitamins
5011417581605,Digestive
5034511002470,Hair Care
5038580003789,Beauty
5038581134260,Beauty
8809684561126,Vitamins
5021265250615,Vitamins
5060203790271,Vitamins
0876198042821,General Health
0658556116791,Vitamins
5013011002487,Women's Health
0054402250068,Skincare
5060571822369,Vitamins
3760201136300,Women's Health
8809566990563,Skincare
5060571821454,Weight Management
0876198042425,Sexual Wellness
5055193542481,General Health
5055148411381,Vitamins
5055148414849,Vitamins
3574661795652,Skincare
5031013107375,Skincare
5027314503138,Vitamins
5060776980093,Vitamins
5012748615274,Prescription Medicines
5011309105315,Skincare
0033984041462,Vitamins
0021078000211,General Health
5038581147697,Beauty
8809540510299,Skincare
4015600300807,Testing & Monitoring
5011309590111,Skincare
5000158063471,Digestive
4005900661371,Skincare
5025381000031,Beauty
9326922000432,Beauty
9326922000418,Beauty
5031013101007,Pain Relief
5031013101274,Vitamins
9326922006847,Beauty
5031013108624,Vitamins
5031013104312,Vitamins
0033984020290,Vitamins
5060018513942,Vitamins
9349288140611,Skincare
9300631375814,Supports & Braces
4027800979301,General Health
5020465203223,Skincare
5709976104808,Vitamins
5060734420197,Beauty
0054402260487,Beauty
5056142600207,Skincare
0033984016712,Vitamins
5010249020856,Vitamins
0033984008717,Vitamins
5055148409944,Vitamins
5060018511443,Vitamins
5060571720764,Skincare
5055148413842,Vitamins
4005808858729,Beauty
5060734420050,Beauty
5055148413743,Vitamins
7702018428229,Men's Grooming
5056142606476,Vitamins
3662042002663,Eye Care
5060018511542,Vitamins
5060734420036,Hair Care
5060018511566,Vitamins
0033984005099,Vitamins
0033984010109,Vitamins
0020714804336,Skincare
0033984019416,Vitamins
5060018511757,Vitamins
9329401000473,Skincare
0033984007437,Vitamins
5056142607299,Vitamins
5012917010510,Pet Care
5060018511450,Vitamins
5055148414856,Vitamins
3499320016162,Skincare
0859975002362,Skincare
0017854109728,Beauty
3282770153378,Beauty
9327693002205,Skincare
3800219794274,Skincare
0839573002100,Hair Care
5011309560213,Skincare
7350012553463,Vitamins
3574660680034,Skincare
5060209732619,Skincare
9327693000423,Skincare
5021265242351,Vitamins
5000347078835,Stop Smoking
3282770150162,Hair Care
5052197038002,Supports & Braces
5060455146918,Beauty
5017978000357,Vitamins
0615908942200,Hair Care
0017854106048,Beauty
5056156306782,Vitamins
3067698307818,Vitamins
5012616291579,Vitamins
8809566990341,Skincare
5060202180905,Vitamins
3411113065355,General Health
0087614114118,Vitamins
3411113021481,General Health
0033984003132,Vitamins
4210201316787,Oral Care
0085805220761,Skincare
5060202184651,Vitamins
5025970009513,General Health
4006000100661,Skincare
5012335874503,Baby & Child
5060571822383,Vitamins
5060229011770,Vitamins
0054402730058,Skincare
0033984017115,Vitamins
0768990537875,Baby & Child
5649201379628,Men's Grooming
3337875905633,Skincare
7391325900100,Vitamins
5034445004106,Eye Care
5407007651207,Men's Grooming
5055148400507,Vitamins
5060571822697,Vitamins
5060562640071,Vitamins
5034511010215,Skincare
5060291420395,Skincare
5020465201809,Skincare
3760201136331,General Health
0017854110359,Beauty
5038581028798,Beauty
5012616291616,Cold & Flu
5055148411442,Vitamins
5060202185030,Vitamins
5999887678394,Vitamins
3401346673274,General Health
5647201379624,Men's Grooming
5709976157200,Vitamins
5010605400766,Prescription Medicines
5060018515847,Vitamins
5031013103018,Vitamins
0033984039711,Vitamins
2100006947595,Pet Care
5060332532469,Vitamins
4210201176657,Oral Care
5407007651092,Men's Grooming
8809566990037,Skincare
3282770053135,Skincare
3574660446777,Stop Smoking
3605540783023,Beauty
5034511005006,Skincare
7322540574838,Continence
5060391847825,Skincare
5055148413118,Vitamins
4002448087472,Supports & Braces
5010605055508,Women's Health
3282770145373,Hair Care
5029354011161,General Health
3337875684095,Skincare
5012616265983,Hair Care
3282770000634,General Health
7322541139739,Continence
5060203791001,Vitamins
5023652420069,Vitamins
96195178,Vitamins
5023652444508,Vitamins
5029354002725,Skincare
5646201379627,Men's Grooming
4048882000318,Women's Health
5060455148431,Skincare
7610313304455,Vitamins
5055148403201,Vitamins
4001638096584,Baby & Child
5648201379621,Men's Grooming
5060332533886,Vitamins
4005800152504,Skincare
3574661250984,Skincare
5021265244850,Vitamins
3597133097122,Skincare
8716900580482,Vitamins
5060104170585,Sexual Wellness
5029354012175,General Health
4005800283079,Skincare
5010605402111,Women's Health
4004148017018,General Health
5011417588208,Digestive
8718053572444,Skincare
5060149640197,General Health
0054402720899,Skincare
8017331055427,General Health
0020714222864,Skincare
3662042002458,Eye Care
5000158101241,Eye Care
0083000006456,General Health
9335955001903,Skincare
3282770390797,Hair Care
0054402250266,Beauty
5060332533978,Vitamins
0878941000072,Vitamins
5060571821225,Vitamins
5055148403003,Vitamins
5060176676367,Beauty
5034445004144,Skincare
5021265243396,Vitamins
4001638086752,Skincare
5038483844656,Supports & Braces
5034511005228,Baby & Child
5060099031380,Beauty
5060280920356,Pain Relief
5012335851108,Vitamins
8713975500667,Vitamins
5060571820143,Vitamins
5027314498212,Vitamins
0054402720950,Skincare
5060203791681,Vitamins
5000167019193,Skincare
9327693002670,Skincare
0078522030270,Beauty
4001638905305,Skincare
0054402250440,Beauty
4008666701909,General Health
5060112866197,Skincare
0054402720905,Skincare
5054563129765,Vitamins
5038581113616,Beauty
0634158952982,Vitamins
5000488301519,General Health
9335955002894,Skincare
0087614019109,General Health
5060202180509,Vitamins
5060176679900,Skincare
5000158066663,Digestive
5038581152776,Beauty
0078522021131,Beauty
5000174789379,Skincare
0078522083221,Skincare
5060202184668,Vitamins
3574661733715,Skincare
5034511029019,Skincare
0054402720974,Skincare
5020465201755,Skincare
9317129040444,Skincare
3760201136546,Skincare
4001638580229,Skincare
5055172211087,First Aid
0078522021162,Beauty
5060332535040,Women's Health
5038581147741,Beauty
0078522021056,Beauty
0078522100300,Hair Care
5060203796129,Vitamins
5055148406615,General Health
6001159118497,Skincare
5010415230409,First Aid
4005900475978,Skincare
4001638580205,Skincare
6009544943181,Vitamins
0017854110168,Beauty
5700002148865,General Health
8809416470016,Skincare
4011700444571,Beauty
0054402720929,Skincare
4005900998873,Skincare
3282770152555,Skincare
0033984041240,Vitamins
5038581130279,Beauty
0738678000793,Hair Care
5055443654629,Beauty
0054402730034,Skincare
5055148411428,Vitamins
0839573002070,Hair Care
5055148409166,Vitamins
5060203790677,Vitamins
7702018966783,Women's Health
5025903027225,Vitamins
5055148414726,Hair Care
0083000006487,General Health
7350041583400,Skincare
5055148400620,Vitamins
0078522021230,Beauty
5055148413446,General Health
9327693004339,Skincare
5060203790011,Vitamins
5031013104916,Vitamins
5060203791841,Vitamins
3282779028394,Hair Care
7702018607822,Hair Care
5060099032301,Hair Care
3596200050763,Vitamins
3282770053104,Skincare
5055148412487,Vitamins
5011417588215,Digestive
5745000836147,General Health
5054563032485,Pain Relief
3701129803691,Skincare
0074312000072,Vitamins
5055148406196,Cold & Flu
5060203791650,Vitamins
5704947002725,Skincare
5031013108785,Vitamins
5055148405236,General Health
5010249041592,Vitamins
5011309885217,Skincare
0033984023154,Digestive
5021265244164,Vitamins
0033984005785,Vitamins
5060018511344,Vitamins
5055148403287,Vitamins
5012616291609,General Health
5034268005991,Digestive
5034268004130,Digestive
0033984011496,Vitamins
0033984010703,Cold & Flu
5060332533770,Vitamins
7702018569212,Men's Grooming
0033984032804,Vitamins
0033984023185,Vitamins
3337875743563,Skincare
0033984020504,Vitamins
0033984012547,Vitamins
5391500077841,Vitamins
5055148413279,Vitamins
5430000934602,Beauty
0033984034006,Vitamins
8809663752439,General Health
4086000011891,Vitamins
7322540696011,Continence
5060927260852,Hair Care
3282770139204,Skincare
0033984017870,Vitamins
5016973000195,Skincare
4001638096591,Baby & Child
5010249041011,Vitamins
4006000100647,Skincare
7610313304608,Eye Care
5060099031304,Skincare
6001159130994,Skincare
5055148409845,Vitamins
5011309720716,Hair Care
5023652432031,Vitamins
5000347078255,Stop Smoking
5060229011930,Vitamins
0033984508330,Vitamins
5060229011893,Vitamins
5060229014641,Vitamins
5060229017901,Women's Health
4001638501491,Skincare
5015632090317,General Health
3282770152371,Skincare
0810071800177,General Health
5060927260272,Supports & Braces
3380810258288,General Health
0615908950977,Hair Care
5701943102596,Skincare
5060229011923,Vitamins
5012748615250,Prescription Medicines
3337875782357,Skincare
5060588690128,General Health
5060203790042,Vitamins
3337875597227,Skincare
8809479164273,Skincare
5060203791629,Hair Care
0634158532900,Baby & Child
0634158533389,Vitamins
0634158533273,Women's Health
3282770141023,Skincare
0787211000363,Beauty
7350087736839,Skincare
5060519147769,Vitamins
3282770037678,Skincare
5023652440067,Vitamins
7618900914018,Women's Health
0658556116883,General Health
4031626711465,Eye Care
5060571721549,General Health
4005800035883,Skincare
5055382303923,Vitamins
8809566990051,Skincare
5034511001374,Beauty
4064951001277,Pet Care
0033984007802,Vitamins
5011417588192,Digestive
5060018515519,Vitamins
5391531760002,Vitamins
5055148408435,Vitamins
0033984015951,Vitamins
5000309008238,Women's Health
5034511001497,Beauty
5055148415150,Vitamins
5034511002517,Baby & Child
4013162020645,General Health
5060776980178,Vitamins
5999887678509,Vitamins
5012748615328,Prescription Medicines
5021265221509,Vitamins
5029354011208,General Health
5034511001381,Beauty
4013162020560,General Health
4031626710789,Eye Care
0033984038622,Vitamins
5060202181803,Vitamins
5023652430037,Vitamins
5709976133501,Vitamins
4013162020621,General Health
5056142600146,Vitamins
5034511001091,Men's Health
5031013103384,Women's Health
5060203791827,Vitamins
7618900915015,Women's Health
0859975002263,Baby & Child
5031013100116,Vitamins
0033984036253,Vitamins
5060332535767,Vitamins
5031013102554,Vitamins
5055148400316,Vitamins
0033984038189,Vitamins
3337875905626,Skincare
8809566990822,Skincare
5055148412982,Vitamins
5031013105845,Vitamins
5060553605089,Women's Health
5391531760026,Eye Care
5010605402883,Vitamins
9400097080373,Vitamins
8577201379522,Men's Grooming
5060420232608,Skincare
5034511004184,Skincare
7610313807116,Cold & Flu
8578201379628,Men's Grooming
7612367014007,General Health
4031626710734,Eye Care
0859975002287,Skincare
4064951001215,Pet Care
5060673980004,Vitamins
8576201379624,Men's Grooming
5011417567272,Sexual Wellness
5060697570014,Women's Health
8032779841043,General Health
7322540574890,Continence
8700216075459,General Health
5012335880009,Vitamins
5051562017208,Pain Relief
0859975002256,Skincare
0716237187895,Hair Care
8579203756271,Men's Grooming
0017854110977,Beauty
0074312002625,Vitamins
5701943030165,Skincare
7643022210434,Skincare
4004148326332,Vitamins
5034268004178,Digestive
5031013101571,Vitamins
5060202181216,Vitamins
7618900917019,Women's Health
5031013100864,Vitamins
3574661748788,Skincare
5010249025028,Vitamins
8711428079425,General Health
9338177000600,Skincare
3700454505614,Women's Health
5036631008691,Hair Care
5407007651085,Men's Grooming
5060112865138,Vitamins
5012617000422,Skincare
5060523019175,Beauty
0083000006043,General Health
5028392002452,Vitamins
0017854107014,Beauty
0054402730096,Skincare
7610313304585,Cold & Flu
5012617000453,Skincare
5000476010638,Vitamins
3662042007491,Eye Care
5056634286957,Beauty
0851325002206,Skincare
5060391848341,Digestive
5000283661924,Digestive
7350012553449,Baby & Child
9326922000647,General Health
5060099031519,Skincare
0753950002500,Vitamins
3282770144970,General Health
0078522100294,Hair Care
9326922001040,General Health
3337875784054,Skincare
5017007601326,Baby & Child
0886284905138,Pet Care
5011309049114,Skincare
7322540630763,Continence
5060214560610,Women's Health
5060202180974,Vitamins
4005900475220,Skincare
4051895016207,Vitamins
5038581152875,Beauty
5034511005068,Hair Care
5060209731230,Prescription Medicines
5038581149448,Beauty
0054402720936,Skincare
0078522040125,Skincare
5060562640194,Vitamins
5701943102565,Skincare
5036631007090,Skincare
3337875597272,Skincare
5036072003668,Prescription Medicines
3337875773430,Skincare
5020465201816,Skincare
5060291420579,General Health
5391513950209,Baby & Child
0054402730102,Skincare
5060499390902,Prescription Medicines
5024091747304,Prescription Medicines
3800219793871,Skincare
0033984529076,Vitamins
5707725600106,Hair Care
5060571820129,Vitamins
5060209731049,Prescription Medicines
0015594011752,Skincare
0083000006647,General Health
4001638081306,Skincare
5038581063782,Beauty
5702191028454,Skincare
5055148409050,Vitamins
5034511029088,Beauty
0054402700518,Skincare
0300658052124,Skincare
5060203790165,Vitamins
5055148414979,Vitamins
5038581152882,Beauty
5038581028910,Beauty
5055148414436,Vitamins
0017854118058,Beauty
5709976245105,Vitamins
0083000005800,General Health
3282770142280,Skincare
0658010118590,Vitamins
9327693003769,Skincare
7322540587555,Continence
5000158065574,Digestive
8809724475956,Skincare
3800219790306,General Health
5060203792626,Vitamins
5060176674769,Hair Care
4051895011660,Vitamins
0033984022720,Vitamins
5099299199590,Prescription Medicines
5020465201663,Skincare
5055148414504,Vitamins
9314839017117,Baby & Child
4051895011707,Vitamins
5010605400339,Prescription Medicines
5038483844687,Supports & Braces
5060332530687,Vitamins
5034268009029,Digestive
4103040921963,Skincare
0886284903134,Pet Care
5011309048315,Skincare
5012616267994,Pain Relief
4006000100272,Beauty
5012654201387,Skincare
9326922000753,General Health
5060097930746,Women's Health
5060310356155,Vitamins
5038483844663,Supports & Braces
5060571822987,Vitamins
5060149640180,Testing & Monitoring
9314839018053,Baby & Child
0054402720912,Skincare
0054402730072,Skincare
8594161370468,Skincare
4048882620752,Skincare
5055148413323,Vitamins
5055148401122,Vitamins
4013162025459,Beauty
5011408054415,Skincare
5000283654469,Prescription Medicines
5060291420425,General Health
5701943102527,Skincare
3282770152517,Skincare
5021265221523,Vitamins
8809724476953,Skincare
5060776980871,Vitamins
5013455020078,Skincare
5055148414078,Vitamins
5060203792909,Vitamins
0033984347441,Vitamins
0054402720981,Skincare
0886284902137,Pet Care
5017007013082,Prescription Medicines
0033984000476,Vitamins
5017123296734,Skincare
5060453461129,Prescription Medicines
5055148412708,Vitamins
0033984008779,Vitamins
4006000099422,Skincare
0083000008016,General Health
5013455230040,Vitamins
5023652321809,Vitamins
5010249024960,Vitamins
5060523019885,Beauty
4005900545701,Skincare
0074312008160,Women's Health
0859975020021,Skincare
3607340846571,Skincare
5000158065581,Digestive
0017854118133,Beauty
5060805780052,Women's Health
5056142600160,Vitamins
0716237187901,Hair Care
9314839018039,Baby & Child
5055148415037,Vitamins
4084500846609,General Health
4048882677770,Women's Health
5031013109652,Vitamins
5060574680041,Vitamins
5060202183548,Vitamins
5055443688747,Beauty
5060112860270,General Health
0832210001450,Skincare
5060018512785,Vitamins
3600522416906,Skincare
9327693003288,Beauty
0033984000704,Vitamins
8809416470009,Beauty
0078522021094,Beauty
5030451004239,Skincare
5060409580454,General Health
5060102301769,Men's Health
5015664000612,General Health
5015632090300,Beauty
0033984007505,Vitamins
0033984032293,Vitamins
5060018511191,Vitamins
9338177000648,General Health
5060018511290,Vitamins
0033984039148,Vitamins
5060420231120,General Health
5055193543167,General Health
0078522021117,Skincare
0033984008304,Vitamins
0078522021261,Beauty
3578830846367,Beauty
5021265227471,Vitamins
5391531560404,Oral Care
0054402700730,Skincare
5060216565170,Vitamins
0078522021070,Beauty
5010249303904,General Health
9338177000617,Baby & Child
0033984004658,Vitamins
5025970012414,General Health
5055148407599,Vitamins
7350087736280,Skincare
5010058057098,General Health
3380810258295,General Health
5060099032264,Hair Care
7610313202003,Skincare
3800219790146,General Health
3282770147346,Skincare
5060202180233,Baby & Child
5407007651078,Men's Grooming
0017854118904,Men's Grooming
8429979439093,General Health
5060927260265,Supports & Braces
7643022213190,Hair Care
5065000523961,Vitamins
9327693000539,Skincare
4051895011776,Vitamins
3800219794281,Skincare
5023652412064,Pain Relief
5060519145758,Women's Health
5060409580478,Vitamins
5023652449060,Vitamins
7322540521061,Continence
9332996000728,Skincare
5055148411404,Vitamins
5023652410121,Weight Management
0033984033115,Vitamins
4051895011738,Vitamins
9327693000508,Skincare
4210201370789,Oral Care
4005808858736,Skincare
5031013104152,Vitamins
3701129803516,Skincare
5060144648228,Skincare
5055382303909,Vitamins
0054402250037,General Health
9327693004438,Skincare
0054402700754,Skincare
3282770152463,Skincare
4001638080316,Skincare
5015632090324,General Health
0873024001205,Vitamins
5025903026112,General Health
5031013108600,Vitamins
5038483844595,Supports & Braces
5706448000866,General Health
5028392001363,Vitamins
5060280920448,Pain Relief
5038581152158,Beauty
5038581130095,Beauty
5060086610055,Digestive
5038581110028,Oral Care
3337875684118,Skincare
5038581028859,Beauty
5060203791162,Vitamins
5060084174771,Supports & Braces
5038581086866,Beauty
5038581061528,Beauty
3800219792133,Baby & Child
5060018511580,Vitamins
5038581158181,Beauty
5060291420418,Beauty
5055148401641,Vitamins
5038581030340,Beauty
5012335003309,Vitamins
5038581028804,Beauty
0054402250051,Skincare
5038581158198,Beauty
5055148409326,Vitamins
5038581028439,Beauty
5055148400606,Vitamins
5038581130132,Beauty
5010249041066,Vitamins
5010605400186,Sexual Wellness
5055148414832,Vitamins
5038581149271,Beauty
5038581042268,Beauty
5038581028781,Beauty
5701943102961,Skincare
5038581158167,Beauty
5038581019963,Beauty
5060229014658,Vitamins
3800219792119,Skincare
5038581109862,Beauty
8809738311790,Skincare
5060086611038,Baby & Child
5709976067202,Vitamins
5038581038933,Beauty
5038581028903,First Aid
5038581029634,Beauty
5038581158174,Beauty
5038581109985,Beauty
5028392000403,Vitamins
0033984033504,Vitamins
5031013101137,Vitamins
5031013101038,Vitamins
9335955000319,Hair Care
5060704340050,Hair Care
5055148400675,Vitamins
5055148413767,Vitamins
5060144647221,Men's Grooming
0669316441718,General Health
3282770072952,Beauty
7391325999906,General Health
0054402700747,Skincare
5055158013179,Skincare
5055148400132,Vitamins
0033984015401,Vitamins
3597133075656,General Health
0033984016002,Vitamins
8809479164365,Skincare
5025970007786,General Health
3800219793826,Hair Care
5055148412623,Vitamins
1210001146440,Sexual Wellness
5031013100796,Vitamins
5060229014665,Vitamins
7610313606924,Vitamins
0078522040316,Vitamins
9327693003325,Skincare
9350114000078,Skincare
3282770204223,Skincare
5060069281869,First Aid
5031013107214,Digestive
5038483844601,Supports & Braces
4001638590020,Vitamins
5038483844670,Supports & Braces
5060258390044,Vitamins
9350114000016,Beauty
5060574680010,Vitamins
5012616265501,Beauty
5060099030574,Hair Care
7702018355518,Men's Grooming
4007221036197,Pet Care
5060119660019,Skincare
9327693000706,Skincare
7610313405039,Cold & Flu
7610313404056,Vitamins
5060319460839,Hair Care
5060319460853,Hair Care
5060319461027,Hair Care
5391531560077,Oral Care
5060319461225,Hair Care
5000488107623,Vitamins
5060319460846,Hair Care
5023652363038,Vitamins
5021265222407,Vitamins
8594161371069,Skincare
0083000016431,Oral Care
5065010483064,Beauty
5021265232062,Vitamins
5060148521282,Skincare
5060571821508,Vitamins
5000158063693,Digestive
9335955000074,Beauty
5707725600205,Hair Care
5060089610748,Sexual Wellness
3574661316123,Prescription Medicines
0886284904339,Pet Care
5011417581858,Pain Relief
4210201316817,Oral Care
5060203791100,Vitamins
4001638095617,Hair Care
5391531760125,Skincare
7391899803210,General Health
3574661619958,Skincare
5060553605096,Women's Health
9300631074038,Baby & Child
4013162019151,Beauty
5000158064515,Digestive
5025970009834,General Health
5060480200234,Oral Care
5065010483002,Beauty
3401360147508,General Health
3282770145120,Hair Care
0615908431766,Hair Care
0886284905220,Pet Care
0054402411278,Skincare
4717237078837,Supports & Braces
0033984017603,Vitamins
5010123711139,Pain Relief
5060018512860,Vitamins
5000167056525,Pain Relief
5013455330023,Skincare
5025970014913,Skincare
5055148400477,Vitamins
5060202183807,Vitamins
4005900730909,Skincare
5060086610093,Digestive
5017371154701,Skincare
5060216560724,General Health
5060006581625,General Health
5055443677390,Beauty
5060209730943,Sexual Wellness
9335955002832,Skincare
4717237078844,Supports & Braces
0753950003019,Vitamins
0886284904421,Pet Care
5055565710838,Men's Health
0085805247959,Women's Health
5060203790462,Vitamins
9780201379624,Skincare
5023652252035,Vitamins
5000488105292,Vitamins
5999860167334,Vitamins
5060601930002,General Health
5055148410698,Vitamins
5060102301783,Women's Health
4015630065578,Testing & Monitoring
5011309107111,Hair Care
5010934004208,Women's Health
9329401000152,Skincare
0017854117600,Beauty
4005800182037,General Health
5065010483811,Beauty
5021691003687,Women's Health
0033984024007,Vitamins
5010249118607,Vitamins
0017854117259,Beauty
3662042002847,Skincare
5026445001582,Men's Grooming
9335955002931,Skincare
5014363000039,Skincare
8001841804248,Testing & Monitoring
5011309001716,Hair Care
0017854107267,Beauty
5000123103614,Hair Care
5021840006002,Vitamins
7322542171165,Continence
0705928051775,Cold & Flu
5060229014689,Vitamins
5030451004246,Prescription Medicines
5060571821843,Vitamins
5038483844618,Supports & Braces
0886284903226,Pet Care
5015664006584,Eye Care
5034511002128,General Health
8809416470054,General Health
3282770397598,Hair Care
0724742010171,Baby & Child
5000123101047,Skincare
96202463,Vitamins
5055148414986,Vitamins
5016695926612,Women's Health
4004148339745,General Health
5060203793234,Vitamins
5014363000046,Skincare
5709976043206,Vitamins
9329401000480,Skincare
5065010483026,Beauty
6001159128281,Skincare
7322542170090,Continence
5060571821683,Men's Health
5060599183800,Skincare
4005900835970,Skincare
5060480200296,Oral Care
0886284820813,Oral Care
3282779051361,Skincare
4005800036798,Hair Care
5000123104932,Skincare
5060601936936,Eye Care
5055443651567,Beauty
0017854117174,Beauty
5060571820198,Vitamins
5011408054392,Skincare
5060203791384,Vitamins
5055148413194,Vitamins
9327693005367,Women's Health
5013455330047,Vitamins
5013455020085,Skincare
5000158105591,Pain Relief
5055148413828,Vitamins
5055148400514,Vitamins
3662042001987,Eye Care
5025970015156,Skincare
8906167530034,Skincare
5060149640142,Testing & Monitoring
3574661740935,Skincare
5010605054099,Women's Health
5010249301207,Vitamins
5000123102532,Skincare
5060571821782,Skincare
5000283657866,Prescription Medicines
5060099030130,Hair Care
0033984009158,Vitamins
5025970013183,General Health
5060018513201,Vitamins
5391531760149,Eye Care
5060148524245,Women's Health
5016007202106,Women's Health
5055148403058,Vitamins
5704947016494,Skincare
5060480200258,Oral Care
4001638095105,Vitamins
0017854101074,Beauty
5060112865534,Vitamins
5060480200272,Oral Care
5015802278200,Beauty
1230000007405,General Health
5060203790370,Vitamins
9349392000160,General Health
5060193641768,Skincare
4008666213358,Hair Care
4064273000132,Skincare
0886284903332,Pet Care
7702018551101,Men's Grooming
8710522939413,Skincare
5060571821706,Women's Health
0895531010174,General Health
5060448081233,Skincare
5013455330054,Vitamins
5060361080511,Eye Care
5060291420203,Skincare
5011309019711,Skincare
5000309007545,Vitamins
5015915832047,Women's Health
5065010483019,Beauty
7610313303557,Vitamins
0886284902335,Pet Care
5013455330016,Pain Relief
5025903027201,Vitamins
5013692252423,Beauty
9335955000166,Skincare
5038581130125,Beauty
0886284905336,Pet Care
0083000016578,Oral Care
5025970013275,Beauty
5038581120591,Beauty
3416387770073,Skincare
5031013109683,Vitamins
5031013102929,Vitamins
5031013101106,Vitamins
4020829005181,Skincare
5023652481039,Women's Health
5012616172403,Prescription Medicines
0033984009554,Vitamins
5031013102059,Pain Relief
8809540510251,Skincare
5060052450005,Hair Care
0017854109827,Beauty
5055148414528,Vitamins
5038581028897,Beauty
5060447948766,Skincare
5010249041714,Vitamins
0033984010505,Vitamins
0033984025400,Vitamins
5011309580013,Skincare
5060018513263,Vitamins
0792850012950,Skincare
0017854109896,Beauty
5060229017949,Vitamins
0654749361023,Hair Care
0033984006232,Vitamins
5012616265150,Hair Care
0033984018457,Vitamins
5060119669999,Eye Care
5060447948735,Skincare
0033984011663,Vitamins
5029354011147,General Health
7643022218904,Skincare
0033984022003,Vitamins
4051895014562,Vitamins
5060332531196,Vitamins
5055148411039,Vitamins
7643022212278,Skincare
8809479164297,Skincare
5065000523459,Vitamins
0033984008830,Supports & Braces
5060310350900,Vitamins
7322540574814,Continence
9314839019036,Skincare
5031013107443,Supports & Braces
96200568,Beauty
0033984015807,Vitamins
5060319461232,Hair Care
4013474103494,Skincare
0033984008663,Vitamins
5000309008467,Vitamins
5060216560779,Vitamins
4005800182020,Skincare
0792850001688,Skincare
9335955002634,Skincare
5060310350450,Vitamins
5000158071353,Digestive
4005800035548,Skincare
4005800182044,Beauty
0033984027312,Vitamins
5060805780007,Prescription Medicines
7702018401055,Men's Grooming
5060409580461,General Health
5020465201496,Skincare
5011417578285,Digestive
0074312002595,General Health
5011417573587,Supports & Braces
5010605640117,Women's Health
0054402700778,Skincare
0054402700792,Skincare
3760201136430,Skincare
9327693004414,Vitamins
4004148332401,Vitamins
4011700435173,Men's Grooming
0033984010321,Vitamins
5060229011886,Vitamins
4064951001246,Pet Care
5011417572481,Digestive
5060035240678,General Health
4005800182006,Skincare
3574661411545,Skincare
5060562640040,Vitamins
5027599007215,Skincare
5012616172700,Beauty
5060176674127,Skincare
5013455330061,Cold & Flu
5060332536344,Vitamins
5055148414252,Hair Care
3800219794137,Beauty
5023652214095,Hair Care
3760201136379,Men's Grooming
3337875597203,Skincare
0753950002999,Women's Health
5034511001657,Beauty
4005800181757,Skincare
0753950004597,Vitamins
5055148410360,Vitamins
5060018513256,Vitamins
7350012555115,Vitamins
5060084174764,Supports & Braces
0033984020603,Vitamins
9314839015809,Skincare
5034511005051,Hair Care
5060203791773,Vitamins
0851325002107,Hair Care
5013455330030,Vitamins
6248905679820,Men's Grooming
5060391848099,Skincare
5000283661641,Women's Health
5055148410957,Vitamins
0634158970115,Vitamins
7702018347629,General Health
5709976999862,Skincare
96195086,Beauty
4005800036712,Hair Care
5025903027270,Vitamins
5055148412715,Vitamins
7350005300357,Prescription Medicines
5011417591109,Digestive
3800219790207,General Health
4028694000393,Skincare
5060391848112,Baby & Child
0015594010243,General Health
5029054224021,General Health
5060018511238,Vitamins
5055148415082,Vitamins
3401575645851,General Health
5016007203851,Eye Care
4004148017179,Vitamins
8430308130420,Hair Care
9335955004348,Hair Care
7322540712513,Continence
5999887678059,Vitamins
5020465202509,Skincare
0017854117181,Beauty
5012564000063,Skincare
0033984000407,Vitamins
0753950002791,Vitamins
7610313605910,Skincare
4004148017162,General Health
0895531010181,General Health
0724742008246,Skincare
5029354000752,General Health
5060391848365,Digestive
5060499390926,Prescription Medicines
5060035240715,General Health
5021265251124,Vitamins
0797776159482,Vitamins
5055148414283,Vitamins
5031013101847,Vitamins
5055148414177,Vitamins
4008666216113,Hair Care
3800219793857,Hair Care
4001638096560,Baby & Child
0074312002533,Vitamins
5060519147271,Vitamins
8435465324101,Sexual Wellness
0764302290230,Skincare
3800219793833,Hair Care
5055148405557,Vitamins
0033984010383,Vitamins
3337875597197,Skincare
5000283659181,Digestive
9335955002733,Skincare
5056682200653,Skincare
0033984017061,Vitamins
4004148017063,Vitamins
5012616266003,Beauty
5010249042308,Vitamins
7610313405169,Vitamins
5031013108945,Vitamins
9318329125115,Beauty
4005808951222,Skincare
7610313131358,Vitamins
0645638566858,Skincare
5011309166514,Skincare
0615908431421,Hair Care
0897762000399,Skincare
5060102301776,Women's Health
96195109,Baby & Child
4001638096539,Baby & Child
3282770207514,Hair Care
5034511005037,Beauty
7350082940828,Skincare
3574661249926,Hair Care
5034511006744,Beauty
0615908431209,Hair Care
5060391847849,Skincare
5060099030000,Beauty
5060216560748,General Health
5034445002386,Vitamins
5060216564081,Vitamins
9318329125108,Beauty
5997372524126,Pet Care
0645638566872,Baby & Child
5056156308335,Vitamins
5060018880327,Beauty
5709976470408,Vitamins
0716237187871,Hair Care
5055148411565,Vitamins
0615908431643,Beauty
3760201136768,Hair Care
7643022209162,Hair Care
5035883008084,Skincare
5012616291272,Skincare
5017007602200,Prescription Medicines
5060332535064,Vitamins
5060319460860,Hair Care
5010249012530,Vitamins
0078522001959,Beauty
0851325002152,Skincare
5900627067187,Supports & Braces
3282779335188,Skincare
5060319460877,Hair Care
5060363050376,Vitamins
4031626711571,Eye Care
5055148413132,Vitamins
5060094190013,Skincare
3337875598996,Skincare
5060156070062,Eye Care
8809598455627,Skincare
4004148346286,Baby & Child
7610313404216,Vitamins
0615908431674,Hair Care
8809598454309,Skincare
8809416470030,Skincare
4005900600172,Skincare
5011408104257,Vitamins
9314839020742,Skincare
5025452001110,Beauty
4005900809308,Beauty
5060636882635,Vitamins
5000167019094,Beauty
0894147000586,Sexual Wellness
5021265250592,Vitamins
3662042002403,Eye Care
5391500077346,Vitamins
5011417568743,Digestive
5060523017560,Men's Health
3282770150124,Hair Care
5011309727814,Skincare
3574661593593,Skincare
0615908431469,Beauty
5055148415112,Vitamins
8718117603107,Baby & Child
7610313404063,Vitamins
5015802290431,Beauty
0033984009226,Vitamins
9329401000299,Hair Care
4031626711595,Eye Care
5060480200548,Oral Care
5391500077391,Vitamins
5010123711443,Pain Relief
5060062997644,Women's Health
5037353010320,Sexual Wellness
8809663751647,Skincare
0033984020306,Vitamins
0078522030119,Skincare
5060391848402,Digestive
3600540305305,Skincare
5021265223534,Vitamins
5011309081916,Hair Care
3401345935571,General Health
5055148413033,Vitamins
8809743540369,Skincare
5060601936981,Eye Care
5016379156007,Skincare
4008666704054,Hair Care
5060203794385,Vitamins
5060176673052,Skincare
5016379190001,Prescription Medicines
0033984003972,Vitamins
0721107354086,Skincare
4004148047268,General Health
0033984013803,Vitamins
0017854106703,Beauty
5026470565271,Vitamins
5060480200173,Oral Care
5034511005013,Hair Care
3701056801555,Cold & Flu
5015802290448,Beauty
5055148410834,Vitamins
0017854101081,Beauty
5060896571829,Pet Care
4004148350030,Vitamins
4004148017766,Vitamins
5000158101081,Pain Relief
5012674049907,Prescription Medicines
0033984004115,Vitamins
4004148348693,Supports & Braces
5025970009636,General Health
0033984010857,Vitamins
8809598455559,Skincare
5055148406622,Vitamins
5055148401368,Vitamins
0078522021100,Beauty
5013455060128,Vitamins
5034268004222,Digestive
5060203790349,Vitamins
5999887678349,Vitamins
5060102301790,Skincare
5015802280036,Beauty
4005900728562,Beauty
5060086610079,Digestive
4005808583447,Skincare
5051562030603,Pain Relief
4005900600202,Skincare
0033984017504,Vitamins
5000283661948,Women's Health
7643022210366,Skincare
0764302280613,Skincare
5034268006226,Supports & Braces
5034445002591,Beauty
8714207000061,Skincare
5015802278194,Beauty
4051895014586,Vitamins
5060102301912,Vitamins
5012716192004,Women's Health
5060655500138,Vitamins
5060203790226,Vitamins
7322540587531,Continence
0022600000464,Hair Care
0017854106420,Skincare
9317129041793,Beauty
5055148412616,Vitamins
9421023629893,Beauty
4008666704412,Hair Care
5023652482036,Supports & Braces
3282779416139,Skincare
5010249309661,Vitamins
9335955001095,Hair Care
4001638096669,Skincare
5015802278255,Beauty
7419871234774,Skincare
7610313405107,Vitamins
5015664008052,Eye Care
0895531010167,General Health
5607886000800,Skincare
5060562640187,Vitamins
5055148411008,Vitamins
5055148406431,Vitamins
4008666701510,Hair Care
7610313405121,Skincare
5060062996104,Skincare
5034511005280,Baby & Child
0792850010116,Baby & Child
5060254922294,Skincare
5016973991561,Skincare
5055148412920,Vitamins
4008666212375,Hair Care
3337875597180,Skincare
0083000016561,Oral Care
5000283661559,Vitamins
7643022211660,Skincare
3337875597210,Skincare
0634158637803,Vitamins
5052197045451,Sexual Wellness
4005900695871,Skincare
93468183,Vitamins
93468145,Vitamins
9326922006533,Beauty
93468190,Vitamins
0033984009455,Vitamins
9335955002726,Skincare
0033984001008,Vitamins
4015600254254,Hair Care
5391500077797,Skincare
0033984027602,Vitamins
0033984320482,Vitamins
3282770037067,Skincare
0033984009417,Vitamins
5055148402396,Vitamins
0033984024601,Women's Health
0033984009318,Vitamins
0033984039032,Vitamins
0033984311701,Vitamins
5060018511559,Vitamins
0078522083009,Skincare
0033984017351,Hair Care
0033984000551,Vitamins
0033984013209,Vitamins
0033984014107,Vitamins
5012616291708,Prescription Medicines
5016379153501,Skincare
5060018511535,Vitamins
0033984010567,Vitamins
9335955004461,Baby & Child
3282770145700,Hair Care
3600523526062,Men's Grooming
4015600254315,Hair Care
5029354002718,Skincare
5704947003487,Skincare
5012616172601,Skincare
5060571721570,Skincare
5060599183916,General Health
42360759,Skincare
5021265223527,Vitamins
5060099032134,Skincare
7391899836591,General Health
5035883000101,Cold & Flu
8809566990846,Skincare
4005808583669,Skincare
5060203792565,Vitamins
5060319461218,First Aid
4005800275210,Skincare
5060094190006,Skincare
5016379291869,Pain Relief
3282770149272,Hair Care
5056156307499,Vitamins
5016007204674,Eye Care
3282770143522,Hair Care
5013455260375,Vitamins
5709976115200,Digestive
0033984012493,Vitamins
3614224084141,Skincare
5055148400262,Vitamins
3282770140972,Hair Care
5060704340371,Men's Grooming
3282779051378,Beauty
5060553605119,Skincare
7333350858148,Skincare
3282770147469,Hair Care
0033984049949,Vitamins
7610313304578,Eye Care
3574661156392,Skincare
5027314496713,Baby & Child
0033984040687,Vitamins
5060375230179,Pain Relief
0033984035058,Vitamins
7643022208554,Hair Care
5038581143941,Beauty
9335955000159,Skincare
5038581130200,Beauty
9335955000050,Hair Care
0615908431339,Hair Care
8719327597811,Skincare
8809990007424,Skincare
4005900577948,Skincare
0078522000464,Hair Care
4008666701800,Hair Care
5038581136707,Beauty
7643022211592,Hair Care
0810020170467,Skincare
5013455142381,Cold & Flu
5020465203278,Skincare
5060203790196,Vitamins
3574661184272,Skincare
4013474113035,Skincare
0033984007000,Vitamins
5065000523343,Vitamins
5060420232752,Cold & Flu
3800219796131,Skincare
5060086611106,Vitamins
5060391848389,Digestive
0033984033160,Vitamins
5054563908117,Pain Relief
0705928045309,Skincare
5060384790091,Prescription Medicines
5709976283503,Vitamins
0724742007621,Skincare
0705928602755,General Health
0078522000440,Hair Care
4005800270406,Skincare
5060372800214,Hair Care
5013455061262,Vitamins
5011309040111,Baby & Child
5060571821805,Vitamins
5060148520315,Pain Relief
5011501080038,Pain Relief
5021284190763,Pet Care
4008666701619,Hair Care
5016379175008,Skincare
5023652438125,Vitamins
5028392001899,Vitamins
9327693005404,Skincare
5038483844588,Supports & Braces
5060203792985,Vitamins
5010724000496,General Health
0798092218358,Pain Relief
0071409543405,Hair Care
5054563948656,Vitamins
5025452001073,Beauty
5010605054112,Women's Health
5055148412890,Vitamins
5060104170615,Sexual Wellness
0015594011035,Skincare
5013455050112,Cold & Flu
5031013102172,Vitamins
5021265222575,Vitamins
5011309102512,Skincare
5031013109089,Vitamins
5031013108952,Vitamins
5031013100512,Vitamins
8809990007417,Skincare
5016379293009,Pain Relief
8809990007400,Skincare
3662042006104,Eye Care
0738678151761,General Health
0078522000648,Hair Care
0017854110311,Beauty
5034445003710,Skincare
5060310353031,Vitamins
5060018514673,Vitamins
5060086611069,Vitamins
0033984015227,Vitamins
0033984037861,Vitamins
4062981021937,Pain Relief
0033984041189,Vitamins
5055148403553,Women's Health
0033984038851,Vitamins
5055144200859,Pain Relief
4004148057076,Vitamins
5034511002098,Baby & Child
0033984006096,Vitamins
5000488109733,Beauty
5060202184057,Vitamins
5391531760521,Vitamins
5017007603665,Skincare
5021044126803,Skincare
0033984001602,Vitamins
5060176672130,Skincare
3800219794151,Beauty
5055148409623,Vitamins
5060176672192,Skincare
4013474117101,Skincare
4008666701855,Hair Care
9332996000605,Baby & Child
4004148333767,General Health
0615908427844,Hair Care
3800219794199,Beauty
5060099032165,Beauty
3282770145311,Hair Care
5060176672895,Skincare
5025903028932,General Health
5056142607961,Vitamins
5038581148007,Beauty
4011700447688,Beauty
0078522000426,Hair Care
5025970012834,Beauty
5016003772900,Testing & Monitoring
93468152,Vitamins
0033984023079,Vitamins
3282770139259,Hair Care
5056142607305,Vitamins
3282770141917,Hair Care
5060519147462,Vitamins
93468251,Vitamins
3282770144628,Women's Health
7702018529179,General Health
8032668870918,General Health
5010249190276,Vitamins
5060332535958,Vitamins
5021265243341,Vitamins
8809990007448,Skincare
0010181041532,Skincare
5026468744732,Eye Care
3574661461908,Cold & Flu
96186138,Beauty
0078522040118,Vitamins
7618900903012,General Health
9318329010107,Hair Care
3574661528939,Baby & Child
5060409580423,Vitamins
5010249309784,Vitamins
3574661800660,Skincare
5052197045277,Sexual Wellness
3600523350148,Skincare
5010249300101,Vitamins
0724742007645,Skincare
5023323033888,General Health
7643022212032,Hair Care
5010249300804,Vitamins
5011417590942,Eye Care
7350057520017,Skincare
5060332530465,Vitamins
5010249028470,Vitamins
3800219790337,Skincare
9327693007576,Skincare
0074312002618,Vitamins
5060776980147,Vitamins
0792850712119,Baby & Child
5999887678332,Vitamins
3573994006343,Skincare
5016379150005,Skincare
5055148410742,Pet Care
0017854117303,Beauty
5000158066366,Digestive
3574661491233,Skincare
0700461912194,Skincare
5055148413088,Vitamins
5055071900013,Skincare
4008666704047,Hair Care
5021265249305,Vitamins
5060310350627,Vitamins
5060384790060,Prescription Medicines
3401578653709,Skincare
4005808430208,Skincare
50483464,Eye Care
5038483000090,Pain Relief
3282770145281,Hair Care
3282770390759,Hair Care
0894147000319,Sexual Wellness
5055148414696,Vitamins
3395014090008,Skincare
0634158987557,General Health
5036072001312,Prescription Medicines
5038581158235,Beauty
5060216564784,Vitamins
8719327023839,Skincare
4001638096614,Baby & Child
5999860167549,Vitamins
5012748615304,Prescription Medicines
96188620,Vitamins
0033984017337,Vitamins
5012616291692,Hair Care
3800219793840,Hair Care
5037127029145,Men's Grooming
5060104170707,Women's Health
5055148410964,Vitamins
5055148414719,Vitamins
0087614142050,Vitamins
5029354000189,General Health
5055148414702,Vitamins
5999860167556,Vitamins
5060455149155,Beauty
5060203791032,Vitamins
4008666704429,Hair Care
5055148414580,Vitamins
5709976104402,Vitamins
8710522938164,General Health
5099186001289,Pain Relief
3800219794212,General Health
5000283657750,Prescription Medicines
5017007600855,General Health
9335955002603,Hair Care
8809642714526,Skincare
4051895014531,Vitamins
5060057403136,Pain Relief
5010123711788,Pain Relief
,Skincare
5020465200383,Skincare
0017854105904,Beauty
4006000075419,Skincare
5060571821485,Vitamins
5029354004880,Vitamins
5021265242252,Testing & Monitoring
5055757900641,Skincare
8001090438973,Continence
5029053574141,General Health
5031013108907,Vitamins
5060391846941,Skincare
0017854117518,Beauty
3574660538359,Skincare
0017854111080,Beauty
7702018263813,General Health
8006540154274,Women's Health
0074312002588,Vitamins
5055148412067,Vitamins
5060319461089,Hair Care
5038581148045,Beauty
5999860167563,Pain Relief
5000347079016,Skincare
5022339350019,Vitamins
5017007601302,Baby & Child
0033984004009,Vitamins
9329401000091,Hair Care
7350133960096,General Health
5060776980062,Vitamins
8809642714519,Skincare
5060104170691,Women's Health
0645638566865,Skincare
7643022211738,Skincare
3800219790788,Beauty
8809642714502,Skincare
0017854107427,Beauty
5391531761009,Beauty
8809642714533,Skincare
0894147000012,Sexual Wellness
5011417567265,Sexual Wellness
5031013101298,Vitamins
0705928003101,Vitamins
7702018612550,General Health
42360766,Skincare
9335955000463,Beauty
5038581147994,Beauty
5030451003454,Skincare
5012616262210,Beauty
5038581136608,Beauty
9335955000494,Beauty
4004148017605,General Health
5060391841243,Skincare
0017854117167,Beauty
7643022211424,Hair Care
8032668871908,Eye Care
5015664005990,Eye Care
96190890,Women's Health
5011417566411,Eye Care
5027314502537,Vitamins
5010724529256,Women's Health
4008666710062,General Health
0017854107885,Beauty
5020465202554,Skincare
4005900695789,Skincare
5000158106529,Pain Relief
8033959760987,Eye Care
5060123415346,Testing & Monitoring
8001090571021,Beauty
8710522511312,Beauty
5060203792640,Vitamins
3760201136256,Beauty
5060173370008,General Health
0017854107632,Beauty
8000036024782,Pain Relief
5709976019300,Vitamins
5038581149288,Beauty
5060102170785,Baby & Child
5391531563337,Oral Care
3800219796322,Skincare
3282770140934,Hair Care
5000158105270,Prescription Medicines
5060332535149,Vitamins
5011408110098,General Health
5012616291913,Pain Relief
5060553605102,Women's Health
5060176673274,Skincare
5025970022574,Skincare
0615908423150,Hair Care
5016379330001,Hair Care
5025970011103,Beauty
5060176672161,Skincare
5011309729511,Skincare
5060203790431,Vitamins
5023652296060,Vitamins
5011784080114,Skincare
8001090111715,Continence
5012335850507,Vitamins
5055148410995,Vitamins
7702018597154,Beauty
5031013101182,Vitamins
5031013100901,Vitamins
8700216433280,Vitamins
4028694000256,Sexual Wellness
0856175001911,Hair Care
0300656144067,Women's Health
0010181043598,Skincare
5060704340364,General Health
0033984004252,Vitamins
5055148403171,Vitamins
5060519147301,Vitamins
9349288140543,Skincare
5060409580447,General Health
0033984018518,Vitamins
0033984013407,Vitamins
5391531560534,Oral Care
5010249041868,Vitamins
5060193642109,Beauty
5060018511665,Vitamins
9327693007569,Skincare
0033984033191,Vitamins
5055148412883,Vitamins
7350082940200,Skincare
6001159111344,Skincare
5038483999011,Supports & Braces
0764302280620,Hair Care
0033984028203,Vitamins
4031626711588,Eye Care
0078522002048,Hair Care
5060018516745,Vitamins
8430308132479,Beauty
5060018512280,Vitamins
5011309055610,Skincare
0764302280231,Skincare
5060409580485,Vitamins
0033984011809,Vitamins
0074312010941,Vitamins
5060018512839,Vitamins
5012616163708,Skincare
5060363050345,Vitamins
5060571720726,General Health
5023652489035,Vitamins
0897762000405,Skincare
5060018511481,Vitamins
5023652480032,Vitamins
5060018511740,Vitamins
96194799,Skincare
5060601932969,General Health
5060148520100,Vitamins
0724742008109,Skincare
3574660712025,Digestive
0033984039377,Vitamins
5012616265686,Prescription Medicines
8001090615732,Men's Health
9329401000497,Skincare
3282779002721,Cold & Flu
0033984009608,Vitamins
0850835000603,Vitamins
5055148414566,Vitamins
5060332534340,Vitamins
5023652520301,Vitamins
5060391848136,Baby & Child
0033984549562,Vitamins
5023323001610,General Health
9318329122244,Hair Care
9318329114140,Hair Care
5000347062193,Prescription Medicines
5060018513218,Vitamins
5060148520186,Vitamins
7643022212100,Hair Care
0033984002005,Vitamins
5034445002225,Eye Care
7350082940194,Skincare
5060104170660,Sexual Wellness
0724742007607,Skincare
5900741962610,Eye Care
4032129107373,Prescription Medicines
5060176674707,Skincare
0859975020014,Skincare
5060176674806,Skincare
5010249118904,Vitamins
5017978000050,Vitamins
5060176673298,Skincare
5011309047110,Women's Health
0672153905954,Hair Care
5020465201601,Skincare
4013474107249,General Health
5034268006189,Baby & Child
5060601930453,Skincare
5060180811242,Pet Care
4103040167958,Skincare
0033984525504,Vitamins
5060391847801,Skincare
3574661656342,Baby & Child
4048882000325,Sexual Wellness
0033984008106,Vitamins
3830070471304,Eye Care
3282770396416,Hair Care
8809663751708,Skincare
3282770207712,Skincare
5013455040120,Skincare
5023652270091,Vitamins
0033984010154,Vitamins
9349288140550,Skincare
5016973991172,General Health
8420212035058,Skincare
5060148522838,Pain Relief
0033984025561,Vitamins
0033984010185,Vitamins
4001638096652,Baby & Child
5016379297007,Skincare
9327693000430,Beauty
3574661412672,Skincare
5060203792589,Vitamins
5060332533671,Vitamins
0792850336414,Baby & Child
0753950002180,Vitamins
0017854117471,Beauty
4717237000388,Supports & Braces
5012616262203,Cold & Flu
5060896571881,Skincare
5054563213501,Pain Relief
4987241163670,Vitamins
5028392001943,Vitamins
5065000523367,Vitamins
3800219794175,Beauty
3337875597296,Skincare
5060104170578,Sexual Wellness
5011309692617,Skincare
0017854117686,Beauty
5060361080344,Women's Health
7702018544646,General Health
5010415364791,Baby & Child
5017007100447,Women's Health
3661103045229,Pet Care
3282770200904,Hair Care
5011417591048,Digestive
5391531760835,Beauty
5031013105968,Pain Relief
3830070471311,Eye Care
5060144647023,Skincare
5012616265518,Cold & Flu
0654749351109,Hair Care
5010605142741,Baby & Child
5011417591024,Digestive
0859975002379,Skincare
5038581103242,Skincare
5015259005121,Supports & Braces
5000283662211,Vitamins
9314839020698,Skincare
7614700017812,Skincare
4005808856695,Skincare
5028816000163,Vitamins
5020465202394,Skincare
5060018511764,Vitamins
5034511006676,Skincare
5010249049017,Vitamins
5010605055225,Sexual Wellness
5060421930138,Skincare
5011309011418,Cold & Flu
5060384790015,Prescription Medicines
5016379197000,Prescription Medicines
5060216560458,Vitamins
5060018511771,Vitamins
5038581113593,Beauty
5060384790176,Prescription Medicines
5011417571125,Eye Care
3830070472028,Eye Care
0705928052000,Cold & Flu
96195079,Beauty
5011309102413,Skincare
3574661604732,Skincare
3282770145069,Hair Care
5060132680070,Eye Care
5011417540169,Hair Care
3282770200850,Hair Care
5060203793203,Vitamins
5020465202318,Skincare
4005808515554,Skincare
5011417579053,Digestive
5060110222049,Eye Care
7311620012964,General Health
4015400628408,Continence
0859975020045,Skincare
4013474113103,Beauty
5098928125726,Skincare
5060203791124,Vitamins
8809663751524,Skincare
3474630741713,Hair Care
4031678036226,Home & Household
5012616264283,General Health
5033847001966,Vitamins
5034511006669,Skincare
5060143340000,Vitamins
5055148409562,Vitamins
5060143340079,Cold & Flu
5055148404895,Vitamins
5055148401238,Vitamins
4001638098069,Oral Care
5011417591055,Digestive
5034445002126,Vitamins
9318329121247,Hair Care
5011309728811,Skincare
4002448116554,Supports & Braces
4210201853893,Oral Care
0615908425284,General Health
5038581133256,Beauty
5023652264090,Vitamins
7643022210298,Hair Care
8888650407217,Skincare
5010249041677,Men's Health
3282770204247,Beauty
5060332530038,Vitamins
0716237150080,Hair Care
9318329112146,Hair Care
5060176675001,Skincare
9318329116144,Hair Care
3800219796155,Skincare
5011784001768,Cold & Flu
5030451004765,Skincare
5016003657108,Testing & Monitoring
4007221033264,Pet Care
7702018578955,General Health
5060216562629,Women's Health
3564300031289,Cold & Flu
0716237181718,Hair Care
3282770141252,Hair Care
3435172351006,General Health
5099299042452,Pet Care
4086000011693,Vitamins
5391531760231,General Health
3282770147292,Hair Care
5010605402449,Vitamins
9001616669903,Baby & Child
4001638096522,Skincare
0017854109889,Men's Grooming
5060896571867,Pet Care
5020465202578,Skincare
0615908431599,General Health
9349288130421,Hair Care
5012616265495,Cold & Flu
0716237060082,Hair Care
7610313605934,Cold & Flu
3282770144864,Hair Care
7702018566983,Men's Grooming
7702018264230,General Health
0615908432152,Hair Care
5060332533510,Vitamins
0716237120083,Hair Care
0615908431292,Hair Care
0033984014497,Vitamins
5060176675087,Skincare
0716237070081,Hair Care
4005800270376,Skincare
7322540887624,Continence
0832826004272,Skincare
5021265243389,Vitamins
5060601935205,Skincare
5060601934802,Skincare
5000488201383,Beauty
5021769917090,Skincare
5021265223510,Vitamins
5000488108415,Vitamins
0074312002717,Vitamins
5010249042001,Vitamins
5060363050116,Oral Care
5060148520469,Vitamins
0654749351857,Beauty
4001638098649,Skincare
5013455060104,Skincare
4013474117132,Skincare
5060332536238,Vitamins
5060601934406,Skincare
5060144641489,Pet Care
5060176672871,Skincare
5028816000026,Vitamins
0810020171655,Skincare
9327693002663,Beauty
5037353004114,Skincare
5025452002261,Beauty
5060571721723,Beauty
5011309441116,Cold & Flu
5011417583180,Vitamins
7350087736662,Skincare
5029354015893,Oral Care
3600520752228,Hair Care
5054563176660,Pain Relief
5037353004084,Sexual Wellness
3600522500728,Hair Care
5013455061002,First Aid
5037353010337,Sexual Wellness
5060391847948,Hair Care
5000477808227,Vitamins
5013455061415,Vitamins
3282779003124,Beauty
5011309015416,Cold & Flu
5010605296055,Digestive
0716237140081,Hair Care
4084500846579,General Health
5016379196003,Skincare
5065006309033,Oral Care
0078522040026,Skincare
8432225129891,Hair Care
5060384790213,Prescription Medicines
3574661450735,Hair Care
0017854117914,Beauty
4001638501484,Skincare
9327693001253,Men's Health
5060144648969,Pet Care
5037563002436,Pain Relief
0716237187888,Skincare
5012335888302,General Health
5054563197306,Vitamins
5025903026143,Vitamins
5016298210989,Prescription Medicines
0716237100085,Hair Care
3574661491219,Skincare
8411300692000,Skincare
0074312016745,Supports & Braces
0195893995646,Skincare
5055148414740,Vitamins
4032651215058,Skincare
8001090439055,Women's Health
5060320560092,General Health
8001090594662,Men's Grooming
3282779007481,Hair Care
5025452001134,Beauty
4005900444554,Skincare
5011417576908,Sexual Wellness
9327693007583,Skincare
8716900552755,General Health
5060209730240,General Health
0615908431575,Hair Care
0724742007614,Skincare
5055148409746,Vitamins
5034445001143,General Health
5060203791063,Vitamins
5054563129796,Vitamins
4005900695864,Skincare
7612367050470,General Health
3662042002953,Eye Care
5060216560168,General Health
0017854117150,Beauty
5392000104228,Skincare
5025452000823,Skincare
0817513010019,Hair Care
0017854118041,Beauty
5055148409074,Vitamins
0074312002663,Vitamins
0017854117709,Beauty
0654749351673,Hair Care
5038483224410,Women's Health
5023652373037,Vitamins
5013455060623,Vitamins
8420212035034,Skincare
3574661625379,Skincare
0083000016783,Oral Care
5025452000816,Skincare
3574661732992,Skincare
5055565706480,Sexual Wellness
5065007265277,Skincare
5011309586114,Skincare
9335955004782,Baby & Child
5010934004772,Men's Health
5016379194009,Skincare
5392000104266,Skincare
4004148017704,Vitamins
5011309020618,Beauty
5011309871814,Vitamins
4001638096638,Baby & Child
4013474117125,Skincare
3600540305008,Skincare
5060391847993,Skincare
5011309089813,Skincare
3616302013180,Beauty
5060018513188,Vitamins
5000347039386,Skincare
0716237130082,Hair Care
5060464500220,Pain Relief
5055148403102,Vitamins
0654749351178,Hair Care
5021265223602,Vitamins
5023652263031,Vitamins
4015630056972,Testing & Monitoring
0716237181725,Hair Care
9335955004454,Baby & Child
3574661730578,Supports & Braces
0017854110991,Beauty
5701943100042,Beauty
8719324977159,Beauty
5034511010352,Skincare
3616301033882,Beauty
6921756492434,Testing & Monitoring
5010724506387,Testing & Monitoring
5055148414160,Vitamins
5060332534555,Vitamins
4015400628262,Continence
5013455061408,Vitamins
5011309102710,Skincare
5011309729313,Skincare
5055148411831,Vitamins
4031626711274,Eye Care
7322542091227,Continence
4103040043689,Sexual Wellness
5065006309026,Oral Care
8006540894415,Oral Care
5016379171017,Skincare
8720182567710,Beauty
5999887678110,Vitamins
5065006309002,Oral Care
3574661287232,Skincare
3331300097788,Cold & Flu
5060776980154,Vitamins
5014713100303,Skincare
5011309120516,Skincare
5016007205015,General Health
7317510000615,Women's Health
5017402008478,Skincare
5037353004145,Sexual Wellness
5017402041604,Hair Care
5000477669170,Vitamins
5031013106439,Vitamins
5023652517035,Supports & Braces
0033984017108,Vitamins
3331300097771,General Health
8720182406927,Beauty
0753950002098,Vitamins
5011309102116,Skincare
5010934002174,Men's Health
0615908425819,Men's Health
6936983119450,Women's Health
5060391848327,Skincare
0033984027701,Vitamins
5055148414313,Vitamins
5060571721532,Skincare
5023652411050,Vitamins
3600542126885,Skincare
5034445003901,Beauty
0017854117143,Beauty
5407007650187,Women's Health
5029053574103,Baby & Child
5060202182282,Vitamins
5060332531967,Vitamins
0716237030085,Hair Care
0859975002461,Skincare
9314839020728,Skincare
5060119660842,General Health
4013162027187,Skincare
9314839016943,Baby & Child
7613036546072,Baby & Child
9327693004513,Skincare
5011309107012,Hair Care
3574661353340,Cold & Flu
5060156070123,Eye Care
5016379100406,Skincare
5701943100103,Beauty
5011309068115,Skincare
7643022209230,Hair Care
5011417582077,Digestive
5038581156262,Beauty
5000488103359,General Health
4004148057069,General Health
8432225129785,Hair Care
3600541992412,Skincare
1230000007399,Sexual Wellness
9329401000442,Skincare
5011309020915,Skincare
5701943011430,Beauty
4013162027460,Skincare
3661103045205,Pet Care
3574661519760,Baby & Child
5060574680065,Vitamins
5011309162615,Skincare
8432225129877,Hair Care
5010605054075,Women's Health
5034445002119,General Health
0078522000259,Hair Care
0716237010087,Hair Care
9421903096821,Skincare
5712249121822,General Health
3574661571645,Stop Smoking
8720182567734,Beauty
9329401000114,Skincare
3574661730547,Supports & Braces
5060291420197,Beauty
5037353004022,Sexual Wellness
5029354000240,General Health
0022600200048,Hair Care
5000476020538,Pet Care
5025452001165,Beauty
5999887678493,Vitamins
5391531760286,Cold & Flu
5065006309019,Oral Care
96032893,Vitamins
5037353004176,Sexual Wellness
3616304218460,Beauty
5010605153044,Vitamins
0087614020730,Vitamins
5020465200468,Skincare
4030571004356,Prescription Medicines
0716237020086,Hair Care
0017854117334,Beauty
5038581105871,Beauty
0716237180537,Hair Care
5016379142000,Women's Health
0724742008277,Skincare
5029053574110,Baby & Child
5029053574158,Baby & Child
7350087737003,Skincare
5023652020900,Vitamins
5060391847924,Hair Care
0851325002282,Skincare
5034511002937,Skincare
0033984025516,Vitamins
5037353004053,Sexual Wellness
5031013108617,Vitamins
5054563258588,Vitamins
7350087736990,Hair Care
5060148521374,Vitamins
5035883002464,Cold & Flu
5060310357909,Vitamins
5013455060364,Skincare
0078522000822,Hair Care
5010249300200,Skincare
4084500477360,Testing & Monitoring
5060601934604,Skincare
5060601936578,Skincare
5031013107658,Vitamins
9327693005558,Beauty
5031013102967,Vitamins
0033984028043,Vitamins
5060601935007,Skincare
5030451003416,Skincare
9327693005428,Beauty
5060776980017,Vitamins
3760201136515,Hair Care
5060895830484,Beauty
0033984035003,Vitamins
0033984032606,Vitamins
5055148400019,Vitamins
5012616263194,General Health
5010724529270,Women's Health
5023652670907,Vitamins
5704947003500,Skincare
5020465202592,Skincare
9329401000176,Skincare
5012616264801,Skincare
5011417589229,Pain Relief
5060018880150,Eye Care
5012616267659,Pain Relief
0852558006481,Hair Care
0033984023802,Vitamins
5019090117418,General Health
5060173375003,General Health
5060601934208,Skincare
5012748615281,Prescription Medicines
5011309166019,Skincare
5052197045390,Sexual Wellness
5060119660118,Eye Care
3574661366272,Vitamins
5709976139107,General Health
9327693000744,Skincare
1230000007252,General Health
5060332534524,Vitamins
5060332536146,Vitamins
0724742007638,Skincare
4015600116415,Hair Care
8436583640043,Women's Health
5021769997139,Beauty
5010249011854,Vitamins
5023652442030,Vitamins
5060143340109,Cold & Flu
5055148400217,Vitamins
0033984011205,Vitamins
0033984025707,Vitamins
3574661253848,Vitamins
5020465201588,Skincare
5060704340548,Oral Care
5034511006683,Skincare
5000488107012,Vitamins
5034445001242,Beauty
5060704340401,Beauty
5010605830495,Digestive
0033984030503,Vitamins
4005800036101,Skincare
5060119660484,Eye Care
5000283659327,General Health
5060447945147,Baby & Child
5010249041806,Vitamins
5029066039033,General Health
0033984005204,Vitamins
0033984031104,Vitamins
5060203790998,Vitamins
5060084170940,Beauty
5060144640581,Skincare
5010934001849,Men's Health
5010605400124,Skincare
5054563044365,Beauty
5023652367067,Vitamins
5010249041004,Vitamins
5060636881744,Hair Care
8716900582622,General Health
5000488103298,General Health
3282770204667,Skincare
5011309711813,Beauty
9327693005305,Skincare
0817513015175,Skincare
0078522050124,Skincare
9781788401661,Skincare
5060130440119,Home & Household
5010934003263,Men's Health
4038235203275,Testing & Monitoring
3760201136492,Hair Care
5025970022840,Skincare
5010441016237,First Aid
8716900581069,General Health
8716900580208,General Health
6001159118480,Skincare
3760201136461,Hair Care
4051895012544,Vitamins
0716237040084,Hair Care
0033984037205,Vitamins
3574661192833,Skincare
9327693004421,Skincare
5055148402020,Vitamins
0654749351802,Beauty
3282770145366,Hair Care
8716900581106,General Health
5060156070222,Eye Care
5055148401757,Vitamins
5060420337785,Hair Care
5060099030697,Skincare
5391531760392,Skincare
5010249309777,Vitamins
3600523526208,Men's Grooming
5010249309906,Vitamins
5701943010402,Beauty
4051895012568,Vitamins
8809480780769,Skincare
5099299042438,Pet Care
5060332532506,Hair Care
5011309590012,Skincare
5060601933263,Skincare
5021265247400,Vitamins
5010123703745,Cold & Flu
3800219793062,Skincare
5060391848051,Skincare
8719324977104,Beauty
4005800035784,Skincare
0074312002731,General Health
0033984019409,Vitamins
0735850821504,Skincare
7350087736464,Skincare
0672153905978,General Health
0033984010833,Baby & Child
0033984033405,Vitamins
5407007650408,Beauty
0753950002104,Vitamins
0856175001928,General Health
8719324977111,Beauty
5013455250284,Vitamins
5022339186014,Vitamins
0087614015996,Vitamins
5037336000140,Vitamins
5011309265613,Pain Relief
5060181540356,Testing & Monitoring
9001616669927,Baby & Child
5060163210444,Skincare
5013455081048,Vitamins
0654749351604,Hair Care
4008666214232,Hair Care
5055148402228,Vitamins
0615908427615,Hair Care
3574661565309,Baby & Child
5031013105937,Women's Health
0033984029507,Vitamins
5054563060372,Vitamins
4051895007557,Vitamins
5013455081161,Vitamins
5031013100093,Vitamins
5024091747977,Prescription Medicines
0017854106031,Beauty
4013162019311,Beauty
5011309089011,Skincare
5050474106185,Women's Health
0078522000198,Hair Care
0078522070054,Hair Care
5060332530342,Vitamins
5010415235961,Skincare
0839573002056,Beauty
0033984022713,Vitamins
5011309102215,Skincare
5015259007750,Digestive
5011309623314,Skincare
5000223421960,First Aid
9314839020797,Skincare
96188644,Vitamins
5023652395152,Vitamins
7322540574876,Continence
5034445001501,Beauty
5060601936226,Skincare
5014302000045,Vitamins
5060361081853,Eye Care
5060480200050,Oral Care
5017007604709,Sexual Wellness
5023652274105,Vitamins
5016379000072,General Health
5017007603689,Skincare
0033984017009,Vitamins
8006540154083,Women's Health
5023652303065,Vitamins
0859975002225,Skincare
5034268006080,Digestive
0033984007512,Vitamins
5055148410971,Vitamins
5031013104800,Vitamins
4051895000312,Vitamins
0017854102484,Beauty
5012616268007,Pain Relief
5060018880495,Beauty
0078522001980,Beauty
9314839015649,Skincare
4051895000305,Vitamins
8716900582660,General Health
5010605830556,Digestive
5013455081093,Vitamins
5038483000076,Prescription Medicines
9314839020773,Skincare
0615908426021,Hair Care
4004148017711,Vitamins
5060176671898,Vitamins
5034445002706,Skincare
0033984001404,Vitamins
0810020171648,Skincare
0078522015604,Oral Care
1358962181602,Hair Care
0078522070092,Hair Care
7322540545241,Continence
5016646039286,Skincare
8719327597835,Skincare
5011417539880,Hair Care
9335955004980,Skincare
5010605830792,Digestive
3331300097245,Cold & Flu
5031013101083,Vitamins
5011417556535,Skincare
5060409580539,General Health
7612367073073,Skincare
5016379193002,Skincare
1230000007276,Skincare
5010249020351,Vitamins
5054563061485,Cold & Flu
5015632090270,Skincare
5010249041554,Vitamins
5010249028463,Vitamins
0859975002249,General Health
7350087736723,Skincare
5055148401542,Vitamins
5060571720733,Beauty
5055148402778,Vitamins
5011417549247,Hair Care
8713713076171,Digestive
5060480200135,Oral Care
8007376042629,Hair Care
8888650437061,Pain Relief
5060332536252,Vitamins
5060601936271,Skincare
5060332534937,Vitamins
0078522000846,Hair Care
3600521602638,Skincare
1230000007245,General Health
1230000007238,General Health
5025970013374,Beauty
7612482001302,Skincare
8719324977135,Beauty
5055148401894,Vitamins
3401572288297,General Health
3663555004304,Prescription Medicines
5031013100208,Vitamins
8719324977142,Beauty
5060156070215,Sexual Wellness
5013455250277,Skincare
0857538000039,Beauty
5023652380912,Vitamins
5060133378747,Eye Care
5024084001550,Vitamins
5010605400773,Vitamins
5060519143259,Vitamins
3282770074062,Hair Care
5021265244423,General Health
9327693006944,Hair Care
5036631007601,Skincare
4011700435029,Men's Grooming
9332996000629,Baby & Child
0033984008496,Vitamins
5010605295966,Digestive
5012616172557,Beauty
5391531760309,Eye Care
5023652680906,Vitamins
5010934004604,Men's Health
5010249008106,Vitamins
5055071900006,Skincare
5021265222605,Vitamins
5021265245093,Vitamins
0876198003204,Home & Household
5023652060906,Vitamins
5023652413092,Vitamins
5060133373834,Beauty
5060332535941,Vitamins
1230000007221,General Health
5023652271067,Vitamins
5010249077300,Vitamins
0792850030510,Baby & Child
7643022218386,Skincare
0876198003105,Home & Household
0645638566742,Vitamins
7610313405206,Cold & Flu
4770001001394,Oral Care
3282770106954,Hair Care
5060546080312,General Health
3760201136393,Skincare
4013474117255,Skincare
5021265250257,Vitamins
5060571721525,General Health
8436583640012,Women's Health
5010249031944,Vitamins
5021265220038,Vitamins
0078522000785,Hair Care
5011417561980,Hair Care
5011417561508,Skincare
9327693006951,Hair Care
5012131742600,Pain Relief
5016379130014,Women's Health
4011700415403,Beauty
5026445002879,Men's Grooming
5060776980024,Vitamins
5407007651283,Men's Grooming
0074312011092,Vitamins
5011309021516,Skincare
4015400985211,Hair Care
0615908424683,Men's Health
5060332535996,Vitamins
5000309007316,Cold & Flu
0894147000975,Sexual Wellness
5060480200043,Oral Care
5016379191206,Skincare
5060601931573,Skincare
0724742008024,Skincare
4032129107403,Prescription Medicines
7322541679853,Continence
5060128984694,Oral Care
5060291420258,Skincare
7322542092118,Continence
4001638096515,Hair Care
5012748613362,Women's Health
5060203790264,Vitamins
4008666210609,Hair Care
5060089610731,Sexual Wellness
0033984006409,Vitamins
3574660536737,Skincare
0078522000808,Hair Care
8700216452755,Beauty
5000158065635,Digestive
5060133373858,Women's Health
5060391847900,Hair Care
5060332536382,Pain Relief
5054563907820,Prescription Medicines
3564300031272,Cold & Flu
5035832104423,Beauty
5029354000738,General Health
3282770025958,Skincare
5012617019752,Women's Health
5425005120099,Skincare
5011417567586,Sexual Wellness
4024787430535,Eye Care
5060776980048,Vitamins
5060332534951,Vitamins
3800219790658,Beauty
5060571821867,Vitamins
5054563093486,Cold & Flu
4005900545787,Skincare
5056142602102,Vitamins
5055148415051,Vitamins
3574661464985,Skincare
0033984005150,Vitamins
5060149640166,Testing & Monitoring
3592610001418,Skincare
5709976093201,Vitamins
5023652315068,Vitamins
4005900545671,Skincare
5021265222001,Vitamins
4028694000188,Sexual Wellness
3282770142327,Skincare
4013474117194,Beauty
4032129107427,Prescription Medicines
5000488105285,Vitamins
5010724000434,General Health
5000347077807,Prescription Medicines
6936983109901,Vitamins
0817513010033,Hair Care
5013455080720,Vitamins
3600522233077,Skincare
7322542075043,Continence
9335955000388,Skincare
7322541056494,Continence
8700216356640,Vitamins
4005900468871,Skincare
0654749351055,Hair Care
3760201136409,Skincare
5035832118260,General Health
5052197045215,Sexual Wellness
5013455081079,Vitamins
5000477807220,Vitamins
8718951469754,Oral Care
5060176672697,Skincare
5060480200302,Oral Care
5031013104350,Vitamins
5021265221424,Vitamins
5060209732480,Skincare
5054563076137,Prescription Medicines
5060332536115,Vitamins
0615908426830,Hair Care
8594739273832,Pain Relief
5060776980055,Vitamins
9335955004294,Skincare
5055148400583,Pet Care
0809958002018,Skincare
5054563908087,Pain Relief
5010249302303,Vitamins
9327693000294,Skincare
5017848254576,General Health
5027599000087,Skincare
0017854103689,Beauty
96191736,Beauty
4717237017812,Supports & Braces
5060203791094,Vitamins
5012616291654,Prescription Medicines
5055148404000,Vitamins
0773554165647,Baby & Child
9335955004713,Skincare
5038581156033,Beauty
5036072008670,Vitamins
5035883002471,Cold & Flu
4013162028207,Skincare
3760201136416,Skincare
5011309654318,Skincare
9421023628773,Vitamins
9335955004317,Skincare
5060332533725,Vitamins
0015594011738,Sexual Wellness
3282770204209,Skincare
5038581156095,Beauty
5056156310086,General Health
5055757871002,Skincare
5017007022664,Digestive
7322541679693,Continence
5035832104485,General Health
5060203794453,Vitamins
5016379292101,Pain Relief
5060480200494,Beauty
5054563932990,Cold & Flu
4717237017836,Supports & Braces
0074312002496,Vitamins
3574660635645,Stop Smoking
9001616202384,Baby & Child
5060144643940,Men's Grooming
7317960156283,Cold & Flu
5010249041226,Vitamins
5029066060419,General Health
5016379171024,Skincare
5038581156170,Beauty
4001638098311,Baby & Child
5055757870609,Hair Care
7322540592412,Continence
5060480200142,Oral Care
5036631007526,Skincare
5038581156248,Beauty
5013455080874,Vitamins
3574661731254,Cold & Flu
3600542512930,Skincare
3600523042067,Skincare
5000347078873,Oral Care
5023652525061,Vitamins
3401060760045,Skincare
0078522050018,Vitamins
4005808459766,Skincare
5011417579008,Prescription Medicines
5038581156293,Beauty
7804915526104,Beauty
9317129041830,Skincare
5060332530380,Vitamins
5010605054211,Women's Health
5060571821164,Vitamins
0074312008832,Vitamins
0083000016400,Oral Care
5060258390051,Vitamins
0615908429831,General Health
5060013943003,Prescription Medicines
3600541603011,Skincare
5013455081017,Vitamins
0074312002502,Vitamins
5013455080676,Vitamins
5060203794255,Vitamins
3616302022915,Beauty
0074312011078,Vitamins
5000174709629,Skincare
8720182783622,Beauty
4717237017805,Supports & Braces
5010605295935,Digestive
3574661646435,Baby & Child
5033847002468,Prescription Medicines
5025135120947,Skincare
5000347015687,Cold & Flu
5014713200300,Skincare
4001638098595,Skincare
5023652511811,Vitamins
5013455330085,Vitamins
5011309503425,Beauty
5054563100832,Oral Care
5060421930350,Skincare
5060086610604,Women's Health
0748378001594,Hair Care
5060447948650,Skincare
0017854117525,Beauty
5011417566800,Cold & Flu
5010724515068,Cold & Flu
3574661351711,Skincare
9335955004997,Baby & Child
4103040043764,Skincare
5013455080836,Vitamins
4005808423040,Skincare
5037353010344,Skincare
5036072008687,Prescription Medicines
9327693002175,Skincare
5060258140359,Skincare
5035832104546,Hair Care
5060332535170,Vitamins
0810020170559,General Health
0083000016585,Oral Care
5060144645159,Skincare
9327693002182,Skincare
5060332537600,Vitamins
5038483491676,Supports & Braces
5054563126719,Vitamins
4011700435180,Men's Grooming
0074312002526,Vitamins
0889809002879,Skincare
5029354004866,General Health
5011309871111,Prescription Medicines
5060148521251,Skincare
5060384790169,Prescription Medicines
5060102170235,Skincare
4015400689263,Baby & Child
5060216564814,Vitamins
0010181040764,Beauty
5000488103212,General Health
4001638086769,Skincare
3282779027472,Hair Care
5391513951930,Pain Relief
5012616263255,Vitamins
8906078115924,General Health
5035832118246,General Health
5013455060647,Vitamins
5037154000155,Cold & Flu
5034268005984,Digestive
5025970015149,General Health
5025135120954,Skincare
5060601936172,Skincare
0615908432138,Beauty
0033984033108,Vitamins
5013455080669,Vitamins
5060310351709,General Health
5060018880211,General Health
4031626711175,Eye Care
4210201154594,Oral Care
3600522713418,Hair Care
0083000016448,Oral Care
5031013103810,Vitamins
5031013107405,Vitamins
5010249011793,Vitamins
3760201136355,Oral Care
5060391847863,Skincare
0654749351550,Hair Care
0033984033801,Vitamins
3574661464978,Skincare
5028724100313,First Aid
5010249028517,Vitamins
0654749361504,Beauty
5407007650989,Men's Grooming
0078522001966,Beauty
7643022218690,Skincare
5060704340661,Hair Care
3760201136362,Oral Care
3574661373560,Skincare
9314839019043,Skincare
3760201131572,Oral Care
0654749351000,Hair Care
5060391848075,Skincare
5025903027300,Vitamins
5055757871064,Skincare
0017854109865,Beauty
5060254920344,Skincare
4013474117040,Skincare
5060133376255,Pain Relief
5060332535620,Vitamins
5060193642086,Hair Care
0615908424201,Skincare
5017371154909,Skincare
0615908432275,Hair Care
5060704340692,Hair Care
0033984041417,Vitamins
5060409580393,Baby & Child
5060553609995,General Health
5060148522241,Skincare
8001841895819,General Health
5000347000805,Cold & Flu
0033984005082,Vitamins
5055148412999,Vitamins
5060409580430,Vitamins
5012727913742,Prescription Medicines
7322542075975,Continence
3282779007467,Hair Care
5060332534401,Vitamins
9327693000348,Beauty
8809663751692,Skincare
5021265244867,Vitamins
8809990007455,Skincare
4013474117019,Skincare
3380810141573,Beauty
5060035247110,Cold & Flu
3574660538434,Skincare
5060332536009,Vitamins
5029354008291,Skincare
5034268006219,Digestive
5055148401900,Vitamins
5400951004419,General Health
9327693000393,Skincare
5029354008086,General Health
3574660538274,Skincare
0017854106130,Beauty
0033984008007,Vitamins
0817513015311,Hair Care
0033984010819,Women's Health
5060361080474,Eye Care
5060601932372,General Health
5054563009814,Cold & Flu
5060193642093,Beauty
5060480200203,Oral Care
0856017000126,Skincare
5060660872312,Vitamins
5060704340708,Hair Care
5011309016116,Cold & Flu
5016379262005,Prescription Medicines
5013455330078,Vitamins
5060119660057,Eye Care
3760201136294,Oral Care
0074312002571,Vitamins
5060216563916,Vitamins
3600541938489,Skincare
9414838259003,Sexual Wellness
9350114000054,Beauty
0859975002478,Skincare
5060455145881,General Health
5024084001956,Vitamins
5034511006737,Skincare
5023652258068,Vitamins
5060332534463,Vitamins
7322542090213,Continence
7322540887648,Continence
5060636881768,Hair Care
0615908429855,Hair Care
5029354000233,General Health
8033661804412,Women's Health
0672153905893,Skincare
5054563126696,Vitamins
0033984007208,Vitamins
0033984016804,Vitamins
5023652385054,Baby & Child
5010249300408,Vitamins
5060128984700,General Health
7322540886290,Continence
5013965704666,Cold & Flu
0033984036703,Vitamins
4013474113059,Skincare
9001616721120,Baby & Child
5391531563344,Oral Care
5031013105173,Vitamins
9327693002427,Skincare
0033984037250,Vitamins
0017854110946,Beauty
0817513015328,Hair Care
0645638566841,General Health
5060254925653,Skincare
5010249012523,Vitamins
5017371154145,Skincare
5060176670570,Skincare
5060291420173,Skincare
3600542424677,Skincare
5000347016356,Cold & Flu
7322540886252,Continence
5038483976395,Sexual Wellness
5055148410735,Pet Care
5010249041707,Vitamins
5010415227454,Baby & Child
5054563063106,Prescription Medicines
5060332535927,Vitamins
3760201136348,Oral Care
5023497333326,Digestive
5016379304019,Hair Care
5060150090301,Skincare
3760311317934,Beauty
5060448081035,Skincare
0615908432084,Hair Care
0615908432039,Hair Care
5704947002695,Skincare
0615908431537,Hair Care
3760311318368,Beauty
3574661170909,Pain Relief
5060084171596,Skincare
5010441015278,General Health
5055148412876,Vitamins
5000158065093,Digestive
5060144648136,Men's Health
5031013108860,Vitamins
3760311319563,Beauty
5060193641539,Baby & Child
5034445001228,General Health
5060258140168,Skincare
3574661653495,Baby & Child
42239598,General Health
5023652271203,Vitamins
3574660496970,Cold & Flu
5011417559000,Hair Care
9001616721151,Baby & Child
5011417581865,Pain Relief
0033984028005,Vitamins
3760201136263,Beauty
0615908432015,Hair Care
5060310351488,General Health
5060332536108,Vitamins
5010605151569,Vitamins
8710103896128,Baby & Child
0033984010406,Vitamins
3574661648842,Baby & Child
5031013104961,Vitamins
5030451003294,Prescription Medicines
5060391841854,Hair Care
0078522015307,Skincare
7322542088487,Continence
5010441015230,General Health
8710103901785,Baby & Child
5010605402876,Vitamins
0078522000150,Hair Care
5037336000188,Prescription Medicines
4013474113400,Beauty
3800219794168,Beauty
5000158100688,Pain Relief
0017854110151,Beauty
7643022218768,Hair Care
5017103648805,Skincare
0852558006498,Hair Care
5000488103205,General Health
4013474113196,Vitamins
5031013107634,Vitamins
4006309024576,General Health
5060148520339,Vitamins
9335955000012,Skincare
5055148413293,Vitamins
5000158102347,Prescription Medicines
0078522050056,Hair Care
5060148523781,Vitamins
5055148411572,Vitamins
5060895830521,Skincare
9327693006845,Men's Health
5060332532049,Vitamins
5055148403799,Cold & Flu
5023652374256,Vitamins
5012616268182,Pain Relief
3600541594852,Skincare
0859975002232,Skincare
0078522050094,Hair Care
5025970009650,General Health
3760201136508,Hair Care
5060384790053,Prescription Medicines
5060086610116,Digestive
5060480200159,Oral Care
5704947006372,Skincare
5722154995081,Pain Relief
5011309163711,Skincare
5023652467033,Vitamins
5016379172007,Skincare
5060176672796,Skincare
0017854106123,Beauty
5010249041189,Vitamins
9317129042356,Skincare
5011417566817,Cold & Flu
5031013104619,Vitamins
5011417556399,Skincare
5060332531585,Vitamins
5023652239036,Vitamins
5020465202370,Skincare
0615908426656,Hair Care
5012616262371,Home & Household
9327693004391,Skincare
4603014001856,Oral Care
5031013100017,Vitamins
5010249309920,Vitamins
5029961150055,Prescription Medicines
5060148680255,Skincare
5425005120020,General Health
5021265221301,Vitamins
5059001011084,Beauty
0817513010002,Skincare
0615908426137,Skincare
3574661609416,Digestive
5011417562345,Skincare
5031013107429,Supports & Braces
5055148401610,Vitamins
3760311319136,Beauty
5015802221329,Home & Household
5023652447035,Vitamins
0615908421606,General Health
5055148412807,Vitamins
0078522014973,Oral Care
0672153905992,Hair Care
5000477672187,Cold & Flu
5000477667176,Vitamins
5012616291715,General Health
3600541358461,Skincare
5055148400293,Vitamins
9001616813900,Baby & Child
5010249041165,Vitamins
5000488103281,General Health
4008666710123,Hair Care
5051562005908,Pain Relief
9335955000456,Skincare
5010123730642,Baby & Child
7702018489664,Men's Grooming
5055148410032,Vitamins
5060086610086,Digestive
5050474104228,Eye Care
5037336000393,Eye Care
5010249301405,Vitamins
9327693006821,Men's Health
5023652960909,Vitamins
5055148412135,Vitamins
0078522000297,Hair Care
5023652244061,Vitamins
5029053532592,General Health
0615908426670,Hair Care
5051562030702,Pain Relief
5025135002212,Skincare
5060148522234,Skincare
5060193640839,Beauty
5010605402753,Vitamins
5060018513195,Vitamins
5012674021422,Prescription Medicines
5000158100695,Baby & Child
5060148523705,Vitamins
4004148047039,Vitamins
3059944025300,General Health
3760201136478,Hair Care
8017331051757,General Health
5012616163050,General Health
4103040043726,Skincare
0033984017689,Vitamins
5011309052114,Skincare
5000167056815,Pain Relief
5010249309890,Vitamins
7315515010110,Women's Health
5060310356520,General Health
5023580400034,Skincare
0856175003137,Skincare
5000158065086,Digestive
5010249301306,Vitamins
96201428,Vitamins
3574661288826,Skincare
5000309007323,Cold & Flu
3760201136454,Hair Care
5025970023274,Men's Grooming
5010934004611,Men's Health
0033984004306,Vitamins
9001616813917,Baby & Child
0010181041587,Skincare
3600523201112,Skincare
4987072022443,General Health
5023652291034,Supports & Braces
5060332534661,Vitamins
8017331020272,General Health
96202050,Vitamins
5021265248384,General Health
0856175002567,General Health
9327693006838,Men's Health
5010249302204,Vitamins
0856175000297,Skincare
5000288454101,Supports & Braces
5023652304031,Vitamins
5407007650996,Men's Grooming
8056746070076,Oral Care
4013474113233,Skincare
0015594010540,General Health
8007376025783,Skincare
0744904510417,Skincare
96175101,Vitamins
4013474113004,Skincare
4051895007618,Vitamins
5010123731465,Cold & Flu
5011501016327,General Health
5060421930299,Skincare
4051895014029,Vitamins
9327693000317,Skincare
5025970013084,Beauty
5000167056532,Pain Relief
5011417591093,Digestive
5060176670631,Skincare
5013455080621,Vitamins
5060050350642,General Health
0615908424195,Skincare
0615908432060,Hair Care
4051895014043,Vitamins
5012616264320,Vitamins
4051895014036,Vitamins
5060332535736,Vitamins
0615908432404,Hair Care
5060148522944,Vitamins
5023497334316,Digestive
5012564005129,Skincare
0033984017788,Vitamins
9782013796170,Men's Grooming
4563201379628,Hair Care
3623201379620,Beauty
7350089130017,Cold & Flu
7350121254350,Oral Care
5060310351815,General Health
5023652555006,Vitamins
0615908426717,Hair Care
5060332535569,Vitamins
0017854110038,Beauty
3337875597319,Skincare
5031013107245,Vitamins
5000488104479,Vitamins
2223201379623,Hair Care
4103040167972,Skincare
5060148523194,Pain Relief
0856932007279,Beauty
5011309091113,Skincare
5704947002688,General Health
0017854117587,Beauty
0615908426618,Hair Care
5060447850083,Vitamins
5709976207202,Vitamins
5000158100732,Pain Relief
9327693000379,Skincare
5023652204096,Vitamins
5060391845357,Hair Care
3760319495795,Hair Care
5060574680188,Hair Care
3600522713203,Hair Care
5400951004310,Cold & Flu
5407007651306,Men's Grooming
6009544902027,General Health
5407007651290,Men's Grooming
5060480200760,Beauty
8006320059874,Oral Care
0033984033207,Vitamins
5060372800740,Hair Care
5021265248377,Vitamins
5010249041295,Vitamins
8001841689425,Hair Care
5060099030307,Skincare
5011501003259,Pain Relief
5036631007540,Skincare
5023652273061,Vitamins
0672153907040,Hair Care
7191469960462,Skincare
5011417566770,Cold & Flu
5060332531288,Vitamins
5038483957394,Sexual Wellness
5016379114007,Skincare
5000347039393,Oral Care
0074312002519,Vitamins
5709976210400,Vitamins
3574661356198,Cold & Flu
5056369115928,Continence
8001841895932,Hair Care
5407007650972,Men's Grooming
8006540801390,Hair Care
5011417569252,Sexual Wellness
0033984014206,Vitamins
5010249025011,Vitamins
0792850727007,Baby & Child
4717237017843,Supports & Braces
5060332532827,Vitamins
5060332532339,Vitamins
5012617017147,Pain Relief
9001616639074,Baby & Child
5997372504128,Pet Care
5407007651313,Men's Grooming
6970392210490,First Aid
5023620160003,Vitamins
5060447850007,Vitamins
0615908421484,Skincare
5060332531424,Vitamins
8716900571404,General Health
8716900579943,General Health
8710103845577,Baby & Child
3574661430980,Vitamins
5055148400002,Vitamins
8716900571206,General Health
5060391845371,Hair Care
5011831090530,Sexual Wellness
5060342240194,Testing & Monitoring
5011309165210,Beauty
0817513015656,Beauty
5060254922454,Skincare
5060069281692,General Health
5025452001868,Beauty
0078522007289,Oral Care
5010605055287,Women's Health
5012583212065,Hair Care
0017854122345,Hair Care
0017854117235,Hair Care
9327693000607,Skincare
5000283659167,Digestive
5025452001707,Beauty
0615908430844,Men's Health
5060119660002,Eye Care
5022339036012,Vitamins
5023652524033,Vitamins
5060342240200,Testing & Monitoring
5011309017212,Cold & Flu
4006309024347,General Health
8006540988411,Hair Care
9329401000411,Skincare
0859999905359,Hair Care
4015400601876,Baby & Child
0615908426694,Hair Care
4103040043566,Hair Care
5060069281708,General Health
5391520750120,Skincare
5027599000070,Skincare
5023652210035,Vitamins
8716900553356,General Health
8030350901681,Oral Care
5060391848037,Beauty
5060086610369,Digestive
5017123001321,Skincare
5054563176424,Oral Care
5012583211488,Hair Care
5000101515347,Beauty
5055443676942,Beauty
5010724506370,Testing & Monitoring
5012583211501,Hair Care
5023652523036,Vitamins
0741273021001,General Health
0894147009961,Sexual Wellness
5060391841601,Skincare
5060320560085,General Health
5034268006202,Digestive
3760201136485,Hair Care
3574661321523,Skincare
5010724000328,General Health
0083000016455,Oral Care
9421023628797,Cold & Flu
0078522014966,Oral Care
5391531760156,General Health
5055148405120,Vitamins
5704947001407,Skincare
0045879002304,Vitamins
5000488104295,Cold & Flu
5025135112447,Skincare
5055193543563,Beauty
5060332530960,Vitamins
5011408060126,Hair Care
3760311316388,Beauty
5000101515361,Beauty
5060480200227,Oral Care
5060391849072,Cold & Flu
5060119660552,Vitamins
0878639000087,Beauty
5010249309760,Vitamins
0887910000142,General Health
5060342240187,Testing & Monitoring
5060332534586,Vitamins
5060148522258,Skincare
0850278004497,General Health
5034445001037,General Health
5011417565568,Pain Relief
5027097953311,Skincare
4005800168642,Skincare
5060571820570,Vitamins
0033984033184,Vitamins
0615908426632,Hair Care
4006309024361,General Health
5055148401931,Vitamins
5060332530922,Vitamins
3574661170916,Pain Relief
8001090443083,Men's Grooming
8006540514337,Hair Care
0850278004923,General Health
5060332530625,Women's Health
5060571821799,Skincare
4006309024378,General Health
5015802221305,Home & Household
9327693000355,Skincare
0615908429824,Hair Care
5023652240100,Vitamins
5034445001181,Skincare
5012583211464,Hair Care
96180396,Beauty
5025452000458,Beauty
5060391848228,Skincare
5407007651320,Men's Grooming
5023674108914,General Health
5060176671867,Skincare
4015400744948,Baby & Child
5000283659150,Skincare
4006309024330,General Health
5012583212058,Hair Care
5021284192583,Pet Care
5000488105773,Cold & Flu
5709976095403,Vitamins
0074312002557,Vitamins
0078522046479,Oral Care
8710522938751,Beauty
5012616262937,Skincare
5012583212089,Hair Care
0817513010132,Skincare
5060342240224,Testing & Monitoring
5021265223855,Baby & Child
8006540444511,Hair Care
5011417568729,Digestive
5010605190018,Vitamins
5010724536285,Sexual Wellness
4820232640074,General Health
5011408060089,Hair Care
9343359000460,Sexual Wellness
5055148411640,Vitamins
5023652261099,Vitamins
5012583212072,Hair Care
3574661653471,Baby & Child
5012583211525,Hair Care
5060611190656,Skincare
5025903022602,Cold & Flu
5012583212096,Hair Care
5060018510354,Vitamins
5010249041585,Vitamins
5054563126672,Vitamins
6936983109925,Women's Health
3800219794205,General Health
5027097030012,Digestive
4005900712509,General Health
5060216560151,General Health
5060176670518,Skincare
5000158066854,Cold & Flu
5060332536535,Vitamins
5012583211976,Hair Care
5055148411169,Pet Care
5011309124521,Hair Care
6936983108331,Testing & Monitoring
5034268006233,Digestive
0017854105980,Beauty
5025970011233,Skincare
5015201009627,Pain Relief
5012583212010,Hair Care
4103040043368,Hair Care
4770001337264,Oral Care
4006309024187,First Aid
7350087736617,Skincare
5011309163018,Skincare
4005900339263,Skincare
5051594004412,Vitamins
4820232640043,General Health
3800219791778,Skincare
3800219794519,Beauty
9335955000029,Skincare
6936983109895,Vitamins
3800219790566,Beauty
0728040953871,Hair Care
3574661285894,Skincare
8001841859101,Baby & Child
5000174929591,Cold & Flu
5060264110124,Vitamins
96086292,Vitamins
0017854117211,Hair Care
3574661028262,Digestive
4006309024453,General Health
5023652527034,Vitamins
5039021500256,Skincare
5055382310587,General Health
0894147009978,Sexual Wellness
5021265221004,Vitamins
4006309024439,General Health
9327693010002,Hair Care
8720182781802,Beauty
8700216347464,Skincare
0615908428513,Men's Health
5010441011263,Prescription Medicines
5054563097774,Oral Care
4710636644238,Testing & Monitoring
5060035247127,Cold & Flu
4005808478941,Skincare
5023652476035,Vitamins
5013692270083,Beauty
4820232640012,General Health
9317129041786,Skincare
3600541744516,Skincare
5000283660613,Vitamins
0017854117228,Hair Care
4030571004875,Eye Care
5012583203490,Hair Care
5030451003317,Skincare
3574661646992,Skincare
5060018513171,Vitamins
5012583212003,Hair Care
4032129107380,Prescription Medicines
3574661497624,Skincare
5060258390501,Vitamins
8712400150033,General Health
0083000016424,Skincare
5060342240521,Testing & Monitoring
4015400841524,Baby & Child
4013474113325,Skincare
4015400689331,Baby & Child
5014958680004,Skincare
0078522046455,Oral Care
5060018511719,Vitamins
7702018591398,Women's Health
3614226290335,Beauty
5060480200166,Oral Care
3574661697338,Skincare
5013692272964,Beauty
5060332532124,Vitamins
96195093,Hair Care
0033984022607,Vitamins
5012583212034,Hair Care
5012616173004,Vitamins
4013474113219,Skincare
0017854118881,Beauty
4005800260162,Skincare
5030451003669,Skincare
5391531760491,Cold & Flu
5035559000336,Prescription Medicines
5012583211549,Hair Care
0850278004046,Beauty
5025970801322,General Health
0017854117907,Beauty
3574661551050,Skincare
4013162018413,Beauty
3800219794120,Beauty
5060332532605,Vitamins
5012583095002,Hair Care
4820232640272,Oral Care
5029354002695,Skincare
0017854117242,Beauty
5055148411558,Vitamins
5060320560382,Vitamins
5055148402815,Vitamins
8700216347358,Skincare
4006309024408,General Health
5017007100478,Women's Health
5054563097743,Oral Care
6936983109918,General Health
9329401001012,Skincare
5023652354067,Vitamins
5012583211983,Hair Care
3574661469928,Skincare
5055148400309,Vitamins
5012616291791,General Health
5011309117011,Hair Care
0017854118850,Beauty
8809598455375,Skincare
3574661619576,Hair Care
4820232640098,General Health
5012583211990,Hair Care
5060332531776,Vitamins
5060421930473,Skincare
5038483588710,Supports & Braces
0010181033131,Hair Care
5011417576212,Cold & Flu
4006309024279,General Health
3600541181427,Skincare
5025452001714,Beauty
4006309024231,General Health
0887910000043,General Health
3800219790603,Beauty
0017854117358,Beauty
3574661202655,General Health
5012583211952,Hair Care
5011417571316,Skincare
5012583212041,Hair Care
5060176671355,Skincare
8056746070007,Oral Care
5012583211969,Hair Care
3574661272610,Cold & Flu
5011309105810,Skincare
5060704340265,Oral Care
5023652900905,Vitamins
96180402,Vitamins
5025135119323,Skincare
0859975002027,Hair Care
5000167010879,Cold & Flu
96195529,Vitamins
9421034852600,General Health
5010249303607,General Health
0669316060506,Hair Care
5010605240430,Skincare
4770001000762,Oral Care
8710908886669,Baby & Child
0859975002010,Hair Care
5023652359062,Vitamins
5060480200265,Oral Care
0859975020229,Beauty
0859975002058,Hair Care
0654749351345,Hair Care
0078522090250,Beauty
5000158101432,Eye Care
5027097795331,Skincare
5027097407326,Digestive
3574660535983,Skincare
5060632300065,Beauty
5055148401733,Vitamins
4013162020201,Beauty
5012616291944,Prescription Medicines
5011309113211,Digestive
5060177241267,Cold & Flu
0859975020236,Beauty
5704947001162,Skincare
5010415230164,General Health
9001616721083,Baby & Child
9001616203619,General Health
0859975002041,Hair Care
0033984009400,Vitamins
5011408060065,Hair Care
5060332532216,Vitamins
0078522090458,Beauty
5010249041059,Vitamins
0078522060000,Hair Care
5060086610062,Digestive
5060332532452,Vitamins
3600522455851,Skincare
5060480200289,Oral Care
9327693002199,Skincare
5060332534258,Vitamins
7350087736273,Skincare
0033984013650,Vitamins
0074312004186,Vitamins
5010415211163,General Health
8710522603116,General Health
0078522060055,Hair Care
0817513010149,Hair Care
5027097032078,Skincare
9001616721144,Baby & Child
5011417579039,Digestive
0078522090656,Beauty
5012748615298,Prescription Medicines
5000158071322,Digestive
0859975002096,Hair Care
5010249041264,Vitamins
0859975002065,Hair Care
5060332535644,Vitamins
5037589000034,Home & Household
0033984027008,Vitamins
9329401000138,Hair Care
5012616262197,General Health
3574661192819,Skincare
5060342240170,Testing & Monitoring
5054563093592,Beauty
5060332530595,Vitamins
5060332536085,Vitamins
5060104170561,Sexual Wellness
3282770072815,Cold & Flu
5060480200241,Oral Care
5060391848242,Skincare
5011309067019,Women's Health
5060776980031,Vitamins
8710522603130,Hair Care
4013162018512,General Health
5021265223800,Vitamins
5060254920542,Skincare
5010249020511,Vitamins
5060332534371,Vitamins
0859975002034,Hair Care
0615908428520,Men's Health
5012583206941,Hair Care
0015594010106,Sexual Wellness
5000477812224,Vitamins
5010249013216,Vitamins
0615908427592,General Health
5010605295218,Digestive
5060050350840,Oral Care
5012616263200,Home & Household
5016379290008,Pain Relief
5060479360178,Prescription Medicines
0017854106000,Beauty
5055148412821,Vitamins
5060180815998,Skincare
5033847001959,Vitamins
5060599183923,Beauty
5010249190139,Vitamins
5056682200592,Skincare
5016119038297,Pain Relief
5016379111006,Prescription Medicines
5012616291661,Vitamins
5060128985912,Oral Care
5012616262449,Vitamins
5060409580546,Vitamins
3800219794182,General Health
5709976133204,Vitamins
5023652501065,Vitamins
5060176675148,Hair Care
5019686003781,Skincare
5023652466036,Vitamins
5060391843292,Skincare
5023652269064,Vitamins
5060332533619,Vitamins
5060310353703,General Health
5023652469068,Vitamins
5060176674868,Hair Care
0033984031005,Vitamins
5060391846866,Hair Care
0856932007330,Hair Care
5000158067752,Digestive
5060332531363,Vitamins
5023652280090,Vitamins
5012583002642,Hair Care
5023652320901,Vitamins
0017854103009,Beauty
5060391843315,Skincare
5060209732411,Skincare
5060176674981,Hair Care
5060391842103,Skincare
0033984003101,Vitamins
5000309007538,Vitamins
5023652302068,Vitamins
5025135118913,Skincare
4005900472571,Hair Care
9001616813931,Baby & Child
5060574680171,Vitamins
0033984002807,Vitamins
5060176671089,Hair Care
5010249160064,Vitamins
5023652731202,Vitamins
8716900550034,General Health
5023652251069,Vitamins
5014697006301,Beauty
5023652393066,Vitamins
5055148400446,Vitamins
5060332533848,Vitamins
5060035248056,Cold & Flu
5709976231207,Vitamins
5012583203582,Hair Care
5060176672048,Skincare
9327693006890,Hair Care
5060264110131,Vitamins
5060099030772,Skincare
5010605054037,Women's Health
0078522020233,Beauty
0017854110960,Beauty
5060099030789,Skincare
42219439,Skincare
1230000007214,General Health
5060499390933,Prescription Medicines
5012583002826,Hair Care
0078522020257,Beauty
5012583203513,Hair Care
3600541602571,Skincare
5060574680072,Vitamins
5010123722661,Baby & Child
0859999000436,Men's Grooming
5055148403942,Vitamins
3800219794144,Beauty
0654749354353,Beauty
5060574680058,Vitamins
5012583201649,Hair Care
5010249011250,Vitamins
0087614110967,Vitamins
7702018525195,Men's Grooming
5010249907256,Vitamins
5016075000055,Digestive
5060310351532,General Health
5010724530948,Cold & Flu
5060332532537,Vitamins
5012335414303,General Health
5012583202448,Hair Care
3760201136423,Skincare
5011417577332,Supports & Braces
0615908432077,Hair Care
5012583095019,Hair Care
5055565747810,Pain Relief
5021265246342,Baby & Child
5012583002796,Hair Care
0654749354308,Beauty
5012583203506,Hair Care
3614220783352,Skincare
4103040167910,Beauty
5012654412158,Pain Relief
5060258140496,Skincare
5055148411749,Vitamins
5011309118414,Hair Care
4032651979141,Cold & Flu
5391531760316,Cold & Flu
5708932022736,First Aid
5012583002758,Hair Care
5060135171780,Skincare
8001090585752,Men's Grooming
0078522030171,Beauty
0615908432251,Hair Care
5011417573266,Baby & Child
5056235401810,Beauty
5010415333568,Baby & Child
5999860167358,Skincare
5010605300967,Digestive
5060574680034,Vitamins
5060193642048,Hair Care
0017854116504,Beauty
0071409544235,General Health
5060332530243,Vitamins
5391513950292,Vitamins
50309610,Vitamins
5011831086762,Sexual Wellness
5099186002293,General Health
8716900553332,General Health
0033984531673,Vitamins
5025135115936,Skincare
5012583203599,Hair Care
0859999908015,Skincare
8006540514429,Hair Care
5025135001239,Skincare
8718951291089,Oral Care
5011831090080,Sexual Wellness
0078522020059,Beauty
0017854117280,Skincare
8006540338827,Oral Care
5012583002819,Hair Care
5011309095319,First Aid
5034511000469,Oral Care
5010123655969,Cold & Flu
0856932007347,Hair Care
5060099030758,Skincare
5011309083415,Skincare
9343359000545,General Health
5012654203848,Hair Care
5060035248049,Cold & Flu
8718951684386,Oral Care
5012564005327,Skincare
0017854108752,Beauty
5060144640024,Skincare
5011309090314,Skincare
7317510000608,Women's Health
5011309105513,Skincare
5010123710293,Prescription Medicines
5060332536139,Pain Relief
5060391843339,Skincare
5060391841830,Beauty
5025970022918,Skincare
5011831086793,Sexual Wellness
5060571820716,Vitamins
5011309452013,Cold & Flu
5430000934435,Oral Care
5060052450104,Beauty
5055148402891,Vitamins
5034268006196,Digestive
5060035248032,Cold & Flu
5011831089138,Sexual Wellness
5016298990973,Prescription Medicines
3574660378979,Skincare
5060571821713,Women's Health
5034511000421,Oral Care
5012583202332,Hair Care
5010249025400,Vitamins
5011417567333,Sexual Wellness
7350121254947,Oral Care
5060571821690,Men's Health
5012583203193,Hair Care
7333350837624,Skincare
3574661375373,Cold & Flu
8710447257265,Skincare
5011309116816,Hair Care
5017007013044,Prescription Medicines
5060332535934,Vitamins
8713713076317,Digestive
9327693006913,Hair Care
5035559002514,Prescription Medicines
0859975020212,Beauty
5060332535712,Vitamins
5012335792005,Vitamins
5011309108415,Skincare
5060086610277,Digestive
9327693009099,Beauty
5024874017051,Vitamins
5053249273136,Beauty
7350082940934,Beauty
7702018426263,Men's Grooming
6006534000947,Vitamins
8716900553394,General Health
5053249273112,Beauty
5099186003399,General Health
9327693009105,Men's Health
5011831086823,Sexual Wellness
5011417572498,Digestive
5017123162978,Pain Relief
5055193543495,Beauty
5060035248025,Cold & Flu
0700371221706,Vitamins
5010441001318,Pain Relief
5031013108525,Vitamins
5031013109119,Vitamins
5031013104107,Vitamins
5017848254569,Vitamins
5031013105777,Vitamins
5031013109508,Vitamins
0672153906388,Men's Grooming
0615018255061,Skincare
3574660541298,Skincare
5060332531080,Vitamins
0015594010632,General Health
7643022208622,Hair Care
5010123728854,Baby & Child
3600520432724,Hair Care
5025135118524,Skincare
3337875597371,Skincare
5060229013637,Vitamins
5060176672857,Skincare
5709976022201,Vitamins
4030571004882,Eye Care
5029354002671,Hair Care
5000488104318,Beauty
5011417592441,Cold & Flu
8710522909249,Beauty
4103040134998,Skincare
5031013104268,Vitamins
9001616203626,General Health
5010249121607,Vitamins
5060332534432,Vitamins
5012583002802,Hair Care
5060135170684,Vitamins
0017854109650,Beauty
5010249152748,Vitamins
5055148401825,Vitamins
0071409543702,General Health
5029354002664,Hair Care
5000488201352,Skincare
3574661353357,Cold & Flu
5011309108514,Beauty
96179130,Vitamins
5391531563221,Oral Care
5055148411985,Vitamins
5391531561760,Oral Care
5023652297067,Vitamins
9001616208133,Oral Care
7350087736389,Skincare
5012008755207,Hair Care
0017854118898,Beauty
3337875597364,Skincare
5024874017242,Vitamins
5391531563238,Oral Care
5056156304078,General Health
5013455270022,Baby & Child
8720181482618,Skincare
5010934005168,Women's Health
5052197053623,Eye Care
5029053539720,Men's Health
0706502052638,Beauty
4013162027163,Beauty
5010724530962,Digestive
5010441011447,Pain Relief
9343359000446,Sexual Wellness
0033984031807,Vitamins
5010605400100,Skincare
0615908430837,Men's Health
5016379223501,Skincare
3574661286167,Skincare
4103040043542,Hair Care
4013162027439,Beauty
5060332532292,Testing & Monitoring
5011309057218,Skincare
0706502052645,Beauty
0672153908290,Beauty
5023652364103,Vitamins
7350087736259,Hair Care
5060332532643,Vitamins
5011417581803,Digestive
4103040167347,Baby & Child
3282770100273,Cold & Flu
3337875597340,Skincare
0859999905366,Men's Grooming
3800219794540,Beauty
7350087736310,Skincare
7610313605989,Vitamins
5010724531051,Digestive
4005808224845,Skincare
5060150090066,Skincare
5060150090165,Skincare
5391531561753,Oral Care
0017854111028,Beauty
5011417563229,Skincare
5000158105287,Prescription Medicines
5060133376651,General Health
3800219794533,Beauty
5025135111693,Skincare
0761318130048,Hair Care
5000476020521,Pet Care
5012564005310,Skincare
0708002207747,Skincare
0708002207440,Skincare
5060519146038,Vitamins
5060704340074,Beauty
3800219794557,Beauty
5031013101663,Vitamins
0017854117433,Beauty
0859999905731,Men's Grooming
5010441014127,Beauty
9317129040338,Skincare
0859975002102,Hair Care
8006540514214,Hair Care
5060332536337,Vitamins
5031013106019,Vitamins
0079400258922,Oral Care
9343359000477,Sexual Wellness
9343359009982,Sexual Wellness
8017331056943,General Health
3574661347455,Skincare
5060332530816,Vitamins
0810071800160,Cold & Flu
5060176671232,Hair Care
0659436248953,General Health
3574661127392,First Aid
5029354015183,Skincare
5060176674646,Beauty
8017331056981,General Health
3574661127385,First Aid
9343359000491,Sexual Wellness
0859975020649,Hair Care
5016003654701,Testing & Monitoring
5060176671836,Skincare
5407007653331,Men's Grooming
7323190182060,Skincare
5060636882314,Oral Care
0071409744000,Hair Care
5060176671744,Beauty
5017371153780,General Health
5060332530700,Vitamins
9343359000415,Sexual Wellness
5016379112003,Skincare
5060084172616,General Health
5060332532797,Vitamins
9343359000453,Sexual Wellness
5060104170608,Sexual Wellness
0859975020656,Hair Care
3600523183500,Vitamins
50884483,General Health
9343359000422,Sexual Wellness
5000174070354,Skincare
5060332530755,Vitamins
5025135120800,Skincare
9343359000408,Sexual Wellness
5060176672710,Skincare
0659436248984,General Health
5052197053616,Eye Care
9343359000439,Sexual Wellness
5407007653317,Men's Grooming
5010441013816,Vitamins
5060636882345,Oral Care
96177846,Supports & Braces
3574661119144,Skincare
0659436249080,Women's Health
5038483225585,Supports & Braces
0659436248960,General Health
5010249011489,Vitamins
8017331064955,Oral Care
5060332535903,Vitamins
4005808113460,Skincare
5000158065727,Oral Care
5060636882505,Vitamins
0886284800860,Pet Care
0659436248991,General Health
5060176673090,Hair Care
5016695005201,Sexual Wellness
5000158100633,Skincare
5011417572870,Supports & Braces
5060332530908,Vitamins
5023652141001,Vitamins
0856017000027,Hair Care
5060332531714,Vitamins
5015802291599,Beauty
0017854118553,Beauty
5060176671508,Beauty
4001638501989,Skincare
5015802267723,Home & Household
0010181025396,Hair Care
4031626711434,Eye Care
0721107354093,Skincare
3760201136584,Oral Care
5011111804437,Prescription Medicines
5060332536481,Vitamins
5060611191240,Skincare
5029354015169,Skincare
8717163902936,Hair Care
0615908432466,Hair Care
5000283659228,Vitamins
7332343000618,First Aid
5011309019919,Beauty
5021284176255,Pet Care
5054563947765,Supports & Braces
5023652362055,Baby & Child
0010181043925,Beauty
5025135001215,Skincare
5060332530847,Vitamins
5010415635143,General Health
5012716191007,Women's Health
4029125079025,Prescription Medicines
0850278004329,General Health
5016379170010,Skincare
5060332532322,Vitamins
5060209110011,Beauty
5060332534135,Vitamins
5021044105273,Baby & Child
0659436249172,General Health
8716900553370,General Health
5017007604686,Sexual Wellness
5029053537795,Baby & Child
5010724536278,Sexual Wellness
0850278004114,Beauty
5060148523545,Vitamins
4013162027392,Beauty
5054563181213,Oral Care
0886284800853,Pet Care
5015802291568,Beauty
5012583207412,Hair Care
5016379157004,Skincare
5060135050085,Vitamins
5060180810405,Beauty
5010123708528,Prescription Medicines
3760201136560,Oral Care
5060332531028,Vitamins
5000158065710,Cold & Flu
7311620012988,Skincare
9335955000876,General Health
5060332530878,Vitamins
5010249028456,Vitamins
4005808246014,Skincare
5024091747281,Women's Health
5012616291647,Prescription Medicines
5023652280304,Vitamins
4005808570638,Skincare
5060180810184,Pet Care
5028268000643,Cold & Flu
5010605054174,Women's Health
5410076390458,Hair Care
4103040120465,Baby & Child
3574660634839,First Aid
0017854110052,Skincare
5031966000297,General Health
5015915832030,Women's Health
0615908432008,Hair Care
5065000941420,Pet Care
3574660123081,Skincare
0017854117594,Skincare
5060447946076,Baby & Child
5025135112423,Skincare
5010724531006,Digestive
5025135120923,Skincare
4013162024599,Skincare
5060332533879,Vitamins
9327693006883,Hair Care
5060144643926,Men's Grooming
8719327597880,Skincare
0659436248977,General Health
96032879,Vitamins
5025970013251,Beauty
5060176672611,Skincare
9327693006937,Hair Care
5060180810214,Pet Care
5060148523576,Vitamins
0705928050754,Cold & Flu
0708002405723,Hair Care
5023652390157,Vitamins
3600521719640,Skincare
5391531561098,Oral Care
9001616709654,Baby & Child
5016379000058,Pain Relief
5024874030562,Vitamins
5060447949091,Baby & Child
3574661370194,Cold & Flu
0087614019611,Vitamins
4717237017560,Supports & Braces
5000158102910,Cold & Flu
5425005120013,Oral Care
5060704340104,Beauty
5021044114282,Baby & Child
5033852190242,General Health
7311620012971,Beauty
0859975020205,Beauty
5015802221275,Home & Household
5060176671683,Beauty
3800219790610,General Health
5000167093742,Pain Relief
5060209732473,Skincare
3574661653426,Baby & Child
5060332534104,Vitamins
0850278004763,Beauty
0022600020400,Sexual Wellness
5010441013267,Pain Relief
5011417579015,Prescription Medicines
5010605402845,Vitamins
5060176671058,Hair Care
5000174521931,Prescription Medicines
8720182782601,Beauty
5055172212350,General Health
5014713200102,Skincare
8006540444481,Hair Care
8716900551789,General Health
8006540109144,Hair Care
5054563062574,Prescription Medicines
5015802221237,Home & Household
5060148680286,Eye Care
5059001003812,Beauty
5000283662204,Vitamins
0615908432053,Hair Care
5060180810122,Pet Care
4001638098045,Oral Care
5025135001017,Skincare
5029066010605,Skincare
0850278004183,Beauty
3574660325492,Skincare
5023652289062,Vitamins
5011309890013,Skincare
7350087736747,Skincare
9327693007552,Skincare
5023652331228,Vitamins
5060222940206,Vitamins
0017854105539,Beauty
3663555002119,Cold & Flu
5060180812300,Pet Care
0708002107351,Skincare
0850278004015,Skincare
5060176674684,Hair Care
5027097300139,Prescription Medicines
5060176671621,Oral Care
5025135114922,Skincare
5011309020014,Cold & Flu
0761318130062,General Health
5054563120090,Oral Care
5410091652265,Hair Care
5709976137301,General Health
5025970011325,General Health
5060209733111,Eye Care
0017854117136,Beauty
8714789787022,Oral Care
5011309089615,Skincare
5038483568293,Supports & Braces
5010441012925,Pain Relief
4011700436002,Men's Grooming
0010181032653,Skincare
5011309861310,Vitamins
5014697010742,Skincare
5060133377115,Cold & Flu
4770001000731,Oral Care
5010249041462,Cold & Flu
5011831090509,Sexual Wellness
5060176670488,Skincare
5060447946090,Baby & Child
5016379152504,Skincare
5997321773612,Sexual Wellness
5010724539316,Digestive
5000347054495,Oral Care
0708002107252,Skincare
8809642712621,Skincare
0708002405716,Hair Care
5060332531790,Vitamins
3600522496038,Hair Care
5011501016211,Cold & Flu
5011417571149,Digestive
5060176672734,Women's Health
5060176673113,Hair Care
50483488,Eye Care
5016379291876,Pain Relief
5011309724110,Skincare
5012616263187,Home & Household
5021044108342,Baby & Child
5707390040214,General Health
7333350096267,Skincare
5407007653324,Men's Grooming
8435465324019,Sexual Wellness
0017854118546,Beauty
5012617001986,Prescription Medicines
0659436249073,Baby & Child
0017854105522,Beauty
0761318330059,General Health
5010724530993,Digestive
8720182781826,Beauty
3059944025003,Beauty
5060384790022,Prescription Medicines
0721107354079,Skincare
5033852190402,General Health
3574661482378,Skincare
5060216565422,General Health
0615908432022,Hair Care
5060006580833,First Aid
5054563166821,Oral Care
0010181041891,Skincare
5000347014574,Oral Care
5060040642221,Skincare
8001841272009,Hair Care
5391531563085,Baby & Child
5017371145426,Skincare
0017854109452,Beauty
5000347061837,Cold & Flu
0017854118485,Women's Health
5000158068742,Digestive
9327693009112,Men's Health
8001090222848,Hair Care
5011309723618,Beauty
5060233760930,Vitamins
3574661039664,Skincare
5054563060730,Cold & Flu
5054563120052,Oral Care
5016379292200,Pain Relief
5024874017037,Vitamins
3574660415865,Skincare
4008666211187,Hair Care
5012008765008,Hair Care
8001090128836,Oral Care
5000283659174,Digestive
5000158100770,Pain Relief
5023652515031,Vitamins
5065000941819,Pet Care
5010605296024,Digestive
8001090222725,Hair Care
5060180812188,Pet Care
5012335888401,Vitamins
5010415334008,Baby & Child
5060337729499,Beauty
5021265247370,Vitamins
5015664500815,Women's Health
9314839020780,Skincare
0087614029139,Vitamins
5055443663379,Beauty
5060332533961,Vitamins
5023652256064,Vitamins
5000158065628,Digestive
5060332535873,Hair Care
5060180810559,Pet Care
0087614112107,Vitamins
3435172161001,General Health
4001638098083,Oral Care
4001638098014,Oral Care
0884486323453,Hair Care
3600541656536,Skincare
5037336000409,Eye Care
5012616170201,First Aid
5029354001377,Hair Care
5023652468054,Vitamins
5000477761225,Cold & Flu
8017331053386,Oral Care
5060588690043,General Health
5012583208006,Hair Care
9327693006920,Hair Care
0615908432442,Hair Care
5060895830514,Skincare
5025903026150,General Health
5060588690029,General Health
0305210448728,Skincare
5011309061017,Skincare
5060342241788,Testing & Monitoring
5060420233001,Skincare
8710908694134,Hair Care
5010058095069,General Health
8710447485552,Skincare
0033984017207,Vitamins
0017854106727,Beauty
5021265243372,Vitamins
5029354001353,Beauty
5060229012500,Vitamins
0672153906975,Men's Grooming
3574661028989,Skincare
5010058095076,General Health
5014302999967,General Health
7311620013015,Prescription Medicines
5028270008064,Beauty
3600541593190,Skincare
8717163708095,Beauty
5000158065420,Cold & Flu
5010058095083,General Health
5060110222612,General Health
9327693006906,Hair Care
5036631007571,Skincare
0033984032095,Vitamins
5060337729888,Skincare
0305210448711,Skincare
0010181091803,Skincare
3600522992301,Hair Care
0017854106260,Beauty
5010058089792,Vitamins
8710522909423,Beauty
5704947005443,Skincare
9327693006814,Men's Health
5010441013205,Women's Health
5000283657682,General Health
3574661181400,Skincare
5023652238091,Vitamins
3574661312484,Skincare
0079400210005,Oral Care
0305210448612,Skincare
5060519146014,Vitamins
5023652386150,Vitamins
5036631007519,Skincare
3574661692289,Cold & Flu
3574661240619,Hair Care
5000158069862,Cold & Flu
5011309102819,Skincare
0010181091834,Skincare
5060332532629,Vitamins
0859999907216,Hair Care
5060519146021,Vitamins
5012583207986,Hair Care
8710847956461,General Health
3435172101175,General Health
5012583208020,Hair Care
5060588690036,General Health
0010181095801,Skincare
0810006940541,Skincare
5060704340142,Beauty
3574660123364,Skincare
5391513951879,Prescription Medicines
8809480781094,Skincare
5060176671263,Hair Care
5025135001277,Skincare
5010249309630,Skincare
5023652277090,Vitamins
3600541480773,Skincare
5029354002688,Hair Care
5028816000705,Vitamins
5010249020214,Vitamins
3574660559859,First Aid
5029354000196,General Health
0615908428681,Hair Care
3574661368597,Baby & Child
3574661256511,Hair Care
5021265244041,Vitamins
3574661269191,Cold & Flu
5060571720443,Beauty
5060180810030,Pet Care
9327693000287,Skincare
5060588690012,General Health
5060636882307,Oral Care
8720181218293,Skincare
5060176673014,Beauty
7333350763022,Skincare
3574661653457,Baby & Child
5011309724219,Skincare
5709976262201,Vitamins
0033984036000,Vitamins
5000158071346,Digestive
5060216564159,Vitamins
4005900981714,Skincare
5060636882277,Oral Care
5012654203060,General Health
5060604760002,Vitamins
5060636882291,Oral Care
5012583208044,Hair Care
5010123708672,Cold & Flu
5054563947239,Cold & Flu
5028816001306,Vitamins
5060636882253,Oral Care
5060003780588,Pain Relief
0015594010342,General Health
5011831089589,Sexual Wellness
5017007600978,Baby & Child
5010605054327,Women's Health
0017854110953,Beauty
5017007601814,Baby & Child
5060361081822,Skincare
5060391846880,Hair Care
3574661772363,Supports & Braces
5010415236296,Women's Health
5060480200128,Vitamins
5060176671140,Hair Care
5014713100105,Skincare
3600540584434,Skincare
5010249011564,Skincare
3574660651751,First Aid
5060148523514,Vitamins
5029354002053,Skincare
5060332530656,Vitamins
3574660572971,Cold & Flu
5010415236357,Women's Health
5410076764815,General Health
5060150090189,Skincare
5060480201026,Oral Care
5060480201040,Oral Care
7618900903616,General Health
5025135120787,Skincare
5060480200067,Oral Care
5000347022999,Oral Care
8879100000430,General Health
5011309090116,Cold & Flu
5030451004345,Skincare
3574661137650,Prescription Medicines
5060480200784,Oral Care
5060332532094,Vitamins
5054563028549,Pain Relief
5021265220076,Vitamins
5060636882284,Oral Care
5034445002713,Beauty
5012008742504,Skincare
0078522015314,Baby & Child
7350087736266,Skincare
5010249020801,Vitamins
5016379291944,Pain Relief
5060176670969,Hair Care
3600523305964,Skincare
5015802221244,Home & Household
9314839020735,Skincare
9001616203336,Baby & Child
5016379291920,Pain Relief
5010249190245,Vitamins
5010797005374,Hair Care
5060176671171,Hair Care
0859975020250,Beauty
5060050350970,Oral Care
5060480200104,Oral Care
3574661491776,Oral Care
5060372800047,Skincare
5010441011379,Women's Health
3574661621999,Hair Care
5065010483347,Beauty
5060176670990,Hair Care
5065000941994,Pet Care
5011309106619,Skincare
3600523183517,General Health
5060480201033,Oral Care
5065010483057,Beauty
5011831097034,Sexual Wellness
5051562031600,Cold & Flu
5011309904611,Skincare
5065010483040,Beauty
5060216564982,Baby & Child
5060176671324,Beauty
5000347088254,Pain Relief
0017854106932,Beauty
5060372800085,Skincare
5011309081718,Eye Care
5065010483071,Beauty
9001616202391,Baby & Child
4005900972729,Skincare
5012583203261,Hair Care
96120002,Hair Care
3574661192857,Skincare
9317129040505,Skincare
5017371150567,Skincare
5010934002471,Women's Health
5060216564821,Vitamins
4770001000557,Oral Care
5012131743003,Pain Relief
0071409744031,Hair Care
5011417568750,Cold & Flu
0071409543030,Hair Care
5065010483309,Beauty
5060332531059,Vitamins
5023652509061,Vitamins
4001638098946,Vitamins
5060480200081,Oral Care
5060480200777,Oral Care
5029053539690,Women's Health
5000158100954,Cold & Flu
5029354004415,Beauty
0017854117853,Beauty
5016379110009,Prescription Medicines
5011309908619,Skincare
0033984012202,Vitamins
5016379155017,Skincare
5054563023803,Oral Care
5000158106208,Cold & Flu
5039021500324,Beauty
5065000941208,Pet Care
4001638088381,Skincare
7322541067933,Continence
5065010483033,Beauty
5060372802553,Beauty
5010441009727,Pain Relief
5000158065888,Digestive
5010441013090,Skincare
8006540109380,Hair Care
3574661056531,Oral Care
0708002400315,Hair Care
0071409543009,Hair Care
5060176671447,Beauty
5016379296802,Supports & Braces
0615908425741,General Health
5060180810061,Pet Care
5060018880594,Cold & Flu
5060332532186,Vitamins
0017854118409,Beauty
5060332532278,Vitamins
5010123734039,Cold & Flu
5012131741801,Pain Relief
96000793,Vitamins
0850278004893,General Health
5060332531981,Vitamins
5060618360328,Skincare
5060180810092,Hair Care
5407007650163,Women's Health
9314839020803,Skincare
0859975002393,Hair Care
0850278004008,Beauty
4015400628088,Continence
5050650141016,Prescription Medicines
5011417544846,Skincare
0708002400520,Hair Care
5060574680003,Vitamins
7322540770841,Continence
0708002400223,Hair Care
0856017000041,Hair Care
5011309450415,Cold & Flu
50007592,Eye Care
5060332536276,Vitamins
0708002400414,Hair Care
9335955004805,Skincare
9335955000333,Skincare
5060320560153,Vitamins
5038581147970,Beauty
5000158101357,Cold & Flu
5054563046772,General Health
5010058089785,Vitamins
8445290965011,Vitamins
1230000007382,General Health
5060018880068,Cold & Flu
0017854105997,Skincare
5010605055119,Women's Health
5060176675124,Beauty
5410076390427,Hair Care
0850278004831,Skincare
5014302000373,Vitamins
8718951501768,Oral Care
0856017000010,Hair Care
0017854114951,Beauty
5060102170006,Skincare
3574661091020,Oral Care
3574660576467,Women's Health
9335955004812,Skincare
5060636882338,Oral Care
3574661368566,Baby & Child
5017007604662,Sexual Wellness
0708002407710,Hair Care
5010934003942,Sexual Wellness
5012616262234,Cold & Flu
4027800006830,Skincare
5011309167214,First Aid
0856932007255,Beauty
0708002400421,Hair Care
5060571821492,Vitamins
5025135114427,Skincare
0022600020417,Sexual Wellness
9314839020766,Skincare
5010415635303,Digestive
4005808572199,Skincare
5000347033476,Pain Relief
5000158062139,Oral Care
0817513015694,Skincare
9335955004799,Skincare
5012616291722,Prescription Medicines
5017371155395,General Health
5010605402838,Pain Relief
3574660676518,Oral Care
5000477589164,Vitamins
4013162019090,Skincare
3600541875647,Skincare
5060391841281,Beauty
50483501,Eye Care
5055565706442,Sexual Wellness
5023652307032,Vitamins
5011309089516,Skincare
0022796977519,Hair Care
5060480200005,Oral Care
3574661571317,Beauty
5011417590874,Eye Care
4006000075402,Skincare
8700216596848,General Health
5011417568705,Digestive
5013158098985,Prescription Medicines
8711231153176,Pet Care
3600541381131,General Health
8445290965455,Vitamins
5054563180704,Cold & Flu
5010605401787,General Health
8445290964960,Vitamins
5011309432619,Cold & Flu
5011309140811,Pain Relief
5000283661962,Digestive
0010181140648,Beauty
0708002400513,Hair Care
4717237017546,Supports & Braces
5050474103641,Eye Care
42390077,Skincare
5011309163315,Skincare
5010934003935,Sexual Wellness
5060332535965,Vitamins
8445290965417,Vitamins
5391510239871,Baby & Child
5060135050108,Vitamins
8445290965240,Vitamins
0859999905335,Hair Care
5034511000438,Oral Care
5038581087979,First Aid
8445290964991,Vitamins
5011309104714,Sexual Wellness
4015400627968,Continence
5023652452022,Vitamins
5011417589779,Pain Relief
5023652510913,Vitamins
0087614019666,Vitamins
5054563022592,Oral Care
5060332536061,Vitamins
0708002401923,Hair Care
5060629140469,Vitamins
5021284192637,Pet Care
5060050350680,Oral Care
0708002400216,Hair Care
5060176672253,Skincare
5060014444882,Sexual Wellness
5011831097157,Sexual Wellness
7350087736846,Skincare
9421034852396,General Health
50160167,Beauty
0071409543443,General Health
4717237017577,Supports & Braces
0708002401916,Hair Care
0850278004909,General Health
0017854110380,Beauty
5011309035810,Cold & Flu
5060805780069,Women's Health
0667803002916,Hair Care
0859999905342,Hair Care
5025135112799,Skincare
5060180816766,Pet Care
5029354008475,Hair Care
5034445002195,Skincare
5060180815110,Hair Care
3760201136645,Oral Care
5060636882260,Oral Care
4008666217707,Hair Care
0074764711441,General Health
5060332534982,Vitamins
5055148400224,Vitamins
5029354001216,Skincare
8809511980571,Skincare
5000347063282,Pain Relief
5029354004378,Beauty
5010249309654,Vitamins
5060084171107,General Health
0859999903683,General Health
3600541380882,General Health
5029354002633,Skincare
5060629140407,Supports & Braces
0079400204561,Hair Care
0672153977883,Men's Grooming
5060180813604,Pet Care
5010249309524,General Health
4103040113924,Baby & Child
5011309440218,Cold & Flu
0615908426786,Men's Health
5010249263406,Vitamins
5010605208201,Pain Relief
5028763010802,Oral Care
3574661312477,Skincare
0074312002670,Vitamins
5060180815356,Beauty
5060176671652,Beauty
5029354002640,Skincare
5010415230256,First Aid
5011417576250,Supports & Braces
5029354001360,Skincare
5000283658184,Prescription Medicines
7610313304561,Vitamins
5010605240133,Vitamins
5011501016167,Pain Relief
5011831097065,Sexual Wellness
5000477673184,Cold & Flu
5010058036819,Women's Health
5070000104003,Cold & Flu
3600540757364,Skincare
5016973991721,Sexual Wellness
4008666218285,Hair Care
5060332533763,Vitamins
5060180815325,Beauty
5060176671805,Vitamins
5060391846903,Beauty
42449232,Skincare
5060332530403,Vitamins
5000158106253,Cold & Flu
5060062990324,Baby & Child
5031013105265,Vitamins
4987072066461,General Health
8420212035041,Skincare
5014697054401,General Health
3600541380936,General Health
5014302000120,Baby & Child
5016379296703,Cold & Flu
5052197025958,Sexual Wellness
5011309115512,Eye Care
5704947006310,Skincare
5060176674967,Beauty
0086449251203,Beauty
5060209110172,Beauty
5010415236340,Women's Health
5000198522501,Prescription Medicines
4015400639015,Baby & Child
5012335884106,Vitamins
5010249020474,Vitamins
5031013102370,Vitamins
5016379400001,General Health
5033852190259,General Health
5060332531561,Vitamins
0010181041655,Skincare
5000158066649,Digestive
8718951478596,Oral Care
4005900937278,Skincare
5060176671539,Beauty
5000477298158,Cold & Flu
5025135116278,Skincare
5029354002657,Skincare
5060180816858,Hair Care
5010123727703,Cold & Flu
5025970011059,General Health
5060180810153,Pet Care
5033852190396,General Health
8719327597873,Skincare
5060176671416,Beauty
5060588690203,General Health
5023652214033,Hair Care
0017854117860,Skincare
5060176671591,Oral Care
5015201009610,Vitamins
8420212035010,Skincare
0017854109285,Beauty
4001638098090,Oral Care
5060018880112,Cold & Flu
0810071800139,General Health
5029354015060,Skincare
5010441015285,General Health
8001090698346,Baby & Child
7332551437299,Women's Health
5060144641977,Men's Grooming
0087614019574,Vitamins
4029125079001,Prescription Medicines
8429979462299,General Health
5020465201328,Skincare
50487172,Eye Care
5016379299001,Vitamins
8030350901698,Oral Care
5060448080632,First Aid
3663555002782,First Aid
5060128984670,General Health
5029053527574,Baby & Child
5010123708283,Cold & Flu
3574661202662,Vitamins
8414606537785,Skincare
8001841271972,Hair Care
3800219796148,Skincare
5060519143242,Vitamins
96170816,Baby & Child
5060209732909,Skincare
50698684,Pet Care
5012616170003,First Aid
8001090678614,Hair Care
5029354008352,First Aid
3282779254892,Cold & Flu
5011309723410,Beauty
8809208138193,Skincare
7322541066974,Continence
0859975002386,Hair Care
5054563124449,Baby & Child
5010249011656,Vitamins
5060040641644,Eye Care
5060018880099,Cold & Flu
3600523183494,Skincare
5010724531020,Digestive
5012008747004,Hair Care
5060180816797,Beauty
5014124384040,General Health
3600523718269,Skincare
5060332530052,Vitamins
5010123726621,Oral Care
3616302748723,General Health
5060332531738,Vitamins
5038581151908,Beauty
5012583105091,First Aid
5060218601418,Skincare
8710522428122,Beauty
9421034852426,General Health
5060018880105,General Health
7391899814285,Women's Health
0615908428612,Hair Care
5407007650194,Women's Health
0859999907056,Men's Grooming
5060375230131,Pain Relief
5038581159096,Beauty
5029053539713,Men's Health
5029053527598,General Health
8901030841132,Skincare
5055172202535,General Health
5011831087004,Sexual Wellness
8710522427668,Beauty
5012008606400,Hair Care
0859999906172,Hair Care
8717163907047,Hair Care
0859999906905,Men's Grooming
5060176671478,Beauty
3574661547046,Skincare
5038581159188,Beauty
3574660239829,Skincare
4015400985143,Hair Care
5000347007309,Baby & Child
3574661162270,Cold & Flu
8001090580122,Hair Care
5000209888527,Oral Care
3282770390773,Hair Care
5060202921546,Women's Health
3616302748808,General Health
5060332532551,Vitamins
3574660123425,Skincare
8901030841118,Skincare
0615908428643,General Health
8901030841095,Skincare
3616302748730,General Health
5060018880020,Cold & Flu
50884520,General Health
8001841859088,Baby & Child
5060018880037,Cold & Flu
0017854081147,Beauty
96038802,Hair Care
6009702811154,Vitamins
0615908431568,Hair Care
7702018565948,Men's Grooming
5010123722463,Vitamins
8006540651018,Hair Care
7332531063456,Hair Care
8717163902929,Hair Care
5011417567623,Sexual Wellness
4005900711588,Skincare
5017007600848,Baby & Child
7332531008891,Hair Care
4005900983947,Skincare
5000158106345,Eye Care
3600523566167,Beauty
5017007603658,Skincare
8809624729265,Skincare
5029053527604,General Health
5012654203961,Supports & Braces
6284511682496,Testing & Monitoring
6284511682700,Testing & Monitoring
6284511682250,Testing & Monitoring
7702018471096,Women's Health
6284511682182,Testing & Monitoring
5016646043115,Pet Care
4011700411115,Beauty
8710522939192,Beauty
3574661493770,Baby & Child
3616302748785,General Health
5034593026203,Skincare
5011321594388,Hair Care
5038581096896,Beauty
4015400627807,Continence
5010605830525,Digestive
5025903027591,General Health
5060601930934,Skincare
5060083290229,Skincare
7702018467242,General Health
5060014446114,Prescription Medicines
5000455019218,First Aid
5036072001350,Prescription Medicines
5038581159065,Beauty
0022796976703,Hair Care
5034445003727,Beauty
5012616291784,Beauty
0022796976116,Hair Care
8720181208393,Beauty
5012583204954,Hair Care
5060519146229,Vitamins
0850278004756,Beauty
5013457012934,Sexual Wellness
3574661321554,Skincare
5012583204398,Hair Care
4042762037159,Skincare
4770001004333,Oral Care
3616302748822,General Health
5012583203797,Hair Care
5000347014437,Oral Care
3600521719596,Skincare
5708932006903,First Aid
7332531097901,Hair Care
0073930568964,General Health
5055172212374,General Health
5060128984656,General Health
5060216564944,Vitamins
5010605142642,Baby & Child
5060375230124,Pain Relief
4987072020760,Skincare
96060896,Hair Care
5000488109368,Cold & Flu
5029354010379,Oral Care
0708002404610,Hair Care
5011417583227,General Health
0022796976017,Hair Care
5025903023067,General Health
4770001001400,Oral Care
5025135000973,Skincare
5017007022558,Digestive
0714924022894,Skincare
4013162019250,Hair Care
5037353000321,Sexual Wellness
5011309068719,Digestive
0309974755641,Beauty
5038581159133,Beauty
5011501040513,Pain Relief
5060447949015,General Health
5038581159140,Beauty
8001841266930,Hair Care
5010605106026,Women's Health
0010181035173,Hair Care
0850278004770,General Health
3600522634133,Beauty
3663555002621,First Aid
8720182782984,Beauty
5060395460006,Prescription Medicines
5060704340326,General Health
5060035247691,Vitamins
5029053583778,Baby & Child
8001841271880,Hair Care
3574660626094,Cold & Flu
0708002401619,Hair Care
5037353001632,Sexual Wellness
5052197025989,Sexual Wellness
4770001002162,Oral Care
5022545077281,Beauty
5060010283980,Prescription Medicines
8710522939253,Beauty
5010123731717,Baby & Child
5000158066656,Digestive
5015802267709,Home & Household
5065000523145,Vitamins
3600522594017,Skincare
5055172201408,General Health
4770001007648,Oral Care
5017371151533,Skincare
0745114095664,General Health
5011501016075,Pain Relief
5037353000352,Sexual Wellness
5708932006910,First Aid
5010934001764,Sexual Wellness
3573994006312,Skincare
5012583211587,Hair Care
5025970013305,Skincare
8001090698384,Baby & Child
5060332534616,Vitamins
0017854117532,Beauty
3600541276451,Skincare
0708002407727,Hair Care
4013162035267,Hair Care
5011831097096,Sexual Wellness
5034445001792,Skincare
5000347037689,Oral Care
3401560184365,Skincare
5000288309005,Supports & Braces
0010181034084,Hair Care
0708002401671,Beauty
5391513951756,Vitamins
5029053583662,Baby & Child
5021769992318,Beauty
5021265247172,Vitamins
5010724512647,Skincare
5060218601401,Skincare
5038581071213,Beauty
5021769999065,Beauty
5099151007636,Digestive
6936983119467,Women's Health
3600522107460,Beauty
0745114095633,General Health
8717644277904,Beauty
5028763015067,Oral Care
5025135111679,Skincare
7614700033010,Skincare
5038581065878,Beauty
5029053583761,Baby & Child
3600524055332,Hair Care
5012008747103,Hair Care
5060332532230,Vitamins
0817513015465,Hair Care
4005900895417,Beauty
5037353004350,Sexual Wellness
0071409543252,Hair Care
3600523581818,Beauty
5060229012272,Vitamins
0817513015427,Hair Care
5060332534760,Vitamins
5055172201392,General Health
0017854118607,Beauty
5011309019117,Cold & Flu
5038581065885,Beauty
0708002406119,Hair Care
5025135113376,Skincare
5054563076281,Prescription Medicines
8809844993118,Skincare
5000158104334,Cold & Flu
8710522938287,Beauty
5017123171987,Women's Health
5021769917045,Men's Grooming
5060025370033,Oral Care
0010181040313,Skincare
5025135000959,Skincare
5025135121081,Skincare
5029053583679,Baby & Child
5037353000512,Sexual Wellness
0708002400322,Hair Care
3614228130448,Beauty
8716900572432,General Health
5099151015297,Women's Health
5060519143235,Vitamins
5029354000271,Skincare
5012617001658,Pain Relief
5060342241221,Testing & Monitoring
0047701500026,General Health
5012654203480,Pain Relief
5011451103863,Skincare
5000283661900,Digestive
5060216564838,Vitamins
5060455143214,Hair Care
5010123719982,Baby & Child
5027097050003,Cold & Flu
0615908432459,Hair Care
5060209732435,Skincare
5060332532018,Vitamins
5000283661979,Digestive
7350075692734,Oral Care
3574660520101,Oral Care
5060229014436,Vitamins
5052197013405,Supports & Braces
5025970010649,General Health
5038581159072,Beauty
0708002407772,Beauty
3574661648804,Baby & Child
7332343000632,First Aid
0708002403415,Pet Care
5012583210900,Skincare
5017353505309,Stop Smoking
0856175002024,General Health
5010527371304,General Health
50884506,General Health
5021265220403,Vitamins
0708002400117,Hair Care
8901175018925,Sexual Wellness
5000158063938,Cold & Flu
5021265249282,Vitamins
5000347034091,Oral Care
5060057402894,Women's Health
5027097372426,Skincare
0745114095688,General Health
8720181192067,Beauty
5060040641941,Skincare
0817513015472,Hair Care
50158225,General Health
3616302748754,Beauty
0615908432268,Hair Care
5000476010447,Vitamins
8801619051856,Skincare
5000167009156,Cold & Flu
5060391844213,Oral Care
5012509978280,General Health
5011309899917,Skincare
8720182782960,Beauty
5034445001808,Skincare
3616302748747,General Health
5060546081029,Sexual Wellness
5015802221251,Home & Household
5060704340180,Beauty
5019301999529,Beauty
0071409543214,Hair Care
5060704340296,Oral Care
8801619051849,Skincare
5011309451214,Cold & Flu
5060229012005,Vitamins
5410076390717,Hair Care
5011417591260,Eye Care
0787211000257,Beauty
5012008729109,Hair Care
5055565706473,Sexual Wellness
0708002405327,Hair Care
0745114095640,General Health
0010181025433,Hair Care
0079400204424,Hair Care
3600524055349,Hair Care
0000009442917,Beauty
5391531562767,Oral Care
5054563129826,Vitamins
5012583201885,Hair Care
0017854047570,Beauty
5011309400519,General Health
96190968,Skincare
5025135121043,Skincare
8710908371509,Skincare
5060332534692,Vitamins
3361370717170,Home & Household
5011309672510,First Aid
3600523707997,Skincare
8006540109328,Hair Care
3600522083269,Skincare
8809598452442,Skincare
5010249309852,Vitamins
5010123730222,Oral Care
5010441013762,Eye Care
5025135119750,Skincare
3600541895508,Skincare
5060084170766,Vitamins
5029053536279,Baby & Child
5012616266119,First Aid
5391510474142,Skincare
5060704340227,Beauty
5034445001525,Baby & Child
5029354015244,Skincare
5065000523138,Vitamins
5016379105005,Beauty
4031626711687,Eye Care
5060229012241,Vitamins
5060148524238,Women's Health
5037353000451,Skincare
5025135111600,Skincare
5021265244072,Vitamins
8718951112742,Oral Care
96170823,Vitamins
5054563111579,Oral Care
5038581159201,Skincare
40883007,Skincare
8720181477294,Hair Care
5060320560290,Vitamins
5011501000005,Pain Relief
5060332532063,Vitamins
7322541745763,Continence
5010605208140,Pain Relief
5012583204732,Hair Care
0708002400438,Beauty
8712561676106,Skincare
5011501006731,Pain Relief
5027097407319,Digestive
5060704340197,Beauty
0708002400377,Beauty
5060447948773,Skincare
5060332533220,Vitamins
0708002400537,Beauty
5029053539706,Women's Health
8801619051825,Skincare
5054563158703,Vitamins
5012583211563,Hair Care
5000158100640,Beauty
5037353000291,Sexual Wellness
5000309006623,Cold & Flu
5012008714204,Hair Care
4002448087441,Supports & Braces
5038581065892,Beauty
5060176672222,General Health
5708932006934,First Aid
5060601930293,Skincare
5038581088112,Beauty
0708002405310,Hair Care
5017353506450,Pain Relief
0615908432305,Hair Care
5000476010768,Skincare
5038581159171,Beauty
5060332531820,Vitamins
5010605296260,Digestive
5012583105114,Hair Care
5024874017259,Vitamins
5010605830587,Digestive
0047701504543,Oral Care
4103040043405,Skincare
0708002401626,Hair Care
5060704340173,Beauty
5011309107517,Pain Relief
5038581159195,Beauty
0708002406126,Hair Care
8809642712232,Women's Health
96183458,Prescription Medicines
5391513951718,First Aid
5029354008741,Beauty
7350075692741,Oral Care
5054563057815,Oral Care
5025135116575,Skincare
3600521848920,Beauty
5012254061145,Beauty
5060229011473,Vitamins
0708002407628,Hair Care
3574661392486,Skincare
5000477977091,Cold & Flu
5025135121111,Skincare
7643022219130,Skincare
5025135116957,Skincare
5038581087962,Beauty
4005808805372,Skincare
5038581159126,Beauty
3616302748778,General Health
5060176674585,Beauty
4013162025701,Beauty
5025970010687,General Health
5055172213081,First Aid
5029053527581,Baby & Child
5000476020514,Pet Care
8801619051832,Skincare
5037353001762,Sexual Wellness
5036631010281,Baby & Child
5056585802725,Supports & Braces
3616302748792,General Health
5012583206682,Hair Care
5060018512846,Vitamins
3574661493633,Skincare
5038581065946,Beauty
4770001002155,Oral Care
5034268006097,Digestive
5000477955082,General Health
0079400204370,Hair Care
0708002405372,Beauty
3800219794625,General Health
5060704340388,Beauty
5017007601289,Baby & Child
3600541986633,Skincare
0017854106109,Beauty
4013162027200,General Health
5060040640302,Skincare
5060519148315,Vitamins
5010249164109,Vitamins
5060519143693,Vitamins
0884486323286,Hair Care
5391531561241,Oral Care
5011417590928,Eye Care
5060229014467,Vitamins
4770001007204,Oral Care
5017371153254,Skincare
5060519145468,Vitamins
5060601933102,Skincare
5060704340302,Beauty
5060704340234,Beauty
0073930568124,General Health
0850835000030,Vitamins
5000347070761,Oral Care
5060040641743,Skincare
8712561692595,Skincare
5060040640555,Skincare
5407007650170,Women's Health
8006540109687,Hair Care
5060040641668,Skincare
3600541354746,Skincare
5060130445022,Skincare
5060601930859,Skincare
5060601931894,Skincare
5011309115710,Eye Care
4049649000213,Skincare
5060332536290,Cold & Flu
8710447340196,Beauty
5010058044517,First Aid
5060229012043,Vitamins
3800219794649,Beauty
5060062990201,Baby & Child
0768455024650,Vitamins
5391531561265,Oral Care
5011831087165,Sexual Wellness
0010181045943,Hair Care
8809480782381,Skincare
0817513016004,Skincare
5011501016136,Pain Relief
5010934001481,Skincare
5029354015107,Beauty
5060119660088,Beauty
5017371155333,General Health
0850835000115,Vitamins
5029053539683,Women's Health
5010605830464,Digestive
5060229011503,Vitamins
5060519146090,Vitamins
5060040641651,General Health
5017371157672,Skincare
0850835000726,Vitamins
9314839013805,Skincare
3600541894327,Skincare
4770001002179,Oral Care
5010441004432,Eye Care
3574661312224,Skincare
5060601930217,Eye Care
5010605640438,Women's Health
5060342241207,Testing & Monitoring
5065000523930,Vitamins
0850835000719,Vitamins
5060229011046,Vitamins
5012583204923,Hair Care
5060332531318,Vitamins
7332531074933,Hair Care
3600541594982,Skincare
3282779035576,Beauty
5060209730264,Eye Care
5060229012562,Vitamins
5017371110042,Skincare
5410076230020,Hair Care
5031013104145,Vitamins
0033984018600,Vitamins
5060601930132,General Health
5025135114687,Beauty
5060342241238,Testing & Monitoring
5023652319059,Baby & Child
5038483218600,Sexual Wellness
3600523329915,Skincare
3600523732838,Hair Care
5025135000997,Skincare
0017854107281,Beauty
5060080353415,Baby & Child
5036631004075,Baby & Child
5000158100664,Skincare
5060704340203,Beauty
5060229011565,Vitamins
5010724513392,Testing & Monitoring
0017854109711,Beauty
5010249152779,Vitamins
5060601932297,Skincare
3574660634655,Vitamins
5391531561081,Oral Care
5391531561258,Oral Care
5065000523183,Vitamins
5012654112010,First Aid
0017854117648,Beauty
5060209732503,Skincare
3574660520132,Oral Care
5065000523923,Vitamins
3600542046275,Skincare
5060601930378,Skincare
5063270111079,Vitamins
8017331051573,Oral Care
5060601932051,Skincare
5016379270000,Prescription Medicines
5060704340210,Beauty
4005808924448,Skincare
8714789999548,Skincare
8714789997674,Skincare
8001090666826,General Health
5029354008536,Hair Care
0850835000016,Vitamins
3574660534887,Cold & Flu
4013162019038,Skincare
5065000523909,Vitamins
0033984010802,Women's Health
5060601932136,Skincare
4005800230110,First Aid
5000347078859,Oral Care
5011451103870,Skincare
8720181012839,Oral Care
8700216597005,General Health
3059944025102,Skincare
3614229310061,Beauty
0748378003154,Hair Care
5021986000049,Cold & Flu
3600522374695,Skincare
8710908719127,Baby & Child
3600522598152,Skincare
5036631001074,Skincare
5010605403170,Vitamins
8030350901704,Oral Care
3574661592824,Beauty
8001841271910,Hair Care
5060229011077,Vitamins
5054563055750,Oral Care
5060193640945,Hair Care
3574661288307,Skincare
5010249309753,Women's Health
4103040147714,Baby & Child
8809480782343,Skincare
8710522602997,General Health
3574660576481,Baby & Child
5060229014559,Vitamins
5060332535415,Vitamins
8717163545652,Beauty
0731628764073,Oral Care
0884486323323,Hair Care
5010724533741,General Health
5060229014528,Vitamins
5060519140753,Vitamins
5060229011589,Vitamins
8716900559181,General Health
5060176671560,Vitamins
9335955000111,Skincare
8809120647872,Skincare
3574660435221,Baby & Child
5011309013719,Cold & Flu
9335955000135,Skincare
5060519146144,Vitamins
5012583210122,Hair Care
5038483000052,Pain Relief
3574661640822,Cold & Flu
5000488108453,First Aid
5060229010049,Vitamins
5054563051721,Oral Care
5060176676381,Beauty
3600540668967,Skincare
3574661433400,Cold & Flu
5029354015084,Skincare
5060636882321,Oral Care
0010181045806,Men's Health
3616303403287,Beauty
3574661475301,Oral Care
96114476,Eye Care
5052197017724,Supports & Braces
3574660667769,Cold & Flu
5060050350628,General Health
5000283657354,General Health
5015802221312,Home & Household
5011501013739,Pain Relief
5029066024176,Beauty
5391513951770,Vitamins
3600541381698,General Health
4770001002186,Oral Care
9335955000128,Skincare
5029053536262,General Health
5711782000168,Beauty
0659436248946,General Health
5704947003425,Skincare
5060229014832,Vitamins
3574661640860,Cold & Flu
4015600588328,Beauty
3600523717903,Skincare
5017007601784,Vitamins
8716900559419,General Health
4103040043856,Baby & Child
5011501000180,Pain Relief
5012564005044,First Aid
8809480782367,Skincare
5010249041509,Vitamins
3574661594828,Baby & Child
0010181040702,Skincare
8711600633896,Beauty
0708002403514,Pet Care
5060332536191,Vitamins
3600523434725,Beauty
5011417571279,Supports & Braces
0033984009653,Supports & Braces
0667803002510,Hair Care
5012616267918,Pain Relief
4013162035526,Beauty
8711700841252,Skincare
5060180815141,Hair Care
7332531019330,Hair Care
5060180815387,Beauty
5016379156106,Skincare
5391513951824,Vitamins
5029354015206,Skincare
5060342241214,Testing & Monitoring
3600522945260,Beauty
5010249011557,Skincare
0033984010642,Cold & Flu
4042762060218,Skincare
5000158069671,Oral Care
5060119660538,Skincare
5000283653240,Cold & Flu
5060144647702,Beauty
7317400011653,Oral Care
3760201136553,Oral Care
8006320046706,Oral Care
5060428198463,Baby & Child
5000347045233,Pain Relief
5010249151000,Vitamins
4030571004189,Eye Care
3574660127720,First Aid
5060216564807,Vitamins
5029354008321,First Aid
5028816001207,Cold & Flu
3574661221113,Baby & Child
5010605054228,Women's Health
3574661356167,Cold & Flu
6009702811178,Vitamins
8712561613842,Beauty
5060601930484,Skincare
5060553601876,Beauty
5014749121976,General Health
0078522007296,Oral Care
3600540080400,Skincare
3760201136607,Oral Care
5012008606509,Hair Care
5017007600176,Vitamins
5012564000056,Skincare
3760201136638,Oral Care
3331300097221,General Health
5060553601852,Beauty
5011309915112,Skincare
7322540852165,Continence
8712561018630,Beauty
3760201136614,Oral Care
5010249152496,Vitamins
5029066007162,Beauty
5000488104400,Skincare
3600542050579,Skincare
4013162025473,Skincare
5391531560602,Oral Care
5060209732558,Skincare
5060704340067,General Health
8001090678645,Hair Care
3800219793055,Skincare
7317400011592,Oral Care
5010123667320,Baby & Child
8719327597866,Skincare
5010123667740,Baby & Child
3760201136621,Oral Care
9300631528791,Skincare
0748378004212,Hair Care
5391531560596,Oral Care
5055148400163,Vitamins
4005900125484,Skincare
5060332530984,Women's Health
5391531560619,Oral Care
5023652293090,Vitamins
5060553601869,Beauty
3574661240282,Hair Care
3760201136591,Oral Care
5011309104615,Sexual Wellness
3760201136577,Oral Care
4710636646102,Testing & Monitoring
5013548102087,Vitamins
5060553601883,Beauty
5011501190010,Beauty
5012617002136,Pain Relief
8710908777110,Skincare
8710447249055,Beauty
5012674061381,Prescription Medicines
5025903028338,Prescription Medicines
5010934005151,Continence
8712561982641,Skincare
3574660509137,Baby & Child
0672153907200,Men's Grooming
5060332536306,Vitamins
3800219794687,Skincare
5030451003270,Prescription Medicines
5012583105084,Hair Care
5055148412050,Vitamins
5060201410218,General Health
6009702810867,Supports & Braces
5011309501810,Beauty
5430000934299,General Health
5010605054013,Women's Health
5060084171619,First Aid
5060135170257,Vitamins
5000477671180,Cold & Flu
0079400263322,Hair Care
5038483677995,Supports & Braces
5025135116599,Skincare
5010415230225,General Health
0047701500897,Oral Care
5016379321009,Skincare
7322540426335,Continence
5000158064591,Digestive
3574660593051,Cold & Flu
5060455144990,Hair Care
5011417561737,General Health
5017539300445,Skincare
4770001331903,Oral Care
8718951249608,Oral Care
3574660569483,Prescription Medicines
5060201410201,Beauty
5060519143730,Vitamins
8717644012208,Beauty
5010249053656,Vitamins
7317400011530,Oral Care
5029354008260,Skincare
5011309010114,Vitamins
5011501000579,Skincare
5012583210146,Hair Care
3574660342291,Skincare
5016379175015,Skincare
5025135118692,Skincare
0078522090557,Beauty
5000477799082,Vitamins
3331300097382,Cold & Flu
5060185372915,General Health
50488780,Baby & Child
5011408061581,Skincare
5010249024953,Vitamins
5060421930336,Skincare
0615908426748,Hair Care
5000158064584,Digestive
5016007455403,Eye Care
5708932006927,First Aid
0672153907484,Men's Grooming
8710447337295,Beauty
5060229012371,Vitamins
5012654200748,First Aid
8001841267173,Hair Care
5011417570371,Skincare
0010181032868,Skincare
5015802221220,Home & Household
8809514550160,Cold & Flu
5024874016122,Hair Care
8714789861791,Skincare
8714789683645,Oral Care
5016870226049,First Aid
3435172131004,General Health
5012674021101,Skincare
5017371151656,Skincare
5060447949060,Baby & Child
5012617018656,Vitamins
5015802221282,Home & Household
5061017640325,Skincare
5010934004246,Sexual Wellness
7350087736600,Skincare
5012583210108,Hair Care
8713713076386,Vitamins
0071409543221,Hair Care
4820232640258,General Health
5010934005144,Continence
5060133376279,Vitamins
0071409543078,Hair Care
5010441014332,First Aid
5060209732459,Skincare
5029053573724,General Health
3574669909228,Baby & Child
8032668870444,Eye Care
9421034852457,Supports & Braces
5025135002373,Skincare
5060018880303,Eye Care
8809514550153,Hair Care
3600523717491,Skincare
5015802221299,Home & Household
5015802221213,Home & Household
7322540560602,Continence
5060332535583,Vitamins
5000158100718,Pain Relief
5060447850014,Vitamins
4770001009079,Oral Care
5017007604693,Sexual Wellness
0708002401978,Beauty
3600523439836,Skincare
9329401000145,Hair Care
7702018466993,Men's Grooming
5391512457235,Prescription Medicines
5000198136401,Oral Care
5016379262517,Skincare
5000488105247,Baby & Child
8006540346785,Hair Care
0708002404672,Beauty
5055193545055,Women's Health
5021986000032,Cold & Flu
0748378001112,Hair Care
5060447949053,Baby & Child
5021265247356,Vitamins
5010415510419,Baby & Child
5054563094056,Cold & Flu
5000283659266,Digestive
3600523432653,Men's Grooming
5011451103931,Skincare
3760311310249,Home & Household
0071409543290,Hair Care
4770001007624,Oral Care
0010181040009,Beauty
8720182315663,General Health
4820232640234,General Health
5000158106505,Pain Relief
5060519147363,Vitamins
5017371153230,Skincare
5000158105294,Prescription Medicines
5060031471182,General Health
0708002403613,Pet Care
0850278004336,Skincare
3574661391434,Beauty
3361370086368,General Health
0887910000081,Home & Household
5054563107091,Oral Care
3574661652221,Baby & Child
8001090728951,Baby & Child
0017854122260,Skincare
7322540770339,Continence
5060361080429,Eye Care
8006540280140,Beauty
5029354010409,Oral Care
8809514550184,Cold & Flu
4770001003367,Oral Care
8710847956546,General Health
5000158071308,Digestive
0010181040351,Skincare
6001159118473,Skincare
5410076764754,Hair Care
5025135117008,Skincare
0708002405792,Beauty
0708002405778,Beauty
3600523708000,Skincare
5012583210405,Hair Care
5391513951794,Vitamins
8714789260532,Oral Care
5000167001426,Cold & Flu
5000347035494,Oral Care
5010249309913,Vitamins
7322540016413,Continence
4770001003206,Oral Care
5060320560375,Vitamins
7350087736655,Skincare
5000477000102,Cold & Flu
7350121253933,Oral Care
8712561620819,Beauty
0782126202024,Skincare
7350087736297,Skincare
5013692264754,Beauty
0079400263339,Hair Care
5011309190113,Baby & Child
5000347098123,Cold & Flu
4820232640197,General Health
0615908424676,Men's Health
5025135115790,Skincare
5060421930114,Skincare
5012583210160,Hair Care
0071409543108,Hair Care
0010181035708,Skincare
3331300097498,Cold & Flu
4001638081863,Baby & Child
0017854122291,Skincare
7332531080460,Hair Care
0708002400391,Beauty
0708002400230,Beauty
5060332531110,Vitamins
5060447948872,Hair Care
9317129040376,Women's Health
5034445001099,Beauty
5000488104356,Skincare
4008976682172,Vitamins
5010441001295,Pain Relief
5054563107114,Oral Care
5000174012620,Cold & Flu
5023652514065,Vitamins
8809313490964,Skincare
0017854108745,Skincare
5011321311664,Baby & Child
5060601938831,Skincare
5060342241252,Testing & Monitoring
5010724530979,Digestive
5010724538036,Hair Care
8001841272030,Hair Care
5030451003300,Skincare
3600523427536,Hair Care
5011309400410,Women's Health
8809375621269,Skincare
5012616174407,Beauty
0748378001143,Hair Care
5016379197505,Prescription Medicines
5060332531400,Vitamins
5051562019608,Cold & Flu
3760311310232,Home & Household
5016379301018,Beauty
3600522735250,Skincare
5000283659907,Eye Care
4770001337103,Oral Care
5037589000447,Skincare
5026445002572,Hair Care
5012008729000,General Health
5051562013507,Cold & Flu
5010605830075,First Aid
5025135116896,Skincare
3574661609423,Digestive
5000476010393,Oral Care
8710447339145,Beauty
5000309006616,Cold & Flu
5011309890211,General Health
5037808100750,Skincare
3760311310263,Home & Household
5060229011107,Vitamins
3616300985038,General Health
5060427354747,Hair Care
5060519144102,Vitamins
5029354012540,Oral Care
5012008738309,Hair Care
4064665004656,General Health
5011309684513,Skincare
3616300984932,Beauty
0309974755665,Beauty
5023652446069,Vitamins
4031626710635,Eye Care
4064665090451,Beauty
4084500128835,Hair Care
5060332535750,Vitamins
5060332535033,Women's Health
5011309893014,Skincare
4064665099621,Beauty
5000347034107,Oral Care
5010249041301,Vitamins
5000309004513,Digestive
5011321595293,Hair Care
0678030024664,Hair Care
5010249041455,Cold & Flu
5035883003607,Cold & Flu
3600523427543,Hair Care
4064665090383,Beauty
5011309097511,First Aid
5010605401855,Digestive
5060040641712,Skincare
5025903022909,Beauty
5099151015280,Women's Health
3361370619177,Vitamins
5037808010295,General Health
5010605640407,Women's Health
4064665100457,Beauty
4064665090376,General Health
3574661187709,Digestive
5010249028555,Vitamins
4064665099652,Beauty
5010058044845,Vitamins
5025135114083,Skincare
50398645,General Health
5011417569627,Baby & Child
5000488527636,Cold & Flu
5060062994353,General Health
4013162019236,Beauty
5010249152007,Vitamins
0010181043918,Skincare
5028763006188,Oral Care
5012008755009,Beauty
5010605830822,First Aid
5024874017020,Vitamins
8809375621245,Skincare
4103040114204,Baby & Child
5024874015439,Vitamins
4987072079096,Vitamins
8720181287879,Beauty
8809514550177,Cold & Flu
3760311310225,Home & Household
5013548103015,Vitamins
3614227922792,First Aid
5011417562598,Skincare
5060177240598,Supports & Braces
3331300097238,Baby & Child
5025135117602,Skincare
5026445002497,Hair Care
8006540709467,Women's Health
3574661385488,Pain Relief
5011309018813,Baby & Child
5026445002558,Hair Care
5010249013193,Vitamins
5011309047318,Women's Health
8809646190159,General Health
5025135112331,Skincare
5031013104381,Vitamins
5011309725810,Skincare
3574660518948,Baby & Child
8718951052109,Oral Care
7702018482740,Women's Health
5060177240574,Supports & Braces
5010441015759,Pain Relief
7702018529865,Men's Grooming
8710447212943,Skincare
5025135113437,Skincare
5011784050513,Hair Care
5010724531013,Digestive
5011309141719,Pain Relief
5017848249411,General Health
5025135121005,Hair Care
7317400026701,Oral Care
8717163762202,Skincare
5060464502033,Pain Relief
5023652427013,Vitamins
5010249028357,Skincare
5012654110023,Skincare
5010441013069,Pain Relief
5028816000088,Skincare
5051562028204,Cold & Flu
5010415460196,General Health
8809483316231,Skincare
5025135112157,Skincare
3600541380837,General Health
8809375621283,Skincare
4005800206122,First Aid
5010249024885,Vitamins
5060704340357,General Health
0010181033087,Hair Care
5026445002510,Hair Care
3574661493756,Skincare
4013162019137,Beauty
5025135002106,Skincare
4770001336991,Oral Care
8710447212936,General Health
5037589000485,General Health
3574661162232,Cold & Flu
5023652220904,Vitamins
5025135116919,Skincare
4595741624364,Vitamins
8714789613956,Oral Care
3614227962934,Beauty
4056800781294,Hair Care
5025135112690,Skincare
5010249152625,Vitamins
8001841267111,Hair Care
5000309007675,Pain Relief
8700216365550,Oral Care
5060704340333,General Health
5054563039521,Oral Care
5012654200960,General Health
0074305701160,General Health
4064665004939,Skincare
8717644332153,Beauty
5011451103849,Skincare
5017353506344,Digestive
5016379299209,Vitamins
5023652511064,Supports & Braces
5010415323088,General Health
5060180819231,General Health
5025135116216,Skincare
5060704340562,Beauty
3574661239453,Skincare
5060193641508,Baby & Child
5000347040658,Oral Care
5060636880976,Beauty
5000477218248,Cold & Flu
0010181032806,Skincare
5021986000070,Cold & Flu
5060480200623,Oral Care
5060480200517,Oral Care
5010441008447,First Aid
5060332531349,Vitamins
5011784004660,Beauty
5012583206835,Hair Care
0669316076033,Hair Care
5052197053630,Skincare
4064665090024,Beauty
3574661244846,Beauty
8718951509085,Beauty
5060025370019,Oral Care
5023652091504,Vitamins
8001090507747,Baby & Child
3600522783220,Skincare
8001090602152,Hair Care
8720181477249,Hair Care
0080376380210,General Health
5025135119309,Skincare
8001090236739,Hair Care
4064665100174,Beauty
5011309064216,Baby & Child
8809480781827,Eye Care
5025135117626,Skincare
5031013106514,Vitamins
3574669907088,Women's Health
5010441013786,Prescription Medicines
50297092,General Health
0010181040375,Beauty
0036000183399,Baby & Child
5060332530328,Vitamins
5012008738002,Hair Care
5012583205302,Hair Care
5016379100451,Skincare
4064665099447,Beauty
50398621,Hair Care
5026445002909,Beauty
5010934001924,Oral Care
5060704340340,General Health
5031013102707,Women's Health
4064665099515,Beauty
5060176670907,Beauty
3600521637142,Hair Care
0017854105751,Beauty
3616300984758,Beauty
3600523430932,Beauty
5023652451025,Vitamins
0010181041136,Baby & Child
8809375621306,Skincare
4005900081889,Skincare
5025135111259,Skincare
5011309056419,Skincare
5060519143266,Vitamins
5023652364059,Vitamins
3574661705248,Skincare
5060571720610,General Health
5010724527467,Hair Care
5010415364722,Oral Care
5010441000687,Skincare
9329401000121,Skincare
0017854112230,Vitamins
5055148400231,Women's Health
7350075690082,General Health
8001841536873,Women's Health
0017854109261,Beauty
8710447486337,Skincare
5025970009728,Beauty
5017007603641,Skincare
5010724538067,Hair Care
5000167056549,Pain Relief
5010441013007,Pain Relief
5011309268218,Pain Relief
8711700927536,Skincare
5060704340135,Oral Care
5010724527474,Hair Care
5017007053835,Women's Health
5010724536261,Sexual Wellness
5023652276093,Vitamins
4015400498056,Women's Health
5011417570203,Skincare
5011309267419,Pain Relief
5010724544853,Hair Care
3574661498478,Skincare
5060704340272,Beauty
5010441014257,Women's Health
5010605829024,First Aid
5035559014807,First Aid
50398683,General Health
9335955000937,Skincare
8718951645882,Skincare
4987072082300,Skincare
5010724530955,Digestive
5033847002185,Prescription Medicines
4064665100150,Beauty
5011417585269,Supports & Braces
4013162028108,Beauty
5099186001302,General Health
5000158100589,Baby & Child
8005610434247,General Health
5011309164114,Skincare
5029066078469,Hair Care
5025135002083,Skincare
5060193640846,Beauty
5012617023582,Women's Health
5060018880204,Eye Care
5016695926605,Women's Health
9335955000081,Skincare
9335955000913,Skincare
3600542050531,Skincare
6281006485457,Beauty
0017854105966,Beauty
5012617016706,Prescription Medicines
3574661014593,Oral Care
7350064160077,Oral Care
5000174453218,Skincare
9329401000718,Baby & Child
4064665099423,Beauty
3574661531847,Skincare
0017854112216,Beauty
4032651215010,Skincare
5060018881478,Eye Care
5038581134185,Beauty
5010724538043,Hair Care
5010724532041,Oral Care
5010123722708,Baby & Child
5000158070875,Cold & Flu
3574661648224,Hair Care
3574661499666,Skincare
5017353504951,Cold & Flu
3800219794663,General Health
5060176670693,Oral Care
8006540709528,Women's Health
5060133377184,Cold & Flu
0017854096103,Beauty
5010123729981,Cold & Flu
3574661669977,Cold & Flu
5010724527443,Hair Care
5010249041172,Vitamins
42389309,Skincare
5000347054235,Oral Care
5025135111396,Skincare
0708002400599,Beauty
5060013941610,Pain Relief
42209522,General Health
5000158063808,Prescription Medicines
8006540514399,Hair Care
7322540679212,Continence
5060427351258,Hair Care
3574661251868,Baby & Child
5029053538426,Baby & Child
5016379000034,Pain Relief
0017854112223,Beauty
5025135118166,Skincare
4015600802769,Oral Care
0017854112254,Vitamins
5055586607117,Hair Care
4987072071113,Supports & Braces
5060332535613,Vitamins
5010605055195,Women's Health
3574660606027,Cold & Flu
5012008752008,Hair Care
7350121253315,Oral Care
5011501040094,Pain Relief
3574661498430,Skincare
8711600375383,Beauty
9335955000920,Skincare
5000158106499,Pain Relief
5010123703547,Oral Care
5023652320307,Vitamins
4056800745982,Hair Care
8001841266909,Hair Care
8710447223352,Hair Care
5410076495849,Hair Care
5000174718058,Oral Care
0022796974211,Hair Care
5060193642062,Baby & Child
3600523232543,Beauty
5010441011430,Pain Relief
0736658797541,Pet Care
5018632274565,First Aid
0017854096127,Hair Care
3574660418439,Baby & Child
4770001002490,Oral Care
5060480200630,Oral Care
5000167014174,Vitamins
5025970023281,Men's Grooming
5025135118050,Skincare
5060660872633,Skincare
5021265246151,Women's Health
5011309914313,Skincare
3600542486866,Skincare
5017007052302,Prescription Medicines
5025135117985,Skincare
5010415364500,Baby & Child
5021769936145,Beauty
5026445002534,Hair Care
5017848250226,Women's Health
5055144200293,Skincare
5010797005367,Hair Care
8714789710020,Oral Care
5060193641515,Baby & Child
5000488108439,Skincare
3800219794656,Beauty
5023652261037,Vitamins
5060464500190,Pain Relief
5011451103917,Beauty
5017123453137,Pain Relief
5054563014627,Oral Care
8016825929589,Oral Care
5031013104664,Vitamins
5060193641492,Baby & Child
4064666304182,Hair Care
3401396609919,Skincare
8006540358627,Skincare
3614229066463,Beauty
4012273123009,Skincare
0874211002685,First Aid
4011700740291,Beauty
5010058063983,General Health
4064665090086,Beauty
0810020170672,Skincare
3574661237008,Baby & Child
5060193640921,Beauty
9335955000906,Skincare
0017854112247,Vitamins
8720181477263,Hair Care
7350064160060,Oral Care
3616300984802,Beauty
5060209111223,Beauty
5060176670662,Oral Care
7350075693786,General Health
5017371132068,Skincare
5025135116872,Skincare
3614229831573,Men's Health
5028816000064,General Health
5011309402810,Oral Care
5060528325882,General Health
5060218601432,Skincare
3574661098937,Skincare
5099186002934,Pain Relief
3574661391335,Skincare
5010123714383,Oral Care
5028763010482,Oral Care
8001090222756,Hair Care
5010724538050,Hair Care
5011408061567,Skincare
5025135119248,Skincare
0810020170030,Skincare
5038580084788,Beauty
5010441013113,Prescription Medicines
5060135050146,Vitamins
7350075691492,Oral Care
96092002,Digestive
0017854120822,Beauty
5025135001574,Skincare
7317400026626,Oral Care
5010724533888,Digestive
5016379299308,Vitamins
5000167047523,Pain Relief
5010249012516,Vitamins
3574661684321,Oral Care
5033847002352,Prescription Medicines
4987072068342,Women's Health
5055586607162,Hair Care
5010934001917,Oral Care
3574661091075,Baby & Child
5025135116971,Skincare
5025135112508,Skincare
5029354010362,Oral Care
7317400026787,Oral Care
5011417565209,Home & Household
3600520752471,Hair Care
5025135120725,Skincare
5054805039852,Beauty
5011309960112,Digestive
0736658797510,General Health
4064665090031,Beauty
3600542486910,Skincare
5010249309517,General Health
5060018881461,Vitamins
9329401000725,Baby & Child
5000158101289,Pain Relief
5000476010386,Beauty
5060391844251,Oral Care
7317400026749,Oral Care
5010249050808,Vitamins
8718951510494,Beauty
4013162027835,Beauty
5025135113024,Skincare
5025135120428,Skincare
5010123722630,Baby & Child
7317400026664,Oral Care
5013692263139,Baby & Child
5017848254484,Women's Health
3574660698169,Stop Smoking
5017371150543,Skincare
8006540349328,Hair Care
7350064160053,Oral Care
3760311310256,Home & Household
8720181218286,Skincare
7317400026824,Oral Care
5011309051612,Skincare
42299837,Beauty
5010441013472,Cold & Flu
5060193642055,General Health
42429104,Skincare
5060062990263,Baby & Child
0022796974228,Hair Care
8006540109205,Hair Care
5010724532997,Hair Care
7702018073245,Men's Grooming
5025135002120,Skincare
5011417585252,Supports & Braces
9335955004881,Skincare
5000158100572,Baby & Child
5011784002062,General Health
5000288301160,Supports & Braces
0736658590814,Hair Care
4011700410811,Beauty
8002110383709,Skincare
8710847962769,Hair Care
5023652502024,Vitamins
5011784001744,Cold & Flu
8720181474699,Hair Care
5029354010386,Oral Care
5029354008567,Oral Care
5031013109126,Vitamins
5025135117046,Skincare
8712561812436,Hair Care
5010441000861,Skincare
5025135120404,Skincare
5055586608022,Hair Care
40133201,Skincare
3760201130667,General Health
8699568518557,Hair Care
5000347054242,Oral Care
5011309620917,Skincare
5017123162992,Pain Relief
9327693002458,Skincare
4015400731719,Women's Health
5010249011632,Vitamins
8001090602213,Hair Care
5060193642079,Hair Care
5028816000019,Vitamins
8712561603232,Hair Care
5010724529775,Hair Care
5050474103467,Eye Care
5012254060087,Hair Care
5012727906300,Pain Relief
8717644073452,Skincare
8712561978026,Skincare
5025135119286,Skincare
5000158063914,Cold & Flu
5025135120336,Skincare
8710447405703,Hair Care
5010441008850,Pain Relief
5011417574737,Pain Relief
8711600723900,Hair Care
5038483971475,Supports & Braces
5060601933027,Skincare
8711600840324,Skincare
4770001331743,Oral Care
5060704340258,Oral Care
4005800004063,First Aid
7640170370058,Oral Care
5037589000201,General Health
5025135000485,Skincare
3574660649895,Oral Care
4000388563803,Skincare
5025135111297,Skincare
5060427351272,Hair Care
0017854109278,Beauty
4006424022389,Testing & Monitoring
5010724529768,Hair Care
5017371151670,Skincare
8002910030896,Hair Care
5701092113856,Supports & Braces
0667803002626,Hair Care
5036631000916,Skincare
5060332535552,Vitamins
5025135119224,Skincare
5051562013309,Cold & Flu
8714789481418,Oral Care
5060040641101,Men's Grooming
8717163762226,Beauty
3574660534931,Cold & Flu
5060332539925,Vitamins
8712561198639,Beauty
5060062990362,Baby & Child
5060365796586,Skincare
0017854118669,Beauty
8001090537034,Hair Care
5010605295256,Digestive
5012008752107,Skincare
5010724538029,Hair Care
5060546080213,Women's Health
5060447850090,Vitamins
8718951192256,Skincare
5060365796593,Skincare
4006424022334,Testing & Monitoring
5060601933751,Skincare
5025135115769,Skincare
0010181041808,Skincare
8809295012420,Skincare
8006540347133,Hair Care
5010605300448,Digestive
8001090602183,Hair Care
3600523728190,Skincare
4011700435142,Men's Grooming
5029354012687,Oral Care
8710447405697,Hair Care
0079400204349,Hair Care
0017854112261,Vitamins
5011417571163,Digestive
8714789762524,Beauty
5013692246538,Skincare
5054563197276,Pain Relief
5031013101090,Digestive
5060258140458,Skincare
5000174521900,Prescription Medicines
9327693000553,Skincare
5025135119347,Skincare
5010441007358,Vitamins
5410076443512,Skincare
0817513015250,Beauty
8699568518595,Hair Care
0086449256635,Beauty
5010605295164,Digestive
5010249012011,Vitamins
3600523385423,General Health
5010724529782,Hair Care
5010249031623,Vitamins
3600541267800,Skincare
8712561614023,Beauty
3600523448760,Skincare
50398676,Oral Care
4103040043382,Skincare
5011309015713,Cold & Flu
5011417571248,Supports & Braces
5024084001109,Vitamins
5000347087844,Cold & Flu
5010605296291,Digestive
5010724529751,Hair Care
5000158106482,Pain Relief
5060771790000,Skincare
5010724529744,Hair Care
3600541267817,Skincare
7702018089987,Men's Grooming
3600541378551,Skincare
7640168930424,Oral Care
5010249309821,Vitamins
8718951103313,Oral Care
3600541267824,Skincare
5000158064089,Cold & Flu
5060365796579,Skincare
8006540988206,Hair Care
3574660598957,Skincare
5010441013274,First Aid
3600523728183,Beauty
4084500701076,Skincare
8710908559204,Beauty
5017539301046,Skincare
5011784002086,Oral Care
0079400204479,Hair Care
7640168931032,Oral Care
5011309100716,Vitamins
5011309018912,General Health
5023652512061,Vitamins
8017331090008,Beauty
4770001335314,Oral Care
5055586607049,Hair Care
5025135115189,Skincare
5410103637495,Beauty
5012131647905,Cold & Flu
5029066007148,Hair Care
4987072071779,General Health
4084500846548,General Health
5025135000461,General Health
5060133370956,Vitamins
8809447250212,Hair Care
5028763014954,Oral Care
5038483142820,Supports & Braces
8718951385764,Beauty
4006424022686,Testing & Monitoring
4770001333808,Oral Care
0309974755634,General Health
8718951379503,Oral Care
4006424022358,Testing & Monitoring
4987072017494,General Health
5060546080206,Women's Health
4005800206108,First Aid
5000477569159,Vitamins
5025135111211,Skincare
5016379191008,Prescription Medicines
5000309002755,Hair Care
8001841761732,Skincare
5028763012646,Oral Care
4006424022693,Testing & Monitoring
0010181041877,Skincare
5024091747021,Vitamins
8809483315128,Skincare
5011309018714,Baby & Child
4006424022372,Testing & Monitoring
3600523305971,Skincare
0010181040719,Baby & Child
5010249190146,Vitamins
5025970023243,Men's Grooming
8714789857824,Oral Care
4013162018390,Beauty
5025135117954,Skincare
3574661128566,Skincare
8809483316255,Skincare
5060899542673,Beauty
3600523427475,Hair Care
7322541474076,Continence
5000347096938,Oral Care
5028763011861,Oral Care
4056800781232,Hair Care
7350075692109,Oral Care
0708002305061,Beauty
4062300422872,Baby & Child
8718951385870,Beauty
5060218601425,General Health
3574661728216,Baby & Child
5060062990287,Baby & Child
8712561611145,Beauty
8001090210906,Hair Care
5099151007988,Women's Health
8001090303059,Hair Care
8809463991014,Skincare
8718951645165,Beauty
3800219790030,Skincare
5010724531044,Digestive
5023652384057,Baby & Child
5023652210301,Vitamins
5010441012369,Cold & Flu
5012254060070,Hair Care
8809447250991,Skincare
4770001333884,Oral Care
8006540346754,Hair Care
7350075691515,Oral Care
3600523167562,Skincare
40623757,Beauty
5060177240581,Beauty
5024874030630,Vitamins
5051562013705,Cold & Flu
8718951654969,Skincare
0094100005492,Beauty
5010234907100,Baby & Child
8717163858226,Baby & Child
4056800781263,Hair Care
5060249174721,Skincare
5010123703585,Oral Care
8809463991007,Skincare
5060455149698,Men's Grooming
7322540679137,Continence
5060636881119,Oral Care
8006540514276,Hair Care
3600522943457,Beauty
6009644651795,General Health
3614225573842,Hair Care
8718951510654,Beauty
0708002400292,Beauty
5010441014653,General Health
3614225573583,Hair Care
5038581152066,Beauty
5011501040704,Pain Relief
4013162019175,Beauty
5017007601531,Digestive
5024874017167,Vitamins
8717644016572,Beauty
4056800640065,Hair Care
8700216594981,General Health
3574669909105,Baby & Child
5025135117961,Skincare
5011321401839,Hair Care
5016973991066,General Health
5055586607087,Hair Care
5012654201035,First Aid
4770001333815,Oral Care
5060636880181,Oral Care
8006540988244,Hair Care
5391531561616,Oral Care
4008976682165,Vitamins
3800219790887,Skincare
8809463991021,Skincare
5060636880303,Oral Care
5036072008663,Vitamins
96091524,General Health
4005900776143,Skincare
3600523385362,General Health
8714789625454,Oral Care
5060084173064,Supports & Braces
8809463991038,Skincare
5000477897085,Oral Care
4770001003299,Oral Care
5060013940736,Prescription Medicines
5060084170018,Vitamins
8718951115644,Beauty
5025135115226,Skincare
5036631004259,Beauty
5028763012585,Oral Care
5060571720634,General Health
5025135001376,Skincare
8809447250038,Skincare
3600520921068,Hair Care
5011321921870,Skincare
0080376380203,General Health
5010441010877,Cold & Flu
5010249041158,Vitamins
5011309267211,Pain Relief
5410076229994,Hair Care
5000477722196,Cold & Flu
8006540988237,Hair Care
8718951388642,Beauty
7350075690426,General Health
7350075692895,Oral Care
5025135117671,Skincare
5060209733029,Skincare
0708002407796,Beauty
8717163858219,Baby & Child
3600523215973,Hair Care
5011309061215,Baby & Child
3361370683956,Baby & Child
5000309008313,Digestive
3435172191077,General Health
5027599000094,Skincare
5011321365353,Cold & Flu
9327693000560,Skincare
0017854115019,Women's Health
5055586607032,Hair Care
7322541500898,Continence
8809211652549,Women's Health
8720181347153,Beauty
5010605295416,Digestive
5060991070609,Skincare
8710908778230,Skincare
3600523434602,Beauty
8809566990631,Skincare
5060991070623,Skincare
5017007604679,Sexual Wellness
5000158071377,Digestive
5055586605304,Hair Care
5033847002192,Prescription Medicines
5025135000522,Skincare
42343943,Beauty
4005800237478,First Aid
8711600786257,Beauty
5010249152502,Vitamins
8718951647930,Baby & Child
0017854115002,Women's Health
5060546080404,Beauty
5060427352712,Hair Care
5055565706459,Sexual Wellness
5010249126008,Vitamins
5029354010393,Oral Care
8714100012604,Skincare
80444886,Skincare
5711782000151,Beauty
8809408731149,Skincare
5016695005195,Sexual Wellness
5029354013691,Oral Care
8718951388550,Beauty
8720181295577,Beauty
5011309055719,Skincare
4008976682158,Vitamins
0309976623610,Hair Care
5010415635259,Digestive
3574660149807,Beauty
8720181477270,Hair Care
5012008570602,Beauty
5025135117701,Skincare
5054563185570,Pain Relief
0708002400490,Beauty
5060135050115,Vitamins
3574661684345,Oral Care
5029066007186,Hair Care
5036072005181,Sexual Wellness
4770001007303,Oral Care
0309978695332,Hair Care
5060636881133,Oral Care
0309975122077,Beauty
3600523582532,Beauty
5038581118574,Beauty
5011309675610,Skincare
5391512457174,Prescription Medicines
0309974755658,Beauty
3086126693552,Men's Grooming
5016973991059,General Health
5016379280016,Skincare
0309975122114,Beauty
3086123347328,Men's Grooming
5033852190280,General Health
5391531561630,Oral Care
7350075690402,General Health
8710447362945,Baby & Child
5028763009752,Oral Care
5000158063945,Cold & Flu
5017123002199,Vitamins
4084500506855,Hair Care
5029053582948,General Health
50632633,General Health
5055565706466,Sexual Wellness
7350064160008,Oral Care
3600523900862,Hair Care
5012008570503,Beauty
5010058044791,First Aid
5060546080855,Women's Health
5000476010164,Skincare
0017854112513,Beauty
5060133373902,Vitamins
5060014444899,Sexual Wellness
5035883003614,Cold & Flu
5410076230181,Hair Care
4062300368965,Beauty
50158089,First Aid
5029354012588,Oral Care
8720181474682,Hair Care
5025135112812,Skincare
8901030005091,Beauty
4001638523103,Baby & Child
3574660398410,Beauty
8006540801611,Hair Care
5022545142316,Beauty
5028816000194,General Health
3574661649726,Baby & Child
5060176670815,Vitamins
0700596000599,Oral Care
0708002401695,Beauty
5010415330987,General Health
5010249904651,Vitamins
5038581129778,Beauty
5055586605298,Hair Care
8006540988268,Hair Care
8901463115510,Sexual Wellness
5011451103856,Skincare
8710908565250,Beauty
7613037780871,Baby & Child
8001841536934,Women's Health
5010415331281,Baby & Child
0017854112506,Beauty
5060228455537,Oral Care
5000476010645,Pet Care
8718951239739,Hair Care
8711600453975,Skincare
3600541028920,Skincare
5012617010605,Vitamins
8711600357785,Beauty
5025135111549,Skincare
5000476190200,Vitamins
0708002400797,Beauty
5012254068144,Hair Care
5012368090024,Hair Care
5027097901176,Digestive
5025135115202,Skincare
8720181323942,Beauty
5025135117947,Skincare
5010249152526,Vitamins
0017854097476,Beauty
8720181450938,Beauty
60018793,First Aid
0010181044397,Skincare
5011309897319,Skincare
5011417577349,Vitamins
0017854120815,Beauty
0010181040399,Beauty
5011309672619,First Aid
5060332533206,Vitamins
5410076390830,Hair Care
5056682200639,Skincare
5025135111273,Skincare
5000101508608,Skincare
5000158065703,Cold & Flu
8001841407593,Skincare
0017854112520,Beauty
5000158063969,Cold & Flu
5000476010362,Pet Care
8717163762233,Skincare
5060519148254,Vitamins
0667803002442,Hair Care
5060133375173,Eye Care
0017854101067,Beauty
5027599000155,Skincare
5060258140311,Skincare
5014398003616,Baby & Child
5021265246120,Vitamins
8809242195206,Skincare
5011309060010,General Health
5060119660477,Eye Care
5060519148131,Vitamins
3574661445311,Oral Care
8001841536903,Women's Health
8716900576638,General Health
5010058057067,First Aid
8718951198715,Oral Care
8809083996567,Skincare
4013162019946,Beauty
0309975122299,Beauty
0074312002632,Women's Health
4006424022365,Testing & Monitoring
5025135118838,Skincare
5021769902072,Skincare
5025135111655,Skincare
8718951095182,Oral Care
5010934004420,Oral Care
5012583205654,Hair Care
7322541079899,Continence
8712561480369,Skincare
5060176676770,Skincare
3600541436367,Skincare
0086449259933,Beauty
5000158100541,Cold & Flu
3600541118065,Hair Care
3600520433127,Hair Care
5391531560541,Oral Care
5000167094190,Baby & Child
5029354013813,Hair Care
5025135113390,Skincare
5029354013752,Skincare
3600522917212,Hair Care
5060176674905,Skincare
5029354013714,Skincare
4005808891047,Skincare
5060176670303,Skincare
4005800279751,First Aid
5029354004934,Beauty
9327693003844,Skincare
5038581110004,Beauty
8006540988381,Hair Care
5060176670273,Skincare
5060464500022,Pain Relief
5060193640808,Hair Care
5033847002369,Digestive
5023652150911,Women's Health
5014697010773,Skincare
5010441010754,General Health
5060899541959,Beauty
5025135111327,Skincare
5025135118814,Skincare
4005800241161,First Aid
0054402730010,Skincare
5060176670334,Skincare
0010181025112,Hair Care
5029354013790,Hair Care
5029354001162,Skincare
8720181295584,Beauty
5059001002624,Beauty
5000444016372,Skincare
5000444016341,Skincare
4056800745951,Hair Care
8720182262806,Beauty
5000158100510,Cold & Flu
4005800230721,First Aid
5011784004325,General Health
5010441044452,Women's Health
5029354013738,Skincare
5060209732404,Skincare
5060427350169,Skincare
5704947005061,Skincare
0010181132803,Skincare
0083078411213,First Aid
5029354001254,Oral Care
4084500321595,Beauty
8710908089190,Hair Care
5060035247424,Prescription Medicines
8712561482318,Skincare
8712561880176,Beauty
0017854120037,Beauty
7322541067728,Continence
0736658590845,Skincare
8716900570094,General Health
5060421930305,Skincare
8710908657535,Baby & Child
5055586607124,Hair Care
3800219790047,Skincare
5060119660064,Eye Care
8809198843053,Skincare
5038580018158,Beauty
5011451106253,Baby & Child
3616301265375,Beauty
5054805039609,Hair Care
5391531560589,Oral Care
8717163430026,Beauty
8720181347115,Beauty
5391531560565,Oral Care
5038580062069,Beauty
5060209732541,Skincare
5028763012240,Oral Care
8901030050114,Beauty
5012727913735,Prescription Medicines
5028763013704,Oral Care
8717163654057,Hair Care
5000309005688,Digestive
50632725,Skincare
8809480782404,Skincare
8006320018376,Beauty
5059001002631,Beauty
5060144645135,Skincare
0703878000126,Skincare
5011408014341,Beauty
5060704340555,General Health
4008976682189,Vitamins
5060084171251,Supports & Braces
5017007600886,Prescription Medicines
5023652426153,Cold & Flu
8699568514283,General Health
5060195980087,Oral Care
5023652300156,Vitamins
5016379401015,General Health
5010415330444,Baby & Child
5010441013304,Cold & Flu
5012727913759,Prescription Medicines
8711600533806,Beauty
5010249313002,Vitamins
8718951656499,Beauty
42299806,Beauty
5025135118739,Hair Care
5011784002536,Baby & Child
5000283662716,Vitamins
5011784004516,Cold & Flu
8720182482105,Beauty
5025135112317,Skincare
5010249041400,Vitamins
5012617001450,Pain Relief
5060546080220,Women's Health
5000347033636,General Health
5025903027553,Prescription Medicines
5029354000868,Skincare
5010249152144,Vitamins
5010249011700,Vitamins
5012654201608,Skincare
0309978695431,Hair Care
5010441014677,Women's Health
5025903022138,Skincare
5025903022701,Prescription Medicines
5060546080237,Women's Health
0017854120013,Beauty
5038581099521,Beauty
3600542012775,Skincare
5013692251235,Baby & Child
5038580062090,Beauty
5010441204153,First Aid
8809483316170,Hair Care
5038581133478,Beauty
0015594011486,Sexual Wellness
5060636881195,Oral Care
8720181492617,Beauty
5038581016801,Beauty
8710447223413,Hair Care
5025135116254,Skincare
3600523232529,Beauty
4084500140240,Hair Care
8718951540002,Oral Care
8809483316132,Skincare
5060180816582,Skincare
0748378001105,Hair Care
5038581113890,Beauty
5060601933997,Eye Care
5038581102542,Beauty
3600522352334,Hair Care
8720181287855,Beauty
0017854112537,Beauty
5010441014288,Women's Health
5038581132112,Beauty
5013692245678,Beauty
5000158063907,Cold & Flu
5060209732428,Skincare
5038580003246,Beauty
8809211653539,Skincare
5025135119545,Skincare
5060193640914,Beauty
5060018880365,General Health
5000158062993,Hair Care
4015600709327,Hair Care
5038581091303,Beauty
5038581123448,Beauty
5038581091419,Beauty
5038581009179,Beauty
5060133376644,General Health
5060546080640,Women's Health
5060209732466,Skincare
5000444016402,Skincare
5038581133461,Beauty
5060176670754,Beauty
8710447223468,Hair Care
5038581120607,Beauty
3600524001124,Beauty
5060148520575,Vitamins
5012008748308,Hair Care
5038581134321,Beauty
5029354013653,Oral Care
5038581110905,Beauty
5010123714246,Oral Care
5054805039326,Beauty
5050474101715,Eye Care
8006540801451,Hair Care
3600541544024,Skincare
5000158066250,Home & Household
5012654202803,General Health
5012654200632,General Health
5038580004472,Beauty
8809463990987,Skincare
5025135114663,Skincare
8809463990970,Skincare
5025135111341,Skincare
3574669909143,Baby & Child
5012008721103,Hair Care
5054805039661,Hair Care
5011309062212,Baby & Child
5391531560527,Oral Care
5038581143996,Beauty
5025135112980,Skincare
3600523232635,Beauty
5059001002648,General Health
5038581130057,Beauty
3600522218623,Hair Care
5060636881034,Beauty
5060133373841,Eye Care
5038580011036,Beauty
5038581063805,Beauty
5029354013776,Beauty
5010441015292,General Health
3600541022065,Skincare
5011309022513,General Health
3600523232536,Beauty
3600523167586,Hair Care
8809310873326,Skincare
8001090705723,Women's Health
8809483316156,Skincare
8809463990963,Skincare
5012617018632,Prescription Medicines
5054563068545,Oral Care
8699568557365,Hair Care
8001841990354,Hair Care
9001616699344,Baby & Child
3600541022096,Skincare
5000158064072,Cold & Flu
7350075693793,General Health
5010441012062,Eye Care
5025135120350,Skincare
5060229015075,Baby & Child
5011321365261,Cold & Flu
5060546080831,Women's Health
5010249309531,Vitamins
5011784050414,Baby & Child
8809483316316,Skincare
80444879,Beauty
5025135116339,Hair Care
3574661724232,Baby & Child
3600523450435,Skincare
5010724527375,Hair Care
5010249152694,Vitamins
5026445002350,Men's Grooming
5017371129563,Skincare
8710447474426,Skincare
5010724526798,Hair Care
8001090592958,Beauty
5060546080848,Women's Health
8712561484398,Skincare
5060899542420,Beauty
4064665090062,General Health
6920354822421,Oral Care
5011451103894,Skincare
5010724527511,Hair Care
5000347074240,Women's Health
5031413936032,Hair Care
3574669909945,Beauty
3616300984949,Beauty
0309978695103,Hair Care
5031413936001,Hair Care
5060372800269,Skincare
5013692266598,Beauty
0708002704086,Beauty
5060144647467,Skincare
5028763013902,Oral Care
3614228943666,Beauty
8001090970497,Beauty
0017854100190,Beauty
5017353506474,Vitamins
8809310873357,Skincare
3574661245409,Skincare
4084500654860,Hair Care
8414606537822,Skincare
5060193640884,Hair Care
0309978695349,Hair Care
3574661332505,Skincare
3616300985021,Beauty
0017854108769,Beauty
5010441012239,Eye Care
7322540698817,Continence
0850278004176,Beauty
8024358909350,Cold & Flu
5011309027419,Skincare
3574661427515,Beauty
0017854117105,Beauty
8001841479873,Women's Health
5011417573143,Beauty
5060053020191,General Health
5000347045219,Pain Relief
5010441014660,General Health
5011309540116,General Health
9329401000107,Skincare
5060455141029,General Health
0309978695707,Hair Care
5025970012803,General Health
5011417559215,Beauty
4005900717160,Hair Care
0010181033155,Skincare
5060599182216,Skincare
5055586605076,Hair Care
7333350868147,Skincare
5025903022237,First Aid
0017854107441,Beauty
3600520337630,Hair Care
7702018400102,Men's Grooming
5025135118654,Skincare
5010441013212,Pain Relief
4015400684480,Women's Health
4005900952189,Skincare
5060119660040,Skincare
5025970004693,Skincare
0309978695325,Hair Care
4005900952196,Skincare
3574661634739,Skincare
5060599182193,Skincare
3616302638673,Skincare
5012251012119,Oral Care
0079400204455,Hair Care
0017854100183,Beauty
5000174003451,Beauty
5011417579169,Vitamins
0309978695745,Hair Care
5011309142716,Pain Relief
3600522107941,Beauty
5011451103948,Skincare
5025903022756,Pain Relief
0017854100206,Beauty
5037353001601,Sexual Wellness
8710847954337,Beauty
5060410573728,General Health
5010724512074,Testing & Monitoring
3600523583324,Hair Care
5022545145454,Beauty
8006540584101,Women's Health
3574669908108,Baby & Child
5010724527542,Hair Care
5010441014394,Vitamins
4015400562870,Women's Health
5010441015308,General Health
0017854107458,Beauty
0017854116535,Beauty
0309976623818,Hair Care
8720182513939,Hair Care
0017854107472,Hair Care
5010605402814,Pain Relief
5010724525951,Beauty
8718114621371,Hair Care
5060849633451,Skincare
8017331090022,Men's Health
5037200102710,Skincare
0017854117099,Beauty
5012583212713,Hair Care
3600521704370,Hair Care
5037353000239,Sexual Wellness
5016379320019,Skincare
5031413929843,Skincare
0010181043352,Skincare
3600523582259,General Health
5010605300479,Digestive
5012583212614,Hair Care
5410076390779,General Health
8006540801512,Hair Care
8001090131294,Women's Health
8006540801536,Hair Care
5010441001653,First Aid
3361370018994,Beauty
3600523438051,Beauty
8006540801567,Hair Care
3614229788792,Beauty
8714789859415,Oral Care
42449485,Skincare
5037353000260,Sexual Wellness
8714789417066,Oral Care
8710447223321,Hair Care
8710908559235,Beauty
3616303251598,Beauty
0017854100237,Beauty
3600524055752,Hair Care
5054805050505,General Health
7350075692925,Oral Care
5010441002865,Digestive
9329401000794,Skincare
5012616291838,Pain Relief
4005800268090,First Aid
0017854100220,Beauty
5012583212690,Hair Care
5000477723230,Vitamins
5037353001731,Sexual Wellness
5410076498758,Hair Care
5029053565873,General Health
5010249031586,Vitamins
8710908711527,Skincare
8006540988343,Hair Care
0634158938504,Vitamins
5012583212553,Hair Care
5012008714105,Hair Care
0017854116528,Beauty
0017854100244,Beauty
0017854109292,Beauty
5054805050499,Skincare
5055565706435,Sexual Wellness
5060057402931,Pain Relief
3600523232550,Beauty
5010441013861,General Health
3614226759207,General Health
8006540404645,Women's Health
5014697010759,Skincare
8710847963469,Skincare
5060133373827,Eye Care
5038581088044,Beauty
5033852190228,General Health
8001841703435,Women's Health
5010724533673,Sexual Wellness
0615908428674,Skincare
5060410573735,General Health
5011831096914,Sexual Wellness
5060599182209,Skincare
5052197026016,Sexual Wellness
8720181347221,Beauty
8710447244647,Beauty
5038581096049,First Aid
5054563042118,Oral Care
5034445001952,Skincare
5060053020184,General Health
5391531562224,Oral Care
5060176670365,Skincare
7350075692918,Oral Care
3600520228525,Hair Care
3600523457991,Skincare
5060062991420,General Health
5025135117978,Skincare
8718951289161,Skincare
3361370037513,General Health
5060599183886,Skincare
5012654200595,General Health
5016007205008,General Health
5010724525937,Sexual Wellness
0017854109308,Beauty
4005800237508,First Aid
5036631004068,Skincare
5037353004299,Sexual Wellness
5410076498642,Hair Care
0087614210285,Vitamins
8001841053806,Women's Health
5000288304970,Supports & Braces
0080376010759,General Health
5012583212652,Hair Care
8712561655163,Beauty
5011417554630,Home & Household
4005900111456,General Health
3600523232642,Beauty
9329401000190,Skincare
5010605300936,Digestive
3616302638635,Beauty
7350075690020,General Health
8001090291035,Oral Care
5010724525944,Beauty
0309978695318,First Aid
5000283661894,Digestive
5023652326026,Vitamins
7322540123043,Women's Health
5025903022695,Vitamins
5391531561609,Oral Care
3614227927506,Beauty
5012583212539,Hair Care
8717163627099,Beauty
5014697033727,Beauty
8710908657979,Baby & Child
4005900983893,Skincare
0017854100268,Skincare
5054805042630,Skincare
8809483316293,Skincare
0017854117037,Beauty
96080962,Beauty
5012727906973,Pain Relief
0017854100275,Skincare
7702018271788,Beauty
50285662,Beauty
7322540852066,Continence
0017854116955,Beauty
5010249020528,Vitamins
8720182513786,Hair Care
5060050351021,Beauty
5013692274104,Skincare
3600522783275,Skincare
8714789726168,Oral Care
5000167056464,Pain Relief
4005800030611,First Aid
8006540358672,Oral Care
5011408063882,Hair Care
5012008561402,Women's Health
5038581160399,Beauty
0309978695202,Hair Care
8718951684119,Oral Care
5000167009149,Cold & Flu
0017854117112,Beauty
5038581152608,Beauty
3600521848289,Beauty
5012999500589,General Health
7350075692673,Oral Care
8801619049600,General Health
3014260776787,Oral Care
8001090066008,Continence
7702018978120,Beauty
0010181025150,Skincare
5010527585169,Vitamins
8718951634220,Oral Care
5012254060834,Hair Care
7702018978106,Beauty
5031413936063,Hair Care
0309978695479,Hair Care
5011321626478,Hair Care
5012008746106,Skincare
5000309007668,Pain Relief
5060053020177,General Health
5010724527450,Hair Care
5012008748209,Hair Care
3600542011488,Skincare
0017854100251,Beauty
5060084171206,General Health
53992758,Baby & Child
5012583212591,Hair Care
7332531065948,Hair Care
8712561483162,Skincare
8594739255487,Pain Relief
5000158104310,Cold & Flu
5014697010728,General Health
5060332530670,Vitamins
0850278004800,Beauty
5060018511702,Vitamins
8720181287831,Beauty
5017371154800,Skincare
8801619049617,General Health
0309978695608,Hair Care
5410076229468,Hair Care
5010724526149,Beauty
5012654200601,General Health
5016695005171,Sexual Wellness
8006540709344,Women's Health
5000158100701,Pain Relief
5017539250474,Skincare
3614227927407,Beauty
5060084173163,First Aid
0687368100827,General Health
8712561669825,Skincare
5025135119798,Skincare
0017854117129,Beauty
5017353503251,Cold & Flu
0850278004039,Beauty
5011309020212,Skincare
8809598455726,General Health
50612710,Skincare
5012617015853,Pain Relief
8901030599682,Beauty
0017854113343,Women's Health
0309978695547,Hair Care
4011700740314,Beauty
8001841196015,Women's Health
5011417582459,Cold & Flu
8809566990303,Skincare
5037353000208,Sexual Wellness
5039021500119,Skincare
5000207007425,Skincare
8001841941899,Women's Health
8886467020094,Skincare
5000207004981,Skincare
8017331082843,Beauty
4005800237447,First Aid
5060133376330,Eye Care
5060209732497,Skincare
5012583212676,Hair Care
5010123726614,Oral Care
5037353000482,Sexual Wellness
5037353000420,Skincare
0017854100213,Beauty
7322540853377,Continence
4005800044427,First Aid
5010724533765,General Health
5010441013298,Women's Health
8714789798196,Oral Care
8710847950230,Beauty
5016379265006,Prescription Medicines
3616300984710,Beauty
5060084170025,Vitamins
5060601936974,Eye Care
3600541126022,General Health
5060421930367,Skincare
0017854113312,Women's Health
0309978695462,Hair Care
5011309028218,General Health
5037154000148,Eye Care
8001841208732,Beauty
5060202920402,Women's Health
0010181025099,Hair Care
96081006,Beauty
5010249041097,Vitamins
5410076691081,Skincare
7350051300462,General Health
8801051294422,Oral Care
8809211651436,Skincare
7332531063630,Hair Care
5011309021110,Pain Relief
5010249031197,Vitamins
7322541061467,Continence
0309978695301,Hair Care
5012583206170,Hair Care
8717163004869,Beauty
0010181025181,Hair Care
8809198843046,Skincare
5031013103803,Vitamins
8809085957283,Eye Care
5000444016426,Skincare
5026445002794,Hair Care
96080986,Beauty
5013692229395,Beauty
8717163943212,Beauty
5900627073751,Home & Household
8714100184950,Hair Care
0017854100176,Beauty
3600541029057,Skincare
5025135112751,Skincare
5000347061776,Cold & Flu
4005800188268,First Aid
5000347080685,Oral Care
8717644331750,Beauty
5012583205326,Hair Care
5010724527481,Hair Care
0309978695424,First Aid
5025135118630,Skincare
7322540808667,Continence
8809566990310,Skincare
5010441014561,Digestive
5010605240492,Skincare
5010249163102,Vitamins
5045091052939,Beauty
7322541124261,Continence
8001841266961,Hair Care
8714024383958,General Health
8001841267050,Hair Care
5029354012625,Oral Care
8699568514795,General Health
8711600718678,Skincare
5430000934305,General Health
3600523167593,Hair Care
5012583205241,Hair Care
5054563094087,Cold & Flu
8710908151064,Hair Care
5055757809715,Skincare
5011408003666,General Health
8001841444161,Hair Care
0010181032356,Skincare
5025135112355,Skincare
7322540455236,Continence
5055172205895,Cold & Flu
8809483316330,Skincare
8717644271568,Beauty
96032909,Baby & Child
5012583205319,Hair Care
5056235400073,First Aid
5010249319509,Vitamins
0062200901013,Hair Care
0667803002596,Hair Care
4015400675433,Continence
7640170370249,Oral Care
5900627062687,Home & Household
4015600896614,Skincare
5060144640048,Beauty
7702018361441,Men's Grooming
0017854100169,Beauty
3600542025638,Skincare
3600542382625,General Health
0309977326046,Hair Care
5705831045019,Skincare
8809242195190,Skincare
5010441014295,Vitamins
5029354012700,Oral Care
8001090705662,Women's Health
0309978695530,First Aid
5059001012029,Home & Household
8712561593533,Beauty
4015600528591,Hair Care
5029354005078,Baby & Child
4015400629245,Continence
8006540129180,Oral Care
5013692229357,Hair Care
5029053581491,General Health
8712561384704,Hair Care
8717163994252,Beauty
5029066078841,Baby & Child
8001841930657,Women's Health
3600524056308,Hair Care
0017854104877,Beauty
5000477233968,Cold & Flu
3600542460309,Hair Care
0381519186899,Hair Care
0309976623054,Hair Care
8699568557426,Hair Care
0309978695455,First Aid
8710908160653,Hair Care
5012583206095,Hair Care
8711700807258,Skincare
8718951166202,Oral Care
0309978695509,Hair Care
5060455140275,General Health
3574661325576,Hair Care
3574661416519,Baby & Child
8700216301879,Hair Care
5024874017150,Vitamins
50158072,First Aid
5017371150505,Skincare
4015400629368,Continence
8809211652518,Women's Health
40060682,Skincare
4015400219712,Women's Health
5055586605311,Hair Care
5055158013216,Skincare
8718951647961,Baby & Child
5060084170827,Skincare
8006540822197,Women's Health
0716237180469,Skincare
5025135113871,Skincare
8718951030299,Oral Care
8001841377926,Women's Health
5051389044821,Beauty
5012254061022,Hair Care
5010605208171,Pain Relief
5020535010287,Beauty
8886467049484,Skincare
5000167002126,Sexual Wellness
5010249028524,Vitamins
8699568514320,General Health
3574661484303,Baby & Child
0309978695516,Hair Care
5060135050962,Vitamins
3600522498803,Hair Care
8006540351963,Continence
0309976623498,First Aid
5010249122000,Vitamins
5010249152533,Vitamins
8720182513793,Hair Care
3600522626077,Beauty
5029354008932,Oral Care
8001090705600,Women's Health
8720182513946,Hair Care
7350075690396,General Health
5010441013281,Women's Health
5057881620211,First Aid
8001090065988,Continence
3574669908528,Baby & Child
5060062998030,Baby & Child
7350087736679,Skincare
8717163943229,Beauty
5010441007235,Prescription Medicines
3574669908276,Baby & Child
5038581121109,Beauty
5025903027928,Digestive
8809211651214,Skincare
5060035248223,Oral Care
8809483316279,Skincare
8710908881121,Beauty
5060421930602,Skincare
5010123703431,Oral Care
5010441007730,First Aid
8809242195183,Skincare
5037378008999,Skincare
5060428199538,Baby & Child
5000347087141,Pain Relief
5012654200854,Supports & Braces
5060084170131,General Health
8718951656536,Beauty
5010724534427,Digestive
3600522372639,Beauty
8809211651221,Skincare
0017854096158,Hair Care
0080376315564,Vitamins
8809310873319,Skincare
5010249041257,Vitamins
3361370713479,Beauty
8717163997383,Beauty
8001090065964,Continence
8718951253889,Oral Care
8711600532397,Beauty
8699568514085,General Health
7317400020457,Oral Care
5010249319004,Cold & Flu
5012008740104,Skincare
5010441011362,Cold & Flu
0782126003089,General Health
5010249152397,Vitamins
5010441012161,Digestive
8718951030169,Oral Care
3574661352275,Oral Care
5410076391011,Hair Care
5012654200878,General Health
5012008748100,Hair Care
8809447250045,Skincare
5000477242014,Cold & Flu
5028763013926,Oral Care
8809310873333,Skincare
0782126003201,General Health
8006540769737,Women's Health
8712561384841,Hair Care
5029354015220,General Health
3574661117638,Skincare
8809447250670,Skincare
3600541126053,Skincare
5012008721301,Hair Care
8717644331811,Beauty
4084500103900,Hair Care
5012008570008,General Health
0309978695554,Hair Care
0782126003256,General Health
8700216420686,Hair Care
5060519140807,Vitamins
5011417571828,Digestive
4015400363064,Women's Health
5010249152489,Vitamins
5030451003430,Skincare
5029053582924,General Health
0782126003058,General Health
5029354008772,Beauty
50096381,Beauty
4005800187728,First Aid
8809310873340,Skincare
5060229015068,Vitamins
5051389044845,Beauty
4005808151080,Skincare
4005800280597,Supports & Braces
8809533814595,Skincare
8712561631204,Beauty
3600523283941,Beauty
8710908882463,Beauty
5060035249053,Vitamins
5010441002766,Vitamins
3574661684314,Oral Care
5010441013342,Digestive
5010249041288,Vitamins
3600523167609,Hair Care
5410076854462,Oral Care
5011309085716,Skincare
3574661218236,Baby & Child
5029053500287,General Health
5060849634113,Skincare
3574660582871,Skincare
5010441013809,Eye Care
8714789895536,Hair Care
8886467049453,Hair Care
5011309141115,Pain Relief
8714789844282,Oral Care
8710908881541,Beauty
7322540490220,Continence
5000158063815,Vitamins
5000231050855,Beauty
80466437,Beauty
5055586608060,Hair Care
8717163411216,Skincare
7702018474738,General Health
8034007484015,Skincare
8718951323025,Beauty
7332531063418,First Aid
0086449002256,Beauty
7322540557466,Continence
5010441011270,Pain Relief
5060332530168,Vitamins
5012008748001,Hair Care
5391510478881,General Health
5010415635006,General Health
5060254922447,Skincare
50469185,Cold & Flu
4005808222698,Men's Health
0017854104891,Beauty
0018515124494,Beauty
3600541361454,Skincare
4005900036568,Beauty
8717644627624,Beauty
8414606537808,Skincare
3574661352817,Oral Care
5037808075805,Skincare
5017848253975,Women's Health
8006540584200,Women's Health
3600523167616,Hair Care
5060704340098,General Health
5012254061275,Hair Care
50621903,Skincare
5012654200847,First Aid
0083078001940,Skincare
9329401000770,Skincare
6291105153294,Beauty
5010249011687,Women's Health
7322540490268,Continence
7350087731100,Skincare
5010058039216,General Health
8710908689789,Skincare
0309978695448,Hair Care
9329401000282,Skincare
0017854078413,Beauty
8017331082836,General Health
7702018024612,Women's Health
8886467075223,Beauty
4015400675518,Continence
5055172208551,General Health
8712561643238,Beauty
0672935109662,Oral Care
0017854012677,Beauty
0017854120792,Skincare
5060133372295,Women's Health
8001841283944,Beauty
8717163758823,Hair Care
7332531024648,Hair Care
3600523717200,Beauty
4005900512130,General Health
4015400564119,Women's Health
0080376315625,Skincare
4015400363002,Women's Health
5011309102611,Vitamins
4015600572969,Oral Care
3574669907903,Baby & Child
96106068,Hair Care
8886467049477,Hair Care
7332531063388,Hair Care
5014697033703,Hair Care
0017854113305,Women's Health
5011784030126,Skincare
4084500694293,Beauty
8006540583982,Women's Health
5055586605328,Hair Care
8718951042209,Oral Care
5054805039722,Hair Care
8001090559890,Oral Care
8710908778322,Beauty
8711600724358,Hair Care
5000101513893,Beauty
0079400204387,Hair Care
5025135112485,Skincare
0017854096172,Beauty
5060099032967,Hair Care
5060171760009,Skincare
8720181334870,Beauty
5012616267055,Oral Care
0010181032226,Skincare
9329401000305,Skincare
8712561488280,Hair Care
5060099032332,Hair Care
4015400899303,Hair Care
0895531010228,General Health
8710447205877,Hair Care
5000101513824,Beauty
4005900036483,Beauty
5060133370482,Women's Health
5012008748407,Hair Care
8712561479806,Skincare
5010724529645,Baby & Child
8710908789380,Hair Care
4005808890576,Skincare
5099186001272,Prescription Medicines
3600542418836,Hair Care
5017007026464,Prescription Medicines
50601714,Skincare
5012008748506,Hair Care
5055586605069,Hair Care
5057881620013,First Aid
4005808131013,Skincare
7702018980833,Men's Grooming
5000288302266,Supports & Braces
5010441014684,Women's Health
3600541367838,Hair Care
5026445002770,Hair Care
3614223736485,Beauty
5011309025712,General Health
0017854095137,Beauty
5025135117664,Skincare
0083078421144,Skincare
6281006485303,Beauty
0017854113336,Women's Health
8717163653500,Hair Care
8886467049460,Hair Care
5010622017947,Oral Care
8712561615242,Skincare
5000347055867,Oral Care
8001090962966,Beauty
5054805039630,Hair Care
8710908789427,Hair Care
4011700740475,Skincare
3574661684307,Oral Care
8001841489803,Oral Care
5000167056600,Pain Relief
5054805050536,Beauty
0018515012418,Beauty
7332531024617,Hair Care
50287062,Beauty
5060099032325,Hair Care
5033852190235,General Health
5060099032356,Hair Care
5010441013915,Pain Relief
7332531063739,Hair Care
5060636880129,General Health
5017007604457,Cold & Flu
8714789615592,Oral Care
5060133373414,Eye Care
8717644300428,Beauty
5034749002402,General Health
4084500309081,Hair Care
5011831096884,Sexual Wellness
5055586607056,Hair Care
96081754,Beauty
8712561884068,Hair Care
5060053020207,Women's Health
5011309052916,General Health
4005800042782,First Aid
5025903024903,Cold & Flu
5060133373612,Vitamins
8718114627007,Hair Care
8699568523803,Hair Care
5000101510212,Beauty
8006540902486,Hair Care
5051389044852,Beauty
8901117002913,Prescription Medicines
96137161,General Health
8809505030435,Skincare
4005808230860,Beauty
8711700634342,Beauty
8720182525543,Beauty
8718951392878,Skincare
5060420233445,Women's Health
3574669907569,Baby & Child
8710447469378,General Health
5018632281433,First Aid
4005808837311,Beauty
5017123166990,Baby & Child
8717163693315,Beauty
5054805039562,Hair Care
5017848249367,Skincare
5000101135262,Beauty
5010724526347,General Health
5037200107876,Digestive
4015400363033,Women's Health
3574669907958,Baby & Child
5011417539873,Hair Care
8699568523926,Hair Care
5029053581514,General Health
5011309401417,Cold & Flu
7702018980918,Men's Grooming
3574661255019,Skincare
8720182525536,Beauty
5028763012301,Oral Care
5098928124347,Skincare
4030571004349,Eye Care
5010441001578,First Aid
3614227927483,Beauty
8809581077454,Skincare
0017854096165,Hair Care
5024874016207,Vitamins
8710908657900,Baby & Child
0017854100411,Beauty
8712561282093,Hair Care
3600541032880,Beauty
3600541032897,Beauty
8006540424186,Beauty
5011321595200,Hair Care
3574661470573,Baby & Child
7702018980819,Men's Grooming
5060099033025,Hair Care
5060099032974,Hair Care
8720181465482,Beauty
5012008550505,Hair Care
5055586607131,Hair Care
3600540040404,Skincare
8718951656659,Beauty
5011831096976,Sexual Wellness
0017854104884,Beauty
5010724533758,Skincare
0083078007133,Skincare
5055586607148,Hair Care
0017854116726,Beauty
7702018465132,Men's Grooming
4028163037103,Oral Care
5053249270180,Home & Household
0810020170566,Beauty
5017371149929,First Aid
5055028387522,Hair Care
3600523216673,Hair Care
8720182513755,Hair Care
5011451103986,Skincare
8718951388437,Beauty
0017854116740,Beauty
5021691600046,Pain Relief
0017854116757,Beauty
5014363003214,Pain Relief
8720182525529,Beauty
8720182525512,Beauty
5010797005350,Hair Care
5060080353408,Baby & Child
8809587520398,General Health
5010724534878,Oral Care
5017353503398,Pain Relief
7332531063517,Hair Care
8712561480307,Skincare
5410091733377,Hair Care
3600522783329,Skincare
5011501016181,Cold & Flu
80466468,Skincare
8001841039282,Beauty
5000101226847,Beauty
8699568514054,General Health
8809211650989,Skincare
8718114560939,Hair Care
5010724535059,Oral Care
5010612808838,Beauty
3600523201075,General Health
8718951423084,Beauty
5011451104204,First Aid
8809211651429,Skincare
5000101101342,Skincare
8710908812415,Beauty
5010123703509,Oral Care
3574661331102,Hair Care
8809211651412,Skincare
8710908812576,Beauty
5099186000442,Skincare
8001841039190,Beauty
5013692246507,Skincare
8710447172087,Skincare
8720181286902,Beauty
5012254059760,Skincare
3614221653814,Beauty
8720182513663,Hair Care
5011309401516,General Health
5036631001111,General Health
3574660571769,General Health
3574661230986,Baby & Child
8001090718792,Hair Care
5000209101527,Oral Care
76143038,Oral Care
5024874016658,Vitamins
8710908745874,Beauty
5011309017717,Skincare
3600523283934,Beauty
3600522836131,General Health
5011309027716,General Health
5025135117695,Skincare
8699568514160,General Health
5011321594562,Hair Care
5035559002507,Prescription Medicines
5017353505712,Cold & Flu
5000231049873,Beauty
0018515127327,Beauty
8710908489228,Skincare
5025903021957,First Aid
5011501002122,Pain Relief
8710908735523,Beauty
96125595,Beauty
7702018065349,Men's Grooming
9327693006456,Skincare
8712561607988,Beauty
5010441007341,Vitamins
3614229788846,Beauty
5037156268652,Hair Care
5055172214910,First Aid
8714789763224,General Health
8809540510183,Skincare
5012254059777,Beauty
3614229788815,Beauty
8718951192218,Skincare
5013692246514,Skincare
8001841039343,Beauty
0079400204493,Hair Care
3600542040785,Hair Care
5060420233469,Women's Health
8718951059498,Skincare
8710908882661,Beauty
7332531063487,Hair Care
8006540584149,Women's Health
5060228452680,Oral Care
8809211650927,Skincare
0010181032431,Skincare
5000158065987,Digestive
5022545145614,Beauty
5010724526378,Hair Care
5000101510199,Beauty
8710908744884,Beauty
3574660217841,Baby & Child
53996671,Baby & Child
8712561981729,Skincare
3600521565988,Hair Care
5037156268805,Hair Care
5037156268355,Hair Care
5027599000018,Skincare
5000101502965,Skincare
5025135111754,Skincare
5011417559161,Vitamins
5054563125491,Pain Relief
3574661352299,Oral Care
5013803998844,Vitamins
7702018015009,Men's Grooming
5000309007774,Pain Relief
3574661218205,Hair Care
3574661264912,Baby & Child
5060849634120,Beauty
7702018015665,Women's Health
5016221201206,Oral Care
5013803999155,Vitamins
5065006524016,Vitamins
5065006524023,Vitamins
5010441013083,Skincare
5011309050219,Skincare
8908002449969,Eye Care
4005808577750,Skincare
0083078001476,Skincare
4005800187735,First Aid
8809085955791,Skincare
5000476040390,General Health
5060365795381,Skincare
5013803998851,Vitamins
0083078018160,Skincare
8718951131767,Oral Care
5022545145652,Beauty
4015400899242,Hair Care
5060601936929,Eye Care
4005900122049,Men's Health
8718951059504,Skincare
5012251013406,Oral Care
5011309018011,First Aid
5060084171565,First Aid
3574660582819,Skincare
5013803999162,Vitamins
8720181287589,Beauty
5054805039838,Hair Care
5010724531204,Sexual Wellness
5060365795411,Skincare
3574669908085,Baby & Child
5060337728027,Baby & Child
7332531074773,Hair Care
5024874030579,Vitamins
5056369110442,Hair Care
5054805039814,Hair Care
5060365795398,Skincare
5060133372660,Eye Care
8017331047507,Beauty
5010441011621,General Health
5054805039821,Hair Care
5054563252517,Oral Care
5025135118272,Skincare
5060365795404,Skincare
5011451106109,Skincare
5018632211737,First Aid
3574669908177,Baby & Child
8712561607391,Skincare
5060704340012,Men's Grooming
5011451106093,Skincare
0083078001445,Skincare
5010441013229,Vitamins
5011417582091,Beauty
5000101507519,Skincare
5029053581583,General Health
5028763012264,Oral Care
7350075692680,Oral Care
5012616291753,Vitamins
4005900811271,First Aid
5012654111013,General Health
8718951131644,Oral Care
5065006524009,Vitamins
5024071250084,Vitamins
5010724526361,Skincare
5010441004692,General Health
5054805039807,Hair Care
5029053569857,General Health
42110187,General Health
5410076847945,Hair Care
8718951166127,Oral Care
8712561481663,Skincare
5012654110016,Skincare
8016825929022,Oral Care
8714789763620,Beauty
0083078009076,Skincare
5000309007651,Pain Relief
5018632242533,First Aid
3574660310689,Skincare
8809663752385,Skincare
0782126191038,Women's Health
5017123090769,First Aid
8001841959702,Hair Care
5000101512896,Beauty
5017353500885,Baby & Child
5010058039254,General Health
5000231036781,Pain Relief
5030104005224,Cold & Flu
5000101510038,Beauty
0810020170955,General Health
5010249011663,Women's Health
8809046298776,Skincare
8711700632249,Beauty
0017854116733,Beauty
0672935811350,First Aid
59095804,Beauty
3600523214501,Hair Care
5025135118449,Skincare
3600520560601,Hair Care
5037154000179,Prescription Medicines
0088551167847,Beauty
5051389044869,Beauty
5010441013366,Cold & Flu
5010441013908,Cold & Flu
7702018308309,Men's Grooming
3574660583861,Skincare
5030104005248,Cold & Flu
8809211650972,Skincare
4015400899273,Hair Care
8700216539128,Oral Care
8006540801482,Hair Care
3600541126046,Skincare
8809430537832,Skincare
5025971100295,Women's Health
5000158064560,Digestive
8710447205884,Hair Care
5028270000341,First Aid
4485336053887,Women's Health
0017854080683,Beauty
8001090965431,Hair Care
4005900983909,Skincare
8718951169739,Oral Care
5012008721202,Hair Care
5060133376637,General Health
8720181287626,Beauty
5010724526385,Hair Care
5051389044838,Beauty
5000209100513,Oral Care
8712561241519,Skincare
8714100184943,Hair Care
5053249265841,Hair Care
8006540221389,Women's Health
3574661652238,Baby & Child
3574661217598,Baby & Child
5054805050529,Beauty
0083078911171,Skincare
8006540801369,Hair Care
5012251008105,Vitamins
5012583204541,Hair Care
5025971100233,General Health
3574661486321,Women's Health
5000158071384,Cold & Flu
5029354008598,Skincare
7322541048277,Women's Health
5018632116728,General Health
5011321594296,Hair Care
5000347054303,Oral Care
5000231070112,Pain Relief
0083078415303,Skincare
8712561909778,Skincare
8720181209444,Skincare
5010441015001,Skincare
4005800237522,First Aid
8714789703015,Skincare
8710908657399,Baby & Child
4005900511973,General Health
7702018980932,Men's Grooming
5012008721004,Hair Care
5010441014349,First Aid
5017848251957,Cold & Flu
8712561803274,Beauty
8809211650965,Pet Care
5012251012126,Oral Care
8712561483094,Skincare
8718951133815,Beauty
5011842107128,Cold & Flu
8006540311851,Hair Care
8809211650934,Skincare
8720181336195,Beauty
8718951265769,Oral Care
5012583200802,Beauty
96040928,Beauty
8710447224250,Hair Care
8809211650958,Pet Care
8809663752378,Skincare
50210404,Men's Health
3600520595528,Beauty
5010441007723,First Aid
5000101510472,Skincare
5012654200755,General Health
5029053582764,Beauty
5010724525043,Oral Care
5056267001965,General Health
5010441006382,Skincare
8714789115474,Oral Care
5028763010017,Oral Care
5011451102965,Hair Care
5010441014110,Eye Care
5025135119941,Skincare
5017123041136,Vitamins
5011321594470,Hair Care
1790763591431,General Health
4005900512055,General Health
5038581127354,Beauty
8717163719954,Skincare
59079583,Beauty
5010441014424,Beauty
8809663752316,Skincare
0687368098230,General Health
4005808661923,Skincare
8720181079245,Beauty
4003455340185,Beauty
59095866,Beauty
0850278004169,Skincare
8699568523896,Hair Care
5025903023876,Pain Relief
7610472862728,Baby & Child
0010181000089,Skincare
5011417559192,Beauty
96201398,Beauty
8886467061738,Baby & Child
5010441013489,Vitamins
5025971208212,Beauty
4004148013072,Vitamins
5031413935943,Hair Care
5011451102996,Hair Care
5029053002033,General Health
5012254067680,Skincare
3574661087108,Skincare
5000453123078,Vitamins
8712561571371,Hair Care
5029053573717,General Health
3574669908535,Baby & Child
5060284540925,Skincare
5055028387669,Hair Care
0017854120020,Beauty
5000347014840,Oral Care
42207443,Skincare
5012254060841,Hair Care
8809663752354,Skincare
5012251013598,Hair Care
8717163643884,General Health
5017848250295,Women's Health
8717163762004,Beauty
8886467061745,Baby & Child
5029053573731,General Health
3574661087276,Skincare
5010441013946,Pain Relief
5055028381728,Hair Care
8710908317361,Skincare
5038581110998,Beauty
5029053500294,General Health
5000101032905,Skincare
5010612808517,Beauty
5012583200161,Hair Care
8809242270170,Skincare
8001841536255,Vitamins
5012008722506,Beauty
5060704340579,Skincare
5029053561387,General Health
5012583200796,Beauty
8001090589149,Oral Care
5024874015347,Women's Health
5053249266114,Hair Care
5025903022596,Cold & Flu
0017854100428,Beauty
0782126181039,Women's Health
8001090364104,Oral Care
8712561485548,Beauty
5038581160368,Beauty
4004148013010,Vitamins
5000444014903,Skincare
5012583207474,Hair Care
5031413947489,Skincare
5038581127392,Beauty
5000283657910,Pain Relief
59095729,Beauty
8718951291010,Oral Care
4004148013188,Vitamins
5038581127385,Beauty
5011309067316,Digestive
8809242270187,Skincare
5010605829017,First Aid
8720181368127,Hair Care
5031413935974,Hair Care
5014697056931,Hair Care
5056235401742,Beauty
3014230022401,Beauty
5900998006464,Beauty
5011501016105,Pain Relief
5011309030815,General Health
5028763011045,Oral Care
5010441012482,Pain Relief
3574661312828,Skincare
9329401000688,Skincare
5054805045143,Skincare
8809663752255,Skincare
8720181368103,Hair Care
3600541029019,Beauty
8809242270194,First Aid
5055586605281,Hair Care
0017854104754,Beauty
8006540311974,Hair Care
5055172219922,Eye Care
0017854100404,Beauty
4056800700608,Hair Care
4056800759446,Hair Care
5025135113819,Skincare
5011309010213,Vitamins
4005808730315,Beauty
5024874015354,Vitamins
4015400731627,Women's Health
5012008718509,Women's Health
5010441020753,Beauty
5025135113734,Skincare
5012254062678,Skincare
5025903021865,First Aid
5010058044906,First Aid
0681131110228,Hair Care
5018632116681,First Aid
5010058071612,General Health
6001051000814,Skincare
4004148013171,Vitamins
4004148341892,Vitamins
5055172223608,General Health
5060120167002,Skincare
0782126003065,Women's Health
5030104005200,Cold & Flu
5013692251266,Baby & Child
5028763011823,Oral Care
4004148013058,Vitamins
3574661087245,Skincare
4004148013195,Vitamins
8712561485524,Skincare
5025971102824,General Health
5055144201658,Pain Relief
5012616266010,Pain Relief
0810020170139,Beauty
5060599187174,General Health
5055586605274,Hair Care
8717163762035,Beauty
5055172219892,General Health
4011200115902,Men's Grooming
5010441010761,Prescription Medicines
5010058044715,General Health
5010622017978,Oral Care
5010123730215,Oral Care
0884486323361,Hair Care
5060057400197,Prescription Medicines
0083078001902,Skincare
59096757,Beauty
5060120177810,Oral Care
5025135119408,Skincare
5010724526354,Skincare
8720181079139,Beauty
8006540616048,Cold & Flu
5018632265006,First Aid
5025135118401,Skincare
5060120177803,Oral Care
5060084170704,Skincare
8720181368097,Hair Care
5015295008711,Baby & Child
4056800730995,Hair Care
3573994006282,Skincare
7310791090023,Women's Health
5010058044746,First Aid
3600541937086,Hair Care
5022545145676,General Health
5059001019905,Beauty
8809479166376,Skincare
8001841479842,Women's Health
0309978695738,Hair Care
4004148013294,Vitamins
5011309026719,Cold & Flu
8720181212192,Beauty
8001090483959,Hair Care
5011831096945,Sexual Wellness
5055144200965,Pain Relief
8712561847247,Skincare
4004148013102,Vitamins
0506022901221,General Health
5038581096056,Beauty
8809295015599,Skincare
42299929,Beauty
0850278004473,General Health
4005900983886,Skincare
3600541253827,Beauty
50093878,Beauty
0672935649045,Beauty
8699568513910,General Health
5000101514289,Beauty
4004148013041,Vitamins
5000231050831,Pain Relief
5012251009003,Cold & Flu
5012654142147,Skincare
0810020170078,Skincare
4004148013270,Vitamins
4004148013157,Vitamins
5010724533406,Oral Care
5028816000170,Cold & Flu
8001841266848,Hair Care
8714789917146,Oral Care
5010249123502,Vitamins
5025903022787,Eye Care
8720181218279,Skincare
5028763012905,Oral Care
8712561593335,Beauty
5000444014910,Skincare
8712561736862,Beauty
0011747615310,General Health
8699568514122,General Health
5010058039209,General Health
5011417563694,Skincare
59084051,Beauty
8710447473849,Skincare
8809451339187,Skincare
5025971208205,Baby & Child
5017848249916,Women's Health
5060156070147,Eye Care
59095361,Beauty
5000158101364,Cold & Flu
5022545145539,Beauty
9329401000183,Skincare
5000101226922,Beauty
5053249266091,Hair Care
5025135118425,Skincare
0017854104761,Beauty
5010724527504,Hair Care
5038581095929,Beauty
5026445002015,Hair Care
4004148043116,Vitamins
5055586608077,Hair Care
5060228455384,Beauty
5038581136837,Beauty
8901030556647,Hair Care
6001106226602,Sexual Wellness
4004148013164,Vitamins
4015400681670,Women's Health
8720181300813,General Health
5038581095660,Beauty
8718951596771,Oral Care
5011417566299,General Health
5060637649909,Prescription Medicines
5014749124366,Supports & Braces
5038581127378,Beauty
3015810608817,Men's Health
8001090718822,Hair Care
5012727912257,Pain Relief
5032483003167,First Aid
5028763012226,Oral Care
8717644721421,Beauty
5038581121086,Beauty
3600523566228,Beauty
8710847950223,Beauty
8710447473832,Skincare
8718951246799,Beauty
5025135113857,Skincare
3574661087290,Skincare
5060372800672,Hair Care
0850278004848,Beauty
8809663752323,Skincare
5025135120107,Skincare
5055586607063,Hair Care
5010081913330,General Health
5060428199378,Baby & Child
8001841769370,Hair Care
4005900983923,Skincare
5012654142024,Skincare
0895531010235,Vitamins
3574661728131,Baby & Child
8809663752392,Skincare
5056235400059,Oral Care
5055586608084,Hair Care
5010441014202,General Health
5000167056488,Pain Relief
8809663752347,Skincare
4004148323911,Vitamins
8714789896991,Hair Care
4056800738359,Hair Care
5060228450587,Beauty
4004148013119,Skincare
0887910000104,Skincare
7610700922491,Cold & Flu
8718951288881,Oral Care
3574669908412,Baby & Child
5011451106277,Baby & Child
8710522401682,Hair Care
8712561977494,Skincare
5045091052922,Hair Care
3600542118989,Hair Care
5025135113796,Skincare
8710847932564,Beauty
5060464500015,Pain Relief
8710522401675,Hair Care
0080376315588,Vitamins
4015600729172,Hair Care
5060013944598,Prescription Medicines
8699568506745,Hair Care
5012654143021,General Health
5060611190984,Vitamins
0309975122060,Beauty
5060013941030,Pain Relief
5010441001301,First Aid
5012334002709,Hair Care
8720181336928,Pain Relief
5024071260045,Pain Relief
8710908829901,Beauty
3600541033344,Beauty
3574661236445,Beauty
5011451104242,Baby & Child
5012008722209,Beauty
8718951323209,Beauty
5018632145452,First Aid
4056800570195,Hair Care
8710908541780,Hair Care
4003455001857,General Health
0017854064836,Beauty
5054563210555,Oral Care
5000453124648,Vitamins
5017353506153,Vitamins
8718951159136,Beauty
8720181442780,Beauty
3600542460408,Hair Care
3574661154947,Skincare
59079224,Skincare
5060258140434,Skincare
50007820,Skincare
7702018980925,Men's Grooming
8710447180655,Beauty
96045589,Beauty
59013891,Beauty
3600540897794,Beauty
5000101959332,Skincare
8717163762028,Beauty
5016155119912,Hair Care
87342840,Beauty
8710447391259,Skincare
4005900510761,Skincare
5010441013830,Skincare
5025903021988,Skincare
4056800195619,Hair Care
8712561698443,Hair Care
0309975122107,Beauty
8809295015643,Skincare
5010441014875,Beauty
8714789698953,Beauty
3600542028851,Beauty
4003455003240,General Health
5017123047145,Vitamins
7610700948576,Cold & Flu
8710908658006,Baby & Child
3600523443963,Hair Care
3600541032903,Beauty
5056235400325,Oral Care
4005800231308,First Aid
5010441009703,General Health
5012008722100,Beauty
5017123094132,Prescription Medicines
5031413952254,Skincare
59081630,Beauty
5016973991073,General Health
8718951431942,Beauty
5000101510359,Beauty
87342819,Beauty
5000101138331,Oral Care
5011451105966,Skincare
0010181032479,Skincare
3600542118583,Hair Care
4005800042775,First Aid
5010724531327,Oral Care
5054805039418,Beauty
5060428199361,Baby & Child
8710908178658,Beauty
5055028360044,Oral Care
8712561828628,Skincare
5060228452888,Oral Care
8003520012906,Beauty
5017848250936,Vitamins
3600541961289,Skincare
5011309164718,Skincare
8714100011188,Beauty
5060033821114,General Health
8710447211052,Hair Care
4003455001833,General Health
3600541696778,Skincare
5017848254859,Cold & Flu
8718951323179,Beauty
8710447224175,Hair Care
5010518695303,First Aid
5018632211720,First Aid
5000101081491,Skincare
5011451103900,Skincare
8712561241434,Skincare
8712561768351,Hair Care
4004148018121,Vitamins
5014749124335,Supports & Braces
5011451106260,Baby & Child
3574660282931,Baby & Child
4030300022750,Cold & Flu
5012251609845,Oral Care
5025903022626,Vitamins
5055028387607,General Health
5010441013175,Cold & Flu
5024071280012,Women's Health
5012251010443,Oral Care
5012008722001,Beauty
5055028387645,Hair Care
5010058044753,First Aid
8720181336201,Skincare
5013692238151,Hair Care
8712561478762,Skincare
5054563087546,Oral Care
5017848254446,Pain Relief
8712561847179,Beauty
0017854047396,Beauty
42333166,Skincare
5056235401780,Skincare
5000309007767,Pain Relief
5000347090929,Oral Care
3574669909594,Baby & Child
8718951191631,Oral Care
5013692246521,Skincare
5012251005852,Oral Care
7610700001059,General Health
5013692246491,Skincare
5029053522173,General Health
5010441000830,General Health
0810020171600,Skincare
5028270004059,First Aid
5011309440614,Cold & Flu
5025903022589,First Aid
8714789897073,Skincare
8699568556795,Hair Care
3600523237340,Hair Care
5055144201689,Vitamins
5010058044784,First Aid
8714100011379,Skincare
5025135120442,First Aid
5050895045513,Hair Care
5056235401759,Beauty
8901030005176,Beauty
3616301283522,Beauty
3086126691862,Men's Grooming
8718951130302,Women's Health
5011309440812,Cold & Flu
5012334002716,Hair Care
4003455004001,Vitamins
8710522386491,Skincare
5055028387621,General Health
8001090603296,Baby & Child
5025903022251,Skincare
3600523443925,Hair Care
0010181042287,Skincare
5011309424515,Cold & Flu
0017854033337,Beauty
5060215551709,First Aid
5024874015057,Vitamins
5011309018110,First Aid
4005800003967,First Aid
5013692246484,Skincare
5060013941511,Pain Relief
59079279,Beauty
5029053508863,General Health
8720181204067,Beauty
4015400731597,Women's Health
5011417588727,Beauty
8714789698922,Skincare
5012583203032,Hair Care
0895531010211,General Health
3574661727578,Baby & Child
5010441013359,Vitamins
5060060213708,Beauty
8718114561660,Hair Care
8712561829045,Skincare
5025971102398,General Health
5010058044777,First Aid
5011417566343,Vitamins
8720181368974,Hair Care
5012008692007,Women's Health
5010441011140,Oral Care
5056067803035,General Health
3574661684291,Oral Care
59095385,Beauty
5010081913347,General Health
5000283659204,Digestive
5000101513848,Beauty
5010724529690,Oral Care
5060228452673,Skincare
59084075,Beauty
4046719512034,General Health
8718114562575,Hair Care
4011200136907,Men's Grooming
4005808142927,Skincare
59082613,Beauty
8003520013040,Beauty
5012583203117,Beauty
0017854100459,Beauty
5011309140019,Pain Relief
5028763005457,Oral Care
5012583204800,Beauty
5055144201054,Prescription Medicines
5000283661832,Digestive
7702018464852,Men's Grooming
5060148524306,Vitamins
5011309050615,First Aid
5017371153346,Skincare
5016155120000,Hair Care
4005808123834,Skincare
4030300022743,Cold & Flu
4015400731535,Women's Health
5016155120024,Hair Care
5017353501943,Digestive
5056267004126,Oral Care
5022545063208,Hair Care
80977254,Oral Care
0017854017542,Beauty
8714789810348,Oral Care
5060228457432,Beauty
5011309026610,Skincare
5011309164411,Skincare
5012251012003,Oral Care
59095408,Beauty
5016155119813,Hair Care
5010058044722,First Aid
8710908799228,Beauty
5024874015071,Vitamins
5011309066012,Digestive
8717163545324,Beauty
0050051235388,Women's Health
5060148524313,Vitamins
8809408730821,General Health
0017854054257,Beauty
3574669908306,Baby & Child
50210466,Beauty
5000101510014,Skincare
0017854100473,Beauty
5022545086115,Hair Care
8714789939704,Beauty
3600523566242,Beauty
5017848251391,General Health
5050895076081,General Health
4005900296504,Skincare
8006540822340,Women's Health
0017854100466,Beauty
7610700612934,Cold & Flu
5025971208267,First Aid
3600523566235,Beauty
0017854105683,Beauty
5060453469309,Prescription Medicines
0017854059283,Beauty
50097494,Beauty
5000309007750,Pain Relief
4005900804389,Beauty
8720181053702,Skincare
5012583201939,Beauty
5000309007705,Pain Relief
3614223414222,Beauty
5022545086139,Hair Care
5029053573199,General Health
8718951412057,Oral Care
0017854100442,Beauty
3607342734272,Hair Care
5000304116501,Women's Health
4030300022736,Cold & Flu
5060148524290,Vitamins
5012583203285,Beauty
5029053504834,General Health
5012008561105,Women's Health
5010058011236,Beauty
5013692238144,Beauty
5010441016053,Pain Relief
5011417559178,Beauty
96136867,Beauty
8714789365152,Oral Care
8720181088315,Beauty
5024874015361,Vitamins
8699568514832,General Health
5012251013567,Hair Care
5017848254927,Pain Relief
96024447,Skincare
8034007484091,Skincare
5060119660446,Eye Care
5025135000638,Skincare
4005808176489,Vitamins
5012251006712,Cold & Flu
5060084170674,Skincare
3574661444994,Oral Care
5060057400135,Pain Relief
3600540413802,Hair Care
5000453122224,Vitamins
5000101504198,Beauty
8710447275306,Skincare
5025971100288,Women's Health
5028763007796,Oral Care
5000309007743,Pain Relief
5060455140244,Home & Household
8710522409053,Skincare
8720181079160,Beauty
0079181910637,General Health
5011417566329,Vitamins
5013692261197,Baby & Child
5012251010399,General Health
8714789092416,Oral Care
5050895106955,Oral Care
5012251013581,Hair Care
50096701,Beauty
5056267001507,Hair Care
8718951540149,Skincare
4005808130115,Beauty
7702018980857,Men's Grooming
5056267001477,Hair Care
5033852190266,General Health
5060060212312,Beauty
5016221202524,Oral Care
5010441013441,Vitamins
9329401000169,Skincare
8710847924453,Beauty
5017848251933,Women's Health
8720182036070,Hair Care
8001841432250,Hair Care
5016973991363,General Health
6281006485334,Beauty
3574661642864,Baby & Child
5056267001538,Hair Care
3616303209377,Beauty
4005808176533,Beauty
5060133371670,Baby & Child
5012616267048,Oral Care
4084500303171,General Health
4030571003670,Eye Care
7322541049052,Women's Health
5000101218255,Beauty
3600540366337,Hair Care
5012583200727,Beauty
7610700001417,General Health
42243656,Beauty
5024071230178,Pain Relief
5010189105064,Men's Grooming
5000101510335,Skincare
5060057400104,Pain Relief
5010441000298,Pain Relief
5000453120381,Vitamins
96040911,Beauty
5010724533680,Skincare
5028763009332,Oral Care
8718951265516,Oral Care
8034007484114,Skincare
5010441016015,Pain Relief
3574669907217,Hair Care
8714789101279,Oral Care
5010441015261,General Health
5000101514265,Beauty
5012008734004,Women's Health
0672935000020,Oral Care
3574661684284,Oral Care
5000101510373,Beauty
5060202921423,General Health
5012251012348,Skincare
5010441014196,Cold & Flu
8714789762906,Beauty
5038581029375,Beauty
5012251011129,Skincare
5050895045711,Hair Care
8710447232644,Skincare
5016973991080,General Health
5012251013574,Hair Care
5025135114649,Skincare
5013692251259,Baby & Child
5060060212329,Beauty
5010724530931,Beauty
0038107228027,Beauty
5013692268929,Beauty
7322542057353,Women's Health
5010189105095,Men's Grooming
8700216089319,Oral Care
5050895214780,Hair Care
8710447275313,Skincare
5017353502452,Beauty
5060228457333,Beauty
8720181079177,Beauty
5010622005029,Oral Care
5025903021445,Vitamins
5025903027751,First Aid
5012251012522,Skincare
6921756492427,Testing & Monitoring
5054563009838,Pain Relief
8001090735300,Hair Care
5038581029382,Beauty
8710908829949,Beauty
5012008561303,Women's Health
5054805045167,Beauty
5025135113918,Skincare
5010724527399,Hair Care
5022545101580,Beauty
8720181079153,Beauty
5017848252442,General Health
3616302970223,Beauty
5050895120845,General Health
8720182036094,Hair Care
5017353500809,Pain Relief
5056170343794,Hair Care
5060057403662,Pain Relief
5028763010857,Oral Care
5010441010792,Baby & Child
5028763011403,Oral Care
5028763007772,Oral Care
5012251013178,Beauty
8711700921565,Beauty
5011417559208,Beauty
5011417572955,Beauty
4000196014313,Skincare
5053249269566,Home & Household
5000101502903,Skincare
50096367,Beauty
8699568513996,General Health
8699568513873,General Health
8001841141374,Oral Care
8712561847315,Beauty
3574661440477,Baby & Child
3574661087283,Skincare
3600542373319,Hair Care
4015400259275,Women's Health
5012251013475,Oral Care
96201381,Beauty
8712561698153,Skincare
5012251012355,General Health
5060228453519,Beauty
3616302970230,Beauty
5060228453441,Beauty
5014749199135,General Health
4000388177000,Beauty
9329401000701,Baby & Child
0672935104131,General Health
7610700612507,Cold & Flu
5028270000426,First Aid
8714789086477,Oral Care
5000101230745,General Health
0732068579951,Skincare
5025903023166,General Health
5055028321755,Oral Care
3574661384665,Beauty
5054805042456,Beauty
8712561698689,General Health
5012008740005,Skincare
8712561824415,Hair Care
7610700612859,Cold & Flu
59095781,Beauty
5038581053844,Beauty
5010622005012,Oral Care
5060228456077,Beauty
5056170310383,Hair Care
8699568514405,General Health
9329401000428,Skincare
8710908657672,Baby & Child
5050895074506,Beauty
5060946243973,Baby & Child
9329401000435,Skincare
5028763006706,Oral Care
5028763009653,Oral Care
1845678901001,Vitamins
5056170302371,General Health
5024071250015,Digestive
5037200110050,General Health
6111079005767,Baby & Child
5037378009538,Skincare
5038581029474,First Aid
5050895186582,General Health
5010058057050,First Aid
0810020170948,General Health
8717163605776,Beauty
3600542413800,Hair Care
8006540806876,Women's Health
3574661384627,Beauty
8710908829925,Beauty
5028635004045,Skincare
5000453121760,Vitamins
5025135118845,Skincare
5023674115813,Skincare
5010441013892,Beauty
8699568513958,General Health
3600542032643,First Aid
5012251010009,Sexual Wellness
5025971208281,First Aid
42182634,General Health
5060120162151,Home & Household
0309976009018,Skincare
4005808130610,Beauty
8714789194783,Oral Care
5012251006224,Oral Care
8006540097205,Hair Care
5037741990456,Beauty
5060120177827,Oral Care
5025903023111,First Aid
0309971370274,General Health
80809494,Oral Care
8714789763460,Men's Health
3574660583168,Skincare
0038107228034,Beauty
5410076926046,Oral Care
8720181336188,Beauty
0672935557180,Oral Care
3574661384580,Beauty
0038107228010,Beauty
8710447241745,Beauty
5060013943140,Prescription Medicines
5025135112270,Skincare
8717163023839,Beauty
5054805039753,Skincare
5012616267154,Oral Care
5050895242554,Beauty
5017353505286,Cold & Flu
8001090361998,Women's Health
5012251010405,Hair Care
8001090735270,Hair Care
4005808505999,Beauty
5000347035937,Oral Care
5024874015101,Vitamins
5010058044883,First Aid
5000347090943,Oral Care
5010441000250,Pain Relief
4987072027219,General Health
8714789762876,Beauty
96201411,Beauty
5053249270166,Home & Household
8720181079184,Beauty
8710447482704,Beauty
5025903022930,Skincare
0309971370205,Beauty
5000101799556,Beauty
80823438,Oral Care
8001841479804,Women's Health
8710447229613,Women's Health
5012008740203,Skincare
5060228453434,Beauty
5012583009665,Hair Care
5000101665400,Beauty
5011417554876,Beauty
8714789762845,Beauty
5038581020129,Beauty
5050895087506,General Health
5028763009592,Oral Care
7610700614266,Cold & Flu
5017353500618,Pain Relief
8718951431843,Beauty
8718951265738,Oral Care
7643022217150,Skincare
5010441014356,First Aid
5010724513934,Sexual Wellness
3574669907651,Baby & Child
5900998000332,Beauty
5055028321748,Oral Care
8699568514368,General Health
8699568514443,General Health
8001090632463,Baby & Child
4000196014290,Skincare
5060057403143,Pain Relief
8710908658075,Baby & Child
87342352,Skincare
4084500197985,Hair Care
3574661093994,Skincare
5013692250238,Baby & Child
8710447205907,Hair Care
8712561274272,Beauty
8699568514481,General Health
5029066051325,Hair Care
5012251000642,Oral Care
5025416997039,Beauty
5000101968051,Beauty
8714789763897,Skincare
5012251010658,Oral Care
4056800761760,Hair Care
5000101045639,Skincare
5010724517123,Oral Care
5022545106349,Hair Care
8699568503843,Hair Care
59079576,Beauty
5010058011021,Beauty
96082911,Sexual Wellness
5012583204756,Beauty
5410076635153,Oral Care
8712561434041,Beauty
8712561848022,Hair Care
8712561659000,General Health
4015600116743,Hair Care
5010724529713,Oral Care
5022545151431,Oral Care
5000101504174,Beauty
5028270005452,Beauty
5054805039340,Beauty
5000347090936,Oral Care
5016973991035,General Health
5050895122283,Baby & Child
8716900559129,Baby & Child
5028763006478,Oral Care
5056184027383,Skincare
5060110224920,General Health
8006540947760,Oral Care
5060209732442,Skincare
7322541048857,Women's Health
8003520013026,Beauty
5025135113895,Skincare
5024211000630,Beauty
6291105153287,General Health
7310615404555,First Aid
5011417566312,Vitamins
5029115011324,First Aid
5011417541593,Beauty
8710847963087,Hair Care
5010441000465,Beauty
6291105153263,Skincare
4084500567092,General Health
8003520023322,Beauty
5025903022657,General Health
4084500854154,Hair Care
8710908541247,Beauty
50097548,Beauty
8712561848152,Hair Care
8710908705632,Hair Care
5011309049718,Women's Health
8712561848060,Hair Care
6291105153270,General Health
8720181336164,Beauty
4084500140332,Hair Care
7610700007242,Cold & Flu
5012251007146,Oral Care
4005900746566,Beauty
5060013941283,Pain Relief
3600542032537,Skincare
3574669909556,Hair Care
5025903027775,Pain Relief
5000101508196,Beauty
8717163622018,Hair Care
5031413945980,Skincare
5020353053251,Skincare
8712561470360,Hair Care
8714789732893,Skincare
5000101194009,Beauty
8901030024023,Beauty
50097333,Beauty
8714789087375,Oral Care
5029053565750,General Health
5031413946017,Skincare
8714789880556,Hair Care
5000347002809,Oral Care
5025416997015,Beauty
8886467060854,Beauty
7322541036014,Women's Health
8714789880501,Hair Care
5029115011287,First Aid
5012251001991,Oral Care
3014260013851,Oral Care
5031413946086,Skincare
5020535015442,Sexual Wellness
87342345,Skincare
5010441011782,First Aid
5017123001031,Vitamins
5000101045479,Beauty
5010441006481,Pain Relief
5031413946048,Skincare
87342826,Skincare
3600541889460,Skincare
7322542030646,Women's Health
5000347071461,Oral Care
5056235400233,Hair Care
8712561698603,Hair Care
0761828223889,Beauty
5030104005088,Cold & Flu
8886467060861,Skincare
8008970053141,Hair Care
5010441000113,First Aid
7322541048970,Women's Health
5010441021354,First Aid
5010441015407,General Health
8720181336096,Beauty
5010724529669,Skincare
5013692268943,Beauty
5029053560762,General Health
5010441007716,First Aid
8714789732923,Skincare
5025903021971,General Health
5028763007543,Oral Care
5028270008507,General Health
5050895060912,Beauty
5012008663106,Beauty
5010724529706,Oral Care
5000347090967,Oral Care
3574669909211,Baby & Child
5011321725348,Hair Care
8008970053134,Hair Care
5014107164089,Women's Health
8714789726137,Oral Care
8716900559280,Baby & Child
8717163020524,Beauty
5013692261104,Baby & Child
5011597092779,Oral Care
5010441014486,Beauty
7322542028056,Women's Health
3014260287030,Men's Grooming
8717644367209,Beauty
8710908181719,Hair Care
5050895067058,General Health
50064861,General Health
9300632074037,Oral Care
96049938,General Health
5060120168757,Skincare
8710522648797,Hair Care
8710908181092,Hair Care
5028763009356,Oral Care
5016973991042,General Health
5000209216511,Oral Care
5028763011083,Oral Care
5024874015033,Vitamins
5011309440515,Cold & Flu
5000101959417,Skincare
5017848253531,Baby & Child
8001090589095,Oral Care
8718951028142,Beauty
4003455340147,Skincare
0048256297164,Beauty
5050895087308,Beauty
5028763008557,Oral Care
5025903022817,Vitamins
5010249901957,Skincare
5013692272414,Beauty
4015400680284,Women's Health
4003455340109,General Health
8720181336058,Beauty
5000101968211,Skincare
5056235402213,Cold & Flu
5053249200668,First Aid
8710908178399,Hair Care
5028270000525,First Aid
0761828223919,Beauty
3574669907439,Baby & Child
5029115000007,First Aid
0761828223902,Beauty
5031413936803,First Aid
5017306008321,Beauty
8718951564862,Oral Care
5033996015401,Beauty
7702018015252,Women's Health
8008970053127,Hair Care
8710908177071,Hair Care
5011597008299,General Health
5060337726016,Baby & Child
5060133377467,Cold & Flu
8710908705731,Hair Care
5011309895513,Oral Care
5011309895612,Vitamins
5016973991233,General Health
8711600804388,Skincare
8710522648780,Hair Care
5060228450853,Oral Care
5010441008966,General Health
5000209211516,Oral Care
3600542032544,Skincare
5020535015480,Sexual Wellness
5055172214170,General Health
5029053550039,Baby & Child
5000101511516,Skincare
5016221201183,Oral Care
5000101968136,Beauty
4902430644143,Men's Grooming
4015400622413,Beauty
8710908177057,Hair Care
5053249269603,Home & Household
5016973991219,General Health
5050895240635,First Aid
5029115005477,First Aid
5000101505737,Beauty
3574660050516,Women's Health
5012251012249,Skincare
5056235402138,General Health
5050375114111,Beauty
5060337720090,Oral Care
5012251013673,Skincare
5060060212244,Beauty
5410076926084,Oral Care
8718951004757,Beauty
5012254067086,Skincare
5099802150117,Skincare
8714789880518,Hair Care
5010441012994,Vitamins
5029053578323,General Health
5012617017116,Pain Relief
4005900447890,Skincare
5028763006409,Oral Care
8717163058015,Beauty
0058000004481,Oral Care
4015400680352,Women's Health
5055586608145,Hair Care
5031676000945,First Aid
5025903027737,First Aid
5017353503275,Pain Relief
5011309440713,Cold & Flu
5050375085220,General Health
5022545069668,Hair Care
5029053532608,General Health
8718951427785,Beauty
7322541048154,Women's Health
5011309895810,Vitamins
5060228452420,Oral Care
8710908181283,Hair Care
96186886,General Health
96002643,Beauty
5029053532660,General Health
5024071250282,Vitamins
5026445000486,Beauty
8710522412022,Beauty
5028270000365,First Aid
5060120164063,Hair Care
3600522355625,Hair Care
8718951268494,Beauty
5028763007598,Oral Care
5056235400660,First Aid
5016221201176,Oral Care
4005900586575,Skincare
5010189105125,Men's Grooming
5012251010412,Skincare
3574669908566,Baby & Child
5030104005163,Cold & Flu
5012251013499,Skincare
5060060212077,Vitamins
5012254060230,Hair Care
59079712,Beauty
5060337727181,Testing & Monitoring
96136966,Beauty
8717163743270,Beauty
5038581130088,Beauty
5055172205277,General Health
8714789880495,Hair Care
5037741100916,Beauty
5030104005101,Cold & Flu
5000101500183,Beauty
7322542025246,Women's Health
5000101189760,Beauty
5054805039845,Beauty
8711600672543,Beauty
8886467020124,Skincare
5012251009928,Sexual Wellness
5029053039732,General Health
0309971370199,Beauty
8710847924491,Beauty
5022545069644,Beauty
5012583208525,Hair Care
5022545069620,Hair Care
8718951193796,Oral Care
8901030755392,Skincare
5028270008484,General Health
4015400931225,Women's Health
7322542072417,Women's Health
5055586608138,Hair Care
5012251013369,Skincare
5000101959509,Skincare
5028763007611,Oral Care
5060120163387,Skincare
5020535019471,Skincare
5029053579160,General Health
5012251008785,Oral Care
8710908380082,Beauty
8712561434072,Beauty
5029053550022,Baby & Child
5060337726832,Cold & Flu
8718951430235,Beauty
5011309895018,Cold & Flu
8712561228985,Beauty
5010724529720,Oral Care
5028763007222,Oral Care
80218814,Beauty
5065000925079,Beauty
5012583208563,Hair Care
5055586608121,Hair Care
5014749160418,Beauty
5038581136790,Beauty
5054563180179,Oral Care
5013692272438,Beauty
5050375055360,Beauty
5012583208587,Hair Care
8001841041391,Baby & Child
5038581120393,Beauty
5025903022039,General Health
8006540948422,Oral Care
5000101346170,Beauty
3086127500934,Men's Grooming
3614226291998,Beauty
5012583203063,Hair Care
5010441010853,Digestive
5022545102266,Beauty
5000101507571,Skincare
5025416030613,Beauty
5022545069606,Beauty
5029053039688,General Health
8901030807657,General Health
0079400204745,Hair Care
5000101152672,Beauty
5012008663205,Beauty
4027800079520,Women's Health
3014260747961,Oral Care
5012251008136,Sexual Wellness
5012583203070,Hair Care
5010724517147,Oral Care
5011842107036,Cold & Flu
5026445000318,Beauty
5010724320334,Oral Care
5014749160401,General Health
5029053039978,General Health
4015400738565,Women's Health
8718951576193,Oral Care
8718114233000,Beauty
5000101149900,Beauty
5060120167194,Skincare
5053249269924,Skincare
4005900230614,Beauty
3574661264813,Baby & Child
8720665000000,Hair Care
8714789843674,Skincare
5000101100468,Beauty
5012008663007,Beauty
5011309049411,Women's Health
5000101845208,Beauty
8001841559179,General Health
5000101845116,Beauty
5060060212466,Beauty
8710447232668,Beauty
5010441024669,Women's Health
5017123055232,Pain Relief
5012251009355,General Health
5060087366319,Beauty
8711600323520,Beauty
0309970054953,Beauty
5012616267017,Oral Care
5029053567822,Beauty
5000101149733,Hair Care
4084500140271,Hair Care
5038581134246,Beauty
8718951430853,Beauty
8001841559353,General Health
5017353503800,Pain Relief
5038581130293,Beauty
5055172214668,Beauty
5014107164867,General Health
5037741991026,Beauty
5037741150218,Skincare
5000101502682,Beauty
5010724533239,Hair Care
8714789726229,Oral Care
5028763007512,Oral Care
3574661421728,Baby & Child
5010441012451,Beauty
8001841041360,Baby & Child
5054563180209,Oral Care
8710908657122,Baby & Child
5054563180230,Oral Care
5000101189685,Beauty
5038581110097,Beauty
8720181336034,Beauty
5000101044755,Beauty
5056235400578,Skincare
5025416030606,Skincare
8901030561795,Beauty
5050895242615,Hair Care
4015400260837,Women's Health
0050051110982,Skincare
5060120161277,Hair Care
3574661440460,Baby & Child
5050895242691,Hair Care
5024874032061,Vitamins
5026445000448,Beauty
8001090132017,Oral Care
5000101189418,Beauty
5010441000304,First Aid
8411114026084,Hair Care
9329401000763,Skincare
5060337729857,Skincare
5000158102170,Pain Relief
8712561306409,Beauty
5050375041134,First Aid
5026445002336,Beauty
5060120164087,Hair Care
5013965953354,Oral Care
5025971208274,First Aid
5000101189333,Beauty
5012008581202,Women's Health
5019091500561,General Health
5028763002371,Oral Care
8710908181160,Hair Care
5060228453502,Oral Care
5060464500862,Pain Relief
5000231080401,Beauty
5025135118951,Skincare
5037741980013,Beauty
5029053578156,General Health
5025416030590,Skincare
5010441008454,First Aid
5056235400257,Beauty
5025903021964,General Health
5060087360973,General Health
4027800383207,Men's Grooming
5031413910933,General Health
7501056371838,Skincare
5012254060223,Hair Care
5012616267130,Oral Care
5014749141530,General Health
4027800079025,Men's Grooming
8720181336126,Beauty
5012251006729,Cold & Flu
0050051110999,Skincare
5050895241724,Hair Care
8901030807664,Skincare
5014749180560,Beauty
5026445000073,Beauty
8717163727058,Beauty
5028763002395,Oral Care
5000101230660,General Health
5050895242578,Beauty
8411114026091,Hair Care
5038581131481,Beauty
5010441012444,Beauty
5026445002459,Beauty
8718951568709,Oral Care
5060228454240,Beauty
5025903022022,Skincare
8714789732879,Skincare
5060060212336,Home & Household
5060060212961,Skincare
5050895089180,Beauty
5012334005465,Beauty
8718951556669,Oral Care
5053249249438,First Aid
5014749124373,Supports & Braces
5000231036767,Beauty
4030300023108,Cold & Flu
5000101193545,Beauty
5060777420352,Pain Relief
5060215551051,Skincare
7625657155328,Skincare
0038785101018,Vitamins
5012251013512,Vitamins
5011309049213,Women's Health
5060060212480,Home & Household
5022545125739,Skincare
50309443,Skincare
5060228454257,Hair Care
0050051111002,Skincare
8901030026263,Beauty
5050375057920,Skincare
5012617016492,Pain Relief
5029115011560,General Health
5026445002435,Beauty
8720181336133,Skincare
0732068579982,General Health
5060228456824,Beauty
5028763010871,Oral Care
5060337729185,Skincare
5060060211773,Beauty
5012251007955,Sexual Wellness
5012145015103,General Health
5055586603195,Hair Care
5060215551235,Skincare
5060228454202,Beauty
5397119158612,General Health
5012251013314,Beauty
5011842107029,Cold & Flu
5012251008631,Skincare
5014697055934,Beauty
5060060211834,Beauty
1144668123455,General Health
5024071270334,Vitamins
3616301175742,Beauty
0672935810186,Oral Care
5029115826171,First Aid
5391531140125,Beauty
5012334001962,Beauty
5017353505231,Vitamins
5011831097003,Sexual Wellness
5050895239493,Beauty
5028270008309,General Health
5060332530212,Vitamins
8001841220376,Skincare
5038581084343,Beauty
5012334001177,Beauty
5029053583099,Beauty
5025135118562,Skincare
5025135118586,Skincare
8710908182082,Hair Care
8714789988658,Oral Care
5025903022343,First Aid
0099800000969,Beauty
5029115011201,General Health
3616301283492,Beauty
5025903023142,General Health
8901030561801,Beauty
5037200101621,Skincare
5024071210224,Pain Relief
5030104005149,Cold & Flu
5013692261968,Baby & Child
5029053577333,Baby & Child
0615908428667,Hair Care
5011417558416,Beauty
5060215551686,First Aid
5025903022862,Vitamins
5054805039364,Skincare
5025135119064,Skincare
5038483739020,Sexual Wellness
5012233096342,Beauty
8712561538077,Beauty
8712561698528,Hair Care
5029053550152,Beauty
5017353500731,Digestive
5050895061001,Beauty
5053249250021,First Aid
59085720,Beauty
4987072028681,Skincare
5012233097127,Beauty
50097562,Beauty
5013692265881,Beauty
5012251011617,Men's Grooming
5056170313872,Hair Care
50819546,Cold & Flu
5060215550313,Beauty
5060127507504,First Aid
5060087362861,Testing & Monitoring
5050895167635,Baby & Child
5060215551884,First Aid
5011417575833,Home & Household
5011597092953,Skincare
3014260275921,Oral Care
5010441002636,First Aid
8710908182105,Hair Care
50819485,Cold & Flu
5060464500008,Pain Relief
5051594002982,Baby & Child
5010441000885,Skincare
5010441073087,First Aid
5038581131511,Beauty
4015400259459,Women's Health
5017353502469,Pain Relief
5050895074636,Skincare
5050895089142,Beauty
42182627,General Health
5012334002549,Beauty
5060228450006,Oral Care
5012334003034,Men's Grooming
5014107164836,Women's Health
5026445003159,Beauty
8718114642871,General Health
5060215551952,First Aid
8714100597347,General Health
5010441073162,First Aid
5031413903294,Beauty
5050895067362,Beauty
3574660709599,Digestive
5014749160395,Hair Care
5060120162144,Home & Household
5012334001160,Beauty
3014260807214,Oral Care
8809626560118,Skincare
5900998006754,Skincare
5013692256285,Beauty
5031413953145,First Aid
0032251158742,General Health
5024071270167,Pain Relief
5014749125561,General Health
4054596748293,First Aid
5050895113946,Oral Care
8716900559266,Baby & Child
8006540603802,Hair Care
5012251011860,Skincare
5050895242530,General Health
5024071210255,Pain Relief
5038581113913,Beauty
5012251012294,Skincare
5026445000462,Beauty
5023674201417,Skincare
8710908422683,Beauty
5014107164843,General Health
5010232967472,Sexual Wellness
5012334005786,Men's Grooming
5025135118579,Skincare
3616302970254,Beauty
5025903023159,Skincare
8901030005015,Beauty
0079181911375,General Health
4015400205166,Women's Health
5014749124342,Supports & Braces
8710908678615,Beauty
96083482,Beauty
5011597002228,General Health
5020535002503,Skincare
5038581131467,Beauty
5014749181789,Beauty
5050895089128,General Health
5060372800009,Skincare
5014749124304,Supports & Braces
5014749181765,Skincare
5037200107883,Skincare
5017353503558,Vitamins
5030104005064,Cold & Flu
5000167056556,Pain Relief
5026445002473,Men's Health
0033000005980,Beauty
5060120163219,Baby & Child
6001067022558,Oral Care
5000453123085,Vitamins
5038581131504,Beauty
96043509,General Health
8000700000005,Skincare
5060013941023,Pain Relief
8809626560217,Skincare
5011417569566,Skincare
5012251010436,General Health
5012334003768,Beauty
5028270000372,First Aid
4027800571109,Men's Grooming
4030300573016,Cold & Flu
5060191553346,General Health
5026445003135,Beauty
8852961012422,Sexual Wellness
5056170343497,Hair Care
5038581113944,Beauty
5060480201125,Oral Care
5011417554890,Beauty
5025135118944,Skincare
5010441014271,Vitamins
5010441073247,First Aid
5054563023841,Oral Care
5025903021872,First Aid
50173686,Oral Care
5010441072967,First Aid
4015600222529,Hair Care
5025903022428,First Aid
5028763011885,Oral Care
5050895015424,Beauty
5034660508021,Baby & Child
59085713,Beauty
5024071260038,Pain Relief
50398447,General Health
5050895213332,Beauty
8712561548953,Beauty
5020535019457,Skincare
8693495033770,Beauty
87342789,General Health
5391533382653,Oral Care
5037741980006,Beauty
5038581109244,Beauty
5060130449709,Beauty
5029053582757,Beauty
5060087362854,Testing & Monitoring
5010441000281,Pain Relief
8693495034180,Beauty
8710908471667,Skincare
5010455063135,Baby & Child
8809430537399,General Health
5010994819682,Oral Care
5030104004944,Cold & Flu
5028270000358,First Aid
5060013943454,Pain Relief
5025135119071,Skincare
8693495034111,Beauty
8710908541926,Beauty
5050895242677,Hair Care
5060202711277,Beauty
5038581113975,Beauty
0079181911337,General Health
0079400204752,Hair Care
5014107164096,Women's Health
0079181911122,General Health
0079181911139,General Health
5010058057326,First Aid
87111842,Vitamins
0079181910934,General Health
5014749180270,Beauty
50696925,Baby & Child
5026445000141,Beauty
5010441000267,Pain Relief
5038581139944,Beauty
5030104004920,Cold & Flu
5038581139920,Beauty
40111377,General Health
3600541978508,Hair Care
3600541978454,Hair Care
0079181910620,General Health
3086125705027,Men's Grooming
7622210412539,Baby & Child
5012008734202,Women's Health
8714789700052,Beauty
5017289002545,Beauty
5038581126616,Beauty
5010441012864,First Aid
5038581131474,Beauty
5019091500462,First Aid
5407007650477,Men's Grooming
8001090122353,Women's Health
0079400263360,Hair Care
5038581139937,Beauty
5038581109428,Beauty
5038581126647,Beauty
5010455063142,Baby & Child
5013748091631,First Aid
8412497486076,General Health
5013748091600,First Aid
8006540084199,Hair Care
5014749816070,Hair Care
76111570,Vitamins
50985098,General Health
5011597001634,Baby & Child
5034660508038,Baby & Child
5011597001627,Oral Care
0309973103061,Beauty
5050895239479,Beauty
50658053,General Health
40099361,Oral Care
5017353502889,Pain Relief
50159086,General Health
5010441030998,Pain Relief
5029115011126,First Aid
5014749180775,Beauty
5391533383094,General Health
5031413921861,Skincare
5031413921915,Skincare
8001841559094,Skincare
5050895242103,General Health
5014749830915,General Health
50375301,General Health
5060130443196,Vitamins
5011842112030,Vitamins
5010441000083,Prescription Medicines
8720181222467,Skincare
0894147000821,Sexual Wellness
5036631008110,Prescription Medicines
4042809016963,Supports & Braces
8006540893524,Oral Care
0878941003073,Vitamins
8809598455320,Skincare
7317400026084,Oral Care
8435465324149,Sexual Wellness
5050375119666,Skincare
5012583211860,Hair Care
3574660239010,General Health
5010441016350,General Health
4001638579926,Beauty
5011417890431,Digestive
3282770209402,Skincare
5060391848174,Beauty
0782126003041,General Health
5034511010789,Skincare
0658556010754,Vitamins
5037200005370,Skincare
0708002400629,Hair Care
8001090036551,General Health
9314839010071,General Health
5000231039546,General Health
8711600368804,General Health
5017353504104,Vitamins
5060259570681,Vitamins
5031413932201,Skincare
3282770390766,Hair Care
4042809016727,Supports & Braces
7702018851294,General Health
5026445001605,Men's Grooming
8719134152616,Skincare
5011417568996,Cold & Flu
5010724538586,Hair Care
5709976245501,Vitamins
0071409542484,Beauty
5011309081817,Eye Care
4015400684534,Women's Health
8712561692533,Skincare
0850030689252,General Health
5060664500143,Vitamins
0878941004490,Vitamins
8886467064371,Beauty
8718951311688,Oral Care
0658556116593,General Health
5060120177179,General Health
0017854109421,General Health
5028763008175,Oral Care
4051895032290,Vitamins
5055757901563,Vitamins
5060203796310,Vitamins
4005808665273,Beauty
4000388563902,Skincare
5060133376415,Beauty
8001090700919,Baby & Child
3574661433790,Digestive
3662042009907,Eye Care
0672975192143,Skincare
5060571822154,Vitamins
8008970043081,Hair Care
5012583205623,Hair Care
4086000012003,Vitamins
5053944916291,General Health
8001841835853,Testing & Monitoring
8809598451506,Skincare
3600524077389,Skincare
4987072058558,General Health
4086000013529,Vitamins
4005808795697,Skincare
8720181270390,Beauty
5709976257207,Vitamins
5017978000067,Vitamins
50074457,Cold & Flu
5031413928600,Skincare
8700216250641,Beauty
5026445002923,Beauty
5010934004215,Women's Health
,Vitamins
0708002400124,Hair Care
9329401000244,Skincare
5056175973781,Oral Care
5051594006850,Baby & Child
3282770209396,Skincare
3701056800404,Cold & Flu
5054805042555,Skincare
5025452000830,Beauty
8720181468391,Beauty
5028763013742,Oral Care
5056175911752,Oral Care
5701943100110,Skincare
0708002400612,Hair Care
8886467064388,Beauty
42277347,Beauty
5016379291883,Pain Relief
5000158066809,Baby & Child
0850030689160,Vitamins
8005610642642,Hair Care
5055586607155,Hair Care
5012583200765,General Health
0782126003102,General Health
5060677906116,Skincare
5028763009455,Oral Care
5055757901310,Vitamins
3600524143060,Hair Care
0733739012838,Vitamins
5050375050167,First Aid
5056555200551,Hair Care
4717237017829,Supports & Braces
3574661653488,Baby & Child
5014697010711,Skincare
5025135000652,Skincare
5060104170714,Sexual Wellness
5000158069473,Eye Care
4042809016932,Supports & Braces
0071409542422,Skincare
0017854123045,Beauty
5015802278231,Beauty
5000347078828,Stop Smoking
5060342242297,Testing & Monitoring
8008970052847,Hair Care
7702018619696,Men's Grooming
8008970041698,Hair Care
3574660667790,Cold & Flu
5055757900122,General Health
4103040149640,Baby & Child
5056175904686,Oral Care
8710447309421,Skincare
5060201410102,Hair Care
8720181222535,Skincare
5010441013564,Vitamins
5000158069794,Baby & Child
5055757900139,General Health
8716900557774,General Health
5000158066793,Baby & Child
3600523388240,General Health
5015802286892,Beauty
5038581120645,First Aid
4084500015012,General Health
5054805042579,Skincare
8700216365611,Oral Care
3337875583626,Skincare
8720182783059,Beauty
5011309268416,Pain Relief
0714924022863,Skincare
4001638097499,Skincare
5037353004701,Skincare
8006540948262,Oral Care
3600540282835,Skincare
5060112865398,General Health
5000283652564,Vitamins
5012583200680,General Health
5060112865671,General Health
,Beauty
0708002400674,Beauty
0010181048029,Hair Care
5010123718855,Baby & Child
5055757971481,Skincare
5011091102547,Skincare
4086000010863,Vitamins
8809598450981,Skincare
5015802286847,Beauty
5015802289831,Beauty
,Vitamins
0714924022559,Skincare
4086000012164,Vitamins
5000158102330,Vitamins
0764302280019,Skincare
5011842113907,Vitamins
4005900543738,Beauty
5701943102831,Skincare
5060112865039,General Health
5012335113305,Vitamins
5038483844540,Supports & Braces
5037200101690,Skincare
5030104005187,Cold & Flu
5037353004862,Skincare
4717237011414,Supports & Braces
,General Health
5060464502521,Prescription Medicines
6936983111942,Digestive
3282770388336,Skincare
9343359000002,Sexual Wellness
5038581159089,Beauty
3574661652214,Baby & Child
4086000012133,Vitamins
5025452001820,General Health
9339341018711,General Health
4086000007078,Vitamins
8435465324194,Sexual Wellness
5055148412760,Vitamins
5900998004163,Skincare
4717237020270,Supports & Braces
4717237011407,Supports & Braces
5011417583210,Vitamins
5012008404600,Women's Health
5900998000349,Beauty
5060070320069,Skincare
5011842112184,Vitamins
5060112863356,General Health
0022600020394,General Health
5060259572265,Vitamins
7322542027752,Women's Health
4042809384482,Supports & Braces
3600540569394,Beauty
4210201387510,Oral Care
8720181222627,Skincare
60019424,Men's Health
8001841971414,Women's Health
5022545133031,Beauty
3600524084035,Hair Care
0768990037900,Vitamins
5056175911769,Oral Care
5015802289855,Beauty
4001638580342,Skincare
5010123639037,Cold & Flu
5011451103979,Skincare
0782126001009,Women's Health
8435465324071,Sexual Wellness
7702018465255,Men's Grooming
4005900036469,Beauty
0017854123847,Skincare
5011501080021,Pain Relief
4103040148711,Baby & Child
7613038562247,Baby & Child
0782126003140,Women's Health
5014697056979,Beauty
5025452001721,General Health
0305210043596,Skincare
5051594006829,Baby & Child
8006540737729,Skincare
3600522373278,General Health
5037353004695,Sexual Wellness
5035559026107,General Health
3600522373193,General Health
8809598450547,Skincare
4042809054132,First Aid
5036100015892,Skincare
8718951361270,Oral Care
4051895003764,Vitamins
5019091501193,Skincare
5037353004732,Sexual Wellness
5060201410119,Hair Care
5015802278293,Beauty
3401351625466,Beauty
5054563929174,Pain Relief
0810071800153,General Health
5025135120572,Skincare
8718951215689,Beauty
8006540687444,Vitamins
3574661401119,Oral Care
5060112861727,Skincare
5038581109886,Beauty
3433422404403,Skincare
3435172191039,General Health
5017007600961,Vitamins
5025364004759,Baby & Child
3574661366258,Cold & Flu
8006540584040,Women's Health
8710522939390,General Health
42299943,General Health
5016870225318,Testing & Monitoring
5038581158242,Beauty
0782126003003,Women's Health
5026445002183,Men's Grooming
5037353006439,Sexual Wellness
5031413930900,Skincare
5028763008786,Oral Care
0753950000292,Vitamins
5010724538562,Hair Care
5038581065908,Beauty
0708002401114,Hair Care
3574660542592,Oral Care
5701943053140,Skincare
5026445002190,Beauty
5017353502568,Pain Relief
4005808663798,Beauty
96195796,Women's Health
8718951528208,Beauty
8006540153895,Women's Health
8700216116619,Continence
5038581158334,Beauty
8005610642406,Hair Care
5060342240569,Testing & Monitoring
4001638530095,Beauty
0782126003546,General Health
0017854118454,Women's Health
7927340000428,Skincare
5015802278224,Beauty
5060259571602,Hair Care
9329401000510,Beauty
60019400,Men's Health
0753950000766,Vitamins
5745000836109,General Health
5028763008526,Oral Care
5060120177155,Beauty
8001841859149,Baby & Child
5029219000736,Hair Care
5038483844564,Supports & Braces
0733739001061,General Health
0017854113299,Women's Health
5060320560528,General Health
50093212,Vitamins
8001090989932,Oral Care
5060464500800,Vitamins
30106659,Skincare
5037353004718,Sexual Wellness
5030104005125,Cold & Flu
5010441013663,Vitamins
5011501016358,Pain Relief
0860004025207,Skincare
4051895003788,Vitamins
7614700034635,Skincare
0732068579975,General Health
5060217401897,Skincare
5060738578696,Baby & Child
96075463,Cold & Flu
5055148406257,Vitamins
5060903874585,Skincare
8716900573255,Vitamins
5017807003511,Baby & Child
5038581070582,Beauty
5055757900757,Skincare
5017353504760,Pain Relief
4051895000329,Vitamins
0782126003607,General Health
8006540409527,General Health
5038581149264,Beauty
5025903007722,Pain Relief
8700216480444,Cold & Flu
5000101508011,Skincare
5036631008042,Prescription Medicines
0000000017664,Supports & Braces
4086000009935,Vitamins
5060342241665,Testing & Monitoring
7350121256712,Oral Care
5028763009493,Oral Care
5029219000743,Hair Care
0658556116869,General Health
5017848253968,Cold & Flu
9340800011082,Skincare
9339341018285,Hair Care
4051895000336,Vitamins
9340800010955,Skincare
9340800011105,Skincare
5054563059918,Skincare
50601486,General Health
5060999810795,Skincare
8700216433242,Vitamins
5054563947253,Cold & Flu
5026445000714,Beauty
42231332,General Health
8718951248656,Skincare
5025135112713,Skincare
0733739047052,General Health
4987072014103,Pain Relief
4084500477452,General Health
5010724528990,Oral Care
3282770207774,Skincare
5037353004671,Sexual Wellness
5032483007295,Cold & Flu
,Vitamins
5702150144638,Vitamins
5031413919486,Skincare
4717237020256,Supports & Braces
8720181342318,Beauty
5017007601333,Baby & Child
50469178,Cold & Flu
5012335887503,Vitamins
5031413929102,Skincare
5014302000489,Baby & Child
5012616262241,Cold & Flu
5010441011423,Prescription Medicines
5021986000087,Cold & Flu
3331300098136,Baby & Child
8001841388724,Women's Health
9340800010276,Skincare
8006540827208,Baby & Child
0878941006715,Vitamins
5025903011491,Pain Relief
5011309011012,Cold & Flu
8710908777004,Skincare
5025452000755,General Health
0017000189192,General Health
4005808130573,Beauty
6973130251946,First Aid
4005808130078,Beauty
4086000005944,Vitamins
5053249231716,First Aid
5054563947277,Cold & Flu
4086000007054,Vitamins
5031413930368,Skincare
5030104005286,Cold & Flu
4051895012551,Vitamins
8008970041674,Hair Care
8718951425439,Beauty
8710908777769,Skincare
5060222471021,Beauty
9339341026754,Hair Care
8006540221501,Women's Health
3600542081207,Skincare
9326922000395,Beauty
3616301283454,Beauty
5012583205616,Hair Care
5060410574183,Skincare
5025970023250,Men's Health
8901030025464,Beauty
5060060213739,Beauty
8700216380775,Skincare
5025903007746,Pain Relief
5054563947178,Cold & Flu
3574660438307,Skincare
5054805042593,Beauty
5099186001708,General Health
9329401000541,Beauty
5000101077005,Skincare
5060112866142,Beauty
5060361080054,Eye Care
5034511010284,Skincare
5060104170653,Sexual Wellness
8001841053677,Women's Health
8886467064340,Beauty
5012583200819,Women's Health
4042809023121,First Aid
5025135113758,Skincare
5026445002961,Beauty
5010605211201,Sexual Wellness
4006000089584,Skincare
0605632155823,Skincare
7317400000824,Oral Care
8033087660159,Beauty
0658556116814,General Health
9326922000401,Beauty
8717163714942,Beauty
8435465325252,Sexual Wellness
5060464503702,Vitamins
3600524027087,Vitamins
5015802291728,Beauty
5051594006805,Baby & Child
5011842112023,Vitamins
4086000014052,Vitamins
5070000991245,General Health
4005900690500,Men's Health
7613036912549,Baby & Child
93499606,First Aid
8809416471396,Skincare
0017854113329,Women's Health
3574661385495,General Health
5060259570520,Vitamins
8809447254388,First Aid
50600212,Vitamins
3574661186962,Cold & Flu
5051562015402,Skincare
8809447253480,Skincare
4005900543745,Beauty
4086000016407,Vitamins
6973130251960,First Aid
4005808298174,Beauty
3600522107385,General Health
7702018943609,Men's Grooming
5031413928662,Skincare
5029053575650,Beauty
5060209111230,Beauty
5055028387546,Hair Care
8710447244661,Beauty
5000347078248,Stop Smoking
5011309885019,Skincare
5000167046199,Pain Relief
4987072028568,General Health
5054805042067,Hair Care
5010605240072,Vitamins
5054563216458,Oral Care
5060203796235,Vitamins
5055757900078,General Health
5017978104604,Vitamins
5038581158341,Beauty
5037353004275,Skincare
5391531562125,Baby & Child
5013803999186,Vitamins
5060519148179,Vitamins
5060112866166,Hair Care
5000158063457,Digestive
5012583204879,Hair Care
5010058057531,First Aid
5028763009387,Oral Care
5038581106953,Beauty
5060464503689,Vitamins
,Pain Relief
8720182482129,Beauty
4042809023275,First Aid
3337875597326,Skincare
50160150,General Health
60019196,Men's Health
8712561737142,Beauty
5016379291937,Pain Relief
5060428970007,Vitamins
5060148523675,Vitamins
5060084170339,General Health
3574661653402,Baby & Child
5025903024026,Vitamins
5025452000762,Beauty
0658556116661,General Health
5012616262227,Cold & Flu
5060342242327,Testing & Monitoring
3574660455052,Oral Care
8850169047024,Beauty
8436581946284,Beauty
4064666302942,Hair Care
0731124402899,Pain Relief
4042809023336,First Aid
5028763009516,Oral Care
8716900580109,Vitamins
5011417573259,Pain Relief
5034268004291,Digestive
0814784027241,Vitamins
5038581038957,Beauty
7702018607402,Skincare
4717237011391,Supports & Braces
5701943102862,Skincare
4086000014069,Vitamins
5038581136578,Beauty
5011309163612,Skincare
0714924022658,Skincare
3600524030117,Vitamins
8001090899071,Women's Health
4051895005508,Vitamins
4005808407507,Skincare
5060112863363,General Health
4005808159802,General Health
5054805042999,Hair Care
3600522248798,General Health
5055148412296,Vitamins
5060903873861,General Health
4042809384024,Supports & Braces
3282770145250,Hair Care
5060320560016,General Health
0017854123854,Beauty
5055757978565,Skincare
0708002400735,Beauty
5026445002947,Beauty
3282770153187,Skincare
8427324893682,Eye Care
8720181222603,Skincare
5060201410096,Hair Care
5015259007361,General Health
60022776,Men's Health
3574660622317,Digestive
5060259571626,Vitamins
3574661625386,Skincare
0708002400711,Hair Care
8809416470726,Skincare
8710847959417,Skincare
7610700001301,General Health
8710908777394,Skincare
5054805042975,Hair Care
4001638088459,Skincare
4005900372444,Beauty
5700002148896,General Health
5055148406868,Vitamins
0602573665466,Skincare
4015400684428,Women's Health
5000174990287,Hair Care
5011309019018,Skincare
5010724532980,Hair Care
5025970802183,Skincare
7350121256095,Oral Care
5054563129338,Oral Care
0782126009005,Women's Health
5701943102947,Skincare
5060112865770,General Health
5000283659884,Eye Care
8435465324064,Sexual Wellness
5000309006463,Pain Relief
5010123725099,Baby & Child
5028763010536,Oral Care
8714789726250,Oral Care
8720182036551,Beauty
5060342241795,Testing & Monitoring
4086000007061,Vitamins
5060464500206,Pain Relief
5037353000574,Skincare
5060123414578,Testing & Monitoring
3574661200019,Skincare
8435465324132,Sexual Wellness
5012616174001,Prescription Medicines
3337875757669,Skincare
5055757931973,Skincare
0733739033444,Supports & Braces
4086000016667,Vitamins
4086000009973,Vitamins
4048882620677,Skincare
5054563947208,Cold & Flu
5000174990331,Hair Care
8435465324088,Sexual Wellness
5010724538883,Oral Care
5025452001349,General Health
3086125705126,Men's Grooming
9329401000534,Beauty
7350121256200,Oral Care
5011842110326,Vitamins
4005900036490,Beauty
5054805045990,Hair Care
5056175900756,Oral Care
3600522215172,Hair Care
5029219000750,Hair Care
8001841795584,General Health
8720182385642,Hair Care
4015400725176,Women's Health
5037353004770,Sexual Wellness
5701943102848,Skincare
42182658,General Health
5000158071018,Digestive
4015600300814,Testing & Monitoring
0309979596690,General Health
8720181466427,Beauty
5060209111209,Beauty
4987072011157,General Health
8435465325214,Sexual Wellness
8001841385792,Women's Health
5054563048950,Oral Care
5027314505668,Baby & Child
5060112864827,General Health
5015802286854,Beauty
0309970038885,General Health
3401351277450,Pain Relief
4051895002781,Vitamins
5037353005609,Sexual Wellness
5011091101571,Skincare
5055186409999,First Aid
5056555200094,Vitamins
5745000836086,General Health
4210201427315,Oral Care
8720182585219,Beauty
5031413932232,Skincare
0658556116845,General Health
8720182567574,Beauty
8718951396104,Oral Care
9335955005758,Hair Care
8716900570070,General Health
96138342,Women's Health
8901526537716,Hair Care
5702150145147,Vitamins
5060337729765,General Health
5026445002756,Hair Care
5012616266416,Vitamins
5015802291742,Beauty
5038581091396,Beauty
5038483844311,Supports & Braces
5060342242365,Testing & Monitoring
5038483844625,Supports & Braces
5031413935752,Skincare
5060112861734,Vitamins
5036631008547,Prescription Medicines
5011784003861,Hair Care
5055757978558,Skincare
4015400725114,Women's Health
3614227348813,Hair Care
5037353004282,Skincare
5038483844939,Supports & Braces
0782126003126,Women's Health
5012008593205,Beauty
0658556116685,General Health
5037353005562,Sexual Wellness
8714789732916,Beauty
5015802278323,Beauty
8435465325238,Skincare
5000488303247,Vitamins
5037353004930,Sexual Wellness
0047701500231,General Health
5028763009363,Oral Care
5060216564746,Vitamins
4005805245997,Skincare
5060203796297,Vitamins
5000347078217,Stop Smoking
0017854118102,Beauty
8006540742822,Oral Care
4042809016819,Supports & Braces
4005900690517,Men's Health
5391531760606,Skincare
5060337727563,Hair Care
3574660711110,Stop Smoking
5000453123139,Vitamins
4042809384062,Supports & Braces
5060112861789,Skincare
0085805557355,Skincare
0714924022610,Skincare
4005900247315,Beauty
5055193546335,General Health
3600521601846,First Aid
5038483844649,Supports & Braces
8716900581748,Vitamins
42299868,General Health
5031413935332,Skincare
5027599900028,Skincare
5011842193503,Cold & Flu
7702018852475,General Health
8809598450912,Skincare
5060251740051,Skincare
5000488109757,Baby & Child
4103040147738,Baby & Child
8710447275405,Skincare
5037353005586,Sexual Wellness
5012583208280,Hair Care
5060112865916,Skincare
5028763013889,Oral Care
5060025370026,General Health
3574660436174,Stop Smoking
5056235400769,Skincare
3600524026967,Vitamins
3574660649901,Oral Care
5053249211572,General Health
4042809016871,Supports & Braces
0782126002020,Women's Health
9343359000040,Sexual Wellness
3337875816847,Skincare
5054563105981,General Health
4001638580267,Skincare
6009603360195,Vitamins
8718053572949,Skincare
5060201410126,Hair Care
5391531760644,Skincare
5028763004429,Oral Care
8710847959318,Skincare
5000124438401,General Health
5060216564937,Vitamins
7927340000350,Skincare
3337872412516,Skincare
0850030689030,General Health
5015802278248,Beauty
5029053530499,Skincare
60024633,Women's Health
5055757901303,General Health
9329401000527,Beauty
5430000087032,General Health
0782126002006,Women's Health
5060259571190,Vitamins
5014958075008,Prescription Medicines
4042809023305,First Aid
8716900580765,General Health
5038483844519,Supports & Braces
42299912,General Health
8719134161151,Skincare
5031413929430,Skincare
60019394,Women's Health
5011417589236,Prescription Medicines
0658556116821,General Health
3600524123048,Skincare
0010181048012,Hair Care
60019417,Men's Health
8006540403921,Women's Health
87343052,General Health
8712400800570,Baby & Child
5060112866180,Skincare
5060112865145,General Health
0733739026446,General Health
0708002407611,Hair Care
4086000007030,Vitamins
5026445002732,Hair Care
0878941000256,Vitamins
3574660413052,Stop Smoking
4001638500210,Skincare
8006540352052,Continence
5060599187143,General Health
3660176502851,Hair Care
5028763009370,Oral Care
5060018881119,General Health
5000347078224,Stop Smoking
0714924022955,Skincare
5025970010946,General Health
0782126003508,General Health
5011501001873,Pain Relief
7350121255975,Oral Care
4987072051771,General Health
5060203790868,Vitamins
3282770393620,Skincare
5012251885256,Oral Care
8710447217054,Beauty
9317129041908,Skincare
0658556116760,Skincare
5050375083608,Skincare
5015802278330,Beauty
5060133373629,Vitamins
5000174990164,Hair Care
8006540697474,Women's Health
8716900581588,Vitamins
5701943100882,Skincare
5031413929126,Skincare
5038483844953,Supports & Braces
5038581120683,Beauty
0782126203137,General Health
0873024001502,General Health
5012616174803,Beauty
5060342242334,Testing & Monitoring
8719134149586,Skincare
5054563064820,Beauty
5055757978626,Skincare
3574660038408,General Health
0083000260445,General Health
5032483001958,Beauty
5011417556252,General Health
5010441008133,Vitamins
0708002405914,Hair Care
5000347029523,Stop Smoking
5060022303935,Beauty
9340800011136,Skincare
4086000005951,Vitamins
40111568,General Health
8720181174599,Beauty
8886467064364,Beauty
5010441075418,General Health
5060112865886,Skincare
5025452000588,Beauty
5028763014923,Oral Care
4042809016758,Supports & Braces
5038483186053,First Aid
5391531760378,Vitamins
5055566994039,Oral Care
5022545151479,General Health
4084500477537,General Health
5055757978640,General Health
8718951265837,Oral Care
3600542052788,Skincare
9317129041816,Skincare
5000488108446,Skincare
3435172181061,General Health
0878941001109,Vitamins
8006540731055,Oral Care
5054563060471,Vitamins
5038581161884,Beauty
0013964415551,Skincare
5060410574084,Skincare
8006540818862,Beauty
0501261625990,General Health
4005900604965,Skincare
0091037510617,Skincare
8710847963476,Skincare
3600524077426,Skincare
8720182655691,Beauty
0850030689269,Vitamins
5000309006609,General Health
5022545151417,General Health
5051389044876,General Health
5037200054712,Skincare
3282770147605,Hair Care
4005900690531,Men's Health
4717095030114,Testing & Monitoring
0724742008345,Skincare
4005900257062,Beauty
5015802291650,General Health
5060112865787,General Health
5038581094304,Skincare
8809598454651,Skincare
5060426158377,Beauty
5051594006836,Baby & Child
5060738578719,Baby & Child
5060322952147,Beauty
4086000015868,Vitamins
4051895008721,Vitamins
0083000262562,General Health
50184262,Vitamins
0810100921644,Vitamins
5031413933437,Skincare
5010441002773,Women's Health
5031413929782,Skincare
0658556116777,Skincare
8717163702444,Beauty
5028763012233,Oral Care
5060112865244,Skincare
8001090705716,Women's Health
5028763012493,Oral Care
5037353000543,Skincare
,Weight Management
5013455250307,Skincare
8700216487009,Cold & Flu
3600524081713,Vitamins
3574660569834,Skincare
5028763004382,Oral Care
0000000420112,Supports & Braces
0000000078856,Supports & Braces
8809598454637,Skincare
0731124402905,Pain Relief
8435465324040,Sexual Wellness
0000009416611,Beauty
5060284540000,Vitamins
5745000836093,General Health
8718951431874,General Health
60024626,Women's Health
7613036938259,Baby & Child
5015259005138,Supports & Braces
8720181295546,Beauty
3433422408159,Skincare
,Vitamins
5038581130118,Beauty
5038483844762,Supports & Braces
8001841489704,Oral Care
5038581112848,Beauty
8809416470047,Skincare
7350121256019,Oral Care
4051895015606,Vitamins
4024787430191,Skincare
5060087367477,Beauty
3433422404397,Skincare
3661103003441,Pet Care
5060342242396,Testing & Monitoring
5025970100135,Skincare
5025452000731,Beauty
5012583207214,Skincare
5055148405861,Vitamins
0782126200150,Sexual Wellness
5051594001954,Baby & Child
7613035779013,Baby & Child
5060222940329,General Health
0733739014405,Vitamins
5028763014978,Oral Care
5028763009349,Oral Care
5038483844632,Supports & Braces
0017854103153,Beauty
5054563916556,Prescription Medicines
5010441003404,First Aid
4005900661364,Skincare
8716900559396,General Health
8809598454644,Skincare
0850030689108,General Health
5060216564739,Vitamins
8006540451991,Women's Health
5014749180751,Oral Care
5050375041219,General Health
5054563118936,Oral Care
4005900783103,Beauty
5060464500213,Pain Relief
5025970023397,Skincare
0878941000140,Vitamins
8006540463437,Oral Care
5028763009295,Oral Care
0782126003072,Women's Health
5025970011240,Beauty
8006540588499,Women's Health
8720182783097,Beauty
5050375040731,General Health
0782126008008,Women's Health
5060259571374,Vitamins
0873024001403,General Health
3600524162740,Hair Care
8700216305570,Cold & Flu
5060070320052,Skincare
8001841543710,Continence
7640110709023,General Health
3574661287201,Skincare
4086000007085,Vitamins
8886467064357,Beauty
8006540088869,Hair Care
4086000007009,Vitamins
3701056803696,General Health
5022339634010,General Health
5025135121135,Skincare
5000158100527,Cold & Flu
3574661577531,Baby & Child
8700216452670,Beauty
0083000006401,General Health
5038581065922,Beauty
9340800011327,Skincare
30070349,Skincare
8001090130761,Oral Care
5028763013766,Oral Care
0810020174038,General Health
8720181222610,Beauty
0814784027227,Vitamins
5060259570018,Vitamins
5055757900412,Hair Care
5702150144461,Vitamins
5010441012475,Pain Relief
5037353005678,Sexual Wellness
8008970048703,Hair Care
5060410574220,Skincare
5000477727191,Vitamins
5060112864797,General Health
5035883000132,Cold & Flu
5054563060426,Vitamins
0000000022163,Supports & Braces
8006540827291,Baby & Child
50096725,Men's Health
9329401000565,Beauty
5037353004749,Skincare
5028763014381,Oral Care
5000128785938,Beauty
4001638080262,Skincare
5055757904397,Skincare
5038483844946,Supports & Braces
5060464502538,Prescription Medicines
0873024001427,General Health
3574661731247,Cold & Flu
3401546259902,Pain Relief
7630486401461,General Health
9329401000268,Skincare
5055148406318,Vitamins
5038581063645,Beauty
5000174163049,Skincare
5060284540987,Vitamins
5060391848013,Beauty
3600523882366,Hair Care
8809447254609,Skincare
5012583205906,Women's Health
0017854123021,Beauty
0708002410727,Hair Care
60024640,Women's Health
4005900495211,Beauty
5032331016264,Testing & Monitoring
7702018263844,General Health
5015802278286,Beauty
3401545057837,Beauty
5060251740068,Skincare
5015802286878,Beauty
5055757900207,General Health
0782126003287,General Health
5070000991221,Vitamins
7702018464692,Men's Grooming
5053249227641,Skincare
8720182781741,Beauty
5015802289848,Beauty
5055757971498,Skincare
8809598456242,Skincare
0878941002113,Vitamins
5056555200100,Digestive
5012509062163,Vitamins
5022545143757,Beauty
7322541056708,Continence
4086000011631,Vitamins
5012583002734,Hair Care
5017007603672,Skincare
5010724528105,Hair Care
5060342241641,Testing & Monitoring
8714789652498,Oral Care
5000158102545,Pain Relief
5060216565781,Vitamins
5025135119965,Skincare
5028763008182,Oral Care
0731124402912,Pain Relief
0714924022566,Skincare
5010724532553,General Health
5010724538579,Hair Care
7322541130934,Continence
5037353004343,Skincare
5707725100316,Hair Care
0708002306280,Hair Care
8710447474419,Skincare
60024657,Men's Health
4015400623496,Baby & Child
5060112865909,Skincare
0708002401121,Hair Care
5060342241658,Testing & Monitoring
5038581091280,Beauty
5017353505828,Women's Health
0782126200112,Baby & Child
60023841,Women's Health
0894147000418,Sexual Wellness
5028763007871,Oral Care
0782126003119,General Health
5060060213722,Beauty
5060022303645,Hair Care
,Pain Relief
8886467039997,Skincare
5031413929461,Skincare
3600523494026,Hair Care
5060519147431,Vitamins
4042809054224,First Aid
5028763014626,Oral Care
5015802291339,Beauty
5015802278309,Beauty
4005808230679,Beauty
8809598455801,Skincare
4064665099478,Beauty
5015802291346,Beauty
5060519148476,Vitamins
5031413930429,Skincare
5055757900405,Baby & Child
5025970803241,Skincare
5054563083623,General Health
5025135120985,Hair Care
5000283662594,Beauty
5019686004252,Skincare
8720181637292,Beauty
5017634119003,Oral Care
5025903011484,Pain Relief
5011842110210,Supports & Braces
5019091501209,Skincare
0658556116852,General Health
4086000010153,Vitamins
3600524076719,General Health
7702018980901,Men's Grooming
5000347078804,Stop Smoking
7611916124877,Beauty
4064665092905,Beauty
5015802291605,Beauty
0658556116715,General Health
4006000037455,Skincare
5025452001905,Beauty
5011417566497,Eye Care
0658556116722,General Health
0814784026794,Vitamins
0085805255350,General Health
0609132555435,General Health
5012583205609,Hair Care
5017848249237,Skincare
5060251740402,Skincare
7350121256057,Oral Care
5010058079120,First Aid
3337872414145,Skincare
3600524139728,Hair Care
5010612808562,Skincare
5900998000325,Beauty
5060112865084,General Health
3600522626060,General Health
5038483844526,Supports & Braces
5017353506481,Vitamins
0814784026817,Vitamins
0017854120365,Beauty
5038483844779,Supports & Braces
5000488303230,Vitamins
5060112866029,Pain Relief
5030104005026,Cold & Flu
3600524142438,Hair Care
4064665099454,Beauty
4042809222708,Supports & Braces
4086000016643,Vitamins
5056175911776,Oral Care
3600542453110,Skincare
0500012443975,General Health
5012583200741,General Health
5025970009377,General Health
8435465323838,Sexual Wellness
5025903006022,Pain Relief
5055148409265,Vitamins
5010724532522,Hair Care
5000309006470,General Health
3337872411991,Skincare
8001841804255,Testing & Monitoring
5028763014299,Oral Care
5410076930425,Hair Care
5000167056518,Pain Relief
3574661730783,Baby & Child
5038527002158,Hair Care
4042809016901,Supports & Braces
5060342240156,Testing & Monitoring
5055757900450,Vitamins
8809598454668,Skincare
3600524162634,Hair Care
5015802278217,Beauty
5060149820094,General Health
5028763012707,Oral Care
8711700887922,Skincare
3600523329847,Skincare
5031413928570,Skincare
0000000020244,Supports & Braces
0878941000058,Vitamins
4042809016697,Supports & Braces
4086000013543,Vitamins
5038483844557,Supports & Braces
5013692266499,Beauty
8809598452336,Skincare
5017353503190,Pain Relief
3337875586269,Skincare
5060123602128,Skincare
5011501040100,Pain Relief
3337875583589,Skincare
3337875876940,Skincare
5025452000489,Beauty
5012583200789,General Health
3616303795269,Beauty
0008718951232,Oral Care
5015802291629,Beauty
8001090899132,Women's Health
4084500400122,Hair Care
8006540827321,Baby & Child
5028763010130,Oral Care
0634158743412,Vitamins
3282770102734,Skincare
5037353004725,Skincare
8886467049514,Skincare
5010441204054,Digestive
5012583203209,Hair Care
8001090111661,Continence
5055757935476,Skincare
0022796977526,Hair Care
3616301283447,Beauty
5015802286861,Beauty
3600522506935,Hair Care
0091037310439,Skincare
5059001507662,Beauty
5701943102855,Skincare
8719134153903,Skincare
0634158743436,Vitamins
5010724539675,Hair Care
5702150146090,Vitamins
4042809222487,Supports & Braces
3616303795245,Beauty
4051895002101,Vitamins
5000158106185,Cold & Flu
5060112865640,General Health
5055757978602,Skincare
5051562032102,Pain Relief
5052197021288,Supports & Braces
3600542449656,Skincare
5012674043035,Hair Care
5015802278279,Beauty
5027314498977,Vitamins
8006540815885,Baby & Child
5013692270298,Skincare
4005900690494,Men's Health
8001090733757,Women's Health
5031413932027,Skincare
8594739305441,Weight Management
5025135121210,Skincare
0810100921637,Vitamins
5038581112909,Beauty
5011842110401,Vitamins
0782126003034,General Health
5025135120824,Skincare
5015802291636,General Health
5011417809730,Cold & Flu
2112345678900,Prescription Medicines
8717163676721,Beauty
53992741,Baby & Child
5060112861772,Skincare
5060201410089,Hair Care
8718951540101,Skincare
4086000007023,Vitamins
8435465325221,Sexual Wellness
8710522428320,Beauty
4005808780556,General Health
7350121254114,Oral Care
8886467000799,Beauty
3701056802231,Cold & Flu
3337875763790,Skincare
,Hair Care
96201107,Vitamins
8640778498498,Pain Relief
3401546259551,General Health
6973130251908,First Aid
0017854123830,Beauty
3282770204971,General Health
0878941000195,Vitamins
5000101504952,Skincare
0017854123076,Beauty
5025452000564,Beauty
5060022303621,Hair Care
5050375071810,Vitamins
5000309007002,Pain Relief
5000158063044,Digestive
5060342242303,Testing & Monitoring
5011784003908,Women's Health
3337875837804,Skincare
5000347082146,Stop Smoking
5035883004314,General Health
8716900582561,Vitamins
5000123103126,Prescription Medicines
7791940020113,General Health
5014302000212,Vitamins
5060216564968,Vitamins
5012254066942,Beauty
5010441014721,General Health
5010441014318,First Aid
5012251012898,Skincare
0017854118942,Beauty
5013692268936,Baby & Child
5037353004756,Sexual Wellness
8809416470559,Skincare
40060729,Skincare
96201695,Vitamins
5060112863349,General Health
5011501040018,Pain Relief
7613287212542,General Health
4086000006996,Vitamins
4001638095136,General Health
5011417581599,Digestive
4005808944811,Men's Grooming
3574660455076,Oral Care
5012335792104,Vitamins
0000000017558,Supports & Braces
8710847959219,Skincare
5029053573281,General Health
5012583204312,Women's Health
5012616170409,First Aid
8008970057972,Hair Care
4210201427254,Oral Care
9340800011044,Skincare
5029053569239,Baby & Child
5000174163018,Skincare
8886467000782,Beauty
8718951217003,Beauty
5027314502629,Vitamins
5000477726194,Vitamins
4086000012157,Vitamins
4086000016650,Vitamins
5050375011380,First Aid
5010724532539,General Health
,Skincare
0000000017695,Supports & Braces
8720181342325,Beauty
4210201324980,Oral Care
5060361080382,Eye Care
4001638500234,General Health
5011842110708,Vitamins
0085805242886,Women's Health
,Beauty
0071409542460,General Health
7610700626344,General Health
5055757916673,Skincare
4005900495204,Beauty
5029354015701,Oral Care
5055757978657,General Health
7613038484938,Baby & Child
5055757935421,Vitamins
5012583211303,Hair Care
5014107075200,Beauty
8809598455474,Skincare
5031413925968,Skincare
0071409542446,Skincare
5038581142487,Beauty
5060259571589,Vitamins
5055586607070,Hair Care
4005808685844,General Health
0878941003530,Vitamins
8720182299680,General Health
4001638500227,Skincare
8006540697412,Women's Health
8714789846668,Oral Care
4086000007948,Vitamins
4042809222524,Supports & Braces
5053249249384,First Aid
8809598454996,Skincare
8720181342295,Beauty
3600523610280,Hair Care
5055757931959,Skincare
4005900974563,Skincare
0017854113077,General Health
5037353004763,Skincare
5038581149455,Beauty
5026445002718,Hair Care
50184491,Vitamins
5017289002460,Baby & Child
8710908500404,Beauty
5015802278262,Beauty
5037200005387,Skincare
5037353004947,Sexual Wellness
5015802291353,Beauty
5037353004336,Skincare
5025903005810,Skincare
7640110708552,General Health
3574661098531,Skincare
0309978695400,General Health
4015400542933,Baby & Child
5012583207399,Hair Care
0782126003027,General Health
5060177241113,Skincare
3600524142827,Hair Care
0083000167904,Skincare
8809447253473,Skincare
0782126003096,Women's Health
5031413929812,Skincare
9340800011112,Skincare
5012583200864,General Health
5038483844748,Supports & Braces
5012583200758,Women's Health
5032483001927,Beauty
5012583205401,Beauty
7614700022595,General Health
5060464503184,Pain Relief
5036631004419,General Health
5060022300590,Hair Care
0083000262531,Cold & Flu
5015802289862,Beauty
3616300984994,Beauty
9314839010057,General Health
8006540827260,Baby & Child
0782126003409,Women's Health
8006540818824,Beauty
5033852400310,General Health
5033852400273,General Health
5060216564753,Vitamins
5035559026152,General Health
5054805042043,Hair Care
5015664002777,Vitamins
8718951030367,Oral Care
5000158069770,Baby & Child
3086123491113,Men's Grooming
5999554820330,Hair Care
3600524143077,General Health
