ean,name,regulation,price,vat,issue
,UpCircle Lip Balm with upcycled Hemp Seed Oil & Shea Butter 15ml,No regulation,9.99,0.2,missing EAN
5011842112030,Bassetts 12-18 Multivitamins Omega 3 30 Gummies,No regulation,,0.2,missing price
5010441000083,Numark Antihistamine 28 Tablets,P,,0.2,missing price
8720181222467,DOVE CARE NATURE 225ML S/GEL IN AVOCADO,No regulation,,0.2,missing price
0894147000821,Sliquid Organics Natural Gel Thick Lubricant-125ml,No regulation,,0.2,missing price
5036631008110,Forceval 90 Capsules,P,,0.2,missing price
4042809016963,WRIST BRACE R ACTIMOVE 7281950 EXLGE,No regulation,,0.2,missing price
8006540893524,Oral-B Refills C/Action Blk X-Filaments 4,No regulation,,0.2,missing price
0878941003073,Trace Mineral Liquid Ionic Iodine Drops,No regulation,,0.2,missing price
8809598455320,Cosrx - Pure Fit Cica Cream - Soothing Cream for Sensitive Skin - 50ml,No regulation,,0.2,missing price
7317400026084,TEPE ORTHO KIT (1),No regulation,,0.2,missing price
8435465324149,BTB Water Based Cool Feeling Lubricant 250ml,No regulation,,0.2,missing price
5050375119666,Masterplast 70g Heat Massage Cream,No regulation,,0.2,missing price
5012583211860,Got2B Volumania Hairspray 300ml,No regulation,,0.2,missing price
3574660239010,CAREFREE BREATHABLE ALOE LINERS 20,No regulation,,0.2,missing price
5010441016350,Numark Ultra Soft tissues 90 Pack,No regulation,,0.2,missing price
4001638579926,PomegranateRegeneratingBodyButterNEWQ4,No regulation,,0.2,missing price
5011417890431,Gaviscon Double Action Mixed 48 Tablets,GSL,,0.2,missing price
3282770209402,Avène Les Essentiels Revitalising Nourishing Cream 50ml,No regulation,,0.2,missing price
5060391848174,Dr. Organic Guava Glow Getter Gift Set3 Pack,No regulation,,0.2,missing price
0782126003041,Natracare Night Time Maxi Pads 10pc,No regulation,,0,missing price
5034511010789,Glow & Protect SPF30 + Self Tan NEW,No regulation,,0.2,missing price
0658556010754,Wild Nutrition Vegan Protein & Superfood Blend Protein Powder 350g,GSL,,0.2,missing price
5037200005370,OH K! SHEET MASK LAVENDER 10/24,No regulation,,0.2,missing price
0708002400629,Faith In Nature Jojoba Conditioner 400ml,No regulation,,0.2,missing price
8001090036551,Clearblue Visual Early Detection Test 2 Test,No regulation,,0.2,missing price
9314839010071,SunSense Kids 125ml,No regulation,,0.2,missing price
5000231039546,Brylcreem Tub Original Red 250ml,No regulation,,0.2,missing price
8711600368804,DOVE 400ML BODY MILK ESSENTIAL CARE,No regulation,,0.2,missing price
5017353504104,Galpharm Sleep Aid 50mg 20 Tablets,GSL,,0.2,missing price
5060259570681,Gold Collagen Artron Collagen Extreme,No regulation,,0.2,missing price
5031413932201,Face Facts Printed Eye Patches Recharge & Recover 2 pairs,No regulation,,0.2,missing price
3282770390766,Klorane Oat Milk Dry Shampoo With Ceramide-Tinted 150ml,No regulation,,0.2,missing price
4042809016727,WRIST BRACE L ACTIMOVE 7281944 MED,No regulation,,0.2,missing price
7702018851294,GILLETTE FUSION MANUAL BLADES (4S),No regulation,,0.2,missing price
5026445001605,"Rapport Black 100ml Edt Spray, 150ml Shower Gel, 100ml Aftershave Balm & Wash Bag set",No regulation,,0.2,missing price
8719134152616,Rituals Karma Body Mask 125ml,No regulation,,0.2,missing price
5011417568996,Strepsils Honey & Lemon Triple Act 24 Lozenges,GSL,,0.2,missing price
5010724538586,Batiste Leave-In Dry Conditioner 100ml Blush,No regulation,,0.2,missing price
5709976245501,Pharma Nord Bio-Pycnogenol 40mg 150 tabs,No regulation,,0.2,missing price
0071409542484,Mane 'n Tail Curls Day - Curl Refresher Spray 3.4oz,No regulation,,0.2,missing price
5011309081817,Brolene Eye Drops 0.5%,P,,0.2,missing price
4015400684534,Always Infinity Night Srp 10s,No regulation,,0,missing price
8712561692533,Vaseline Moisturiser Spray 190ml Aloe Soothe,No regulation,,0.2,missing price
0850030689252,Revive Liver - 120 vcaps,No regulation,,0.2,missing price
5060664500143,HuxQ10 100mg Co Enzyme Q10 Vegan Halal Kosher 30 soft capsules,No regulation,,0.2,missing price
0878941004490,Trace Mineral Keto Electrolyte Drops,No regulation,,0.2,missing price
8886467064371,Lux Soap 3x80g Aqua Sparkle,No regulation,,0.2,missing price
8718951311688,Colgate Smile for Good Whitening Eco Toothpaste 75ml,No regulation,,0.2,missing price
0658556116593,Botanicals For Life Agroecological Ashwagandha Extract 100ml,No regulation,,0.2,missing price
5060120177179,Serene Moments Relaxing Nights Set,No regulation,,0.2,missing price
0017854109421,B&H Royale Garden 2 Bottle Set 1,No regulation,,0.2,missing price
5028763008175,Wisdom Toothbrush Xtra Clean Medium Cdu 12,No regulation,,0.2,missing price
4051895032290,FRESUBIN JUCY STR PK VARIOUS FLAVOURS (6X200ML),No regulation,,0.2,missing price
5055757901563,Fushi Turmeric Juice 500ml,No regulation,,0.2,missing price
5060203796310,Terranova ResveraSol Resveratrol Complex (BioSNEDS) 100's (NEW PRODUCT),No regulation,,0.2,missing price
4005808665273,Nivea APD Spray 250ml Men Sensitive Protect,No regulation,,0.2,missing price
4000388563902,DOVE 400ML B/LOTION LIGHT HYDRO,No regulation,,0.2,missing price
5060133376415,Cl-ear Ear Spray 10ml,GSL,,0.2,missing price
8001090700919,Pampers baby dry pants size 4 23 Pack,No regulation,,0,missing price
3574661433790,Imodium 2mg 12 Capsules,GSL,,0.2,missing price
3662042009907,Blephaderm Eyelid & Eye Contour Cream 40ml,No regulation,,0.2,missing price
0672975192143,Mad Hippie Triple C Night Cream 60g,No regulation,,0.2,missing price
5060571822154,The Good Guru Vegan Collagen 60 Capsules,No regulation,,0.2,missing price
8008970043081,Wash & Go Shampoo 2 in 1 200ml Sport,No regulation,,0.2,missing price
5012583205623,LIVE Urban metallics U69 Amethyst chrome permanent hair dye,No regulation,,0.2,missing price
4086000012003,Fresubin Energy Protein Drink Tropical 4 x 200ml,No regulation,,0,missing price
5053944916291,COCOMELON LUNCH BOX SNACK POT,No regulation,,0.2,missing price
8001841835853,Clearblue Ultra Early Pregnancy Test 2ct,No regulation,,0.2,missing price
8809598451506,Cosrx - Pure fit Cica Serum - Soothing Serum for Sensitive Skin - 30ml,No regulation,,0.2,missing price
3600524077389,L'Oreal Hyaluron Expert Day SPF20 50ml,No regulation,,0.2,missing price
4987072058558,Hothands Foot Warmers 2 Pack,No regulation,,0.2,missing price
4086000013529,FRESUBIN 2KCAL FIBRE DRINK LEMON 4PACK (4X200ML),No regulation,,0.2,missing price
4005808795697,Nivea Shower Gel 250ml Coconut Cream,No regulation,,0.2,missing price
8720181270390,Radox Bath Sleep Aromatherapy Bath Soak 500ml,No regulation,,0.2,missing price
5709976257207,Pharma Nord Q10 Phyto Bio-Quinone - 100mg 60 caps,No regulation,,0.2,missing price
5017978000067,Probio 7 Asia Travel 20 Vegcaps,No regulation,,0.2,missing price
50074457,Snoreeze Nasal Spray 10ml,GSL,,0.2,missing price
5031413928600,Face Facts Multi-Purpose Balm Natural Nude 15ml,No regulation,,0.2,missing price
8700216250641,Pampers Harmonie Protect & Care Wipes 44s,No regulation,,0.2,missing price
5026445002923,Rapport Original 150ml Bath & Shower Gel & 150ml Body Spray Twin Set,No regulation,,0.2,missing price
5010934004215,VAGISIL EXTERNAL PROHYDRATE GEL (30G),No regulation,,0.2,missing price
,Veganin 30 Tablets,No regulation,,0.2,missing EAN; missing price
0708002400124,Faith In Nature Rosemary Conditioner 400ml,No regulation,,0.2,missing price
9329401000244,Pure Paw Paw 15g Ointment,No regulation,,0.2,missing price
5056175973781,Pristine Gleam Complete Dental Travel Set,No regulation,,0.2,missing price
5051594006850,Aptamil Milk Comfort From Birth 800g,No regulation,,0.2,missing price
3282770209396,Avène Les Essentiels Rich Revitalising Nourishing Cream 50ml,No regulation,,0.2,missing price
3701056800404,Puressentiel Respiratory Cough Syrup 125ml,No regulation,,0.2,missing price
5054805042555,Witch Refreshing gel cleanser 150ml,No regulation,,0.2,missing price
5025452000830,Salt of the Earth Ginger & Jasmine Deodorant Spray 100ml,No regulation,,0.2,missing price
8720181468391,Dove Body Wash 450ml Fruity Nourish,No regulation,,0.2,missing price
5028763013742,Wisdom Natural Elements Toothpaste 75ml,No regulation,,0.2,missing price
5056175911752,Pristine Gleam Floss Picks 75 Pack,No regulation,,0.2,missing price
5701943100110,Riemann P20 Original Sun Cream SPF20 200ml,No regulation,,0.2,missing price
0708002400612,Faith In Nature Jojoba Shampoo 400ml,No regulation,,0.2,missing price
8886467064388,Lux Soap 3x80g Bright Impress,No regulation,,0.2,missing price
42277347,Nivea Men Gift Set Cracker 3pk 31/05/24 (C),No regulation,,0.2,missing price
5016379291883,Ibuleve Max Strength Pain Relief 10% 50g,GSL,,0.2,missing price
5000158066809,Nurofen for Children Baby Orange 100ml,GSL,,0.2,missing price
0850030689160,Revive Turmeric+ - 120 vcaps,No regulation,,0.2,missing price
8005610642642,Wella Professional Invigo Shampoo Refresh Wash with Menthol 250ml,No regulation,,0.2,missing price
5055586607155,Eight Triple Eight Dead SeaMinerals Conditioner 1L,No regulation,,0.2,missing price
5012583200765,Right Guard APD 250ml Clean,No regulation,,0.2,missing price
0782126003102,Natracare Ultra Pads Long Wings 10pc,No regulation,,0,missing price
5060677906116,Starlytes Oil Burner Christmas & Tealight Set,No regulation,,0.2,missing price
5028763009455,WISDOM FRESH EFFECT WHITENING TOOTHPASTE (100ML),No regulation,,0.2,missing price
5055757901310,Fushi Vegan Collagen Builder 120caps,No regulation,,0.2,missing price
3600524143060,L'Oreal Elvive Nutrigloss Conditioner 200ml,No regulation,,0.2,missing price
0733739012838,NOW Foods Magnesium 180 vcaps,No regulation,,0.2,missing price
5050375050167,Masterplast Fabric Plasters Assorted 100pk,No regulation,,0.2,missing price
5056555200551,"Applied Nutrition Hair, Skin & Nails 30 Capsules",No regulation,,0.2,missing price
4717237017829,I-M Knee Support ES-701 Large,No regulation,,0.2,missing price
3574661653488,Aveeno Baby Dermexa Moist Wash 250ml,No regulation,,0.2,missing price
5014697010711,Witch SPF 15 Day Moisturiser,No regulation,,0.2,missing price
5025135000652,Tropics by Malibu SPF50 Anti-Aging Face Cream 40ml,No regulation,,0.2,missing price
5060104170714,YES Anal Water- Based Natural Personal Lubricant,No regulation,,0.2,missing price
5000158069473,Optrex Actimist 2in1 Eye Spray 10ml,GSL,,0.2,missing price
4042809016932,WRIST BRACE R ACTIMOVE 7281949 LGE,No regulation,,0.2,missing price
0071409542422,Mane 'n Tail Curls Day - Defining Cream 6.5oz,No regulation,,0.2,missing price
0017854123045,Baylis & Harding Goodness Sleep Goodnight Gift Set,No regulation,,0.2,missing price
5015802278231,MEDIUM CANDLE JAR DUVET DAYS,No regulation,,0.2,missing price
5000347078828,NIQUITIN STEP 2-7 DAY PK GSL 14MG (7S),No regulation,,0.2,missing price
5060342242297,GLUCORX AIDEX TRANSMITTER (1),No regulation,,0.2,missing price
8008970052847,Wash & Go Shampoo 400ml Anti Dandruff,No regulation,,0.2,missing price
7702018619696,Gillette Shave Gel 200ml Series Mens Cleansing Charcoal,No regulation,,0.2,missing price
8008970041698,Wash & Go Shampoo 2 in 1 200ml Classic,No regulation,,0.2,missing price
3574660667790,Sudafed Mucus Relief 16 Tablets,GSL,,0.2,missing price
5055757900122,Fushi Organic Ghee 230g,No regulation,,0,missing price
4103040149640,Sebamed Baby Shampoo 500ml,No regulation,,0.2,missing price
5056175904686,Pristine Gleam Universal Power Toothbrush Heads 2 Pack,No regulation,,0.2,missing price
8710447309421,SIMPLE 21ML SHEET MASK WATER BOOST,No regulation,,0.2,missing price
5060201410102,"Sugar Coated Bikini Hair Removal Kit with 200g Jar, 3 Applicators & 15 Reusable Strips",No regulation,,0.2,missing price
8720181222535,DOVE CARE NATURE 225ML S/GEL RE GOJI&CAM,No regulation,,0.2,missing price
5010441013564,Numark Vitamin D 60 Tablets,No regulation,,0.2,missing price
5000158069794,"Nurofen for Children Child Cold, Pain & Fever Strawberry Flavour 100ml",P,,0.2,missing price
5055757900139,Fushi Organic Ghee 420g,No regulation,,0,missing price
8716900557774,Nutricia Pre-Op Drink 4x200ml,No regulation,,0.2,missing price
5000158066793,Nurofen Baby Suspension Strawberry 100ml,GSL,,0.2,missing price
3600523388240,L'Oreal Magic Retouch 10 Golden Brown,No regulation,,0.2,missing price
5015802286892,LARGE CANDLE JAR PERFECT DAY,No regulation,,0.2,missing price
5038581120645,Yankee Candle Home Inspiration Cider Tasting 538g,No regulation,,0.2,missing price
4084500015012,HEAD&SHOULDERS 225ML 2IN1 S/POO CLASSIC,No regulation,,0.2,missing price
5054805042579,Witch Cleansing Witch Hazel Toner 150ml,No regulation,,0.2,missing price
8700216365611,Oral-B Pro Expert Deep Clean Flosstape 50m,No regulation,,0.2,missing price
3337875583626,La Roche Posay B5 Hyalu Serum 30ml,No regulation,,0.2,missing price
8720182783059,Lynx Duo Gift Set Epic Fresh (C),No regulation,,0.2,missing price
5011309268416,Care+ Ibuprofen 400mg 48 Tablets,P,,0.2,missing price
0714924022863,Jamaican Mango & Lime 118ml Black Castor Oil Argan,No regulation,,0.2,missing price
4001638097499,SeaBuckthornHandCream,No regulation,,0.2,missing price
5037353004701,Skins Super Slide Silicone Based 4.4 fl oz (130ml),No regulation,,0.2,missing price
8006540948262,Oral-B Toothpaste 123 Whitening 100ml,No regulation,,0.2,missing price
3600540282835,AMBRE SOLAIRE CLEAR PROTECT SPF30,No regulation,,0.2,missing price
5060112865398,Fushi Organic Red Ginseng 60caps,No regulation,,0.2,missing price
5000283652564,Fexofenadine 120mg 30 Tablets,GSL,,0.2,missing price
5012583200680,Right Guard APD 250ml Sport,No regulation,,0.2,missing price
5060112865671,Fushi Organic Triphala 60caps,No regulation,,0.2,missing price
,Bathroom Cleaner with Jasmine & Basil,No regulation,,0.2,missing EAN; missing price
0708002400674,Faith In Nature Jojoba Body Wash 400ml,No regulation,,0.2,missing price
0010181048029,Palmers Cocoa Butter Formula 400ml Length Retention Conditioner,No regulation,,0.2,missing price
5010123718855,CALPOL SACHETS S/FREE (5ML X 20),No regulation,,0.2,missing price
5055757971481,Fushi Organic Tamanu Oil 50ml,No regulation,,0.2,missing price
5011091102547,Oilatum Plus 500ml,GSL,,0.2,missing price
4086000010863,FRESUBIN 1500 COMPLETE (1.5L),No regulation,,0.2,missing price
8809598450981,COSRX - AC Collection Acne Patch - Healing Eczema Patches with Centella Asiatica Extract - 26pcs,No regulation,,0.2,missing price
5015802286847,MEDIUM CANDLE JAR SWEET MACAROONS,No regulation,,0.2,missing price
5015802289831,CANDLE GERANIUM PATCHOULI & VETIVERT,No regulation,,0.2,missing price
,N-Acetyl Cysteine (NAC) 600mg 60 Capsules,No regulation,,0.2,missing EAN; missing price
0714924022559,Jamaican Mango & Lime 118ml Black Castor Oil Original,No regulation,,0.2,missing price
4086000012164,FRESUBIN ENERGY FIBRE DRINK CHERRY 4PACK (4X200ML),No regulation,,0.2,missing price
5000158102330,Nuromol Tablets 12,GSL,,0.2,missing price
0764302280019,Shea Moisture Raw Shea Butter Lotion 384ml,No regulation,,0.2,missing price
5011842113907,Bassetts 12-18 Years Multivitamins 30 Gummies,No regulation,,0.2,missing price
4005900543738,Nivea Deo Spray 150ml Women Black & White Silky Smooth,No regulation,,0.2,missing price
5701943102831,Riemann P20 Original Sun Cream SPF 30 100ml,No regulation,,0.2,missing price
5060112865039,Fushi Organic Siberian Ginseng 60caps,No regulation,,0.2,missing price
5012335113305,Haliborange Calcium + Vitamin D Softies 30,No regulation,,0.2,missing price
5038483844540,SCHOLL SOFTGRIP C2 KNEE O/TOE NAT (SML),No regulation,,0.2,missing price
5037200101690,OH K! 20ML SHEET MASK CUCUMBER CALM AND COOLING,No regulation,,0.2,missing price
5030104005187,JAKEMANS PEPPERMINT (73G),No regulation,,0.2,missing price
5037353004862,Skins Aqua Water Based 4.4 fl oz (130ml),No regulation,,0.2,missing price
4717237011414,I-M Compression Knee Support with Stays Dynamic SS-709 X-Large,No regulation,,0.2,missing price
,Clarityn Allergy Syrup 60ml,No regulation,,0.2,missing EAN; missing price
5060464502521,Diphenhydramine 25mg 20 Pack,P,,0.2,missing price
6936983111942,2san bowel cancer rapid test 1pk,GSL,,0.2,missing price
3282770388336,Avène Tolerance Hydra-10 Moisturising Cream 40ml,No regulation,,0.2,missing price
9343359000002,Glyde Ultra Vegan Condoms 100 Bulk Pack,No regulation,,0.05,missing price
5038581159089,Yankee Candle Home 200g Pumpkin Candle,No regulation,,0.2,missing price
3574661652214,Aveeno Baby Soothing Relief Cream 150ml,No regulation,,0.2,missing price
4086000012133,Fresubin Energy Fibre Drink Banana 4 x 200ml,No regulation,,0,missing price
5025452001820,Salt of the Earth Deo Rollon - Vetiver & Citrus 75ml,No regulation,,0.2,missing price
9339341018711,Kevin Murphy Killer Curls Anti-Frizz Creme 200ml,No regulation,,0.2,missing price
4086000007078,FRESUBIN ENERGY FIBRE [EASYBAG] (500ML),No regulation,,0.2,missing price
8435465324194,BTB Water Based Lubricant 1000ml,No regulation,,0.2,missing price
5055148412760,Bio-Iron Complex (With Vitamin B12 & L-Lysine) 120 Tablets,No regulation,,0.2,missing price
5900998004163,Carex Handwash 250ml Moisture Plus,No regulation,,0.2,missing price
4717237020270,I-M Neoprene Padded Knee Support NS-702 X-Large,No regulation,,0.2,missing price
4717237011407,I-M Compression Knee Support with Stays Dynamic SS-709 Large,No regulation,,0.2,missing price
5011417583210,Nuromol 12 Tablets,GSL,,0.2,missing price
5012008404600,CUTICURA BAR SOAP 100G,No regulation,,0.2,missing price
5900998000349,Carex Handwash 250ml Sensitive,No regulation,,0.2,missing price
5060070320069,Nebuliser Paed Face Mask Set Ao3,No regulation,,0.2,missing price
5011842112184,Bassetts Adult Multivitamins 30 Gummies,No regulation,,0.2,missing price
5060112863356,Fushi Calmaid 60caps,No regulation,,0.2,missing price
0022600020394,Trojan Magnum Ribbed 12's,No regulation,,0.2,missing price
5060259572265,Gold Collagen Forte Ageless 10 x 50ml,No regulation,,0.2,missing price
7322542027752,Bodyform Ultra-Fit Normal Winged 14 Pack,No regulation,,0,missing price
4042809384482,ACTIMOVE WRIST WRAP 7341619 SM/MED,No regulation,,0.2,missing price
3600540569394,Garnier Ambre Solaire Bronze Body Mist 150ml,No regulation,,0.2,missing price
4210201387510,Oral-B Spider-Man Vitality Toothbrush 3+ 1,No regulation,,0.2,missing price
8720181222627,DOVE CARE NATURE 225ML S/GEL RES COCO&AL,No regulation,,0.2,missing price
60019424,Garnier Roll On 50ml For Men Sensitive (8x6),No regulation,,0.2,missing price
8001841971414,ALWAYS ULTRA LONG WINGS 12'S,No regulation,,0,missing price
5022545133031,Bathtime Buddies 150g Dino Bath Bomb,No regulation,,0.2,missing price
3600524084035,L'Oreal Elvive Full Resist (Aminexil) Brush Proof Cream (Push/Pull) 200ml,No regulation,,0.2,missing price
0768990037900,"Nordic Naturals Ultimate Omega, 1280mg Lemon (EAN 768990037900) - 180 Softgels",No regulation,,0.2,missing price
5056175911769,Pristine Gleam Denture Brush,No regulation,,0.2,missing price
5015802289855,CANDLE SANDALWOOD CARDAMOM & OUDWOOD,No regulation,,0.2,missing price
4001638580342,SkinFoodUltra-LightDryOil,No regulation,,0.2,missing price
5010123639037,Benylin Chesty Cough 300ml,P,,0.2,missing price
5011451103979,SIMPLE FACIAL CLEANSING WIPES 25'S 01/26,No regulation,,0.2,missing price
0782126001009,Natracare Organic Regular Digital Tampons 20pc,No regulation,,0,missing price
8435465324071,BTB Water Based Lubricant Chocolate 100ml,No regulation,,0.2,missing price
7702018465255,Gillette Shave Foam 250ml Fusion5 Sensitive Skin,No regulation,,0.2,missing price
4005900036469,Nivea APD Spray 250ml Women Black & White Invisible,No regulation,,0.2,missing price
0017854123847,"Baylis & Harding Goodness Awaken Lime, Mint & Eucalyptus Hand & Body Lotion 500ml",No regulation,,0.2,missing price
5011501080021,Deep Relief Ibuprofen Gel 50g,GSL,,0.2,missing price
4103040148711,Sebamed Baby Bubble Bath 500ml,No regulation,,0.2,missing price
7613038562247,SMA Anti-Reflux From Birth 800g,No regulation,,0.2,missing price
0782126003140,"Natracare Panty Liners - Long, Wrapped 16pc",No regulation,,0,missing price
5014697056979,Wrights Antibacterial handwash 250ml,No regulation,,0.2,missing price
5025452001721,Salt of the Earth Deo Rollon - Ocean Coconut 75ml,No regulation,,0.2,missing price
0305210043596,Vaseline Body Lotion 600ml Pump Calm Healing,No regulation,,0.2,missing price
5051594006829,Aptamil Milk 2 Follow On Milk 6-12 Mth 800g,No regulation,,0.2,missing price
8006540737729,"Olay Gift Set 3pc (50ml Day Cream, 50ml Night Cream & 15ml Night Eye Cream)",No regulation,,0.2,missing price
3600522373278,L'Oreal Men Expert Deo 150ml Shirt Protect,No regulation,,0.2,missing price
5037353004695,Skins Excite Water Based Lubricant 5ml foil,No regulation,,0.2,missing price
5035559026107,Endekay Daily Flouride Rinse 250ml,No regulation,,0.2,missing price
3600522373193,L'Oreal Men Expert Deo 250ml Shirt Protect,No regulation,,0.2,missing price
8809598450547,COSRX - AC Collection Calming Foam - Gentle Face Wash - 150ml,No regulation,,0.2,missing price
4042809054132,soffcrepe bandage 4.5m (10cm),No regulation,,0.2,missing price
5036100015892,Imuderm Emollient 500g,No regulation,,0.2,missing price
8718951361270,COLGATE TOOTHBRUSH COMPACT BLACK (1),No regulation,,0.2,missing price
4051895003764,FRESUBIN HP ENERGY FIBER DRINK (500ML),No regulation,,0.2,missing price
5019091501193,Revitale Body Wax Strips for Normal & Sensitive Skin 12 Pack,No regulation,,0.2,missing price
5037353004732,Skins Mango & Passion Fruit Water Based Lubricant 5ml foil,No regulation,,0.2,missing price
5060201410119,"Sugar Coated Facial Hair Removal Kit Lavender with 200g Jar, 3 Applicators & 15 Reusable Strips",No regulation,,0.2,missing price
5015802278293,LARGE CANDLE JAR GOLDEN HOUR,No regulation,,0.2,missing price
3401351625466,Puressentiel Purifying Air Spray 75ml,No regulation,,0.2,missing price
5054563929174,Voltarol Emulgel 100g,P,,0.2,missing price
0810071800153,Breathe Right Natural large 30 Pack,GSL,,0.2,missing price
5025135120572,Malibu Clear Protection Spray SPF50 200ml,No regulation,,0.2,missing price
8718951215689,Palmolive Shower Gel 500ml Coconut,No regulation,,0.2,missing price
8006540687444,Seven Seas Omega 3 & Multivitamins Man 60,No regulation,,0.2,missing price
3574661401119,Listerine Nightly Reset 400ml,No regulation,,0.2,missing price
5060112861727,Fushi Organic Sweet Almond Oil 100ml,No regulation,,0.2,missing price
5038581109886,Yankee Candle Home Inspiration Coral Peony 104g,No regulation,,0.2,missing price
3433422404403,La Roche Posay Thermal Spring Water 300ml,No regulation,,0.2,missing price
3435172191039,QUIES EARPLUG FOAM MINI (3 PAIRS),No regulation,,0.2,missing price
5017007600961,Periactin 4mg 30 tablets,GSL,,0.2,missing price
5025364004759,Tidyz Nappy Bags Tie Handle 100 Pack,No regulation,,0.2,missing price
3574661366258,Benylin Dry & Tickly Cough 300ml,GSL,,0.2,missing price
8006540584040,Always Ultra Normal Wings 13ct,No regulation,,0,missing price
8710522939390,SIMPLE BOOK OF TREATS G/S 1,No regulation,,0.2,missing price
42299943,Nivea Roll On 50ml Women Double Effect,No regulation,,0.2,missing price
5016870225318,Kinetik Advanced Wrist Blood Pressure Monitor,No regulation,,0.2,missing price
5038581158242,Yankee Candle Home Inspiration City Blooms 104g,No regulation,,0.2,missing price
0782126003003,Natracare Panty Liners - Mini 30pc,No regulation,,0,missing price
5026445002183,"Rapport Original 100ml Edt Spray, 150ml Shower Gel, 150ml Aftershave Balm & Wash Bag set",No regulation,,0.2,missing price
5037353006439,Skins Fusion Silicone Lubricant 4.4 fl oz (130ml),No regulation,,0.2,missing price
5031413930900,Face Facts Vitamin C Cleansing Balm 50ml,No regulation,,0.2,missing price
5028763008786,WISDOM EASY SLIDE FLOSSERS Y SHAPED (30S),No regulation,,0.2,missing price
0753950000292,Quercetin Bromelain 180 Veggie Capsules,No regulation,,0.2,missing price
5010724538562,Batiste Leave-In Dry Conditioner 100ml Original,No regulation,,0.2,missing price
5038581065908,Yankee Candle Home Inspiration Pink Island Sunset 104g,No regulation,,0.2,missing price
0708002401114,Faith In Nature Hemp & Meadowfoam Shampoo 400ml,No regulation,,0.2,missing price
3574660542592,Listerine Reach Interdent Firm Duo Pack Duo,No regulation,,0.2,missing price
5701943053140,Riemann P20 Sunfilter SPF 50+ Spray 100ML,No regulation,,0.2,missing price
5026445002190,Rapport Sport 100ml Edt & 150ml Body Spray Twin Set,No regulation,,0.2,missing price
5017353502568,Galpharm Ibuprofen 400mg 48 Caplets,P,,0.2,missing price
4005808663798,Nivea Deo Spray 150ml Men Sensitive Protect,No regulation,,0.2,missing price
96195796,Beauty Kitchen TS Sensitive Solutions SOS Skin Shield+ 50ml,No regulation,,0.2,missing price
8718951528208,Palmolive Shower Gel 250ml Kids Almond,No regulation,,0.2,missing price
8006540153895,Pantene Shampoo Menopause 250ml,No regulation,,0.2,missing price
8700216116619,Always Discreet Pants Normal/Large 7,No regulation,,0,missing price
5038581158334,Yankee Candle Home Inspiration Calming Cabana 104g,No regulation,,0.2,missing price
8005610642406,Wella Prof Invigo Shampoo Aqua 250ml,No regulation,,0.2,missing price
5060342240569,GLUCORX SAFETY LANCETS 23G 2.2MM (100),No regulation,,0.2,missing price
4001638530095,StretchMarkBodyButter,No regulation,,0.2,missing price
0782126003546,Natracare Dry & Light Inco Plus Pads 16pc,No regulation,,0,missing price
0017854118454,Baylis & Harding Beauticology Candy Unicorn Beauty Bag Gift Set,No regulation,,0.2,missing price
7927340000428,KELO-COTE SILICONE GEL SPRAY KCS100GB (100ML),No regulation,,0.2,missing price
5015802278224,MEDIUM CANDLE JAR SPA MOMENTS,No regulation,,0.2,missing price
5060259571602,Gold Collagen Multidose Hairlift,No regulation,,0.2,missing price
9329401000510,C Lab & Co 330g Scrub Tub Coffee,No regulation,,0.2,missing price
60019400,Garnier Roll On 50ml For Men Cool (8x6),No regulation,,0.2,missing price
0753950000766,MSM Powder with OptiMSM 8.8 oz (250 g),No regulation,,0.2,missing price
5745000836109,Ra Hygge Concentrated Reishi Liquid Extract BIO (Balance),No regulation,,0.2,missing price
5028763008526,WISDOM INTERDENTAL DENTAL STICKS (100S),No regulation,,0.2,missing price
5060120177155,Serene Moments Nourishing Bath Set 3pc,No regulation,,0.2,missing price
8001841859149,Pampers new baby midi size 3 29 Pack,No regulation,,0,missing price
5029219000736,Shelley 200ml Dry Shampoo Blush,No regulation,,0.2,missing price
5038483844564,SCHOLL SOFTGRIP C2 KNEE O/TOE NAT (LGE),No regulation,,0.2,missing price
0733739001061,NOW Foods 5-HTP 100mg - 120 vcaps,No regulation,,0.2,missing price
0017854113299,Baylis & Harding Beauticology Rainbow Kisses Bath Bomb,No regulation,,0.2,missing price
5060320560528,SUNVIT-D3 4000 IU (28),No regulation,,0.2,missing price
50093212,Care+ Magnesium Sulphate Paste 50g,GSL,,0.2,missing price
8001090989932,Oral-B Pro Expert Fresh Breath Toothpaste 75ml,No regulation,,0.2,missing price
5060464500800,Loperamide 2mg (OTC) 6 Tablets,GSL,,0.2,missing price
30106659,La Roche Posay Cicaplast Baume Lips 7.5ml,No regulation,,0.2,missing price
5037353004718,Skins Super Slide Silicone Based Lubricant 5ml foil,No regulation,,0.2,missing price
5030104005125,JAKEMANS MENTHOL & EUCALYPTUS (73G),No regulation,,0.2,missing price
5010441013663,Numark Magnesium & B6 30 Tablets,No regulation,,0.2,missing price
5011501016358,Deep Heat Warming Belts 2 Pack,GSL,,0.2,missing price
0860004025207,Mad Hippie Microdermabrasion Facial 60g,No regulation,,0.2,missing price
4051895003788,FRESUBIN HP ENERGY FIBER DRINK (1000ML),No regulation,,0.2,missing price
7614700034635,Pernaton Cooling gel 50ml,No regulation,,0.2,missing price
0732068579975,Original Chewy Ginger Chews 40g,No regulation,,0.2,missing price
5060217401897,EPIMAX ORIGINAL CREAM (100GM),No regulation,,0.2,missing price
5060738578696,BABY SHARK KIDS FIRST AID KIT 40PC 03/27,No regulation,,0.2,missing price
96075463,snoreeze throat spray 14ml,GSL,,0.2,missing price
5055148406257,Devil's Claw Extract 450mg 60 Tablets,No regulation,,0.2,missing price
5060903874585,"Brushworks Luxury Satin Pillowcase, Scrunchie & Sleep Mask Sleep Set",No regulation,,0.2,missing price
8716900573255,Nutricia Fortisip Compact Protein Drink 125ml Neutral 4 Pack,No regulation,,0,missing price
5017807003511,colief infant drops 7ml,GSL,,0.2,missing price
5038581070582,Yankee Candle Home Inspiration Gingered Apples 538g,No regulation,,0.2,missing price
5055757900757,Fushi Organic Black Seed Oil 250ml,No regulation,,0,missing price
5017353504760,Galpharm Paracetamol 500mg 16 Tablets,GSL,,0.2,missing price
4051895000329,FRESUBIN POWDER EXTRA STRAWBERRY (7X62G),No regulation,,0.2,missing price
0782126003607,Natracare Nursing pads 26pc,No regulation,,0.2,missing price
8006540409527,HEAD&SHOULDERS 275ML COND NUTRIT,No regulation,,0.2,missing price
5038581149264,Yankee Candle Home Inspiration Bubble Time 104g,No regulation,,0.2,missing price
5025903007722,IBUPROFEN GEL 5% [AAH] (30GM),No regulation,,0.2,missing price
8700216480444,Vicks Vaporub Easy Applicator 35g,GSL,,0.2,missing price
5000101508011,Original Source S/Gel 250ml Lavender,No regulation,,0.2,missing price
5036631008042,Forceval 30 Capsules,P,,0.2,missing price
0000000017664,I-M Elastic Wrist & Thumb Support ES-403 Small,No regulation,,0.2,missing price
4086000009935,FRESUBIN 2250 COMPLETE EASYBAG (1500ML),No regulation,,0.2,missing price
5060342241665,GLUCORX Q TEST STRIPS (50),No regulation,,0.2,missing price
7350121256712,TePe Interdental Brush 0.45mm Orange 6s (New Pack),No regulation,,0.2,missing price
5028763009493,Wisdom Step By Step 75ml Childrens Toothpaste 0-3 Years,No regulation,,0.2,missing price
5029219000743,Shelley 200ml Dry Shampoo Original,No regulation,,0.2,missing price
0658556116869,Botanicals For Life Organic Dandelion Root Extract 50ml,No regulation,,0.2,missing price
5017848253968,Bells Dual Action Dry Cough 10mg/5ml 200ml,P,,0.2,missing price
9340800011082,Grown Alchemist Mask Regenerating Gel 75ml,No regulation,,0.2,missing price
9339341018285,Kevin Murphy Hair Volumiser Lotion 150ml,No regulation,,0.2,missing price
4051895000336,FRESUBIN POWDER EXTRA VANILLA (7X62G),No regulation,,0.2,missing price
9340800010955,Grown Alchemist Body Cream Restorative 120ml,No regulation,,0.2,missing price
9340800011105,Grown Alchemist Mask Skin Renewal 75ml,No regulation,,0.2,missing price
5054563059918,Zovirax Cream Clip Strip 2g,GSL,,0.2,missing price
50601486,Numark Menthol 5g,No regulation,,0.2,missing price
5060999810795,BeautyPro HYDRATEST Skin Analysis Device,No regulation,,0.2,missing price
8700216433242,Seven Seas Jointcare Collagen Duo 60,No regulation,,0.2,missing price
5054563947253,Otrivine Congest Relief Nasal Spray 10 Ml,No regulation,,0.2,missing price
5026445000714,Rapport Original 100ml Edt & 150ml Body Spray Twin Set,No regulation,,0.2,missing price
42231332,Nivea Roll On 50ml Men Sensitive Protect 48H,No regulation,,0.2,missing price
8718951248656,Palmolive Shower Gel 500ml Sensitive Skin Milk,No regulation,,0.2,missing price
5025135112713,Malibu Dry Oil Gel SPF8 200ml,No regulation,,0.2,missing price
0733739047052,NOW Foods Green Tea Extract 100vcaps,No regulation,,0.2,missing price
4987072014103,Kool N Soothe Migraine 4 Sheets,GSL,,0.2,missing price
4084500477452,Clearblue Visual Rapid Detection Test 2 Test,No regulation,,0.2,missing price
5010724528990,Pearl Drops 50ml Toothpaste Instant Boost,No regulation,,0.2,missing price
3282770207774,avene Cleanance Cleansing Gel 400ml,No regulation,,0.2,missing price
5037353004671,Skins Aqua Water Based Lubricant 5ml foil,No regulation,,0.2,missing price
5032483007295,Cms Proteqt Nasal Inhaler 2 Pack,No regulation,,0.2,missing price
,Solgar Advanced 40+ Acidoph 60 Capsules,No regulation,,0.2,missing EAN; missing price
5702150144638,Cipralex 5mg 28 tablets,GSL,,0.2,missing price
5031413919486,Face Facts Vitamin C Eye Cream 25ml,No regulation,,0.2,missing price
4717237020256,I-M Neoprene Padded Knee Support NS-702 Medium,No regulation,,0.2,missing price
8720181342318,DOVE 750ML CARING BATH ORIGINAL,No regulation,,0.2,missing price
5017007601333,SUDOCREM ANTISEPTIC CREAM (60G),No regulation,,0.2,missing price
50469178,Beechams Cold & Flu Blackcurrant 5 sachets,GSL,,0.2,missing price
5012335887503,Seven Seas Original Cod Liver Oil 150ml,No regulation,,0.2,missing price
5031413929102,Face Facts Ceramide Cleanser Hydrating 400ml,No regulation,,0.2,missing price
5014302000489,COLIEF BABY MASSAGE OIL (100ML),No regulation,,0.2,missing price
5012616262241,BUTTERCUP BRONCHOSTOP PASTILLES (40S),GSL,,0.2,missing price
5010441011423,Numark Fluconazole 150mg 1 Capsule,P,,0.2,missing price
5021986000087,Vocalzones Throat Pastilles,No regulation,,0.2,missing price
3331300098136,Sterimar Stop & Protect Cold Baby 15ml,GSL,,0.2,missing price
8001841388724,ALWAYS DAILIES LINERS NORM 28'S 08/24,No regulation,,0,missing price
9340800010276,Grown Alchemist Body Cleanser Energize 500ml,No regulation,,0.2,missing price
8006540827208,Pampers baby dry size 3 30 Pack,No regulation,,0,missing price
0878941006715,Trace Mineral Liquid Ionic Vitamin D3 + K2 Drops,No regulation,,0.2,missing price
5025903011491,IBUPROFEN GEL 10% [AAH] (50GM),No regulation,,0.2,missing price
5011309011012,Care+ Decongestant 12 Tablets,P,,0.2,missing price
8710908777004,DOVE 250ML B/LOTION LOTUS FLOWER,No regulation,,0.2,missing price
5025452000755,Salt of the Earth P/Free Classic Crystal Salt Deo 75g,No regulation,,0.2,missing price
0017000189192,Right Guard APD Stick 4oz Xtreme Defense Classic Clean (2x6),No regulation,,0.2,missing price
4005808130573,Nivea Shower Gel 250ml Men Sensitive,No regulation,,0.2,missing price
6973130251946,emcrepe bandage 10cm 4.5m,No regulation,,0.2,missing price
4005808130078,Nivea Shower Gel 250ml Cashmere & Cotton Seed Oil,No regulation,,0.2,missing price
4086000005944,FRESUBIN HP ENERGY EASYBAG (500ML),No regulation,,0.2,missing price
5053249231716,Masterplast Blister Hydocolloid Plasters 5 Pack,No regulation,,0.2,missing price
5054563947277,Otrivine Extra Dual Relief Nasal Mist 10 Ml,No regulation,,0.2,missing price
4086000007054,FRESUBIN ENERGY [EASYBAG] (500ML),No regulation,,0.2,missing price
5031413930368,Face Facts Joypixels 2x4.25g Lip Balm Tubes Blueberry Burst Duo,No regulation,,0.2,missing price
5030104005286,JAKEMANS THROAT & CHEST SF (50G),No regulation,,0.2,missing price
4051895012551,FRESUBIN 2KCAL MINI FRUITS OF THE FOREST (4X125ML),No regulation,,0.2,missing price
8008970041674,Wash & Go Shampoo 2 in 1 200ml AntiD,No regulation,,0.2,missing price
8718951425439,Palmolive Shower Gel 250ml Aroma Sweet Delight,No regulation,,0.2,missing price
8710908777769,DOVE 400ML B/LOTION GLOWING RITUAL LOTUS,No regulation,,0.2,missing price
5060222471021,Optipro Pre-Injection Wipes,No regulation,,0,missing price
9339341026754,Kevin Murphy Body Builder Volumising Mousse 400ml,No regulation,,0.2,missing price
8006540221501,ALWAYS DAILIES LINERS NORMAL 56'S 06/24,No regulation,,0,missing price
3600542081207,Garnier Micellar Cleansing Water (Sensitive) 100ml,No regulation,,0.2,missing price
9326922000395,Australian Bush Flower Essences Emergency Mist 50ml,No regulation,,0.2,missing price
3616301283454,MAX FACTOR NAILFINITY NAIL GEL POLISH THE ICON,No regulation,,0.2,missing price
5012583205616,LIVE Urban metallics U71 Metallic silver permanent hair dye,No regulation,,0.2,missing price
5060410574183,Beauty Kitchen AO Super Serum for Eye & Deep Lines 30ml,No regulation,,0.2,missing price
5025970023250,Nivea Shave Gel 200ml For Men Moisturising,No regulation,,0.2,missing price
8901030025464,PEARS 4X100G SOAP,No regulation,,0.2,missing price
5060060213739,Astonish Bath Soak 750ml Pink Paradise,No regulation,,0.2,missing price
8700216380775,Gillette APD Clear Gel Stick 70ml Champion Gold,No regulation,,0.2,missing price
5025903007746,IBUPROFEN GEL 5% [AAH] (50GM),No regulation,,0.2,missing price
5054563947178,Otrivine Sinus Relief Nasal Spray 10ml,No regulation,,0.2,missing price
3574660438307,Aveeno Cream 300ml,GSL,,0.2,missing price
5054805042593,Witch Daily blackhead clearing scrub 150ml,No regulation,,0.2,missing price
5099186001708,Simple Linctus Sugar Free 2L,No regulation,,0.2,missing price
9329401000541,C Lab & Co 330g Coffee & Coconut Scrub Tub,No regulation,,0.2,missing price
5000101077005,Original Source S/Gel 250ml Vanilla & Raspberry,No regulation,,0.2,missing price
5060112866142,Fushi Organic Shea Butter Original 200g,No regulation,,0.2,missing price
5060361080054,Xailin Tears 0.1% Ha Pf Eye Drops 10ml,No regulation,,0.2,missing price
5034511010284,Organic Children SPF50 Sun Cream Lavender,No regulation,,0.2,missing price
5060104170653,YES Double Glide Natural Lubricant Combo Pack,No regulation,,0.2,missing price
8001841053677,Always Maxi Pads Long with Wings 12s,No regulation,,0,missing price
8886467064340,Lux Soap 3x80g Magical Spell,No regulation,,0.2,missing price
5012583200819,Right Guard APD 250ml For Women Pure Sensitive,No regulation,,0.2,missing price
4042809023121,elastocrepe bandage 10cm,No regulation,,0.2,missing price
5025135113758,Malibu Dry Oil Spray SPF20 100ml,No regulation,,0.2,missing price
5026445002961,Rapport Black 150ml Bath & Shower Gel & 150ml Body Spray Twin Set,No regulation,,0.2,missing price
5010605211201,Levitra Vardenafil 20mg 4 Tablets,P,,0,missing price
4006000089584,Nivea Lotion 250ml Irresistibly Smooth,No regulation,,0.2,missing price
0605632155823,Serum Sheet Mask Gift Set,No regulation,,0.2,missing price
7317400000824,Tepe Select Medium Toothbrush Single,No regulation,,0.2,missing price
8033087660159,Oral Spray 20ml,No regulation,,0.2,missing price
0658556116814,Botanicals For Life Organic Milk Thistle Extract 100ml,No regulation,,0.2,missing price
9326922000401,Australian Bush Flower Essences Sensuality Mist 50ml,No regulation,,0.2,missing price
8717163714942,DOVE 250ML A/P SPRAY COCONUT,No regulation,,0.2,missing price
8435465325252,BTB Cum Lubricant 250ml,No regulation,,0.2,missing price
5060464503702,Loratadine 10mg (OTC) 30 Tablets,GSL,,0.2,missing price
3600524027087,L'Oreal Men Expert AP Roll On 50ml Magnesium,No regulation,,0.2,missing price
5015802291728,MEDIUM CANDLE JAR TIPSY CRANBERRY,No regulation,,0.2,missing price
5051594006805,Aptamil Milk 3 Growing Up Milk 1+ 800g,No regulation,,0.2,missing price
5011842112023,Bassetts 12-18 Years EPO & Multivitamins 30 Gummies,No regulation,,0.2,missing price
4086000014052,FRESUBIN ORIGINAL DRINK VANILLA 4 Pack (4X200ML),No regulation,,0.2,missing price
5070000991245,R.Y.M. Focus & Memory Formula,No regulation,,0.2,missing price
4005900690500,Nivea Shower Gel 400ml For Men Sensitive,No regulation,,0.2,missing price
7613036912549,SMA Advanced First Infant Milk 800g,No regulation,,0.2,missing price
93499606,Medihoney Wound Gel 10g,GSL,,0.2,missing price
8809416471396,COSRX - Master Patch Clear Fit - Masking Eczema Patches - 18pcs,No regulation,,0.2,missing price
0017854113329,Baylis & Harding Beauticology Let's Be Mermaids Body Wash,No regulation,,0.2,missing price
3574661385495,CALPROFEN (200ML),No regulation,,0.2,missing price
5060259570520,Gold Collagen RX,No regulation,,0.2,missing price
8809447254388,Dr. Althea - Vitamin C Boosting Serum - Vitamin C Face Serum - 30ml,No regulation,,0.2,missing price
50600212,KIKI Health Organic C8 MCT Oil 500ml,No regulation,,0.2,missing price
3574661186962,Sudafed Sinus Max Strength 16 Capsules,GSL,,0.2,missing price
5051562015402,Lamisil AT 1% Athletes Foot Cream 7.5g,GSL,,0.2,missing price
8809447253480,Dr. Althea - Natural Radiance Essence - Brightening Facial Essence - 30ml,No regulation,,0.2,missing price
4005900543745,Nivea APD Spray 250ml Women Black & White Silky Smooth,No regulation,,0.2,missing price
4086000016407,FRESUBIN 5 KCAL SHOT LEMON (4X120ML),No regulation,,0.2,missing price
6973130251960,emcrepe bandage 15cm 4.5m,No regulation,,0.2,missing price
4005808298174,Nivea APD Spray 250ml Men Cool Kick,No regulation,,0.2,missing price
3600522107385,L'Oreal Men Expert Deo 150ml Carbon Protect 5in1,No regulation,,0.2,missing price
7702018943609,GILLETTE MACH 3 MANUAL DISPOSABLE RAZOR (3S),No regulation,,0.2,missing price
5031413928662,FaceFacts Hydrating Gentle Cleanser 400ml,No regulation,,0.2,missing price
5029053575650,Huggies pure biodegradable wipes 56,No regulation,,0.2,missing price
5060209111230,WESTLAB 'MINDFUL' BATHING SALTS (1KG),No regulation,,0.2,missing price
5055028387546,Enliven Fruits Hair Mask Softening 350ml,No regulation,,0.2,missing price
8710447244661,DOVE 150ML A/P SPRAY INVISIBLE FLORAL,No regulation,,0.2,missing price
5000347078248,NIQUITIN CLR PATCH STEP 2 14MG (7S),No regulation,,0.2,missing price
5011309885019,HEDRIN 4% LOTION (50ML),P,,0.2,missing price
5000167046199,Nurofen Migraine Pain 12 Tablets,GSL,,0.2,missing price
4987072028568,Cura-Heat Back Pain Clip Stip,GSL,,0.2,missing price
5054805042067,Bristows Tropical paradise dry shampoo 200ml,No regulation,,0.2,missing price
5010605240072,Clarityn Allergy 7 Tablets,GSL,,0.2,missing price
5054563216458,Sensodyne T/Paste 75ml Cool Mint,No regulation,,0.2,missing price
5060203796235,Terranova NADPro NAD+ Activator Complex (BioSNEDS) 100's (NEW PRODUCT),No regulation,,0.2,missing price
5055757900078,Fushi Ashwagandha with Vegan MCT Extract 60caps,No regulation,,0.2,missing price
5017978104604,Probio 7 Vegan 40 Capsules,No regulation,,0.2,missing price
5038581158341,Yankee Candle Home Inspiration Summer Daydream 104g,No regulation,,0.2,missing price
5037353004275,Skins Strawberry 4 Pack,No regulation,,0.05,missing price
5391531562125,Spotlight Oral Care Children's Sonic,No regulation,,0.2,missing price
5013803999186,Vieve Collagen Protein Powder 400g,No regulation,,0.2,missing price
5060519148179,Pukka Days of Christmas Calendar 2022,No regulation,,0.2,missing price
5060112866166,Fushi Really Good Hair Oil 100ml,No regulation,,0.2,missing price
5000158063457,FyboGel Plain 2x30 Sachets,GSL,,0.2,missing price
5012583204879,LIVE Intense colour 030 Mango twist permanent hair dye,No regulation,,0.2,missing price
5010058057531,ULTRA FAST COHESIVE BANDAGE 10CM 5753 (1),No regulation,,0.2,missing price
5028763009387,Wisdom Step By Step Childrens Toothbrush 6+ Years Cdu 12,No regulation,,0.2,missing price
5038581106953,Yankee Candle Home Inspiration Sugared Blossoms Wax Melts 75g,No regulation,,0.2,missing price
5060464503689,Loratadine 10mg (OTC) 14 Tablets,GSL,,0.2,missing price
,Migraine treatment - Rizatriptan 5mg tablets,P,,0,missing EAN; missing price
8720182482129,DOVE 750ML CARING BATH SHEA BUTTER & VAN,No regulation,,0.2,missing price
4042809023275,elastocrepe bandage 7.5cm,No regulation,,0.2,missing price
3337875597326,CERAVE HYDRATING CLEANSER TRAVEL SIZE,No regulation,,0.2,missing price
50160150,Salt of the Earth Classic Crystal Natural Salt Deo 90g,No regulation,,0.2,missing price
60019196,Garnier Roll On 50ml For Men Invisible,No regulation,,0.2,missing price
8712561737142,RADOX HANDWASH ANTIBAC & NOURISH 250ML,No regulation,,0.2,missing price
5016379291937,Ibuleve Pain Relief Gel 5% 30G,GSL,,0.2,missing price
5060428970007,Ellaone 30mg 1 Tablet,GSL,,0.2,missing price
5060148523675,BetterYou Magnesium Sleep Bath Flakes 250g,No regulation,,0.2,missing price
5060084170339,PROFOOT CHIROPODY FELT (1 SHEET),No regulation,,0.2,missing price
3574661653402,Aveeno Baby 250ml Bath Wash Calming Comfort,No regulation,,0.2,missing price
5025903024026,Careway Glucosamine MSM Chondroitin 30 Pack,No regulation,,0.2,missing price
5025452000762,Salt of the Earth Deo Spray - Ocean Coconut 100ml,No regulation,,0.2,missing price
0658556116661,Botanicals For Life Agroecological Valerian Extract 100ml,No regulation,,0.2,missing price
5012616262227,BUTTERCUP BRONCHOSTOP PASTILLES (10S),GSL,,0.2,missing price
5060342242327,GLUCORX X6 BLOOD GLUCOSE TEST STRIPS (50),No regulation,,0.2,missing price
3574660455052,Listerine Stay White Mini 95ml,No regulation,,0.2,missing price
8850169047024,Imperial Leather Soap Big Bar 190g (12x6s),No regulation,,0.2,missing price
8436581946284,Reebok Him Mind Gift Set 100ml,No regulation,,0.2,missing price
4064666302942,Wella Prof Invigo Shampoo Aqua Pure 250ml,No regulation,,0.2,missing price
0731124402899,Biofreeze Pain Relief Gel 118ml,GSL,,0.2,missing price
4042809023336,elastocrepe bandage 15cm 7208267,No regulation,,0.2,missing price
5028763009516,Wisdom Step By Step 75ml Childrens Toothpaste 4+ Years,No regulation,,0.2,missing price
8716900580109,Nutricia Fortisip Compact Protein Drink 125ml Vanilla 4 Pack,No regulation,,0,missing price
5011417573259,Nurofen Children 7+ Orange 100ml,GSL,,0.2,missing price
5034268004291,ProVen Probiotics Fit for School 28 Sachets,No regulation,,0.2,missing price
0814784027241,Sunwarrior Classic Organic Vanilla,No regulation,,0.2,missing price
5038581038957,Yankee Candle Home Inspiration Island Sunset Votive 49g,No regulation,,0.2,missing price
7702018607402,Gillette Skin Face Wash Calming 140ml,No regulation,,0.2,missing price
4717237011391,I-M Compression Knee Support with Stays Dynamic SS-709 Medium,No regulation,,0.2,missing price
5701943102862,Riemann P20 Original Sun Cream SPF 50 200ml,No regulation,,0.2,missing price
4086000014069,FRESUBIN ORIGINAL DRINK PEACH 4PACK (4X200ML),No regulation,,0.2,missing price
5038581136578,Yankee Candle Home Inspiration Golden Flowers 538g,No regulation,,0.2,missing price
5011309163612,Zeroderm Ointment 125g,No regulation,,0.2,missing price
0714924022658,Jamaican Mango & Lime 118ml Black Castor Oil Mango Papaya,No regulation,,0.2,missing price
3600524030117,L'Oreal Men Expert S/Gel 300ml Magnesium Defence,No regulation,,0.2,missing price
8001090899071,Always Platinum Pads Normal Plus Sp 12s,No regulation,,0,missing price
4051895005508,Fresubin Jucy Apple 4x200ml,No regulation,,0.2,missing price
4005808407507,Nivea Sun Lotion 200ml Protect & Moisture SPF20,No regulation,,0.2,missing price
5060112863363,Fushi Beauty Totale 60caps,No regulation,,0.2,missing price
4005808159802,Nivea Crème 75ml,No regulation,,0.2,missing price
5054805042999,Bristows 2. Volume & body mousse {for full bodied style} 200ml,No regulation,,0.2,missing price
3600522248798,L'Oreal Dermo Exp 50ml Revitalift Renew Day Pot,No regulation,,0.2,missing price
5055148412296,Glucosamine HCl 120 Tablets,No regulation,,0.2,missing price
5060903873861,Brushworks Angled Dermaplaners 6pc,No regulation,,0.2,missing price
4042809384024,ACTIMOVE GENUFAST KNEE 7341514 MED,No regulation,,0.2,missing price
3282770145250,Klorane Centaury Shampoo 400ml,No regulation,,0.2,missing price
5060320560016,SUNVIT-D3 20000IU DD0500 (28),No regulation,,0.2,missing price
0017854123854,"Baylis & Harding Goodness Awaken Lime, Mint & Eucalyptus 225ml Body Polish",No regulation,,0.2,missing price
5055757978565,Fushi Organic Argan Oil 30ml,No regulation,,0.2,missing price
0708002400735,Faith In Nature Tea Tree Body Wash 400ml,No regulation,,0.2,missing price
5026445002947,Rapport Sport 150ml Shower Gel & 150ml Body Spray Twin Set,No regulation,,0.2,missing price
3282770153187,Av�ne Hyaluron Activ B3 Day Cream-Refill 50ml,No regulation,,0.2,missing price
8427324893682,Systane Hydration Eye Drops 10ml,No regulation,,0.2,missing price
8720181222603,DOVE CARE NATURE 225ML S/GEL COCO&ALM,No regulation,,0.2,missing price
5060201410096,"Sugar Coated Leg Hair Removal Kit Rosehip 200g Jar, 3 Applicators & 15 Reusable Strips",No regulation,,0.2,missing price
5015259007361,SEA-BAND MAMA ACUPRESSURE WRISTBAND (2 BANDS),No regulation,,0.2,missing price
60022776,Garnier Roll On 50ml For Men Xtreme Ice (8x6),No regulation,,0.2,missing price
3574660622317,Anusol Soothing Relief 12 suppositories,GSL,,0.2,missing price
5060259571626,Gold Collagen Multidose Artron,No regulation,,0.2,missing price
3574661625386,Aveeno Calm + Restore Oat Toning Lotion 200ml,No regulation,,0.2,missing price
0708002400711,Faith In Nature Tea Tree Shampoo 400ml,No regulation,,0.2,missing price
8809416470726,COSRX - Ultimate Nourishing Rice Overnight Spa Mask - Nourishing Night Mask with Rice Extract - 60ml,No regulation,,0.2,missing price
8710847959417,Simple Micellar Biodegradable Kind to Skin 20 pack,No regulation,,0.2,missing price
7610700001301,RICOLA HONEY HERB (75G),No regulation,,0.2,missing price
8710908777394,DOVE 400ML B/LOTION INVIGORATING,No regulation,,0.2,missing price
5054805042975,Bristows 4. Curls & Waves Mousse {for curl definition} 200ml,No regulation,,0.2,missing price
4001638088459,PomegranateHandCream,No regulation,,0.2,missing price
4005900372444,Nivea APD Spray 250ml Women Black & White Fresh,No regulation,,0.2,missing price
5700002148896,R� HYGGE Lion's Mane Filter Grind Bio 227g,No regulation,,0.2,missing price
5055148406868,Maximum Strength Milk Thistle Standardised Fruit Extract 300mg 30 Tablets,No regulation,,0.2,missing price
0602573665466,Mad Hippie Cleansing Oil 59ml,No regulation,,0.2,missing price
4015400684428,Always Infinity Normal Plus 12s,No regulation,,0,missing price
5000174990287,H&S Shampoo 400ml Refreshing Menthol,No regulation,,0.2,missing price
5011309019018,OILATUM JUNIOR EMOLLIENT BATH ADDITIVE (600ML),No regulation,,0.2,missing price
5010724532980,Batiste Dry Shampoo 200ml Hydrate,No regulation,,0.2,missing price
5025970802183,NIVEA LOTION DRY SKIN 250ML,No regulation,,0.2,missing price
7350121256095,TePe Interdental Brush 0.8mm Green 6s (New Pack),No regulation,,0.2,missing price
5054563129338,SENSODYNE NOURISH HEALTHY WHITE TB 12X1 (),No regulation,,0.2,missing price
0782126009005,Natracare Organic Super Applicator Tampons 16pc,No regulation,,0,missing price
5701943102947,Riemann P20 Face Lotion SPF 30 50g,No regulation,,0.2,missing price
5060112865770,Fushi Organic Chaste Tree (Vitex Agnus Castus) 60caps,No regulation,,0.2,missing price
5000283659884,Opticrom Aqueous Eye Drops 13.5ml,No regulation,,0.2,missing price
8435465324064,BTB Water Based Lubricant Red Fruits 100ml,No regulation,,0.2,missing price
5000309006463,Thermacare Back Pain Therapy 16 hours Pain Relief Wrap,No regulation,,0.2,missing price
5010123725099,Calpol Fastmelts Six Plus 12 sachets,GSL,,0.2,missing price
5028763010536,Wisdom Interdental Toothbrush Advanced Firm Cdu 10,No regulation,,0.2,missing price
8714789726250,Colgate M/Wash Plax 500ml Soft Mint,No regulation,,0.2,missing price
8720182036551,Sure Men Workout Set 3pc,No regulation,,0.2,missing price
5060342241795,GLUCORX GO PROFESSIONAL METER+50 T/STRIP (50),No regulation,,0.2,missing price
4086000007061,FRESUBIN ENERGY [EASYBAG] (1L),No regulation,,0.2,missing price
5060464500206,Ibuprofen 400mg 48 Tablets,P,,0.2,missing price
5037353000574,Skins Chocolate 8 Pack,No regulation,,0.05,missing price
5060123414578,GLUCORX GEL RASPBERRY RIPPLE 15G (3X 23.5G),No regulation,,0.2,missing price
3574661200019,Neutrogena Body Lotion 400ml Visibly Renew,No regulation,,0.2,missing price
8435465324132,BTB Water Based Warm Feeling Lubricant 250ml,No regulation,,0.2,missing price
5012616174001,Veganin 30 Caplets,P,,0.2,missing price
3337875757669,La Roche Posay daily Repair Fluid Moisturiser Toleriane 40ml,No regulation,,0.2,missing price
5055757931973,Fushi Biovedic Face Wash 150ml,No regulation,,0.2,missing price
0733739033444,NOW Foods Adrenal Stress Support 90 vcaps,No regulation,,0.2,missing price
4086000016667,Fresubin Jucy Blackcurrent 4x200ml,No regulation,,0.2,missing price
4086000009973,FRESUBIN SOYA FIBRE [EASYBAG] (500ML),No regulation,,0.2,missing price
4048882620677,Dr Wolffs V-san Moist Cream 50g,GSL,,0.2,missing price
5054563947208,Otrivine Allergy Relief Nasal Spray 10 Ml,No regulation,,0.2,missing price
5000174990331,H&S Shampoo 400ml Smooth & Silky,No regulation,,0.2,missing price
8435465324088,BTB Water Based Lubricant Mango 100ml,No regulation,,0.2,missing price
5010724538883,ORAJEL TOOTHPASTE 75ML (75ML),No regulation,,0.2,missing price
5025452001349,Salt of the Earth Deo Stick - Ocean Coconut 84g,No regulation,,0.2,missing price
3086125705126,Bic 1 Blade Disp Razors 10 Pack,No regulation,,0.2,missing price
9329401000534,C Lab & Co 100g Scrub Bag Coffee & Coconut,No regulation,,0.2,missing price
7350121256200,TePe Interdental Brush 0.4mm Pink 6s (New Pack),No regulation,,0.2,missing price
5011842110326,Bassetts 3-6 Years Multivitamins + Omega 3 30 Gummies,No regulation,,0.2,missing price
4005900036490,Nivea APD Spray 250ml Men Black & White Invisible,No regulation,,0.2,missing price
5054805045990,Bristows Sol fiesta dry shampoo (pistachio & caramel) 200ml,No regulation,,0.2,missing price
5056175900756,Pristine Gleam Kids Toothbrushes & Timer Set,No regulation,,0.2,missing price
3600522215172,L'Oreal Elvive Extraordinary Oil 100ml UV Filter,No regulation,,0.2,missing price
5029219000750,Shelley 200ml Dry Shampoo Volume,No regulation,,0.2,missing price
8001841795584,Fixodent Professional 40g,No regulation,,0.2,missing price
8720182385642,Tresemme Hydrate & Hold Gift Set 4pc,No regulation,,0.2,missing price
4015400725176,Tampax Pearl Super 18s,No regulation,,0,missing price
5037353004770,Skins Watermelon Water Based Lubricant 5ml foil,No regulation,,0.2,missing price
5701943102848,Riemann P20 Original Sun Cream SPF30 Spray 200ml,No regulation,,0.2,missing price
42182658,Vaseline Pure Petroleum Jelly no.3 250ml,GSL,,0.2,missing price
5000158071018,Gaviscon Double Action Peppermint 500ml,GSL,,0.2,missing price
4015600300814,Clearblue Combo Pack Pregnancy Test 2s,No regulation,,0.2,missing price
0309979596690,REVLON BLENDNG SPONGE 4IN1,No regulation,,0.2,missing price
8720181466427,Dove Hydrate Shower Gel 450ml,No regulation,,0.2,missing price
5060209111209,WESTLAB 'RECOVER' BATHING SALTS (1KG),No regulation,,0.2,missing price
4987072011157,Kool N Soothe Kids 4 Sheets,GSL,,0.2,missing price
8435465325214,BTB Water Based Tingling Effect Lubricant 100ml,No regulation,,0.2,missing price
8001841385792,Tampax Cotton Protect 16s,No regulation,,0,missing price
5054563048950,SENSODYNE T/BRUSH PRONAMEL,No regulation,,0.2,missing price
5027314505668,Bio-Kult Infantis Sachets 16x1g,No regulation,,0.2,missing price
5060112864827,Fushi Organic Neem 60caps,No regulation,,0.2,missing price
5015802286854,MEDIUM CANDLE JAR PERFECT DAY,No regulation,,0.2,missing price
0309970038885,Mitchum Roll On 100ml Invisible Clear Fresh,No regulation,,0.2,missing price
3401351277450,Puressentiel Muscles & Joints Heating Patches 3unit,No regulation,,0.2,missing price
4051895002781,FRESUBIN 2KCAL CREME CHOCOLATE (4X125G),No regulation,,0.2,missing price
5037353005609,Skins Mint Chocolate Water Based Lubricant 4.4 fl oz (130ml),No regulation,,0.2,missing price
5011091101571,Oilatum Emollient 500ml,GSL,,0.2,missing price
5055186409999,Hibiscrub 250ml,No regulation,,0.2,missing price
5056555200094,Applied Nutrition Digestive Enzyme 60 Capsules,No regulation,,0.2,missing price
5745000836086,Ra Hygge Concentrated Chaga Liquid Extract BIO (Boost),No regulation,,0.2,missing price
4210201427315,Oral-B Vitality Pro Lilac Mist Tbrush 1ct,No regulation,,0.2,missing price
8720182585219,Vaseline Lucious Lips Gift Set Tin (C),No regulation,,0.2,missing price
5031413932232,Face Facts Printed Sheet Mask Prep,No regulation,,0.2,missing price
0658556116845,Botanicals For Life Organic Ginger Root Extract 50ml,No regulation,,0.2,missing price
8720182567574,Lynx Gift Set Gold Bs & S/G 2 Piece (C),No regulation,,0.2,missing price
8718951396104,COLGATE 75ML T/P SENSITIVE WHITEN 05/26,No regulation,,0.2,missing price
9335955005758,MooGoo Frizz Fighter Hydrating Hair Mist 180ml,No regulation,,0.2,missing price
8716900570070,Nutricia Fortisip 2kcal Energy Drink Vanilla 200ml,No regulation,,0,missing price
96138342,Right Guard Roll On 50ml For Women Invisible,No regulation,,0.2,missing price
8901526537716,Garnier Fructis Full & Luscious Conditioner 850 ml,No regulation,,0.2,missing price
5702150145147,Cipralex 10mg 28 tablets,GSL,,0.2,missing price
5060337729765,Derma V10 10ml Roll On Lavender,No regulation,,0.2,missing price
5026445002756,Harmony Gold 400ml Hairspray Natural Hold & Shine,No regulation,,0.2,missing price
5012616266416,XLS NUTRITION ACTIVE SHAPE CHOCOLATE (250),No regulation,,0.2,missing price
5015802291742,MEDIUM CANDLE JAR CLEMENTINE SPICE,No regulation,,0.2,missing price
5038581091396,Yankee Candle Camellia Large Jar 623g,No regulation,,0.2,missing price
5038483844311,SCHOLL SOFTGRIP C3 KNEE O/TOE NAT (MED),No regulation,,0.2,missing price
5060342242365,GLUCORX X6 CHOLESTEROL TEST STRIPS (10),No regulation,,0.2,missing price
5038483844625,SCHOLL SOFTGRIP C1 KNEE NAT (SML),No regulation,,0.2,missing price
5031413935752,Face Facts Ceramide Blemish Treat Gel 50ml,No regulation,,0.2,missing price
5060112861734,Fushi Organic Evening Primrose Oil 100ml,No regulation,,0,missing price
5036631008547,Forceval 15 Capsules,P,,0.2,missing price
5011784003861,Dentinox Scalp Oil 30ml,GSL,,0.2,missing price
5055757978558,Fushi Organic Rosehip Oil 30ml,No regulation,,0.2,missing price
4015400725114,Tampax Pearl Super Plus 18s,No regulation,,0,missing price
3614227348813,Wella Prof Shampoo Nutricurls 250ml,No regulation,,0.2,missing price
5037353004282,Skins Mint 4 Pack,No regulation,,0.05,missing price
5038483844939,SCHOLL SOFTGRIP C2 R/SOCKS BLK (MED),No regulation,,0.2,missing price
0782126003126,"Natracare Panty Liners - Normal, Wrapped 18pc",No regulation,,0,missing price
5012008593205,INECTO NAT COCONUT HAND&NAIL CRM 75ML,No regulation,,0.2,missing price
0658556116685,Botanicals For Life Organic Astragalus Extract 50ml,No regulation,,0.2,missing price
5037353005562,Skins Salted Caramel Water Based Lubricant 4.4 fl oz (130ml),No regulation,,0.2,missing price
8714789732916,Palmolive Shower Gel 250ml Milk,No regulation,,0.2,missing price
5015802278323,LARGE CANDLE JAR JASMINE & OUD,No regulation,,0.2,missing price
8435465325238,BTB Masturbation Cream 100ml,No regulation,,0.2,missing price
5000488303247,NELSONS RESCUE NIGHT GUMMIES RASPBERRY (60 GUMMI),No regulation,,0.2,missing price
5037353004930,Skins Natural Delay Spray 30ml,No regulation,,0.2,missing price
0047701500231,Dentek Essentials Temporary Tooth Repair Kit 5+ Repairs,No regulation,,0.2,missing price
5028763009363,Wisdom Step By Step Childrens Toothbrush 3-5 Years Cdu 10,No regulation,,0.2,missing price
5060216564746,Haliborange Vitamin C & Immune Softies Blackcurrant 30's 3-12 Years,No regulation,,0.2,missing price
4005805245997,NIVEA LIPCARE SUN SPF 30,No regulation,,0.2,missing price
5060203796297,Terranova QuerceSol Quercetin Complex (BioSNEDS) 100's (NEW PRODUCT),No regulation,,0.2,missing price
5000347078217,NIQUITIN CLR PATCH STEP 1 21MG (7S),No regulation,,0.2,missing price
0017854118102,Baylis & Harding Black Pepper & Ginseng Men's Luxury Mini Trio Gift Set,No regulation,,0.2,missing price
8006540742822,Oral-B Pro Junior 6+ Purple 1,No regulation,,0.2,missing price
4042809016819,WRIST BRACE L ACTIMOVE 7281946 EXLGE,No regulation,,0.2,missing price
4005900690517,Nivea Shower Gel 400ml For Men Sport,No regulation,,0.2,missing price
5391531760606,Fusion Allergy Face & Eyelids 20 wipes,GSL,,0.2,missing price
5060337727563,Derma V10 Sheet Hair Mask Flamingo with Marula Oil,No regulation,,0.2,missing price
3574660711110,NICORETTE INVISI PATCH 25MG (14S),No regulation,,0.2,missing price
5000453123139,Effervescent Vitamin D 75ug 20 Tablets,No regulation,,0.2,missing price
4042809384062,ACTIMOVE GENUFAST KNEE 7341516 EXLGE,No regulation,,0.2,missing price
5060112861789,Fushi Calendula Oil 100ml,No regulation,,0.2,missing price
0085805557355,ELIZABETH ARDEN WHITE TEA 400ML BODY CREAM,No regulation,,0.2,missing price
0714924022610,Jamaican Mango & Lime 118ml Black Castor Oil Coconut,No regulation,,0.2,missing price
4005900247315,Nivea APD Spray 250ml Men Protect & Care,No regulation,,0.2,missing price
5055193546335,The Kind Edit Hot Water Bottle Set 1,No regulation,,0.2,missing price
3600521601846,L'Oreal Casting Creme Gloss Rich Honey 734,No regulation,,0.2,missing price
5038483844649,SCHOLL SOFTGRIP C1 KNEE NAT (LGE),No regulation,,0.2,missing price
8716900581748,Nutricia Fortisip Compact Protein Drink 125ml Strawberry 4 Pack,No regulation,,0,missing price
42299868,Nivea Roll On 50ml Women Dry Confidence,No regulation,,0.2,missing price
5031413935332,Face Facts Ceramide Body Cream Moisturising 454ml,No regulation,,0.2,missing price
5027599900028,LOTIL CREAM (50ML),No regulation,,0.2,missing price
5011842193503,Potters Pastilles Chesty Cough 46g,GSL,,0.2,missing price
7702018852475,GILLETTE FUSION POWER BLADES (4S),No regulation,,0.2,missing price
8809598450912,COSRX - AC Collection Lightweight Soothing Moisturizer - Lightweight Moisturizing Cream for Acne Skin - 80ml,No regulation,,0.2,missing price
5060251740051,EPIMAX ISOMOL GEL (100G),No regulation,,0.2,missing price
5000488109757,NELSONS TEETHA TEETHING GRANULES (40SACHET),No regulation,,0.2,missing price
4103040147738,Sebamed Baby Body Milk 200ml,No regulation,,0.2,missing price
8710447275405,Dove Hand Cream Restoring 75ml,No regulation,,0.2,missing price
5037353005586,Skins Double Chocolate Water Based Lubricant 4.4 fl oz (130ml),No regulation,,0.2,missing price
5012583208280,LIVE Urban metallics U75 Midnight jade permanent hair dye,No regulation,,0.2,missing price
5060112865916,Fushi Organic Carrot Oil 100ml,No regulation,,0.2,missing price
5028763013889,WISDOM RENEW INTERDENTAL 0.5MM (1),No regulation,,0.2,missing price
5060025370026,ORAJEL MOUTH JEL (5.3G),No regulation,,0.2,missing price
3574660436174,NICORETTE FRESHMINT GUM 2MG (30),No regulation,,0.2,missing price
5056235400769,Derma V10 Print Pony Tail Mask Go Coconuts,No regulation,,0.2,missing price
3600524026967,L'Oreal Men Expert Deo 250ml Magnesium,No regulation,,0.2,missing price
3574660649901,Listerine Mildmint 500ml,No regulation,,0.2,missing price
5053249211572,Masterplast Oriental Rub Tube 70g,No regulation,,0.2,missing price
4042809016871,WRIST BRACE R ACTIMOVE 7281947 SML,No regulation,,0.2,missing price
0782126002020,Natracare Organic Super Plus Digital Tampons 20pc,No regulation,,0,missing price
9343359000040,Glyde Ultra Cola Flavour Vegan Condoms 100 Bulk Pack,No regulation,,0.05,missing price
3337875816847,La Roche Posay Multi-Purpose Balm Cicaplast B5 Ultra Repairing Soothing 100ml,No regulation,,0.2,missing price
5054563105981,POLIGRIP MOUTH GUARD &RETAINER (30),No regulation,,0.2,missing price
4001638580267,SkinFoodNourishingCleansingBalm,No regulation,,0.2,missing price
6009603360195,Hux Pro Vitamin D5 90s,No regulation,,0.2,missing price
8718053572949,Wartie Advance Wart & Verruca Remover 50ml,GSL,,0.2,missing price
5060201410126,"Sugar Coated Underarm Hair Removal Kit Lemongrass with 200g Jar, 3 Applicators & 15 Reusable Strips",No regulation,,0.2,missing price
5391531760644,OPTASE COOLING MASK (1),No regulation,,0.2,missing price
5028763004429,WISDOM T/BRUSH SMOKERS (),No regulation,,0.2,missing price
8710847959318,Simple Protect 'N' Glow Cleansing Wipes 20s,No regulation,,0.2,missing price
5000124438401,Ventolin Accuhaler 200mcg 60 doses,GSL,,0.2,missing price
5060216564937,Haliborange Effervescent Tablets Vitamin C Orange 20 Pack,No regulation,,0.2,missing price
7927340000350,KELO-COTE SILICONE GEL KCG60GB (60G),No regulation,,0.2,missing price
3337872412516,La Roche Posay Effaclar Ultra Micellar 400ml,No regulation,,0.2,missing price
0850030689030,Revive Blood Pressure - 180 vcaps,No regulation,,0.2,missing price
5015802278248,MEDIUM CANDLE JAR JASMINE & OUD,No regulation,,0.2,missing price
5029053530499,Huggies wipes soft skin 56,No regulation,,0.2,missing price
60024633,Garnier Roll On 50ml For Women Floral Fresh (8x6),No regulation,,0.2,missing price
5055757901303,Fushi Amla Juice 500ml,No regulation,,0.2,missing price
9329401000527,C Lab & Co 100g Scrub Coffee,No regulation,,0.2,missing price
5430000087032,Mindscopic Moodmaster 50 Caps,No regulation,,0.2,missing price
0782126002006,Natracare Organic Super Digital Tampons 20pc,No regulation,,0,missing price
5060259571190,Gold Collagen Vegan,No regulation,,0.2,missing price
5014958075008,Avoca Caustic 40% Pencil,P,,0.2,missing price
4042809023305,elastocrepe bandage 5cm,No regulation,,0.2,missing price
8716900580765,Nutricia Fortisip Compact Energy Drink 125ml Forest Fruit 4 Pack,No regulation,,0,missing price
5038483844519,Scholl Softgrip C2 Knee Natural Medium,No regulation,,0.2,missing price
42299912,Nivea Roll On 50ml Women Pure Invisible,No regulation,,0.2,missing price
8719134161151,Rituals Jing Body Cream 220ml,No regulation,,0.2,missing price
5031413929430,Face Facts Joypixels 2 X 4.25g Lip Balm Tubes Kiss Me Quick Duo,No regulation,,0.2,missing price
60019394,Garnier Roll On 50ml For Women Ultra Dry (8x6),No regulation,,0.2,missing price
5011417589236,Nuromol 32 Tablets,P,,0.2,missing price
0658556116821,Botanicals For Life Organic Milk Thistle Extract 50ml,No regulation,,0.2,missing price
3600524123048,L'Oreal Men Expert S/Gel 300ml Extreme Sport,No regulation,,0.2,missing price
0010181048012,Palmers Cocoa Butter Formula 400ml Length Retention Shampoo,No regulation,,0.2,missing price
60019417,Garnier Roll On 50ml For Men Absolute Dry (8x6),No regulation,,0.2,missing price
8006540403921,ALWAYS ULTRA CASE 12 UNITS,No regulation,,0,missing price
87343052,Sure Roll On 50ml Invisible Icefresh Men,No regulation,,0.2,missing price
8712400800570,Aptamil Pepti 1 Tin 400g,No regulation,,0.2,missing price
5060112866180,Fushi Organic Pomegranate Oil 50ml,No regulation,,0.2,missing price
5060112865145,Fushi Organic Ginkgo Biloba 60caps,No regulation,,0.2,missing price
0733739026446,NOW Foods Chlorophyll Liquid 473ml,No regulation,,0.2,missing price
0708002407611,Faith In Nature Shea & Argan Shampoo 400ml,No regulation,,0.2,missing price
4086000007030,FRESUBIN ORIGINAL FIBRE [EASYBAG] (1L),No regulation,,0.2,missing price
5026445002732,Harmony Gold 400ml Hairspray Extra Firm Hold & Shine,No regulation,,0.2,missing price
0878941000256,Trace Mineral Liquid Magnesium Drops “Mega-Mag”,No regulation,,0.2,missing price
3574660413052,NICORETTE GUM 2MG ORIGINAL [GSL] (105S),No regulation,,0.2,missing price
4001638500210,PurifyingGelCleanser,No regulation,,0.2,missing price
8006540352052,Always Discreet Pad Ultimate Night 12,No regulation,,0,missing price
5060599187143,All Hands Hand Care Set Lychee & Asian Pear C),No regulation,,0.2,missing price
3660176502851,Douxo Care Foam (Mousse) 200ml,No regulation,,0.2,missing price
5028763009370,WISDOM STEP BY STEP TOOTHBRUSH 6-8 KIDS (),No regulation,,0.2,missing price
5060018881119,Theratears 5 in 1 Screen Eyes 10ml,GSL,,0.2,missing price
5000347078224,NIQUITIN CLR PATCH STEP 1 21MG (14S),No regulation,,0.2,missing price
0714924022955,Jamaican Mango & Lime 118ml Black Castor Oil Peppermint,No regulation,,0.2,missing price
5025970010946,NIVEA RAINBOW DUO GIVT SET 1,No regulation,,0.2,missing price
0782126003508,Natracare Dry & Light Inco Slim Pads 20pc,No regulation,,0,missing price
5011501001873,IBUPROFEN GEL 5% [AAH] (100GM),No regulation,,0.2,missing price
7350121255975,TePe Interdental Brush 0.5mm Red 6s (New Pack),No regulation,,0.2,missing price
4987072051771,Kool N Soothe Roller Ball 5ml,GSL,,0.2,missing price
5060203790868,Terranova Microbiome Challenge 100's (NEW PRODUCT),No regulation,,0.2,missing price
3282770393620,Av�ne Cicalfate Serum 30ml,No regulation,,0.2,missing price
5012251885256,Beauty Formulas Active Toothbrush Wave Action 3's Cdu 12,No regulation,,0.2,missing price
8710447217054,Dove Body Scrub 225ml Macadamia,No regulation,,0.2,missing price
9317129041908,FLEXITOL HEEL BALM 500G (500G),No regulation,,0.2,missing price
0658556116760,Botanicals For Life Organic Oregano Oil 50ml,No regulation,,0.2,missing price
5050375083608,Masterplast 70g Heel Balm,No regulation,,0.2,missing price
5015802278330,LARGE CANDLE JAR SWEET HONEYSUCKLE,No regulation,,0.2,missing price
5060133373629,Pollenase Cetirizine 30 Tablets,GSL,,0.2,missing price
5000174990164,H&S Shampoo 400ml Classic Clean,No regulation,,0.2,missing price
8006540697474,Tampax Compak Pearl Super Plus 16,No regulation,,0,missing price
8716900581588,Nutricia Fortisip Compact Protein Drink 125ml Peach Mango 4 Pack,No regulation,,0,missing price
5701943100882,Riemann P20 Kids Sun Cream Pump SPF50+ 200ml,No regulation,,0.2,missing price
5031413929126,Face Facts Body Lotion Hyaluronic 400ml,No regulation,,0.2,missing price
5038483844953,SCHOLL SOFTGRIP C2 R/SOCKS BLK (X-LGE),No regulation,,0.2,missing price
5038581120683,Yankee Candle Home Inspiration Midnight Magnolia 104g,No regulation,,0.2,missing price
0782126203137,Natracare Safe to Flush Moist Tissues 30pc,No regulation,,0.2,missing price
0873024001502,Ener-Life Vit D3 1000IU Orange Sugar Free,No regulation,,0.2,missing price
5012616174803,BUTTERCUP SYRUP ORIGINAL (150ML),GSL,,0.2,missing price
5060342242334,GLUCORX X6 KETONE TEST STRIPS (10),No regulation,,0.2,missing price
8719134149586,Rituals Ayurveda Body Cream 220ml,No regulation,,0.2,missing price
5054563064820,Pirinase Allergy Spray 120 doses,GSL,,0.2,missing price
5055757978626,Fushi My Harmony Oil 50ml,No regulation,,0.2,missing price
3574660038408,CAREFREE BREATHABLE FLD UNSCENTED 20,No regulation,,0.2,missing price
0083000260445,Nature's Answer Sambucus Kids Formula,No regulation,,0.2,missing price
5032483001958,Cms 150ml Wintergreen Heat Spray,No regulation,,0.2,missing price
5011417556252,VEET MINI-WAX STRIPS 20,No regulation,,0.2,missing price
5010441008133,Numark Vitamin C 20 Effervescent tablets,No regulation,,0.2,missing price
0708002405914,Faith In Nature Lemon & Tea Tree Shampoo 400ml,No regulation,,0.2,missing price
5000347029523,NIQUITIN MINIS MINT 1.5MG LOZENGES (60S),No regulation,,0.2,missing price
5060022303935,St Tropez self tan express kit 2pc (50ml express tan & tanning mitt),No regulation,,0.2,missing price
9340800011136,Grown Alchemist Night Cream Skin Renewal 40ml,No regulation,,0.2,missing price
4086000005951,FRESUBIN HP ENERGY EASYBAG (1 LITRE),No regulation,,0.2,missing price
40111568,Lockets Cranberry & Blueberry 43g,No regulation,,0.2,missing price
8720181174599,DOVE 250ML A/P SPRAY INVISIBLE DRY,No regulation,,0.2,missing price
8886467064364,Lux Soap 3x80g Velvet Touch,No regulation,,0.2,missing price
5010441075418,melolin 10x10cm numark 100,No regulation,,0.2,missing price
5060112865886,Fushi Organic Avocado Oil 100ml,No regulation,,0,missing price
5025452000588,Salt of the Earth Deo Spray - Sweet Strawberry 100ml,No regulation,,0.2,missing price
5028763014923,WISDOM RENEW MANUAL CDU (36),No regulation,,0.2,missing price
4042809016758,WRIST BRACE L ACTIMOVE 7281945 LGE,No regulation,,0.2,missing price
5038483186053,Hibiscrub Pump Dispenser 5ml,No regulation,,0.2,missing price
5391531760378,Scope Omega Eye Capsules,No regulation,,0.2,missing price
5055566994039,Pristine Gleam Toothbrushes Medium with 3 Covers 4 Pack,No regulation,,0.2,missing price
5022545151479,PEPPA PIG T/B DUO,No regulation,,0.2,missing price
4084500477537,Clearblue Visual Rapid Detection Test 1 Test,No regulation,,0.2,missing price
5055757978640,Fushi Peri Harmony 60caps,No regulation,,0.2,missing price
8718951265837,COLGATE 50ML T/P 6-9 YEAR MINT 04/25,No regulation,,0.2,missing price
3600542052788,Garnier Naturals 200ml Rose Cleansing Milk,No regulation,,0.2,missing price
9317129041816,FLEXITOL SKIN BALM (200G),No regulation,,0.2,missing price
5000488108446,NELSONS CALENDULA CREAM (50G),No regulation,,0.2,missing price
3435172181061,QUIES MAXI SILICONE ADULT (3 PAIRS),No regulation,,0.2,missing price
0878941001109,"Trace Mineral Liquid Electrolyte Concentrate “40,000 Volts”",No regulation,,0.2,missing price
8006540731055,Oral-B Toothbrush Io3 Matt Black Ultimate 1,No regulation,,0.2,missing price
5054563060471,Piriteze allergy tablets 7,GSL,,0.2,missing price
5038581161884,Yankee Candle Home Inspiration Wrapping Paper Pine 104g,No regulation,,0.2,missing price
0013964415551,Mad Hippie Cream Cleanser 118ml,No regulation,,0.2,missing price
5060410574084,Beauty Kitchen SHP+ Bright Night Intensive Cream 60ml,No regulation,,0.2,missing price
8006540818862,Old Spice Shower Gel Whitewater 1000ml,No regulation,,0.2,missing price
0501261625990,Lyclear Express Treat & Protect 100ml,GSL,,0.2,missing price
4005900604965,NIVEA SUN SPRAY SENSITIVE SPF50 200ML,No regulation,,0.2,missing price
0091037510617,Mad Hippie Antioxidant Facial Oil 30ml,No regulation,,0.2,missing price
8710847963476,Dove Hand Cream Essential 75ml,No regulation,,0.2,missing price
3600524077426,L'Oreal Hyaluron Expert Night Cream 50ml,No regulation,,0.2,missing price
8720182655691,Dove Woman Time To Refresh Gift Set (C),No regulation,,0.2,missing price
0850030689269,Revive Lipid - 210 Tablets,No regulation,,0.2,missing price
5000309006609,ROBITUSSIN EXPECTORANT CHESTY (100ML),No regulation,,0.2,missing price
5022545151417,PAW PATROL 75ML T/P,No regulation,,0.2,missing price
5051389044876,Mitchum APD 200ml Unscented,No regulation,,0.2,missing price
5037200054712,OH K! 20ML SHEET MASK AVOCADO SUPER SILKY 05/24,No regulation,,0.2,missing price
3282770147605,Klorane Flax Dry Shampoo 150ml,No regulation,,0.2,missing price
4005900690531,Nivea Shower Gel 400ml For Men Power Refresh,No regulation,,0.2,missing price
4717095030114,GLUCORX NEXUS VOICE BLOOD GLUCOSE METER (1 KIT),No regulation,,0.2,missing price
0724742008345,Alba Botanica Kukui Nut Body Oil,No regulation,,0.2,missing price
4005900257062,Nivea Shower Gel 250ml Care & Roses,No regulation,,0.2,missing price
5015802291650,TEALIGHTS BX/9 AUTUMN PUMPKIN,No regulation,,0.2,missing price
5060112865787,Fushi Organic Ashwagandha 60caps,No regulation,,0.2,missing price
5038581094304,Yankee Candle Home Inspiration Unicorn Dreams 538g,No regulation,,0.2,missing price
8809598454651,Cosrx - The Vitamin C 23 Serum - Vitamin C Serum - 20ml,No regulation,,0.2,missing price
5060426158377,Sarah Jessica Parker Lovely Giftset 2pc (100ml Edp Spray & 15ml Edp Spray),No regulation,,0.2,missing price
5051594006836,Aptamil Milk Hungry From Birth 800g,No regulation,,0.2,missing price
5060738578719,Baby Shark Kids Hot & Cold Soothing Pack,No regulation,,0.2,missing price
5060322952147,Yardley 200g Fragranced Talc English Rose,No regulation,,0.2,missing price
4086000015868,FRESUBIN 2KCAL DRINK NEUTRAL 4PACK (4X200ML),No regulation,,0.2,missing price
4051895008721,FRESUBIN 2KCAL MINI FIBRE VANILLA (4X125ML),No regulation,,0.2,missing price
0083000262562,Nature's Answer Kids Natural Mullein Syrup NEW,No regulation,,0.2,missing price
50184262,Dextro Energy Blackcurrent+ Vitamin C 47g,No regulation,,0.2,missing price
0810100921644,SunwarriorProtein & Collagen Greens Vanilla,No regulation,,0.2,missing price
5031413933437,Face Facts Printed Forehead Mask,No regulation,,0.2,missing price
5010441002773,Numark Cystitis Relief 6 sachets,GSL,,0.2,missing price
5031413929782,Face Facts Himalayan Salt Body Scrub - 400g,No regulation,,0.2,missing price
0658556116777,Botanicals For Life Organic Oregano Oil 30ml,No regulation,,0.2,missing price
8717163702444,Lynx Gold Duo Gift Set 1,No regulation,,0.2,missing price
5028763012233,Wisdom Active White Charcoal Toothpaste 100ml,No regulation,,0.2,missing price
5060112865244,Fushi Organic St John's Wart 60caps,No regulation,,0.2,missing price
8001090705716,Tampax Compak Super Plus 18s,No regulation,,0,missing price
5028763012493,Numark Chlorhexidine Mint Mouthwash 300ml,No regulation,,0.2,missing price
5037353000543,Skins Chocolate 4 Pack,No regulation,,0.05,missing price
,Weight Loss Treatment - Saxenda,P,,0,missing EAN; missing price
5013455250307,NippleBalm,No regulation,,0.2,missing price
8700216487009,Vicks Sinex Natura Spray 20ml,GSL,,0.2,missing price
3600524081713,L'Oreal Men Expert S/Gel 300ml Magnesium Sensitive,No regulation,,0.2,missing price
3574660569834,Daktarin Intensive Cream 15g,GSL,,0.2,missing price
5028763004382,WISDOM DENTURE BATH (),No regulation,,0.2,missing price
0000000420112,I-M Elastic Wrist Support WS-301 One Size,No regulation,,0.2,missing price
0000000078856,I-M Wrist Brace WH-301 X-Large,No regulation,,0.2,missing price
8809598454637,Cosrx - The Niacinamide 15 Serum - Serum with 15% Niacinamide - 20ml,No regulation,,0.2,missing price
0731124402905,Biofreeze Pain Relief Roll-on 89ml,GSL,,0.2,missing price
8435465324040,BTB Water Based Cool Feeling Lubricant 100ml,No regulation,,0.2,missing price
0000009416611,OPI 15ML NAIL POLISH GOT MYSELF INTO A JAMBALAYA,No regulation,,0.2,missing price
5060284540000,Dalivit Drops 25ml,GSL,,0.2,missing price
5745000836093,Ra Hygge Concentrated Lion’s Mane Liquid Extract BIO (Focus),No regulation,,0.2,missing price
8718951431874,Sanex Roll On 50ml Anti Irritation,No regulation,,0.2,missing price
60024626,Garnier Roll On 50ml For Women Invisible Fresh Scent (8x6),No regulation,,0.2,missing price
7613036938259,SMA Little Steps Follow-On Milk 800g,No regulation,,0.2,missing price
5015259005138,SEA-BAND WRIST BAND FOR CHILDREN (2 BANDS),No regulation,,0.2,missing price
8720181295546,DOVE MEN+CARE 150ML DEO SPRAY CLASSIC,No regulation,,0.2,missing price
3433422408159,La Roche Posay Effaclar Clarifying Lotion 200ml,No regulation,,0.2,missing price
,Bio-Magnesium 60 Tablets,No regulation,,0.2,missing EAN; missing price
5038581130118,Yankee Candle Home Inspiration Duvet Day 538g,No regulation,,0.2,missing price
5038483844762,SCHOLL SOFTGRIP C1 THIGH NAT (LGE),No regulation,,0.2,missing price
8001841489704,Oral-B Sensitivity & Gum Calm Original Toothpaste 75ml,No regulation,,0.2,missing price
5038581112848,Yankee Candle Cliffside Large Jar 623g,No regulation,,0.2,missing price
8809416470047,Cosrx - AHA 7 Whitehead Power Liquid - Exfoliating Liquid with Natural AHA Acid - 100ml,No regulation,,0.2,missing price
7350121256019,TePe Interdental Brush 0.6mm Blue 6s (New Pack),No regulation,,0.2,missing price
4051895015606,FRESUBIN THICKENED LEVEL 2 STRAWBERRY (4X200ML),No regulation,,0.2,missing price
4024787430191,Liquivisc 0.25% Eye Gel 10ml,No regulation,,0.2,missing price
5060087367477,Derma V10 Self Tanning Mitt,No regulation,,0.2,missing price
3433422404397,La Roche Posay Thermal Spring Water 150ml,No regulation,,0.2,missing price
3661103003441,Frontline Spot On for Small Dogs 2-10kg 3 Pipettes,No regulation,,0.2,missing price
5060342242396,GLUCORX VIVID BLOOD GLUCOSE TEST STRIPS (50),No regulation,,0.2,missing price
5025970100135,NIVEA SUN SPRAY SPF30,No regulation,,0.2,missing price
5025452000731,Salt of the Earth Deo Spray - Amber & Sandalwood 100ml,No regulation,,0.2,missing price
5012583207214,Got2B Gel 50ml Glitter Glam Glorious Gold,No regulation,,0.2,missing price
5055148405861,St. John's Wort Extract 360mg 60 Tablets,No regulation,,0.2,missing price
0782126200150,Natracare Organic Intimate Wipes 12pc,No regulation,,0.2,missing price
5051594001954,Aptamil Growing Up Milk 4 From 2-3years 800g,No regulation,,0.2,missing price
7613035779013,SMA High Energy DSHL003 200ml XB,No regulation,,0.2,missing price
5060222940329,FULTIUM D3 80MCG/3200IU (90),No regulation,,0.2,missing price
0733739014405,NOW Foods Iron Complex 100,No regulation,,0.2,missing price
5028763014978,WISDOM STEP BY STEP BAMBOO T/BRUSH (1),No regulation,,0.2,missing price
5028763009349,Wisdom Step By Step Childrens Toothbrush 0-2 Years Cdu 6,No regulation,,0.2,missing price
5038483844632,SCHOLL SOFTGRIP C1 KNEE NAT (MED),No regulation,,0.2,missing price
0017854103153,Baylis & Harding Signature Men's Black Pepper & Ginseng 3 Piece Set,No regulation,,0.2,missing price
5054563916556,Calvive 1000 30 Effervescent Tablets,P,,0.2,missing price
5010441003404,gauze swabs 7.5cm ster 5 numark,No regulation,,0.2,missing price
4005900661364,NIVEA Q10 POWER 60+ ANTI-WRINKLE + REPLENISHING DAY CREAM SPF15,No regulation,,0.2,missing price
8716900559396,Fortini 1.0 Multi Fibre Strawberry 200ml,No regulation,,0,missing price
8809598454644,COSRX - The Retinol 0.5 Oil - Oil Serum with Retinol - 20ml,No regulation,,0.2,missing price
0850030689108,Revive Glucose - 180 vcaps,No regulation,,0.2,missing price
5060216564739,Haliborange Calcium & Iron Tablets Orange 30's 3-12 Years,No regulation,,0.2,missing price
8006540451991,ALWAYS MAXI PROFRESH NIGHT 10'S,No regulation,,0,missing price
5014749180751,Cs Medic Oral Waxed Floss Picks 75 Pack,No regulation,,0.2,missing price
5050375041219,Masterplast Hypoallergenic 100pk,No regulation,,0.2,missing price
5054563118936,CORSODYL GUM+SENSITIVITY & BREATH TPASTE (75ML),No regulation,,0.2,missing price
4005900783103,Nivea Naturally Good Shower Gel 300ml Rose Water & Organic Oil,No regulation,,0.2,missing price
5060464500213,Numark Ibuprofen 400mg 84 Tablets,P,,0.2,missing price
5025970023397,Nivea Men Sensitive Moisturiser 75ml,No regulation,,0.2,missing price
0878941000140,Trace Mineral Liquid Ionic Boron Drops,No regulation,,0.2,missing price
8006540463437,Fixodent Original Denture Adhesive 65g,No regulation,,0.2,missing price
5028763009295,WISDOM INTERDENT CLEAN BETWEEN BRUSH M/G (20S),No regulation,,0.2,missing price
0782126003072,Natracare Panty Liners - Tanga 30pc,No regulation,,0,missing price
5025970011240,Nivea Pampering Rose Gift Set 1,No regulation,,0.2,missing price
8006540588499,Always Ultra Secure Night Wings 8ct,No regulation,,0,missing price
8720182783097,Lynx Duo Gift Set Jungle Fresh (C),No regulation,,0.2,missing price
5050375040731,Masterplast 1st Aid Kit 24pc,No regulation,,0.2,missing price
0782126008008,Natracare Organic Regular Applicator Tampons 16pc,No regulation,,0,missing price
5060259571374,Gold Collagen Multidose,No regulation,,0.2,missing price
0873024001403,Ener-B Complex+ Orange Sugar Free,No regulation,,0.2,missing price
3600524162740,L'Oreal Elvive Full Restore 5 Conditioner 300ml,No regulation,,0.2,missing price
8700216305570,Vicks Inhaler Clipstrip,GSL,,0.2,missing price
5060070320052,Nebuliser Adult Face Mask Set Ao2,No regulation,,0.2,missing price
8001841543710,Always Discreet Boutique Pantsblack Lrg 8s,No regulation,,0,missing price
7640110709023,PURE VIA STEVIA (250G),No regulation,,0.2,missing price
3574661287201,Neutrogena Moisturiser 50ml Hydro Boost Water Gel,No regulation,,0.2,missing price
4086000007085,FRESUBIN ENERGY FIBRE [EASYBAG] (1L),No regulation,,0.2,missing price
8886467064357,Lux Soap 3x80g Soft Touch,No regulation,,0.2,missing price
8006540088869,Herbal Essences Bio Renew Coconut Milk Hair Mask 450ml,No regulation,,0.2,missing price
4086000007009,FRESUBIN ORIGINAL [EASYBAG] (1L),No regulation,,0.2,missing price
3701056803696,Puressentiel Kids Acti Pure Syrup 125ml,No regulation,,0.2,missing price
5022339634010,mega 8 biotix,No regulation,,0.2,missing price
5025135121135,Malibu Clear Protection Spray SPF30 200ml,No regulation,,0.2,missing price
5000158100527,strepsils honey & lemon 36,GSL,,0.2,missing price
3574661577531,CALPOL SOOTHE&CARE NIGHT LIGHT REFILLS (10),No regulation,,0.2,missing price
8700216452670,Old Spice Shower Gel Night Panther 1000ml,No regulation,,0.2,missing price
0083000006401,Nature's Answer Liquorice Root,No regulation,,0.2,missing price
5038581065922,Yankee Candle Home Inspiration White Linen and Lace 104g,No regulation,,0.2,missing price
9340800011327,Grown Alchemist Serum Instant Smoothing 25ml,No regulation,,0.2,missing price
30070349,La Roche Posay Nutritic Moisturising Lip Cream 4.7ml,No regulation,,0.2,missing price
8001090130761,ORAL B COMPLETE 75ML T/P,No regulation,,0.2,missing price
5028763013766,WISDOM RENEW BAMBOO TOOTHBRUSH (1),No regulation,,0.2,missing price
0810020174038,Bondi Sands Application Mitt,No regulation,,0.2,missing price
8720181222610,DOVE CARE NATURE 225ML B/WASH RE COCO&AL,No regulation,,0.2,missing price
0814784027227,Sunwarrior Classic Organic Unflavored,No regulation,,0.2,missing price
5060259570018,Gold Collagen Pure Collagen 50ml,No regulation,,0.2,missing price
5055757900412,Fushi Argan & Amalaki Shampoo 230ml,No regulation,,0.2,missing price
5702150144461,Cipralex Oral Drops 20mg/ml 15ml,GSL,,0.2,missing price
5010441012475,Numark Ibuprofen 200mg 16 Coated Tablets,GSL,,0.2,missing price
5037353005678,Skins Bubblegum Water Based Lubricant 4.4 fl oz (130ml),No regulation,,0.2,missing price
8008970048703,Wash & Go Shampoo 2 In 1 400ml Classic,No regulation,,0.2,missing price
5060410574220,Beauty Kitchen AO Night Halo Potent Sleep Mask 60ml,No regulation,,0.2,missing price
5000477727191,Pro-plus Ultra 10 Capsules,GSL,,0.2,missing price
5060112864797,Fushi Organic Shatavari 60caps,No regulation,,0.2,missing price
5035883000132,Snoreeze Dual Action 16 Lozenges,GSL,,0.2,missing price
5054563060426,piriteze allergy tablets 14,GSL,,0.2,missing price
0000000022163,I-M Wrist Brace WH-301 Small,No regulation,,0.2,missing price
8006540827291,Pampers baby dry size 5 23 Pack,No regulation,,0,missing price
50096725,Sure Roll On 50ml Sensitive For Men,No regulation,,0.2,missing price
9329401000565,C Lab & Co 300ml Body Wash,No regulation,,0.2,missing price
5037353004749,Skins Strawberry Water Based 4.4 fl oz (130ml),No regulation,,0.2,missing price
5028763014381,WISDOM ORTHO CDU (1),No regulation,,0.2,missing price
5000128785938,Driclor Antiperspirant Roll-On 20ml,P,,0.2,missing price
4001638080262,IrisBalancingNightCream,No regulation,,0.2,missing price
5055757904397,Fushi Organic Moringa Oil 50ml,No regulation,,0.2,missing price
5038483844946,SCHOLL SOFTGRIP C2 R/SOCKS BLK (LGE),No regulation,,0.2,missing price
5060464502538,Diphenhydramine 50mg 20 Pack,P,,0.2,missing price
0873024001427,Ener-B Complex+ Raspb/Lemon Sugar Free,No regulation,,0.2,missing price
3574661731247,Zarbees Child Cough Syrup 100ml,GSL,,0.2,missing price
3401546259902,Puressentiel Muscles & Joints Roller 75ml,No regulation,,0.2,missing price
7630486401461,PURE VIA XYLITOL (225G),No regulation,,0.2,missing price
9329401000268,Pure Paw Paw 15g Ointment Passion Fruit Blue,No regulation,,0.2,missing price
5055148406318,Valerian Root Extract 300g 60 Tablets,No regulation,,0.2,missing price
5038581063645,Yankee Candle 104g Small Jar Seaside,No regulation,,0.2,missing price
5000174163049,Olay Total Effects 50ml 7X Day Cream Sensitive,No regulation,,0.2,missing price
5060284540987,Dalivit D3 Vit Drops 28ml,GSL,,0.2,missing price
5060391848013,Dr. Organic Being Ageless Gift Set 3 Pack,No regulation,,0.2,missing price
3600523882366,L'Oreal Elvive Full Resist Conditoner 300ml,No regulation,,0.2,missing price
8809447254609,Dr. Althea - 15% Niacinamide Purity Serum - Serum with Niacinamide - 30ml,No regulation,,0.2,missing price
5012583205906,Right Guard APD 250ml For Women Soft,No regulation,,0.2,missing price
0017854123021,"Baylis & Harding Goodness Oud, Cedar & Amber Essentials Gift Set",No regulation,,0.2,missing price
0708002410727,Faith In Nature Tea Tree Conditioner 400ml,No regulation,,0.2,missing price
60024640,Garnier Roll On 50ml For Women Cotton Fresh (8x6),No regulation,,0.2,missing price
4005900495211,Nivea APD Spray 250ml Men Deep Dry & Clean Feel,No regulation,,0.2,missing price
5032331016264,Selfcheck Test Kit Urine Infection,No regulation,,0.2,missing price
7702018263844,GILLETTE PROGLIDE MANUAL BLADES (4S),No regulation,,0.2,missing price
5015802278286,LARGE CANDLE JAR VANILLA & CASHMERE,No regulation,,0.2,missing price
3401545057837,Puressentiel Rest & Relax Air Spray 75ml,No regulation,,0.2,missing price
5060251740068,EPIMAX ISOMOL GEL (500G),No regulation,,0.2,missing price
5015802286878,MEDIUM CANDLE JAR STRAWBERRY SURPRISE,No regulation,,0.2,missing price
5055757900207,Fushi Nootropic Blend 60caps,No regulation,,0.2,missing price
0782126003287,Natracare Ultra Extra Pads Super w/wings 10pc,No regulation,,0,missing price
5070000991221,R.Y.M. Multivitamin Brain Formula,No regulation,,0.2,missing price
7702018464692,Gillette Shave Gel 200ml Fusion5 Sensitive,No regulation,,0.2,missing price
5053249227641,Masterplast Oriental Balm XL,No regulation,,0.2,missing price
8720182781741,Dove Bodywash Collection Set Relax (C),No regulation,,0.2,missing price
5015802289848,"CANDLE MANDARIN, TUBEROSE & WILD MUSK",No regulation,,0.2,missing price
5055757971498,Fushi Organic Neem Oil 50ml,No regulation,,0.2,missing price
8809598456242,COSRX - Ultra - Light Invisible Sunscreen SPF50+/PA++++ - Light Moisturizing Sunscreen - 50ml,No regulation,,0.2,missing price
0878941002113,Liquid Concentrace Trace Mineral Drops Glass Dropper,No regulation,,0.2,missing price
5056555200100,Applied Nutrition Probiotic Advanced Multi-Strain Formula 60 Capsules,No regulation,,0.2,missing price
5012509062163,MYCOTA POWDER (70G),No regulation,,0.2,missing price
5022545143757,Bathtime Buddie 300ml Bubble Bath with Blower,No regulation,,0.2,missing price
7322541056708,TENA SILHOUETTE NORMAL NOIR LARGE (9S),No regulation,,0.2,missing price
4086000011631,FRESUBIN ENERGY DRINK BLACKCURRANT 4PACK (4X200ML),No regulation,,0.2,missing price
5012583002734,LIVE Intense colour 090 Cosmic blue permanent hair dye,No regulation,,0.2,missing price
5017007603672,Motusol Gel 2.32% 30g,GSL,,0.2,missing price
5010724528105,Batiste Dry Shampoo 200ml Oriental,No regulation,,0.2,missing price
5060342241641,GlucoRx Nexus Mini Ultra Blood Glucose Meter,No regulation,,0.2,missing price
8714789652498,COLGATE T/BRUSH TRIPLE ACTION (),No regulation,,0.2,missing price
5000158102545,Nurofen Express 256mg 16 Tablets,GSL,,0.2,missing price
5060216565781,Haliborange Vitamin D Strawberry Effervescent 20's,No regulation,,0.2,missing price
5025135119965,Malibu Aftersun Lotion and Tan Extender 100ml,No regulation,,0.2,missing price
5028763008182,Wisdom Toothbrush Xtra Clean Firm Cdu 12,No regulation,,0.2,missing price
0731124402912,Biofreeze Pain Relief Spray 118ml,GSL,,0.2,missing price
0714924022566,Jamaican Mango & Lime 118ml Black Castor Oil Xtra Dark,No regulation,,0.2,missing price
5010724532553,VIVISCAL MAXIMUM STRENGTH (60),No regulation,,0.2,missing price
5010724538579,Batiste Leave-In Dry Conditioner 100ml Tropical,No regulation,,0.2,missing price
7322541130934,Tena Discreet 24's Normal,No regulation,,0.2,missing price
5037353004343,Skins Mint 8 Pack,No regulation,,0.05,missing price
5707725100316,Nourkrin Man 15 Days Supply 30 Tablets,No regulation,,0.2,missing price
0708002306280,Faith In Nature Dragon Fruit Hair Mask 300ml,No regulation,,0.2,missing price
8710447474419,Simple Daily Detox Purifying Face Wash 150ml,No regulation,,0.2,missing price
60024657,Garnier Roll On 50ml For Men Protection (8x6),No regulation,,0.2,missing price
4015400623496,PAMPERS SENSITIVE NEW BABY WIPES (50S),No regulation,,0.2,missing price
5060112865909,Fushi Organic Camellia Oil 100ml,No regulation,,0.2,missing price
0708002401121,Faith In Nature Hemp & Meadowfoam Conditioner 400ml,No regulation,,0.2,missing price
5060342241658,GLUCORX Q BLOOD METER (1),No regulation,,0.2,missing price
5038581091280,Yankee Candle Sunny Large Jar 623g,No regulation,,0.2,missing price
5017353505828,Galpharm 6+ Paracetamol Solution 250mg/5ml 80ml,GSL,,0.2,missing price
0782126200112,Natracare Organic Baby Wipes 50pc,No regulation,,0.2,missing price
60023841,Garnier Roll On 50ml For Women Invisible (8x6),No regulation,,0.2,missing price
0894147000418,Sliquid Naturals Sassy Anal Lubricant-255ml,No regulation,,0.2,missing price
5028763007871,WISDOM INTERDENT CLEAN BETWEEN BRUSH F/B (20S),No regulation,,0.2,missing price
0782126003119,Natracare Ultra Pads Super Plus 12pc,No regulation,,0,missing price
5060060213722,Astonish Bath Soak 750ml Golden Glow,No regulation,,0.2,missing price
5060022303645,St Tropez Self Tan Mousse Berry 200ml,No regulation,,0.2,missing price
,Migraine treatment - Rizatriptan 10mg tablets,P,,0,missing EAN; missing price
8886467039997,Vaseline Body Oil 200ml Cocoa Radiant,No regulation,,0.2,missing price
5031413929461,Face Facts Joypixels 2 X 4.25g Lip Balm Tubes Cupcake Queen Duo,No regulation,,0.2,missing price
3600523494026,L'Oreal Elvive Extraordinary Oil 100ml Coconut,No regulation,,0.2,missing price
5060519147431,Pukka Calm Collection Gift Pack,No regulation,,0.2,missing price
4042809054224,soffcrepe bandage 5cm 4.5m,No regulation,,0.2,missing price
5028763014626,WISDOM CHANGE YOUR TOOTHBRUSH CDU 2021 (1),No regulation,,0.2,missing price
5015802291339,30CL CANDLE MERRY & BRIGHT,No regulation,,0.2,missing price
5015802278309,LARGE CANDLE JAR SPA MOMENTS,No regulation,,0.2,missing price
4005808230679,Nivea APD Spray 250ml Women Double Effect Violet,No regulation,,0.2,missing price
8809598455801,COSRX Advanced Snail Mucin Gel Cleanser 150ml,No regulation,,0.2,missing price
4064665099478,OPI 15ML NAIL POLISH MEDI-TAKE IT ALL IN,No regulation,,0.2,missing price
5015802291346,30CL CANDLE GLITZ & GLAM,No regulation,,0.2,missing price
5060519148476,Pukka Festive Collection 2022,No regulation,,0.2,missing price
5031413930429,Face Facts Joypixels 2 X 4.25g Lip Balm Tubes Coconut Creme Duo,No regulation,,0.2,missing price
5055757900405,Fushi Scalp Soother Herbal Shampoo 230ml,No regulation,,0.2,missing price
5025970803241,NIVEA LOTION NORMAL SKIN 250ML,No regulation,,0.2,missing price
5054563083623,DRICLOR (75ML),No regulation,,0.2,missing price
5025135120985,Malibu SPF30 Scalp Protector 100ml,No regulation,,0.2,missing price
5000283662594,Nasacort Allergy 30 spray,GSL,,0.2,missing price
5019686004252,Snowfire Ointment Stick 18g,GSL,,0.2,missing price
8720181637292,"Dove With Love Pampering 3pc Set - 2x225ml Bodywash, Body Puff",No regulation,,0.2,missing price
5017634119003,Spotlight Oral Care for Sensitive Teeth 100ml,No regulation,,0.2,missing price
5025903011484,IBUPROFEN GEL 10% [AAH] (30GM),No regulation,,0.2,missing price
5011842110210,Bassetts 3-11 Years Immune Support 30 Gummies,No regulation,,0.2,missing price
5019091501209,Revitale Facial Wax Strips for Normal & Sensitive Skin 12 Pack,No regulation,,0.2,missing price
0658556116852,Botanicals For Life Organic Dandelion Leaf Extract 50ml,No regulation,,0.2,missing price
4086000010153,FRESUBIN 1200 COMPLETE EASYBAG (1000ML),No regulation,,0.2,missing price
3600524076719,L'Oreal Men Expert AP Roll On 50ml Barber Club,No regulation,,0.2,missing price
7702018980901,Gillette Classic Men's Shave Gel 200ml Regular,No regulation,,0.2,missing price
5000347078804,NIQUITIN STEP 1-7 DAY PK GSL 21MG (7S),No regulation,,0.2,missing price
7611916124877,BirchBodyScrub,No regulation,,0.2,missing price
4064665092905,OPI INFINITE SHINE 2.0 15ML NAIL POLISH THE FUTURE IS YOU,No regulation,,0.2,missing price
5015802291605,MEDIUM CANDLE JAR SPICED APPLE,No regulation,,0.2,missing price
0658556116715,Botanicals For Life Organic Echinacea Extract 100ml,No regulation,,0.2,missing price
4006000037455,Nivea Lip Balm 5ml Original Care (Limited Edition),No regulation,,0.2,missing price
5025452001905,Salt of the Earth Melon Cucumber Refill Deodorant 75ml,No regulation,,0.2,missing price
5011417566497,OPTREX NIGHT REPAIR GEL DROPS (10ML),No regulation,,0.2,missing price
0658556116722,Botanicals For Life Organic Fenugreek Extract 50ml,No regulation,,0.2,missing price
0814784026794,Sunwarrior Collagen Chocolate Fudge,No regulation,,0.2,missing price
0085805255350,Elizabeth Arden Eight Hour Crm Set 3pc,No regulation,,0.2,missing price
0609132555435,HUX D3 20000IU CAPS (20),No regulation,,0.2,missing price
5012583205609,LIVE Urban metallics U67 Blue mercury permanent hair dye,No regulation,,0.2,missing price
5017848249237,Bells Almond Oil 70ml,No regulation,,0.2,missing price
5060251740402,EPIMAX OATMEAL CREAM (100G),No regulation,,0.2,missing price
7350121256057,TePe Interdental Brush 0.7mm Yellow 6s (New Pack),No regulation,,0.2,missing price
5010058079120,Instrapac Dressing Scissors,No regulation,,0.2,missing price
3337872414145,La Roche Posay Hand Cream Barrier 50ml,No regulation,,0.2,missing price
3600524139728,L'Oreal Elvive Fibrology Shampoo 250ml,No regulation,,0.2,missing price
5010612808562,Brut Lotion 200ml Splash On,No regulation,,0.2,missing price
5900998000325,Carex Handwash 250ml Aloe Vera,No regulation,,0.2,missing price
5060112865084,Fushi Shilajit Extract 60caps,No regulation,,0.2,missing price
3600522626060,L'Oreal Men Expert Deo 150ml Thermic Resist,No regulation,,0.2,missing price
5038483844526,Scholl Softgrip C2 Knee Natural Large,No regulation,,0.2,missing price
5017353506481,treathay tablets 120mg 30,GSL,,0.2,missing price
0814784026817,Sunwarrior Collagen Tahitian Vanilla,No regulation,,0.2,missing price
0017854120365,Baylis & Harding Spiced Pumpkin & Vanilla Latte Hand Wash 500ml,No regulation,,0.2,missing price
5038483844779,SCHOLL SOFTGRIP C1 THIGH NAT (X-LGE),No regulation,,0.2,missing price
5000488303230,NELSONS RESCUE REMEDY GUMMIES ORANGE (60 GUMMI),No regulation,,0.2,missing price
5060112866029,Fushi Really Good Muscle & Joints Oil 100ml,No regulation,,0.2,missing price
5030104005026,JAKEMANS CHERRY STICK PACK (41G),No regulation,,0.2,missing price
3600524142438,L'Oreal Elvive Full Restore 5 Conditioner 500ml,No regulation,,0.2,missing price
4064665099454,OPI 15ML NAIL POLISH RUST & RELAXATION,No regulation,,0.2,missing price
4042809222708,ACTIMOVE WRIST WRAP 7341649 LGE/XL,No regulation,,0.2,missing price
4086000016643,FRESUBIN JUCY ORANGE (4X200ML),No regulation,,0.2,missing price
5056175911776,Pristine Gleam Denture Bath,No regulation,,0.2,missing price
3600542453110,Garnier Naturals Vit C Brightening Day Cream 50ml,No regulation,,0.2,missing price
0500012443975,Ventolin Evohaler 100mcg 200 doses,GSL,,0.2,missing price
5012583200741,Right Guard APD 250ml Original,No regulation,,0.2,missing price
5025970009377,Nivea Q10 Power Regime Gift Pack,No regulation,,0.2,missing price
8435465323838,BTB Fisting Gel Lubricant 100ml,No regulation,,0.2,missing price
5025903006022,IBUPROFEN GEL 10% [AAH] (100GM),No regulation,,0.2,missing price
5055148409265,Bromelain 1250 GDU 60 Tablets,No regulation,,0.2,missing price
5010724532522,VIVISCAL MAX STRENGTH MEN HAIR SUPPL 60S (60),No regulation,,0.2,missing price
5000309006470,Thermacare Neck to Arm 3 Pack,GSL,,0.2,missing price
3337872411991,La Roche Posay Foaming Gel Cleanser Effaclar Purifying 200ml,No regulation,,0.2,missing price
8001841804255,Clearblue Ultra Early Pregnancy Test 1ct,No regulation,,0.2,missing price
5028763014299,WISDOM RENEW CDU (1),No regulation,,0.2,missing price
5410076930425,H&S Shampoo 400ml Soothing Scalp,No regulation,,0.2,missing price
5000167056518,Nurofen 200mg Tablets 12,GSL,,0.2,missing price
3574661730783,Johnsons Baby Bath 300ml PMP £1.50,No regulation,,0.2,missing price
5038527002158,Harmony Hairspray Firm 225ml,No regulation,,0.2,missing price
4042809016901,WRIST BRACE R ACTIMOVE 7281948 MED,No regulation,,0.2,missing price
5060342240156,GLUCORX KETORX STICKS 2GK (50),No regulation,,0.2,missing price
5055757900450,Fushi Bringer of Peace Herbal Body Wash 230ml,No regulation,,0.2,missing price
8809598454668,Cosrx - The Hyaluronic Acid 3 Serum - Hyaluronic Acid Serum - 20ml,No regulation,,0.2,missing price
3600524162634,L'Oreal Elvive Colour Protect Conditioner 300ml,No regulation,,0.2,missing price
5015802278217,MEDIUM CANDLE JAR GOLDEN HOUR,No regulation,,0.2,missing price
5060149820094,SAMBUCOL IMMUNO FORTE (120ML),No regulation,,0.2,missing price
5028763012707,WISDOM ADVANCED WHITE BRIGHT TOOTHPASTE (75ML),No regulation,,0.2,missing price
8711700887922,DOVE 250ML B/LOTION SHEA BUTTER,No regulation,,0.2,missing price
3600523329847,L'Oreal Derm Micellar Water Soft Dry 400ml Sens Sk,No regulation,,0.2,missing price
5031413928570,Face Facts Ceramide Gel Cream Moisturising 50ml,No regulation,,0.2,missing price
0000000020244,I-M Neoprene Padded Knee Support NS-702 Small,No regulation,,0.2,missing price
0878941000058,Liquid Concentrace Trace Mineral Drops 237ml,No regulation,,0.2,missing price
4042809016697,WRIST BRACE L ACTIMOVE 7281943 SML,No regulation,,0.2,missing price
4086000013543,FRESUBIN 2KCAL FIBRE DRINK VANILLA 4PACK (4X200ML),No regulation,,0.2,missing price
5038483844557,SCHOLL SOFTGRIP C2 KNEE O/TOE NAT (MED),No regulation,,0.2,missing price
5013692266499,Umbro Champ Bath & Shower Gel Set 4x75ml,No regulation,,0.2,missing price
8809598452336,Cosrx - Full Fit Propolis Honey Overnight Mask - Nourishing Night Mask with Propolis - 60ml,No regulation,,0.2,missing price
5017353503190,Galpharm Paracetamol 500mg 16 Capsules,GSL,,0.2,missing price
3337875586269,La Roche Posay Cicaplast Gel B5 40ml,No regulation,,0.2,missing price
5060123602128,Face Facts Ceramide Blemish Treatment Gel 50ml,No regulation,,0.2,missing price
5011501040100,Deep Heat Heat Rub 100g,No regulation,,0.2,missing price
3337875583589,La Roche Posay Anti-Ageing Moist 40ml,No regulation,,0.2,missing price
3337875876940,La Roche Posay Cicaplast-B5 40ml,No regulation,,0.2,missing price
5025452000489,Salt of the Earth P/mint & Tea Tree Foot Deo Spray 100ml,No regulation,,0.2,missing price
5012583200789,Right Guard APD 250ml Fresh,No regulation,,0.2,missing price
3616303795269,Beckham Bold Inst Gift Set Bs 150ml & Edt 50ml,No regulation,,0.2,missing price
0008718951232,COLGATE 75ML T/P SENSITIVE PROTECT 07/25,No regulation,,0.2,missing price
5015802291629,MEDIUM CANDLE JAR AUTUMN PUMPKIN,No regulation,,0.2,missing price
8001090899132,Always Platinum Pads Night Sp 8s,No regulation,,0,missing price
4084500400122,Head & Shoulders Scalp Care Hair Food 450ml Moisturizing,No regulation,,0.2,missing price
8006540827321,Pampers baby dry size 6 Pack,No regulation,,0,missing price
5028763010130,Wisdom 50ml Toothpaste Smokers Anti Stain,No regulation,,0.2,missing price
0634158743412,Applied Nutrition L-Carnitine 3000 Liquid Sour Apple 480ml,No regulation,,0.2,missing price
3282770102734,Avène Cleanance Expert Blemish Lotion 5ml,No regulation,,0.2,missing price
5037353004725,Skins Mango & Passionfruit Water Based 4.4 fl oz (130ml),No regulation,,0.2,missing price
8886467049514,Dove Body Lotion Beauty Cream 250ml,No regulation,,0.2,missing price
5010441204054,Numark Senna 7.5mg 60 Tablets,GSL,,0.2,missing price
5012583203209,LIVE Intense colour 043 Red passion permanent hair dye,No regulation,,0.2,missing price
8001090111661,Always Discreet Senstive Pants Plus Lge 8s,No regulation,,0,missing price
5055757935476,Fushi Biovedic Face Oil 30ml,No regulation,,0.2,missing price
0022796977526,OGX Conditioner 385ml Keratin Oil,No regulation,,0.2,missing price
3616301283447,MAX FACTOR NAILFINITY GEL TOP COAT STEP 2,No regulation,,0.2,missing price
5015802286861,MEDIUM CANDLE JAR SPARKLING LEMON,No regulation,,0.2,missing price
3600522506935,L'Oreal Elnett Mousse 200Ml Curls,No regulation,,0.2,missing price
0091037310439,Mad Hippie AHA Exfoliating Peel 30ml,No regulation,,0.2,missing price
5059001507662,Air Wick Botanica Candle Coconut Milk 500g,No regulation,,0.2,missing price
5701943102855,Riemann P20 Original Sun Cream SPF50 Spray 100ml,No regulation,,0.2,missing price
8719134153903,Rituals Karma Hand Balm 175ml,No regulation,,0.2,missing price
0634158743436,Applied Nutrition L-Carnitine 3000 Liquid Tangy Orange 480ml,No regulation,,0.2,missing price
5010724539675,Batiste Dry Shampoo 280ml Lifted,No regulation,,0.2,missing price
5702150146090,Cipralex 20mg 28 tablets,GSL,,0.2,missing price
4042809222487,ACTIMOVE GENUFAST KNEE 7341513 SML,No regulation,,0.2,missing price
3616303795245,Beckham Gift Set Respect Edt 40ml Shower Gel 200ml,No regulation,,0.2,missing price
4051895002101,FRESUBIN 2KCAL MINI FIBRE CHOCOLATE (4X125ML),No regulation,,0.2,missing price
5000158106185,Strepsils Extra Blackcurrant 24 Lozenges,GSL,,0.2,missing price
5060112865640,Fushi Organic Red Clover 60caps,No regulation,,0.2,missing price
5055757978602,Fushi Organic Castor Oil 30ml,No regulation,,0.2,missing price
5051562032102,Voltarol Paineze Emugel 100g,GSL,,0.2,missing price
5052197021288,Scholl Verruca Seal & Heal Gel 10ml,GSL,,0.2,missing price
3600542449656,Garnier Naturals Vit C Brightening Serum Cream SPF 50ml,No regulation,,0.2,missing price
5012674043035,Nizoral Cream 30g,P,,0.2,missing price
5015802278279,LARGE CANDLE JAR LAVENDER FIELDS,No regulation,,0.2,missing price
5027314498977,Bio-Kult Migrea 60 Capsules,No regulation,,0.2,missing price
8006540815885,Pampers Harmonie New Baby Wipes 46's,No regulation,,0.2,missing price
5013692270298,La Roche Posay Thermal Spring Water Sensitive Skin 300ml,No regulation,,0.2,missing price
4005900690494,Nivea Shower Gel 400ml For Men Energy,No regulation,,0.2,missing price
8001090733757,Tampax Pearl Regular Tampons 18s,No regulation,,0,missing price
5031413932027,Face Facts Printed Eye Patches Prep & Glow 2 pairs,No regulation,,0.2,missing price
8594739305441,Nevolat (Saxenda/Liraglutide) 6mg/ml Pack of 5,P,,0,missing price
5025135121210,Malibu SPF4 Bronzing Tanning Oil with Carotene 200ml,No regulation,,0.2,missing price
0810100921637,SunwarriorProtein & Collagen Greens Chocolate,No regulation,,0.2,missing price
5038581112909,Yankee Candle Tropical Large Jar 623g,No regulation,,0.2,missing price
5011842110401,Bassetts 3-6 Years Multivitamins 30 Gummies,No regulation,,0.2,missing price
0782126003034,Natracare Super Maxi Pads 12pc,No regulation,,0,missing price
5025135120824,Malibu SPF50 Kids Roll-on Lotion 50ml,No regulation,,0.2,missing price
5015802291636,TEALIGHTS BX/9 SPICED APPLE,No regulation,,0.2,missing price
5011417809730,Strefen Eucalyptus & Makuna 16 Lozenges,GSL,,0.2,missing price
2112345678900,Calcichew-D3 500mg/200IU 100 Chewable Tablets,P,,0.2,missing price
8717163676721,DOVE 250ML A/P SPRAY APPLE & WHITE TEA,No regulation,,0.2,missing price
53992741,Sudocrem My Little Sudocrem Cream 22g,No regulation,,0.2,missing price
5060112861772,Fushi Organic Flaxseed Oil 100ml,No regulation,,0,missing price
5060201410089,"Sugar Coated Full Body Hair Removal Kit with 200g Jar, 3 Applicators & 15 Reusable Strips",No regulation,,0.2,missing price
8718951540101,Sanex Skin Protect Cleanse Shower Gel 200ml,No regulation,,0.2,missing price
4086000007023,FRESUBIN ORIGINAL FIBRE [EASYBAG] (500ML),No regulation,,0.2,missing price
8435465325221,BTB Water Based Tingling Lubricant 250ml,No regulation,,0.2,missing price
8710522428320,Radox Feel Restored Gift Set 1,No regulation,,0.2,missing price
4005808780556,Nivea Crème 400ml Irresistibly Smooth (6X2),No regulation,,0.2,missing price
7350121254114,TEPE PURE UNFLAVOURED TOOTHPASTE (1 X 75ML),No regulation,,0.2,missing price
8886467000799,"Vaseline Deo Spray 250ml Aloe SensitiveUK,DE,FR,NL,ES,IT",No regulation,,0.2,missing price
3701056802231,Puressentiel Respiratory Nasal Hygiene Spray 100ml,No regulation,,0.2,missing price
3337875763790,La Roche Posay Moisturising Body Balm Lipikar Baume AP+M 200ml,No regulation,,0.2,missing price
,Natural Xtract Rosemary Hair Oil 100ml,No regulation,,0.2,missing EAN; missing price
96201107,BetterYou Immune Health 50ml,No regulation,,0.2,missing price
8640778498498,Almus Co-Codamol Effervescent 8/500Mg 32 Tablets,P,,0.2,missing price
3401546259551,Puressentiel Rest & Relax Stress Roller 5ml,No regulation,,0.2,missing price
6973130251908,emcrepe bandage 5cm 4.5m,No regulation,,0.2,missing price
0017854123830,"Baylis & Harding Goodness Awaken Lime, Mint & Eucalyptus Body Wash 500ml",No regulation,,0.2,missing price
3282770204971,avene antirougeur,No regulation,,0.2,missing price
0878941000195,Trace Mineral Liquid Ionic Zinc Drops,No regulation,,0.2,missing price
5000101504952,Original Source S/Gel 250ml Sea Salt,No regulation,,0.2,missing price
0017854123076,Baylis & Harding The Edit Vanilla 2 Bottle Set,No regulation,,0.2,missing price
5025452000564,Salt of the Earth Deo Spray - Vetiver & Citrus 100ml,No regulation,,0.2,missing price
5060022303621,St Tropez Bronzing Self Tan Mousse Berry Sorbet 200ml,No regulation,,0.2,missing price
5050375071810,Masterplast 170g Foot Powder,No regulation,,0.2,missing price
5000309007002,Anadin Joint Pain 16 Tablets,GSL,,0.2,missing price
5000158063044,FYBOGEL MEBEVERINE (10 SACH),No regulation,,0.2,missing price
5060342242303,GLUCORX AIDEX SENSOR (1),No regulation,,0.2,missing price
5011784003908,Flourish Menopause Kit 2 tests,GSL,,0.2,missing price
3337875837804,La Roche Posay Face Serum Cicaplast B5 for Dehydrated Skin 30ml,No regulation,,0.2,missing price
5000347082146,NIQUITIN 21MG PRE QUIT CLEAR PATCH (7),No regulation,,0.2,missing price
5035883004314,Snoreeze 14 Oral Strips,GSL,,0.2,missing price
8716900582561,Nutricia Fortisip Compact Protein Drink 125ml Mocha 4 Pack,No regulation,,0,missing price
5000123103126,Eumovate Ointment 100g,P,,0.2,missing price
7791940020113,Nitty Gritty Nitfree Comb,GSL,,0.2,missing price
5014302000212,COLIEF Vitamin D3 DROPS (20ML),No regulation,,0.2,missing price
5060216564968,Haliborange Effervescent Tablets Vitamin C Blackcurrant 20 Pack,No regulation,,0.2,missing price
5012254066942,Vo5 Volume Blow Dry Spray 200ml,No regulation,,0.2,missing price
5010441014721,Numark Manicure Set 5pc,No regulation,,0.2,missing price
5010441014318,NUMARK TUBULAR BANDAGE D 1M,No regulation,,0.2,missing price
5012251012898,Beauty Formulas Gold Revitalising Gel Mask 100Ml,No regulation,,0.2,missing price
0017854118942,Baylis & Harding Festive Hand Wash 500ml,No regulation,,0.2,missing price
5013692268936,BABY SHARK 300ML BUBBLE BATH,No regulation,,0.2,missing price
5037353004756,Skins Strawberry Water Based Lubricant 5ml foil,No regulation,,0.2,missing price
8809416470559,COSRX - Oil-Free Ultra-Moisturizing Lotion - Moisturizing Face Lotion - 100ml,No regulation,,0.2,missing price
40060729,Nivea Hand Cream 75ml Protective Care Beeswax,No regulation,,0.2,missing price
96201695,BetterYou Immune Health Kids 25ml,No regulation,,0.2,missing price
5060112863349,Fushi Energiplex 60caps,No regulation,,0.2,missing price
5011501040018,Deep heat Standard 35g,GSL,,0.2,missing price
7613287212542,Minami PlusEPA Liquid Adult 150ml,No regulation,,0.2,missing price
4086000006996,FRESUBIN ORIGINAL [EASYBAG] (500ML),No regulation,,0.2,missing price
4001638095136,NursingTea-DISCONTINUED,No regulation,,0.2,missing price
5011417581599,Gaviscon Core Heartburn & Indigestion Tablets Peppermint 12's,GSL,,0.2,missing price
4005808944811,Nivea Aftershave Balm 100ml Cooling Sensitive (4x6),No regulation,,0.2,missing price
3574660455076,Listerine Total Care Mini 95ml,No regulation,,0.2,missing price
5012335792104,Seven Seas + Multivits Cap 90s,No regulation,,0.2,missing price
0000000017558,I-M Elastic Wrist & Palm Support ES-401 Medium,No regulation,,0.2,missing price
8710847959219,Simple Exfoliating Facial Wipes 20 pack,No regulation,,0.2,missing price
5029053573281,KLEENEX ORIGINAL EXTRA LARGE TWIN (54S),No regulation,,0.2,missing price
5012583204312,Right Guard APD 250ml For Women Sport,No regulation,,0.2,missing price
5012616170409,TCP LIQUID (200ML),No regulation,,0.2,missing price
8008970057972,Wash & Go Shampoo 2 in 1 180ml Caffeine,No regulation,,0.2,missing price
4210201427254,Oral-B Vitality Pro Black & Lilac Duo Pk 2ct,No regulation,,0.2,missing price
9340800011044,Grown Alchemist Hand Cream Rich Restorative 65ml,No regulation,,0.2,missing price
5029053569239,Huggies Baby Wipes 72s Jumbo Pack Pure,No regulation,,0.2,missing price
5000174163018,Olay Total Effects 50ml Time Moist Uv spf15,No regulation,,0.2,missing price
8886467000782,"Vaseline Deo Spray 250ml Active FreshUK,DE,FR,NL,ES,IT",No regulation,,0.2,missing price
8718951217003,Palmolive Shower Gel 500ml Milk & Honey,No regulation,,0.2,missing price
5027314502629,Bio-Kult Everyday 60 Capsules,No regulation,,0.2,missing price
5000477726194,KALMS RHODIOLA (20),No regulation,,0.2,missing price
4086000012157,FRESUBIN ENERGY FIBRE DRINK CARAMEL (4X200ML),No regulation,,0.2,missing price
4086000016650,FRESUBIN JUCY PINEAPPLE (4X200ML),No regulation,,0.2,missing price
5050375011380,Masterplast Waterproof Plasters Assorted 100 Pack,No regulation,,0.2,missing price
5010724532539,VIVISCAL MAX STRENGTH MEN SUPPLEMNT 180S (180),No regulation,,0.2,missing price
,Emulsifess Ointment 500g,No regulation,,0.2,missing EAN; missing price
0000000017695,I-M Elastic Wrist & Thumb Support ES-403 X-Large,No regulation,,0.2,missing price
8720181342325,DOVE 750ML CARING BATH SHEA BUTTER&VAN,No regulation,,0.2,missing price
4210201324980,Oral-B 3D Power 5 White Refill Heads,No regulation,,0.2,missing price
5060361080382,Xailin Intense 0.3% Ha Pf Eye Drops 10ml,No regulation,,0.2,missing price
4001638500234,SOSSpotTreatment,No regulation,,0.2,missing price
5011842110708,Bassetts 7-11 Years Multivitamins 30 Gummies,No regulation,,0.2,missing price
0085805242886,ELIZABETH ARDEN WHITE TEA SKIN SOLUTIONS 50ML MICRO GEL CREAM,No regulation,,0.2,missing price
,"FUSSY Coconut Milk Refillable Natural Deodorant, Starter Pack, 40g",No regulation,,0.2,missing EAN; missing price
0071409542460,Mane 'n Tail Curls Day - Enhancing Smoothie 6.5oz,No regulation,,0.2,missing price
7610700626344,RICOLA LIQUORICE S/F BOX WITH STEVIA (45GM),No regulation,,0.2,missing price
5055757916673,Fushi Really Good Stretch Mark Oil 100ml,No regulation,,0.2,missing price
4005900495204,Nivea Deo Spray 150ml Men Deep Black Charcoal,No regulation,,0.2,missing price
5029354015701,AloeDent Probiotic Fluoride Free Mouthwash 250ml,No regulation,,0.2,missing price
5055757978657,Fushi Meno Harmony 60caps,No regulation,,0.2,missing price
7613038484938,SMA Pro Follow On Milk 6mth 800g,No regulation,,0.2,missing price
5055757935421,Fushi Turmeric C3 & Bioperine Extract 60caps,No regulation,,0.2,missing price
5012583211303,LIVE Colour + Lift L77 Deep coral permanent hair dye,No regulation,,0.2,missing price
5014107075200,Opticlear Lens Wipes 26 Pack,GSL,,0.2,missing price
8809598455474,COSRX - The Vitamin C 13 Serum - Vitamin C Serum - 20ml,No regulation,,0.2,missing price
5031413925968,Face Facts Vitamin C Jelly Cleanser 150ml,No regulation,,0.2,missing price
0071409542446,Mane 'n Tail Curls Day - Daily Moisture Lotion 6.5oz,No regulation,,0.2,missing price
5038581142487,Yankee Candle Wax Melt Fluffy Towels 22g,No regulation,,0.2,missing price
5060259571589,Gold Collagen Multidose 40+,No regulation,,0.2,missing price
5055586607070,Eight Triple Eight Dead Sea Minerals Shampoo 1L,No regulation,,0.2,missing price
4005808685844,Nivea Crème 400ml Revitalising (6X2),No regulation,,0.2,missing price
0878941003530,Trace Mineral Liquid Ionic Magnesium Drops,No regulation,,0.2,missing price
8720182299680,Dove Gift Bag Set Blissfully Relaxing,No regulation,,0.2,missing price
4001638500227,RefiningLotion,No regulation,,0.2,missing price
8006540697412,Tampax Compak Pearl Regular 16,No regulation,,0,missing price
8714789846668,Colgate Cool Stripe Toothpaste 75ml,No regulation,,0.2,missing price
4086000007948,FRESUBIN 1000 COMPLETE EASYBAG (1000ML),No regulation,,0.2,missing price
4042809222524,ACTIMOVE GENUFAST KNEE 7341515 LGE,No regulation,,0.2,missing price
5053249249384,Masterplast Neon Plasters 60 Pack,No regulation,,0.2,missing price
8809598454996,Cosrx - The Retinol 0.1 Cream - 20ml,No regulation,,0.2,missing price
8720181342295,DOVE 750ML CARING BATH SILK,No regulation,,0.2,missing price
3600523610280,L'Oreal Elvive Extraordinary Coconut Oil Cond 300m,No regulation,,0.2,missing price
5055757931959,Fushi Biovedic Face Cream 50ml,No regulation,,0.2,missing price
4005900974563,Nivea Derma Skin Clear Wash Gel 150ml,No regulation,,0.2,missing price
0017854113077,B&H Sig Men Blk Pepp & Ginseng Set 3pc,No regulation,,0.2,missing price
5037353004763,Skins Watermelon Water Based 4.4 fl oz (130ml),No regulation,,0.2,missing price
5038581149455,Yankee Candle Home Inspiration Lavender Beach 104g,No regulation,,0.2,missing price
5026445002718,Harmony Gold 400ml Hairspray Firm Hold & Shine,No regulation,,0.2,missing price
50184491,Dextro Energy Tropical+ Vitamin C 47g,No regulation,,0.2,missing price
5017289002460,NUMARK BABY WIPES F/FREE 66,No regulation,,0.2,missing price
8710908500404,DOVE 150ML A/P SPRAY GO FRESH GRAPEFRUIT,No regulation,,0.2,missing price
5015802278262,MEDIUM CANDLE JAR COASTAL WATERS,No regulation,,0.2,missing price
5037200005387,OH K! SHEET MASK BLUEBERRY 02/25,No regulation,,0.2,missing price
5037353004947,Skins Natural Delay Serum 30ml,No regulation,,0.2,missing price
5015802291353,30CL CANDLE FIR & FROST,No regulation,,0.2,missing price
5037353004336,Skins Strawberry 8 Pack,No regulation,,0.05,missing price
5025903005810,Aqueous Cream 100gm,No regulation,,0.2,missing price
7640110708552,PURE VIA ERYTHRITOL (250G),No regulation,,0.2,missing price
3574661098531,Neutrogena Body Lotion 400ml Deep Moisture Dry Sensitive Skin,No regulation,,0.2,missing price
0309978695400,REVLON COLORSILK MEDIUM ASH BROWN 40,No regulation,,0.2,missing price
4015400542933,Pampers baby dry junior size 5 23 Pack,No regulation,,0,missing price
5012583207399,LIVE Colour + Lift L75 Deep red permanent hair dye,No regulation,,0.2,missing price
0782126003027,Natracare Regular Maxi Pads 14pc,No regulation,,0,missing price
5060177241113,Blistex Ultra Lip Balm spf50 4.25g,GSL,,0.2,missing price
3600524142827,L'Oreal Elvive Dream Lengths Conditioner 500ml,No regulation,,0.2,missing price
0083000167904,Nature's Answer NA PerioBrite Coco Pulling Oil NEW,No regulation,,0.2,missing price
8809447253473,Dr. Althea - Skin Relief Essence - Soothing Face Essence - 30ml,No regulation,,0.2,missing price
0782126003096,Natracare Panty Liners - Ultra Thin 22pc,No regulation,,0,missing price
5031413929812,Face Facts Brown Sugar Body Scrub - 400g,No regulation,,0.2,missing price
9340800011112,Grown Alchemist Serum Skin Renewal 25ml,No regulation,,0.2,missing price
5012583200864,Right Guard APD 250ml Cool,No regulation,,0.2,missing price
5038483844748,SCHOLL SOFTGRIP C1 THIGH NAT (SML),No regulation,,0.2,missing price
5012583200758,Right Guard APD 250ml For Women Invisible,No regulation,,0.2,missing price
5032483001927,Cms Proteqt 150ml Supercool Freeze Spray,No regulation,,0.2,missing price
5012583205401,LIVE Ultra brights 098 Steel silver semi-permanent 15 washes,No regulation,,0.2,missing price
7614700022595,Fenjal hand crème,No regulation,,0.2,missing price
5060464503184,Paracetamol 500mg (OTC) 16 Caplets,GSL,,0.2,missing price
5036631004419,MolluDab 2ml,GSL,,0.2,missing price
5060022300590,St Tropez Bronzing Self Tan Mousse Dark 200ml,No regulation,,0.2,missing price
0083000262531,Nature's Answer Mullein-X Cough Syrup NEW,No regulation,,0.2,missing price
5015802289862,CANDLE AMBER ORCHID & LOTUS BLOSSOM,No regulation,,0.2,missing price
3616300984994,OPI INFINITE SHINE 2.0 15ML NAIL POLISH FALL-ING FOR MILAN,No regulation,,0.2,missing price
9314839010057,SunSense Kids 50ml,No regulation,,0.2,missing price
8006540827260,Pampers baby dry size 4 25 Pack,No regulation,,0,missing price
0782126003409,Natracare Maternity Pads 10pc,No regulation,,0,missing price
8006540818824,Old Spice Shower Gel Captain 1000ml,No regulation,,0.2,missing price
5033852400310,PILLMATE SMART PAK MX PENTA 40031 (50),No regulation,,0.2,missing price
5033852400273,Pillmate Smart Pak Twice Daily L 50 Pack,No regulation,,0.2,missing price
5060216564753,Haliborange Omega 3 & Multivitamin Softies Orange 30's 3-12 Years,No regulation,,0.2,missing price
5035559026152,Endekay Daily Flouride Rinse 500ml,No regulation,,0.2,missing price
5054805042043,Bristows Classic original dry shampoo 200ml,No regulation,,0.2,missing price
5015664002777,Systane Gel Drops 10ml,No regulation,,0.2,missing price
8718951030367,Colgate Sensitive Whitening 75ml,No regulation,,0.2,missing price
5000158069770,Nurofen for Children Cold Fever&Pain 100ml,GSL,,0.2,missing price
3086123491113,Bic Ladies Disposable Razor Miss Soleil Colour Collection 7 Pack,No regulation,,0.2,missing price
5999554820330,poxclin coolmousse rapid relief 100ml,GSL,,0.2,missing price
3600524143077,L'Oreal Men Expert Deo 250ml Hydra Energetic Extreme Sport,No regulation,,0.2,missing price
