SKU,Images
2222222222222,https://images.openfoodfacts.org/images/products/222/222/222/2222/front_fr.28.400.jpg
5021791006694,https://images.openfoodfacts.org/images/products/502/179/100/6694/front_en.3.400.jpg
0020714297923,https://images.openbeautyfacts.org/images/products/002/071/429/7923/front_nl.4.400.jpg
4005900853301,https://images.openbeautyfacts.org/images/products/400/590/085/3301/front_fr.5.400.jpg
0857273008703,https://images.openfoodfacts.org/images/products/085/727/300/8703/front_en.3.400.jpg
3282770153170,https://images.openbeautyfacts.org/images/products/328/277/015/3170/front_fr.7.400.jpg
3282770153200,https://images.openbeautyfacts.org/images/products/328/277/015/3200/front_fr.3.400.jpg
8470003406581,https://images.openbeautyfacts.org/images/products/847/000/340/6581/front_es.9.400.jpg
0702811534513,https://images.openfoodfacts.org/images/products/070/281/153/4513/front_en.3.400.jpg
3337873401892,https://images.openbeautyfacts.org/images/products/333/787/340/1892/front_fr.5.400.jpg
4005900570802,https://images.openbeautyfacts.org/images/products/400/590/057/0802/front_xx.3.400.jpg
4005800161445,https://images.openbeautyfacts.org/images/products/400/580/016/1445/front_ar.7.400.jpg
4005800161421,https://images.openbeautyfacts.org/images/products/400/580/016/1421/front_fr.5.400.jpg
0814784024301,https://images.openfoodfacts.org/images/products/081/478/402/4301/front_fr.17.400.jpg
0814784027050,https://images.openfoodfacts.org/images/products/081/478/402/7050/front_en.3.400.jpg
3380810032901,https://images.openbeautyfacts.org/images/products/338/081/003/2901/front_es.4.400.jpg
0033984020320,https://images.openbeautyfacts.org/images/products/003/398/402/0320/front_xx.9.400.jpg
5060202181179,https://images.openfoodfacts.org/images/products/506/020/218/1179/front_en.3.400.jpg
0020714598907,https://images.openbeautyfacts.org/images/products/002/071/459/8907/front_en.3.400.jpg
0896364002756,https://images.openbeautyfacts.org/images/products/089/636/400/2756/front_fr.6.400.jpg
0020714222857,https://images.openbeautyfacts.org/images/products/002/071/422/2857/front_en.3.400.jpg
0850018802796,https://images.openbeautyfacts.org/images/products/085/001/880/2796/front_en.4.400.jpg
5060018513577,https://images.openfoodfacts.org/images/products/506/001/851/3577/front_fr.3.400.jpg
3282770390469,https://images.openbeautyfacts.org/images/products/328/277/039/0469/front_fr.4.400.jpg
0054402720028,https://images.openbeautyfacts.org/images/products/005/440/272/0028/front_en.3.400.jpg
0033984027725,https://images.openfoodfacts.org/images/products/003/398/402/7725/front_fr.3.400.jpg
4005800045578,https://images.openbeautyfacts.org/images/products/400/580/004/5578/front_en.4.400.jpg
3282779310741,https://images.openbeautyfacts.org/images/products/328/277/931/0741/front_fr.4.400.jpg
5051594006843,https://images.openfoodfacts.org/images/products/505/159/400/6843/front_en.3.400.jpg
3282770388954,https://images.openbeautyfacts.org/images/products/328/277/038/8954/front_fr.5.400.jpg
8809447251394,https://images.openbeautyfacts.org/images/products/880/944/725/1394/front_fr.3.400.jpg
3380810199802,https://images.openbeautyfacts.org/images/products/338/081/019/9802/front_fr.3.400.jpg
7702018273423,https://images.openbeautyfacts.org/images/products/770/201/827/3423/front_en.3.400.jpg
0033984027060,https://images.openfoodfacts.org/images/products/003/398/402/7060/front_en.3.400.jpg
0054402730188,https://images.openbeautyfacts.org/images/products/005/440/273/0188/front_pt.4.400.jpg
5060391845968,https://images.openfoodfacts.org/images/products/506/039/184/5968/front_fr.3.400.jpg
0033984032309,https://images.openfoodfacts.org/images/products/003/398/403/2309/front_es.3.400.jpg
3337875684101,https://images.openbeautyfacts.org/images/products/333/787/568/4101/front_en.21.400.jpg
8429979424464,https://images.openbeautyfacts.org/images/products/842/997/942/4464/front_fr.3.400.jpg
3282770208016,https://images.openbeautyfacts.org/images/products/328/277/020/8016/front_es.3.400.jpg
0020714045159,https://images.openbeautyfacts.org/images/products/002/071/404/5159/front_en.5.400.jpg
3282770203806,https://images.openbeautyfacts.org/images/products/328/277/020/3806/front_en.3.400.jpg
4001638526708,https://images.openbeautyfacts.org/images/products/400/163/852/6708/front_de.4.400.jpg
3282770396317,https://images.openbeautyfacts.org/images/products/328/277/039/6317/front_fr.5.400.jpg
3337875795456,https://images.openbeautyfacts.org/images/products/333/787/579/5456/front_en.14.400.jpg
3282770208795,https://images.openbeautyfacts.org/images/products/328/277/020/8795/front_en.4.400.jpg
3282770395938,https://images.openbeautyfacts.org/images/products/328/277/039/5938/front_en.14.400.jpg
3282770392999,https://images.openbeautyfacts.org/images/products/328/277/039/2999/front_fr.3.400.jpg
3282770388299,https://images.openbeautyfacts.org/images/products/328/277/038/8299/front_zh.3.400.jpg
3701129802076,https://images.openbeautyfacts.org/images/products/370/112/980/2076/front_fr.5.400.jpg
3337875829007,https://images.openbeautyfacts.org/images/products/333/787/582/9007/front_en.9.400.jpg
4020829006713,https://images.openbeautyfacts.org/images/products/402/082/900/6713/front_fr.4.400.jpg
3337875708289,https://images.openbeautyfacts.org/images/products/333/787/570/8289/front_fr.5.400.jpg
3282770038170,https://images.openbeautyfacts.org/images/products/328/277/003/8170/front_en.3.400.jpg
3282770146394,https://images.openbeautyfacts.org/images/products/328/277/014/6394/front_en.3.400.jpg
3282770390414,https://images.openbeautyfacts.org/images/products/328/277/039/0414/front_fr.4.400.jpg
4020829008793,https://images.openbeautyfacts.org/images/products/402/082/900/8793/front_en.3.400.jpg
3282770396331,https://images.openbeautyfacts.org/images/products/328/277/039/6331/front_it.8.400.jpg
3367729117264,https://images.openbeautyfacts.org/images/products/336/772/911/7264/front_fr.3.400.jpg
0859975002317,https://images.openbeautyfacts.org/images/products/085/997/500/2317/front_en.7.400.jpg
3380810032871,https://images.openbeautyfacts.org/images/products/338/081/003/2871/front_fr.3.400.jpg
4001638088763,https://images.openbeautyfacts.org/images/products/400/163/808/8763/front_es.3.400.jpg
3282770149562,https://images.openbeautyfacts.org/images/products/328/277/014/9562/front_de.5.400.jpg
3282770203554,https://images.openbeautyfacts.org/images/products/328/277/020/3554/front_fr.3.400.jpg
4001638095112,https://images.openbeautyfacts.org/images/products/400/163/809/5112/front_en.3.400.jpg
3337875398923,https://images.openbeautyfacts.org/images/products/333/787/539/8923/front_fr.3.400.jpg
3282770101362,https://images.openbeautyfacts.org/images/products/328/277/010/1362/front_en.9.400.jpg
4005800238963,https://images.openbeautyfacts.org/images/products/400/580/023/8963/front_fr.10.400.jpg
3282770397697,https://images.openbeautyfacts.org/images/products/328/277/039/7697/front_en.4.400.jpg
3282770146929,https://images.openbeautyfacts.org/images/products/328/277/014/6929/front_fr.5.400.jpg
3282770154559,https://images.openbeautyfacts.org/images/products/328/277/015/4559/front_fr.4.400.jpg
5060571720528,https://images.openbeautyfacts.org/images/products/506/057/172/0528/front_en.3.400.jpg
8809566991676,https://images.openbeautyfacts.org/images/products/880/956/699/1676/front_de.3.400.jpg
3282770138801,https://images.openbeautyfacts.org/images/products/328/277/013/8801/front_fr.12.400.jpg
3282770149074,https://images.openbeautyfacts.org/images/products/328/277/014/9074/front_ar.4.400.jpg
3282770149524,https://images.openbeautyfacts.org/images/products/328/277/014/9524/front_en.7.400.jpg
3282770149548,https://images.openbeautyfacts.org/images/products/328/277/014/9548/front_fr.3.400.jpg
3282770149487,https://images.openbeautyfacts.org/images/products/328/277/014/9487/front_fr.23.400.jpg
4001638086004,https://images.openbeautyfacts.org/images/products/400/163/808/6004/front_es.3.400.jpg
3337875542654,https://images.openbeautyfacts.org/images/products/333/787/554/2654/front_fr.4.400.jpg
3367729018943,https://images.openbeautyfacts.org/images/products/336/772/901/8943/front_fr.7.400.jpg
3337873401212,https://images.openbeautyfacts.org/images/products/333/787/340/1212/front_fr.5.400.jpg
5023652372061,https://images.openfoodfacts.org/images/products/502/365/237/2061/front_en.4.400.jpg
0020714462772,https://images.openbeautyfacts.org/images/products/002/071/446/2772/front_en.4.400.jpg
4001638099226,https://images.openbeautyfacts.org/images/products/400/163/809/9226/front_en.4.400.jpg
4001638099943,https://images.openbeautyfacts.org/images/products/400/163/809/9943/front_nl.4.400.jpg
0894147000111,https://images.openbeautyfacts.org/images/products/089/414/700/0111/front_en.3.400.jpg
0873024001021,https://images.openfoodfacts.org/images/products/087/302/400/1021/front_fr.3.400.jpg
3401528520846,https://images.openbeautyfacts.org/images/products/340/152/852/0846/front_fr.3.400.jpg
4020829004931,https://images.openbeautyfacts.org/images/products/402/082/900/4931/front_fr.3.400.jpg
3282779349185,https://images.openbeautyfacts.org/images/products/328/277/934/9185/front_fr.3.400.jpg
3605540596951,https://images.openbeautyfacts.org/images/products/360/554/059/6951/front_fr.5.400.jpg
3282770389883,https://images.openbeautyfacts.org/images/products/328/277/038/9883/front_en.3.400.jpg
3337875597333,https://images.openbeautyfacts.org/images/products/333/787/559/7333/front_en.39.400.jpg
6001159111351,https://images.openbeautyfacts.org/images/products/600/115/911/1351/front_fr.15.400.jpg
0020714389109,https://images.openbeautyfacts.org/images/products/002/071/438/9109/front_en.3.400.jpg
0074312000010,https://images.openfoodfacts.org/images/products/007/431/200/0010/front_es.3.400.jpg
0033984525511,https://images.openfoodfacts.org/images/products/003/398/452/5511/front_es.3.400.jpg
3282779348850,https://images.openbeautyfacts.org/images/products/328/277/934/8850/front_fr.5.400.jpg
5056142606124,https://images.openfoodfacts.org/images/products/505/614/260/6124/front_en.3.400.jpg
0753950001633,https://images.openbeautyfacts.org/images/products/075/395/000/1633/front_fr.4.400.jpg
3282770208962,https://images.openbeautyfacts.org/images/products/328/277/020/8962/front_fr.20.400.jpg
3282779390132,https://images.openbeautyfacts.org/images/products/328/277/939/0132/front_fr.3.400.jpg
3282770390179,https://images.openbeautyfacts.org/images/products/328/277/039/0179/front_fr.3.400.jpg
3701129803677,https://images.openbeautyfacts.org/images/products/370/112/980/3677/front_fr.3.400.jpg
3337875597357,https://images.openbeautyfacts.org/images/products/333/787/559/7357/front_en.26.400.jpg
8719324977432,https://images.openbeautyfacts.org/images/products/871/932/497/7432/front_de.4.400.jpg
7702018583805,https://images.openbeautyfacts.org/images/products/770/201/858/3805/front_en.3.400.jpg
5060571720177,https://images.openbeautyfacts.org/images/products/506/057/172/0177/front_en.3.400.jpg
3282770053111,https://images.openbeautyfacts.org/images/products/328/277/005/3111/front_fr.3.400.jpg
3701129804452,https://images.openbeautyfacts.org/images/products/370/112/980/4452/front_en.6.400.jpg
0033984041042,https://images.openfoodfacts.org/images/products/003/398/404/1042/front_en.5.400.jpg
6001051006076,https://images.openbeautyfacts.org/images/products/600/105/100/6076/front_en.5.400.jpg
0724742004002,https://images.openbeautyfacts.org/images/products/072/474/200/4002/front_en.3.400.jpg
0724742003890,https://images.openbeautyfacts.org/images/products/072/474/200/3890/front_en.3.400.jpg
3282770112047,https://images.openbeautyfacts.org/images/products/328/277/011/2047/front_fr.10.400.jpg
3337875597388,https://images.openbeautyfacts.org/images/products/333/787/559/7388/front_nl.29.400.jpg
3701129804377,https://images.openbeautyfacts.org/images/products/370/112/980/4377/front_en.6.400.jpg
3337875814652,https://images.openbeautyfacts.org/images/products/333/787/581/4652/front_en.21.400.jpg
5020465202615,https://images.openbeautyfacts.org/images/products/502/046/520/2615/front_en.3.400.jpg
96170830,https://images.openfoodfacts.org/images/products/000/009/617/0830/front_en.11.400.jpg
3282779003131,https://images.openbeautyfacts.org/images/products/328/277/900/3131/front_fr.12.400.jpg
3282770100914,https://images.openbeautyfacts.org/images/products/328/277/010/0914/front_fr.3.400.jpg
3282770149289,https://images.openbeautyfacts.org/images/products/328/277/014/9289/front_en.3.400.jpg
3282770204681,https://images.openbeautyfacts.org/images/products/328/277/020/4681/front_fr.18.400.jpg
3282770141283,https://images.openbeautyfacts.org/images/products/328/277/014/1283/front_en.4.400.jpg
5029354012120,https://images.openbeautyfacts.org/images/products/502/935/401/2120/front_en.5.400.jpg
3401343696245,https://images.openbeautyfacts.org/images/products/340/134/369/6245/front_pt.3.400.jpg
4001638096829,https://images.openbeautyfacts.org/images/products/400/163/809/6829/front_es.5.400.jpg
3401361353625,https://images.openbeautyfacts.org/images/products/340/136/135/3625/front_en.6.400.jpg
5055148400040,https://images.openfoodfacts.org/images/products/505/514/840/0040/front_es.3.400.jpg
3337875840620,https://images.openbeautyfacts.org/images/products/333/787/584/0620/front_nl.14.400.jpg
3574661738154,https://images.openbeautyfacts.org/images/products/357/466/173/8154/front_fr.3.400.jpg
5060203790738,https://images.openfoodfacts.org/images/products/506/020/379/0738/front_en.5.400.jpg
3337875597449,https://images.openbeautyfacts.org/images/products/333/787/559/7449/front_en.9.400.jpg
3264680024382,https://images.openbeautyfacts.org/images/products/326/468/002/4382/front_fr.3.400.jpg
3337875597395,https://images.openbeautyfacts.org/images/products/333/787/559/7395/front_en.24.400.jpg
5020465202653,https://images.openfoodfacts.org/images/products/502/046/520/2653/front_en.3.400.jpg
8850029013671,https://images.openbeautyfacts.org/images/products/885/002/901/3671/front_fr.3.400.jpg
7614700015214,https://images.openbeautyfacts.org/images/products/761/470/001/5214/front_ro.5.400.jpg
5055148411381,https://images.openfoodfacts.org/images/products/505/514/841/1381/front_en.10.400.jpg
5025381000031,https://images.openbeautyfacts.org/images/products/502/538/100/0031/front_nl.8.400.jpg
3499320016162,https://images.openbeautyfacts.org/images/products/349/932/001/6162/front_fr.3.400.jpg
4210201316787,https://images.openbeautyfacts.org/images/products/421/020/131/6787/front_en.6.400.jpg
3337875905633,https://images.openbeautyfacts.org/images/products/333/787/590/5633/front_nl.7.400.jpg
3282770053135,https://images.openbeautyfacts.org/images/products/328/277/005/3135/front_fr.10.400.jpg
3282770145373,https://images.openbeautyfacts.org/images/products/328/277/014/5373/front_fr.3.400.jpg
3337875684095,https://images.openbeautyfacts.org/images/products/333/787/568/4095/front_en.30.400.jpg
5023652444508,https://images.openfoodfacts.org/images/products/502/365/244/4508/front_en.23.400.jpg
3282770390797,https://images.openbeautyfacts.org/images/products/328/277/039/0797/front_en.3.400.jpg
9327693002670,https://images.openbeautyfacts.org/images/products/932/769/300/2670/front_en.4.400.jpg
0078522100300,https://images.openbeautyfacts.org/images/products/007/852/210/0300/front_en.3.400.jpg
9327693004339,https://images.openbeautyfacts.org/images/products/932/769/300/4339/front_en.3.400.jpg
3282779028394,https://images.openbeautyfacts.org/images/products/328/277/902/8394/front_fr.5.400.jpg
3701129803691,https://images.openfoodfacts.org/images/products/370/112/980/3691/front_en.10.400.jpg
5704947002725,https://images.openbeautyfacts.org/images/products/570/494/700/2725/front_en.9.400.jpg
5021265244164,https://images.openfoodfacts.org/images/products/502/126/524/4164/front_en.3.400.jpg
3337875743563,https://images.openbeautyfacts.org/images/products/333/787/574/3563/front_fr.12.400.jpg
0033984020504,https://images.openbeautyfacts.org/images/products/003/398/402/0504/front_en.3.400.jpg
3282770139204,https://images.openbeautyfacts.org/images/products/328/277/013/9204/front_en.11.400.jpg
3282770152371,https://images.openbeautyfacts.org/images/products/328/277/015/2371/front_fr.3.400.jpg
3337875782357,https://images.openbeautyfacts.org/images/products/333/787/578/2357/front_en.7.400.jpg
3337875597227,https://images.openbeautyfacts.org/images/products/333/787/559/7227/front_en.8.400.jpg
3282770141023,https://images.openbeautyfacts.org/images/products/328/277/014/1023/front_fr.12.400.jpg
3282770037678,https://images.openbeautyfacts.org/images/products/328/277/003/7678/front_es.4.400.jpg
5010605402883,https://images.openfoodfacts.org/images/products/501/060/540/2883/front_en.3.400.jpg
3337875784054,https://images.openbeautyfacts.org/images/products/333/787/578/4054/front_en.21.400.jpg
0078522040125,https://images.openbeautyfacts.org/images/products/007/852/204/0125/front_en.3.400.jpg
3337875597272,https://images.openbeautyfacts.org/images/products/333/787/559/7272/front_en.8.400.jpg
3337875773430,https://images.openbeautyfacts.org/images/products/333/787/577/3430/front_en.18.400.jpg
5020465201816,https://images.openbeautyfacts.org/images/products/502/046/520/1816/front_en.5.400.jpg
5060176674769,https://images.openbeautyfacts.org/images/products/506/017/667/4769/front_en.3.400.jpg
5055148412708,https://images.openfoodfacts.org/images/products/505/514/841/2708/front_el.4.400.jpg
3282770147346,https://images.openbeautyfacts.org/images/products/328/277/014/7346/front_fr.3.400.jpg
3337875684118,https://images.openbeautyfacts.org/images/products/333/787/568/4118/front_fr.21.400.jpg
3282770072952,https://images.openbeautyfacts.org/images/products/328/277/007/2952/front_fr.4.400.jpg
4001638095617,https://images.openbeautyfacts.org/images/products/400/163/809/5617/front_en.3.400.jpg
0033984017603,https://images.openfoodfacts.org/images/products/003/398/401/7603/front_en.19.400.jpg
8809416470054,https://images.openbeautyfacts.org/images/products/880/941/647/0054/front_en.3.400.jpg
3282770397598,https://images.openfoodfacts.org/images/products/328/277/039/7598/front_en.3.400.jpg
5065010483019,https://images.openbeautyfacts.org/images/products/506/501/048/3019/front_en.3.400.jpg
9335955000166,https://images.openbeautyfacts.org/images/products/933/595/500/0166/front_en.6.400.jpg
0033984010505,https://images.openfoodfacts.org/images/products/003/398/401/0505/front_en.3.400.jpg
7702018401055,https://images.openbeautyfacts.org/images/products/770/201/840/1055/front_en.8.400.jpg
3574661411545,https://images.openbeautyfacts.org/images/products/357/466/141/1545/front_en.4.400.jpg
5055148410360,https://images.openfoodfacts.org/images/products/505/514/841/0360/front_es.3.400.jpg
3401575645851,https://images.openbeautyfacts.org/images/products/340/157/564/5851/front_fr.6.400.jpg
7322540712513,https://images.openfoodfacts.org/images/products/732/254/071/2513/front_nl.3.400.jpg
4008666216113,https://images.openfoodfacts.org/images/products/400/866/621/6113/front_nl.5.400.jpg
4001638096560,https://images.openbeautyfacts.org/images/products/400/163/809/6560/front_en.4.400.jpg
0764302290230,https://images.openfoodfacts.org/images/products/076/430/229/0230/front_en.3.400.jpg
3337875597197,https://images.openbeautyfacts.org/images/products/333/787/559/7197/front_en.5.400.jpg
9335955002733,https://images.openbeautyfacts.org/images/products/933/595/500/2733/front_en.3.400.jpg
4001638096539,https://images.openbeautyfacts.org/images/products/400/163/809/6539/front_de.5.400.jpg
3337875598996,https://images.openbeautyfacts.org/images/products/333/787/559/8996/front_en.28.400.jpg
3401345935571,https://images.openbeautyfacts.org/images/products/340/134/593/5571/front_en.10.400.jpg
5060086610079,https://images.openfoodfacts.org/images/products/506/008/661/0079/front_mn.3.400.jpg
4005900600202,https://images.openbeautyfacts.org/images/products/400/590/060/0202/front_en.5.400.jpg
7643022210366,https://images.openbeautyfacts.org/images/products/764/302/221/0366/front_nl.8.400.jpg
3282779416139,https://images.openbeautyfacts.org/images/products/328/277/941/6139/front_fr.19.400.jpg
3337875597180,https://images.openbeautyfacts.org/images/products/333/787/559/7180/front_nl.31.400.jpg
7643022211660,https://images.openbeautyfacts.org/images/products/764/302/221/1660/front_fr.3.400.jpg
3337875597210,https://images.openbeautyfacts.org/images/products/333/787/559/7210/front_en.39.400.jpg
3282770037067,https://images.openbeautyfacts.org/images/products/328/277/003/7067/front_fr.3.400.jpg
0033984009417,https://images.openfoodfacts.org/images/products/003/398/400/9417/front_fr.3.400.jpg
0033984013209,https://images.openfoodfacts.org/images/products/003/398/401/3209/front_fr.3.400.jpg
3282770140972,https://images.openbeautyfacts.org/images/products/328/277/014/0972/front_fr.5.400.jpg
3574661156392,https://images.openbeautyfacts.org/images/products/357/466/115/6392/front_en.12.400.jpg
7643022211592,https://images.openfoodfacts.org/images/products/764/302/221/1592/front_nl.3.400.jpg
5060372800214,https://images.openbeautyfacts.org/images/products/506/037/280/0214/front_fr.5.400.jpg
5031013109089,https://images.openfoodfacts.org/images/products/503/101/310/9089/front_en.4.400.jpg
5060176672130,https://images.openbeautyfacts.org/images/products/506/017/667/2130/front_en.6.400.jpg
7618900903012,https://images.openfoodfacts.org/images/products/761/890/090/3012/front_en.4.400.jpg
7643022212032,https://images.openbeautyfacts.org/images/products/764/302/221/2032/front_fr.3.400.jpg
9327693007576,https://images.openbeautyfacts.org/images/products/932/769/300/7576/front_en.4.400.jpg
3401578653709,https://images.openbeautyfacts.org/images/products/340/157/865/3709/front_fr.5.400.jpg
4005808430208,https://images.openbeautyfacts.org/images/products/400/580/843/0208/front_en.14.400.jpg
3282770390759,https://images.openbeautyfacts.org/images/products/328/277/039/0759/front_en.3.400.jpg
5060216564784,https://images.openfoodfacts.org/images/products/506/021/656/4784/front_en.12.400.jpg
4001638096614,https://images.openbeautyfacts.org/images/products/400/163/809/6614/front_nl.13.400.jpg
3574660538359,https://images.openbeautyfacts.org/images/products/357/466/053/8359/front_nb.3.400.jpg
3282770140934,https://images.openbeautyfacts.org/images/products/328/277/014/0934/front_fr.3.400.jpg
5025970022574,https://images.openbeautyfacts.org/images/products/502/597/002/2574/front_en.38.400.jpg
0010181043598,https://images.openbeautyfacts.org/images/products/001/018/104/3598/front_ar.3.400.jpg
0033984028203,https://images.openfoodfacts.org/images/products/003/398/402/8203/front_fr.3.400.jpg
0859975020014,https://images.openbeautyfacts.org/images/products/085/997/502/0014/front_en.3.400.jpg
5060176673298,https://images.openbeautyfacts.org/images/products/506/017/667/3298/front_fr.3.400.jpg
3282770207712,https://images.openbeautyfacts.org/images/products/328/277/020/7712/front_fr.3.400.jpg
4001638096652,https://images.openbeautyfacts.org/images/products/400/163/809/6652/front_de.5.400.jpg
3574661412672,https://images.openbeautyfacts.org/images/products/357/466/141/2672/front_en.7.400.jpg
0753950002180,https://images.openfoodfacts.org/images/products/075/395/000/2180/front_ar.5.400.jpg
3337875597296,https://images.openbeautyfacts.org/images/products/333/787/559/7296/front_en.8.400.jpg
5060104170578,https://images.openbeautyfacts.org/images/products/506/010/417/0578/front_fr.10.400.jpg
4005808856695,https://images.openbeautyfacts.org/images/products/400/580/885/6695/front_en.23.400.jpg
3574661604732,https://images.openbeautyfacts.org/images/products/357/466/160/4732/front_en.9.400.jpg
3282770145069,https://images.openbeautyfacts.org/images/products/328/277/014/5069/front_fr.3.400.jpg
4005808515554,https://images.openbeautyfacts.org/images/products/400/580/851/5554/front_en.9.400.jpg
3474630741713,https://images.openbeautyfacts.org/images/products/347/463/074/1713/front_fr.3.400.jpg
4001638098069,https://images.openbeautyfacts.org/images/products/400/163/809/8069/front_en.8.400.jpg
7643022210298,https://images.openbeautyfacts.org/images/products/764/302/221/0298/front_nl.7.400.jpg
8888650407217,https://images.openbeautyfacts.org/images/products/888/865/040/7217/front_fr.3.400.jpg
5060176675001,https://images.openbeautyfacts.org/images/products/506/017/667/5001/front_en.8.400.jpg
3282770141252,https://images.openbeautyfacts.org/images/products/328/277/014/1252/front_fr.3.400.jpg
3282770147292,https://images.openbeautyfacts.org/images/products/328/277/014/7292/front_fr.3.400.jpg
4001638096522,https://images.openfoodfacts.org/images/products/400/163/809/6522/front_nl.3.400.jpg
0615908431599,https://images.openbeautyfacts.org/images/products/061/590/843/1599/front_fr.3.400.jpg
7322540887624,https://images.openfoodfacts.org/images/products/732/254/088/7624/front_nl.3.400.jpg
5021265223510,https://images.openbeautyfacts.org/images/products/502/126/522/3510/front_en.3.400.jpg
3600520752228,https://images.openbeautyfacts.org/images/products/360/052/075/2228/front_en.3.400.jpg
3600522500728,https://images.openbeautyfacts.org/images/products/360/052/250/0728/front_en.3.400.jpg
3282779003124,https://images.openbeautyfacts.org/images/products/328/277/900/3124/front_en.10.400.jpg
3574661450735,https://images.openbeautyfacts.org/images/products/357/466/145/0735/front_en.3.400.jpg
4001638501484,https://images.openbeautyfacts.org/images/products/400/163/850/1484/front_nl.6.400.jpg
3282779007481,https://images.openbeautyfacts.org/images/products/328/277/900/7481/front_fr.6.400.jpg
4005900444554,https://images.openbeautyfacts.org/images/products/400/590/044/4554/front_fr.12.400.jpg
0817513010019,https://images.openbeautyfacts.org/images/products/081/751/301/0019/front_en.3.400.jpg
9335955004782,https://images.openbeautyfacts.org/images/products/933/595/500/4782/front_en.4.400.jpg
5701943100042,https://images.openbeautyfacts.org/images/products/570/194/310/0042/front_en.3.400.jpg
3574661287232,https://images.openbeautyfacts.org/images/products/357/466/128/7232/front_fr.5.400.jpg
3331300097788,https://images.openbeautyfacts.org/images/products/333/130/009/7788/front_fr.3.400.jpg
0033984017108,https://images.openfoodfacts.org/images/products/003/398/401/7108/front_es.9.400.jpg
5011309107012,https://images.openbeautyfacts.org/images/products/501/130/910/7012/front_en.3.400.jpg
0087614020730,https://images.openfoodfacts.org/images/products/008/761/402/0730/front_en.3.400.jpg
7350087737003,https://images.openbeautyfacts.org/images/products/735/008/773/7003/front_en.4.400.jpg
5020465202592,https://images.openbeautyfacts.org/images/products/502/046/520/2592/front_en.3.400.jpg
3282770204667,https://images.openbeautyfacts.org/images/products/328/277/020/4667/front_en.5.400.jpg
0817513015175,https://images.openbeautyfacts.org/images/products/081/751/301/5175/front_en.3.400.jpg
3574661192833,https://images.openbeautyfacts.org/images/products/357/466/119/2833/front_en.20.400.jpg
3282770145366,https://images.openbeautyfacts.org/images/products/328/277/014/5366/front_fr.10.400.jpg
3574661565309,https://images.openbeautyfacts.org/images/products/357/466/156/5309/front_en.5.400.jpg
4051895007557,https://images.openfoodfacts.org/images/products/405/189/500/7557/front_es.3.400.jpg
5050474106185,https://images.openfoodfacts.org/images/products/505/047/410/6185/front_en.3.400.jpg
4004148017711,https://images.openfoodfacts.org/images/products/400/414/801/7711/front_fr.4.400.jpg
8719327597835,https://images.openfoodfacts.org/images/products/871/932/759/7835/front_nl.3.400.jpg
5060480200135,https://images.openbeautyfacts.org/images/products/506/048/020/0135/front_en.6.400.jpg
7612482001302,https://images.openbeautyfacts.org/images/products/761/248/200/1302/front_de.3.400.jpg
8719324977135,https://images.openbeautyfacts.org/images/products/871/932/497/7135/front_es.3.400.jpg
3401572288297,https://images.openbeautyfacts.org/images/products/340/157/228/8297/front_fr.3.400.jpg
5021265244423,https://images.openfoodfacts.org/images/products/502/126/524/4423/front_en.3.400.jpg
5023652413092,https://images.openbeautyfacts.org/images/products/502/365/241/3092/front_en.10.400.jpg
0078522000785,https://images.openbeautyfacts.org/images/products/007/852/200/0785/front_en.10.400.jpg
4001638096515,https://images.openbeautyfacts.org/images/products/400/163/809/6515/front_en.18.400.jpg
4008666210609,https://images.openbeautyfacts.org/images/products/400/866/621/0609/front_en.4.400.jpg
3574660536737,https://images.openbeautyfacts.org/images/products/357/466/053/6737/front_en.8.400.jpg
3282770025958,https://images.openbeautyfacts.org/images/products/328/277/002/5958/front_fr.7.400.jpg
5060776980048,https://images.openfoodfacts.org/images/products/506/077/698/0048/front_en.3.400.jpg
4005900545787,https://images.openbeautyfacts.org/images/products/400/590/054/5787/front_en.3.400.jpg
5000488105285,https://images.openfoodfacts.org/images/products/500/048/810/5285/front_fr.3.400.jpg
0817513010033,https://images.openbeautyfacts.org/images/products/081/751/301/0033/front_en.18.400.jpg
5060480200302,https://images.openbeautyfacts.org/images/products/506/048/020/0302/front_en.3.400.jpg
9335955004713,https://images.openbeautyfacts.org/images/products/933/595/500/4713/front_en.3.400.jpg
5017007022664,https://images.openfoodfacts.org/images/products/501/700/702/2664/front_en.8.400.jpg
4001638098311,https://images.openbeautyfacts.org/images/products/400/163/809/8311/front_es.13.400.jpg
7322540592412,https://images.openbeautyfacts.org/images/products/732/254/059/2412/front_nl.9.400.jpg
4005808459766,https://images.openbeautyfacts.org/images/products/400/580/845/9766/front_ar.3.400.jpg
0615908429831,https://images.openbeautyfacts.org/images/products/061/590/842/9831/front_el.5.400.jpg
4001638098595,https://images.openbeautyfacts.org/images/products/400/163/809/8595/front_en.8.400.jpg
5054563100832,https://images.openbeautyfacts.org/images/products/505/456/310/0832/front_fr.3.400.jpg
4005808423040,https://images.openbeautyfacts.org/images/products/400/580/842/3040/front_en.8.400.jpg
9327693002182,https://images.openbeautyfacts.org/images/products/932/769/300/2182/front_fr.3.400.jpg
5054563126719,https://images.openfoodfacts.org/images/products/505/456/312/6719/front_nl.3.400.jpg
5060216564814,https://images.openfoodfacts.org/images/products/506/021/656/4814/front_en.10.400.jpg
3574661464978,https://images.openbeautyfacts.org/images/products/357/466/146/4978/front_en.3.400.jpg
0817513015311,https://images.openbeautyfacts.org/images/products/081/751/301/5311/front_nl.14.400.jpg
0856017000126,https://images.openbeautyfacts.org/images/products/085/601/700/0126/front_nl.22.400.jpg
5060216563916,https://images.openbeautyfacts.org/images/products/506/021/656/3916/front_en.3.400.jpg
3600541938489,https://images.openbeautyfacts.org/images/products/360/054/193/8489/front_en.25.400.jpg
0817513015328,https://images.openbeautyfacts.org/images/products/081/751/301/5328/front_en.6.400.jpg
5060391841854,https://images.openbeautyfacts.org/images/products/506/039/184/1854/front_fr.3.400.jpg
5010605402876,https://images.openbeautyfacts.org/images/products/501/060/540/2876/front_en.5.400.jpg
4006309024576,https://images.openfoodfacts.org/images/products/400/630/902/4576/front_fr.12.400.jpg
9335955000012,https://images.openbeautyfacts.org/images/products/933/595/500/0012/front_en.3.400.jpg
3600541594852,https://images.openbeautyfacts.org/images/products/360/054/159/4852/front_ro.7.400.jpg
0817513010002,https://images.openbeautyfacts.org/images/products/081/751/301/0002/front_nl.16.400.jpg
3600541358461,https://images.openbeautyfacts.org/images/products/360/054/135/8461/front_en.4.400.jpg
5029053532592,https://images.openbeautyfacts.org/images/products/502/905/353/2592/front_en.7.400.jpg
0010181041587,https://images.openfoodfacts.org/images/products/001/018/104/1587/front_en.9.400.jpg
4013474113233,https://images.openbeautyfacts.org/images/products/401/347/411/3233/front_nl.3.400.jpg
96175101,https://images.openfoodfacts.org/images/products/000/009/617/5101/front_en.15.400.jpg
5060176670631,https://images.openbeautyfacts.org/images/products/506/017/667/0631/front_fr.3.400.jpg
3337875597319,https://images.openbeautyfacts.org/images/products/333/787/559/7319/front_fr.9.400.jpg
5060391845357,https://images.openbeautyfacts.org/images/products/506/039/184/5357/front_it.3.400.jpg
3600522713203,https://images.openbeautyfacts.org/images/products/360/052/271/3203/front_en.4.400.jpg
0817513015656,https://images.openbeautyfacts.org/images/products/081/751/301/5656/front_en.7.400.jpg
0078522007289,https://images.openbeautyfacts.org/images/products/007/852/200/7289/front_fr.3.400.jpg
9327693000607,https://images.openfoodfacts.org/images/products/932/769/300/0607/front_en.5.400.jpg
4005800168642,https://images.openbeautyfacts.org/images/products/400/580/016/8642/front_en.6.400.jpg
0615908429824,https://images.openbeautyfacts.org/images/products/061/590/842/9824/front_de.3.400.jpg
0817513010132,https://images.openbeautyfacts.org/images/products/081/751/301/0132/front_en.13.400.jpg
5054563126672,https://images.openfoodfacts.org/images/products/505/456/312/6672/front_nl.3.400.jpg
4006309024187,https://images.openfoodfacts.org/images/products/400/630/902/4187/front_fr.15.400.jpg
4005900339263,https://images.openbeautyfacts.org/images/products/400/590/033/9263/front_ar.18.400.jpg
3574661285894,https://images.openbeautyfacts.org/images/products/357/466/128/5894/front_en.4.400.jpg
4006309024453,https://images.openfoodfacts.org/images/products/400/630/902/4453/front_fr.15.400.jpg
4005808478941,https://images.openbeautyfacts.org/images/products/400/580/847/8941/front_es.4.400.jpg
3600541744516,https://images.openbeautyfacts.org/images/products/360/054/174/4516/front_en.10.400.jpg
5012583203490,https://images.openbeautyfacts.org/images/products/501/258/320/3490/front_en.3.400.jpg
3574661646992,https://images.openbeautyfacts.org/images/products/357/466/164/6992/front_en.3.400.jpg
5060018511719,https://images.openfoodfacts.org/images/products/506/001/851/1719/front_fr.4.400.jpg
3574661697338,https://images.openbeautyfacts.org/images/products/357/466/169/7338/front_en.3.400.jpg
5012616173004,https://images.openfoodfacts.org/images/products/501/261/617/3004/front_en.9.400.jpg
5025970801322,https://images.openbeautyfacts.org/images/products/502/597/080/1322/front_en.13.400.jpg
5054563097743,https://images.openbeautyfacts.org/images/products/505/456/309/7743/front_en.16.400.jpg
3574661469928,https://images.openbeautyfacts.org/images/products/357/466/146/9928/front_nb.3.400.jpg
3574661619576,https://images.openbeautyfacts.org/images/products/357/466/161/9576/front_en.3.400.jpg
0010181033131,https://images.openbeautyfacts.org/images/products/001/018/103/3131/front_en.4.400.jpg
3600541181427,https://images.openbeautyfacts.org/images/products/360/054/118/1427/front_en.3.400.jpg
5025452001714,https://images.openbeautyfacts.org/images/products/502/545/200/1714/front_en.3.400.jpg
5060176671355,https://images.openbeautyfacts.org/images/products/506/017/667/1355/front_en.12.400.jpg
96180402,https://images.openbeautyfacts.org/images/products/000/009/618/0402/front_en.3.400.jpg
0669316060506,https://images.openbeautyfacts.org/images/products/066/931/606/0506/front_nl.3.400.jpg
0078522090250,https://images.openbeautyfacts.org/images/products/007/852/209/0250/front_en.3.400.jpg
5704947001162,https://images.openbeautyfacts.org/images/products/570/494/700/1162/front_en.9.400.jpg
0078522090656,https://images.openbeautyfacts.org/images/products/007/852/209/0656/front_en.17.400.jpg
5012616262197,https://images.openfoodfacts.org/images/products/501/261/626/2197/front_en.3.400.jpg
3282770072815,https://images.openbeautyfacts.org/images/products/328/277/007/2815/front_fr.21.400.jpg
5060176675148,https://images.openbeautyfacts.org/images/products/506/017/667/5148/front_es.7.400.jpg
5060176674868,https://images.openbeautyfacts.org/images/products/506/017/667/4868/front_en.9.400.jpg
5023652280090,https://images.openfoodfacts.org/images/products/502/365/228/0090/front_en.3.400.jpg
5023652302068,https://images.openfoodfacts.org/images/products/502/365/230/2068/front_fr.3.400.jpg
5012583202448,https://images.openbeautyfacts.org/images/products/501/258/320/2448/front_ar.3.400.jpg
3614220783352,https://images.openbeautyfacts.org/images/products/361/422/078/3352/front_fr.10.400.jpg
5012583002819,https://images.openbeautyfacts.org/images/products/501/258/300/2819/front_fr.3.400.jpg
5034511000469,https://images.openbeautyfacts.org/images/products/503/451/100/0469/front_fr.3.400.jpg
5060144640024,https://images.openbeautyfacts.org/images/products/506/014/464/0024/front_en.9.400.jpg
9327693006913,https://images.openbeautyfacts.org/images/products/932/769/300/6913/front_en.12.400.jpg
7350082940934,https://images.openbeautyfacts.org/images/products/735/008/294/0934/front_en.8.400.jpg
7702018426263,https://images.openbeautyfacts.org/images/products/770/201/842/6263/front_en.3.400.jpg
3600520432724,https://images.openbeautyfacts.org/images/products/360/052/043/2724/front_en.3.400.jpg
3337875597371,https://images.openbeautyfacts.org/images/products/333/787/559/7371/front_en.27.400.jpg
3337875597364,https://images.openbeautyfacts.org/images/products/333/787/559/7364/front_fr.5.400.jpg
3282770100273,https://images.openbeautyfacts.org/images/products/328/277/010/0273/front_fr.9.400.jpg
3337875597340,https://images.openbeautyfacts.org/images/products/333/787/559/7340/front_fr.4.400.jpg
4005808224845,https://images.openbeautyfacts.org/images/products/400/580/822/4845/front_en.4.400.jpg
5060519146038,https://images.openfoodfacts.org/images/products/506/051/914/6038/front_en.3.400.jpg
7323190182060,https://images.openbeautyfacts.org/images/products/732/319/018/2060/front_en.3.400.jpg
3600523183500,https://images.openbeautyfacts.org/images/products/360/052/318/3500/front_fr.3.400.jpg
5000174070354,https://images.openbeautyfacts.org/images/products/500/017/407/0354/front_en.7.400.jpg
0659436248984,https://images.openfoodfacts.org/images/products/065/943/624/8984/front_en.3.400.jpg
4005808113460,https://images.openbeautyfacts.org/images/products/400/580/811/3460/front_en.5.400.jpg
0856017000027,https://images.openbeautyfacts.org/images/products/085/601/700/0027/front_en.38.400.jpg
4001638501989,https://images.openbeautyfacts.org/images/products/400/163/850/1989/front_en.3.400.jpg
0010181025396,https://images.openbeautyfacts.org/images/products/001/018/102/5396/front_ru.5.400.jpg
5029053537795,https://images.openbeautyfacts.org/images/products/502/905/353/7795/front_en.3.400.jpg
5000158065710,https://images.openfoodfacts.org/images/products/500/015/806/5710/front_en.6.400.jpg
4005808246014,https://images.openbeautyfacts.org/images/products/400/580/824/6014/front_cs.8.400.jpg
5410076390458,https://images.openbeautyfacts.org/images/products/541/007/639/0458/front_en.3.400.jpg
0615908432008,https://images.openbeautyfacts.org/images/products/061/590/843/2008/front_es.3.400.jpg
3574660123081,https://images.openbeautyfacts.org/images/products/357/466/012/3081/front_en.3.400.jpg
5060176672611,https://images.openbeautyfacts.org/images/products/506/017/667/2611/front_en.3.400.jpg
5060209732473,https://images.openbeautyfacts.org/images/products/506/020/973/2473/front_en.3.400.jpg
3574661653426,https://images.openbeautyfacts.org/images/products/357/466/165/3426/front_en.3.400.jpg
8716900551789,https://images.openfoodfacts.org/images/products/871/690/055/1789/front_it.3.400.jpg
5029066010605,https://images.openbeautyfacts.org/images/products/502/906/601/0605/front_ru.3.400.jpg
3574660325492,https://images.openbeautyfacts.org/images/products/357/466/032/5492/front_en.7.400.jpg
9327693007552,https://images.openbeautyfacts.org/images/products/932/769/300/7552/front_en.4.400.jpg
5060176674684,https://images.openbeautyfacts.org/images/products/506/017/667/4684/front_en.5.400.jpg
5060176671621,https://images.openbeautyfacts.org/images/products/506/017/667/1621/front_en.3.400.jpg
4011700436002,https://images.openbeautyfacts.org/images/products/401/170/043/6002/front_es.5.400.jpg
5060176670488,https://images.openbeautyfacts.org/images/products/506/017/667/0488/front_en.3.400.jpg
3600522496038,https://images.openbeautyfacts.org/images/products/360/052/249/6038/front_en.6.400.jpg
5060176672734,https://images.openbeautyfacts.org/images/products/506/017/667/2734/front_tr.3.400.jpg
3574661482378,https://images.openbeautyfacts.org/images/products/357/466/148/2378/front_en.10.400.jpg
8001090222848,https://images.openbeautyfacts.org/images/products/800/109/022/2848/front_en.6.400.jpg
3574660415865,https://images.openbeautyfacts.org/images/products/357/466/041/5865/front_en.3.400.jpg
4001638098014,https://images.openbeautyfacts.org/images/products/400/163/809/8014/front_en.15.400.jpg
3600541593190,https://images.openbeautyfacts.org/images/products/360/054/159/3190/front_en.8.400.jpg
5060519146021,https://images.openfoodfacts.org/images/products/506/051/914/6021/front_en.3.400.jpg
8720181218293,https://images.openbeautyfacts.org/images/products/872/018/121/8293/front_fr.3.400.jpg
5709976262201,https://images.openfoodfacts.org/images/products/570/997/626/2201/front_es.12.400.jpg
5060176670969,https://images.openbeautyfacts.org/images/products/506/017/667/0969/front_en.3.400.jpg
3574661491776,https://images.openbeautyfacts.org/images/products/357/466/149/1776/front_en.5.400.jpg
5065010483057,https://images.openbeautyfacts.org/images/products/506/501/048/3057/front_en.9.400.jpg
5060176671324,https://images.openbeautyfacts.org/images/products/506/017/667/1324/front_en.5.400.jpg
5012583203261,https://images.openbeautyfacts.org/images/products/501/258/320/3261/front_nl.7.400.jpg
4001638098946,https://images.openbeautyfacts.org/images/products/400/163/809/8946/front_en.3.400.jpg
4001638088381,https://images.openbeautyfacts.org/images/products/400/163/808/8381/front_de.3.400.jpg
0708002400315,https://images.openbeautyfacts.org/images/products/070/800/240/0315/front_en.9.400.jpg
5060176671447,https://images.openbeautyfacts.org/images/products/506/017/667/1447/front_en.5.400.jpg
0856017000041,https://images.openbeautyfacts.org/images/products/085/601/700/0041/front_en.3.400.jpg
0708002400414,https://images.openbeautyfacts.org/images/products/070/800/240/0414/front_en.6.400.jpg
9335955004805,https://images.openbeautyfacts.org/images/products/933/595/500/4805/front_en.4.400.jpg
0856017000010,https://images.openbeautyfacts.org/images/products/085/601/700/0010/front_en.4.400.jpg
3574661091020,https://images.openbeautyfacts.org/images/products/357/466/109/1020/front_en.6.400.jpg
3574660676518,https://images.openbeautyfacts.org/images/products/357/466/067/6518/front_en.3.400.jpg
0022796977519,https://images.openbeautyfacts.org/images/products/002/279/697/7519/front_fr.17.400.jpg
0010181140648,https://images.openbeautyfacts.org/images/products/001/018/114/0648/front_pt.6.400.jpg
42390077,https://images.openbeautyfacts.org/images/products/000/004/239/0077/front_fr.5.400.jpg
4008666218285,https://images.openbeautyfacts.org/images/products/400/866/621/8285/front_en.5.400.jpg
42449232,https://images.openbeautyfacts.org/images/products/000/004/244/9232/front_fr.3.400.jpg
5011309115512,https://images.openbeautyfacts.org/images/products/501/130/911/5512/front_fr.3.400.jpg
5000477298158,https://images.openfoodfacts.org/images/products/500/047/729/8158/front_en.3.400.jpg
4001638098090,https://images.openbeautyfacts.org/images/products/400/163/809/8090/front_nl.17.400.jpg
5060144641977,https://images.openbeautyfacts.org/images/products/506/014/464/1977/front_fr.3.400.jpg
5029053527574,https://images.openbeautyfacts.org/images/products/502/905/352/7574/front_en.6.400.jpg
3282779254892,https://images.openbeautyfacts.org/images/products/328/277/925/4892/front_fr.4.400.jpg
3600523718269,https://images.openbeautyfacts.org/images/products/360/052/371/8269/front_es.3.400.jpg
5060332531738,https://images.openfoodfacts.org/images/products/506/033/253/1738/front_en.3.400.jpg
5012583105091,https://images.openbeautyfacts.org/images/products/501/258/310/5091/front_en.6.400.jpg
5029053527598,https://images.openbeautyfacts.org/images/products/502/905/352/7598/front_en.6.400.jpg
5060176671478,https://images.openbeautyfacts.org/images/products/506/017/667/1478/front_tr.5.400.jpg
3574660239829,https://images.openbeautyfacts.org/images/products/357/466/023/9829/front_en.13.400.jpg
8001090580122,https://images.openbeautyfacts.org/images/products/800/109/058/0122/front_en.5.400.jpg
3574660123425,https://images.openbeautyfacts.org/images/products/357/466/012/3425/front_en.5.400.jpg
8901030841118,https://images.openbeautyfacts.org/images/products/890/103/084/1118/front_en.5.400.jpg
96038802,https://images.openbeautyfacts.org/images/products/000/009/603/8802/front_en.3.400.jpg
6009702811154,https://images.openfoodfacts.org/images/products/600/970/281/1154/front_en.3.400.jpg
4005900711588,https://images.openbeautyfacts.org/images/products/400/590/071/1588/front_en.4.400.jpg
4005900983947,https://images.openbeautyfacts.org/images/products/400/590/098/3947/front_sv.4.400.jpg
3574661493770,https://images.openbeautyfacts.org/images/products/357/466/149/3770/front_en.13.400.jpg
5011321594388,https://images.openbeautyfacts.org/images/products/501/132/159/4388/front_en.5.400.jpg
7702018467242,https://images.openbeautyfacts.org/images/products/770/201/846/7242/front_en.5.400.jpg
0022796976703,https://images.openbeautyfacts.org/images/products/002/279/697/6703/front_ar.15.400.jpg
0022796976116,https://images.openbeautyfacts.org/images/products/002/279/697/6116/front_fr.19.400.jpg
3616302748822,https://images.openbeautyfacts.org/images/products/361/630/274/8822/front_nl.8.400.jpg
5012583203797,https://images.openbeautyfacts.org/images/products/501/258/320/3797/front_en.12.400.jpg
0073930568964,https://images.openbeautyfacts.org/images/products/007/393/056/8964/front_en.3.400.jpg
5029354010379,https://images.openbeautyfacts.org/images/products/502/935/401/0379/front_en.16.400.jpg
0022796976017,https://images.openbeautyfacts.org/images/products/002/279/697/6017/front_nl.15.400.jpg
0010181035173,https://images.openbeautyfacts.org/images/products/001/018/103/5173/front_fr.3.400.jpg
3600522634133,https://images.openbeautyfacts.org/images/products/360/052/263/4133/front_fr.5.400.jpg
5060035247691,https://images.openbeautyfacts.org/images/products/506/003/524/7691/front_fr.3.400.jpg
8001841271880,https://images.openbeautyfacts.org/images/products/800/184/127/1880/front_en.8.400.jpg
8001090698384,https://images.openbeautyfacts.org/images/products/800/109/069/8384/front_en.3.400.jpg
3401560184365,https://images.openbeautyfacts.org/images/products/340/156/018/4365/front_fr.14.400.jpg
5021265247172,https://images.openfoodfacts.org/images/products/502/126/524/7172/front_en.3.400.jpg
3600522107460,https://images.openbeautyfacts.org/images/products/360/052/210/7460/front_fr.5.400.jpg
3600524055332,https://images.openbeautyfacts.org/images/products/360/052/405/5332/front_en.5.400.jpg
0817513015465,https://images.openbeautyfacts.org/images/products/081/751/301/5465/front_en.4.400.jpg
0010181040313,https://images.openbeautyfacts.org/images/products/001/018/104/0313/front_fr.5.400.jpg
0708002400322,https://images.openbeautyfacts.org/images/products/070/800/240/0322/front_en.4.400.jpg
5029354000271,https://images.openbeautyfacts.org/images/products/502/935/400/0271/front_en.3.400.jpg
5011451103863,https://images.openbeautyfacts.org/images/products/501/145/110/3863/front_en.13.400.jpg
3574660520101,https://images.openbeautyfacts.org/images/products/357/466/052/0101/front_en.18.400.jpg
5012583210900,https://images.openbeautyfacts.org/images/products/501/258/321/0900/front_en.5.400.jpg
0817513015472,https://images.openbeautyfacts.org/images/products/081/751/301/5472/front_en.4.400.jpg
5060391844213,https://images.openbeautyfacts.org/images/products/506/039/184/4213/front_en.11.400.jpg
5012509978280,https://images.openfoodfacts.org/images/products/501/250/997/8280/front_fr.4.400.jpg
0071409543214,https://images.openbeautyfacts.org/images/products/007/140/954/3214/front_en.7.400.jpg
5410076390717,https://images.openbeautyfacts.org/images/products/541/007/639/0717/front_en.3.400.jpg
0787211000257,https://images.openbeautyfacts.org/images/products/078/721/100/0257/front_en.4.400.jpg
5012583201885,https://images.openbeautyfacts.org/images/products/501/258/320/1885/front_en.12.400.jpg
3600523707997,https://images.openbeautyfacts.org/images/products/360/052/370/7997/front_en.3.400.jpg
5010123730222,https://images.openbeautyfacts.org/images/products/501/012/373/0222/front_en.8.400.jpg
40883007,https://images.openbeautyfacts.org/images/products/000/004/088/3007/front_fr.16.400.jpg
5012583204732,https://images.openbeautyfacts.org/images/products/501/258/320/4732/front_en.3.400.jpg
8712561676106,https://images.openbeautyfacts.org/images/products/871/256/167/6106/front_en.5.400.jpg
0708002400537,https://images.openbeautyfacts.org/images/products/070/800/240/0537/front_en.3.400.jpg
5000158100640,https://images.openbeautyfacts.org/images/products/500/015/810/0640/front_en.4.400.jpg
3574661392486,https://images.openbeautyfacts.org/images/products/357/466/139/2486/front_en.3.400.jpg
5029053527581,https://images.openbeautyfacts.org/images/products/502/905/352/7581/front_en.6.400.jpg
5000477955082,https://images.openbeautyfacts.org/images/products/500/047/795/5082/front_fr.3.400.jpg
0079400204370,https://images.openbeautyfacts.org/images/products/007/940/020/4370/front_fr.7.400.jpg
5060229011503,https://images.openfoodfacts.org/images/products/506/022/901/1503/front_en.13.400.jpg
7332531074933,https://images.openbeautyfacts.org/images/products/733/253/107/4933/front_en.3.400.jpg
3600541594982,https://images.openbeautyfacts.org/images/products/360/054/159/4982/front_fr.6.400.jpg
3282779035576,https://images.openbeautyfacts.org/images/products/328/277/903/5576/front_en.11.400.jpg
5023652319059,https://images.openfoodfacts.org/images/products/502/365/231/9059/front_en.3.400.jpg
3574660520132,https://images.openbeautyfacts.org/images/products/357/466/052/0132/front_en.9.400.jpg
3574660534887,https://images.openbeautyfacts.org/images/products/357/466/053/4887/front_en.8.400.jpg
5011451103870,https://images.openbeautyfacts.org/images/products/501/145/110/3870/front_en.11.400.jpg
3059944025102,https://images.openbeautyfacts.org/images/products/305/994/402/5102/front_en.5.400.jpg
0748378003154,https://images.openbeautyfacts.org/images/products/074/837/800/3154/front_nl.13.400.jpg
5021986000049,https://images.openbeautyfacts.org/images/products/502/198/600/0049/front_en.3.400.jpg
4103040147714,https://images.openbeautyfacts.org/images/products/410/304/014/7714/front_en.4.400.jpg
5060176671560,https://images.openbeautyfacts.org/images/products/506/017/667/1560/front_en.3.400.jpg
5060229010049,https://images.openfoodfacts.org/images/products/506/022/901/0049/front_fr.3.400.jpg
5060176676381,https://images.openbeautyfacts.org/images/products/506/017/667/6381/front_en.7.400.jpg
5029066024176,https://images.openbeautyfacts.org/images/products/502/906/602/4176/front_en.4.400.jpg
4770001002186,https://images.openbeautyfacts.org/images/products/477/000/100/2186/front_en.3.400.jpg
8716900559419,https://images.openfoodfacts.org/images/products/871/690/055/9419/front_es.9.400.jpg
0010181040702,https://images.openbeautyfacts.org/images/products/001/018/104/0702/front_es.3.400.jpg
8711700841252,https://images.openbeautyfacts.org/images/products/871/170/084/1252/front_en.14.400.jpg
7332531019330,https://images.openbeautyfacts.org/images/products/733/253/101/9330/front_en.14.400.jpg
5010249152496,https://images.openfoodfacts.org/images/products/501/024/915/2496/front_en.3.400.jpg
3600542050579,https://images.openbeautyfacts.org/images/products/360/054/205/0579/front_en.5.400.jpg
4013162025473,https://images.openbeautyfacts.org/images/products/401/316/202/5473/front_de.3.400.jpg
0748378004212,https://images.openbeautyfacts.org/images/products/074/837/800/4212/front_en.4.400.jpg
5012583105084,https://images.openbeautyfacts.org/images/products/501/258/310/5084/front_ru.5.400.jpg
5025135116599,https://images.openbeautyfacts.org/images/products/502/513/511/6599/front_en.13.400.jpg
7322540426335,https://images.openfoodfacts.org/images/products/732/254/042/6335/front_nl.3.400.jpg
5060519143730,https://images.openfoodfacts.org/images/products/506/051/914/3730/front_en.17.400.jpg
8717644012208,https://images.openbeautyfacts.org/images/products/871/764/401/2208/front_en.18.400.jpg
7317400011530,https://images.openbeautyfacts.org/images/products/731/740/001/1530/front_en.4.400.jpg
3574660342291,https://images.openbeautyfacts.org/images/products/357/466/034/2291/front_en.9.400.jpg
5000158064584,https://images.openfoodfacts.org/images/products/500/015/806/4584/front_en.3.400.jpg
8001841267173,https://images.openbeautyfacts.org/images/products/800/184/126/7173/front_en.4.400.jpg
8714789861791,https://images.openbeautyfacts.org/images/products/871/478/986/1791/front_fr.5.400.jpg
7350087736600,https://images.openbeautyfacts.org/images/products/735/008/773/6600/front_fr.3.400.jpg
0071409543078,https://images.openbeautyfacts.org/images/products/007/140/954/3078/front_en.3.400.jpg
5000158100718,https://images.openbeautyfacts.org/images/products/500/015/810/0718/front_en.5.400.jpg
3600523439836,https://images.openbeautyfacts.org/images/products/360/052/343/9836/front_en.5.400.jpg
0748378001112,https://images.openbeautyfacts.org/images/products/074/837/800/1112/front_en.9.400.jpg
5011451103931,https://images.openbeautyfacts.org/images/products/501/145/110/3931/front_en.18.400.jpg
0010181040009,https://images.openbeautyfacts.org/images/products/001/018/104/0009/front_en.6.400.jpg
3574661391434,https://images.openbeautyfacts.org/images/products/357/466/139/1434/front_ru.3.400.jpg
3574661652221,https://images.openbeautyfacts.org/images/products/357/466/165/2221/front_fr.3.400.jpg
0010181040351,https://images.openfoodfacts.org/images/products/001/018/104/0351/front_en.3.400.jpg
5410076764754,https://images.openbeautyfacts.org/images/products/541/007/676/4754/front_fr.6.400.jpg
7350087736655,https://images.openbeautyfacts.org/images/products/735/008/773/6655/front_en.6.400.jpg
8712561620819,https://images.openbeautyfacts.org/images/products/871/256/162/0819/front_en.6.400.jpg
7332531080460,https://images.openbeautyfacts.org/images/products/733/253/108/0460/front_en.3.400.jpg
0708002400391,https://images.openbeautyfacts.org/images/products/070/800/240/0391/front_en.3.400.jpg
5000174012620,https://images.openbeautyfacts.org/images/products/500/017/401/2620/front_en.13.400.jpg
5011321311664,https://images.openbeautyfacts.org/images/products/501/132/131/1664/front_en.3.400.jpg
5060332531400,https://images.openfoodfacts.org/images/products/506/033/253/1400/front_en.3.400.jpg
5011321595293,https://images.openbeautyfacts.org/images/products/501/132/159/5293/front_en.4.400.jpg
3574661385488,https://images.openfoodfacts.org/images/products/357/466/138/5488/front_en.7.400.jpg
3574660518948,https://images.openbeautyfacts.org/images/products/357/466/051/8948/front_en.3.400.jpg
8714789613956,https://images.openbeautyfacts.org/images/products/871/478/961/3956/front_en.11.400.jpg
8001841267111,https://images.openbeautyfacts.org/images/products/800/184/126/7111/front_en.8.400.jpg
5011451103849,https://images.openbeautyfacts.org/images/products/501/145/110/3849/front_en.8.400.jpg
0010181032806,https://images.openbeautyfacts.org/images/products/001/018/103/2806/front_fr.22.400.jpg
8718951509085,https://images.openbeautyfacts.org/images/products/871/895/150/9085/front_en.9.400.jpg
50297092,https://images.openbeautyfacts.org/images/products/000/005/029/7092/front_en.4.400.jpg
0010181040375,https://images.openfoodfacts.org/images/products/001/018/104/0375/front_en.3.400.jpg
3600521637142,https://images.openbeautyfacts.org/images/products/360/052/163/7142/front_en.5.400.jpg
3574661705248,https://images.openbeautyfacts.org/images/products/357/466/170/5248/front_fr.3.400.jpg
5010724527467,https://images.openbeautyfacts.org/images/products/501/072/452/7467/front_nl.9.400.jpg
8710447486337,https://images.openbeautyfacts.org/images/products/871/044/748/6337/front_ru.4.400.jpg
8711700927536,https://images.openbeautyfacts.org/images/products/871/170/092/7536/front_fr.4.400.jpg
5010724527474,https://images.openbeautyfacts.org/images/products/501/072/452/7474/front_en.12.400.jpg
3574661498478,https://images.openbeautyfacts.org/images/products/357/466/149/8478/front_en.3.400.jpg
50398683,https://images.openfoodfacts.org/images/products/000/005/039/8683/front_en.4.400.jpg
5010724532041,https://images.openbeautyfacts.org/images/products/501/072/453/2041/front_en.5.400.jpg
5010123722708,https://images.openfoodfacts.org/images/products/501/012/372/2708/front_en.3.400.jpg
3574661499666,https://images.openbeautyfacts.org/images/products/357/466/149/9666/front_en.16.400.jpg
5010123729981,https://images.openfoodfacts.org/images/products/501/012/372/9981/front_en.3.400.jpg
5010724527443,https://images.openbeautyfacts.org/images/products/501/072/452/7443/front_nl.17.400.jpg
0708002400599,https://images.openbeautyfacts.org/images/products/070/800/240/0599/front_fr.3.400.jpg
5029053538426,https://images.openbeautyfacts.org/images/products/502/905/353/8426/front_en.12.400.jpg
0017854112254,https://images.openfoodfacts.org/images/products/001/785/411/2254/front_nl.5.400.jpg
8711600375383,https://images.openbeautyfacts.org/images/products/871/160/037/5383/front_en.7.400.jpg
5010123703547,https://images.openbeautyfacts.org/images/products/501/012/370/3547/front_en.4.400.jpg
8710447223352,https://images.openbeautyfacts.org/images/products/871/044/722/3352/front_en.11.400.jpg
0022796974211,https://images.openbeautyfacts.org/images/products/002/279/697/4211/front_en.7.400.jpg
4770001002490,https://images.openbeautyfacts.org/images/products/477/000/100/2490/front_en.4.400.jpg
5025970023281,https://images.openbeautyfacts.org/images/products/502/597/002/3281/front_pt.4.400.jpg
3600542486866,https://images.openbeautyfacts.org/images/products/360/054/248/6866/front_en.3.400.jpg
8714789710020,https://images.openbeautyfacts.org/images/products/871/478/971/0020/front_en.15.400.jpg
3401396609919,https://images.openbeautyfacts.org/images/products/340/139/660/9919/front_fr.3.400.jpg
4012273123009,https://images.openbeautyfacts.org/images/products/401/227/312/3009/front_fr.32.400.jpg
5010123714383,https://images.openbeautyfacts.org/images/products/501/012/371/4383/front_hr.9.400.jpg
7350075691492,https://images.openbeautyfacts.org/images/products/735/007/569/1492/front_de.5.400.jpg
5016379299308,https://images.openbeautyfacts.org/images/products/501/637/929/9308/front_en.3.400.jpg
3574661684321,https://images.openbeautyfacts.org/images/products/357/466/168/4321/front_fr.3.400.jpg
8006540349328,https://images.openbeautyfacts.org/images/products/800/654/034/9328/front_fr.3.400.jpg
42299837,https://images.openbeautyfacts.org/images/products/000/004/229/9837/front_en.12.400.jpg
5011784002062,https://images.openbeautyfacts.org/images/products/501/178/400/2062/front_en.14.400.jpg
8002110383709,https://images.openbeautyfacts.org/images/products/800/211/038/3709/front_fr.25.400.jpg
5023652502024,https://images.openbeautyfacts.org/images/products/502/365/250/2024/front_en.4.400.jpg
5025135117046,https://images.openbeautyfacts.org/images/products/502/513/511/7046/front_en.3.400.jpg
5012254060087,https://images.openbeautyfacts.org/images/products/501/225/406/0087/front_en.3.400.jpg
7640170370058,https://images.openbeautyfacts.org/images/products/764/017/037/0058/front_en.33.400.jpg
4000388563803,https://images.openbeautyfacts.org/images/products/400/038/856/3803/front_fr.4.400.jpg
5010605295256,https://images.openbeautyfacts.org/images/products/501/060/529/5256/front_en.11.400.jpg
0010181041808,https://images.openbeautyfacts.org/images/products/001/018/104/1808/front_en.6.400.jpg
8714789762524,https://images.openbeautyfacts.org/images/products/871/478/976/2524/front_en.7.400.jpg
3600523448760,https://images.openbeautyfacts.org/images/products/360/052/344/8760/front_en.3.400.jpg
7640168930424,https://images.openbeautyfacts.org/images/products/764/016/893/0424/front_cs.8.400.jpg
5000158064089,https://images.openfoodfacts.org/images/products/500/015/806/4089/front_en.11.400.jpg
8710908559204,https://images.openbeautyfacts.org/images/products/871/090/855/9204/front_es.15.400.jpg
5029066007148,https://images.openbeautyfacts.org/images/products/502/906/600/7148/front_en.3.400.jpg
4770001333808,https://images.openbeautyfacts.org/images/products/477/000/133/3808/front_en.4.400.jpg
5000309002755,https://images.openbeautyfacts.org/images/products/500/030/900/2755/front_en.8.400.jpg
0010181041877,https://images.openbeautyfacts.org/images/products/001/018/104/1877/front_en.4.400.jpg
5025970023243,https://images.openbeautyfacts.org/images/products/502/597/002/3243/front_fr.5.400.jpg
4013162018390,https://images.openbeautyfacts.org/images/products/401/316/201/8390/front_fr.3.400.jpg
4062300422872,https://images.openbeautyfacts.org/images/products/406/230/042/2872/front_en.3.400.jpg
8718951385870,https://images.openbeautyfacts.org/images/products/871/895/138/5870/front_en.5.400.jpg
3574661728216,https://images.openbeautyfacts.org/images/products/357/466/172/8216/front_fr.3.400.jpg
8712561611145,https://images.openbeautyfacts.org/images/products/871/256/161/1145/front_en.6.400.jpg
5012254060070,https://images.openbeautyfacts.org/images/products/501/225/406/0070/front_en.3.400.jpg
7350075691515,https://images.openbeautyfacts.org/images/products/735/007/569/1515/front_fr.3.400.jpg
5060177240581,https://images.openbeautyfacts.org/images/products/506/017/724/0581/front_en.4.400.jpg
5010123703585,https://images.openbeautyfacts.org/images/products/501/012/370/3585/front_fr.8.400.jpg
3574669909105,https://images.openbeautyfacts.org/images/products/357/466/990/9105/front_en.5.400.jpg
8006540988237,https://images.openbeautyfacts.org/images/products/800/654/098/8237/front_fr.3.400.jpg
5011321365353,https://images.openbeautyfacts.org/images/products/501/132/136/5353/front_en.10.400.jpg
8710908778230,https://images.openbeautyfacts.org/images/products/871/090/877/8230/front_en.4.400.jpg
3600523434602,https://images.openbeautyfacts.org/images/products/360/052/343/4602/front_en.4.400.jpg
8711600786257,https://images.openbeautyfacts.org/images/products/871/160/078/6257/front_fr.7.400.jpg
5029354010393,https://images.openbeautyfacts.org/images/products/502/935/401/0393/front_es.8.400.jpg
3574660149807,https://images.openbeautyfacts.org/images/products/357/466/014/9807/front_fr.3.400.jpg
0708002400490,https://images.openbeautyfacts.org/images/products/070/800/240/0490/front_en.3.400.jpg
3600523582532,https://images.openbeautyfacts.org/images/products/360/052/358/2532/front_en.5.400.jpg
3086123347328,https://images.openbeautyfacts.org/images/products/308/612/334/7328/front_fr.3.400.jpg
7350075690402,https://images.openbeautyfacts.org/images/products/735/007/569/0402/front_en.4.400.jpg
8710447362945,https://images.openbeautyfacts.org/images/products/871/044/736/2945/front_en.3.400.jpg
5000158063945,https://images.openfoodfacts.org/images/products/500/015/806/3945/front_en.3.400.jpg
5029354012588,https://images.openbeautyfacts.org/images/products/502/935/401/2588/front_en.5.400.jpg
3574660398410,https://images.openbeautyfacts.org/images/products/357/466/039/8410/front_en.3.400.jpg
5055586605298,https://images.openbeautyfacts.org/images/products/505/558/660/5298/front_en.6.400.jpg
8006540988268,https://images.openbeautyfacts.org/images/products/800/654/098/8268/front_en.3.400.jpg
8710908565250,https://images.openbeautyfacts.org/images/products/871/090/856/5250/front_en.3.400.jpg
8001841536934,https://images.openbeautyfacts.org/images/products/800/184/153/6934/front_es.4.400.jpg
8711600453975,https://images.openbeautyfacts.org/images/products/871/160/045/3975/front_nl.16.400.jpg
5410076390830,https://images.openbeautyfacts.org/images/products/541/007/639/0830/front_en.24.400.jpg
8717163762233,https://images.openbeautyfacts.org/images/products/871/716/376/2233/front_en.5.400.jpg
5060519148254,https://images.openfoodfacts.org/images/products/506/051/914/8254/front_en.7.400.jpg
3574661445311,https://images.openbeautyfacts.org/images/products/357/466/144/5311/front_en.6.400.jpg
8712561480369,https://images.openbeautyfacts.org/images/products/871/256/148/0369/front_nl.22.400.jpg
5060176674905,https://images.openbeautyfacts.org/images/products/506/017/667/4905/front_de.4.400.jpg
4005808891047,https://images.openbeautyfacts.org/images/products/400/580/889/1047/front_fr.3.400.jpg
8720181295584,https://images.openbeautyfacts.org/images/products/872/018/129/5584/front_de.3.400.jpg
8712561482318,https://images.openbeautyfacts.org/images/products/871/256/148/2318/front_nl.20.400.jpg
8717163430026,https://images.openbeautyfacts.org/images/products/871/716/343/0026/front_fr.6.400.jpg
8720181347115,https://images.openbeautyfacts.org/images/products/872/018/134/7115/front_fr.3.400.jpg
5060144645135,https://images.openbeautyfacts.org/images/products/506/014/464/5135/front_en.5.400.jpg
5023652300156,https://images.openfoodfacts.org/images/products/502/365/230/0156/front_en.4.400.jpg
8711600533806,https://images.openbeautyfacts.org/images/products/871/160/053/3806/front_fr.5.400.jpg
5029354000868,https://images.openbeautyfacts.org/images/products/502/935/400/0868/front_pt.3.400.jpg
0309978695431,https://images.openbeautyfacts.org/images/products/030/997/869/5431/front_en.3.400.jpg
8710447223413,https://images.openbeautyfacts.org/images/products/871/044/722/3413/front_en.8.400.jpg
3600523232529,https://images.openbeautyfacts.org/images/products/360/052/323/2529/front_en.5.400.jpg
0748378001105,https://images.openbeautyfacts.org/images/products/074/837/800/1105/front_fr.4.400.jpg
5000158062993,https://images.openbeautyfacts.org/images/products/500/015/806/2993/front_en.3.400.jpg
8710447223468,https://images.openbeautyfacts.org/images/products/871/044/722/3468/front_fr.8.400.jpg
3600541544024,https://images.openbeautyfacts.org/images/products/360/054/154/4024/front_fr.3.400.jpg
3600541022065,https://images.openbeautyfacts.org/images/products/360/054/102/2065/front_en.4.400.jpg
5054563068545,https://images.openbeautyfacts.org/images/products/505/456/306/8545/front_en.3.400.jpg
3600541022096,https://images.openbeautyfacts.org/images/products/360/054/102/2096/front_en.11.400.jpg
3600523450435,https://images.openbeautyfacts.org/images/products/360/052/345/0435/front_ar.3.400.jpg
5010724527375,https://images.openbeautyfacts.org/images/products/501/072/452/7375/front_en.19.400.jpg
8710447474426,https://images.openbeautyfacts.org/images/products/871/044/747/4426/front_en.7.400.jpg
5010724526798,https://images.openbeautyfacts.org/images/products/501/072/452/6798/front_nl.18.400.jpg
8001090592958,https://images.openbeautyfacts.org/images/products/800/109/059/2958/front_da.5.400.jpg
8712561484398,https://images.openbeautyfacts.org/images/products/871/256/148/4398/front_en.13.400.jpg
6920354822421,https://images.openbeautyfacts.org/images/products/692/035/482/2421/front_en.3.400.jpg
5010724527511,https://images.openbeautyfacts.org/images/products/501/072/452/7511/front_en.4.400.jpg
0309978695103,https://images.openbeautyfacts.org/images/products/030/997/869/5103/front_en.6.400.jpg
8001090970497,https://images.openbeautyfacts.org/images/products/800/109/097/0497/front_de.4.400.jpg
4084500654860,https://images.openbeautyfacts.org/images/products/408/450/065/4860/front_en.13.400.jpg
3574661332505,https://images.openbeautyfacts.org/images/products/357/466/133/2505/front_es.3.400.jpg
5011309027419,https://images.openfoodfacts.org/images/products/501/130/902/7419/front_en.3.400.jpg
7702018400102,https://images.openbeautyfacts.org/images/products/770/201/840/0102/front_en.9.400.jpg
0309978695325,https://images.openbeautyfacts.org/images/products/030/997/869/5325/front_fr.13.400.jpg
3574669908108,https://images.openbeautyfacts.org/images/products/357/466/990/8108/front_en.6.400.jpg
8718114621371,https://images.openbeautyfacts.org/images/products/871/811/462/1371/front_en.8.400.jpg
0010181043352,https://images.openbeautyfacts.org/images/products/001/018/104/3352/front_en.10.400.jpg
3600523582259,https://images.openbeautyfacts.org/images/products/360/052/358/2259/front_en.6.400.jpg
5410076390779,https://images.openbeautyfacts.org/images/products/541/007/639/0779/front_en.9.400.jpg
8710447223321,https://images.openbeautyfacts.org/images/products/871/044/722/3321/front_en.3.400.jpg
8710908559235,https://images.openbeautyfacts.org/images/products/871/090/855/9235/front_en.4.400.jpg
8710847963469,https://images.openbeautyfacts.org/images/products/871/084/796/3469/front_nl.13.400.jpg
5010724533673,https://images.openbeautyfacts.org/images/products/501/072/453/3673/front_tr.6.400.jpg
8710447244647,https://images.openbeautyfacts.org/images/products/871/044/724/4647/front_en.5.400.jpg
5054563042118,https://images.openbeautyfacts.org/images/products/505/456/304/2118/front_fr.3.400.jpg
5010724525937,https://images.openbeautyfacts.org/images/products/501/072/452/5937/front_en.5.400.jpg
4005900111456,https://images.openbeautyfacts.org/images/products/400/590/011/1456/front_en.4.400.jpg
8717163627099,https://images.openbeautyfacts.org/images/products/871/716/362/7099/front_en.3.400.jpg
8710908657979,https://images.openbeautyfacts.org/images/products/871/090/865/7979/front_en.3.400.jpg
7702018271788,https://images.openbeautyfacts.org/images/products/770/201/827/1788/front_en.10.400.jpg
50285662,https://images.openbeautyfacts.org/images/products/000/005/028/5662/front_en.13.400.jpg
7322540852066,https://images.openfoodfacts.org/images/products/732/254/085/2066/front_en.6.400.jpg
5060050351021,https://images.openbeautyfacts.org/images/products/506/005/035/1021/front_fr.3.400.jpg
8714789726168,https://images.openbeautyfacts.org/images/products/871/478/972/6168/front_en.12.400.jpg
3600521848289,https://images.openbeautyfacts.org/images/products/360/052/184/8289/front_en.5.400.jpg
7702018978120,https://images.openbeautyfacts.org/images/products/770/201/897/8120/front_en.17.400.jpg
8718951634220,https://images.openbeautyfacts.org/images/products/871/895/163/4220/front_fr.3.400.jpg
7702018978106,https://images.openbeautyfacts.org/images/products/770/201/897/8106/front_fr.5.400.jpg
5010724527450,https://images.openbeautyfacts.org/images/products/501/072/452/7450/front_en.8.400.jpg
8712561483162,https://images.openbeautyfacts.org/images/products/871/256/148/3162/front_en.13.400.jpg
8720181287831,https://images.openbeautyfacts.org/images/products/872/018/128/7831/front_en.8.400.jpg
5010724526149,https://images.openbeautyfacts.org/images/products/501/072/452/6149/front_en.4.400.jpg
8712561669825,https://images.openbeautyfacts.org/images/products/871/256/166/9825/front_en.6.400.jpg
8886467020094,https://images.openbeautyfacts.org/images/products/888/646/702/0094/front_fr.5.400.jpg
5010123726614,https://images.openbeautyfacts.org/images/products/501/012/372/6614/front_en.7.400.jpg
0017854100213,https://images.openbeautyfacts.org/images/products/001/785/410/0213/front_en.7.400.jpg
3600541126022,https://images.openbeautyfacts.org/images/products/360/054/112/6022/front_en.6.400.jpg
8801051294422,https://images.openbeautyfacts.org/images/products/880/105/129/4422/front_en.3.400.jpg
0309978695301,https://images.openbeautyfacts.org/images/products/030/997/869/5301/front_en.3.400.jpg
8717163004869,https://images.openbeautyfacts.org/images/products/871/716/300/4869/front_fr.3.400.jpg
5000347080685,https://images.openbeautyfacts.org/images/products/500/034/708/0685/front_en.6.400.jpg
5010724527481,https://images.openbeautyfacts.org/images/products/501/072/452/7481/front_en.20.400.jpg
0010181032356,https://images.openbeautyfacts.org/images/products/001/018/103/2356/front_fr.11.400.jpg
8717644271568,https://images.openbeautyfacts.org/images/products/871/764/427/1568/front_en.3.400.jpg
0017854100169,https://images.openbeautyfacts.org/images/products/001/785/410/0169/front_fr.3.400.jpg
8712561593533,https://images.openbeautyfacts.org/images/products/871/256/159/3533/front_fr.4.400.jpg
8712561384704,https://images.openbeautyfacts.org/images/products/871/256/138/4704/front_fr.3.400.jpg
8717163994252,https://images.openbeautyfacts.org/images/products/871/716/399/4252/front_en.7.400.jpg
40060682,https://images.openbeautyfacts.org/images/products/000/004/006/0682/front_fr.7.400.jpg
8886467049484,https://images.openbeautyfacts.org/images/products/888/646/704/9484/front_ro.15.400.jpg
0309978695516,https://images.openbeautyfacts.org/images/products/030/997/869/5516/front_en.5.400.jpg
7350075690396,https://images.openbeautyfacts.org/images/products/735/007/569/0396/front_de.4.400.jpg
3574669908528,https://images.openbeautyfacts.org/images/products/357/466/990/8528/front_en.4.400.jpg
8710908881121,https://images.openbeautyfacts.org/images/products/871/090/888/1121/front_en.3.400.jpg
3600522372639,https://images.openbeautyfacts.org/images/products/360/052/237/2639/front_nl.9.400.jpg
8717163997383,https://images.openbeautyfacts.org/images/products/871/716/399/7383/front_en.4.400.jpg
8718951253889,https://images.openbeautyfacts.org/images/products/871/895/125/3889/front_en.5.400.jpg
3574661352275,https://images.openbeautyfacts.org/images/products/357/466/135/2275/front_en.6.400.jpg
8712561384841,https://images.openbeautyfacts.org/images/products/871/256/138/4841/front_en.8.400.jpg
0309978695554,https://images.openbeautyfacts.org/images/products/030/997/869/5554/front_fr.3.400.jpg
0782126003058,https://images.openbeautyfacts.org/images/products/078/212/600/3058/front_en.4.400.jpg
50096381,https://images.openbeautyfacts.org/images/products/000/005/009/6381/front_en.7.400.jpg
4005808151080,https://images.openbeautyfacts.org/images/products/400/580/815/1080/front_en.4.400.jpg
8714789895536,https://images.openbeautyfacts.org/images/products/871/478/989/5536/front_en.12.400.jpg
8714789844282,https://images.openbeautyfacts.org/images/products/871/478/984/4282/front_en.10.400.jpg
8710908881541,https://images.openbeautyfacts.org/images/products/871/090/888/1541/front_en.4.400.jpg
7322540490220,https://images.openbeautyfacts.org/images/products/732/254/049/0220/front_fr.3.400.jpg
80466437,https://images.openbeautyfacts.org/images/products/000/008/046/6437/front_fr.30.400.jpg
7332531063418,https://images.openbeautyfacts.org/images/products/733/253/106/3418/front_en.3.400.jpg
4005900036568,https://images.openbeautyfacts.org/images/products/400/590/003/6568/front_en.10.400.jpg
3574661352817,https://images.openbeautyfacts.org/images/products/357/466/135/2817/front_en.5.400.jpg
8001841283944,https://images.openbeautyfacts.org/images/products/800/184/128/3944/front_en.5.400.jpg
4015600572969,https://images.openbeautyfacts.org/images/products/401/560/057/2969/front_en.29.400.jpg
3574669907903,https://images.openbeautyfacts.org/images/products/357/466/990/7903/front_ar.9.400.jpg
8001090559890,https://images.openbeautyfacts.org/images/products/800/109/055/9890/front_en.8.400.jpg
8710908778322,https://images.openbeautyfacts.org/images/products/871/090/877/8322/front_fr.7.400.jpg
8712561488280,https://images.openbeautyfacts.org/images/products/871/256/148/8280/front_en.5.400.jpg
8712561479806,https://images.openbeautyfacts.org/images/products/871/256/147/9806/front_en.8.400.jpg
8710908789380,https://images.openbeautyfacts.org/images/products/871/090/878/9380/front_en.3.400.jpg
4005808890576,https://images.openbeautyfacts.org/images/products/400/580/889/0576/front_en.26.400.jpg
3600542418836,https://images.openbeautyfacts.org/images/products/360/054/241/8836/front_fr.13.400.jpg
7702018980833,https://images.openbeautyfacts.org/images/products/770/201/898/0833/front_en.3.400.jpg
3614223736485,https://images.openbeautyfacts.org/images/products/361/422/373/6485/front_fr.8.400.jpg
0083078421144,https://images.openbeautyfacts.org/images/products/008/307/842/1144/front_en.7.400.jpg
8886467049460,https://images.openbeautyfacts.org/images/products/888/646/704/9460/front_fr.3.400.jpg
8710908789427,https://images.openbeautyfacts.org/images/products/871/090/878/9427/front_en.3.400.jpg
50287062,https://images.openbeautyfacts.org/images/products/000/005/028/7062/front_en.12.400.jpg
7332531063739,https://images.openbeautyfacts.org/images/products/733/253/106/3739/front_en.9.400.jpg
8714789615592,https://images.openbeautyfacts.org/images/products/871/478/961/5592/front_en.6.400.jpg
5055586607056,https://images.openbeautyfacts.org/images/products/505/558/660/7056/front_en.5.400.jpg
96081754,https://images.openbeautyfacts.org/images/products/000/009/608/1754/front_fr.9.400.jpg
8718114627007,https://images.openbeautyfacts.org/images/products/871/811/462/7007/front_en.4.400.jpg
96137161,https://images.openbeautyfacts.org/images/products/000/009/613/7161/front_fr.4.400.jpg
8809505030435,https://images.openbeautyfacts.org/images/products/880/950/503/0435/front_fr.3.400.jpg
8711700634342,https://images.openbeautyfacts.org/images/products/871/170/063/4342/front_fr.13.400.jpg
4005808837311,https://images.openbeautyfacts.org/images/products/400/580/883/7311/front_en.20.400.jpg
4015400363033,https://images.openbeautyfacts.org/images/products/401/540/036/3033/front_en.6.400.jpg
5029053581514,https://images.openbeautyfacts.org/images/products/502/905/358/1514/front_en.5.400.jpg
7702018980918,https://images.openbeautyfacts.org/images/products/770/201/898/0918/front_en.3.400.jpg
8712561282093,https://images.openbeautyfacts.org/images/products/871/256/128/2093/front_ar.3.400.jpg
8006540424186,https://images.openbeautyfacts.org/images/products/800/654/042/4186/front_fr.8.400.jpg
5011321595200,https://images.openbeautyfacts.org/images/products/501/132/159/5200/front_en.6.400.jpg
7702018980819,https://images.openbeautyfacts.org/images/products/770/201/898/0819/front_en.19.400.jpg
5012008550505,https://images.openbeautyfacts.org/images/products/501/200/855/0505/front_en.3.400.jpg
7702018465132,https://images.openbeautyfacts.org/images/products/770/201/846/5132/front_en.13.400.jpg
80466468,https://images.openbeautyfacts.org/images/products/000/008/046/6468/front_fr.29.400.jpg
5010612808838,https://images.openbeautyfacts.org/images/products/501/061/280/8838/front_en.3.400.jpg
5010123703509,https://images.openbeautyfacts.org/images/products/501/012/370/3509/front_en.7.400.jpg
8720181286902,https://images.openbeautyfacts.org/images/products/872/018/128/6902/front_it.3.400.jpg
3614221653814,https://images.openbeautyfacts.org/images/products/361/422/165/3814/front_fr.22.400.jpg
3574660571769,https://images.openbeautyfacts.org/images/products/357/466/057/1769/front_en.8.400.jpg
5000209101527,https://images.openbeautyfacts.org/images/products/500/020/910/1527/front_en.4.400.jpg
8710908745874,https://images.openbeautyfacts.org/images/products/871/090/874/5874/front_fr.7.400.jpg
5011321594562,https://images.openbeautyfacts.org/images/products/501/132/159/4562/front_en.5.400.jpg
8710908735523,https://images.openbeautyfacts.org/images/products/871/090/873/5523/front_fr.3.400.jpg
9327693006456,https://images.openbeautyfacts.org/images/products/932/769/300/6456/front_en.3.400.jpg
5012254059777,https://images.openbeautyfacts.org/images/products/501/225/405/9777/front_en.13.400.jpg
8710908744884,https://images.openbeautyfacts.org/images/products/871/090/874/4884/front_fr.13.400.jpg
5011417559161,https://images.openbeautyfacts.org/images/products/501/141/755/9161/front_en.5.400.jpg
7702018015665,https://images.openbeautyfacts.org/images/products/770/201/801/5665/front_en.4.400.jpg
0083078001476,https://images.openbeautyfacts.org/images/products/008/307/800/1476/front_en.13.400.jpg
8718951131767,https://images.openbeautyfacts.org/images/products/871/895/113/1767/front_fr.4.400.jpg
5011309018011,https://images.openbeautyfacts.org/images/products/501/130/901/8011/front_en.15.400.jpg
8720181287589,https://images.openbeautyfacts.org/images/products/872/018/128/7589/front_it.3.400.jpg
3574669908085,https://images.openbeautyfacts.org/images/products/357/466/990/8085/front_fr.9.400.jpg
8712561607391,https://images.openbeautyfacts.org/images/products/871/256/160/7391/front_fr.7.400.jpg
5029053569857,https://images.openbeautyfacts.org/images/products/502/905/356/9857/front_en.6.400.jpg
8712561481663,https://images.openbeautyfacts.org/images/products/871/256/148/1663/front_en.10.400.jpg
8714789763620,https://images.openbeautyfacts.org/images/products/871/478/976/3620/front_en.3.400.jpg
0083078009076,https://images.openbeautyfacts.org/images/products/008/307/800/9076/front_en.8.400.jpg
3574660310689,https://images.openbeautyfacts.org/images/products/357/466/031/0689/front_pl.4.400.jpg
5030104005224,https://images.openfoodfacts.org/images/products/503/010/400/5224/front_en.3.400.jpg
8711700632249,https://images.openbeautyfacts.org/images/products/871/170/063/2249/front_fr.3.400.jpg
0088551167847,https://images.openbeautyfacts.org/images/products/008/855/116/7847/front_en.10.400.jpg
3574660583861,https://images.openbeautyfacts.org/images/products/357/466/058/3861/front_en.3.400.jpg
5030104005248,https://images.openfoodfacts.org/images/products/503/010/400/5248/front_en.3.400.jpg
3600541126046,https://images.openbeautyfacts.org/images/products/360/054/112/6046/front_en.9.400.jpg
5000209100513,https://images.openbeautyfacts.org/images/products/500/020/910/0513/front_en.3.400.jpg
8714100184943,https://images.openbeautyfacts.org/images/products/871/410/018/4943/front_en.3.400.jpg
5011321594296,https://images.openbeautyfacts.org/images/products/501/132/159/4296/front_en.5.400.jpg
5000347054303,https://images.openbeautyfacts.org/images/products/500/034/705/4303/front_en.5.400.jpg
8714789703015,https://images.openbeautyfacts.org/images/products/871/478/970/3015/front_fr.8.400.jpg
7702018980932,https://images.openbeautyfacts.org/images/products/770/201/898/0932/front_en.5.400.jpg
8712561803274,https://images.openbeautyfacts.org/images/products/871/256/180/3274/front_fr.104.400.jpg
8712561483094,https://images.openbeautyfacts.org/images/products/871/256/148/3094/front_en.10.400.jpg
5011842107128,https://images.openbeautyfacts.org/images/products/501/184/210/7128/front_en.3.400.jpg
8718951265769,https://images.openbeautyfacts.org/images/products/871/895/126/5769/front_en.3.400.jpg
96040928,https://images.openbeautyfacts.org/images/products/000/009/604/0928/front_fr.3.400.jpg
50210404,https://images.openbeautyfacts.org/images/products/000/005/021/0404/front_en.6.400.jpg
5011321594470,https://images.openbeautyfacts.org/images/products/501/132/159/4470/front_en.5.400.jpg
59095866,https://images.openbeautyfacts.org/images/products/000/005/909/5866/front_ro.4.400.jpg
0010181000089,https://images.openbeautyfacts.org/images/products/001/018/100/0089/front_en.6.400.jpg
5029053002033,https://images.openbeautyfacts.org/images/products/502/905/300/2033/front_en.9.400.jpg
5012254067680,https://images.openbeautyfacts.org/images/products/501/225/406/7680/front_en.3.400.jpg
3574669908535,https://images.openbeautyfacts.org/images/products/357/466/990/8535/front_da.3.400.jpg
42207443,https://images.openbeautyfacts.org/images/products/000/004/220/7443/front_fr.7.400.jpg
8717163762004,https://images.openbeautyfacts.org/images/products/871/716/376/2004/front_en.5.400.jpg
8710908317361,https://images.openbeautyfacts.org/images/products/871/090/831/7361/front_en.3.400.jpg
5000101032905,https://images.openbeautyfacts.org/images/products/500/010/103/2905/front_en.6.400.jpg
8001090364104,https://images.openbeautyfacts.org/images/products/800/109/036/4104/front_fr.5.400.jpg
8712561485548,https://images.openbeautyfacts.org/images/products/871/256/148/5548/front_nl.13.400.jpg
8718951291010,https://images.openbeautyfacts.org/images/products/871/895/129/1010/front_en.10.400.jpg
3014230022401,https://images.openbeautyfacts.org/images/products/301/423/002/2401/front_fr.132.400.jpg
0782126003065,https://images.openbeautyfacts.org/images/products/078/212/600/3065/front_fr.28.400.jpg
8712561485524,https://images.openbeautyfacts.org/images/products/871/256/148/5524/front_fr.17.400.jpg
4011200115902,https://images.openbeautyfacts.org/images/products/401/120/011/5902/front_en.9.400.jpg
5010123730215,https://images.openbeautyfacts.org/images/products/501/012/373/0215/front_en.6.400.jpg
0083078001902,https://images.openbeautyfacts.org/images/products/008/307/800/1902/front_en.4.400.jpg
59096757,https://images.openbeautyfacts.org/images/products/000/005/909/6757/front_ar.6.400.jpg
5060120177810,https://images.openbeautyfacts.org/images/products/506/012/017/7810/front_ru.3.400.jpg
8720181368097,https://images.openbeautyfacts.org/images/products/872/018/136/8097/front_en.3.400.jpg
42299929,https://images.openbeautyfacts.org/images/products/000/004/229/9929/front_ar.3.400.jpg
5000101514289,https://images.openbeautyfacts.org/images/products/500/010/151/4289/front_en.3.400.jpg
5000231050831,https://images.openbeautyfacts.org/images/products/500/023/105/0831/front_en.4.400.jpg
8001841266848,https://images.openbeautyfacts.org/images/products/800/184/126/6848/front_en.5.400.jpg
8714789917146,https://images.openbeautyfacts.org/images/products/871/478/991/7146/front_en.10.400.jpg
8720181218279,https://images.openbeautyfacts.org/images/products/872/018/121/8279/front_en.4.400.jpg
8712561593335,https://images.openbeautyfacts.org/images/products/871/256/159/3335/front_fr.25.400.jpg
59084051,https://images.openbeautyfacts.org/images/products/000/005/908/4051/front_en.5.400.jpg
59095361,https://images.openbeautyfacts.org/images/products/000/005/909/5361/front_pt.3.400.jpg
5010724527504,https://images.openbeautyfacts.org/images/products/501/072/452/7504/front_fr.15.400.jpg
3015810608817,https://images.openbeautyfacts.org/images/products/301/581/060/8817/front_en.6.400.jpg
8718951246799,https://images.openbeautyfacts.org/images/products/871/895/124/6799/front_fr.10.400.jpg
8718951288881,https://images.openbeautyfacts.org/images/products/871/895/128/8881/front_en.10.400.jpg
5011451106277,https://images.openbeautyfacts.org/images/products/501/145/110/6277/front_en.11.400.jpg
0309975122060,https://images.openbeautyfacts.org/images/products/030/997/512/2060/front_en.3.400.jpg
3574661236445,https://images.openbeautyfacts.org/images/products/357/466/123/6445/front_en.3.400.jpg
7702018980925,https://images.openbeautyfacts.org/images/products/770/201/898/0925/front_it.12.400.jpg
3600540897794,https://images.openbeautyfacts.org/images/products/360/054/089/7794/front_en.3.400.jpg
8710447391259,https://images.openbeautyfacts.org/images/products/871/044/739/1259/front_es.3.400.jpg
4003455003240,https://images.openfoodfacts.org/images/products/400/345/500/3240/front_en.3.400.jpg
8710908658006,https://images.openbeautyfacts.org/images/products/871/090/865/8006/front_en.6.400.jpg
59081630,https://images.openbeautyfacts.org/images/products/000/005/908/1630/front_en.10.400.jpg
8712561828628,https://images.openbeautyfacts.org/images/products/871/256/182/8628/front_en.6.400.jpg
8003520012906,https://images.openbeautyfacts.org/images/products/800/352/001/2906/front_fr.5.400.jpg
8710447211052,https://images.openbeautyfacts.org/images/products/871/044/721/1052/front_en.11.400.jpg
8710447224175,https://images.openfoodfacts.org/images/products/871/044/722/4175/front_en.5.400.jpg
5010058044753,https://images.openfoodfacts.org/images/products/501/005/804/4753/front_en.3.400.jpg
8712561478762,https://images.openbeautyfacts.org/images/products/871/256/147/8762/front_en.9.400.jpg
8712561847179,https://images.openbeautyfacts.org/images/products/871/256/184/7179/front_en.8.400.jpg
3574669909594,https://images.openbeautyfacts.org/images/products/357/466/990/9594/front_en.30.400.jpg
5012251005852,https://images.openbeautyfacts.org/images/products/501/225/100/5852/front_en.3.400.jpg
8714100011379,https://images.openbeautyfacts.org/images/products/871/410/001/1379/front_en.3.400.jpg
8901030005176,https://images.openbeautyfacts.org/images/products/890/103/000/5176/front_en.3.400.jpg
8710522386491,https://images.openbeautyfacts.org/images/products/871/052/238/6491/front_en.3.400.jpg
5011309424515,https://images.openfoodfacts.org/images/products/501/130/942/4515/front_de.3.400.jpg
0017854033337,https://images.openbeautyfacts.org/images/products/001/785/403/3337/front_en.4.400.jpg
5011309018110,https://images.openbeautyfacts.org/images/products/501/130/901/8110/front_en.3.400.jpg
8712561829045,https://images.openbeautyfacts.org/images/products/871/256/182/9045/front_en.5.400.jpg
59095385,https://images.openbeautyfacts.org/images/products/000/005/909/5385/front_ar.4.400.jpg
4011200136907,https://images.openbeautyfacts.org/images/products/401/120/013/6907/front_en.9.400.jpg
4005808142927,https://images.openbeautyfacts.org/images/products/400/580/814/2927/front_en.7.400.jpg
4005808123834,https://images.openbeautyfacts.org/images/products/400/580/812/3834/front_nl.11.400.jpg
4030300022743,https://images.openfoodfacts.org/images/products/403/030/002/2743/front_en.3.400.jpg
80977254,https://images.openfoodfacts.org/images/products/000/008/097/7254/front_en.6.400.jpg
8714789810348,https://images.openbeautyfacts.org/images/products/871/478/981/0348/front_en.12.400.jpg
59095408,https://images.openbeautyfacts.org/images/products/000/005/909/5408/front_en.3.400.jpg
8710908799228,https://images.openbeautyfacts.org/images/products/871/090/879/9228/front_en.6.400.jpg
0017854054257,https://images.openbeautyfacts.org/images/products/001/785/405/4257/front_en.6.400.jpg
50210466,https://images.openbeautyfacts.org/images/products/000/005/021/0466/front_it.7.400.jpg
5017848251391,https://images.openbeautyfacts.org/images/products/501/784/825/1391/front_en.3.400.jpg
0017854100466,https://images.openbeautyfacts.org/images/products/001/785/410/0466/front_fr.3.400.jpg
8720181053702,https://images.openbeautyfacts.org/images/products/872/018/105/3702/front_en.6.400.jpg
5029053573199,https://images.openbeautyfacts.org/images/products/502/905/357/3199/front_en.11.400.jpg
5012583203285,https://images.openbeautyfacts.org/images/products/501/258/320/3285/front_en.3.400.jpg
8714789365152,https://images.openbeautyfacts.org/images/products/871/478/936/5152/front_en.16.400.jpg
8710447275306,https://images.openbeautyfacts.org/images/products/871/044/727/5306/front_en.3.400.jpg
50096701,https://images.openbeautyfacts.org/images/products/000/005/009/6701/front_en.3.400.jpg
4005808130115,https://images.openbeautyfacts.org/images/products/400/580/813/0115/front_nl.9.400.jpg
7702018980857,https://images.openbeautyfacts.org/images/products/770/201/898/0857/front_fr.3.400.jpg
6281006485334,https://images.openbeautyfacts.org/images/products/628/100/648/5334/front_fr.3.400.jpg
5000101218255,https://images.openbeautyfacts.org/images/products/500/010/121/8255/front_de.4.400.jpg
8718951265516,https://images.openbeautyfacts.org/images/products/871/895/126/5516/front_en.3.400.jpg
3574661684284,https://images.openbeautyfacts.org/images/products/357/466/168/4284/front_en.5.400.jpg
8714789762906,https://images.openbeautyfacts.org/images/products/871/478/976/2906/front_en.6.400.jpg
5012251011129,https://images.openbeautyfacts.org/images/products/501/225/101/1129/front_en.3.400.jpg
8710447275313,https://images.openbeautyfacts.org/images/products/871/044/727/5313/front_en.12.400.jpg
8720181079177,https://images.openbeautyfacts.org/images/products/872/018/107/9177/front_en.3.400.jpg
5025135113918,https://images.openbeautyfacts.org/images/products/502/513/511/3918/front_en.3.400.jpg
5010724527399,https://images.openbeautyfacts.org/images/products/501/072/452/7399/front_de.7.400.jpg
8711700921565,https://images.openbeautyfacts.org/images/products/871/170/092/1565/front_en.3.400.jpg
4000196014313,https://images.openbeautyfacts.org/images/products/400/019/601/4313/front_fr.3.400.jpg
50096367,https://images.openbeautyfacts.org/images/products/000/005/009/6367/front_en.7.400.jpg
3574661440477,https://images.openbeautyfacts.org/images/products/357/466/144/0477/front_en.10.400.jpg
4000388177000,https://images.openbeautyfacts.org/images/products/400/038/817/7000/front_nl.21.400.jpg
8717163605776,https://images.openbeautyfacts.org/images/products/871/716/360/5776/front_en.5.400.jpg
42182634,https://images.openbeautyfacts.org/images/products/000/004/218/2634/front_en.79.400.jpg
4005808130610,https://images.openbeautyfacts.org/images/products/400/580/813/0610/front_nl.7.400.jpg
8714789763460,https://images.openbeautyfacts.org/images/products/871/478/976/3460/front_en.11.400.jpg
5410076926046,https://images.openbeautyfacts.org/images/products/541/007/692/6046/front_en.19.400.jpg
8720181336188,https://images.openbeautyfacts.org/images/products/872/018/133/6188/front_en.4.400.jpg
8717163023839,https://images.openbeautyfacts.org/images/products/871/716/302/3839/front_en.3.400.jpg
5000347035937,https://images.openbeautyfacts.org/images/products/500/034/703/5937/front_en.24.400.jpg
5000347090943,https://images.openbeautyfacts.org/images/products/500/034/709/0943/front_en.3.400.jpg
8714789762876,https://images.openbeautyfacts.org/images/products/871/478/976/2876/front_en.8.400.jpg
8001841479804,https://images.openbeautyfacts.org/images/products/800/184/147/9804/front_fr.5.400.jpg
5012583009665,https://images.openbeautyfacts.org/images/products/501/258/300/9665/front_en.8.400.jpg
8714789762845,https://images.openbeautyfacts.org/images/products/871/478/976/2845/front_en.6.400.jpg
8710908658075,https://images.openbeautyfacts.org/images/products/871/090/865/8075/front_en.9.400.jpg
8714789763897,https://images.openbeautyfacts.org/images/products/871/478/976/3897/front_en.8.400.jpg
8003520013026,https://images.openbeautyfacts.org/images/products/800/352/001/3026/front_en.5.400.jpg
8003520023322,https://images.openbeautyfacts.org/images/products/800/352/002/3322/front_sv.4.400.jpg
6291105153270,https://images.openbeautyfacts.org/images/products/629/110/515/3270/front_en.3.400.jpg
7610700007242,https://images.openfoodfacts.org/images/products/761/070/000/7242/front_en.3.400.jpg
3600542032537,https://images.openbeautyfacts.org/images/products/360/054/203/2537/front_en.10.400.jpg
8714789880556,https://images.openbeautyfacts.org/images/products/871/478/988/0556/front_it.10.400.jpg
8714789880501,https://images.openbeautyfacts.org/images/products/871/478/988/0501/front_fr.7.400.jpg
0761828223889,https://images.openbeautyfacts.org/images/products/076/182/822/3889/front_fr.5.400.jpg
8886467060861,https://images.openbeautyfacts.org/images/products/888/646/706/0861/front_en.3.400.jpg
5013692268943,https://images.openbeautyfacts.org/images/products/501/369/226/8943/front_en.9.400.jpg
3574669909211,https://images.openbeautyfacts.org/images/products/357/466/990/9211/front_es.4.400.jpg
8714789726137,https://images.openbeautyfacts.org/images/products/871/478/972/6137/front_en.6.400.jpg
50064861,https://images.openbeautyfacts.org/images/products/000/005/006/4861/front_en.23.400.jpg
96049938,https://images.openfoodfacts.org/images/products/000/009/604/9938/front_en.3.400.jpg
8710908181092,https://images.openbeautyfacts.org/images/products/871/090/818/1092/front_en.5.400.jpg
5000101959417,https://images.openbeautyfacts.org/images/products/500/010/195/9417/front_es.3.400.jpg
8720181336058,https://images.openbeautyfacts.org/images/products/872/018/133/6058/front_fr.3.400.jpg
8710908178399,https://images.openbeautyfacts.org/images/products/871/090/817/8399/front_en.6.400.jpg
8718951564862,https://images.openbeautyfacts.org/images/products/871/895/156/4862/front_en.27.400.jpg
5029053550039,https://images.openbeautyfacts.org/images/products/502/905/355/0039/front_en.19.400.jpg
8710908177057,https://images.openbeautyfacts.org/images/products/871/090/817/7057/front_en.5.400.jpg
5099802150117,https://images.openbeautyfacts.org/images/products/509/980/215/0117/front_en.21.400.jpg
8714789880518,https://images.openbeautyfacts.org/images/products/871/478/988/0518/front_fr.5.400.jpg
5060120164063,https://images.openbeautyfacts.org/images/products/506/012/016/4063/front_en.7.400.jpg
5012251010412,https://images.openbeautyfacts.org/images/products/501/225/101/0412/front_en.3.400.jpg
5012254060230,https://images.openbeautyfacts.org/images/products/501/225/406/0230/front_en.5.400.jpg
8714789880495,https://images.openbeautyfacts.org/images/products/871/478/988/0495/front_fr.5.400.jpg
5000101189760,https://images.openbeautyfacts.org/images/products/500/010/118/9760/front_en.4.400.jpg
8886467020124,https://images.openbeautyfacts.org/images/products/888/646/702/0124/front_es.19.400.jpg
5012251009928,https://images.openbeautyfacts.org/images/products/501/225/100/9928/front_en.3.400.jpg
8718951193796,https://images.openbeautyfacts.org/images/products/871/895/119/3796/front_en.11.400.jpg
8901030755392,https://images.openbeautyfacts.org/images/products/890/103/075/5392/front_es.3.400.jpg
5029053579160,https://images.openbeautyfacts.org/images/products/502/905/357/9160/front_nl.8.400.jpg
8901030807657,https://images.openbeautyfacts.org/images/products/890/103/080/7657/front_fr.3.400.jpg
5000101152672,https://images.openbeautyfacts.org/images/products/500/010/115/2672/front_en.6.400.jpg
5000101845208,https://images.openbeautyfacts.org/images/products/500/010/184/5208/front_en.11.400.jpg
5000101845116,https://images.openbeautyfacts.org/images/products/500/010/184/5116/front_en.3.400.jpg
5029053567822,https://images.openbeautyfacts.org/images/products/502/905/356/7822/front_fr.10.400.jpg
8718951430853,https://images.openbeautyfacts.org/images/products/871/895/143/0853/front_lt.3.400.jpg
8714789726229,https://images.openbeautyfacts.org/images/products/871/478/972/6229/front_en.8.400.jpg
8001841041360,https://images.openbeautyfacts.org/images/products/800/184/104/1360/front_en.4.400.jpg
8720181336034,https://images.openbeautyfacts.org/images/products/872/018/133/6034/front_en.4.400.jpg
8712561306409,https://images.openbeautyfacts.org/images/products/871/256/130/6409/front_fr.10.400.jpg
5012008581202,https://images.openbeautyfacts.org/images/products/501/200/858/1202/front_en.3.400.jpg
5037741980013,https://images.openbeautyfacts.org/images/products/503/774/198/0013/front_en.4.400.jpg
5029053578156,https://images.openbeautyfacts.org/images/products/502/905/357/8156/front_en.5.400.jpg
8718951568709,https://images.openbeautyfacts.org/images/products/871/895/156/8709/front_en.5.400.jpg
8714789732879,https://images.openbeautyfacts.org/images/products/871/478/973/2879/front_en.7.400.jpg
5055586603195,https://images.openbeautyfacts.org/images/products/505/558/660/3195/front_fr.4.400.jpg
5014697055934,https://images.openbeautyfacts.org/images/products/501/469/705/5934/front_en.12.400.jpg
5017353505231,https://images.openfoodfacts.org/images/products/501/735/350/5231/front_en.5.400.jpg
8710908182082,https://images.openbeautyfacts.org/images/products/871/090/818/2082/front_en.4.400.jpg
8712561538077,https://images.openbeautyfacts.org/images/products/871/256/153/8077/front_ar.8.400.jpg
5029053550152,https://images.openbeautyfacts.org/images/products/502/905/355/0152/front_fr.18.400.jpg
42182627,https://images.openbeautyfacts.org/images/products/000/004/218/2627/front_en.112.400.jpg
5060228450006,https://images.openbeautyfacts.org/images/products/506/022/845/0006/front_en.3.400.jpg
8718114642871,https://images.openbeautyfacts.org/images/products/871/811/464/2871/front_en.15.400.jpg
8714100597347,https://images.openbeautyfacts.org/images/products/871/410/059/7347/front_en.11.400.jpg
5060372800009,https://images.openbeautyfacts.org/images/products/506/037/280/0009/front_en.7.400.jpg
5017353503558,https://images.openbeautyfacts.org/images/products/501/735/350/3558/front_en.3.400.jpg
8000700000005,https://images.openbeautyfacts.org/images/products/800/070/000/0005/front_en.23.400.jpg
5012251010436,https://images.openbeautyfacts.org/images/products/501/225/101/0436/front_ru.4.400.jpg
8712561548953,https://images.openbeautyfacts.org/images/products/871/256/154/8953/front_fr.7.400.jpg
87111842,https://images.openfoodfacts.org/images/products/000/008/711/1842/front_en.10.400.jpg
3086125705027,https://images.openbeautyfacts.org/images/products/308/612/570/5027/front_fr.6.400.jpg
8714789700052,https://images.openbeautyfacts.org/images/products/871/478/970/0052/front_fr.3.400.jpg
5017353502889,https://images.openbeautyfacts.org/images/products/501/735/350/2889/front_en.6.400.jpg
50375301,https://images.openbeautyfacts.org/images/products/000/005/037/5301/front_en.34.400.jpg
3574660239010,https://images.openbeautyfacts.org/images/products/357/466/023/9010/front_en.5.400.jpg
8711600368804,https://images.openbeautyfacts.org/images/products/871/160/036/8804/front_en.3.400.jpg
8712561692533,https://images.openfoodfacts.org/images/products/871/256/169/2533/front_en.3.400.jpg
4005808665273,https://images.openbeautyfacts.org/images/products/400/580/866/5273/front_fr.3.400.jpg
4000388563902,https://images.openbeautyfacts.org/images/products/400/038/856/3902/front_en.3.400.jpg
4005808795697,https://images.openbeautyfacts.org/images/products/400/580/879/5697/front_en.4.400.jpg
8700216250641,https://images.openbeautyfacts.org/images/products/870/021/625/0641/front_fr.6.400.jpg
0708002400612,https://images.openbeautyfacts.org/images/products/070/800/240/0612/front_en.5.400.jpg
0850030689160,https://images.openfoodfacts.org/images/products/085/003/068/9160/front_en.3.400.jpg
8008970052847,https://images.openbeautyfacts.org/images/products/800/897/005/2847/front_en.4.400.jpg
8008970041698,https://images.openbeautyfacts.org/images/products/800/897/004/1698/front_fr.3.400.jpg
4084500015012,https://images.openbeautyfacts.org/images/products/408/450/001/5012/front_en.8.400.jpg
3337875583626,https://images.openbeautyfacts.org/images/products/333/787/558/3626/front_fr.8.400.jpg
3600540282835,https://images.openbeautyfacts.org/images/products/360/054/028/2835/front_en.4.400.jpg
5012583200680,https://images.openbeautyfacts.org/images/products/501/258/320/0680/front_en.14.400.jpg
0764302280019,https://images.openbeautyfacts.org/images/products/076/430/228/0019/front_en.13.400.jpg
5030104005187,https://images.openfoodfacts.org/images/products/503/010/400/5187/front_en.3.400.jpg
5011451103979,https://images.openbeautyfacts.org/images/products/501/145/110/3979/front_en.19.400.jpg
0782126001009,https://images.openbeautyfacts.org/images/products/078/212/600/1009/front_fr.22.400.jpg
4005900036469,https://images.openbeautyfacts.org/images/products/400/590/003/6469/front_en.11.400.jpg
8809598450547,https://images.openfoodfacts.org/images/products/880/959/845/0547/front_en.3.400.jpg
3401351625466,https://images.openbeautyfacts.org/images/products/340/135/162/5466/front_fr.12.400.jpg
3574661401119,https://images.openbeautyfacts.org/images/products/357/466/140/1119/front_en.5.400.jpg
3433422404403,https://images.openbeautyfacts.org/images/products/343/342/240/4403/front_fr.9.400.jpg
42299943,https://images.openbeautyfacts.org/images/products/000/004/229/9943/front_it.3.400.jpg
8006540153895,https://images.openbeautyfacts.org/images/products/800/654/015/3895/front_en.7.400.jpg
8001090989932,https://images.openbeautyfacts.org/images/products/800/109/098/9932/front_en.15.400.jpg
30106659,https://images.openbeautyfacts.org/images/products/000/003/010/6659/front_fr.6.400.jpg
42231332,https://images.openbeautyfacts.org/images/products/000/004/223/1332/front_en.10.400.jpg
3282770207774,https://images.openbeautyfacts.org/images/products/328/277/020/7774/front_hr.6.400.jpg
5017007601333,https://images.openbeautyfacts.org/images/products/501/700/760/1333/front_en.8.400.jpg
8710908777004,https://images.openbeautyfacts.org/images/products/871/090/877/7004/front_ar.9.400.jpg
4005808130573,https://images.openbeautyfacts.org/images/products/400/580/813/0573/front_en.8.400.jpg
4005808130078,https://images.openbeautyfacts.org/images/products/400/580/813/0078/front_en.12.400.jpg
8710908777769,https://images.openbeautyfacts.org/images/products/871/090/877/7769/front_en.5.400.jpg
5000101077005,https://images.openbeautyfacts.org/images/products/500/010/107/7005/front_en.7.400.jpg
8717163714942,https://images.openbeautyfacts.org/images/products/871/716/371/4942/front_fr.8.400.jpg
3600524027087,https://images.openbeautyfacts.org/images/products/360/052/402/7087/front_en.7.400.jpg
7613036912549,https://images.openfoodfacts.org/images/products/761/303/691/2549/front_en.3.400.jpg
3337875597326,https://images.openbeautyfacts.org/images/products/333/787/559/7326/front_el.3.400.jpg
50160150,https://images.openbeautyfacts.org/images/products/000/005/016/0150/front_bg.6.400.jpg
0814784027241,https://images.openfoodfacts.org/images/products/081/478/402/7241/front_en.6.400.jpg
3282770145250,https://images.openbeautyfacts.org/images/products/328/277/014/5250/front_fr.3.400.jpg
8710908777394,https://images.openbeautyfacts.org/images/products/871/090/877/7394/front_es.3.400.jpg
0602573665466,https://images.openbeautyfacts.org/images/products/060/257/366/5466/front_en.3.400.jpg
5701943102947,https://images.openfoodfacts.org/images/products/570/194/310/2947/front_nl.3.400.jpg
8714789726250,https://images.openbeautyfacts.org/images/products/871/478/972/6250/front_en.16.400.jpg
3337875757669,https://images.openbeautyfacts.org/images/products/333/787/575/7669/front_en.5.400.jpg
4005900036490,https://images.openbeautyfacts.org/images/products/400/590/003/6490/front_en.7.400.jpg
42182658,https://images.openbeautyfacts.org/images/products/000/004/218/2658/front_nl.34.400.jpg
0309970038885,https://images.openbeautyfacts.org/images/products/030/997/003/8885/front_en.4.400.jpg
8714789732916,https://images.openbeautyfacts.org/images/products/871/478/973/2916/front_en.9.400.jpg
0085805557355,https://images.openbeautyfacts.org/images/products/008/580/555/7355/front_en.3.400.jpg
5031413935332,https://images.openbeautyfacts.org/images/products/503/141/393/5332/front_en.3.400.jpg
7702018852475,https://images.openbeautyfacts.org/images/products/770/201/885/2475/front_en.3.400.jpg
8809598450912,https://images.openbeautyfacts.org/images/products/880/959/845/0912/front_en.7.400.jpg
0782126002020,https://images.openfoodfacts.org/images/products/078/212/600/2020/front_fr.4.400.jpg
3337875816847,https://images.openbeautyfacts.org/images/products/333/787/581/6847/front_fr.12.400.jpg
4001638580267,https://images.openbeautyfacts.org/images/products/400/163/858/0267/front_en.4.400.jpg
8710847959318,https://images.openfoodfacts.org/images/products/871/084/795/9318/front_en.3.400.jpg
3337872412516,https://images.openbeautyfacts.org/images/products/333/787/241/2516/front_fr.6.400.jpg
8719134161151,https://images.openbeautyfacts.org/images/products/871/913/416/1151/front_fr.3.400.jpg
4001638500210,https://images.openbeautyfacts.org/images/products/400/163/850/0210/front_de.6.400.jpg
8710447217054,https://images.openbeautyfacts.org/images/products/871/044/721/7054/front_en.9.400.jpg
5701943100882,https://images.openbeautyfacts.org/images/products/570/194/310/0882/front_nl.18.400.jpg
0782126203137,https://images.openfoodfacts.org/images/products/078/212/620/3137/front_en.3.400.jpg
8719134149586,https://images.openbeautyfacts.org/images/products/871/913/414/9586/front_en.11.400.jpg
3574660038408,https://images.openbeautyfacts.org/images/products/357/466/003/8408/front_en.6.400.jpg
0708002405914,https://images.openbeautyfacts.org/images/products/070/800/240/5914/front_en.7.400.jpg
3600542052788,https://images.openbeautyfacts.org/images/products/360/054/205/2788/front_en.3.400.jpg
0878941001109,https://images.openfoodfacts.org/images/products/087/894/100/1109/front_fr.13.400.jpg
8006540818862,https://images.openbeautyfacts.org/images/products/800/654/081/8862/front_en.3.400.jpg
4005900604965,https://images.openbeautyfacts.org/images/products/400/590/060/4965/front_en.3.400.jpg
4005900257062,https://images.openbeautyfacts.org/images/products/400/590/025/7062/front_en.14.400.jpg
8809598454637,https://images.openbeautyfacts.org/images/products/880/959/845/4637/front_en.3.400.jpg
8718951431874,https://images.openbeautyfacts.org/images/products/871/895/143/1874/front_fr.7.400.jpg
3433422408159,https://images.openbeautyfacts.org/images/products/343/342/240/8159/front_fr.7.400.jpg
0782126200150,https://images.openbeautyfacts.org/images/products/078/212/620/0150/front_en.3.400.jpg
7613035779013,https://images.openfoodfacts.org/images/products/761/303/577/9013/front_en.3.400.jpg
3574661287201,https://images.openbeautyfacts.org/images/products/357/466/128/7201/front_en.10.400.jpg
30070349,https://images.openbeautyfacts.org/images/products/000/003/007/0349/front_fr.13.400.jpg
8008970048703,https://images.openbeautyfacts.org/images/products/800/897/004/8703/front_en.7.400.jpg
50096725,https://images.openbeautyfacts.org/images/products/000/005/009/6725/front_en.8.400.jpg
4001638080262,https://images.openbeautyfacts.org/images/products/400/163/808/0262/front_de.4.400.jpg
7702018464692,https://images.openbeautyfacts.org/images/products/770/201/846/4692/front_en.5.400.jpg
5010724528105,https://images.openbeautyfacts.org/images/products/501/072/452/8105/front_en.6.400.jpg
5010724532553,https://images.openbeautyfacts.org/images/products/501/072/453/2553/front_en.3.400.jpg
8710447474419,https://images.openbeautyfacts.org/images/products/871/044/747/4419/front_en.11.400.jpg
4005808230679,https://images.openbeautyfacts.org/images/products/400/580/823/0679/front_en.6.400.jpg
5017634119003,https://images.openbeautyfacts.org/images/products/501/763/411/9003/front_en.5.400.jpg
7702018980901,https://images.openbeautyfacts.org/images/products/770/201/898/0901/front_en.4.400.jpg
7611916124877,https://images.openbeautyfacts.org/images/products/761/191/612/4877/front_de.7.400.jpg
0814784026794,https://images.openfoodfacts.org/images/products/081/478/402/6794/front_it.3.400.jpg
3337872414145,https://images.openbeautyfacts.org/images/products/333/787/241/4145/front_fr.5.400.jpg
3600522626060,https://images.openbeautyfacts.org/images/products/360/052/262/6060/front_fr.3.400.jpg
5012583200741,https://images.openbeautyfacts.org/images/products/501/258/320/0741/front_en.3.400.jpg
3337872411991,https://images.openbeautyfacts.org/images/products/333/787/241/1991/front_en.25.400.jpg
5000167056518,https://images.openfoodfacts.org/images/products/500/016/705/6518/front_en.9.400.jpg
5060149820094,https://images.openfoodfacts.org/images/products/506/014/982/0094/front_en.3.400.jpg
3600523329847,https://images.openbeautyfacts.org/images/products/360/052/332/9847/front_lv.8.400.jpg
3337875586269,https://images.openbeautyfacts.org/images/products/333/787/558/6269/front_fr.4.400.jpg
3337875583589,https://images.openbeautyfacts.org/images/products/333/787/558/3589/front_fr.5.400.jpg
3337875876940,https://images.openbeautyfacts.org/images/products/333/787/587/6940/front_fr.13.400.jpg
5012583200789,https://images.openbeautyfacts.org/images/products/501/258/320/0789/front_en.6.400.jpg
8886467049514,https://images.openbeautyfacts.org/images/products/888/646/704/9514/front_en.10.400.jpg
3600542449656,https://images.openbeautyfacts.org/images/products/360/054/244/9656/front_en.3.400.jpg
8006540815885,https://images.openbeautyfacts.org/images/products/800/654/081/5885/front_fr.3.400.jpg
8886467000799,https://images.openbeautyfacts.org/images/products/888/646/700/0799/front_fr.3.400.jpg
3337875763790,https://images.openbeautyfacts.org/images/products/333/787/576/3790/front_it.20.400.jpg
3574660455076,https://images.openbeautyfacts.org/images/products/357/466/045/5076/front_en.5.400.jpg
8710847959219,https://images.openfoodfacts.org/images/products/871/084/795/9219/front_en.5.400.jpg
8008970057972,https://images.openbeautyfacts.org/images/products/800/897/005/7972/front_en.4.400.jpg
8886467000782,https://images.openbeautyfacts.org/images/products/888/646/700/0782/front_en.5.400.jpg
8718951217003,https://images.openbeautyfacts.org/images/products/871/895/121/7003/front_en.5.400.jpg
4005808685844,https://images.openbeautyfacts.org/images/products/400/580/868/5844/front_en.3.400.jpg
8714789846668,https://images.openbeautyfacts.org/images/products/871/478/984/6668/front_fr.7.400.jpg
4005900974563,https://images.openbeautyfacts.org/images/products/400/590/097/4563/front_hu.3.400.jpg
8710908500404,https://images.openbeautyfacts.org/images/products/871/090/850/0404/front_en.5.400.jpg
3574661098531,https://images.openbeautyfacts.org/images/products/357/466/109/8531/front_en.8.400.jpg
8809447253473,https://images.openbeautyfacts.org/images/products/880/944/725/3473/front_ar.4.400.jpg
5012583205401,https://images.openfoodfacts.org/images/products/501/258/320/5401/front_en.3.400.jpg
0782126003409,https://images.openfoodfacts.org/images/products/078/212/600/3409/front_en.3.400.jpg
8006540818824,https://images.openbeautyfacts.org/images/products/800/654/081/8824/front_ru.4.400.jpg
