Barcode,Product name,Regulation
5712249127893,Weight Loss Treatment - Wegovy 2.4mg STEP 5,P
5060999812003,BeautyPro PHOTON LED Light Therapy Face Mask,No regulation
5014602102067,Weight Loss Treatment - Mounjaro 15mg Step 6,P
5014602102050,Weight Loss Treatment - Mounjaro 12.5mg Step 5,P
5712249127886,Weight Loss Treatment - Wegovy 1.7mg STEP 4,P
4210201337997,Oral-B Pro 3 Electric Toothbrush,No regulation
5014602102074,Weight Loss Treatment - Mounjaro 10mg Step 4,P
5014602102043,Weight Loss Treatment - Mounjaro 7.5mg Step 3,P
5014602102036,Weight Loss Treatment - Mounjaro 5mg Step 2,P
5391531561913,Spotlight Oral Care Smile Rejuvenation System,No regulation
5391531561586,Spotlight Oral Care Spotlight Oral Care Mum to Be Luxury Gift Set,No regulation
5707725104017,Nourkrin Man for Hair Preservation 180 Tablets,No regulation
5712249121655,Weight Loss Treatment - Wegovy 0.5mg STEP 2,P
5014602102029,Weight Loss Treatment - Mounjaro 2.5mg Step 1,P
5712249121662,Weight Loss Treatment - Wegovy 1mg STEP 3,P
5707725100224,Nourkrin Woman for Hair Growth 180 Tablets,No regulation
8594739305427,Zentiva Nevolat (Saxenda/Liraglutide) 6mg/ml 3 x 3ml Pens,P
5707725702015,Nourkrin Woman Value Pack 3 Month Supply,No regulation
5391529530006,Weight Loss Treatment - Mysimba 112 Tablets,P
5391531561395,Spotlight Oral Care Graphite Grey Sonic Toothbrush,No regulation
5391531561579,Spotlight Oral Care Pride Sonic Toothbrush,No regulation
4210201396826,Oral-B GeniusX Midnight Black Bluetooth Electric Toothbrush,No regulation
5712249127862,Weight Loss Treatment - Wegovy 0.25mg STEP 1,P
5391531561388,Spotlight Oral Care Rose Gold Sonic Toothbrush,No regulation
0732068566876,Rightangled Covid-19 Rt- Pack r Test,No regulation
5707725704019,Nourkrin Man Value Pack 3 Month Supply with Conditioner & Shampoo,No regulation
9007653000037,AOP Orphan Naltrexone Hydrochloride 50mg Film-Coated 28 Tablets,GSL
1230000026024,Altrient Glutathione Liposomal Setria Glutathione 30 x 5.4ml Sachets,No regulation
5010441075685,Numark Melolin 10x20cm 100 pack,No regulation
0033984020726,Solgar Omnium 180 Tablets,No regulation
5809885045800,Vital Proteins Collagen Peptides Bundle 3 x 567g,No regulation
5391531561227,Spotlight Oral Care Water Flosser,No regulation
5060332534975,Lindens Health + Nutrition Green Lipped Mussel 500mg 1000 Capsules,No regulation
1230000026154,Altrient Liposomal Magnesium L-Threonate,No regulation
5017978000159,Probio 7 Contour Shots 10 Vials,No regulation
5060409330240,Zen CBD Oil 15% (1500mg) 10ml,No regulation
5014602401078,Cialis Tadalafil 20mg 8 Tablets,P
1230000026031,Altrient Liposomal R-Alpha Lipoic Acid 30 x 5.7ml Sachets,No regulation
5060999811730,BeautyPro LED WAND Ombre 5-in-1 technology,No regulation
1210001142190,Viagra 100mg 8 Tablets,P
5391531561401,Spotlight Oral Care White Sonic Toothbrush,No regulation
5026468000166,Paracetamol 240mg 10 Suppositories,P
5060221910200,Symprove Daily Live & Bacteria Supplement Strawberry & Raspberry 4 x 500ml,No regulation
0033984013193,Solgar Extra Strength Glucosamine Chondroitin MSM 120 Tablets,No regulation
5060221910057,Symprove Daily Live & Bacteria Supplement Original Flavour 4 x 500ml,No regulation
5060221910033,Symprove Daily Live & Bacteria Supplement Mango & Passion Fruit 4 x 500ml,No regulation
8809480780356,Shangpree S Energy Long Lasting Concentrated Serum 50ml,No regulation
3574661567808,Regaine for Men Extra Strength 3 Month's Supply,P
0033984504981,Solgar 7 90 Capsules,No regulation
8809480780394,Shangpree S Energy Repair Eye Cream 10ml,No regulation
5430000087254,Mindscopic Vive Vitae 45ml,No regulation
5060204164033,Maloff Protect 36 Tablets,P
5702191026276,Psoriasis treatment - Enstilar Foam 60g,P
5021791003389,Freestyle Libre 3,No regulation
5702191014969,Psoriasis treatment - Dovobet Gel 60g,P
8809480780370,Shangpree S Energy Resilience Cream,No regulation
0033984009882,Solgar D-Ribose Powder 150g Powder,No regulation
7350082940347,Swiss Clinic Night Cream 50ml,No regulation
7350082940330,Swiss Clinic Day Cream 50ml,No regulation
5025970011882,Eucerin Anti-Pigment Regime Set,No regulation
7610313405404,A.Vogel Prostasan Saw Palmetto Capsules 90 Pack,No regulation
0033984023062,Solgar Pycnogenol 100mg 30 Capsules,No regulation
7350038490636,Dynamic Code Sexually Transmitted Diseases (Stds) Test for Women,No regulation
5060018515489,KIKI Health Beauty with Ceramides 60 Vegicaps,No regulation
5709976180505,Pharma Nord Bio-Quinone Active Q10 GOLD 100mg 150 Capsules,No regulation
5060202183883,Cytoplan Nicotinamide Riboside 100mg 60 Capsules,No regulation
0033984035423,Solgar Vitamin E 268mg (400IU) 250 Softgels,No regulation
0033984547087,Solgar Full Spectrum Curcumin 90 Licaps,No regulation
5060284540185,Cepton Medicated Skin Wash 150ml,GSL
7350038490629,Dynamic Code Sexually Transmitted Diseases (Stds) Test for Men,No regulation
5028392001578,Metagenics Ultra Potent Vitamin C 232g Powder,No regulation
1230000026048,Altrient Liposomal Acetyl L Carnitine 30 x 5.7ml Sachets,No regulation
0085805144715,Elizabeth Arden Prevage 30ml Anti-Aging + Intensive Repair Daily Serum,No regulation
1230000026017,Altrient Liposomal Vitamin B & Mineral Complex 30 x 6ml Sachets,No regulation
5034511000049,Green People Alexandra Kay Time To Breathe Essential Oil Scent Diffuser,No regulation
0020714773823,Clinique Even Better Clinical Dark Spot Corrector & Optimizer 50ml,No regulation
5060203791919,"Terranova Red Yeast Rice, CoQ10 & Bergamot Complex 100 Capsules",No regulation
5013945120332,Androgenetic Alopecia Treatment - Propecia 1mg 28 Tablets,P
7350082940163,Swiss Clinic Hair Renewal Serum 50ml,No regulation
7350082940224,Swiss Clinic Eyebrow Growth Serum 6ml,No regulation
7350082940361,Swiss Clinic Reviving Face Serum 30ml,No regulation
5060018510019,KIKI Health Organic Nature's Living Superfood 300g,No regulation
0033984018235,Solgar Nutri-Nano Coq-10 Ala 60 Softgels,No regulation
5013457010817,Viagra 25mg 8 Tablets,P
0033984004245,Solgar Earth Source Multi-Nutrient 180 Tablets,No regulation
0033984026025,Solgar Shark Cartilage 750mg 180 Capsules,No regulation
5060409330233,Zen CBD Oil 10% (1000mg) 10ml,No regulation
3800219793789,Alteya Organic Bio Damascena - Rose Otto Regenerating Concentrate 30ml,No regulation
0658556025017,Planet Paleo Marine Collagen 450g,No regulation
5060391847399,Pure Gold Manuka Honey 340 MGO 500g,No regulation
0033984007390,Solgar Advanced Multi-Billion Dophilus 120 Capsules,No regulation
0033984036680,Solgar Whey To Go Protein Powder (Vanilla) 907g Powder,No regulation
5021791001033,Freestyle Libre 2 Sensor,No regulation
5060086610512,Optibac Probiotics for Every Day Extra Strength 90 Capsules,No regulation
5025970011875,Eucerin Hyaluron-Filler Anti-Age Starter Kit,No regulation
7350082940712,Swiss Clinic Regenerating Cream,No regulation
5060202183944,Cytoplan Cell-Active Glutathione 60 Capsules,No regulation
8809480780349,Shangpree S Energy All Day Preparation Toner 120ml,No regulation
5707725401505,Nourella Skin Rejuvenation System Dual Pack 60 Tablets + 50ml Cream,No regulation
0033984020672,Solgar Omnium 90 Tablets,No regulation
5031013103476,Higher Nature True Food Vitamin E 180 Capsules,No regulation
5060018511214,KIKI Health Body Biotics 120 Capsules,No regulation
5028392001561,Metagenics Ultra Potent Vitamin C 1000mg 90 Tablets,No regulation
5031013104572,Higher Nature Advanced Brain Nutrients 180 Capsules,No regulation
8809480780004,Shangpree Gold Black Pearl Eye Mask,No regulation
5060391846026,Pure Gold Premium Select 525+MGO Manuka Honey 500g,No regulation
4210201161479,Oral-B Smart 4 Bluetooth Electric Toothbrush Europlug,No regulation
7350082940217,Swiss Clinic Eyelash Growth Serum 6ml,No regulation
5707725100217,Nourkrin Woman 1 Month Supply 60 Tablets,No regulation
7350082940408,Swiss Clinic Cryogel Body Serum 100ml,No regulation
5060499390643,Weight Loss Treatment - Orlistat 120mg 84 Capsules,P
0033984010536,Solgar Ester-C Plus 1000mg Vitamin C 180 Tablets,No regulation
9335955004973,MooGoo Cream Conditioner 2.5l,No regulation
0033984011519,"Solgar Formula Vitamin B-Complex ""100"" Extra High Potency 250 Capsules",No regulation
8001090909268,Clearblue Connected Ovulation Test System,No regulation
5060391847757,Dr. Organic Tea Tree Body Wash 5L,No regulation
9335955004966,MooGoo Milk Shampoo 2.5l,No regulation
5014602401061,Cialis Tadalafil 20mg 4 Tablets,P
5054563013729,Alli 60mg Hard Capsules 84 Pack,P
0085805411169,Elizabeth Arden Ceramide 50ml Lift & Firm Day Cream SPF15,No regulation
1230000026000,Altrient Liposomal Vitamin C 30 x 5.7ml Sachets,No regulation
3380811099101,Clarins Super Restorative Total Eye Concentrate Eye Cream 15ml,No regulation
5014602401054,Cialis Tadalafil 10mg 4 Tablets,P
5060332530472,"Lindens Health + Nutrition Serrapeptase 80,000IU 500 Tablets",No regulation
0033984036734,Solgar Whey To Go Protein Powder (Chocolate) 1162g,No regulation
7350082940996,Swiss Clinic Skin Roller,No regulation
0658556025246,Planet Paleo Organic Bone Broth Collagen Protein - Cooling Herbs 450g,No regulation
0658556025260,Planet Paleo Bone Broth Sports Protein Vanilla & Banana 480g,No regulation
0658556025147,Planet Paleo Organic Bone Broth Collagen Protein - Pure 450g,No regulation
0658556025161,Planet Paleo Organic Bone Broth Collagen Protein Original 450g,No regulation
5038227000423,Priligy - Dapoxetine 60mg 6 Tablets,P
0658556025222,Planet Paleo Bone Broth Collagen Protein Ancient Mushrooms 450g,No regulation
5034511010826,Age Defy+ Retinal Booster Serum big,No regulation
3597133090543,Virbac Effipro 402mg Spot-On for Dogs 40-60kg 4 Pack,No regulation
0658556025185,Planet Paleo Organic Bone Broth Collagen Protein Golden Turmeric 450g,No regulation
0850006075058,Results Rna Acg Glutathione Extra Strength Spray 60ml,No regulation
5060571721846,"UpCircle Cleanse, Tone + Moisturise Set",No regulation
5060391847740,Dr. Organic Moroccan Argan Oil Body Wash 5L,No regulation
7350082940125,Swiss Clinic Whitening System 9ml,No regulation
5060391847733,Dr. Organic Aloe Vera Body Wash 5L,No regulation
0033984009486,Solgar Coq-10 200mg 30 Vegetable Capsules,No regulation
5034511006898,Green People Skin Gym Kit,No regulation
0033984007383,Solgar Advanced 40+ Acidophilus 120 Capsules,No regulation
5060204164026,Maloff Protect 24 Tablets,P
5012917010572,Frontline Tri-Act for Dogs 40-60kg 3 Pack,No regulation
0021078008231,Source Naturals Wellness Formula 180 Tablets,No regulation
5707725100255,Nourkrin Man 1 Month Supply 60 Tablets,No regulation
0033984020535,Solgar Double Strength Omega-3 120 Softgels,No regulation
0658556025284,Planet Paleo Bone Broth Sports Protein Chocolate 480g,No regulation
5060203792015,Terranova Life Drink (Unflavoured) 454g,No regulation
5060334120107,Norgalax 6 Micro-Enemas 10g,P
0753950002838,Doctor's Best Brain Magnesium with Magtein 50 mg 90 Veggie Capsules,No regulation
5031013102233,Higher Nature True Food All Man 180 Capsules,No regulation
5031812509158,Coatex Liquid Pump 150ml,No regulation
0033984011830,Solgar Formula Vm-75 Extra Potency 180 Tablets,No regulation
5060203790080,Terranova Coq10 100mg Complex 100 Pack,No regulation
0033984010499,Solgar Ester-C Plus 500mg Vitamin C 250 Capsules,No regulation
0658556025208,Planet Paleo Organic Bone Broth Collagen Protein Herbal Defence 450g,No regulation
5060018516561,KIKI NMN 60 Vegicaps,No regulation
8710103895060,Phillips Avent Anti-Colic Baby Bottle Starter Gift Set,No regulation
5060018516608,KIKI Himalayan Shilajit 30g,No regulation
5000243502939,Minami PlusEPA Smart Fats 60 Capsules,No regulation
3337873400994,Sanoflore Merveilleuse Essence 30ml,No regulation
0033984009363,Solgar Coq-10 60mg 60 Capsules,No regulation
0033984013223,Solgar L-Glutamine 500mg 250 Capsules,No regulation
5060202181001,Cytoplan Improved: Phytoshield: Phyto-antioxidant 60 Capsules,No regulation
0033984020580,Solgar Triple Strength Omega-3 100 Softgels,No regulation
0033984008335,Solgar Whey To Go Unflavoured Protein 1044g,No regulation
0814784027258,SunWarrior Protein Classic Unflavoured 750g,No regulation
0814784027265,SunWarrior Protein Classic Chocolate 750g,No regulation
0796548445020,Revive Collagen - Menopause Max Collagen Drink 14 sachets,No regulation
0814784027104,SunWarrior Protein Warrior Blend Berry 750g,No regulation
5034511006782,Green People Heritage Beauty Trio 3 x 50ml,No regulation
0739090023254,Fipnil Plus Spot-On Solution for Extra Large Dogs 3 x 4.02ml,No regulation
5060086610802,Optibac Probiotics for Women 90 Capsules,No regulation
0658556024522,Planet Paleo Keto C8 MCT Oil 1000ml,No regulation
5060332533688,Lindens Health + Nutrition Glucosamine & Chondroitin 500/400 365 Capsules,No regulation
5060259570179,Gold Collagen Forte 10x50ml,No regulation
5034511005983,Age Defy+ Tinted DD Moisturiser SPF15 Medium 30ml,No regulation
5034511005976,Age Defy+ Tinted SPF15 Moisturiser Light 30ml,No regulation
0658556025062,Planet Paleo Keto Collagen 440g,No regulation
5060202180134,Cytoplan Foundation Formula 120 Tablets,No regulation
5028392002681,Metagenics MegaMag PeriMeno Plus 30 Servings,No regulation
0658556025086,Planet Paleo Keto C8 MCT Powder 440g,No regulation
5060203796174,Terranova CurcuSol Curmin Complex (BioSNEDS) 100's (NEW PRODUCT),No regulation
0814784027142,SunWarrior Protein Warrior Blend Vanilla 750g,No regulation
3800219790375,Alteya Organic Rose Otto Ageless Face Cream Bio Damascena 50ml,No regulation
5060363050390,Tom Oliver Nutrition Probiotic Complete 60 Pack,No regulation
5017978000012,Probio 7 Ultra 30 Vegecaps,No regulation
8809480780011,Shangpree Gold Hydrogel Eye Mask,No regulation
5060259571565,Gold Collagen Forte Plus 10 x 50ml,No regulation
0634158532955,Wild Nutrition Hyaluronic Acid 30 Capsules,No regulation
3574660663136,Nicorette Inhalator 15mg 36 Cartridges,GSL
0754590219792,Revive Collagen Enhanced Plus - Marine Collagen Drink 14 sachets,No regulation
5034511029422,Green People OY! Born Free My Skin Goals Set,No regulation
0658010120838,Raw Organic Fit Chocolate 455g,No regulation
0658010120913,Raw Organic Protein & Greens Chocolate 610g,No regulation
5060259571640,Gold Collagen Hairlift 10x50ml,No regulation
5425018610600,Minami MorEPA Smart Fats 2 x 60 Capsules,No regulation
5060704340463,Acala Zero Waste Essentials Bag with Razor,No regulation
5056555204672,Applied Nutrition WHEY Advanced Protein Banana Milkshake Flavour 2kg,No regulation
5056555202494,Applied Nutrition WHEY Advanced Protein Salted Caramel Flavour 2kg,No regulation
5034511006751,Green People AHA Radiance Peel Mask,No regulation
5056555204702,Applied Nutrition WHEY Advanced Protein Strawberry Milkshake Flavour 2kg,No regulation
0658556024997,Planet Paleo Osteo Collagen 175g,No regulation
5060518931451,Zooki Vitamin D3 + Vitamin K2 Liposomal Mixed Berry Liquid Sachets 30 x 10ml,No regulation
5060203793296,Terranova Ginseng 500mg (Fresh Freeze Dried- Organic) 100 Pack,No regulation
5060203790806,Terranova Amino Freedom Protein Digestion Complex 100 Pack,No regulation
5060102300724,Udo's Choice Super 8 60 Vegecaps,No regulation
4001638086608,Weleda Evening Primrose Concentrate 30ml,No regulation
5000243503134,Minami PluShinzO-3 + Anti-Oxidant Complex 30 Softgels,No regulation
5391531562538,Spotlight Oral Care Make Smiles Happen for Her Set,No regulation
0814784026800,SunWarrior Collagen Building Protein Peptides Unflavoured 500g,No regulation
5391531562521,Spotlight Oral Care Make Smiles Happen for Him set,No regulation
9421900569809,Antipodes Apostle Sensitive Skin Renew Serum 30ml,No regulation
5060332535071,Lindens Health + Nutrition Vegetarian Omega 3 6 & 9 1000mg 360 Capsules,No regulation
5060332536245,Lindens Health + Nutrition Vegan Omega 3 6 & 9 1000mg 360 Capsules,No regulation
3661103048855,Frontline Plus Spot-On Dog Large 3 Pipettes,No regulation
5060203792145,Terranova Dynamic Synergy 100 Pack,No regulation
0033984013513,Solgar Maximised L-Glutathione 250mg 60 Capsules,No regulation
5010605211102,Levitra Vardenafil 10mg 4 Tablets,P
5012917010657,Frontline Tri-Act for Dogs 10-20kg 3 Pack,No regulation
0658556025024,Planet Paleo MSC Certified Beauty Collagen 285g,No regulation
5012917010619,Frontline Tri-Act for Dogs 20-40kg 3 Pack,No regulation
0033984023048,Solgar Pycnogenol 30mg 60 Capsules,No regulation
0033984010352,Solgar Advanced Antioxidant Formula 120 Capsules,No regulation
0033984004399,Solgar Formula Vm-2000 180 Tablets,No regulation
0033984035614,Solgar Vitamin E 671mg (1000IU) 100 Softgels,No regulation
0814784024172,SunWarrior Classic Plus Chocolate 750g,No regulation
0658010120883,Garden Of Life Raw Organic Protein Chocolate 660g,No regulation
5060086610833,Optibac Probiotics for Babies & Children 90 Sachets,No regulation
5702191009415,Psoriasis treatment - Dovobet Ointment 30g,P
5060202185054,Cytoplan Women’s Wholefood Multi 120 Capsules,No regulation
0033984009240,Solgar Coq-10 120mg 30 Capsules,No regulation
0814784025926,SunWarrior Classic Organic Vanilla 750g,No regulation
5055382306269,Alvita Arm Advanced Blood Pressure Monitor,No regulation
5060203791612,Terranova Advanced Beauty Complex 100 Capsules,No regulation
5420036914945,Capstar 57mg Nitenpryram for Large Dogs 6 Tablets,GSL
0726754953163,Feel Supreme NMN + Astaxanthin 60 Capsules,No regulation
7610313304462,A.Vogel Menoforce Sage 90 Tablets,No regulation
3597133090536,Virbac Effipro 268mg Spot-On for Dogs 20-40kg 4 Pack,No regulation
0814784024295,SunWarrior Blend Unflavored 750g,No regulation
0814784024271,SunWarrior Blend Mocha 750g,No regulation
5060410577184,Beauty Kitchen Pure Source Collagen Serum 30ml,No regulation
4064666310619,Nioxin for Natural Hair with Progressed Thinning System 2 Loyalty Kit,No regulation
5060018513164,KIKI Health Marine Collagen Beauty Blend Powder 200g,No regulation
5034511004320,Green People Age Defy+ by Cha Vøhtz Hydra Glow Sleep Mask,No regulation
0814784024196,SunWarrior Classic Plus Unflavored 750g,No regulation
5060259572296,Gold Collagen Pure Plus 10 x 50ml,No regulation
5060018516547,KIKI Spermidine 60 Vegicaps,No regulation
0814784028408,Sunwarrior Beauty Greens Collagen Booster Unflavoured 300g,No regulation
0814784027524,Sunwarrior Beauty Greens Collagen Booster Pina Colada 300g,No regulation
5031013109195,Higher Nature Collagen 180 Tablets,No regulation
5028392002667,Metagenics Algae-Sourced Calcium 90 Capsules,No regulation
5034511000704,Green People Scent Free Be Kind Trio 2 x 50ml,No regulation
0033984017290,Solgar MSM Powder 226g Powder,No regulation
5060968690434,Pregnancy + New Mother Multi 90 Capsules,No regulation
5060332530762,Lindens Health + Nutrition Horny Goat Weed 1000mg 500 Capsules,No regulation
0814784027203,SunWarrior Protein Classic Plus Vanilla 750g,No regulation
5028392001998,Nutri Advanced Megamag Fem Balance 306g,No regulation
0634158637643,Turmaforte Full Spectrum Turmeric 60 Capsules,No regulation
7350038490643,Dynamic Code Skin & Foot Fungus Test,No regulation
0658010120845,Garden Of Life Raw Organic Fit Vanilla 465g,No regulation
7350038490650,Dynamic Code Muscle Type Dna Test,No regulation
0658010120906,Garden Of Life Raw Organic Protein Vanilla 620g,No regulation
7350038490667,Dynamic Code Fat & Health Dna Test,No regulation
0658010120937,Garden Of Life Raw Organic Protein & Greens Vanilla 550g,No regulation
0033984010437,Solgar Evening Primrose Oil 500mg 180 Softgels,No regulation
1210001147140,Viagra Connect 8 Tablets,P
0658010120876,Garden Of Life Raw Organic All-In-One Shake Vanilla 484g,No regulation
5420036914822,Capstar 11.4mg Nitenpryram for Cats & Small Dogs 6 Tablets,GSL
7350038490704,Dynamic Code Bacterial Vaginosis & Candida Test,No regulation
0658010120890,Garden Of Life Raw Organic Protein Unflavoured 560g,No regulation
7350038490223,Dynamic Code Chlamydia & Mycoplasma Test for Men,No regulation
0634158637711,Endo Complex 90 Capsules,No regulation
5060203790622,Terranova Vitamin D3 2000IU with Vitamin K2 100Ug Complex 100 Pack,No regulation
0658010120869,Garden Of Life Raw Organic All-In-One Shake Chocolate 509g,No regulation
5060144752369,YuMOVE Advance 360 Joint Care for Dogs 60 Tablets,No regulation
7350038490711,Dynamic Code Nail Fungus Test,No regulation
0033984239432,Solgar L-Glutamine Powder 200g Powder,No regulation
3800219792607,Alteya Organic Illuminating Perfecting Serum Rose Jasminium 30ml,No regulation
5028392001882,Nutri Advanced Multi Essentials Pregnancy 60 Tablets,No regulation
5060391845982,Pure Gold Premium Select 300+mgo Manuka Honey 500g,No regulation
5031013106507,Higher Nature Aeterna Gold Collagen Crème Serum 150ml,No regulation
5028392002360,Metagenics MegaMag Night Plus 30 Servings,No regulation
5060203795009,Terranova Intense Berries Super-Shake 224g,No regulation
5028392002575,Nutri Advanced Plus Ultra Probioplex 60 Capsules,No regulation
7350082941016,Swiss Clinic Hair Serum 2.5% 50 ml,No regulation
5060203795061,Terranova Intense Greens Super-Shake 224g,No regulation
4005900735997,Eucerin Hyaluron-Filler + Elasticity 3D Serum 30ml,No regulation
5034511006690,Green People Age Defy+ by Cha Vøhtz Liquid Gold Tanning Drops,No regulation
5060203793968,Terranova Glucosamine & Hyaluronic Acid Complex 100 Pack,No regulation
9421900569014,Antipodes Avocado Pear Nourishing Night Cream 60ml,No regulation
4020829006911,Dr. Hauschka Soothing Intensive Treatment 40ml,No regulation
0033984026414,Solgar Ubiquinol 100mg 50 Softgels,No regulation
0658010121002,Garden Of Life Organic Plant Calcium 90 Tabs,No regulation
8000300431940,Garden of Life Microbiome Once Daily Ultra 30 Capsules,No regulation
0033984013186,Solgar Extra Strength Glucosamine Chondroitin MSM 60 Tablets,No regulation
7350082940910,Swiss Clinic Hyaluronic Microneedle Patches,No regulation
4020829006904,Dr. Hauschka Clarifying Intensive Treatment (25+ Years) 40ml,No regulation
5055148412951,Lamberts Ubiquinol 100mg (Reduced Coq10) 60 Capsules,No regulation
5060259570377,Gold Collagen Active 10x50ml,No regulation
5060332531097,Lindens Health + Nutrition Beetroot 3500mg 500 Capsules,No regulation
3337873401236,Sanoflore Reines Elixir Des Reines 30ml,No regulation
5060259570001,Gold Collagen Pure 10x50ml,No regulation
0033984017528,Solgar Megasorb Vitamin B-Complex 250 Tablets,No regulation
0033984020665,Solgar Omnium 60 Tablets,No regulation
0033984007147,Solgar Ultibio Plus 30 Capsules,No regulation
0610370601549,Wild Nutrition Multi-Strain Biotic (General Living) 90g,No regulation
0610370613986,Women's Daily Multi Nutrient 45+ 60 Capsules,No regulation
0610370613979,Womens Daily Multi Nutrient 60 Capsules,No regulation
5055565743812,Vardenafil Accord 20mg 8 Tablets,P
0658556024980,Planet Paleo Digestive Collagen 245g,No regulation
3597133090529,Virbac Effipro 134mg Spot-On for Dogs 10-20kg 4 Pack,No regulation
0658556024942,Planet Paleo Active Collagen 210g,No regulation
0739090023247,Fipnil Plus Spot-On Solution for Large Dogs 3 x 2.68ml,No regulation
0658010121026,Garden Of Life Prenatal Once Daily 30 Tabs,No regulation
5038227000409,Priligy - Dapoxetine 30mg 6 Tablets,P
0610370613993,Women's Fertility Support 60 Capsules,No regulation
0658556024966,Planet Paleo Primal Goddess Berry Flavour 210g,No regulation
5060203790158,Terranova Lycopene 15mg Complex 100 Pack,No regulation
0634158637407,Pure Strength Omega 3 120 Capsules,No regulation
0634158637285,Men's Daily Multi Nutrient 60 Capsules,No regulation
5031013102783,Higher Nature Colloidal Silver 200ml,No regulation
3661103048848,Frontline Plus Spot-On Dog Medium 3 Pipettes,No regulation
4005900542724,Eucerin Hyaluron-Filler Night Peeling Serum 30ml,No regulation
5707725401017,Nourella Active Skin 60 Tablets,No regulation
5707725402014,Nourella Active Skin Cream 50ml,No regulation
5060588690005,itsy Blitz Portable Processor,No regulation
0033984005716,Solgar L-Carnitine 500mg 60 Tablets,No regulation
5034511006607,Green People Age Defy+ by Cha Vøhtz Infinite Beauty Gift Set,No regulation
5031013103063,Higher Nature Aeterna Gold Collagen Beauty 90 Capsules,No regulation
0850006075164,Results Rna C3 Curcumin Complex Extra Strength Spray 60ml,No regulation
0033984015616,Solgar Soya Lecithin Granules 454g,No regulation
0814784026527,SunWarrior Collagen Tahitian Vanilla 500g,No regulation
5060518932953,Zooki Super Strength Collagen Sour Cherry Liquid Sachets 14 x 18.5ml,No regulation
0658556025048,Planet Paleo MSC Certified Cacao Collagen 285g,No regulation
5028816000033,Bee Health Propolis 1000mg 365 Capsules,No regulation
5060518933370,Zooki Super Strength Collagen Mango Peach Liquid Sachets 14 x 18.5ml,No regulation
3862700018252,Dexcom One Sensor,No regulation
4007221046851,Advantage Flea Treatment for Dogs 10-25kg 4 Pack,No regulation
5060203791810,"Terranova Bilberry, Lutein & Astaxanthin Complex 100 Pack",No regulation
0085805410940,Elizabeth Arden Advanced Ceramide Lift & Firm Day Cream 50ml,No regulation
0634158637698,Breastfeeding Complex 90 Capsules,No regulation
4015600566920,Clearblue Advanced Digital Ovulation Test 20 Pack,No regulation
5031013103025,Higher Nature Visualeyes 90 Capsules,No regulation
5028392001844,Metagenics Multi Essentials for Men 60 Tablets,No regulation
3282779324458,Avène Hydrance Rehydrating Routine Kit,No regulation
7391325633336,Nutri Advanced Eskimo-3 Brainsharp Fish Oil 120 Capsules,No regulation
5060259572180,Gold Collagen Scalp Revival Night Serum 100ml,No regulation
5060193643809,Bloom & Blossom Baby On Board Maternity Gift Set,No regulation
3282770153101,Avène Hyaluron Activ B3 Concentrated Plumping Serum 30ml,No regulation
5060259572067,Gold Collagen Hydra Essence Serum,No regulation
0016185300309,Neocell Super Collagen + Vitamin C & Biotin 270 Tabs,No regulation
5028392001554,Nutri Advanced Megamag Muscleze 162g,No regulation
3574661571799,Regaine Foam for Men 73ml,GSL
7391325933337,Nutri Advanced Eskimo-3 Brainsharp Pure Omega-3 Fish Oil Lemon 210ml,No regulation
0610370614013,Men's Fertility 60 Capsules,No regulation
5025201661978,Armour Up Molded Cup Respirator 10 Masks,No regulation
0610370601501,Wild Nutrition Food-Grown Total Cleanse Complex 90 Capsules,No regulation
0726754953156,Feel Supreme Altai Shilajit Resin 50g,No regulation
0634158532894,Premenstrual Complex 60 Capsules,No regulation
5056142608005,Protein World Immunity+ Collection Supplements,No regulation
0017854118416,Baylis & Harding Beauticology Candy 24 Days of Beauty Magic Gift Set,No regulation
5055565743775,Vardenafil Accord 10mg 8 Tablets,P
0033984010017,Solgar Digestive Enzymes 250 Tablets,No regulation
5425010394041,Biosil Advanced Collagen Generator 60 Liquid Capsules,No regulation
3574661365909,Regaine for Women Foam 73ml- 2 Months Supply,P
8594739273863,Zentiva Paracetamol Soluble 500mg 100 Tablets,P
0702811534551,Immune Support 60 Capsules,No regulation
0754590219778,Revive Collagen - Hydrolysed Marine Collagen Drink 14 sachets,No regulation
5060320560023,Sunvit-D3 50000iu DD1250 15 Pack,No regulation
8445290804679,Minami MorEPA Move Omega-3 Fish Oil 60 Capsules,No regulation
5060018516578,KIKI Resveratrol 60 Vegicaps,No regulation
5060203790820,Terranova Microbiome Woman 100 Veg Capsules,No regulation
5060391846002,Pure Gold Premium Select 525+MGO Manuka Honey 250g,No regulation
5000283663010,Cialis Together 10mg 8 Tablets,P
0634158637247,Bone + Muscle Support Complex 90 Capsules,No regulation
5430000087025,Mindscopic Clearfocus Caffeine Free 50 Caps,No regulation
0658556024935,Planet Paleo Pure Collagen 450g,No regulation
5060018513249,KIKI Health Marine Collagen Beauty Blend Vegicaps 150 Capsules,No regulation
9421904569010,Manuka Vet Skin & Wound Gel 100g,No regulation
5060086610895,Optibac Probiotics for Every Day Max 30 Capsules,No regulation
4007221046844,"Advantage Flea Treatment for Cats, Dogs and Rabbits <4kg 4 Pack",No regulation
0033984011229,"Solgar Formula Vitamin B-Complex ""50"" High Potency 250 Capsules",No regulation
7350038490230,Dynamic Code Chlamydia & Mycoplasma Test for Women,No regulation
0658556025000,Planet Paleo Marine Collagen 225g,No regulation
5430000087001,Mindscopic Clearfocus 50 Capsules,No regulation
5000198521702,Piriton Allergy 4mg 500 Tablets,P
0016185300149,Neocell Collagen Complex 120 Capsules,No regulation
0768990017933,Nordic Naturals Ultimate Omega 2840mg Lemon Flavour 119ml,No regulation
3282770393408,Avène Hyaluron Activ B3 Aqua Gel 50ml,No regulation
5031013102899,Higher Nature MSM Glucosamine Joint Complex 240 Tablets,No regulation
5031013104565,Higher Nature Advanced Brain Nutrients 90 Capsules,No regulation
0850005892007,Vital Proteins Collagen Peptides 567g,No regulation
5391531562248,Spotlight Oral Care UV Sanitiser,No regulation
5031013104053,Higher Nature Aeterna Gold Hyaluronic Acid 30 Capsules,No regulation
3395019899460,Decléor Harmonie Calm Organic 2 in 1 Cream & Mask 50ml,No regulation
5060363050406,Tom Oliver Nutrition Curcumin Complete 60 Pack,No regulation
5028392001974,Nutri Advanced Megamag Energen Plus 210g,No regulation
4005800077296,Eucerin Anti-Age Hyaluron-Filler 6 Ampoules,No regulation
5031013100659,Higher Nature Serotone 5HTP 100mg 90 Capsules,No regulation
5028392002810,Metagenics Multi Essentials for Women 60 Tablets,No regulation
5060704340449,Acala Zero Waste Shaving Bag with Brush,No regulation
5060571721167,UpCircle Caffeinated Skincare Duo,No regulation
4007221047667,Advantage Flea Treatment for Cats and Pet Rabbits >4kg 4 Pack,No regulation
5060202186174,Cytoplan Women's Biotic 60 Capsules,No regulation
5055148414825,Lamberts Vegan Omega 3 60 Capsules,No regulation
5060203791872,"Terranova Ginkgo, Rhodiola & Choline Complex 100 Pack",No regulation
5708932531474,Biatain Silicone 15cmx15cm 5 pcs,No regulation
0033984025585,Solgar Selenium 200g (Yeast Free) 250 Tablets,No regulation
0033984035027,Solgar Vitamin E 134mg (200IU) 250 Softgels,No regulation
5055148414092,Lamberts Double Strength Neuro-Logical Plus 60 Capsules,No regulation
3661103004615,Frontline Spot On for Dogs 40-60kg 3 Pack,No regulation
5707390040269,Pharma Nord BioActive Omega 7 Sea Buckthorn Oil 150 Capsules,No regulation
0083000263705,Nature's Answer UTI Answer D-Mannose & Cranberry Concentrate 120ml,No regulation
0739090023230,Fipnil Plus Spot-On Solution for Medium Dogs 3 x 1.34ml,No regulation
5027314502551,Bio-Kult Everyday 120 Capsules,No regulation
5060203794705,Terranova Green Child Sneaky Greens Super Shake 180g,No regulation
4007221046837,Advantage Flea Treatment for Dogs 4kg-10kg 4 Pack,No regulation
5060202184712,Cytoplan Cell Active Curcumin 60 Capsules,No regulation
3800219790269,Alteya Organic Rose Otto Nourishing Face Serum Bio Damascena 20ml,No regulation
5060259572050,Gold Collagen Instant Glow Serum,No regulation
3380810378641,Clarins Face Treatment Oil Lotus 30ml,No regulation
94183986,Antipodes Kiwi Seed Oil Eye Cream 30ml,No regulation
5060259572043,Gold Collagen Night Renewal Serum 30ml,No regulation
5060202181674,Cytoplan Fos-A-Dophilus 60 Capsules,No regulation
5031013105227,Higher Nature Collaflex Drink 185g,No regulation
8809480781650,Shangpree Ginseng Berry Eye Mask,No regulation
5055148400699,Lamberts Vitamin B-100 Complex 200 Tablets,No regulation
3661103048831,Frontline Plus Spot-On Dog Small 3 Pipettes,No regulation
5012917010695,Frontline Tri-Act for Dogs 5-10kg 3 Pack,No regulation
0634158894084,Neutrient Total C 150g,No regulation
8470001669421,Sesderma C- Vit Liposomal Moisturizing Facial Cream 50ml,No regulation
0016185128996,Neocell Collagen Pomegranate Liquid 473ml,No regulation
5012917010732,Frontline Tri-Act for Dogs 2-5kg 3 Pack,No regulation
5010605640322,Canespro Fungal Nail Treatment Set,GSL
5060202182503,Cytoplan D-Mannose Plus Powder 50g,No regulation
5028392002179,Nutri Advanced Megamag Calmeze 270G,No regulation
0033984006416,Solgar Brain Works with Full Spectrum Curcumin & Bacomind 60 Capsules,No regulation
5060202181612,Cytoplan Krill Oil 60 Capsules,No regulation
0033984000285,Solgar Ultimate Bone Support 120 Tablets,No regulation
3380810649109,Clarins Eau Dynamisante Moisturising Body Lotion 250ml,No regulation
5060144750358,YuMOVE Digestive Care for All Dogs 120 Tablets,No regulation
0850030689177,Revive Kidney - 360 vcaps,No regulation
7350082940477,Swiss Clinic Self-Tan Drops 15ml,No regulation
3800219790382,Alteya Organic Rose Otto Ageless Eye Cream Bio Damascena 15ml,No regulation
8445290724960,Minami MorEPA Platinum Elite Omega-3 + 1000IU Vitamin D3 60 Capsules,No regulation
3597133090512,Virbac Effipro 67mg Spot-On for Dogs 2-10kg 4 Pack,No regulation
0033984009479,Solgar Coq-10 100mg 30 Softgels,No regulation
5017978000340,Probio 7 100 Capsules,No regulation
8032665371067,Derma Silk Washable Eczema Gloves Size M 1 Pair,No regulation
5060702872799,Vital Baby 4 In 1 Contactless Thermometer,No regulation
5060203791438,Terranova Living Multivitamin Woman 100 Capsules,No regulation
5060552881026,Neubria NeuCollagen Liquid Collagen Drink 14 Servings,No regulation
5060259572128,Gold Collagen Hyaluronic Formula 90 Tablets,No regulation
0658556025123,Planet Paleo Pure Collagen Matcha Latte 225g,No regulation
5060278341927,Freestyle Optium Ketone Test Strips 10,No regulation
0726436089661,Feel Supreme Berberine & Resveratrol 60 Capsule,No regulation
8809480780318,Shangpree Crystal BB Cream,No regulation
5060203795450,Terranova Vegan Collagen & Hyaluronic Acid Complex 100 Capsules,No regulation
5055565743799,Vardenafil Accord 5mg 8 Tablets,P
3574661343013,Nicorette Quickmist Cool Berry 1mg Mouthspray 2 Pack,GSL
8429979355355,Sesderma C-Vit Liposomal Serum 30ml,No regulation
5060202186303,Cytoplan Vegan Collagen 120 Capsules,No regulation
0033984035478,Solgar Vitamin E 268mg (400IU) 100 Vegetable Softgels,No regulation
8445291270053,Vital Proteins Marine Collagen 221g,No regulation
5031013103032,Higher Nature Co-Enzyme Q10 90 Tablets,No regulation
5060391847061,Pure Gold Premium Select Manuka Honey 370 375g,No regulation
5024084002106,Pharma Nord Bio-Quinone Active Q10 GOLD 100mg 60 Caps,No regulation
3574660478532,Nicorette Original Gum 4mg 210 Pack,GSL
5028392002629,Nutri Advanced Collagen Forte Joints+ Bones 275g Powder,No regulation
5391531561364,Spotlight Oral Care Male Teeth Whitening System,No regulation
7391325333410,Nutri Advanced Eskimo-3 Pure Omega-3 Fish Oil 250 Capsules,No regulation
5034511002562,Green People Scent Free Sun Cream SPF30 200ml,No regulation
5031013102080,Higher Nature Alpha 90 Capsules,No regulation
7350038490162,Dynamic Code Chlamydia Test for Men,No regulation
5060571722539,UpCircle Hair Care Shampoo & Conditioner Duo 2x100ml,No regulation
0610370601495,Wild Nutrition Food-Grown Balance Multi Nutrient 90 Capsules,No regulation
0610370601518,Wild Nutrition Women's Food-Grown Antioxidant Boost 60 Capsules,No regulation
0610370614006,"Wild Nutrition Food-Grown Skin, Hair & Nails 60 Capsules",No regulation
6009544916109,USN All-in-One Hyperbolic Mass Gainer Strawberry Flavour 2kg,No regulation
1210001140776,Viagra 100mg 4 Tablets,P
5012917012217,Frontline Plus Spot On for Dogs 2-10kg 3 Pack,No regulation
5060202185757,Cytoplan Menopause Support 60 caps,No regulation
5060203791902,"Terranova Red Yeast Rice, CoQ10 & Bergamot Complex 50 Capsules",No regulation
5060203795269,Terranova Super Skin Drink 90g,No regulation
5425010394089,Biosil Advanced Collagen Generator Drops 30ml,No regulation
0033984017672,Solgar Epa/Gla 60 Softgels,No regulation
3661103003427,Frontline Spot On for Dogs 20-40kg 3 Pack,No regulation
5060203793517,Terranova Rhodiola 300mg 100 Pack,No regulation
0658556116975,Mushrooms For Life Organic Tremella Powder 60g,No regulation
8429979417312,Sesderma Retiage Facial Anti-Aging Cream 50ml,No regulation
5425010394003,Biosil Advanced Collagen Generator 60 Original Capsules,No regulation
0033984020283,"Solgar Omega 3-6-9 Fish, Flax, Borage 120 Softgels",No regulation
3661103003434,Frontline Spot On for Dogs 10-20kg 3 Pack,No regulation
4210201319757,Oral-B IO Ultimate 4 Black Refill Heads,No regulation
5060202185719,Cytoplan Marine Collagen 150g Powder,No regulation
4020829041356,Dr. Hauschka Hydrating Cream Mask 30ml,No regulation
5055148412425,Lamberts Pulse Pure Fish Oil 1300mg & Coq10 100mg 90 Capsules,No regulation
6009544916079,USN All-in-One Hyperbolic Mass Gainer Chocolate Flavour 2kg,No regulation
7350082940132,Swiss Clinic Teeth Whitening Pen 2ml,No regulation
5060704340531,Acala Zero Waste Spa Day Pamper Bag,No regulation
5060332535989,Lindens Health + Nutrition Pro Bio Live Max 6BN 365 Veg Capsules,No regulation
7350082940354,Swiss Clinic Eye Cream 15ml,No regulation
5028392002193,Metagenics ImmunoBlast 60 Tablets,No regulation
5060258390006,"Pro D3 20,000IU Weekly Dose 30 Capsules",No regulation
5060203792022,Terranova Life Drink 12g 15 Sachets,No regulation
5031013101281,Higher Nature Phosphatidyl Serine 45 Capsules,No regulation
5391531560336,Spotlight Oral Care Teeth Whitening System,No regulation
7350082941009,Swiss Clinic Rejuvenating Serum X3 (30ml),No regulation
8445290883612,Vital Proteins Beauty Collagen Strawberry Lemon 271g,No regulation
0016185096653,Neocell Hyaluronic Acid Berry Liquid 473ml,No regulation
0739090023223,Fipnil Plus Spot-On Solution for Small Dogs 3 x 0.67ml,No regulation
5060203790110,Terranova Astaxanthin 4mg Complex 100 Capsules,No regulation
5017007601630,Exorex Lotion 5% Coal Tar Solution 250ml,GSL
5060086610482,Optibac Probiotics for Every Day 90 Capsules,No regulation
0873024003209,Ener-C Electrolyte Sport Tub 154g,No regulation
5055148410322,Lamberts Co Enzyme Q 10 200mg 60 Capsules,No regulation
8713975500520,Minami MorEPA Move 60 Capsules,No regulation
5028392002704,Nutri Advanced Berberine 250 120 Caps,No regulation
5060203795498,Terranova Vegan Collagen & Glucosamine Complex 100 Capsules,No regulation
5060363050000,Tom Oliver Nutrition Omega 3 Herring Caviar 60 Pack,No regulation
7391325900544,Eskimo Balanced Mind 50 Capsules,No regulation
4005900875259,Eucerin Hyaluron-Filler Concentrate 5ml 6 Pack,No regulation
4005800025358,Eucerin Hyaluron-Filler SPF15 Dry Skin Day Cream 50ml,No regulation
5391520940743,Dermalex Psoriasis 150g,No regulation
5060099030888,Odylique Superfruit Concentrate 30ml,No regulation
6009544916130,USN All-in-One Hyperbolic Mass Gainer Vanilla Flavour 2kg,No regulation
5060503930025,LithoLexal Joint Health Advanced 60 Tablets,No regulation
0610370614037,Wild Nutrition Food-Grown Wild Traveller 32 Capsules,No regulation
0658556024768,Living Nutrition Organic Fermented Cordyceps 60 Capsules,No regulation
0658556025154,Planet Paleo Bone Broth Collagen Protein Original 225g,No regulation
0033984009332,Solgar Coq-10 30mg 90 Capsules,No regulation
0658556025277,Planet Paleo Bone Broth Sports Protein Chocolate 240g,No regulation
5034511010253,Green People Scent Free Mineral Sun Cream SPF30 50ml,No regulation
3574660635607,Nicorette 15mg Inhalator 20 Cartridges,GSL
5391531561418,Spotlight Oral Care Kit for Sensitivity,No regulation
8809684560655,Milk Touch Glossy Moisture Cream 50ml,No regulation
5060203795474,Terranova Vegan Collagen & Silica Complex 100 Capsules,No regulation
5055148414931,Lamberts Curcumin Ultra+ Turmeric Extract 60 Capsules,No regulation
4064666321790,"Nioxin Scalp Recovery Kit for Itchy, Flaky Scalp",No regulation
0658556025253,Planet Paleo Bone Broth Sports Protein Vanilla & Banana 240g,No regulation
5060203791940,Terranova Theanine Ashwagandha & Rhodiola Complex 50 Vegetarian Capsules,No regulation
5060216563947,Bioglan Collagen Powder 151g,No regulation
0658556025130,Planet Paleo Organic Bone Broth Collagen Protein - Pure 225g,No regulation
0033984026766,Solgar Super Starflower Oil 1300mg 60 Softgels,No regulation
5060018516042,KIKI Health Vitamin B Complex 30 Capsules,No regulation
0658556024744,Living Nutrition Organic Fermented Lion's Mane 60 Capsules,No regulation
5060203793678,"Terranova Cordyceps, Rhodiola & Ginseng Super-Blend Capsules 50 Pack",No regulation
0768455109609,AquacelAg Hydrofiber Dressing with Silver 5cm x 5cm,No regulation
3574660619812,Nicorette Quickmist 1mg Mouthspray Freshmint 2 x 150 Doses,GSL
0033984015272,Solgar Griffonia 5-HTP Complex 90 Capsules,No regulation
0033984001022,Solgar Amino 75 90 Capsules,No regulation
8809684561249,Milk Touch Green Apple Pore Collagen Cream 50ml,No regulation
0083000261374,Nature's Answer Liquid Omega-3 480ml,No regulation
5055382306245,Alvita Upper Arm Standard Blood Pressure Monitor,No regulation
5060342242358,GLUCORX X6 URIC ACID TEST STRIPS (10),No regulation
0033984004238,Solgar Earth Source Multi-Nutrient 90 Tablets,No regulation
5060031470512,Activon Tulle with Medical Grade Manuka Honey 10cm x 10cm,No regulation
0033984026018,Solgar Shark Cartilage 750mg 90 Capsules,No regulation
0658556024676,Living Nutrition Organic Fermented Red Ginseng 60 Capsules,No regulation
5015802293265,"Sara Miller Mandarin, Tuberose & Wild Musk Candle & Mug Gift Set",No regulation
0658556025215,Planet Paleo Organic Bone Broth Collagen Protein - Ancient Mushrooms 225g,No regulation
0658556025178,Planet Paleo Bone Broth Collagen Protein Golden Turmeric 225g,No regulation
0634158970139,Mushrooms 4 Life Organic Cordyceps Beetroot Latte 130g,No regulation
5060018513157,KIKI Health Pure Marine Collagen Powder 200g,No regulation
5060203794118,Terranova Red Yeast Rice Complex Statin-free 50 Capsules,No regulation
3574661383606,Neutrogena Visibly Clear Acne Light Therapy Spot Treatment,No regulation
0083000261398,Nature's Answer Vitamin D3 & K2 15ml,No regulation
9421900569021,Antipodes Vanilla Pod Hydrating Day Cream 60ml,No regulation
0814784024240,SunWarrior Blend Chocolate 375g,No regulation
5034511010307,Green People SPF15 Sun Cream with Natural Insect Repellent 100ml,No regulation
5060144753397,YuMOVE Skin & Coat Care Boost for All Dogs 91.5g,No regulation
0020714576219,Clinique Moisture Surge Overnight Mask 100ml,No regulation
8445290701787,Minami MorEPA Original Omega-3 60 Capsules,No regulation
8809684560020,Milk Touch Hedera Helix Relaxing Cream 50ml,No regulation
3666057174445,Clarins Tonic Hydrating Oil-Balm 200ml,No regulation
5060018513614,KIKI Health Organic 8 Mushroom Extract Blend 60 Capsules,No regulation
0768990061103,Nordic Naturals Ultimate Omega 2X TEEN - 60 mini softgels,No regulation
5023652441033,Nature's Aid Pro 100 Ultra (100 Bill Bac) 30 Capsules,No regulation
8429979417343,Sesderma Retiage Anti-Aging Serum 30ml,No regulation
5060202184934,Cytoplan Omega Balance 60 Capsules,No regulation
5055148403041,Lamberts Pycnogenol 40mg 60 Capsules,No regulation
7046260606319,Nicorette Icy White 2mg Nicotine Gum 210 Pack,GSL
0658556025192,Planet Paleo Bone Broth Collagen Protein Herbal Defence 225g,No regulation
5391531561425,Spotlight Oral Care Kit for Bad Breath,No regulation
8000300432244,Garden of Life Microbiome Once Daily Men's 30 Capsules,No regulation
5060018513591,KIKI Health Organic Reishi Extract Mushroom 60 Capsules,No regulation
0658556117026,Mushrooms For Life Organic Lion's Mane Powder 60g,No regulation
0013964127423,Mad Hippie Vitamin C Serum 30ml,No regulation
6945799150281,Scian Automatic Upper Arm Blood Pressure Monitor,No regulation
8000300432305,Garden of Life Microbiome Once Daily Mood+ 60 Capsules,No regulation
5060018513553,KIKI Health Organic Chaga Extract Mushroom 60 Capsules,No regulation
7702018508341,Gillette Mach 3 Shaving Set,No regulation
5015802289923,Sara Miller Scented Votive Gift Set,No regulation
8000300432268,Garden of Life Microbiome Once Daily Women's 30 Capsules,No regulation
5055148414900,Lamberts Collagen Radiance Powder 100g,No regulation
0634158883996,Wild Nutrition Food-Grown Polycys Complex 90 Capsules,No regulation
5060018510002,KIKI Health Organic Nature's Living Superfood 150g,No regulation
5060018514680,KIKI Health Organic Maitake & Reishi Extract Blend 60 Vegicaps,No regulation
5060202183890,Cytoplan Magnesium Threonate 50mg 60 Capsules,No regulation
5031013100697,Higher Nature Cranberry 90 Capsules,No regulation
5031013100925,Higher Nature Citricidal 100ml,No regulation
5031013109584,Higher Nature True Food Clarity for Women 60 Capsules,No regulation
5031013102776,Higher Nature Astaxanthin & Blackcurrant 90 Capsules,No regulation
5031013109669,Higher Nature True Food Rekindle for Women 60 Capsules,No regulation
5060342242310,GLUCORX X6 MULTI-FUNCTION MONITORING SYS (1),No regulation
5031013109676,Higher Nature True Food Vitality for Women 60 Capsules,No regulation
3380810032840,Clarins Eye Contour Gel 20ml,No regulation
3337873401793,Sanoflore Essence Magnifica 30ml,No regulation
5060342242341,GLUCORX X6 LACTATE TEST STRIPS (10),No regulation
8718053574318,Nailner Fungal Nail Infection Treat & Colour 2 x 5ml,No regulation
5060363050109,Tom Oliver Collagen Caviar Skincare 84 Tablets,No regulation
0033984009165,Solgar Nutri-Nano Coq-10 50 Softgels,No regulation
0033984001169,Solgar Antioxidant Nutrients 100 Tablets,No regulation
5036631008646,Kelo-Cote UV Scar Gel 15g,No regulation
3380810648454,Clarins Eau Dynamisante Spray 50ml,No regulation
0033984014176,Solgar Collagen Hyaluronic Acid Complex 30 Tablets,No regulation
4007221036395,Drontal Dog Tasty Bone 6 Tablets,No regulation
0033984007543,Solgar Advanced Multi-Billion Dophilus 60 Capsules,No regulation
5060148521138,Betteryou Magnesium Flakes 5kg,No regulation
5031013100192,Higher Nature Aloe Gold Cherry & Cranberry 485ml,No regulation
5012564005341,Menthoderm 1% Menthol Aqueous Cream Pot 500g,No regulation
0634158533228,Daily Multi Nutrient for Teengirl 60 Capsules,No regulation
7350012553487,BioGaia Protectis for Immune System with Vitamin D+ 90 Chewables,No regulation
5060202181827,Cytoplan 50+ Multivitamin & Mineral 60 Capsules,No regulation
0089815200140,Scope Omega Eye Food Supplement 120 Capsules,No regulation
5031013100543,Higher Nature Glutamine Powder 200g,No regulation
5031013108518,Higher Nature High Strength Turmeric 60 Capsules,No regulation
5011417576205,Schollmed Once Weekly Fungal Nail Treatment Kit,GSL
0020714656034,Clinique Moisture Surge Cc Cream SPF30 Light 40ml,No regulation
5060035240654,Dermatix Silicone Sheet Clear 13cm x 13cm,No regulation
5060332530977,Lindens Health + Nutrition Garlic 6000mg 1000 Capsules,No regulation
5060035240692,Dermatix Silicone Sheet Fabric 13cm x 13cm,No regulation
5031812509103,Coatex Liquid Pump 65ml,No regulation
0033984014749,Solgar Super Concentrated Isoflavones 60 Tablets,No regulation
0033984035607,Solgar Vitamin E 671mg (1000IU) 50 Softgels,No regulation
5391528870158,PrecisionBiotics Alflorex Chewable 30 Tablets,No regulation
5060519147547,Pukka Workday Wellness Tea Selection,No regulation
0658556025093,Planet Paleo Pure Collagen Keto Coffee 213g,No regulation
0658556025109,Planet Paleo Pure Collagen Cacao Magic 264g,No regulation
8809844991084,Dr.Jart+ Cicapair Tiger Grass Colour Correcting Treatment 50ml,No regulation
0604565041036,Feel Supreme Lion's Mane Mushroom Liquid 60 ml,No regulation
5060203794002,Terranova Aplha Lipoic Acid 300mg Complex 100 Pack,No regulation
5055148412678,"Lamberts Turmeric 20,000mg 120 Tablets",No regulation
5060202183852,Cytoplan Coq10 Multi 60 Capsules,No regulation
8809566990075,Benton Snail Bee Ultimate Serum 35ml,No regulation
5034511000308,Green People Alexandra Kay Time To Ease Muscle Relax Body Oil Blend,No regulation
8809844993101,Dr.Jart+ Ceramidin Skin Barrier Moisturising Cream 50ml,No regulation
0768990017940,"Nordic Naturals Ultimate Omega-D3, 1280mg Lemon - 60 Softgels",No regulation
8809626566608,Beaudiani Facial Mist Damask Rose 95ml,No regulation
8809844996553,Dr. Jart+ Cicapair Intensive Soothing Repair Gel Cream 50ml,No regulation
5010724932544,Viviscal Maximum Strength Hair Growth Supplement 30 Tablets,No regulation
0033984017023,Solgar L-Lysine 1000mg 250 Tablets,No regulation
5060150090158,Dermacool Menthol Aqueous Cream 2% 500g,No regulation
5060203790776,Terranova Probiotic-Digestive Enzyme Complex with Microflora 100 Pack,No regulation
8809844996515,Dr.Jart+ Cicapair Intensive Soothing Repair Cream 50ml,No regulation
5036631003610,Kelo-Cote Scar Treatment 15g,No regulation
5010441075333,Numark Melolin 5x5cm 100,No regulation
0658556025116,Planet Paleo Turmeric Latte Collagen Hottie 260g,No regulation
9421904521926,Antipodes Rejoice Light Facial Day Cream 60ml,No regulation
8809566991621,Benton Goodbye Redness Centella Special Set,No regulation
5012564005358,Menthoderm Cream 2% 500g,No regulation
5060203795429,Terranova Vegan Collagen Complex 100 Capsules,No regulation
0089815200157,Scope Omega Eye Liquid Food Supplement 200ml,No regulation
0658556024515,Planet Paleo Keto C8 MCT Oil 500ml,No regulation
3616302514502,Lancaster Sun Sport Cooling Invisible Body Mist SPF30 200ml,No regulation
5010123725969,Nicorette Freshmint Gum 4mg 210 Pack,GSL
3862700027858,Dexcom One Transmitter,No regulation
5060203791469,Terranova Living Multivitamin Man 100 Capsules,No regulation
8809083996857,Sioris Fresh Moment Cleansing Oil,No regulation
4005900728586,Eucerin Hyaluron-Filler + Elasticity Day Cream SPF30 50ml,No regulation
5031013101151,Higher Nature Starflower Oil 90 Capsules,No regulation
3800219792645,Alteya Organic Timeless Glow Renewal Moisturiser Rose Jasminium 50ml,No regulation
0017854110373,Baylis & Harding Wild Fig & Pomegranate Tray Set,No regulation
5060704340418,Acala Deluxe Soap Lovers Gift Bag,No regulation
5012564000117,Menthoderm Cream 5% 500g,No regulation
0814784027081,SunWarrior Protein Warrior Blend Unflavoured 375g,No regulation
5027519009008,Artelac 0.32% Sterile Eye Drops Unit Dose 30 Pack,P
0814784027098,Sunwarrior Protein Warrior Blend Vanilla 375g,No regulation
5712249121143,Gina 10 mcg HRT 24 vaginal tablets,P
5060018511573,KIKI Health Organic Acerola Powder 100g,No regulation
5031013100949,Higher Nature Alkaline pH Capsules 180 Pack,No regulation
5036631001524,Macushield Gold 90 Capsules 30 Day Pack,No regulation
5392000067417,Precision Biotics Alflorex Original 30 Capsules,No regulation
5065000523220,Pukka Vitalise 120g Powder,No regulation
5060332531417,Lindens Health + Nutrition Peppermint Oil 50mg 1000 Capsules,No regulation
3282770101669,Avène A-Oxitive Antioxidant Defense Serum 30ml,No regulation
3800219790252,Alteya Organic Rose Otto Restoring Eye Serum Bio Damascena 10ml,No regulation
0634158637155,Wild Nutrition Food-Grown Thyroid Connect 60 Capsules,No regulation
4210201343530,Oral-B Io Gentle White Refill Heads 4,No regulation
0033984040236,Solgar Saw Palmetto Berries 100 Capsules,No regulation
5060202184569,Cytoplan Celadrin 400mg 60 Capsules,No regulation
0753950001831,Doctor's Best High Absorption CoQ10 with BioPerine 100 mg 120 Softgels,No regulation
0850043624158,Regenerative Omegas Plant-Based Omega 3-6-9 120 Softgel Capsules,No regulation
0658556117040,Mushrooms For Life Organic Chaga Powder 60g,No regulation
5060150090011,Dermacool 1% Menthol Aqueous Cream Tub 500g,GSL
5028392002636,Metagenics MetaActive Forte 30 Capsules,No regulation
5021265248452,Vitabiotics Hairfollic Woman Advanced 60 Capsules,No regulation
0658556117002,Mushrooms For Life Organic Reishi Powder 60g,No regulation
0658556117477,CardioSmile Pine Tree Planet Sterols 2000mg 30 Sachets,No regulation
0658556116920,Mushrooms For Life Organic Myco Synergy Powder 60g,No regulation
7350082941115,Swiss Clinic Bye Bye Puffiness+ 30 ml,No regulation
8445291071766,Vital Proteins Collagen Peptides Cocoa Flavour 297g,No regulation
5060018513232,KIKI Health Pure Marine Collagen Vegicaps 150 Capsules,No regulation
5060704340456,Acala Zero Waste Essentials Bag without Razor,No regulation
50562558,KIKI Health Body Biotics 60 Capsules,No regulation
9421904569096,Manuka Vet Skin & Wound Creme 100g,No regulation
5070000991238,R.Y.M. De-Stress Relax & Calm Formula 30 Capsules,No regulation
5060018515021,KIKI Health Liquid Chlorophyll 250ml,No regulation
0033984010529,Solgar Ester-C Plus 1000mg Vitamin C 90 Tablets,No regulation
5060203791315,Terranova Full-Spectrum Multivitamin Complex 100 Pack,No regulation
7350087736730,E45 Itch Relief Cream Pump 500g,GSL
5060018513560,KIKI Health Organic Cordyceps Extract Mushroom 60 Capsules,No regulation
5034511000209,Green People Alexandra Kay Time To Soothe Scent Free Body Oil Blend,No regulation
4005800025365,Eucerin Hyaluron-Filler Night Cream 50ml,No regulation
3597134003054,Virbac Allerderm Sensitive Skin Shampoo 250ml,No regulation
5031013102523,Higher Nature SX 180 Capsules,No regulation
5060018515335,KIKI Health Organic Turkey Tail Extract Mushroom 60 Vegicaps,No regulation
5034511002524,Green People Edelweiss Sun Cream with Tan Accelerator SPF15 200ml,No regulation
0016185300293,Neocell Super Collagen + Vitamin C & Biotin 180 Tabs,No regulation
5060203792893,Terranova Chaga Fresh Freeze Dried Organic 100x500mg,No regulation
0658556116890,Mushrooms For Life Organic Myco Zen 60g,No regulation
0658556116937,Mushrooms For Life Organic Mycomplex Powder 60g,No regulation
3380812554104,Clarins Eau Ressourcante Silky Smooth Body Cream 200ml,No regulation
8809567929838,Barr Super Balance Brightening Ampoule 30ml,No regulation
0658556025239,Planet Paleo Organic Bone Broth Collagen Protein - Cooling Herbs 225g,No regulation
0033984012059,Solgar Female Multiple 120 Tablets,No regulation
8009722003964,Peptivet Oto Gel 25ml,No regulation
0658556116913,Mushrooms For Life Organic Myco Beauty Powder 60g,No regulation
9337213007184,Conceive Plus Women's Ovulation Support 120 Capsules,No regulation
5055148403737,Lamberts L-Glutamine 500g Powder,No regulation
5024084000034,Pharma Nord Prelox 60 Tablets,No regulation
5707637900028,Pharma Nord Lady Prelox 60 Tablets,No regulation
4005900916174,Eucerin Anti-Pigment Day Cream Tinted SPF30 Light 50ml,No regulation
5060469590066,Love CBD 500mg Dutch CBD Spray 20ml,No regulation
9314839019197,SunSense Ultra SPF50 Sunscreen 500ml,No regulation
5031013104626,Higher Nature Balance for Nerves 90 Capsules,No regulation
5031013103797,Higher Nature Pro-Intensive 90 Capsules,No regulation
0850030689085,Revive Digest Aid - 90 vcaps,No regulation
0033984032811,Solgar Vitamin C 1000mg 250 Capsules,No regulation
5391528870103,PrecisionBiotics Zenflore Food Supplements 30 Capsules,No regulation
5055148413361,Lamberts Biome Balance 25 Digestive Aid 60 Capsules,No regulation
0033984007819,Solgar Chelated Solamins Multimineral 180 Tablets,No regulation
5036072007628,Aronix 50mg Film-Coated 8 Tablets,P
5060203791353,Terranova Living Multinutrient Complex 100 Capsules,No regulation
5060203791728,"Terranova Dandelion, Artichoke & Cysteine Complex 100 Pack",No regulation
9421900569786,Antipodes Hosanna Skin-Plumping Serum 30ml,No regulation
5056142607213,Protein World IBCAA Peach Tea Powder 500g,No regulation
5060193642451,Bloom & Blossom You Glow Girl Performance Body Oil 150ml,No regulation
3661103000433,Frontline Spray for Dogs & Cats 100ml,No regulation
5060035240609,Dermatix Silicone Scar Reduction Gel 15g,No regulation
4008600405528,Nuk Perfect Baby Start Set,No regulation
5034511002500,Green People Facial Sun Cream Scent Free SPF30 50ml,No regulation
8806158552581,Sioris Enriched By Nature Cream 50ml,No regulation
8445290821546,Minami VeganDHA 60 Capsules,No regulation
5034511000926,Green People Day Solution SPF15 50ml,No regulation
0658556116906,Mushrooms For Life Organic Myco O2 Powder 60g,No regulation
5060203792244,"Terranova Beetroot Juice, Cordyceps & Reishi Powder 70g",No regulation
7350082940484,Swiss Clinic Hydrating Self-Tan Pads,No regulation
5012564005419,Menthoderm Cream 2% Pump 500g,No regulation
8009722008709,Peptivet Shampoo 200ml,No regulation
7350082941122,Swiss Clinic Oh Mega Oil 8+(30 ml),No regulation
0702811534544,Wild Nutrition Multi-Strain Biotic (Children) 90g,No regulation
5034511001664,Green People Firming Face & Neck Serum 50ml,No regulation
3606000619814,CeraVe Skin Renewing 10% Pure Vitamin C Serum 30ml,No regulation
0658556117088,Mushrooms For Life Organic Myco Synergy 60 Capsules,No regulation
5012564005402,Menthoderm Cream 1% 500g,No regulation
4005800053061,Eucerin Hyaluron Filler + Volume Lift Night Cream 50ml,No regulation
0658556117163,Mushrooms For Life Organic Reishi Spore Capsules 60 Capsules,No regulation
4015600566968,Clearblue Advanced Digital Ovulation Test 10 Pack,No regulation
0033984012066,Solgar Male Multiple 120 Tablets,No regulation
0033984035416,Solgar Vitamin E 268mg (400IU) 100 Softgels,No regulation
5060018515052,KIKI Health Body Biotics for Children 60 Fruit Gummies,No regulation
5060519147479,Pukka Organic Tea Discovery Chest 42 Sachets,No regulation
5060332534678,Lindens Health + Nutrition Vitamin B5 500mg 360 Tablets,No regulation
5060150090110,Dermacool 5% Menthol Cream 500g,GSL
5034511002739,Green People Gentle Cleanse & Makeup Remover 150ml,No regulation
5034511002784,Green People Self Tan Lotion 150ml,No regulation
5060203796136,Terranova CoQXorb CoQ10 Complex 100 Veg Capsules,No regulation
0726754953170,Feel Supreme Turkey Tail Mushroom Liquid 60ml,No regulation
9332996000124,Grahams Natural C Eczema & Dermatitis Cream 120g,No regulation
0506073442087,Rose & Caramel Purity Excel 3 Minute Miracle Self Tan Removing Scrub 440ml,No regulation
5034511002814,Green People Scent Free Cleanser 150ml,No regulation
5060018513584,KIKI Health Organic Maitake Extract Mushroom 60 Capsules,No regulation
1210001140783,Viagra 25mg 4 Tablets,P
3597134005461,Virbac Allerderm Dry & Scaly Skin Shampoo 250ml,No regulation
5060136930010,Arjun 0.5% Menthol Aqueous Cream 500g,No regulation
0017854117396,Baylis & Harding Ladies Luxury 24 Days of Beauty Advent Calendar,No regulation
5034511002586,Green People Organic Children Scent Free Sun Cream SPF30 150ml,No regulation
5055148414870,Lamberts Night Time 30 capsules,No regulation
0083000006517,Nature's Answer Oil Of Oregano 30ml,No regulation
5060332530427,Lindens Health + Nutrition Magnesium (MgO 500mg) 1000 Tablets,No regulation
5055148408534,Lamberts Phosphatidyl Serine with Zinc 100mg 60 Tablets,No regulation
5060202185108,Cytoplan Nutri Bears 90 Gummies,No regulation
5060203793371,Terranova Milk Thistle 500mg 100 Pack,No regulation
5038227000416,Priligy - Dapoxetine 60mg 3 Tablets,P
0851325002053,Macadamia Natural Oil Deep Repair Masque 470ml,No regulation
5070000991214,R.Y.M. Sleep Rest & Restore Formula 30 Capsules,No regulation
0726754953200,Feel Supreme Reishi Mushroom Liquid Extract 60ml,No regulation
0033984029804,Solgar Vitamin B1 (Thiamin) 500mg 100 Tablets,No regulation
5056142607244,Protein World Pre Workout Summer Fruits Protein Powder 500g,No regulation
0658556116999,Mushrooms For Life Organic Reishi Spore 60g,No regulation
5060099033018,Odylique Prebiotic Gentle Herb Shampoo 500ml,No regulation
5055148400569,Lamberts Natural Vitamin E 400IU 180 Capsules,No regulation
3597133027334,Virbac Etiderm Dog & Cat Shampoo 200ml,No regulation
4005900570796,Eucerin Anti-Pigment Day Cream SPF30 50ml,No regulation
5056142607220,Protein World IBCAA Summer Fruits Powder 500g,No regulation
0033984011991,Solgar Soya Lecithin 1360mg 180 Softgels,No regulation
5707725100118,Nourkrin Woman 15 Days Supply 30 Tablets,No regulation
0658010121040,Garden Of Life Vitamin B Complex Tablet 30 Tabs,No regulation
5060018511672,KIKI Health Alkaline Infusion Powder 250g,No regulation
0731788983611,Feel Supreme Tongkat Ali 60 Capsules,No regulation
5031013100109,Higher Nature Serotone 5HTP 50mg 90 Capsules,No regulation
5031013104640,Higher Nature Essential Omegas 3:6:7:9 90 Capsules,No regulation
5017978104758,Probio 7 Advanced Formula 60 Vegcaps,No regulation
5017978000272,Probio 7 Kidskalm 28 Sachets,No regulation
7618900711013,Mavala Manicure Cuticle Nipper,No regulation
7618900906709,Mavala Eyelash Curler,No regulation
0020714462741,Clinique Clarifying Lotion 4 Oily 400ml,No regulation
8809408730920,Dr. Oracle 21 Stay A-Thera Toner 120ml,No regulation
4001638088039,Weleda Birch Cellulite Oil 100ml,No regulation
5028392001356,Metagenics MetaRelax 90 Tablets,No regulation
5060332534944,Lindens Health + Nutrition D-Mannose 1000mg 120 Tablets,No regulation
3800219790399,Alteya Organic Rose Otto Cleansing Milk Bio Damascena 200ml,No regulation
3282770153217,Avène Hyaluron Activ B3 Triple Correction Eye Cream 15ml,No regulation
5391531562835,Spotlight Oral Care Whitening Accelerator Gel 30ml,No regulation
0850018802215,Olaplex No.0 Intensive Bond Building Hair Treatment 155ml,No regulation
4005900517852,Eucerin Hyaluron-Filler Day Cream SPF30 50ml,No regulation
5420036936268,Surosolve 125ml,No regulation
0658556025079,Planet Paleo Keto C8 MCT Powder 220g,No regulation
5060136930034,Arjun 2% Menthol Aqueous Cream 500g,No regulation
0634158533211,Daily Multi Nutrient for Teenboy 60 Capsules,No regulation
5060332534968,Lindens Health + Nutrition Green Lipped Mussel 500mg 360 Capsules,No regulation
5031812509202,Coatex Medicated Shampoo 500ml,No regulation
5060203790745,Terranova Microflora Complex with FOS & More 100 Capsules,No regulation
4020829007314,Dr. Hauschka Soothing Mask 30ml,No regulation
9421900569076,Antipodes Aura Manuka Honey Mask 75ml,No regulation
5021265222544,Vitabiotics Max Triple Collagen Glucosamine Omega 3 84 Pack,No regulation
5028392002001,Nutri Advanced Nutrimonium 14 Sachets,No regulation
3380810033694,Clarins Toning Lotion Com/Oily Skin 400ml,No regulation
5060704340432,Acala Zero Waste Shaving Bag without Brush,No regulation
3282770101652,Avène A-Oxitive Antioxidant Water Cream Moisturiser 30ml,No regulation
0737870240761,Life Extension Curcumin Elite Turmeric Extract 60 Vegetarian Capsules,No regulation
5060518932588,Zooki Magnesium Pineapple Guava Liquid Sachets 14 x 15ml,No regulation
0658556024645,Living Nutrition Your Flora Terrain 60 Capsules,No regulation
5060018515366,KIKI Health Organic Chaga Extract Mushroom Powder 50g,No regulation
0658556116968,Mushrooms For Life Organic Turkey Tail Powder Amber Glass 60g,No regulation
5060776980864,DR.VEGAN Men's ProMulti 60 Capsules,No regulation
0658556024812,Living Nutrition Natural Nootropic 60 Capsules,No regulation
8809567925182,Barr Centella Calming Ampoule Toner 200ml,No regulation
6009544910619,USN BlueLab 100% Whey Premium Protein Vanilla Flavour 908g,No regulation
5060099032424,Odylique Reviving Rosemary Shampoo 500ml,No regulation
5021791704460,Freestyle Blood Glucose Test Strips 50,No regulation
0033984041387,Solgar Korean Ginseng Root Extract 60 Capsules,No regulation
5060968690472,Wild Nutrition Daily Multi Nutrient 45+ for Man 60 Capsules,No regulation
0658556116982,Mushrooms For Life Organic Shiitake 60g Powder,No regulation
3380810304916,Clarins Sun Care Body Cream SPF30 150ml,No regulation
6009544910596,USN BlueLab 100% Whey Premium Protein Strawberry Flavour 908g,No regulation
0033984020511,Solgar Double Strength Omega-3 60 Softgels,No regulation
4005900782878,Eucerin Hyaluron-Filler Skin Refining Serum 30ml,No regulation
5060203794781,Terranova Fermented Astragalus Fermagalus Capsules 50,No regulation
0658556024546,Living Nutrition Turmeric Alive 60 Capsules,No regulation
4005900661388,Nivea Q10 Power 60+ Antiwrinkle Oil 30ml,No regulation
5031013105593,Higher Nature Wise Woman 90 Capsules,No regulation
5016870224274,Kinetik Wellbeing Finger Pulse Oximeter,No regulation
5031013109720,Higher Nature True Food Vitality Multivitamin for Men 60 Capsules,No regulation
5060136930027,Arjun 1% Menthol Aqueous Cream 500g,No regulation
6009544910657,USN BlueLab 100% Whey Premium Protein Banana Flavour 908g,No regulation
5410765002686,Excilor Ultra Nail Fungus Treatment 30ml,No regulation
5060552880500,Neubria Krill Oil 500mg Omega-3 60 Capsules,No regulation
5034268006066,ProVen Probiotics 50 Billion - Shapeline 30 Capsules,No regulation
5060203791858,"Terranova Coq10, Magnesium & Hawthorn Complex 100 Pack",No regulation
0705928888012,NeilMed Sinugator Cordless Pulsating Nasal Wash 30 Premixed Packets,No regulation
6009544910633,USN BlueLab 100% Whey Premium Protein Caramel Chocolate Flavour 908g,No regulation
7350038490124,Dynamic Code Lactose Intolerance Test,No regulation
5055565743768,Vardenafil Accord 10mg 4 Tablets,P
4007221046868,Advantage Flea Treatment for Dogs 25-40kg 4 Pack,No regulation
5060203792008,Terranova Life Drink (Unflavoured) 227g,No regulation
5060776980659,DR.VEGAN pH Hero 30 Capsules,No regulation
6009644650033,USN Pure Creatine Monohydrate Powder 500g,No regulation
4210201329855,Oral-B Pro 570 Cross Action Electric Toothbrush,No regulation
5060203796228,Terranova NADPro NAD+ Activator Complex 50 Veg Capsules,No regulation
0021078000228,Source Naturals Wellness Formula 90 Tabs,No regulation
5060086610123,Optibac Probiotics Saccharomyces Boulardii 80 Capsules,No regulation
4020829005235,Dr. Hauschka Facial Toner 100ml,No regulation
5060018515472,KIKI Health Immunity Capsules 60 Vegicaps,No regulation
0033984028029,Solgar Vegan Digestive Enzymes 250 Tablets,No regulation
5060018515342,KIKI Health Organic Oyster Extract Mushroom 60 Vegicaps,No regulation
5056682200608,AquaSoothe 1% Menthol Aqueous Cream 500g,No regulation
5056682200615,AquaSoothe 2% Menthol Aqueous Cream 500g,No regulation
5031013103728,Higher Nature Nails & Hair 120 Capsules,No regulation
5031013104275,Higher Nature Red Sterol Complex 90 Tablets,No regulation
0033984023192,Solgar Quercetin Complex 100 Capsules,No regulation
7702018425198,Gillette Fusion Progilde Flexball Manual Razor,No regulation
5060409330226,Zen CBD Oil 5% (500mg) 10ml,No regulation
0033984024212,Solgar Vitamin C 1500mg with Rose Hips 180 Tablets,No regulation
5055148400149,Lamberts Co Enzyme Q 10 30mg 180 Capsules,No regulation
0033984007154,Solgar Ultibio Vegetable 30 Capsules,No regulation
0814784027234,SunWarrior Protein Classic Vanilla 375g,No regulation
5025201661961,Armour Up Moulded Cup Respirator with Valve 5 Masks,No regulation
5391531561494,Spotlight Oral Care Rose Gold Replacement Sonic Heads,No regulation
5060927260531,BeYou Tired Foot Cream 100ml,No regulation
8436583640173,MiiN Gua Sha & Roller Set,No regulation
3282770207552,Klorane Cornflower Serum 50ml,No regulation
5060644167410,Lash Fx Glam Lash Set,No regulation
5060193641744,Bloom & Blossom Cooling Leg Serum 100ml,No regulation
0658010120814,Garden Of Life Organic Kids+ 30 Tabs,No regulation
8809566990440,Benton Snail Bee Ultimate Hydrogel Eye Patch 1.1g x 60 Pack,No regulation
5060588690357,itsy Hungry Bundle,No regulation
5034511006645,Green People Wildy Kind Organic Scent Free Skin Care Duo,No regulation
5060099031281,Odylique Coconut Candy Scrub 175g,No regulation
9421906730708,Antipodes Juliet Brightening Gel Cleanser,No regulation
5060704340517,Acala Zero Waste Dental Care Bag,No regulation
5060644167427,Lash Fx Perfect Lash Set,No regulation
5060644167403,Lash Fx Super Lash Set,No regulation
5028392003077,Metagenics MetaDigest Triple Action 60 Capsules,No regulation
9338177000587,Dermalex Atopic Adult 100g,No regulation
5034511000155,Green People Vita Min Fix Moisturiser 50ml,No regulation
3361370620722,Milton Combi Microwave Or Cold Water Steriliser,No regulation
5060203790172,Terranova Beta Carotene Complex 100 Pack,No regulation
5034511000162,Green People Fruitful Nights Night Cream 50ml,No regulation
5031812509257,Coatex Aloe & Oatmeal Shampoo 500ml,No regulation
5060202182541,Cytoplan Omega Balance Vegan 60 Capsules,No regulation
5060999811884,Wonderbalm All Purpose Balm 50ml,No regulation
5034511000117,Green People Day Solution Moisturiser 50ml,No regulation
5055148410674,Lamberts Omega 3 Ultra Pure Fish Oil 1300mg 60 Capsules,No regulation
5034511000353,Green People Anti-Ageing 24hr Cream 50ml,No regulation
5060089610755,Eropid Sildenafil 50mg 8 Tablets,P
5012564005334,Menthoderm Cream 0.5% 500g,No regulation
5060805780014,Lovima 75 Microgram Film-Coated 84 Tablets,P
0896364002763,Olaplex No.5 Conditioner Bond Maintenance 250ml,No regulation
5060409330134,Living Nutrition Kefir-Kombucha + Chaga Mushroom 60 Capsules,No regulation
0074312002724,Nature's Bounty Maximum Strength Glucosamine & Chondroitin 60 Caplets,No regulation
5060409330059,Living Nutrition Warrior 60 Capsules,No regulation
7391325933382,Nutri Advanced Eskimo-3 Extra High Strength Fish Oil 50 Capsules,No regulation
7350082941146,Swiss Clinic Super Glue+ 30 ml,No regulation
8809408731019,Dr. Oracle 21 Stay Blueberry Sleeping Mask 100ml,No regulation
7350082941160,Swiss Clinic Grade Up Retinol+ 0.3% 30 ml,No regulation
8809083997106,Sioris Deep In A Barrier Cream,No regulation
8809663751654,Mizon All in One Snail Repair Cream 75ml,No regulation
5060203793579,Terranova Turmeric Root 350mg 100's,No regulation
9314839010040,SunSense Sensitive Sun Lotion SPF 50 100g,No regulation
5060291420609,Nursem Ultra Caring Body Balm 250ml,No regulation
0658556117484,Mushrooms For Life Organic Lion’s Mane - Focus Coffee,No regulation
0634158970252,Mushrooms 4 Life Organic Chaga Turmeric Latte 120g,No regulation
5060018515465,KIKI Health Cognitive Capsules 60 Vegicaps,No regulation
0851325002008,Macadamia Natural Oil Healing Oil Treatment 125ml,No regulation
8809566990952,Benton Let's Carrot Oil Toner 150ml,No regulation
5060018515380,KIKI Health Organic Maitake Extract Mushroom Powder 50g,No regulation
0634158970191,Mushrooms For Life Organic Lion's Mane Matcha Latte 110g,No regulation
5060018515403,KIKI Health Organic Reishi Extract Mushroom Powder 50g,No regulation
5056142611227,Protein World Marine Collagen Peptides Tropical 250g,No regulation
5060018515434,KIKI Health Organic Decaffeinated Mushroom Extract Coffee Powder 75g,No regulation
5391531561449,Spotlight Oral Care Water Flosser Classic Jet Tips,No regulation
0658556117019,Mushrooms For Life Organic Maitake Powder 60g,No regulation
5060968691110,Ksm-66 Ashwagandha Plus 60 Capsules,No regulation
0033984504974,Solgar 7 Joint Support 30 Capsules,No regulation
0658556024737,Living Nutrition Organic Fermented Reishi Spores 60 Capsules,No regulation
8809408730913,Dr. Oracle 21 Stay A-Thera Cream 50ml,No regulation
4064666310541,Nioxin for Natural Hair with Progressed Thinning System 2 Trial Kit,No regulation
5060523017454,Ted Baker 50ml Polly Eau de Toilette & 100ml Cream Set,No regulation
5060018515458,KIKI Health Organic Mushroom Extract Cacao Powder 105g,No regulation
5011309031119,Flexitol Rescue Heel Balm 485g,No regulation
5060018515397,KIKI Health Organic Oyster Extract Mushroom Powder 50g,No regulation
5012564005112,Sebco Coconut Compound Ointment 100g,GSL
8000300431926,Garden of Life Microbiome Once Daily 30 Capsules,No regulation
0658556024775,Living Nutrition Organic Fermented Myco Blend 60 Capsules,No regulation
0083000006289,Nature's Answer Goldenseal Root 30ml,No regulation
5391531561869,Spotlight Oral Care SOC Prideheads Sonic Head,No regulation
8809684560808,Milk Touch Five Flower Dark Spot Clearing Serum 40ml,No regulation
5060203791698,"Terranova Glucosamine, Boswellia & MSM Complex 100 Pack",No regulation
0731788983628,Feel Supreme Tongkat Ali with Fadogia Agrestis 90 Capsules,No regulation
5056142607237,Protein World Pre Workout Peach Tea Protein Powder 500g,No regulation
0753950000872,Doctor's Best High Absorption Magnesium 100mg 240 Tablets,No regulation
0850005892052,Vital Proteins Collagen Vanilla Creamer 305g,No regulation
5060083290311,LMX4 Lidocaine 4% w/w Cream 30g,P
5060203791254,Terranova Magnesium 100mg Complex 100 Pack,No regulation
4005900645432,Eucerin Hyaluron-Filler + Elasticity Eye Cream 15ml,No regulation
8809567925205,Barr Centella Calming Barrier Cream 80ml,No regulation
5060018513607,KIKI Health Organic Shiitake Extract Mushroom 60 Capsules,No regulation
5060280920516,FlexiSEQ Max Strength Osteo Gel 100g,No regulation
0658556024782,Living Nutrition Organic Fermented True Adaptogens 60 Capsules,No regulation
5060927260524,BeYou Muscle & Joint Gel 100ml,No regulation
5060018515441,KIKI Health Organic Mushroom Extract Coffee Powder 75g,No regulation
0634158970160,Mushrooms 4 Life Organic Reishi Cacao Latte 140g,No regulation
3800219792164,Alteya Organic Face Sunscreen Rose Otto SPF25 50ml,No regulation
0634158970313,Mushrooms 4 Life Organic Cordyceps Adaptogen Coffee,No regulation
0634158970221,Mushrooms 4 Life Organic Maitake Ginger Latte 110g,No regulation
5060203790059,Terranova Coq10 30mg Complex 100 Pack,No regulation
5055148407575,Lamberts Pure Fish Oil 1100mg 180 Capsules,No regulation
3574661568119,Regaine for Women 2% 60ml,P
9335955005703,MooGoo Face Hydration Pack,No regulation
0878941000065,Liquid Concentrace Trace Mineral Drops 118ml,No regulation
5034511006638,Green People Glow Wild Organic Day & Night Skin Treatment Duo,No regulation
5056142606162,Protein World Whey Protein Concentrate Milk Chocolate 520g,No regulation
5702191008395,Psoriasis treatment - Dovonex Ointment 30g,P
0658556117033,Mushrooms For Life Organic Cordyceps 60g Powder,No regulation
4064666224503,Nioxin for Chemically Treated Hair with Light Thinning System 5 Trial Kit,No regulation
5060018515359,KIKI Health Organic Cordyceps Extract Mushroom Powder 50g,No regulation
5025903023395,Careway Nitrile Exam Gloves Medium 250 Pack,No regulation
0739090023216,Fipnil Plus Spot-On Solution for Cats 3 x 0.5ml,No regulation
0658556116944,Mushrooms For Life Organic Lion's Mane Focus Full Spectrum Powder 60g,No regulation
0033984003163,Solgar Vision Plus 60 Capsules,No regulation
8429979417336,Sesderma Retiage Eye Contour 15ml,No regulation
5025903023418,Careway Nitrile Exam Gloves X-Large 230 Pack,No regulation
0658556024850,Living Nutrition Organic Fermented Rhodiola 60 Capsules,No regulation
9335955004522,MooGoo Soothing MSM Moisturiser 500g,No regulation
5055132717451,Scabies Treatment - Morningside Permethrin 5% Cream 30g,P
5031013109591,Higher Nature Mushroom Vitality 60 Capsules,No regulation
5060203791834,"Terranova Chromium, Cinnamon & Lipoic Acid Complex 100 Pack",No regulation
5012674901748,Otoclean Cat & Dog Ear Cleaner 5ml 18pk,No regulation
0033984020573,Solgar Triple Strength Omega-3 50 Softgels,No regulation
8809083995409,Sioris Stay with Me Day Cream,No regulation
5060519148278,Pukka Days of Gifting Advent Calendar,No regulation
9337213007191,Conceive Plus Men's Motility Support 60 Capsules,No regulation
3800219792652,Alteya Organic Active Vitality Energizing Eye Cream Rose Jasminium 15ml,No regulation
5060018511429,KIKI Health Organic Premium Chlorella Powder 200g,No regulation
8809540510206,Benton Fermentation Eye Cream 30g,No regulation
4020829065437,Dr. Hauschka Night Serum 20ml,No regulation
5060203790028,Terranova Antioxidant Nutrient Complex 100 Pack,No regulation
0033984011106,Solgar Full Spectrum Omega Salmon Oil 120 Softgels,No regulation
5025903024620,Careway Nitrile Exam Gloves Size Small 250 Pack,No regulation
5060704340470,Acala Zero Waste Traveller Gift Bag,No regulation
3574660411805,Nicorette Nasal Spray 10ml,GSL
5060409330035,Living Nutrition Candi-X 60 Capsules,No regulation
5060409330042,Living Nutrition Cognitive 60 Capsules,No regulation
0033984039728,Solgar Milk Thistle 100 Capsules,No regulation
3411113007324,Douxo S3 Seb Mousse 150ml,No regulation
5060193642697,Bloom & Blossom Lights Out Sleep Gift Set,No regulation
8009722000239,Clorexyderm Oto Ear Cleansing Solution 150ml,No regulation
5060710518696,Panodyne Infrared Thermometer,No regulation
0033984328747,Solgar Whey To Go Protein Powder (Strawberry) 454g Powder,No regulation
5060193641751,Bloom & Blossom Bust Firming Gel 50ml,No regulation
5038483844281,Scholl Softgrip C3 Thigh Length Compression Hosiery Large Open Toe Natural,No regulation
5010415230126,Tommee Tippee Complete Care Healthcare Kit,No regulation
5055148404925,Lamberts Fema45+ 180 Tablets,No regulation
4005900990303,Eucerin Anti-Age Hyaluron Filler Night Refill 50ml,No regulation
5031013100499,Higher Nature Mexican Yam Extract 90 Capsules,No regulation
3282770075571,Klorane Keratine Strength Fortifying Spray,No regulation
9332996000407,Grahams Natural Baby Eczema Cream 150g,No regulation
8809663751593,Mizon Collagen 100 30ml,No regulation
8809743540321,Mizon Snail Mini Pack,No regulation
0033984329546,Solgar Formula Vm-Prime for Women 90 Tablets,No regulation
0033984022959,Solgar Gold Specifics Prostate Support 60 Capsules,No regulation
5031013100086,Higher Nature Aloe Gold Natural 485ml,No regulation
5017978000043,Probio 7 Intiflor 15 Capsules,No regulation
5017978000289,Probio 7 Immune+ 60 Capsules,No regulation
5060704340487,Acala Make Your Own Body Butter Kit,No regulation
5039021007106,Alvedon Paracetamol Suppositories 125mg 10 Pack,P
5060519147899,Pukka Womankind Menopause 60 Capsules,No regulation
5060519144027,Pukka Womankind Premenstrual 60 Capsules,No regulation
0702811534506,Wild Nutrition Food-Grown B Complex Plus 60 Capsules,No regulation
5060203790851,Terranova Microbiome Challenge 50 Veg Capsules,No regulation
5060203791667,Terranova Dong Quai Soya Sprout Complex 100 Pack,No regulation
5060280920363,FlexiSEQ for Joint Wear & Tear 100g,No regulation
5017978104772,Probio 7 50+ Probiotic Capsules for Over 50s 60 Pack,No regulation
8009722001946,Zincoseb Antibac Shampoo 250ml,No regulation
0033984003620,Solgar Advanced Multi-Enzymes Complex 90 Vegetable Capsules,No regulation
5060776980185,DR.VEGAN Gut Works Pre & Probiotic 50bn CFU 30 Capsules,No regulation
5060018515571,KIKI Health Ionic Iodine Liquid Concentrate 50ml,No regulation
5016003733901,Contour Next Blood Glucose Test Strips 50 Pack,No regulation
5060203793739,Terranova Mushroom Synergy 50 Vegetarian Capsules,No regulation
5060203792138,Terranova Dynamic Synergy 50 Pack,No regulation
5060571722638,UpCircle Peptide Serum 30ml,No regulation
0768990027635,Nordic Naturals Omega-3 1560mg Lemon Flavour 237 ml,No regulation
8000300432275,Garden of Life Microbiome Once Daily Prenatal 30 Capsules,No regulation
0850045076085,Olaplex No.7 Bonding Oil 30ml,No regulation
5060018515588,KIKI Health Ionic Magnesium Liquid Concentrate 50ml,No regulation
0033984595972,Solgar Full Spectrum Curcumin 30 Licaps,No regulation
7322541406077,Tena PROskin Flex Large Super Pants 30 Pack,No regulation
5060018515618,KIKI Health Ionic Electrolytes liquid Concentrate 50ml,No regulation
5060203796167,Terranova CurcuSol Curmin Complex (BioSNEDS) 50's (NEW PRODUCT),No regulation
8711744049300,Excilor Skin Tag Treatment,GSL
8009722000932,Clorexyderm Spot Gel 100ml,No regulation
5060018515557,KIKI Health Ionic Zinc Liquid Concentrate 50ml,No regulation
5060203796303,Terranova ResveraSol Resveratrol Complex 50 Veg Capsules,No regulation
4005900990297,Eucerin Anti-Age Hyaluron Filler with SPF15 Day Refill 50ml,No regulation
3574660478518,Nicorette Original Gum 2mg 210 Pack,GSL
5060150090134,Dermacool 1% Menthol In Aqueous Cream 500g,GSL
5031013103056,Higher Nature Aeterna Gold Collagen Crème Serum 50ml,No regulation
5060018515632,KIKI Health Ionic Iron Liquid Concentrate 50ml,No regulation
0033984023352,Solgar Resveratrol 100mg 60 Capsules,No regulation
5060203792381,"Terranova Cordyceps, Rhodiola & Ginseng Powder 30g",No regulation
4103040043740,Sebamed Liquid Face & Body Wash 1l,No regulation
0753950004085,Doctor's Best High Absorption Magnesium Powder 200g,No regulation
8809663751616,Mizon Snail Repair Intensive Essence 100ml,No regulation
5060099032318,Odylique Lavender Hydrating Shampoo 500ml,No regulation
5027314498229,Bio-Kult Boosted Extra Strength 30,No regulation
5031013104886,Higher Nature Vitamin C Powder 180g,No regulation
5031013100475,Higher Nature Menophase 90 Capsules,No regulation
5031013108853,Higher Nature High Strength B Complex 90 Capsules,No regulation
5031013108570,Higher Nature Pro-Intensive Extra 30 Capsules,No regulation
5031013104756,Higher Nature Immune Plus 180 Tablets,No regulation
5060258390013,"Pro D3 10,000IU Weekly Dose 30 Capsules",No regulation
0074312002656,Nature's Bounty Q-Sorb Coq-10 30mg with L-Carnitine 60 Pack,No regulation
5031013102608,Higher Nature Neversnore 90 Capsules,No regulation
5060193642659,Bloom & Blossom You've Got This Mama Pregnancy Gift Set,No regulation
5060099030086,Odylique Avocado 24H Replenishing Cream 50ml,No regulation
0634158940415,Planet Paleo Pure Collagen Cacao Magic 15 Sachets,No regulation
5055148410377,Lamberts Co Enzyme Q 10 100mg 60 Capsules,No regulation
3337875542647,Sanoflore Regard Hypnotica Cream 15ml,No regulation
0033984003149,Solgar Biotin 5000µg 100 Capsules,No regulation
5060202180356,Cytoplan Multi B Extra 60 Tablets,No regulation
0033984007376,Solgar Advanced Acidophilus Plus 120 Capsules,No regulation
0634158940392,Planet Paleo Pure Collagen Matcha Latte 15 Sachets,No regulation
8445290903877,Minami MorEPA Cholesterol 60 Softgels,No regulation
4251778100041,Eucerin Sun Actinic Control Md SPF100 80ml,No regulation
7391325533339,"Nutri Advanced Eskimo-3 Healthy Kids Omega-3, 6 & 9 + Vitamin D 210ml",No regulation
5011309580112,Hedrin Liquid 250ml,No regulation
5060203790684,Terranova Digestive Enzyme Complex 100 Capsules,No regulation
8009722003780,Otoact Ear Cleansing Solution 100ml,No regulation
5060519144010,Pukka Wholistic Shatavari 60 Capsules,No regulation
8806158552574,SIORIS My First Essener 100ml,No regulation
5707725600304,Nourkrin Serum for Hair Growth 30ml,No regulation
5060150090325,Dermacool 0.5% Menthol Aqueous Cream 500g,No regulation
3666057125669,Clarins One Step Gentle Exfoliating Cleanser 125ml,No regulation
5060776980536,DR.VEGAN Hair Saviour 60 Capsules,No regulation
5021265223305,Vitabiotics Perfectil 90 Tablets,No regulation
3661103003298,Frontline Spot On for Cats 3 Pack,No regulation
3411113007348,Douxo S3 Seb Shampoo 200ml,No regulation
5060673980271,Dayonix Irofix 30 Capsules,No regulation
5010123725952,Nicorette Freshmint Gum 2mg 210 Pack,GSL
5060673980059,Dayonix Irofix Syrup 150ml,No regulation
3401344908576,Bioderma White Objective Serum 30ml,No regulation
5065000523732,Pukka Clean Chlorella 400 Tablets,No regulation
5031013100802,Higher Nature True Food Calcium & Magnesium 120 Tablets,No regulation
0850005892021,Vital Proteins Collagen Coconut Creamer 293g,No regulation
5016695008417,Vardenafil Mylan 20mg 4 Tablets,P
5065000523718,Pukka Essential Spirulina 400 Tablets,No regulation
0033984007840,Solgar Ultimate Calm 30 Tablets,No regulation
5391500070804,Udo's Choice Super 8 30 Vegecaps,No regulation
7350082941153,Swiss Clinic C Loves E+ 30 ml,No regulation
3282770149432,Klorane Quinine Hair Strengthening Serum 100ml,No regulation
8809581075351,Beaudiani Moist Cream 50ml,No regulation
0658556117064,Mushrooms For Life Organic Myco-Qi 60 Capsules,No regulation
5070000991252,R.Y.M. Magnesium Bisglycinate 1500mg 120 Capsules,No regulation
8700216356619,Seven Seas Cod Liver Oil Max Strength 450ml,No regulation
5060086610710,Optibac Probiotics One Week Flat 28 Sachets,No regulation
5034511004153,Green People Purifying Face Mask 50ml,No regulation
5060203793289,Terranova Ginseng 500mg 50 Pack,No regulation
8809587521807,Mizon Snail Repair Intensive Gold Eye 84g 60 Patches,No regulation
5038483844397,Scholl Softgrip C2 Compression Hosiery Medium Natural,No regulation
5060099030079,Odylique Timeless Rose Moisturiser 50ml,No regulation
5060203794927,Terranova Mushroom Complex (Fermented) 50's,No regulation
3282770100297,Avène Hydrance Intense Serum 30ml,No regulation
3282770203493,Avène Hydrance Aqua Gel 50ml,No regulation
0054402290552,Australian Gold Instant Sunless Spray 177ml,No regulation
5060035247387,Spasmonal 100 Capsules,P
9335955004850,MooGoo Argireline Amplified Peptide Anti-Ageing Active Serum 25ml,No regulation
5391531561500,Spotlight Oral Care Graphite Grey Replacement Sonic Heads,No regulation
8809083996284,Sioris A Calming Day Ampoule 35ml,No regulation
9335955002986,MooGoo Milk Wash 1L,No regulation
0033984000575,Solgar Alpha-Lipoic Acid 120mg 60 Capsules,No regulation
5060571822253,The Good Guru Shilajit Resin 30g,No regulation
0033984024014,Solgar Vitamin C 1000mg with Rose Hips 250 Tablets,No regulation
0658556025055,Planet Paleo Keto Collagen 220g,No regulation
8809514550009,Rated Green Real Shea Butter Nourishing Shampoo 400ml,No regulation
3282779351225,Avène Tolérance Moisturising & Calming 3-step Routine for Very Sensitive Skin,No regulation
0658556024713,Living Nutrition Organic Fermented Passion Flower 60 Capsules,No regulation
3830074580996,Manuka Health MGO 100+ Pure Manuka Honey 250g,No regulation
0658556024652,Living Nutrition Your Flora Tranquil 60 Capsules,No regulation
0658556024928,Planet Paleo Pure Collagen 225g,No regulation
5000167032598,Balneum Plus Cream Urea Lauromacrogols 500g,GSL
9335955000005,MooGoo Natural 2-in-1 Bubbly Wash 1L,No regulation
3666057216886,Clarins Cleansing Micellar Water 200ml,No regulation
5060203790073,Terranova Coq10 100mg Complex 50 Pack,No regulation
3380810449068,Clarins Self Tanning Face Radiance Plus Glow Booster 15ml,No regulation
5012748615342,Movicol Plain 50 Sachets,P
0739090024824,Imidaflea 400mg Spot-On Solution >25kg 3 x 4.0ml,GSL
5060086610475,Optibac Probiotics for Travelling Abroad 60 Capsules,No regulation
5012917012187,Frontline Plus Spot On for Cats and Ferrets 3 Pack,No regulation
5060035247400,Spasmonal Forte 120mg 60 Capsules,P
8809684560624,Milk Touch Hedera Helix Collagen 5 Mask pack,No regulation
9335955004515,MooGoo Full Cream Moisturiser 500g,No regulation
0083000009013,Nature's Answer Turmeric-3 30ml,No regulation
5060571822468,The Good Guru Organic Ashwagandha KSM-66 90 Capsules,No regulation
7610313405305,A.Vogel Prostasan Saw Palmetto Capsules 30 Pack,No regulation
9335955004157,MooGoo Moisturising SPF 15 Day Cream 75g,No regulation
5020465201397,Curanail 5% Medicated Nail Lacquer 3ml,GSL
0013964127447,Mad Hippie Eye Cream 15ml,No regulation
5012616265884,Niquitin Minis 100 Pack 1.5mg,GSL
5060571723178,UpCircle Shampoo Crème with Coconut & Rosemary Oil - Jumbo Size 150ml,No regulation
5060571723185,UpCircle Conditioner Crème with Rosemary Oil - Jumbo Size 150ml,No regulation
5031013102691,Higher Nature Candiclear 90 Tablets,No regulation
5031013108877,Higher Nature Atlantic Marine Magnesium 90 Vegan Capsules,No regulation
5031013102479,Higher Nature Colloidal Silver 100ml,No regulation
0033984362130,Solgar Cherry Turmeric Complex 60 Capsules,No regulation
5060018515649,KIKI Health Organic Wheatgrass Juice Powder 120g,No regulation
3333333333338,Paxonomy Washable High Filtration Face Mask White with Pouch,No regulation
5060018511436,KIKI Health Organic Premium Spirulina Powder 200g,No regulation
5060018515540,KIKI Health Collagen Peptides 150 Vegicaps,No regulation
1221122112214,Paxonomy Washable High Filtration Face Mask Navy with Pouch,No regulation
0033984011823,Solgar Formula VM-75 Extra Potency Multivitamins 90 Tablets,No regulation
0033984169876,Solgar Ester-C Plus 1000mg Vitamin C 90 Capsules,No regulation
8809990007479,Skybottle Viva La Pink Perfumed Body Lotion 240ml,No regulation
1456953859131,Paxonomy Washable High Filtration Face Mask Black with Pouch,No regulation
1212121212128,Paxonomy Washable High Filtration Face Mask Grey with Pouch,No regulation
9335955005598,MooGoo Natural Tanning Mouse & Mitt,No regulation
5407007650002,Bambaw Metal Safety Razor Black + Stand,No regulation
5407007651191,Bambaw Metal Safety Razor Red + Stand,No regulation
9314839019715,Sun Sense SPF 50+ Daily Face Cream 100ml,No regulation
5023652363069,Nature's Aid Pro 30-Max 60 Capsules,No regulation
0033984004320,Solgar Calcium Citrate with Vitamin D3 240 Tablets,No regulation
0033984004221,Solgar Earth Source Multi-Nutrient 60 Tablets,No regulation
5430000934992,Bambaw Metal Safety Razor Rose Gold + Stand,No regulation
5407007651177,Bambaw Metal Safety Razor Sea Green + Stand,No regulation
0033984011502,"Solgar Formula Vitamin B-Complex ""100"" 100 Capsules",No regulation
1210001146457,Viagra Connect 4 Tablets,P
0753950001299,Doctor's Best Benfotiamine 150 with BenfoPure 150 mg 120 Veggie Capsules,No regulation
5038483844465,Scholl Softgrip C2 Below The Knee Compression Hosiery Small Black,No regulation
5060069281890,Clearpore Adhesive Dressing 15x10cm 50 Pack,No regulation
3282770050103,Avène Cleanance Anti-Blemish KIT,No regulation
3411113007294,Douxo S3 Pyo Shampoo 200ml,No regulation
5065000523381,Pukka Juicy Wheat Grass Powder 110g,No regulation
3800219790351,Alteya Organic Rose Otto Day Moisturiser Bio Damascena 50ml,No regulation
8809663751623,Mizon Snail Repair Intensive Ampoule,No regulation
5060571720641,UpCircle Safety Razor,No regulation
5060018515823,KIKI Health Organic Vitamin C 50 Vegicaps,No regulation
7322540696219,Tena PROskin Comfort Maxi Pads 28 Pack,No regulation
0033984013551,Solgar Grape Seed Extract 100mg 30 Capsules,No regulation
3411113007300,Douxo S3 Pyo Mousse Dog 150ml,No regulation
5010415227270,Tommee Tippee Silicone Bottle 150ml 2 Pack,No regulation
8809566990426,Benton Goodbye Redness Centella Gel 100g,No regulation
5028392002568,Metagenics UltraFlora Everyday Plus 30 Capsules,No regulation
5060203791636,"Terranova Beauty Complex Skin, Hair & Nails 100 Pack",No regulation
5060018511726,KIKI Health Non-GMO Lecithin Powder 200g,No regulation
5060552880005,Neubria Spark Memory Formula 60 Capsules,No regulation
0978020137962,Period Delay - Primolut-N 5mg 14 Days Treatment,P
5060410574046,Beauty Kitchen SHP+ Bright Eyes Probiotic Serum 30ml,No regulation
0020714291839,Clinique Anti-Blemish Solutions All-Over Clearing Treatment 50ml,No regulation
0033984018464,Solgar Neuro-Nutrients 60 Capsules,No regulation
3411113007287,Douxo S3 Calm Mousse 150ml,No regulation
5060099031403,Odylique Hydration Heroes Gift Set,No regulation
0017854107397,Baylis & Harding Citrus Lime & Mint Invigorating Sliders Gift Set,No regulation
5060410574008,Beauty Kitchen SHP+ High Def Facial Oil 30ml,No regulation
5060552880029,Neubria Edge Focus Formula 60 Capsules,No regulation
5031013104305,Higher Nature Advanced Immune Support 60 Capsules,No regulation
0033984012950,Solgar Gold Specifics Glucose Factors 60 Tablets,No regulation
7613287212528,Minami DHA+EPA Liquid Omega-3 for Kids + Vitamin D3 100ml,No regulation
0658556116951,Mushrooms For Life Organic Cordyceps Perform Full Spectrum Powder 60g,No regulation
7350082941139,Swiss Clinic Hyaluronic Filler+ 30 ml,No regulation
5023652389069,"Nature's Aid Serrapeptase 250,000iu 60 Tablets",No regulation
0634158940408,Planet Paleo Pure Collagen Turmeric Latte 15 Sachets,No regulation
5430000934978,Bambaw Metal Safety Razor Silver + Stand,No regulation
5060202180776,Cytoplan Biofood Magnesium 100mg 60 Tablets,No regulation
5012616265457,Niquitin Step 2 Patch 14mg 14 Pack,GSL
0634158940422,Planet Paleo Pure Collagen Keto Coffee 15 Sachets,No regulation
7702018480494,Gillette Fusion 5 Proglide Stainless Razor Gift Set,No regulation
5017353506405,Perrigo Sildenafil 50mg 8 Tablets,P
0773554151053,Infantino Glow In The Dark Cuddly Pal with Teethers Gift Set,No regulation
0033984033009,Solgar Vitamin C Crystals 125g,No regulation
8009722003971,ICF Clorexyderm 4% Shampoo 200ml,No regulation
8009722003988,Clorexyderm 4% Spray Solution 200ml,No regulation
0054402250433,Australian Gold Moisture Lock 473ml,No regulation
0753950002517,Doctor's Best Benfotiamine 150 + Alpha-Lipoic Acid 300 60 Veggie Capsules,No regulation
7322541410937,Tena PROskin Flex Medium Super Pants 30 Pack,No regulation
9335955004324,MooGoo Skin Milk Udder Cream 500g,No regulation
7322541405759,Tena PROskin Flex Large Plus Pants 30 Pack,No regulation
9335955002979,MooGoo Cream Conditioner 1L,No regulation
7322540647266,Tena PROskin Slip Large Maxi Pants 24 Pack,No regulation
5055757900191,Fushi Adaptogen Energy Mushroom Blend 60 Capsules,No regulation
5060776980109,"DR.VEGAN Brain Fuel Focus, Memory & Cognition 30 Capsules",No regulation
9335955000203,MooGoo Anti-Ageing Antioxidant Face Cream 75g,No regulation
5012616266195,Niquitin Minis 100 Pack 4mg,GSL
5020465201762,Cetaphil Pro Tinted Moisturising Day Cream SPF 30 50ml,No regulation
0658556024560,Living Nutrition Organic Fermented Maca 60 Capsules,No regulation
5060571822956,The Good Guru Advanced CoQ10 100mg 60 Capsules,No regulation
5060776980932,DR.VEGAN Women's ProMulti 60 Capsules,No regulation
9335955001941,MooGoo Ascorbyl Tetraisopalmitate (Vitamin C) 3% Brightening Active Serum 25ml,No regulation
5060202184804,Cytoplan Cytoprotect Hair Skin & Nails 60 capsules,No regulation
5023652433069,Nature's Aid Pro-Derma (15 Bill Bac) 60 Capsules,No regulation
0033984004580,Solgar Ultibio Immune 30 Capsules,No regulation
0033984007536,Solgar Advanced 40+ Acidophilus 60 Capsules,No regulation
0658556117217,Mushrooms For Life Organic Chaga 60 Capsules,No regulation
0658556024577,Living Nutrition Holy Basil Alive 60 Capsules,No regulation
0658556024690,Living Nutrition Organic Fermented Garlic 60 Capsules,No regulation
0896364002749,Olaplex No.3 Hair Perfector 100ml,No regulation
0083000016417,Nature's Answer Perio Cleanse Oral Concentrate,No regulation
5060112866128,Fushi Really Good Cellulite Oil 100ml,No regulation
0054402720035,Australian Gold Botanical SPF50 Lotion 147ml,No regulation
3666057042317,Clarins Men Active Face Wash 125ml,No regulation
8445291269552,Vital Proteins Collagen Peptides 284g,No regulation
3282770388381,Avène Tinted Mineral Fluid SPF50 40ml,No regulation
0658556024843,Living Nutrition Organic Fermented Kef-Flamex 60 Capsules,No regulation
9335955002696,MooGoo Night Restoration Cream 75g,No regulation
5034511006720,Green People Organic Babies Skin Relief Kit,No regulation
5060410574039,Beauty Kitchen SHP+ Really Radiant Moisturiser 60ml,No regulation
4210201200581,Oral B Power Vitality Plus 100 Sensi UltraThin Electric Toothbrush,No regulation
9335955004263,"MooGoo Hyaluronic Acid (2% w/v), Niacinamide (10% w/v) Active Serum",No regulation
0020714352837,Clinique Sun Protection Face Cream with Solar Smart SPF50 50ml,No regulation
0016185300057,Neocell Super Collagen Powder 198g,No regulation
0033984041431,Solgar Saw Palmetto Berry Extract 60 Capsules,No regulation
0022548436820,DKNY Be Delicious Fresh Blossom Gift Set,No regulation
5000477724190,Derbac M Liquid 0.5% w/w Cutaneous Emulsion 150ml,P
5016870224168,Kinetik Wellbeing Inner Ear Thermometer,No regulation
0054402730195,Australian Gold Botanical SPF50 Tinted Face Lotion Medium to Tan 88ml,No regulation
0033984033511,Solgar Vitamin E with Yeast Free Selenium 100 Capsules,No regulation
0033984009561,Solgar Coq-10 60mg Softgels 30 Pack,No regulation
4024787430542,Celluvisc Eye Drops 0.5% w/v Unit Dose 90 Pack,P
5017123033155,Orlos 60mg 84 Capsules,P
5034511005563,Green People Lash Lift set,No regulation
0083000016622,Nature's Answer Periobrite Dry Mouth,No regulation
5060776980215,DR.VEGAN Skin Saviour 60 Capsules,No regulation
8809990007431,Skybottle Perfumed Hand Cream Set,No regulation
3282770394009,Avène Redness Expert Soothing Moisturising Cream 30ml,No regulation
5060552880012,Neubria Shine Mood Formula 60 Capsules,No regulation
5060018515410,KIKI Health Organic Shiitake Extract Mushroom Powder 50g,No regulation
0033984023277,Solgar Reishi Shiitake Maitake Mushroom Extract 50 Capsules,No regulation
0658556024751,Living Nutrition Organic Fermented Chaga 60 Capsules,No regulation
8711744055493,Eroxon Erectile Dysfunction Treatment Gel 4 Pack,GSL
5707725100606,Nourkrin Maintain 1 Month Supply 30 Tablets,No regulation
9332996000209,Grahams Natural Rosacea Cream 75g,No regulation
0658556117095,Mushrooms For Life Organic Mycomplex 60 Capsules,No regulation
8809514550115,Rated Green Real Mary Exfoliating Scalp Shampoo 400ml,No regulation
0658556024720,Living Nutrition Organic Fermented Valerian 60 Capsules,No regulation
3574661343563,Nicorette Quickmist Cool Berry 1mg Mouthspray,GSL
0658556024805,Living Nutrition Organic Fermented Wisdom 60 Capsules,No regulation
0033984005839,Solgar Fish Gel Omega-3 740mg 50 Softgels,No regulation
0658556117071,Mushrooms For Life Organic Myco Beauty 60 Capsules,No regulation
0768990311307,"Nordic Naturals Omega-3 Zero-sugar Fishies, 36 pack",No regulation
5055148412111,Lamberts Multi-Guard ADR 120 Tablets,No regulation
5056142604939,Protein World Whey Concentrate Vanilla Ice Cream Powder 520g,No regulation
5060203794156,Terranova Theanine Complex 50 Vegetarian Capsules,No regulation
0013964127430,Mad Hippie Face Cream 30ml,No regulation
5060203792916,Terranova Chlorella 500mg (Fresh Freeze Dried- Organic) 100 Pack,No regulation
5055148403478,Lamberts Pea Protein 750g,No regulation
8809684561997,Milk Touch Green Apple Pore Collagen Jumbo Pads 60 Pack,No regulation
8429979419491,Sesderma Seslash Lash & Eyebrow Serum 5ml,No regulation
2100007035994,an-HyPro Eye Gel 7ml,No regulation
7322541405209,Tena PROskin Flex Extra Large Maxi Pads 21 Pack,No regulation
7322540698107,Tena PROskin Comfort Super Pants 36 Pack,No regulation
0033984512863,Solgar Botanical Female Complex 30 Vegetable Capsules,No regulation
5056142604908,Protein World Whey Protein Concentrate Powder Banana Split 520g,No regulation
5060018514697,KIKI Health Organic Psyllium Husks 120 Vegicaps,No regulation
5060018515373,KIKI Health Organic Lion's Mane Extract Mushroom Powder 50g,No regulation
9335955005680,MooGoo Everyday Essentials Set,No regulation
4006000101422,Eucerin AtoControl Acute Care Cream 100ml,No regulation
0033984008328,Solgar Whey To Go Unflavoured Protein 377g,No regulation
5031013103421,Higher Nature Vegetarian Glucosamine HCl 90 tablets,No regulation
5031013109645,Higher Nature Super Potency Omega 3 60 Capsules,No regulation
5031013109188,Higher Nature Collagen 90 Tablets,No regulation
0033984017610,Solgar Fish Oil Concentrate 1000mg 120 Softgels,No regulation
5391500077889,Cleanmarine Menomin for Women 600mg 60 Caps,No regulation
0033984010338,Solgar Advanced Antioxidant Formula 60 Capsules,No regulation
5023652456099,Nature's Aid Cholesterol Support Formula 90g Powder,No regulation
0033984036031,Solgar Vitamin K2 100µg 50 Vegetable Capsules,No regulation
0033984036673,Solgar Whey To Go Protein Powder (Vanilla) 340g Powder,No regulation
5060229011688,Pukka Daily Immune 60 Capsules,No regulation
5031013108587,Higher Nature Pro-Woman 30 Capsules,No regulation
5031013106477,Higher Nature Aeterna Gold Astaxanthin 30 Capsules,No regulation
5031013108709,Higher Nature Super Potency Fish Oil 90 Capsules,No regulation
5060332534531,Lindens Health + Nutrition Collagen (Marine) 400mg 360 Capsules,No regulation
0033984004382,Solgar Formula Vm-2000 90 Tablets,No regulation
8809514550283,Rated Green Real Tamanu Soothing Scalp Shampoo 400ml,No regulation
5060704340395,Acala Happy Skin Gift Bag,No regulation
8809581075344,Beaudiani Moist Fluid 50ml,No regulation
8809540510190,Benton Fermentation Essence 100ml,No regulation
5060409330219,Zen CBD Oil 3% (300mg) Peppermint Flavour 10ml,No regulation
5060519147776,Pukka Wholistic Turmeric 60 Capsules,No regulation
5060259571695,Gold Collagen Superdose Hair Growth 300ml,No regulation
5034511004504,Green People Wildy Soft Organic Hand Cream Trio 30ml,No regulation
3411113007263,Douxo S3 Calm Shampoo 200ml,No regulation
3411113007331,Douxo S3 Care Shampoo 200ml,No regulation
7610313313174,A.Vogel Echinaforce Echinacea Drops 100ml,No regulation
5060259571718,Gold Collagen Superdose Joint Health 300ml,No regulation
5034511000094,Green People Fruit Scrub Exfoliator 50ml,No regulation
5034511002166,Green People Hydrating After Sun Lotion 100ml,No regulation
5060499390919,Calcichew Forte Calcium Carbonate 60 Chewable Tablets,P
5034511000766,Green People Hydrating After Sun Lotion 200ml,No regulation
0020714462789,Clinique Clarifying Lotion 4 200ml,No regulation
5709976301504,Pharma Nord Bio-Carnitine 250mg 125 Capsules,No regulation
8809083996598,Sioris Travel Kit,No regulation
6001159111368,Bio-Oil Skincare Oil 200ml,No regulation
9343345000344,Optimel Manuka Honey Dry Eye Drops 10ml,GSL
8009722011174,Zincoseb Spray 200ml,No regulation
5060202184774,Cytoplan Red Rice Yeast Plus 90 Capsules,No regulation
5060203791605,Terranova Advanced Beauty Complex 50 Capsules,No regulation
0192333138984,Clinique 3-Step Introduction Kit Skin Type 3 3 Pack,No regulation
3282779256438,Klorane Cornflower Soothing Eye Patches x7,No regulation
0192333138977,Clinique 3-Step Introduction Kit Skin Type 2 3 Pack,No regulation
5060202184828,Cytoplan Methyl Factors 60 Capsules,No regulation
8809663751661,Mizon Collagen Power Firming Enriched Cream 50ml,No regulation
5060203790479,Terranova Vitamin D3 2000IU Complex 100 Capsules,No regulation
5060202186372,Cytoplan Skin Food Complex 60 Capsules,No regulation
5034511004511,Green People Wildy Fresh Organic Body Care for Men,No regulation
5060203792282,Terranova Elderberry & Olive Leaf Powder 40g,No regulation
5038483844380,Scholl Softgrip C2 Thigh Length Compression Hosiery Small Closed Toe Natural,No regulation
5060546081050,&SISTERS Nüdie TEEN Period Cup - Small,No regulation
5060203791391,Terranova Prenatal Multivitamin Complex 100 Capsules,No regulation
5055148413316,Lamberts Multi-Guard Methyl 60 Tablets,No regulation
3574661068268,Nicorette Fruitfusion 4mg Nicotine Gum 105 Pack,GSL
3800219790405,Alteya Organic Rose Otto Body Lotion Bio Damascena 200ml,No regulation
3606000619838,CeraVe Skin Renewing Eye Cream 15ml,No regulation
5013455240094,Weleda Arnica Massage Balm 200ml,No regulation
5060546081555,&SISTERS by Mooncup Period Cup The Beginner size A,No regulation
0033984314054,Solgar Cran Flora Cranberry with L. Acidophilus 60 Capsules,No regulation
0634158987564,Botanicals 4 Life Echinacea & Acerola Extract 100ml,No regulation
8009722008716,Peptivet Ear Drops 50ml,No regulation
0020714783297,Clinique Sonic Extra Gentle Cleansing Foam 125ml,No regulation
5060519147578,Pukka Wholistic Ashwagandha 60 Capsules,No regulation
4005900492944,Eucerin Anti-Age Hyaluron-Filler Eye Cream,No regulation
9343345000337,Optimel Manuka Honey Forte Eye Gel 10g,GSL
0033984512856,Solgar Thermogenic Complex with Svetol 60 Capsules,No regulation
5031013108556,Higher Nature Saw Palmetto Complex 30 Capsules,No regulation
0658556024683,Living Nutrition Organic Fermented Astragalus 60 Capsules,No regulation
5034511002494,Green People Sun Lotion Scent Free SPF30 100ml,No regulation
5060203793937,Terranova Hyaluronic Acid & Silica Complex 50 Pack,No regulation
8700216436342,Seven Seas Jointcare + Tumeric Duo Pack,No regulation
5060259571688,Collagen Superdose Skin Care 300ml,No regulation
5055148400682,Lamberts Calcium Ascorbate 250g,No regulation
0658556024836,Living Nutrition Organic Fermented Sibo-Go 60 Capsules,No regulation
8009722000802,Otodine Ear Cleaning Solution 100ml,No regulation
9332996000216,Grahams Natural Psoriasis Cream 75g,No regulation
3666057145414,Clarins Velvet Cleansing Milk for Normal/Dry Skin 200ml,No regulation
3800219790368,Alteya Organic Rose Otto Night Moisturiser Bio Damascena 50ml,No regulation
0658556024584,Living Nutrition Ashwagandha Alive 60 Capsules,No regulation
3380810243314,Clarins Gentle Eye Makeup Remover for Sensitive Eyes 125ml,No regulation
5038483844410,Scholl Softgrip C2 Thigh Length Compression Hosiery XL Closed Toe Natural,No regulation
3666057031236,Clarins Tonic Bath & Shower Concentrate 200ml,No regulation
5055382306283,Alvita Wrist Blood Pressure Monitor,No regulation
5060203793876,Terranova Hyaluronic Acid Complex 50 Pack,No regulation
5028392002124,"Nutri Advanced Serrapeptase 80,000iu 90 Capsules",No regulation
0658556117194,Mushrooms For Life Organic Lion's Mane 60 Capsules,No regulation
5060203793753,Terranova Turmeric & Ginger 50 Capsules,No regulation
5055148400590,Lamberts Pure Fish Oil 1100mg 120 Capsules,No regulation
5060546081500,&SISTERS The Nudie Period Cup Medium 24ml Capacity 18-30 Years Old,No regulation
5010605403040,Canesbiotics Intimate Care 30,No regulation
5060203791926,Terranova Glucosamine Chondroitin & Boswellia Complex 50 Capsules,No regulation
9335955001910,MooGoo Natural Tanning Water 250ml,No regulation
3380810378887,Clarins My Clarins Re-Charge Sleeping Mask 50ml,No regulation
5000243503141,Minami MorDHA Prenatal Omega-3 60 Capsules,No regulation
5060053022225,&SISTERS by Mooncup Size B,No regulation
3395013650005,Decléor Life Radiance Flash Radiance Mask 50ml,No regulation
3380810378900,Clarins My Clarins Re-Boost Hydrating Cream 50ml,No regulation
0033984011618,"Solgar Formula Vitamin B-Complex ""100"" Tablets 100 Pack",No regulation
3800219792669,Alteya Organic Purifying Face Cleanser Rose Jasminium 150ml,No regulation
7350012552039,BioGaia Lactic Acid Bacteria Mandarin Flavour 30 Chewable Tablets,No regulation
8809743540352,Mizon Collagen Power Lifting Cream 75ml,No regulation
5038483956403,Scholl Fungal Nail Treatment,GSL
0033984017511,Solgar Megasorb Vitamin B-Complex 100 Tablets,No regulation
0033984015609,Solgar Soya Lecithin Granules 227g,No regulation
5391531561487,Spotlight Oral Care Water Flosser Replacement Heads Mixed Tip,No regulation
5039021007007,Alvedon Paracetamol Suppositories 60mg 10 Pack,P
0859975002515,Andalou Argan Stem Cell Recovery Cream 50g,No regulation
8809566990549,Benton Pha Peeling Toner 150ml,No regulation
0753950002708,Doctor's Best Benfotiamine with BenfoPure 300mg 60 Veggie Caps,No regulation
5060332534142,Lindens Health + Nutrition Digestive Enzymes Daily 360 Tablets,No regulation
5060203793951,Terranova Glucosamine & Hyaluronic Acid Complex 50 Pack,No regulation
5038227000393,Priligy - Dapoxetine 30mg 3 Tablets,P
5034268009012,"ProVen Probiotics for Pregnancy + Vitamins, Minerals & DHA 30 Capsules",No regulation
9317129041878,Flexitol 10% Urea Cream 500g,No regulation
4001638080309,Weleda Almond Soothing Facial Oil 50ml,No regulation
7350012553456,BioGaia Gastrus Tablets Mandarin Flavour 30 Pack,No regulation
0658556117606,Living Nutrition Fermented Milk Thistle 60 Capsules,No regulation
7333350348830,Epaderm Ointment 1000g,No regulation
5060099032288,Odylique Hand Spa Gift Set,No regulation
0033984009356,Solgar Coq-10 60mg 30 Capsules,No regulation
5017007602217,Liberize 8 Tablets,P
5060099030215,Odylique Creamy Coconut Cleanser 200ml,No regulation
8009722000925,Before-X Sterile Solution of Trisedta 100ml,No regulation
8009722001939,Ermidra Rehydrating Shampoo 250ml,No regulation
8809186283854,Jumiso All Day Vitamin Brightening & Balancing Facial Serum 30ml,No regulation
0020714146559,Clinique Take The Day Off Makeup Remover 125ml,No regulation
5060099031298,Odylique Toning Fruit Butter 150g,No regulation
5060099030161,Odylique Purifying Lemon & Tea Tree Wash 200ml,No regulation
4015600568122,Clearblue Digital Ovulation Test with Dual Hormone Indicator Test 10 Pack,GSL
3606000560833,CeraVe Hydrating Hyaluronic Acid Serum 30ml,No regulation
0033984015814,Solgar Lipotropic Factors 100 Tablets,No regulation
5028392002292,Metagenics Vitamin D3 with K2 30ml,No regulation
8809566991669,Benton Snail Bee High Content Lotion 120ml,No regulation
5711782000014,AllMatters Menstrual Cup Size A,No regulation
5031013102226,Higher Nature True Food All Man 90 Capsules,No regulation
3663555004311,Hana 75mg Film Coated Tablets Desogestrel 3 Month Supply,P
0020714281113,Clinique Anti-Blemish Solutions Clarifying Lotion 200ml,No regulation
8809447251363,Dr.Althea Azulene 147HA Intensive Soothing Cream 50ml,No regulation
0033984041424,Solgar Red Clover Flower & Leaf Extract 60 Capsules,No regulation
0074312000089,Nature's Bounty Biotic Pro 60 Gummies,No regulation
5391500077803,Cleanmarine for Women 600mg Marine Gelcaps 60 Pack,No regulation
5391500077865,Cleanmarine for Men 600mg Marine Gelcaps 60 Pack,No regulation
0634158637421,Wild Nutrition Child's Strength Omega 3 60 Caps,No regulation
5034511010833,Green People Age Defy+ Retinal Booster Serum 10ml,No regulation
5055148414764,Lamberts Vegan Omega 3 Liquid 150ml,No regulation
0658556024553,Living Nutrition Rhodiola Alive 60 Capsules,No regulation
5060259570315,Gold Collagen Hydrogel Mask 4 Pack,No regulation
0658556117460,Planet Paleo Pure Gelatine 300g,No regulation
5000283663003,Cialis Together 10mg 4 Tablets,P
8445290113436,Vital Proteins Marine Collagen Sachet Box (10x10g),No regulation
5060571822895,The Good Guru Vegan Black Ginger Extract 90 Capsules,No regulation
8700216436311,Seven Seas Jointcare Max Glucosamine Duo Pack 30 Days,No regulation
0033984041103,Solgar Bilberry Berry Extract with Blueberry 60 Capsules,No regulation
5054563113559,Nexium Control 28 Tablets,P
8809083997083,SIORIS Cleanse Me Softly Milk Cleanser 200ml,No regulation
5016870224366,Kinetik Wellbeing Automatic Blood Pressure Monitor TMB-1970,No regulation
5060018515427,KIKI Health Organic Turkey Tail Extract Mushroom Powder 50g,No regulation
5060221910682,Symprove Daily Live & Bacteria Supplement Strawberry & Raspberry 500ml,No regulation
5060086610376,Optibac Probiotics for Every Day Extra Strength 30 Capsules,No regulation
5038483844403,Scholl Softgrip C2 Thigh Length Compression Hosiery Large Natural,No regulation
9335955004270,MooGoo Bakuchiol (1% w/v) Natural Retinol Substitute Active Serum,No regulation
0033984000582,Solgar Alpha-Lipoic Acid 200mg 50 Capsules,No regulation
5034511000063,Green People Alexandra Kay Time To Sleep Essential Oil Blend,No regulation
0020714240158,Clinique Liquid Facial Soap Extra Mild 200ml,No regulation
8594161370444,Enterosgel 225g,No regulation
5029354013578,Optima Organic Raw Virgin Coconut Oil 920g,No regulation
5060112861765,Fushi Organic Rosehip Oil 100ml,No regulation
5060927260234,BeYou Endo-Balance 90 Capsules,No regulation
0739090024800,Imidaflea 100mg Spot-On Solution 4-10kg 3 x 1.0ml,GSL
5060099030123,Odylique Ultra Rich Balm 175g,No regulation
0658010121033,Garden Of Life Vegan D3 Spray Vanilla 58ml,No regulation
5060035248100,Acne treatment - Treclin Gel 30g,P
5038581124537,Yankee Candle Advent Calendar 12x37g,No regulation
5707390040252,Pharma Nord Omega 7 Sea Buckthorn Oil 60 Capsules,No regulation
0083000261107,Nature's Answer Liquid Vitamin B-12 60ml,No regulation
0033984024618,Solgar Rutin 500mg 100 Tablets,No regulation
5060193641799,Bloom & Blossom Smooth Moves Stretch Mark Oil 150ml,No regulation
0033984036727,Solgar Whey To Go Protein Powder (Chocolate) 454g Powder,No regulation
0634158928604,Planet Paleo Pure Gelatine Small 200g,No regulation
5060571723086,UpCircle Organic Face Oil 30ml,No regulation
0033984023369,Solgar Resveratrol 250mg 30 Softgels,No regulation
5060571822437,The Good Guru Gold Shilajit Extract + Organic Ashwagandha KSM-66 90 Capsules,No regulation
5060193641782,Bloom & Blossom Elastic Fantastic Stretch Mark Cream 150ml,No regulation
5060018511597,KIKI Health Krill Oil 30 Capsules,No regulation
0797153999939,Feel Supreme Himalayan Shilajit Capsules 60 Capsules,No regulation
5034511000131,Green People Alexandra Kay Time To Smile Essential Oil Blend,No regulation
7322541406411,Tena PROskin Flex Large Maxi Pads 22 Pack,No regulation
5060018510347,KIKI Health Body Biotics for Children 30 Tablets,No regulation
5016695926889,Dymista Control Nasal Spray 120 Sprays,P
5017954001002,Novofine Needles 6mm 31G 100 Needles,No regulation
8718053572727,Nailner 2-In-1 Fungal Nail Brush 5ml,No regulation
0737870700104,Life Extension Pregnenolone 100mg 100 Capsules,No regulation
0768990027215,Nordic Naturals Children's DHA Fish Oil Berry Punch 90 Chewable Softgels,No regulation
0033984023031,Solgar Pycnogenol 30mg 30 Capsules,No regulation
3666057014871,Clarins One Step Facial Cleanser 200ml,No regulation
5060099031892,Odylique Body Pamper Gift Set,No regulation
0658556024614,Living Nutrition Your Flora Family with Banana & Baobab 60 Capsules,No regulation
5060193642635,Bloom & Blossom Body & Soul Wellness Set,No regulation
5038483844533,Scholl Softgrip C2 Below The Knee Compression Hosiery Extra Large Closed Toe Natural,No regulation
5056142606933,Protein World Vegan Blend Milk Chocolate 600g,No regulation
3574661557168,Nicorette Quickmist Smarttrack Single 13.2ml,GSL
0735850483184,Active Iron & B Complex Plus for Men - 30 Capsules & 30 Tablets,No regulation
0033984529083,Solgar Vitamin D3 (Cholecalciferol) 4000IU (100µg) 120 Capsules,No regulation
5055148411015,Lamberts BCAA (Branch Chain Amino Acids) 180 Capsules,No regulation
5060203791803,"Terranova Bilberry, Lutein & Astaxanthin Complex 50 Pack",No regulation
0658556117125,Mushrooms For Life Organic Turkey Tail 60 Capsules,No regulation
5055148413804,Lamberts Vitamins D3 2000iu & K2 90µg 90 Capsules,No regulation
3282770148671,Avène Mineral Fluid SPF50 40ml,No regulation
9335955005697,MooGoo Luscious Lippies Set,No regulation
5034511000124,Green People Alexandra Kay Time To Relax Essential Oil Blend,No regulation
0658556117149,Mushrooms For Life Organic Shiitake 60 Capsules,No regulation
0658556117132,Mushrooms For Life Organic Tremella 60 Capsules,No regulation
5060221910668,Symprove Daily Live & Bacteria Supplement Original Flavour 500ml,No regulation
5060202185047,Cytoplan Women's Wholefood Multi with Iron 60 Capsules,No regulation
8809738313244,Barr Super Green Deep Energy Ampoule,No regulation
5060112862694,Fushi Organic Argan Oil 100ml,No regulation
8809663751562,Mizon Collagen Power Lifting Emulsion 120ml,No regulation
0658556024706,Living Nutrition Organic Fermented Lemon Balm 60 Capsules,No regulation
9314839020759,QV Moisturising Cream for Sensitive Skin 1050g,No regulation
5055148404918,Lamberts Quercetin 500mg 60 Tablets,No regulation
5060193642734,Bloom & Blossom Snoozefest Sleep Gift Set,No regulation
5060203790790,Terranova Amino Freedom Protein Digestion Complex 50 Pack,No regulation
0658556117170,Mushrooms For Life Organic Reishi 60 Capsules,No regulation
7350005300111,Cocois Coconut Oil Compound Ointment 100g,GSL
0033984005570,Solgar Gold Specifics Cardiovascular Support 60 Tablets,No regulation
5056142604922,Protein World Whey Concentrate Strawberry Milkshake Powder 520g,No regulation
5060776980192,DR.VEGAN Vegan Omega 3 300mg DHA 150 EPA 60 Softgels,No regulation
4005900590367,Eucerin Hyaluron-Filler Vitamin C Booster 8ml,No regulation
3800219793888,Alteya Organic Luminous Rose Pure Moisture Face Cream 50ml,No regulation
9335955002962,MooGoo Milk Shampoo 1L,No regulation
5060216563923,Bioglan Beauty Collagen 90 Tablets,No regulation
0033984041394,Solgar Rhodiola Root Extract 60 Capsules,No regulation
7350038490148,Dynamic Code Chlamydia Test for Women,No regulation
8809990007462,Skybottle White Rain Perfumed Body Lotion 240ml,No regulation
5709976233201,Pharma Nord Bio-Curcumin 50 Capsules,No regulation
5060099031427,Odylique Rose Travel Set,No regulation
4005900908421,Eucerin Pigment Control Tinted Light SPF50,No regulation
5410765000804,Excilor Solution for Fungal Nail Infection Treatment 3.3ml,GSL
5060221910675,Symprove Daily Live & Bacteria Supplement Mango & Passion Fruit 500ml,No regulation
5025970015132,Nivea Feel Rejuvenated Advanced Anti-Age Skincare Set,No regulation
0658556024638,Living Nutrition Your Flora Regenesis 60 Capsules,No regulation
0739090024817,Imidaflea 250mg Spot-On Solution 10-25kg 3 x 2.5ml,No regulation
5025970009865,Nivea Men Match Day 8Pc,No regulation
0658556024799,Living Nutrition Organic Fermented Tranquillity 60 Capsules,No regulation
5060332531578,Lindens Health + Nutrition Garlic 1000mg 1000 Capsules,No regulation
5060203790813,Terranova Microbiome Woman 50 Veg Capsules,No regulation
5028392000892,Nutri Advanced Magnesium Glycinate 120 Tablets,No regulation
5025903224709,Fingertip Pulse Oximeter Measuring Spo2 & Pulse Rate,No regulation
0658556117187,Mushrooms For Life Organic Maitake 60 Capsules,No regulation
5060776980642,DR.VEGAN HeartPro 60 Capsules,No regulation
3800219793901,Alteya Organic Luminous Rose Iridescent Light Serum 30ml,No regulation
5060018514833,KIKI Health MSM Flakes 100 Vegicaps,No regulation
3380810304770,Clarins Mineral Sun Care Face Compact SPF30 11.5g,No regulation
5036631008554,Forceval Soluble 30 Tablets,No regulation
0615908951035,Tigi Bed Head Elasticate Shampoo & Conditioner Tween Duo 750ml 2 Pack,No regulation
5030451003676,Cetraben Emollient Cream 1050g,No regulation
5060776980888,DR. VEGAN Peri-MenoFriend 60 Capsules,No regulation
0033984002012,Solgar Vitamin B-Complex with Vitamin C 250 Tablets,No regulation
7350012553470,BioGaia Baby Drops for Immune System with Vitamin D 10ml,No regulation
5012616262166,Dermalex Scalp Psoriasis Treatment Gel 75g,No regulation
0658556116876,Botanicals For Life Organic Chamomile Extract 50ml,No regulation
4005800258404,Eucerin Hyaluron-Filler Moisture Booster 30ml,No regulation
3666057031281,Clarins Relaxing Bath & Shower Concentrate 200ml,No regulation
5060203790387,Terranova Vitamin C 250mg Multi-Ascorbate Complex (Non Acidic) 100 Capsules,No regulation
5031013107351,Higher Nature Aeterna Gold Collagen Drink 80g,No regulation
5060144757623,YuMOVE Digestive Care Probiotic & Fibre 180g,No regulation
5055148414818,Lamberts Vegan Omega 3 30 Capsules,No regulation
5031013109102,Higher Nature Pro-Immune 30 Capsules,No regulation
5031013103483,Higher Nature Advanced Glucose Support 90 Capsules,No regulation
5055148411060,Lamberts Acetyl L-Carnitine 500mg 60 Capsules,No regulation
5031013102387,Higher Nature Supergest 90 Capsules,No regulation
5031013101878,Higher Nature Chlorella 180 Tablets,No regulation
8006540176160,Olay Cleanse & Glow Cleansing Gift Set,No regulation
0054402700976,Australian Gold Rapid Tanning Intensifier Lotion 250ml,No regulation
5060927260227,BeYou Night Time Support 90 Capsules,No regulation
5010777139297,Salter Bamboo Electronic Scale,No regulation
5031013108730,Higher Nature Daily Nutrients for Immunity 28 Capsules,No regulation
3380810059106,Clarins Water Purify One-Step Cleanser 200ml,No regulation
5099299042445,Frontline Wormer for Dogs >17.5kg 2 Tablets,No regulation
0033984010390,Solgar Ester-C Plus 500mg Vitamin C 100 Capsules,No regulation
5060927260210,BeYou Monthly Cycle Support 90 Capsules,No regulation
0033984041141,Solgar Boswellia Resin Extract 60 Capsules,No regulation
5023652535008,Nature's Aid Marine Collagen Liquid 5000mg Tropical 500ml,No regulation
5407007651252,Bambaw Bamboo Safety Razor Classic Dark,No regulation
5060519147585,Pukka Inner Peace 60 Capsules,No regulation
5060018515496,KIKI Health Organic Irish Sea Moss 90 Vegicaps,No regulation
9349288140499,A'kin Brightening Rosehip Oil with Vitamin C 20ml,No regulation
5407007651269,Bambaw Bamboo Safety Razor Slim Dark,No regulation
3380811241104,Clarins Gentle Foaming Cleanser with Shea Butter 125ml,No regulation
5060018516622,KIKI Health Organic Slippery Elm 60 Vegicaps,No regulation
5060927260241,BeYou Bloatex Supports Natural Digestive Function 90 Capsules,No regulation
0054402290545,Australian Gold Instant Sunless Lotion 177ml,No regulation
5056142608180,Protein World Weight Gainer Protein Chocolate 1.61kg,No regulation
5055757901587,Fushi Organic Aloe Vera Juice 1000ml,No regulation
5023652575004,Nature's Aid Marine Collagen Liquid 5000mg Strawberry & Lime 500ml,No regulation
5425012531031,Remescar Silicone Scar Cream for Stretch Marks 100ml,No regulation
5060734420029,Rose & Caramel Intensity Bold & Bronzed Self Tanning Mousse 200ml,No regulation
5060018514659,KIKI Health Organic Moringa Vegicaps 120 Vegicaps,No regulation
9421023621767,Manuka Health MGO 250+ Kids Syrup 100ml,No regulation
5060503930001,LithoLexal Bone Health Osteoporotic 60 Tablets,No regulation
5060734420012,Rose & Caramel Velvety Dark Olive Self Tanning Mousse 200ml,No regulation
5400951990088,Wartner Pro Pen,GSL
0832826002216,ClearZal Antimicrobial Nail Solution 30ml,No regulation
5060018511733,KIKI Health Organic Psyllium Husk Powder 275g,No regulation
5060018512778,KIKI Health Organic Slippery Elm Powder 45g,No regulation
5031013108716,Higher Nature Aeterna Men Hair Complex 60 Capsules,No regulation
5021769917120,Technic Man Stuff Toiletry Advent Calendar,No regulation
5060018515533,KIKI Health Bovine Collagen Peptides Powder 200g,No regulation
5056142608173,Protein World Weight Gainer Protein Vanilla 1.61kg,No regulation
5060018512853,KIKI Health Organic Premium Ceremonial Matcha Powder 30g,No regulation
5060018515328,KIKI Health Organic Sea Kelp 90 Vegicaps,No regulation
0033984027145,Solgar Tonalin CLA 1300mg 60 Softgels,No regulation
5391520940750,Dermalex Rosacea Treatment 30g,No regulation
5391531560800,Spotlight Oral Care Spotlight Sonic Toothbrush Replacement Heads,No regulation
5060229012449,Pukka Clean Greens Powder 112g,No regulation
5060571720825,UpCircle Soy Candle Coffee Grounds 180ml,No regulation
5060571720795,UpCircle Body Cream with Date Seeds 120ml,No regulation
0017854117198,Baylis & Harding Citrus Lime & Mint Invigorating Wash & Prep Gift Set,No regulation
5060571720818,UpCircle Soy Candle Chai Spices 180ml,No regulation
5060571720542,UpCircle Face Moisturiser with Argan Powder 60ml,No regulation
5060571720948,UpCircle Night Cream with Hyaluronic Acid + Niacinamide 55ml,No regulation
3401343926755,Puressentiel Purifying Air Spray 200ml,No regulation
5060409330202,Zen CBD 300mg CBD Oil Spray Peppermint 20ml,No regulation
5055148412609,Lamberts Turmeric Fast Release 120 Tablets,No regulation
0033984307216,Solgar L-Carnitine 1500mg 473ml,No regulation
5413765911637,Scopoderm Travel Sickness 2 Patches,P
5060193641867,Bloom & Blossom Spritzy Toes Revitalising Leg & Foot Spray 100ml,No regulation
5060203790233,Terranova Folate (Methylfolate) 400Ug Complex 100 Pack,No regulation
5060202181681,Cytoplan Acidophilus Plus 30 Capsules,No regulation
96205297,Beauty Kitchen Pure Source Collagen Serum 10ml,No regulation
0753950001251,Doctor's Best Nattokinase 2000 FUs 90 Veggie Caps,No regulation
5054563022356,Voltarol Emulgel 1.16% Gel 180g,P
0739090024794,Imidaflea 80mg Spot-On Solution >4kg 3 x 0.8ml,GSL
0033984008151,Solgar Lit'l Squirts Children's DHA 90 Chewie-Gels,No regulation
0702811534537,Children's Daily Multi Nutrient 60 Capsules,No regulation
0610370613962,Magnesium 60 Capsules,No regulation
5034511002876,Green People Cooling Moisturiser 100ml,No regulation
5060280920370,FlexiSEQ Max Strength Osteo Gel 50g,No regulation
0859975020090,Andalou 1000 Roses Heavenly Night Cream 50g,No regulation
5031013100673,Higher Nature Alka Clear Powder 250g,No regulation
0083000005770,Nature's Answer Ashwagandha Root 60ml,No regulation
0033984003965,"Solgar Beta 1,3 Glucans 60 Tablets",No regulation
0033984009325,Solgar Coq-10 30mg 60 Capsules,No regulation
8594161370451,Enterosgel Sachets 10x15g,No regulation
5060203792923,Terranova Cordyceps 500mg 50 Pack,No regulation
8809367895678,Jumiso Have a Good Cream Snail & Centella 50g,No regulation
0658556117118,Mushrooms For Life Organic Cordyceps Perform Full Spectrum 60 Capsules,No regulation
5711782000021,AllMatters Menstrual Cup Size B,No regulation
6001159131007,Bio-Oil Body Lotion 250ml,No regulation
8809743540420,Mizon Hyaluronic Acid 100 30ml,No regulation
5060202181384,Cytoplan 5-HTP Plus 60 Capsules,No regulation
0634158970023,Planet Paleo Organic Bone Broth Collagen Protein Herbal Defence 10 Pack,No regulation
3380810205251,Clarins Gentle Foaming Cleanser with Tamarind Combination/Oily Skin 125ml,No regulation
4005800147319,Eucerin Sun Photoaging Control Fluid SPF30 50ml,No regulation
0634158969997,Planet Paleo Organic Bone Broth Collagen Protein Golden Turmeric 10 Sachets,No regulation
8809408731279,Dr. Oracle 21 Stay A-Thera Cleansing Foam 100ml,No regulation
5038483844496,Scholl Softgrip C2 Below The Knee Compression Hosiery XL Closed Toe Black,No regulation
0658556024607,Living Nutrition Organic Your Flora Sensitive 60 Capsules,No regulation
3411113040956,Douxo Care Auricular Lotion 125ml,No regulation
5031013104404,Higher Nature Pro-Intensive 30 Capsules,No regulation
3282779296656,Avène Eau Thermale Limited Edition Kit,No regulation
8009722008600,Peptivet Foam 100ml,No regulation
8809567925199,Barr Centella Calming Gel Essence 60ml,No regulation
5055148415167,Lamberts Multi-Guard Control 120 Tablets,No regulation
5031013108723,Higher Nature Aeterna Men Skin Complex 60 Capsules,No regulation
5011417572733,Scholl Lower Back Pain Relief Insole Large,No regulation
4103040027993,Sebamed Anti-Hairloss Intensive Foam 70ml,No regulation
9335955001927,MooGoo Natural Tanning Mouse 200ml,No regulation
0705928002005,NeilMed Sinus Rinse 120 Premixed Sachets,No regulation
5021265223404,Vitabiotics Wellwoman Original 90 Capsules,No regulation
5391500071337,Cleanmarine Krill Oil High Strength 590 Marine Gelcaps 60 Pack,No regulation
5707637270206,Pharma Nord Bio-Biloba 100mg 60 Tablets,No regulation
5701170343878,TrizAural Solution 118ml,No regulation
3380810033663,Clarins Toning Lotion with Iris Alcohol Free 200ml,No regulation
5010415230300,Tommee Tippee Bath'n'room Thermometer,No regulation
5021265223398,Vitabiotics Perfectil Plus Tablets & Capsules 28+28 Pack,No regulation
0033984000353,Solgar Natural Source Advanced Carotenoid Complex 60 Softgels,No regulation
0020714974817,Clinique Dramatically Different Hydrating Jelly 50ml,No regulation
0897762000726,A'kin Intense Hydration Day & Night Cream 50ml,No regulation
0033984020658,Solgar Omnium 30 Tablets,No regulation
0610370601532,Vitamin C 60 Capsules,No regulation
5060203790103,Terranova Astaxanthin 4mg Complex 50 Pack,No regulation
7649988673467,Frank Fruities Immunity Fruit 80 Gummies,No regulation
5036631007557,Hydromol Cream 500g,No regulation
8006540154465,Pantene Hair Treatment Menopause 100ml,No regulation
0054402290538,Australian Gold Gradual Build Sunless Lotion 177ml,No regulation
5034511002616,Green People Quinoa & Artichoke Shampoo 200ml,No regulation
5055565743782,Vardenafil Accord 5mg 4 Tablets,P
8711744045869,Excilor 2-In-1 Wart & Verruca Treatment,GSL
5060112860003,Fushi Really Good Vitamin E Oil 50ml,No regulation
5034511002623,Green People Quinoa & Artichoke Conditioner 200ml,No regulation
8700216181587,Seven Seas Pregnancy Stage 2 4 Week Pack 28 Capsules + 28 Tablets,No regulation
7649988794575,Frank Fruities Skin Hair & Nails 80 Gummies,No regulation
5060546080978,&SISTERS Period Pants S/M Size 10-12,No regulation
3574661744001,Piz Buin Travel Gift Set,No regulation
0033984035065,Solgar Vitamin E 134mg (200IU) 100 Softgels,No regulation
0033984362147,Solgar Beta Glucans & Elderberry Immune Complex Vegetable Capsules 60 Pack,No regulation
4005800033124,Eucerin Sun Allergy Protect Sun Gel-Cream SPF50+ 150ml,No regulation
0020714015459,Clinique All About Clean Foaming Cleanser Mousse 150ml,No regulation
5034511001480,Green People Intensive Repair Conditioner Green Tea & Orange Peel 200ml,No regulation
0634158969966,Planet Paleo Organic Bone Broth Collagen Protein Pure 10 Sachets,No regulation
5060552880982,Neubria Neubiotic Baby & Kid 30 Sachets,No regulation
3282770138856,Avène Tolérance Control Soothing Skin Recovery Balm 40ml,No regulation
5391520940736,Dermalex Psoriasis Treatment 60g,No regulation
0033984041066,Solgar Astragalus Root Extract 60 Capsules,No regulation
5060546081012,&SISTERS Period Pants L/XL Size 14-16,No regulation
5060519146717,Pukka Active Tea Selection Box 45 Tea Bags,No regulation
3282770397680,Avène Ultra Fluid Oil Control SPF50 50ml,No regulation
7322541041193,Tena PROskin Slip Medium Plus Pads 30 Pack,No regulation
5056142607343,Protein World Pre Workout Creatine Monohydrate Powder 500g,No regulation
5011417572757,Scholl Orthotic Lower Back Pain Insole S Pair,No regulation
5017123001765,Migraine treatment - Crescent Sumatriptan 100mg 6 Tablets,P
9343345000436,Optimel Manuka Honey Eyelid Cream 15g,GSL
5430002859002,Odyskin Natural Sunscreen SPF30 75ml,No regulation
5060203790882,Terranova Organic Omega 3-6-7-9 Oil Blend 250ml,No regulation
5055148412098,Lamberts Lecithin Granules 250g,No regulation
5060623371739,Migraine treatment - Torrent Sumatriptan 100mg 6 Tablets,P
4005900552372,Eucerin Anti-Pigment Spot Corrector 5ml,No regulation
3605874646483,Sonotix Solution 120ml,No regulation
0739090024787,Imidaflea 40mg Spot-On Solution <4kg 3 x 0.4ml,GSL
5027314498571,Bio-Kult Mind Advanced 60 Capsules,No regulation
5034511006409,Green People Organic Babies Silent Night Calming Lavender Gift Set,No regulation
0658556024829,Living Nutrition Organic Fermented Night Time 60 Capsules,No regulation
5026468000173,Phoenix Healthcare Paracetamol Suppositories 120mg 10 Pack,P
5060546080893,&SISTERS Period Pants XS/S Size 6-8,No regulation
0033984005709,Solgar Max L-Carnitine 500mg 30 Tablets,No regulation
5011309032017,Flexitol Nourishing Foot Cream 485g,No regulation
5060259572258,Gold Collagen Anti-Ageing Lip Volumiser,No regulation
5055148411251,Lamberts Myo-Inositol 200g Powder,No regulation
5999887678455,OSI Magnesium Good Night Melatonin Body Lotion + OptiMSM 200ml,No regulation
7322540647204,Tena PROskin Slip Medium Maxi Pads 24 Pack,No regulation
5060776980468,DR.VEGAN GlucoBalance Blood Glucose Control,No regulation
5060202181377,Cytoplan L-Glutamine 100g Powder,No regulation
5011417568675,E45 Eczema Repair Cream 200ml,GSL
0020714462765,Clinique Clarifying Lotion 2 200ml,No regulation
5015366000262,Constipation relief - Dioctyl 100mg 100 Capsules,P
8901175042999,Migraine treatment - Milpharm Sumatriptan 100mg 6 Tablets,P
3282770392654,Avène Ultra Fluid Invisible SPF50 50ml,No regulation
8809663751739,Mizon Snail Repair Eye Cream 25ml,No regulation
3282770392692,Avène Ultra-Broad Spectrum Tinted Fluid SPF 50+ 50ml,No regulation
7322540696035,Tena PROskin Comfort Plus Pads 46 Pack,No regulation
5016379222009,Emulsiderm Emollient 1000ml,P
5060203793265,Terranova Ginkgo Leaf 500mg 50 Capsules,No regulation
5060203793500,Terranova Rhodiola 300mg 50 Pack,No regulation
0634158987571,"Botanicals 4 Life Echinacea, Elderberry & Olive Leaf Extract 100ml",No regulation
5055148413644,Lamberts Neuro-Logical PEA (Palmitoylethanolamide) 60 Capsules,No regulation
0083000261329,Nature's Answer Vitamin D3 4000IU Drops 15ml,No regulation
5060202183722,Cytoplan Celadrin Topical Cream 50ml,No regulation
5060086610383,Optibac Probiotics Bifidobacteria & Fibre 30 Sachets,No regulation
5060776980208,DR.VEGAN Pregnancy Multinutrient 60 Capsules,No regulation
5060546080992,&SISTERS Period Pants M/L Size 12-14,No regulation
8809566990969,Benton Let's Carrot Moisture Cream 50g,No regulation
0658556024621,Living Nutrition Your Flora Gold Spice with Ginger & Turmeric 60 Capsules,No regulation
9327693007088,Sukin Purely Ageless Hydration Elixir 25ml,No regulation
5036072001367,Migraine treatment - Dr. Reddy's Sumatriptan 100mg 6 Tablets,P
5060203791780,"Terranova Astragalus, Elderberry & Garlic Complex 100 Pack",No regulation
5060519147608,Pukka Mind Focus 60 Capsules,No regulation
5025903027263,Nutri Within Bio Cultures Complex 365 Capsules,No regulation
4005800033094,Eucerin Sun Sensitive Protect Kids SPF50+ 200ml,No regulation
5034511001473,Green People Intensive Repair Shampoo Green Tea & Orange Peel 200ml,No regulation
8001090716316,Olay Anti-Wrinkle Skin Gift Set,No regulation
5060203791865,"Terranova Ginkgo, Rhodiola & Choline Complex 50 Pack",No regulation
5034445001235,The Eye Doctor Premium Compress,No regulation
5060203796280,Terranova QuerceSol Quercetin Complex 50 Veg Capsules,No regulation
3380810033618,Clarins Extra-Comfort Toning Lotion with Aloe Vera 200ml,No regulation
5031013103735,Higher Nature Thyroid Support Formula 60 Capsules,No regulation
5031013109461,Higher Nature Mexican Wild Yam Cream 90ml,No regulation
5031013105739,Higher Nature Quercetin & Bromelain 60 Tablets,No regulation
5031013108563,Higher Nature Ashwagandha & Rhodiola 30 Capsules,No regulation
5060332534265,Lindens Health + Nutrition Aloe Vera 6000mg 360 Tablets,No regulation
0033984001503,Solgar L-Arginine 1000mg 90 Tablets,No regulation
5036631001494,Macushield 30 Capsules,No regulation
5031013103650,Higher Nature Nutrition for Healthy Veins 90 Capsules,No regulation
0033984017917,Solgar Nac (N-Acetyl Cysteine) 600mg 60 Capsules,No regulation
5060332531233,Lindens Health + Nutrition Vitamin B12 1000mcg Sublingual 365 Tablets,No regulation
8809514550320,Rated Green Cold Press Tamanu Oil Soothing Scalp Pack 200ml,No regulation
8809514550313,Rated Green Cold Press Avocado Nourishing Scalp Pack 200ml,No regulation
5055148411657,Lamberts Eyewise Omega 3 60 Capsules,No regulation
5055148410308,Lamberts Eyewise 60 Tablets,No regulation
0839573002193,Grahams Natural Bath Oil 250ml,No regulation
3800219792614,Alteya Organic Balancing Moisturizing Toner Rose Jasminium 150ml,No regulation
5060734420043,Rose & Caramel Purity Tan Removing Bubble Bath 500ml,No regulation
3380810373134,Clarins Fix Makeup Spray 50ml,No regulation
5060571720566,UpCircle Clarifying Face Mask with Olive Powder 60ml,No regulation
5060519148049,Pukka Turmeric Active 60 Capsules,No regulation
5060391845944,Pure Gold Premium Select Manuka Honey 85mgo 375g,No regulation
5028392000205,Nutri Advanced Vitamin C 1000mg Time Release 90 Tablets,No regulation
0033984035461,Solgar Vitamin E 268mg (400IU) 50 Softgels,No regulation
5021265243648,Vitabiotics Wellman Skin Technology 60 Tablets,No regulation
5410765001726,Excilor Nail Fungus Treatment Pen,No regulation
0033984000155,Solgar Acetyl-L-Carnitine 250mg 30 Capsules,No regulation
0859975002508,Andalou Purple Carrot+ C Luminous Night Cream 50g,No regulation
5054563217035,Voltarol Medicated Plaster 5's 140mg,P
0017854117310,Baylis & Harding Sweet Mandarin & Grapefruit Luxury Gift Set,No regulation
0033984027916,Solgar Vegetarian Multiple 90 Capsules,No regulation
8809581075337,Beaudiani Moist Serum 50ml,No regulation
8720618589040,Flexitol Freeze-it Verruca & Wart Treatment 50ml,GSL
4005800108440,Eucerin Anti Redness Soothing Care 50ml,No regulation
5709976093508,Pharma Nord Bio-Marine Plus 150 Capsules,No regulation
3282770388909,Klorane Peony Soothing Rich Cream 40ml,No regulation
5060363050383,Tom Oliver Nutrition Magnesium Taurate 60 Pack,No regulation
4005800108433,Eucerin Anti Redness Day Cream SPF30 50ml,No regulation
8809663751555,Mizon Collagen Power Lifting Toner 120ml,No regulation
9337213007085,Conceive Plus Women's Fertility Support 60 Capsules,GSL
5034511001961,Green People Soothing Shaving Gel 100ml,No regulation
5060571820990,The Good Guru Vegan Protein Powder Vanilla 500g,No regulation
5060519146786,Pukka Organic Tea Selection Box 45 Sachets,No regulation
5060203795443,Terranova Vegan Collagen & Hyaluronic Acid Complex 50 Capsules,No regulation
5070000991207,R.Y.M. KSM-66 Ashwagandha 600mg 30 Capsules,No regulation
5060571822420,The Good Guru Shilajit Extract 1200mg 90 Capsules,No regulation
5055148404376,Lamberts Maximum Strength Colladeen (Antocyanidins 160mg) 60 Tablets,No regulation
5034511001770,Green People Foaming Face Wash 100ml,No regulation
0083000261732,Nature's Answer Liquid Magnesium Malate & Glycinate 480ml,No regulation
5060571822260,The Good Guru Shilajit Resin 20g,No regulation
5038483844472,Scholl Softgrip C2 Below The Knee Compression Hosiery Medium Closed Toe Black,No regulation
5060018511245,KIKI Health Premium MSM Powder 200g,No regulation
5407007651276,Bambaw Bamboo Safety Razor Slim Silver,No regulation
3662042000041,Nutrof Total 30 Capsules,No regulation
0033984041615,Solgar Turmeric Root Extract 60 Vegetable Capsules,No regulation
0659436249004,HotTea Mama Pregnancy Wellness Tea Set,No regulation
5055148413682,Lamberts Glucosamine Complete 120 Tablets,No regulation
5701170340358,Cleanaural Ear Cleaner Dog 100ml,No regulation
8809566990044,Benton Tea Tree Mist 80ml,No regulation
0033984017368,"Solgar Skin, Nails & Hair Formula 120 Tablets",No regulation
0659436249028,HotTea Mama New Mama Wellness Tea Set,No regulation
5711782000038,AllMatters Menstrual Cup Size Mini,No regulation
0017854118577,Baylis & Harding The Fuzzy Duck Men's Wash Bag Set,No regulation
5701170340372,Cleanaural for Sensitive Dog 100ml,No regulation
8713975500254,Minami MorDHA Kids 3+ Omega-3 60 Capsules,No regulation
0659436249035,HotTea Mama Sleep Saviour Wellness Tea Set,No regulation
5407007650323,Bambaw Metal Safety Razor Black,No regulation
5055148412661,"Lamberts Turmeric 20,000mg 60 Tablets",No regulation
5055148412029,Lamberts TurMemoric Turmeric Extract with Lutein & Rosemary 60 Tablets,No regulation
8809408730715,Dr. Oracle Radicalclear Mild Peel Pearl Bright 100ml,No regulation
5060193642611,Bloom & Blossom The Glow Getter Ultimate Body Care Set,No regulation
5031013104923,Higher Nature Organic Virgin Coconut Oil 400g,No regulation
5410765003058,Wartner Cryo Freeze,GSL
5028392002445,Nutri Advanced Probotix Daily 5 Live,No regulation
8809083997069,Sioris Day By Day Cleansing Gel,No regulation
0074312007422,Nature's Bounty Healthy Hair with Keratin 60 Capsules,No regulation
5031013108747,Higher Nature Daily Nutrients for Calm 28 Capsules,No regulation
5023652532250,Nature's Aid Collagen Shake Powder 8000mg Vanilla 225g,No regulation
5023652542259,Nature's Aid Collagen Shake Powder 8000mg Chocolate 225g,No regulation
3282770154580,Avène Xeracalm Lipid-Replenishing Cream 200ml,No regulation
3574660446791,Nicorette Icy White Gum 4mg 105 Pack,GSL
5407007651221,Bambaw Metal Safety Razor Rainbow,No regulation
7350087736365,E45 Dermatitis Cream 50ml,No regulation
7618900970014,Mavala Mava-Med Fungal Nail Solution 5ml,No regulation
5060361080627,Visuxl Eye Drops 10ml,No regulation
5407007651214,Bambaw Metal Safety Razor Pink,No regulation
5060571721785,UpCircle Cleansing Face Milk - Aloe Vera & Oat Powder 120ml,No regulation
4005800147326,Eucerin Sun Photoaging Control Fluid SPF50 50ml,No regulation
8809083996345,Sioris My Soft Grain Scrub 45g,No regulation
5028392002377,Nutri Advanced Iodine Tincture (Liposomal) 50ml,No regulation
4064666045719,Nioxin for Chemically Treated Hair with Progressed Thinning System 6 Trial Kit,No regulation
5060571721259,UpCircle Hand Cream with Upcycled Hibiscus Flowers 75ml,No regulation
5999887678028,Osi Magnesium Body Butter + OptiMSM Lavender 200ml,No regulation
5430002859019,Odyskin Natural Sunscreen SPF50 75ml,No regulation
7613036912990,SMA Pro First Infant Milk From Birth 800g,No regulation
7613038394985,SMA Pro Toddler Milk 1-3 Years Formula 800g,No regulation
7613287224996,SMA Gold Prem 2 Post Discharge Formula 800g,No regulation
4006000100654,Eucerin Urea Repair Night Face Cream 50ml,No regulation
5000158063464,FyboGel Orange 2x30 Sachets,GSL
4005900871237,Eucerin DermoPurifyer Triple Effect Serum 40ml,No regulation
5060193642710,Bloom & Blossom Better Together Hand & Lip Gift Set,No regulation
4717095034464,GlucoRx GO + GlucoRx Nexus Test Strips 50 Pack,No regulation
0017854117617,Baylis & Harding Limited Edition Moonlight Fig Perfect Pamper Gift Set,No regulation
5055148412562,Lamberts Florisene 90 Tablets,No regulation
5060332535651,Lindens Health + Nutrition Vitamin C+ 1000mg Time Release 360 Tablets,No regulation
5709976162204,Pharma Nord StatiQinon 60 Capsules,No regulation
9327693007590,Sukin Blemish Control Kit,No regulation
3574660413076,Nicorette Chewing Gum 4mg Original 105 Pack,GSL
5060571721907,UpCircle Conditioner Crème with Rosemary Oil & Bamboo Extract 100ml,No regulation
5060704340524,Acala The Detox Pamper Bag,No regulation
5701943100875,Riemann P20 Kids Sun Cream Pump SPF 50+ 100ml,No regulation
3282770072655,Avène Very High Protection Anti-Aging SPF50+ 50ml,No regulation
5060203791889,Terranova Beta Glucans Astragalus & Vitamin C 50 Vegetarian Capsules,No regulation
5027314497383,Bio-Kult Brighten Formulation 60 Capsules,No regulation
5011417573556,Scholl Verruca & Wart Complete Treatment Pen 2ml,No regulation
5055148414948,Lamberts Night Time Herbal Complex 60 capsules,No regulation
5060571721778,UpCircle Shampoo Crème with Coconut & Grapefruit Oil 100ml,No regulation
5060562640019,Birch & Wilde Organic Ashwagandha 60 Day Supply 120 Capsules,No regulation
0083000007088,Nature's Answer Bitters & Ginger 60ml,No regulation
3380810304817,Clarins Mineral Sun Care Fluid SPF30 30ml,No regulation
8700216181631,Seven Seas Breastfeeding Stage 3 4 Week Pack 28 Capsules + 28 Tablets,No regulation
5060571721174,UpCircle SPF 25 Mineral Sunscreen 60ml,No regulation
0017854118638,Baylis & Harding Goal Shoot Out Bathtime Fun Kit,No regulation
5016189355010,Unifine Pentips 5mm 31G Needles,No regulation
0724742010522,Alba Botanica Face Sunscreen Lotion SPF50 59ml,No regulation
5430000934961,Bambaw Metal Safety Razor Silver,No regulation
5060086610956,Optibac Probiotics for Pregnancy 30 Capsules,No regulation
5060112861758,Fushi Organic Jojoba Oil 100ml,No regulation
9335955000210,MooGoo Pigmentation Brightening Moisturiser 75g,No regulation
5055148405472,Lamberts Oracomega 120 Capsules,No regulation
5055148411077,Lamberts L-Carnitine 500mg 60 Capsules,No regulation
5060571822048,The Good Guru Vegan Collagen 90 Capsules,No regulation
5056585803555,Scholl Freeze Verruca & Wart Remover 80ml,GSL
5020465125600,Acnecide 5% w/w Gel 60g,P
3574660619775,Nicorette Quickmist Single 1mg,GSL
5010724529287,Replens Md Rx Longer Lasting Vaginal Moisturiser 5.9g 12 Pack,GSL
0033984009172,Solgar Ultimate Calm Daily Support 30 Capsules,No regulation
5999887678479,Osi Magnesium Body Butter + OptiMSM Lemongrass 200ml,No regulation
5055148407001,Lamberts Colladeen Derma Plus 60 Tablets,No regulation
5060031470871,Activon Tulle with Medical Grade Manuka Honey 5cm x 5cm,No regulation
5391537750038,Aloeze Aloe & Oatmeal Shampoo 500ml,No regulation
5060552880043,Neubria Drift Sleep Formula 60 Capsules,No regulation
3614224084028,Lancaster Sun Sensitive Delicate Soothing Body Milk SPF50 125ml,No regulation
5031013104084,Higher Nature Arginine 120 Capsules,No regulation
0015594011516,Astroglide x Premium Silicone Liquid 148ml,No regulation
5055148414344,Lamberts Collagen Perfecting Complex 90 Tablets,No regulation
5060704340494,Acala Make Your Own Face Cream Kit,No regulation
5060571720771,UpCircle Face Toner with Mandarin & Chamomile 100ml,No regulation
5034511001589,Green People Neutral Scent Free Rejuvenating Eye Cream 10ml,No regulation
5060203793845,Terranova Quercetin Nettle Complex 50's,No regulation
5060202180486,Cytoplan Pregna-Plan 60 Tablets,No regulation
5060202181445,Cytoplan Adrenal Support 60 Capsules,No regulation
5055148412784,Lamberts Vegan Dha 250mg 60 Capsules,No regulation
0658556117101,Mushrooms For Life Organic Lion's Mane Focus Full Spectrum 60 Capsules,No regulation
5055946808819,Emla 5% Cream with Applicator 30g,P
3425201367627,Urban Tonic Deluxe Pomade 100ml,No regulation
0017854105942,Baylis & Harding Sweet Mandarin & Grapefruit Bag Gift Set,No regulation
5060203791513,Terranova Advanced Synergy Multivitamin 50's,No regulation
0634158987588,Botanicals 4 Life Echinacea & Elderberry Extract 100ml,No regulation
4031626711830,Hycosan Shield Eye Drops 3ml,No regulation
5060571721266,"UpCircle Bath Salts with Epsom, Sea & Himalayan Pink Salt 350g",No regulation
0033984512832,Solgar Bilberry Horse Chestnut Complex 60 Capsules,No regulation
0020714462758,Clinique Clarifying Lotion 1 200ml,No regulation
3596200086885,Weleda Sensitive Soothing Moisturiser Light 30ml,No regulation
7702018550906,Gillette Venus Limited Edition Spa Breeze Shaving Set,No regulation
5060203790875,Terranova Microbiome Travel 50's,No regulation
5060216563930,Bioglan Collagen Gummies (60 Tabs),No regulation
8809367895661,Jumiso Yes I Am Toner AHA 5% 150ml,No regulation
3282770390315,Avène Cleanance Micellar Water 400ml,No regulation
0658556117200,Mushrooms For Life Organic Cordyceps 60 Capsules,No regulation
7350082940378,Swiss Clinic Micellar Cleansing Gel 125ml,No regulation
5060428199590,Vital Baby Protect Healthcare Kit,No regulation
5031013101830,Higher Nature Energise 90 Tablets,No regulation
5031013101397,Higher Nature Bio Minerals 90 Tablets,No regulation
0054402720080,Australian Gold Botanical SPF15 Lotion 147ml,No regulation
5031013108792,Higher Nature Daily Nutrients for Energy & Vitality 28 Strips,No regulation
7350087736372,E45 Psoriasis Cream 50ml,GSL
5055148411503,Lamberts Probioguard 60 Capsules,No regulation
5055148404017,Lamberts Ginkgo 6000mg Extra High Strength 180 Tablets,No regulation
5060776980130,DR.VEGAN Screen Eyes Vision Health 60 Capsules,No regulation
5023652370098,Nature's Aid Collagen Beauty Formula 90 Capsules,No regulation
5031013108761,Higher Nature Daily Nutrients for a Restful Night 28 Strips,No regulation
5060018515069,KIKI Health Black Seed Oil 125ml,No regulation
8809447251783,Dr.Althea To Be Eyeconic Eye Serum 25ml,No regulation
0705928001008,NeilMed Sinus Rinse Kit 60 Premixed Sachets,No regulation
7350082940170,Swiss Clinic Hydrating Eye Drops 15ml,No regulation
3220660282401,Safety 1st Newborn Care Vanity Pack,No regulation
8809236796617,Sioris Bring The Light Serum 35ml,No regulation
5055148412166,Lamberts Multiguard Osteoadvance Multi-Vitamin & Minerals 120 Tablets,No regulation
3282770203523,Avène Antirougeurs Day Soothing Emulsion SPF 30 40ml,No regulation
0033984040243,Solgar Saw Palmetto Opuntia & Lycopene Complex 50 Capsules,No regulation
8809514550290,Rated Green Cold Brew Rosemary Balancing Scalp Pack 200ml,No regulation
8809540510237,Benton Aloe Bha Skin Toner 200ml,No regulation
0033984020276,"Solgar Omega 3-6-9 Fish, Flax, Borage 60 Softgels",No regulation
5000243503165,Minami MorEPA Kids 6+ Omega-3 60 Capsules,No regulation
5025903026136,Nutri Within Apple Cider Vinegar Supplements 600mg,No regulation
8006540687383,Seven Seas Omega 3 & Multivitamins Woman 30 Day Duo Pack,No regulation
0033984022058,Solgar Phytosterol Complex 100 Softgels,No regulation
5010123718220,Nicorette Freshmint 105 4mg Gums,GSL
4032129107410,Adcal-D3 Fruit Flavoured 112 Chewable Tablets,P
5055148409135,"Lamberts Omega 3, 6 & 9 Plus Vitamin D3 5g 120 Capsules",No regulation
5430000934985,Bambaw Metal Safety Razor Rose Gold,No regulation
5027314502568,Bio-Kult Candea 60 Capsules,No regulation
5010249053151,FSC 5-HTP 100mg Formula 60 Capsules,No regulation
5051562033802,Voltarol 12hr Emulgel 100g,P
5060203792992,Terranova Cranberry 300mg 100 Pack,No regulation
0033984041448,Solgar Nettle Leaf Extract 60 Capsules,No regulation
4020829005747,Dr. Hauschka Quince Day Cream 30ml,No regulation
3380810258257,Clarins My Clarins Re-Fresh Hydrating Beauty Mist 100ml,No regulation
0074312000065,Nature's Bounty Coq-10 125mg with Vitamin C 60 Gummies,No regulation
5060310353093,Indigo Herbs Ashwagandha Tincture 100ml,No regulation
3574660710670,Nicorette Cools Mint 4mg 80 Lozenges,GSL
5023652298064,Nature's Aid Krill Oil 500mg 60 Capsules,No regulation
5060203794392,Terranova Green Child Living Multivitamin 100 Pack,No regulation
5060203792596,Terranova Astragalus 500mg 100 Capsules,No regulation
5013455040106,Weleda Arnica Massage Balm 100ml,No regulation
0634158637674,Wild Nutrition Digestive Enzyme 90 Capsules,No regulation
5060552880050,Neubria Charge Energy Formula,No regulation
0033984011977,Solgar Garlic Powder 500mg 90 Capsules,No regulation
0634158637261,Vitamin D 30 Capsules,No regulation
5034511001633,Green People Moisturising Shampoo 200ml,No regulation
5034511029392,Green People OY! Clear Skin Purifying Serum 30ml,No regulation
5034511001503,Green People Moisturising Shower Gel 200ml,No regulation
4001638080194,Weleda Iris Hydrating Facial Lotion 30ml,No regulation
8809408731187,Dr. Oracle Radicalclear Enzyme Powder Wash,No regulation
5027519008612,PreserVision 120 Tablets,No regulation
5028392002674,Nutri Advanced Berberine 250 60 Caps,No regulation
5034511001749,Green People Moisturising Conditioner 200ml,No regulation
5060519147561,Pukka Night Time 60 Capsules,No regulation
5060776980116,DR.VEGAN MenoFriend Menopause Support 60 Capsules,No regulation
0083000006531,Nature's Answer Olive Leaf Extract 60ml,No regulation
0859975002447,Andalou Acai+ Kombucha Oil-Free Moisturiser 50g,No regulation
5011417572788,Scholl Orthotic Foot Insole 1 pair Medium,No regulation
0873024001045,Ener-C Variety Pack 30 Sachets,No regulation
8806158588634,SIORIS Falling Into The Rose Mist 100ml,No regulation
0017854109773,Baylis & Harding Sweet Mandarin & Grapefruit Slipper Gift Set,No regulation
5060332530175,Lindens Health + Nutrition Zinc Citrate 50mg 1000 Tablets,No regulation
5056142607787,Protein World Ultra Beauty 90 Capsules,No regulation
5011417572764,Scholl Orthotic Foot Insole 1 pair Large,No regulation
5060193641713,Bloom & Blossom Pyjamarama Dry Body Oil 100ml,No regulation
5060553660002,Ostoniq Pain Relief Cream 60g,GSL
5011417572771,Scholl Orthotic Foot Insoles 1 pair Small,No regulation
3701129804063,Bioderma Photoderm Kid SPF50+ Spray 200ml,No regulation
0873024001328,Ener-C Mixed Berry Sugar Free 30 Sachets,No regulation
3282770208788,Avène Hydrance SPF30 Light 40ml,No regulation
8809743540635,Mizon Snail Wrinkle Care Sleeping Mask 80ml,No regulation
0873024001304,Ener-C Orange Sugar Free 30 Sachets,No regulation
3800219790412,Alteya Organic Rose Otto Facial Toner Bio Damascena 200ml,No regulation
0020714227685,Clinique All About Clean Liquid Facial Soap 200ml,No regulation
0017854110397,Baylis & Harding Wild Fig & Pomegranate Wash Bag Set,No regulation
8718309700041,Mycosan Fungal Nail Treatment Kit,No regulation
0873024001038,Ener-C Tangerine/GrapeFruit 30 Sachets,No regulation
5060332530410,Lindens Health + Nutrition Magnesium (MgO 500mg) 500 Tablets,No regulation
5060332535187,Lindens Health + Nutrition Cod Liver Oil 1000mg 360 Capsules,No regulation
5999887678561,Osi Magnesium Cooling Massage Lotion 200ml,No regulation
5034445001020,Clinitas Antibacterial Eye Compress,GSL
8429979425645,Sesderma C-Vit Cc Cream SPF15 30ml,No regulation
5060202180547,Cytoplan Cherry C Wholefood Vitamin C 200mg 60 Capsules,No regulation
4005800264856,Eucerin Dry Touch Sun Gel-Cream SPF50+ 200ml,No regulation
0033984007529,Solgar Advanced Acidophilus 100 Capsules,No regulation
5010249011267,FSC Vitamin E (D-Alpha-Tocopherol) 400IU 90 Capsules,No regulation
5060571720146,UpCircle Coffee Body Scrub with Peppermint 220ml,No regulation
0615908950991,Tigi Bed Head Rehab Shampoo & Conditioner 2x750ml,No regulation
5060571721006,UpCircle Hand + Body Lotion with Bergamot Water 250ml,No regulation
5060571720139,UpCircle Coffee Body Scrub with Lemongrass 220ml,No regulation
5031013108594,Higher Nature Pro-Digestion 60 Capsules,No regulation
3474636574681,Redken Frizz Dismiss Conditioner 500ml,No regulation
5034511000223,Green People Daily Aloe Shampoo 200ml,No regulation
5055148400491,Lamberts Pure Starflower Oil 1000mg 90 Capsules,No regulation
5034511002920,Green People 10 Itch Away Shampoo 150ml,No regulation
8809514550306,Rated Green Cold Brew Moisturising Scalp Pack with Hibiscus 200ml,No regulation
5034268009043,ProVen Probiotics Acidophilus & Bifidus with Digestive Enzyme 30 Capsules,No regulation
5060069281883,Clearpore Waterproof Adhesive Dressing 10x10cm 50 Pack,No regulation
3801304010088,Kikka Boo Manual Breast Pump Elsie,No regulation
5060552880975,Neubria Neubiotic Bifido and Fibre 30 Sachets,No regulation
5034511001848,Green People Neutral Scent Free Shower Gel 200ml,No regulation
0658010120999,Garden Of Life B12 spray Raspberry 58ml,No regulation
5060203790202,Terranova B-Complex w/vitamin C 100 Pack,No regulation
5034268006073,ProVen Probiotics Urgent-C Everyday Immune Support 30 Sachets,No regulation
5025970012780,Nivea Ladies Gift Set Glow Q10,No regulation
5060552881460,Neubiotic Her Female Probiotic for Women 30 Vegan Capsules,No regulation
5060776980123,DR.VEGAN Stay Calm Manage Stress & Anxiety 60 Capsules,No regulation
0859975020052,Andalou 1000 Roses Absolute Serum 50g,No regulation
5701170447361,Malacetic Aural 118ml,No regulation
5060291420180,Nursem Caring Hand Cream 300ml,No regulation
5034268009050,ProVen Biotics for Womens 30 Capsules,No regulation
5060342240538,GlucoRx HCT Blood Glucose & Ketone Meter,No regulation
5034511000247,Green People Daily Aloe Shower Gel 200ml,No regulation
9332996000001,Grahams Natural C Eczema & Dermatitis Cream 50g,No regulation
3282779402903,Avène Very High Protection Lotion for Children SPF50+ 100ml,No regulation
5060202181728,Cytoplan Blood Glucose Support Wholefood 60 Capsules,No regulation
3282779402941,Avène Cleanance High Protection SPF30 50ml,No regulation
5055382304029,Alvita Nitrile Powder Free Examination Gloves Small 100 Pack,No regulation
9337213008457,Conceive Plus Fertility Lubricant Applicators 4g 8 Pack,No regulation
5060203794958,Terranova Fermented Cordyceps 50 Capsules,No regulation
5060202183531,Cytoplan Cyto-Night Vegan Powder 80g,No regulation
5010605640148,Canesten Thrush Combi Soft Gel Pessary & External Cream,GSL
9335955004287,MooGoo Rosa Canina (Rosehip) Face Oil 25ml,No regulation
5060469590042,Love CBD 300mg Dutch CBD Spray 20ml,No regulation
5701943016107,Perspirex Foot Lotion 100ml,No regulation
0658556116708,Botanicals For Life Organic Echinacea Extract 50ml,No regulation
8710103934127,Philips Avent Natural Feeding Bottle 1 Month+ 2 Pack Pink,No regulation
0017854107380,Baylis & Harding Citrus Lime & Mint Wash Bag Gift Set,No regulation
5000283657873,Phenergan 25mg 56 Tablets,P
5055148403652,Lamberts Pure Evening Primrose Oil 500mg 180 Capsules,No regulation
5010058095434,Readigloves Nytraguard ChemoPure Large 100 Gloves,No regulation
5060099033117,Odylique Lavender Conditioner 200ml,No regulation
0873024001342,Ener-C Lemon & Ginger Sugar Free 30 Sachet,No regulation
0017854117402,Baylis & Harding Mandarin & Grapefruit Gift Bathing Set,No regulation
5060571822888,The Good Guru Vegan Black Garlic Extract 90 Capsules,No regulation
5060099031328,Odylique Spot-on Serum 75ml,No regulation
9335955000357,MooGoo Oil Cleansing Method 100ml,No regulation
8809598451445,COSRX Balancium Comfort Ceramide Cream 80g,No regulation
5034511000261,Green People Irritated Scalp Conditioner Lavender & Rosemary 200ml,No regulation
3282770207828,Avène Cleanance Mattifying Emulsion 40ml,No regulation
5032756105017,Droncit Spot on 0.5ml for Cats 4 Pack,No regulation
0033984000995,Solgar Glucosamine Sulphate 1000mg 60 Tablets,No regulation
5060203791421,Terranova Living Multivitamin Woman 50 Capsules,No regulation
5010605620614,Canesten Combi Pessary & Cream 10g,GSL
5060203794941,Terranova Chaga (Fermented) 50's,No regulation
5056142600122,Protein World Fat Metaboliser 90 Capsules,No regulation
0017854107892,Baylis & Harding Elements Luxury Body & Shower Collection,No regulation
0753950000643,"Doctor's Best MSM with OptiMSM 1,000 mg 180 Capsules",No regulation
5056142604830,Protein World Slender Blend Salted Caramel Protein Powder 600g,No regulation
0033984017344,Solgar MSM 1000mg 120 Tablets,No regulation
5060086610017,Optibac Probiotics for Your Cholesterol 30 Sachets,No regulation
5034511001824,Green People Scent Free Shampoo 200ml,No regulation
0020714800857,Clinique Clarifying Lotion 1.0 Alcohol Free 200ml,No regulation
0768990567803,Nordic Naturals Children's DHA 530mg Omega-3 Strawberry Flavour 119 ml,No regulation
0033984027718,Solgar Ultimate B+C Complex 60 Tablets,No regulation
2100006762471,An-Hypro Gel 7ml,No regulation
5034511000230,Green People Daily Aloe Conditioner 200ml,No regulation
9335955004744,MooGoo Ultra Gentle Cleanser with Ceramides 500ml,No regulation
0033984362185,Solgar Artichoke Leaf Extract 300mg 60 Capsules,No regulation
8809738313251,Barr Super Green Deep Energy Cream 60ml,No regulation
5034511000254,Green People Irritated Scalp Shampoo Lavender & Rosemary 200ml,No regulation
5034511001831,Green People Scent Free Conditioner 200ml,No regulation
0894147000869,Sliquid Organics Natural Gel Thick Lubricant 255ml,No regulation
5021265249381,Vitabiotics Wellbio 10 Billion 30 Capsules,No regulation
5060203793449,Terranova Olive Leaf 450mg 50 Pack,No regulation
4004148017186,Floradix Floravital Liquid Iron & Vitamin Formula 500ml,No regulation
5023652431454,Nature's Aid Pro-INTIMATE (15 Bill Bac) 45 Capsules,No regulation
8809540510169,Benton Snail Bee High Content Skin 150ml,No regulation
9349392000016,Rhinomed Mute Nasal Device Medium 3 Pack,No regulation
0033984010000,Solgar Digestive Enzymes 100 Tablets,No regulation
0033984011816,Solgar Formula Vm-75 60 Tablets,No regulation
5025970008370,Nivea Men Take A Break Set 5Pc,No regulation
5056142605325,Protein World Slender Blend Strawberry Milkshake Protein Powder 600g,No regulation
5010249042353,FSC Bromelain Joint Care 60 Tablets,No regulation
8809540510176,Benton Snail Bee High Content Steam Cream 50g,No regulation
0641628501120,Elemis Superfood 180ml Cleansing Foam Cica Calm,No regulation
6159089508304,Tigi Bed Head for Men Clean Up Shampoo & Conditioner Duo 750ml 2 Pack,No regulation
3605540856703,Biotherm Deo Spray Pure Invisible 150ml,No regulation
0033984002401,Solgar Betaine Hydrochloride with Pepsin 100 Tablets,No regulation
5060086610635,Optibac Probiotics for Women 30 Capsules,No regulation
5060229011763,Pukka Vitalise 60 Capsules,No regulation
5056142606926,Protein World Vegan Blend Vanilla Ice Cream 600g,No regulation
0033984012509,Solgar Gentle Iron 20mg 180 Capsules,No regulation
5023652478039,Wild Earth Multivitamin & Minerals for Men 30 Capsules,No regulation
3605540496954,Biotherm Deodorant Roll-On Pure Protect 24H 75ml,No regulation
5709976483200,Pharma Nord Bio-Glucan Plus 60 Tablets,No regulation
5056142605318,Protein World Slender Blend Banana Split Protein Powder 600g,No regulation
5060332531202,Lindens Health + Nutrition Potassium 200mg 500 Tablets,No regulation
5060553605126,BeYou Sleep Pillow Mist 30ml,No regulation
0033984001152,Solgar Antioxidant Nutrients 50 Tablets,No regulation
5017978104710,Probio 7 Advanced Formula 30 Vegcaps,No regulation
4015600118051,Wella Professional Shampoo Enrich Fine/Normal Hair 1000ml,No regulation
5055148402280,Lamberts Extra High Potency Evening Primrose Oil 90 Capsules,No regulation
0033984033177,Solgar Vitamin D3 (Cholecalciferol) 2200IU (55µg) 100 Capsules,No regulation
5025903027232,Nutri Within 1000mg Omega 3 Fish Oil 365 Soft Gels,No regulation
5999860167518,Osi Magnesium Cooling Sports Cream 200ml,No regulation
5010605055478,Canesten Canesflor Probiotics 10 Vaginal Capsules,No regulation
3574661618203,Aveeno Dermexa Emollient Cream 500ml,No regulation
0017854118935,Baylis & Harding The Fuzzy Duck Ultimate Wash Kit,No regulation
0033984013148,Solgar Glucosamine MSM Complex (Shellfish-Free) 60 Tablets,No regulation
8470003298391,Sesderma C-Vit Eye Contour Patches 5 Pack,No regulation
7350082941108,Swiss Clinic The Base+ 50 ml,No regulation
9327693002687,Sukin Rosehip Hydrating Day Cream 120ml,No regulation
5028392001806,Metagenics Zinc Picolinate 90 Capsules,No regulation
5024655000449,Clotrimazole 500mg Vaginal Tablet with Applicator 1 Pack,P
5021265244843,Vitabiotics Pregnacare Max 84 Tablets,No regulation
0753950003347,Doctor's Best Natural Vitamin K2 MK7 with MenaQ7 100mcg 60 Veggie Caps,No regulation
3800219790795,Alteya Organic Bulgarian White Rose Water (Rosa Alba) 500ml,No regulation
0033984025660,Solgar Shark Liver Oil Complex 500mg 60 Softgels,No regulation
3760201136317,Lamazuna Feminine Cup Size 1 (Yellow Pouch) 1 Pack,No regulation
4004148047503,Floradix Liquid Iron & Vitamin Formula 500ml,No regulation
5060203793364,Terranova Milk Thistle 500mg 50 Pack,No regulation
4031626711922,Hycosan Intense 7.5ml,No regulation
4020829006041,Dr. Hauschka Soothing Cleansing Milk 145ml,No regulation
8809663751586,Mizon Snail Repair Intensive Toner 100ml,No regulation
5060410574053,Beauty Kitchen Beauty Boost BB Cream 30ml,No regulation
5055148408107,Lamberts L-Arginine HCl 1000mg 90 Tablets,No regulation
5060203794996,Terranova Fermented Shiitake 50's,No regulation
5025970011226,Nivea Pamper & Relax Gift Set,No regulation
7613287120434,SMA Comfort Infant Milk From Birth Formula 800g,No regulation
0702811534575,Iron Plus 30 Capsules,No regulation
8809479164280,11 Village Factory Moisture Cream 55ml,No regulation
5021265221646,Vitabiotics Cardioace Plus 60 Capsules,No regulation
0857538000015,Diva Cup-Model 1,No regulation
5021265242337,Vitabiotics Liverel 60 Tablets,No regulation
5027314497505,Bio-Kult Pregnéa 60 Capsules,No regulation
5034511006911,Green People Citrus & Ginger Smooth & Protect Shampoo Bar,No regulation
0033984039605,Solgar Korean Ginseng 50 Capsules,No regulation
5055148400712,Lamberts Vitamin C-Time Release 1000mg 180 Tablets,No regulation
5060571820419,The Good Guru Vegan Good Sleep 90 Capsules,No regulation
5060018511276,KIKI Health Body Biotics 30 Capsules,No regulation
5060571822093,The Good Guru Vegan Vitamin D3 + K2 90 Capsules,No regulation
5031013103179,Higher Nature Lecithin 150g Granules,No regulation
5060571821461,The Good Guru Organic Men's Multivitamin 90 Capsules,No regulation
0857538000022,Diva Cup-Model 2,No regulation
0033984033412,Solgar Vitamin D3 1000IU (25µg) 250 Softgels,No regulation
5060571820501,The Good Guru Vegan Sugar Control 90 Capsules,No regulation
5056142604823,Protein World Slender Blend White Chocolate & Raspberry Powder 600g,No regulation
5055148415099,Lamberts Biome Balance Everyday 60 Capsules,No regulation
5055148402136,Lamberts Magasorb Magnesium 150mg As Citrate 180 Tablets,No regulation
5056142604991,Protein World Slender Blend Chocolate Mint Protein Powder 600g,No regulation
5707390040351,Pharma Nord Bio-NAD+ Booster 60 Tablets,No regulation
5056142603987,Protein World Vegan Blend Salted Caramel Protein Powder 600g,No regulation
5056142606469,Protein World Keto Fat Metaboliser 90 Capsules,No regulation
5056142605301,Protein World Slender Blend Milk Chocolate Protein Powder 600g,No regulation
7618900901018,Mavala Mava-Derma Nutritive Massage Oil for Nails 10ml,No regulation
5060202184118,Cytoplan Coq10 Multi 30 Capsules,No regulation
0017854110229,"Baylis & Harding Jojoba, Vanilla & Almond Oil Slipper Set",No regulation
5060776980161,DR.VEGAN PMS Hero Premenstrual Support 60 Capsules,No regulation
5056142604762,Protein World Slender Blend Vanilla Ice Cream Protein Powder 600g,No regulation
5060571821478,The Good Guru Organic Women's Multivitamin 90 Capsules,No regulation
5031013100536,Higher Nature Glutamine Powder 100g powder,No regulation
5031013104671,Higher Nature Immune Plus 90 Tablets,No regulation
8809587524587,11 Village Factory Mini Pack Travel Kit,No regulation
5025970128313,Nivea Men Complete Active Set,No regulation
6430036090777,BlueIron Liquid Iron 250ml,No regulation
8809566990778,Benton Let's Carrot Multi Oil 30ml,No regulation
4042762060201,Balneum Intensiv Cream 5% Urea 500g,No regulation
5055148408558,Lamberts Super Strength Antioxidant Complex 60 Capsules,No regulation
0884486318855,Redken Frizz Dismiss Shampoo 500ml,No regulation
5060119660811,Evolve Revive Eye Drops 10ml,No regulation
5060601930743,BeautyPro Spa At Home: Hand & Foot Renewal,No regulation
0793591058610,Active Iron Pregnancy 30 Capsules,No regulation
5036631008561,Forceval Soluble Junior Effervescent 30 Tablets,No regulation
5016003188909,Contour TS Test Strips 50 Pack,No regulation
5054563176691,Voltarol Naturals 100ml,No regulation
8009722000758,Clorexyderm 4% Foam 100ml,No regulation
4005800108457,Eucerin UltraSensitive Soothing Care for Dry Skin 50ml,No regulation
7618900995017,Mavala Scientifique K+ Nail Hardener 5ml,No regulation
5020465202769,Cetaphil Oily Skin Cleanser 473ml,No regulation
3282770204193,Klorane 3-in-1 Miceller Water 400ml,No regulation
5033852190211,Pillmate Pillchest,No regulation
4005808858743,Eucerin AtoControl Body Care Lotion 250ml,No regulation
5017978000036,Probio 7 Bifikalm Infant Drops 8ml,No regulation
8809115904362,Element Blood Glucose Test Strips 50 Pack,No regulation
5060332534623,Lindens Health + Nutrition Red Clover 1000mg 360 Tablets,No regulation
4710636646379,GlucoRx Nexus Blood Glucose Meter,No regulation
5997372504135,VeloxA XL for Dogs 2 Chewable Tablets,No regulation
5407007651184,Bambaw Metal Safety Razor Red,No regulation
3574661381251,Nicorette Fruit Lozenge 2mg 80 Pack,GSL
5060202180714,Cytoplan Calcium Wholefood 200mg Elemental 60 Capsules,No regulation
7610313100606,A.Vogel Menopause Support 60 Tablets,No regulation
5060203793999,Terranova Alpha Lipoic Acid 300mg Complex 50 Pack,No regulation
8809514550061,Rated Green Real Mary Energising Scalp Spray 120ml,No regulation
5052197038033,Scholl Gel Active Everyday Insoles Women 1 Pair,No regulation
7391325333380,Nutri Advanced Eskimo Eskimo 3 105 Capsules,No regulation
3367729021035,Biotherm Homme 48H Day Control Antiperspirant Spray 150ml,No regulation
5060571720153,UpCircle Coffee Face Scrub Herbal Blend 100ml,No regulation
3614271202697,Biotherm Homme 72H Day Control Antiperspirant Spray 150ml,No regulation
5060258390204,Pro D3 Liquid Drops Orange Flavour 20ml,GSL
8809566990068,Benton Tea Tree Cleansing Water 200ml,No regulation
5060571720160,UpCircle Coffee Face Scrub Floral Blend 100ml,No regulation
5060704340005,Acala Reusable Bamboo Razor + One Blade,No regulation
0033984021709,Solgar Pantothenic Acid 550mg 50 Capsules,No regulation
5425012530973,Remescar Silicone Scar Stick Treatment SPF15 5.4g,No regulation
7618900990012,Mavala Mava-Strong Fortifying Base 10ml,No regulation
5430000934251,Bambaw Bamboo Safety Razor Classic Silver,No regulation
5060704340500,Acala Make Your Own Lip Balm Kit,No regulation
5060229011909,Pukka Wholistic Red Ginseng 30 Capsules,No regulation
9349392000009,Rhinomed Mute Nasal Device Small 3 Pack,No regulation
5031812509271,Coatex Aloe & Oatmeal Shampoo 250ml,No regulation
8809514550016,Rated Green Real Shea Real Change Treatment 240ml,No regulation
5060203794774,Terranova Ashwagandha 250mg (Fermanolide) 50's,No regulation
0074312002748,Nature's Bounty Red Krill Oil 500mg 40 Softgels,No regulation
0889809002862,Glamglow Flashmud Brightening Treatment 15g,No regulation
0889809001339,Glamglow Gravitymud Firming Treatment 15g,No regulation
0033984535954,Solgar Folate 1000mcg (As Metafolin) 60 Tablets,No regulation
5060571822079,The Good Guru Vegan Superfood 90 Capsules,No regulation
4024787430054,Celluvisc 1% 60 Pack,P
5012564005105,Sebco Coconut Oil Compound Ointment 40g,GSL
5060203791452,Terranova Living Multivitamin Man 50 Capsules,No regulation
4051895040813,Fresubin 3.2kcal Mini Hazelnut 4 x 125ml,No regulation
5060601930569,BeautyPro Spa At Home: Restore & Renew,No regulation
0017854117501,"Baylis & Harding Jojoba, Vanilla & Almond Oil Candlelit Bathing Set",No regulation
5055148414238,Lamberts Multi-Guard Pregnancy 90 Tablets,No regulation
3662042007279,Blepha Eye Bag Warming Eye Mask,No regulation
96202074,BetterYou Lights out Nightly Oral Spray 50ml,No regulation
0017854107984,Baylis & Harding Limited Edition Mulberry Fizz Luxury Wash Bag Gift,No regulation
0033984037342,Solgar Astragalus Root Extract 520mg 100 Capsules,No regulation
4051895015316,FRESUBIN THICKENED LEVEL 3 VANILLA (4X200ML),No regulation
5055148403416,Lamberts Sage 2500mg 90 Tablets,No regulation
3401395404423,Bioderma White Objective Fluid 30ml,No regulation
8716900563270,Fortini Creamy Multi Fibre Berry Fruit 4x100g,No regulation
0615908951028,Tigi Bedhead Duo Shampoo & Conditioner Recharge 750ml 2 Pack,No regulation
0873024001526,Ener-Life Vit D3 1000IU Raspberry Sugar Free,No regulation
5060571821362,The Good Guru Organic Vitamin C 90 Capsules,No regulation
5031013100550,Higher Nature Ultimate Aloe Skin Gel 120ml,No regulation
7350082940835,Swiss Clinic Needlehead 0.5mm Face Refill,No regulation
0017854117815,"Baylis & Harding Royale Garden Rose, Poppy & Vanilla Bath Set",No regulation
0054402720066,Australian Gold SPF50 Spray Gel with Bronzer 237ml,No regulation
5034511006928,Green People Eucalyptus & Mint Soothing Anti-Itch Shampoo Bar,No regulation
4051895015279,FRESUBIN THICKENED LEVEL 2 VANILLA (4X200ML),No regulation
0033984026759,Solgar Super Starflower Oil 1300mg 30 Softgels,No regulation
5060342240552,GlucoRx HCT Ketone Test 10 Strips,No regulation
5476205679825,Urban Tonic Hair Clay Medium Hold 100ml,No regulation
0033984011212,"Solgar Formula Vitamin B-Complex ""50"" 100 Capsules",No regulation
0658556116739,Botanicals For Life Organic Nettle Root Extract 50ml,No regulation
3800219790597,Alteya Organic Rose Otto Face Wash 250ml,No regulation
5010123730314,Nicorette Invisi Patch 25mg 7 Pack,GSL
8716900563294,Fortini Creamy Multi Fibre Summer Fruit 4x100g,No regulation
5034511029057,Green People OY! Clear Skin Blemish Concealer 30ml,No regulation
5021791005222,Freestyle Optium Blood Glucose Test Strips 50,No regulation
3380810469585,Clarins Hand & Nail Treatment Cream 100ml,No regulation
7350082940842,Swiss Clinic Needlehead 0.5mm Body Refill,No regulation
8006540687413,Seven Seas Omega 3 & Multivitamins Woman 50+ 30 Day Due Pack,No regulation
4051895011950,Fresubin 2kcal Fibre Drink Neutral 4 x 200ml,No regulation
5034511002104,Green People Mum & Baby Rescue Balm Scent Free 100ml,No regulation
8710103934134,Philips Avent Natural Feeding Bottle 1 Month+ 2 Pack Blue,No regulation
5011417579046,Senokot Syrup 500ml,P
7649988673443,Frank Fruities Gut Cultures Fruit 80 Gummies,No regulation
5060571822345,The Good Guru Magnesium Complex 90 Capsules,No regulation
5060571821218,"The Good Guru Organic Turmeric, Ginger + Black Pepper 90 Capsules",No regulation
5034511004368,Green People Deodorising Prebiotic Foot Cream 50ml,No regulation
5060203791247,Terranova Magnesium 100mg Complex 50 Pack,No regulation
0083000260407,Nature's Answer Sambucus Black Elderberry 120ml,No regulation
5055148411459,Lamberts Magasorb Magnesium Powder 375mg (As Citrate) 165g Powder,No regulation
0033984005211,Solgar Calcium Magnesium Plus Zinc 250 Tablets,No regulation
5025903027218,Nutri Within 200mg Marine Collagen 180 Capsules,No regulation
9335955004379,MooGoo Eczema Cream 120g,No regulation
5055148411732,Lamberts Calasorb Calcium 800mg + Vitamin D3 180 Tablets,No regulation
3380810206012,Clarins Hydra-Essentiel Lip Balm 15ml,No regulation
5060284540048,Uvistat F50 Cream 125ml,No regulation
5060202184699,Cytoplan Thyroid Support 60 Capsules,No regulation
5407007651160,Bambaw Metal Safety Razor Sea Green,No regulation
0033984010741,Solgar Female Multiple 60 Tablets,No regulation
8445290113221,Vital Proteins Collagen Peptides Sachet Box (10x10g),No regulation
0033984041264,Solgar Ginger Root Extract 60 Capsules,No regulation
5060202184972,CytoProtect Liver 60 Capsules,No regulation
5999887678431,Osi Magnesium Body Lotion + OptiMSM 200ml,No regulation
3662042003714,Blephasol Lotion Eyelid Hygiene 100ml,No regulation
5060203795412,Terranova Vegan Collagen Complex 50 Capsules,No regulation
0724742003883,Alba Kids Mineral Fragrance Free SPF 30 Sunscreen,No regulation
5999887678400,Osi Magnesium Magnesium Oil + Optimsm Spray 200ml,No regulation
0017854117884,The Fuzzy Duck Cotswold Spa Luxury Candlelit Bathing Gift Set,No regulation
0033984010192,Solgar Kangavites Childrens Vitamins (Tropical Punch) 120 Chewables,No regulation
5060104170622,YES Natural Plant-Oil Based Personal Lubricant 140ml,No regulation
5701170313291,Lubrithal Ophthalmic Gel 10gm sng,No regulation
5055148415136,Lamberts Biome Balance Sensitive 30 capsules,No regulation
0033984010161,Solgar Kangavites Childrens Vitamins (Bouncing Berry) 120 Chewables,No regulation
9335955005642,MooGoo Natural Sunscreen SPF40 120g,No regulation
5060571822963,The Good Guru Vegan Advanced COQ-10 30 Capsules,No regulation
3380810448009,Clarins My Clarins Essentials Gift Set,No regulation
5055148400033,Lamberts Natural Vitamin E 250 i.u. 100 Capsules,No regulation
3574661775357,Nicorette Cools Mint 2mg 80 Lozenges,GSL
5060086610284,Optibac Probiotics for Babies & Children 30 Sachets,No regulation
0604565041012,Feel Supreme KSM66 Ashwagandha with Curcumin 60 Capsule,No regulation
5010123730352,Nicorette 10mg Invisi-Patch Step 3 7 Pack,GSL
4086000015844,FRESUBIN 2KCAL FIBRE DRINK APRCT/PEACH (4X200ML),No regulation
5060203793210,Terranova Garlic 500mg 100 Pack,No regulation
5025903027256,Nutri Within Organic Turmeric & Black Pepper 365 Capsules,No regulation
5011417581780,Gaviscon Double Action Mint Oral Suspension 500ml,GSL
5055148403195,Lamberts L-Ornithine 500mg 60 Capsules,No regulation
5024084002007,Pharma Nord Bio-Quinone Active Q10 30mg 60 Capsules,No regulation
5060203795467,Terranova Vegan Collagen & Silica Complex 50 Capsules,No regulation
0054402720097,Australian Gold Carrot Spray Oil SPF15 237ml,No regulation
5034511029026,Green People OY! Clear Skin Foaming Face Wash 100ml,No regulation
3282770153408,Klorane Peony Stick Mask 25g,No regulation
5060203792206,Terranova Avena Sativa & Tart Cherry Powder 40g,No regulation
5054290004816,Atopic Eczema Treatment - Betnovate 0.1% Ointment 100g,P
5013455140172,Weleda Arnica Muscle Soak 200ml,No regulation
5060203790769,Terranova Probiotic-Digestive Enzyme Complex with Microflora 50 Pack,No regulation
4051895015323,FRESUBIN THICK LEVEL 3 WILD STRAW (4X200ML),No regulation
5060203792886,Terranova Chaga Fresh Freeze Dried Organic 50x500mg,No regulation
0859975020120,Andalou 1000 Roses Eye Revive Contour Gel 18ml,No regulation
8809447251400,Dr.Althea Amino Acid Gentle Bubble Cleanser 140ml,No regulation
5055148411961,Lamberts Multi Guard High Potency 90 Tablets,No regulation
3614223396429,Lancaster Sun for Kids Invisible Mist for Face & Body SPF50 200ml,No regulation
5000223495558,Proshield Plus Skin Protectant 115g,No regulation
0634158987533,Botanicals 4 Life Echinacea & Olive Leaf Extract 100ml,No regulation
0724742010768,Alba Botanica Face Sunscreen Lotion SPF30 59ml,No regulation
5000123101054,Atopic Eczema Treatment - Betnovate 0.1% Cream 100g,P
5060291420234,Nursem Unfragranced Caring Hand Cream 300ml,No regulation
0017854117440,"Baylis & Harding Jojoba, Vanilla & Almond Oil Bath Gift Set",No regulation
0017854119598,Baylis & Harding Moonlight Fig Gift Wrapped Candlelit Bathing Set,No regulation
5060519146724,Pukka Relax Tea Selection Box 45 Tea Bags,No regulation
0033984015333,Solgar Balance Rhodiola Complex 60 Vegetable Capsules,No regulation
0859975002553,Andalou Willow Bark Pure Pore Serum 32ml,No regulation
5055148402822,Lamberts Refreshall with Ginkgo Biloba 120 Tablets,No regulation
0033984003156,Solgar Bilberry Ginkgo Eyebright Complex 60 Capsules,No regulation
7391325333342,Nutri Advanced Eskimo 3 Fish Oil 105ml,No regulation
5060519146748,Pukka Tea Selection Box 45 Tea Bags,No regulation
0851325002060,Macadamia Natural Oil Deep Repair Masque 236ml,No regulation
5060203795481,Terranova Vegan Collagen & Glucosamine Complex 50 Capsules,No regulation
3282779310628,Avène Antirougeurs Jour Redness Relief Moisturising Protecting SPF20 Cream 40ml,No regulation
5021265221202,Vitabiotics Menopace Plus 56 Tablets,No regulation
0724742010775,Alba Botanica Spray Sunscreen SPF50 148ml,No regulation
0859975002492,Andalou Hyaluronic Dmae Lift & Firm Cream 50g,No regulation
5999887678837,Osi Magnesium Body Butter 200ml,No regulation
5010249042315,"The Food Supplement Company Ginger, Curcumin & Boswellia 120 Tablets",No regulation
0033984026001,Solgar Shark Cartilage 750mg 45 Capsules,No regulation
5034268004147,ProVen Probiotics Lactobacillus & Bifidus for Formula Fed Babies 33g,No regulation
8809566990839,Benton Tea Tree Serum 30ml,No regulation
0615908947588,Tigi Bedhead Duo Shampoo & Conditioner Fully Loaded 750ml 2 Pack,No regulation
0033984005167,Solgar Calcium Magnesium Plus Boron 250 Tablets,No regulation
3614220786667,Lancaster Sun Sport Cooling Invisible Body Mist SPF15 200ml,No regulation
3282779310673,Avène Antirougeurs Jour Redness Relief Moisturising SPF20 Emulsion 40ml,No regulation
5055148403119,Lamberts Time Release Vitamin C 1500mg 120 Tablets,No regulation
0033984019102,Solgar No-Flush Niacin (Inositol Hexanicotinate) 500mg 50 Capsules,No regulation
5060519146731,Pukka Support Tea Selection Box 45 Tea Bags,No regulation
5055148410827,Lamberts BetaGlucan Complex 60 Tablets,No regulation
5060776980000,DR.VEGAN Daily Multi-Vitamin 60 Capsules,No regulation
5060203791049,Terranova Calcium Magnesium 2:1 Complex 100 Capsules,No regulation
5060018511467,KIKI Health Organic Premium Chlorella 200 Tablets,No regulation
5055148401566,Lamberts L-Glutathione Complex 60 Capsules,No regulation
5055148412401,Lamberts Osteoguard Advance 90 Tablets,No regulation
5055148412937,Lamberts Curcumin Ultra Turmeric Extract 30 Tablets,No regulation
5010123717841,Nicorette Freshmint 105 2mg Gums,GSL
3282770150209,Avène Cleanance Mask 50ml,No regulation
5016379173004,Doublebase Flare Relief Emollient 500g,No regulation
8809083997052,SIORIS Time Is Running Out Mist 100ml,No regulation
8716900582646,Nutricia Fortisip Compact Protein Drink Berries 4 x 125ml,No regulation
5021265227396,Vitabiotics Osteocare Plus Tablets & Capsules 28+56 Pack,No regulation
5060332530601,Lindens Health + Nutrition Ginkgo Biloba 6000mg 365 Tablets,No regulation
5060202184583,Cytoplan Bone Support Multi-Nutrient Formula 60 Capsules,No regulation
0876198042524,Optixcare Eye Lube Plus 20g,No regulation
8710522621172,Simple Complete Kindness Set,No regulation
0033984014787,Solgar Super Concentrated Isoflavones 30 Tablets,No regulation
5012748006072,Movicol Ready To Take Strawberry Banana Flavour 30 Sachets,P
0634158533266,Vitamin B12 Plus 30 Capsules,No regulation
5021265224081,Vitabiotics Visionace Plus 28 Tablets,No regulation
5060562640200,Birch & Wilde D-Mannose Cranberry 90 Capsules,No regulation
5027519000289,Preservision Original 60 Packoft Gels,No regulation
5055148414481,Lamberts Meno-Pause Complex 30 Tablets,No regulation
5027519001101,Minims Artificial Tears 20 Doses,P
0873024001014,Ener-C Lemon/Lime 30 Sachet,No regulation
5038483844502,Scholl Softgrip C2 Below The Knee Compression Hosiery Small Natural,No regulation
0033984004375,Solgar Formula Vm-2000 Multi-Nutrient 60 Tablets,No regulation
8809566990358,Benton Deep Green Tea Lotion 120ml,No regulation
0873024001335,Ener-C Passionfruit Sugar Free 30 Sachets,No regulation
5391510239826,Colief Infant Drops 15ml,GSL
5060193641720,Bloom & Blossom & Breathe Relaxing Shower Oil 100ml,No regulation
0634158533259,Wild Nutrition Food-Grown Selenium Plus 30 Capsules,No regulation
0702811534568,Zinc Plus 30 Capsules,No regulation
8809663751500,Mizon Collagen Power Firming Eye Cream 25ml,No regulation
5060086610864,Optibac Probiotics Saccharomyces Boulardii 40 Capsules,No regulation
5020465202738,Cetaphil Gentle Skin Cleanser 473ml,No regulation
0033984017665,Solgar Epa/Gla 30 Softgels,No regulation
5060519148001,Pukka Triphala Plus 60 Capsules,No regulation
5060202181537,Cytoplan Fish Oil 60 Capsules,No regulation
5051594006812,Aptamil Milk 1 First Milk From Birth 800g,No regulation
5060193641706,Bloom & Blossom All Night Long Calming Sleep Spray 75ml,No regulation
9349392000023,Rhinomed Mute Nasal Breathing Device Large 3 Pack,No regulation
4086000012126,Fresubin Energy Fibre Drink Strawberry 4 x 200ml,No regulation
4022167200099,Braun Age Precision Digital Thermometer,No regulation
0054402730126,Australian Gold Kids SPF50 Lotion 237ml,No regulation
5055148408527,Lamberts Plant Sterols 800mg 60 Tablets,No regulation
3760201136539,Lamazuna Good Hair Day Duo 1 Pack,No regulation
5031013103742,Higher Nature Citricidal 45ml,No regulation
5060562640088,Birch & Wilde Immunity Complex 60 Day Supply 120 Capsules,No regulation
5027519000258,PreserVision Lutein 60 Capsules,No regulation
8809479164242,11 Village Factory Moisture Toner 120ml,No regulation
5028392002728,Nutri Advanced Vitamin A Drops 5000iu Blackcurrant 10ml,No regulation
4051895011851,Fresubin 2kcal Fibre Drink Chocolate 4 x 200ml,No regulation
5038483844755,Scholl Softgrip C1 Thigh Length Compression Hosiery Medium Closed Toe Natural,No regulation
8809083997120,Sioris Feel So Fresh Toner,No regulation
0054402720592,Australian Gold SPF30 Active Chill Spray Gel 237ml,No regulation
5012616266102,Abidec Immune Support 2 in 1 Drops 7.5ml,No regulation
5021265244157,Vitabiotics Perfectil Plus Nails-Extra Support 60 Pack,No regulation
3614220786261,Lancaster Sun Sport Cooling Invisible Body Mist SPF50 200ml,No regulation
5060203791711,"Terranova Dandelion, Artichoke & Cysteine Complex 50 Pack",No regulation
0615908951011,Tigi Bed Head Duo Shampoo & Conditioner Recovery 2x 750ml,No regulation
5010605620645,Canesten Thrush Combi Internal & External Cream,GSL
5055148414030,Lamberts Griffonia Seed Extract 5-HTP 100mg 60 tablets,No regulation
4031626710673,Hylo-Care Eye Drops 0.1% Sodium Hyaluronate 2% Dexpanthenol 10ml,No regulation
0700371221676,HuxD3 3200IU Colecalciferol Vitamin D3 80mcg 30 Capsules,No regulation
3264680009761,Nuxe Prodigieuse Dry Oil Spray 50ml,No regulation
5034511000810,Green People Scent Free Repairing Anti-Frizz Shampoo Bar,No regulation
3282770100648,Avène Antirougeurs CLEAN Cleansing Lotion 200ml,No regulation
5060571720986,UpCircle Hand + Body Wash with Kiwi Water 250ml,No regulation
0017854110328,Baylis & Harding Wild Fig & Pomegranate Candle Set,No regulation
5015664000742,Systane Ultra UD Eye Drops 0.7ml 30 Vials,No regulation
5060181540288,AgaMatrix WaveSense Jazz Blood Glucose Test Strips 50 Pack,No regulation
3282770152586,Avène Gentle Exfoliating Gel 75ml,No regulation
4051895014326,Fresubin Energy Fibre Drink Chocolate 4 x 200ml,No regulation
5060571720306,UpCircle The Pamper Kit,No regulation
5036072007611,Aronix 50mg Film-Coated 4 Tablets,P
5012654203046,Carnation Silky Feet Hard Skin Remover,No regulation
4084500477285,Clearblue Digital Pregnancy Test 2 Pack,No regulation
5056142604267,Protein World Yummy Mummy 90 Capsules,No regulation
4005800295485,Eucerin Dermopurifyer Protective Fluid SPF 30 50ml,No regulation
4038235220272,Glucorx Allpresan Diabetic Foam Basic 300 ml,No regulation
0634158987540,Botanicals 4 Life Thyme & Licorice Extract 100ml,No regulation
4005800181986,Eucerin DermoPurifyer Skin Renewal Treatment 40ml,No regulation
5017954000982,Novofine Needles 8mm 30G 100 Needles,No regulation
5031013103353,Higher Nature Bromelain 90 Capsules,No regulation
96177877,BetterYou Vitamin K2 Daily Oral Spray 25ml,No regulation
3830070472035,Viscotears Tri Action Preservative Free Eye Drops,No regulation
5060455148585,Brushworks Cleanse & Pamper Set,No regulation
5017353506399,Perrigo Sildenafil 50mg 4 Tablets,P
8809479164358,11 Village Factory Relax-Day Body Oil Wash 300ml,No regulation
5060734420005,Rose & Caramel Nudity Clear Self Tan Aerosol 150ml,No regulation
8034135273116,Zaspray 10ml,No regulation
5020465202332,Purifide Microbiome Equalizer Moisturiser 50ml,No regulation
5704947006136,O'Keeffe's Guaranteed Relief Skincare Set,No regulation
5010605402128,Canesten Thrush Duo Oral Capsule & External Cream,P
5021265243518,Vitabiotics Wellman Prostace 60 Tablets,No regulation
5060704340425,Acala Soap Lovers Gift Bag,No regulation
5060332534449,Lindens Health + Nutrition Pro Bio Live Plus (+dietary fibre) 360 Capsules,No regulation
4031626001498,EvoTears Preservative Free Eye Drops 3ml,No regulation
4717095030121,GlucoRx Nexus Test Strips 50 Pack,No regulation
8809566990556,Benton Pha Peeling Gel 70ml,No regulation
8809581075320,Beaudiani Moist Toner 260ml,No regulation
0033984020566,Solgar One-A-Day Gla 60 Softgels,No regulation
8809540510220,Benton Aloe Propolis Soothing Gel 100ml,No regulation
5060363050338,Tom Oliver Nutrition Vitamin D Plus K2 60 Pack,No regulation
5031013102196,Higher Nature Wind Down Powder 140g,No regulation
3614223396306,Lancaster Sun for Kids Comfort Cream for Face & Body SPF50 125ml,No regulation
5021265243792,Vitabiotics Wellwoman Plus 56 Capsules,No regulation
3574661068220,Nicorette Fruit Fusion Gum 2mg 105 Pack,GSL
0020714898137,Clinique Moisture Surge 72H 30ml,No regulation
4031626711182,Hylo-Dual Eye Drops 10ml,No regulation
0610370601556,Wild Nutrition Vegan Vitamin D 30 Capsules,No regulation
8809598454743,COSRX Basic Healing Eczema Patches 90pcs,No regulation
3337875905602,CeraVe Hydrating Cleanser Refill Pouch 473ml,No regulation
5000158067172,Gaviscon Double Action Mint Oral Suspension 600ml,GSL
5060148520490,BetterYou Magnesium Original Soak 500ml,No regulation
5017007601647,Exorex Lotion 5% Coal Tar Solution 100ml,GSL
0085805255619,Elizabeth Arden Eight Hour Hand Treatment Cream 200ml,No regulation
5060571821249,The Good Guru Vegan Protein Chocolate 500g,No regulation
5020465201779,Cetaphil Daily Hydration Moisturiser 88ml,No regulation
5055148414733,Lamberts Biome Balance Advanced 30 Gummies,No regulation
5011309083217,Cetraben Natural Oatmeal Cream 475g,No regulation
3600522480129,L'Oréal Paris Revitalift Laser Renew Night Cream 50ml,No regulation
4004148047527,Floradix Kindervital for Children 500ml,No regulation
5060018515045,KIKI Health Body Biotics for Children 30 Fruit Gummies,No regulation
3760201136324,Lamazuna Feminine Cup Size 2 (Pink Pouch) 1 Pack,No regulation
5034511006515,Green People Kid's Lotion & After Sun 150ml,No regulation
5010123730338,Nicorette Invisipatch Step 2 (15mg) 7 Patches,GSL
8006540687475,Seven Seas Omega 3 & Multivitamins Man 50+ 30 Day Duo Pack,No regulation
3337872411083,La Roche Posay Effaclar Foaming Gel 200ml,No regulation
5060571821942,The Good Guru Vegan Protein Salted Caramel 500g,No regulation
5060099032417,Odylique Reviving Rosemary Shampoo 200ml,No regulation
4028163059686,Ecolab Chlorhexidine 2% 500ml,No regulation
5052197038095,Scholl Women's Gel Activ Sport Insoles UK Size 3.5-7.5,No regulation
0033984017245,Solgar Male Multiple 60 Tablets,No regulation
5060203791308,Terranova Full-Spectrum Multivitamin Complex 50 Pack,No regulation
5017007028055,Migraine treatment - Sumatriptan 50mg 6 Tablets,P
5038581120720,Yankee Candle Home Inspiration Midnight Magnolia 538g,No regulation
5000223466916,Smith & Nephew Durafiber Dressing 5cm X 5cm 10pc,No regulation
4005900770042,Eucerin Aquaphor Ointment Body Spray,No regulation
5060203791131,Terranova Magnesium Calcium Complex 100 Veg Capsules,No regulation
5010249041608,FSC Liquid Gel Multivitamins & Minerals 60 Capsules,No regulation
0033984013117,Solgar Glucosamine Hydrochloride 1000mg (Shellfish-Free) 60 Tablets,No regulation
5012616264818,Dermalex Repair + Restore Ultra Hydrating Moisturiser 200g,No regulation
5060571821430,The Good Guru Vegan Weight Loss Protein Chocolate 500g,No regulation
8718951469808,Colgate 360 Whitening Battery Toothbrush,No regulation
0753950000254,Doctor's Best High Absorption Magnesium 100 mg 120 Tablets,No regulation
3760201136447,Lamazuna Cleansing Wipes with Wash Bag & Wood Box 20 Pack,No regulation
4032129107397,Adcal-D3 Lemon 112 Chewable Tablets,P
5025903027287,Nutri Within Vitamin C 1000mg,No regulation
5060410574251,Beauty Kitchen AO Intense Moisture Facial Oil 30ml,No regulation
7322540574913,Tena Pants Protect+ Maxi Large 10 Pack,No regulation
5060776980086,DR.VEGAN Bone & Muscle Support 60 Capsules,No regulation
5034511002906,Green People Energising Shower Gel 150ml,No regulation
7350005300135,Cocois Coconut Oil Compound Ointment 40g,GSL
5391513951749,Dioralyte Blackcurrant 20 Sachets,P
0033984024205,Solgar Vitamin C 1500mg with Rose Hips 90 Tablets,No regulation
9335955002467,MooGoo Fast Hydrating Lotion 500g,No regulation
5391513951787,Dioralyte Natural 20 Sachets,P
5709976231504,Pharma Nord Bio-Magnesium 200mg 150 tabs,No regulation
5015915923011,Scabies Treatment - Sandoz Permethrin 5% Cream 30g,P
4051895014364,Fresubin Energy Protein Drink Cappuccino 4 x 200ml,No regulation
8809933611633,Dr. Jart+ Ctrl-A Teatreement Cleansing Foam 120ml,No regulation
0054402700280,Australian Gold Intensifier Dry Oil Spray with Bronzer 237ml,No regulation
0017854118096,Baylis & Harding Black Pepper & Ginseng Slipper Gift Set,No regulation
5060229015013,Pukka Aloe Vera Juice 1000ml,No regulation
9335955002740,MooGoo Soothing MSM Moisturiser 200g,No regulation
8006540892473,Oral-B Refills Sensi Clean X-Filaments 4,No regulation
5016379302015,Psoriderm Cream 225ml,P
5036631007502,Hydromol Bath & Shower Emollient 1000ml,No regulation
0017854117266,Baylis & Harding Sweet Mandarin & Grapefruit Gift Set 2022,No regulation
5012616266188,NiQuitin Minis Mint Lozenges 4mg 60 Lozenges,GSL
0054402250020,Australian Gold Exotic Oil Intensifier 237ml,No regulation
5038581123547,Yankee Candle Autumn Sunset Large Jar 623g,No regulation
5038581102177,Yankee Candle Crisp Campfire Apples Large Jar 623g,No regulation
3282779004121,Avène Akèrat Body Cream 200ml,No regulation
5060420232660,Lansinoh Organic Post-Birth Relief Spray 100ml,No regulation
5038581123578,Yankee Candle Farm Fresh Peach Large Jar 623g,No regulation
5060734420067,Rose & Caramel Purity Self Tan Removing Foam 200ml,No regulation
0851325002251,Macadamia Natural Oil Healing Oil Spray 125ml,No regulation
5060203791070,Terranova Chromium 200Ug Complex 100 Pack,No regulation
8710103989738,Philips Avent Natural Feeding Bottle 1 Month+ 2 Pack,No regulation
5023652473126,Nature's Aid MCT Oil 120mg 120 Capsules,No regulation
5038581134376,Yankee Candle Sweet Plum Sake Large Jar 623g,No regulation
5021265222476,Vitabiotics Jointace Collagen 30 Tablets,No regulation
5034268004345,ProVen Probiotics Adult Acidophilus & Bifidus 50 Billion 14 Capsules,No regulation
8809566990464,Benton Aloe Hyaluron Cream 50g,No regulation
0017854118911,Baylis & Harding The Fuzzy Duck Men's Hemp & Bergamot 3 Piece Set,No regulation
4013162020508,Miss Fenjal Velvet Orchid EDT,No regulation
0615908942217,Tigi Bed Head Dumb Blonde Shampoo & Conditioner 750ml 2 Pack,No regulation
3282770140941,Klorane Mango Shampoo 400ml,No regulation
5055148414412,Lamberts Theanine & Lemon Balm Complex 60 Capsules,No regulation
9335955004959,MooGoo Ultra Hydrating Face cream 75g,No regulation
5060099033001,Odylique Prebiotic Gentle Herb Shampoo 200ml,No regulation
0658556116586,Botanicals For Life Agroecological Ashwagandha Extract 50ml,No regulation
3337875905596,CeraVe Foaming Cleanser Refill Pouch 473ml,No regulation
0658556116753,Botanicals For Life Organic Sage Extract 50ml,No regulation
5031013102981,Higher Nature Omega 3 Fish Oil 180 Capsules,No regulation
5060571820914,The Good Guru Vegan Weight Gainer Protein Vanilla 500g,No regulation
3282770140996,Klorane Nourishing Mask with Mango 150ml,No regulation
5055148400705,Lamberts Vitamin C 1000mg+ Bioflavonoids 180 Tablets,No regulation
0033984001954,Solgar Bcaa Plus 50 Capsules,No regulation
5031013107344,Higher Nature Astaxanthin 30 Capsules,No regulation
5015802291766,Colony Mulled Wine Fragranced Candle Gift Set,No regulation
5060571821393,The Good Guru Vegan Protein Strawberry 500g,No regulation
5060099031250,Odylique Calming Rose Super Tonic Spray 50ml,No regulation
0658556116654,Botanicals For Life Agroecological Valerian Extract 50ml,No regulation
8809598453814,COSRX Intensive Healing Eczema Acne Patches 90 Pack,No regulation
5060342240545,GlucoRx HCT Glucose Strips 50 Pack,No regulation
0054402720578,Australian Gold Carrot Spray Oil SPF30 237ml,No regulation
3800219793864,Alteya Organic Luminous Rose Gentle Balancing Cleanser 120ml,No regulation
5060203794989,Terranova Reishi (Fermented) 50 Capsules,No regulation
5000476020545,Johnson's Veterinary One Dose Wormer Size 4,No regulation
8809598455412,Cosrx Advanced Snail Peptide Eye Cream 25ml,No regulation
4005900485533,Eucerin Sensitive Protect Sun Creme SPF50+ 50ml,No regulation
5060229011916,Pukka Wholistic Shatavari 30 Capsules,No regulation
5056142606117,Protein World Vegan Protein Powder Vanilla 520g,No regulation
0876198007202,Optixcare L-Lysine Chews 60 Pack,No regulation
5060149640128,SelfCheck Coeliac Disease Test Kit,No regulation
5060571820921,The Good Guru Vegan Weight Gainer Protein Chocolate 500g,No regulation
5011417581605,Gaviscon Double Action Aniseed Oral Suspension 600ml,GSL
5034511002470,Green People Protein-Boost Hair Serum 100ml,No regulation
5038580003789,Yankee Candle Fluffy Towels Large Jar 623g,No regulation
5038581134260,Yankee Candle Tranquil Garden Large Jar 623g,No regulation
8809684561126,Milk Touch Green Apple Pore Collagen Ampoule 40ml,No regulation
5021265250615,Vitabiotics Pregnacare Him & Her Conception 60 Tablets,No regulation
5060203790271,Terranova Biotin 300Ug Complex 100 Pack,No regulation
0876198042821,Optixcare Eye Health 20g,No regulation
0658556116791,Botanicals For Life Organic Turmeric Extract 50ml,No regulation
5013011002487,Phenergan Elixir 5mg/5ml Oral Solution 6y+ 100ml,P
0054402250068,Australian Gold Aloe Freeze Spray Gel 237ml,No regulation
5060571822369,The Good Guru Magnesium Taurate + Vitamin B6 90 Capsules,No regulation
3760201136300,Lamazuna Menstrual Cup-Size 1 (Pink Pouch) 1 Pack,No regulation
8809566990563,Benton Goodbye Redness Centella Spot Cream 15g,No regulation
5060571821454,The Good Guru Vegan Weight Loss Protein Vanilla 500g,No regulation
0876198042425,Optixcare Eye Lube 20g,No regulation
5055193542481,SUNKISSED 24 Days Of Christmas Advent Calendar,No regulation
5055148414849,Lamberts Vitamin B-50 Complex 120 Tablets,No regulation
3574661795652,Aveeno Dermexa Cream 300ml,No regulation
5031013107375,Higher Nature Ultimate Aloe Skin Gel 75ml,No regulation
5027314503138,Bio-Kult Pro-Cyan 45 Capsules,No regulation
5060776980093,DR.VEGAN Vegan Nights Relax & Sleep 30 Capsules,No regulation
5012748615274,Movicol Lemon & Lime Sachets 30 Pack,P
5011309105315,Flexitol Heel Balm 25% Urea 200g,No regulation
0033984041462,Solgar Siberian Ginseng Root Extract 60 Capsules,No regulation
0021078000211,Source Naturals Wellness Formula 45 Tabs,No regulation
5038581147697,Yankee Candle Classic Apple Sweet Fig 623g,No regulation
8809540510299,Benton Cacao Moist & Mild Cream 50g,No regulation
4015600300807,Clearblue Double-Check & Date Pregnancy Test 2 Pack,No regulation
5011309590111,Hedrin Once Spray Gel 100ml,No regulation
5000158063471,FyboGel Lemon Sachets 2x30 Sachets,GSL
4005900661371,Nivea Q10 Power Antiwrinkle Night Cream 50ml,No regulation
9326922000432,Australian Bush Flower Essences Woman Mist 50ml,No regulation
9326922000418,Australian Bush Flower Essences Space Clearing Mist 50ml,No regulation
5031013101007,Higher Nature MSM Glucosamine Joint Complex 90 Tablets,No regulation
5031013101274,Higher Nature Betaine HCl 90 Capsules,No regulation
9326922006847,Australian Bush Flower Essences Focus Mist 50ml,No regulation
5031013108624,Higher Nature High Strength Vitamin D3 2000IU 120 Capsules,No regulation
5031013104312,Higher Nature Super Osteofood 90 Tablets,No regulation
0033984020290,Solgar Wild Oregano Oil 60 Softgels,No regulation
5060018513942,KIKI Health Liquid Chlorophyll 125ml,No regulation
9349288140611,A'kin Certified Organic Rosehip Oil (Hydrating) 20ml,No regulation
9300631375814,Scholl Ingrowing Toenail Clip & Spray Kit,No regulation
4027800979301,Wilkinson Sword Hydro 5 Sense Set 7Pc,No regulation
5020465203223,Cetaphil Pro Moisturising Lotion 295ml,No regulation
5709976104808,Pharma Nord Bio-Fish Oil 500mg 240 Caps,No regulation
5060734420197,Rose & Caramel Purity Fade Away Tan Removing Shower Gel 250ml,No regulation
0054402260487,Australian Gold Dark Tanning Accelerator Spray 177ml,No regulation
5056142600207,Protein World Toner 90 Capsules,No regulation
0033984016712,Solgar Natural Lutein Lycopene Carotene Complex 30 Capsules,No regulation
5010249020856,FSC L-Carnitine 500mg 60 Capsules,No regulation
0033984008717,Solgar Chromium Picolinate 500µg 60 Capsules,No regulation
5055148409944,Lamberts Prostex 90 Tablets,No regulation
5060018511443,KIKI Health Organic Premium Wheatgrass Powder 100g,No regulation
5060571720764,Upcircle Eye Cream with Maple & Coffee 10ml,No regulation
5055148413842,Lamberts Glucosamine QCV 120 Tablets,No regulation
4005808858729,Eucerin AtoControl Bath & Shower Oil 400ml,No regulation
5060734420050,Rose & Caramel Purity Prep & Protect Spray 175ml,No regulation
5055148413743,Lamberts Artichoke 7245mg 180 Tablets,No regulation
7702018428229,Gillette Fusion Proshield Flexball Men's Razor Handle + 4 Blades,No regulation
5056142606476,Protein World Keto Hunger Buster 90 Capsules,No regulation
3662042002663,Blephasol Duo Daily Eyelid Cleansing Pads 100 Pack,No regulation
5060018511542,KIKI Health Organic Camu Camu Powder 70g,No regulation
5060734420036,Rose & Caramel Nudity Clear Self Tanning Mousse 200ml,No regulation
5060018511566,KIKI Health Organic Acai Powder 50g,No regulation
0033984005099,Solgar Calcium Magnesium Citrate 100 Tablets,No regulation
0033984010109,Solgar Dlpa (Dl-Phenylalanine) 500mg 50 Capsules,No regulation
0020714804336,Clinique Pep-Start 2-In-1 Exfoliating Cleanser 125ml,No regulation
0033984019416,Solgar Folate 400mcg (As Metafolin) 100 Tablets,No regulation
5060018511757,KIKI Health Organic Hemp Protein Powder 235g,No regulation
9329401000473,The Goat Skincare Body Wash 1000ml,No regulation
0033984007437,Solgar Ester-C Plus Immune Complex 60 Softgels,No regulation
5056142607299,Protein World Omega 3-6-9 90 Capsules,No regulation
5012917010510,Frontline Homegard Spray 500ml,No regulation
5060018511450,KIKI Health Organic Premium Spirulina 200 Tablets,No regulation
5055148414856,Lamberts N-Acetyl Cysteine (NAC) 300mg 90 Capsules,No regulation
0859975002362,Andalou Luminous Eye Serum 38ml,No regulation
0017854109728,Baylis & Harding Sweet Mandarin & Grapefruit Candlelit Bathtime Set,No regulation
3282770153378,Klorane Peony Milky Makeup Remover 200ml,No regulation
9327693002205,Sukin Bronzing Gel 200ml,No regulation
3800219794274,"Alteya Essential Oils Set - Lavender, Tea Tree, Orange, Lemongrass 4 x 5ml",No regulation
0839573002100,Grahams Natural Conditioner 250ml,No regulation
5011309560213,Hedrin 4% Lotion Spray 120ml,No regulation
7350012553463,BioGaia Protectis for Immune System with Vitamin D+ 30 Chewable Tablets,No regulation
3574660680034,Piz Buin Allergy Sensitive Skin SPF30 Sun Lotion with Calmanelle 400ml,No regulation
5060209732619,Eyenite Ointment 5g,GSL
9327693000423,Sukin Hydrating Body Lotion 500ml,No regulation
5021265242351,Vitabiotics Jointace Sport 30 Tablets,No regulation
5000347078835,Niquitin Step 3-7 Day 7mg 7 Pack,GSL
3282770150162,Klorane Anti-Dandruff Powder Mask Treatment 24g,No regulation
5052197038002,Scholl Gel Active Everyday Insoles Men 1 Pair,No regulation
5060455146918,Brushworks Travel Makeup Brush & Sponge Set,No regulation
5017978000357,Probio 7 40 Capsules,No regulation
0615908942200,Tigi Bed Head Colour Goddess Shampoo & Conditioner Twin 750ml 2 Pack,No regulation
0017854106048,Baylis & Harding Limited Edition Mulberry Fizz Perfect Pamper Gift Set,No regulation
5056156306782,Indigo Herbs Bladderwrack Tincture 100ml,No regulation
3067698307818,Pukka Mushroom Gold 60 Capsules,No regulation
5012616291579,Xls-Medical Fat Binder 30 Tablets,No regulation
8809566990341,Benton Deep Green Tea Toner 150ml,No regulation
5060202180905,Cytoplan Wholefood Iron 10mg 60 Capsules,No regulation
3411113065355,Douxo S3 Calm 30 Pads,No regulation
0087614114118,Swanson Berberine 400mg 60 Capsules,No regulation
3411113021481,Douxo S3 Pyo 30 Pads,No regulation
0033984003132,Solgar Biotin 5000µg 50 Vegetable Capsules,No regulation
0085805220761,Elizabeth Arden Visible Difference Hydragel 75ml,No regulation
5060202184651,Cytoplan Boswellia 400mg 60 Capsules,No regulation
5025970009513,Nivea Winter Warmer Set,No regulation
4006000100661,Eucerin AtoControl Calming Face Cream 50ml,No regulation
5012335874503,Seven Seas Trying for A Baby Stage 1 4 Week Pack 28 Tablets,No regulation
5060571822383,"The Good Guru Magnesium Glycinate, Calcium, Zinc, Vitamin D3 Supplement 90 Capsules",No regulation
5060229011770,Pukka Clean Greens 60 Capsules,No regulation
0054402730058,Australian Gold SPF50 Lotion with Instant Bronzer 237ml,No regulation
0033984017115,Solgar Magnesium Citrate 120 Tablets,No regulation
0768990537875,"Nordic Naturals Baby's DHA, 1050mg Omega-3 with Vitamin D3 - 60 ml.",No regulation
5649201379628,Urban Tonic Beard Oil Bay Rum 30ml,No regulation
7391325900100,Nutri Advanced Eskimo-3 Bright Kids Omega-3 + Vitamin D 27 Jellies,No regulation
5034445004106,The Eye Doctor Advanced Triple Action Eye Drop 10ml,No regulation
5407007651207,Bambaw Metal Safety Razor Mint Green,No regulation
5055148400507,Lamberts Pure Evening Primrose Oil 1000mg 90 Capsules,No regulation
5060571822697,The Good Guru Organic Moringa 1200mg 90 Capsules,No regulation
5060562640071,Birch & Wilde Vitamin B Complex 60/120 Day Supply 120 Capsules,No regulation
5034511010215,Green People Jade Gua Sha Facial Massage Tool,No regulation
5060291420395,Nursem Caring Body Cream 250ml,No regulation
5020465201809,Cetaphil Moisturising Night Cream 50ml,No regulation
3760201136331,Lamazuna Feminine Cup Size 2 (Yellow Pouch) 1 Pack,No regulation
0017854110359,Baylis & Harding Wild Fig & Pomegranate Slipper Set,No regulation
5038581028798,Yankee Candle Home Inspiration Cherry Vanilla 538g,No regulation
5012616291616,Nytol Anti-Snoring Throat Spray 50ml,GSL
5055148411442,Lamberts Sea Buckthorn Berry Oil 1000mg 30 Capsules,No regulation
5060202185030,Cytoplan Eye-cyt 60 Capsules,No regulation
5999887678394,Osi Magnesium Magnesium Oil Spray 200ml,No regulation
3401346673274,Bioderma Sensibio Rich 40ml,No regulation
5647201379624,Urban Tonic Beard Oil Spiced Raspberry 30ml,No regulation
5709976157200,Pharma Nord K Pearls Bio-Vitamin K2 Mk7 75mcg 60 Capsules,No regulation
5010605400766,Clarityn Allergy 10mg 60 Tablets,P
5060018515847,KIKI Health Organic Inulin Powder 250g,No regulation
5031013103018,Higher Nature Visualeyes 30 Capsules,No regulation
0033984039711,Solgar Milk Thistle 50 Capsules,No regulation
2100006947595,Auraleze Ear Cleansing Solution for Dogs & Cats 125ml,No regulation
5060332532469,Lindens Health + Nutrition 5 HTP 100mg 120 Tablets,No regulation
4210201176657,Oral-B Sensi Ultrathin Replacement Electric Toothbrush Heads 4 Pack,No regulation
5407007651092,Bambaw Shaving Brush Rose Gold,No regulation
8809566990037,Benton Cacao Moist & Mild Serum 30ml,No regulation
3574660446777,Nicorette Icy White Gum 2mg 105 Pack,GSL
3605540783023,Biotherm Homme 72H Day Control Antiperspirant Roll On 75ml,No regulation
5034511005006,Green People Organic Babies Soothing Salve Cream 100ml,No regulation
7322540574838,Tena Pants Protect+ Maxi Medium 10 Pack,No regulation
5060391847825,Dr. Organic Ageless Overnight Recovery Oil with Organic Seaweed,No regulation
5055148413118,Lamberts Bromelain 1250GDU 60 Tablets,No regulation
4002448087472,Scholl Gel Activ All Day Comfort Flats 1 pair,No regulation
5010605055508,Canesbalance Bacterial Vaginosis Vaginal Gel,GSL
5029354011161,Activjuice Orange & Pineapple 1000ml,No regulation
5012616265983,Lyclear Express Shampoo 200ml,No regulation
3282770000634,Avène Tolérance Extrême Emulsion 50ml,No regulation
7322541139739,Tena Pants Protect+ Maxi Extra Large 10 Pack,No regulation
5060203791001,Terranova Copper 2mg Complex (Bisglycinate) 100 Pack,No regulation
5023652420069,Nature's Aid Omega-7 Sea Buckthorn Oil 60 Softgels,No regulation
96195178,Pukka Christmas Kilner Tea Tin,No regulation
5029354002725,Aloe Pura Aloe Vera Sun Lotion SPF25 200ml,No regulation
5646201379627,Urban Tonic Beard Oil Old School Gold 30ml,No regulation
4048882000318,Vagisan Protective Ointment 75ml,No regulation
5060455148431,Brushworks Revitalising Face Set,No regulation
7610313304455,A.Vogel Menoforce Sage 30 Tablets,No regulation
5055148403201,Lamberts Ester-C 650mg 90 Tablets,No regulation
4001638096584,Weleda Baby Calendula Bath 200ml,No regulation
5648201379621,Urban Tonic Beard Oil Strawberry & Mango 30ml,No regulation
5060332533886,Lindens Health + Nutrition Biotin 5mg 360 Tablets,No regulation
4005800152504,Eucerin Sun Face Mattifying Fluid SPF50+ 50ml,No regulation
3574661250984,Aveeno Body Wash 500ml,No regulation
5021265244850,Vitabiotics Pregnacare New Mum 56 Tablets,No regulation
3597133097122,Epiotic Ear Cleanser,No regulation
8716900580482,Nutricia Fortisip Compact Protein Drink Banana 4 x 125ml,No regulation
5060104170585,YES Organic Water Based Personal Lubricant-150ml,No regulation
5029354012175,Optima Superfruits Sour Cherry Juice 500ml,No regulation
4005800283079,Eucerin Aftersun Sensitive Relief Gel-Cream 200ml,No regulation
5010605402111,Canesten Thrush Oral 1 Capsule,P
4004148017018,Floradix Intestcare 250ml,No regulation
5011417588208,Fybocalm Diarrhoea Relief 100mg 30 Capsules,No regulation
8718053572444,Wartie Cool Wart & Verruca Remover 50ml,No regulation
5060149640197,SelfCheck Urine Infection Home Screening Tests 2 Pack,No regulation
0054402720899,Australian Gold SPF6 Spray Gel with Bronzer 237ml,No regulation
8017331055427,BlanX White Shock Treatment 50ml,No regulation
0020714222864,Clinique Dramatically Different Moisturising Gel 50ml,No regulation
3662042002458,Thealoz Duo Eye Drops 10ml,No regulation
5000158101241,Optrex Actimist Spray 10ml,No regulation
0083000006456,Nature's Answer Milk Thistle Seed 30ml,No regulation
9335955001903,MooGoo Gentle Foaming Face Cleanser 200ml,No regulation
0054402250266,Australian Gold Accelerator Spray 250ml,No regulation
5060332533978,Lindens Health + Nutrition MSM (methylsulfonylmethane) 1000mg 360 Tablets,No regulation
0878941000072,Liquid Concentrace Trace Mineral Drops 59ml,No regulation
5060571821225,The Good Guru Organic Ashwagandha + Black Pepper 90 Capsules,No regulation
5055148403003,Lamberts Digestizyme (Plant-Sourced Enzymes) 100 Capsules,No regulation
5060176676367,Dr. Organic Snail Gel 50ml,No regulation
5034445004144,The Eye Doctor Advanced Comfort Eyelid Oil 10ml,No regulation
5021265243396,Vitabiotics Menopace Night 30 Tablets,No regulation
4001638086752,Weleda Almond Sensitive Skin Hand Cream 50ml,No regulation
5038483844656,Scholl Softgrip C1 Below The Knee Compression Hosiery Large Closed Toe Natural,No regulation
5034511005228,Green People Organic Babies Softening Baby Lotion Scent Free 150ml,No regulation
5060099031380,Odylique Lemon Butter Hand Smoothie 60ml,No regulation
5060280920356,FlexiSEQ for Joint Wear & Tear 50g,No regulation
5012335851108,Seven Seas Cod Liver Oil Extra High Strength 60 Capsules,No regulation
8713975500667,Minami MorEPA Original Omega-3 Fish Oil 30 Capsules,No regulation
5060571820143,The Good Guru Magnesium Glycinate B6 90 Capsules,No regulation
5027314498212,Bio-Kult Saccharomyces Boulardii Advanced 30 Capsules,No regulation
0054402720950,Australian Gold SPF30 Spray Gel with Bronzer 237ml,No regulation
5060203791681,"Terranova Glucosamine, Boswellia & MSM Complex 50 Pack",No regulation
5000167019193,Unguentum M Ambiphilic Dermatological Cream 500g,No regulation
0078522030270,Jason Tea Tree Body Wash 887ml,No regulation
4001638905305,Weleda Foot Balm 75ml,No regulation
0054402250440,Australian Gold Dark Tanning Accelerator Spray 237ml,No regulation
4008666701909,Plantur 39 Phyto-Caffeine Tonic 200ml,No regulation
5060112866197,Fushi Organic Black Seed Oil 100ml,No regulation
0054402720905,Australian Gold SPF10 Spray Gel with Bronzer 237ml,No regulation
5054563129765,Centrum Advance Adults Mulitvitamin 100 Tablets,No regulation
5038581113616,Woodwick Ellipse Candle Chilli Pepper Gelato 453g,No regulation
0634158952982,Planet Paleo Primal Goddess 10 Sachets,No regulation
5000488301519,Bach Remedy Kit Enjoy The Moment 3 X 10ml,No regulation
9335955002894,MooGoo Cover-Up Buttercup SPF 15 Natural Moisturiser 120g,No regulation
0087614019109,Swanson Saw Palmetto 540mg 250 Cpasules,No regulation
5060202180509,Cytoplan Methylfolate 400µg 60 Capsules,No regulation
5060176679900,Dr. Organic Snail Gel Cream 50ml,No regulation
5000158066663,Fybogel Hi-Fibre Orange 30 Sachets,GSL
5038581152776,Yankee Candle Home Inspiration Sunflower Fields 538g,No regulation
0078522021131,Jason Lavender Body Wash 900ml,No regulation
5000174789379,Olay Complete Night Cream 50ml,No regulation
0078522083221,Jason Kid's Natural Sunblock SPF45 113g,No regulation
5060202184668,Cytoplan L-Theanine 60 Capsules,No regulation
3574661733715,Aveeno Skin Renewal Smoothing Cream 300ml,No regulation
5034511029019,Green People OY! Clear Skin Cleansing Moisturiser 50ml,No regulation
0054402720974,Australian Gold SPF30 Lotion with Bronzer 237ml,No regulation
5020465201755,Cetaphil Pro Moisture-Lipid Body Wash 295ml,No regulation
9317129040444,Flexitol Heel Balm 112g,No regulation
3760201136546,Lamazuna Gentle Cleansing Duo 1 Pack,No regulation
4001638580229,Weleda Skin Food Nourishing Day Cream 40ml,No regulation
5055172211087,Premier First Aid Kit Large,No regulation
0078522021162,Jason Revitalizing Citrus Body Wash 887ml,No regulation
5060332535040,"Lindens Health + Nutrition Neurovits Plus (B1, B6, B12, Folic Acid) 360 Tablets",No regulation
5038581147741,Yankee Candle Golden Autumn Large Jar 623g,No regulation
0078522021056,Jason Aloe Vera Body Wash 887ml,No regulation
5060203796129,Terranova CoQXorb CoQ10 Complex 50 Veg Capsules,No regulation
5055148406615,Lamberts Liquid Cherry Concentrate 500ml,No regulation
6001159118497,Bio-Oil Dry Skin Gel 200ml,No regulation
5010415230409,Tommee Tippee 2 In 1 Thermometer,No regulation
4005900475978,Nivea Sun UV Face Q10 Anti-Age SPF50 50ml,No regulation
4001638580205,Weleda Skin Food Nourishing Night Cream 40ml,No regulation
6009544943181,USN Micronised Creatine Powder 200g,No regulation
0017854110168,Baylis & Harding The Fuzzy Duck Men's Hemp & Bergamot Five Day Set,No regulation
5700002148865,Ra HYGGE Reishi Filter Grind Coffee 227g,No regulation
8809416470016,COSRX Advanced Snail 92 All in One Cream 100g,No regulation
4011700444571,Tabac Original 2 Piece Gift Set,No regulation
0054402720929,Australian Gold SPF15 Spray Gel with Bronzer 237ml,No regulation
4005900998873,Nivea Sun Triple Face Protection SPF50+ 40ml,No regulation
3282770152555,Avène Milk Cleanser 200ml,No regulation
0033984041240,Solgar Green Tea Leaf Extract 60 Capsules,No regulation
5038581130279,Yankee Candle Home Inspiration Elderflower Spritz 538g,No regulation
0738678000793,American Crew Fiber & Daily Shampoo Set 2Pc,No regulation
5055443654629,Fruit Works Coconut & Lime Shower Gift Set,No regulation
0054402730034,Australian Gold Ultimate Hydration Lotion SPF30 237ml,No regulation
5055148411428,Lamberts Magnesium 375-180 Tablets,No regulation
0839573002070,Grahams Natural Shampoo 250ml,No regulation
5055148409166,Lamberts Fos (Fructo-Oligosaccharides) 500g Powder,No regulation
5060203790677,Terranova Digestive Enzyme Complex 50 Pack,No regulation
7702018966783,Gillette Venus Comfortglide Spa Breeze Women's Razor Blades,No regulation
5025903027225,Nutri Within Multivitamins & Minerals 365 Tablets,No regulation
5055148414726,"Lamberts Multi-Guard Hair, Skin and Nails 60 Gummies",No regulation
0083000006487,Nature's Answer Mullein Leaf 30ml,No regulation
7350041583400,Conotrane Cream 500g,GSL
5055148400620,Lamberts Cod Liver Oil 1000mg 180 Capsules,No regulation
0078522021230,Jason Invigorating Rosewater Body Wash 887ml,No regulation
5055148413446,Lamberts Imuno-Strength Elderberry & Rosehip Liquid 200ml,No regulation
5060203790011,Terranova Antioxidant Nutrient Complex 50 Pack,No regulation
5031013104916,Higher Nature Organic Flavour Free Coconut Oil 400g,No regulation
5060203791841,"Terranova Coq10, Magnesium & Hawthorn Complex 50 Pack",No regulation
7702018607822,Gillette King C Compact Styling Kit,No regulation
5060099032301,Odylique Lavender Hydrating Shampoo 200ml,No regulation
3596200050763,Weleda Birch Juice 200ml,No regulation
3282770053104,Avène Tolérance Extrême Cleansing Lotion 200ml,No regulation
5055148412487,Lamberts Multi-Guard Advance 60 Tablets,No regulation
5011417588215,FyboCalm Wind & Bloating Relief 30 Capsules,No regulation
5745000836147,Ra HYGGE Shiitake Coffee Grind 227g,No regulation
5054563032485,Voltarol Back & Muscle Pain Relief Gel 100g,GSL
0074312000072,Nature's Bounty Cran-Max Cranberry 60 Gummies,No regulation
5055148406196,Lamberts Echinacea Cold & Flu Relief 60 Tablets,No regulation
5060203791650,Terranova Dong Quai Soya Sprout Complex 50 Pack,No regulation
5031013108785,Higher Nature Daily Nutrients for Vegans 28 Capsules,No regulation
5055148405236,"Lamberts Imuno-Strength Elderberry, Rosehip & Blackcurrant 500ml",No regulation
5010249041592,FSC Cantamega 180 Tablets,No regulation
5011309885217,Hedrin 4% Lotion 150ml,P
0033984023154,Solgar Psyllium Husks Fibre 500mg 200 Vegetable Capsules,No regulation
0033984005785,Solgar Spirulina 750mg 80 Capsules,No regulation
5060018511344,KIKI Health Organic Coconut Oil 500ml,No regulation
5055148403287,Lamberts Green Lipped Mussel Extract 350mg 90 Tablets,No regulation
5012616291609,Lyclear Treatment Sensitive 150ml,GSL
5034268005991,ProVen Probiotics Acidophilus & Bifidus 25 Billion 30 Capsules,No regulation
5034268004130,ProVen Probiotics Lactobacillus & Bifidus for Breast Fed Babies 30 x 6g,No regulation
0033984011496,"Solgar Formula Vitamin B-Complex ""100"" Extra High Potency 50 Capsules",No regulation
0033984010703,Solgar Cold Pressed Flaxseed Oil 1250mg 100 Softgels,No regulation
5060332533770,Lindens Health + Nutrition Multivitamins A-Z Daily 360 Tablets,No regulation
7702018569212,Gillette Styler & Shaving Gel Set,No regulation
0033984032804,Solgar Vitamin C 1000mg 100 Capsules,No regulation
0033984023185,Solgar Quercetin Complex 50 Vegetable Capsules,No regulation
0033984012547,Solgar L-Glutamine 1000mg 60 Tablets,No regulation
5391500077841,Cleanmarine for Kids Orange Burst Liquid Omega 3 150ml,No regulation
5055148413279,Lamberts L-Lysine 1000mg 120 Tablets,No regulation
5430000934602,Bambaw Reusable Makeup Pads 16 Pack,No regulation
0033984034006,Solgar Dry Vitamin E 268mg (400IU) 50 Capsules,No regulation
8809663752439,Mizon Acence Blemish Out Pink Spot 30ml,No regulation
4086000011891,Fresubin Energy Fibre Drink Vanilla 4 x 200ml,No regulation
7322540696011,Tena PROskin Comfort Normal Pads 42 Pack,No regulation
5060927260852,"BeYou Hair, Skin & Nails 60 Gummies",No regulation
0033984017870,Solgar Multiple Fibre Formula 120 Capsules,No regulation
5016973000195,Balance Activ Moisture Plus Pessaries 2g 10 Pack,No regulation
4001638096591,Weleda Baby Calendula Cream Bath 200ml,No regulation
5010249041011,FSC Acidophilus Fos Vegetarian 120 Capsules,No regulation
4006000100647,Eucerin Urea Repair Day Face Cream 50ml,No regulation
7610313304608,A.Vogel Eye Drops Extra Moisturising 10ml,No regulation
5060099031304,Odylique Repair Lotion 60ml,No regulation
6001159130994,Bio-Oil Body Lotion 175ml,No regulation
5055148409845,Lamberts Alpha Lipoic Acid 300mg 90 Tablets,No regulation
5011309720716,Hedrin Treat & Go Mousse 100ml,No regulation
5023652432031,Nature's Aid Pro-IntiMUM for Pregnancy 30 Capsules,No regulation
5000347078255,Niquitin Clear Patch Step 3 7mg 7 Pack,GSL
5060229011930,Pukka Wholistic Neem 30 Capsules,No regulation
0033984508330,Solgar Vegetarian Dha 100mg 30 Veg. Softgels,No regulation
5060229011893,Pukka Aloe Vera 30 Capsules,No regulation
5060229014641,Pukka Turmeric Lifekind 30 Capsules,No regulation
5060229017901,Pukka Womankind Premenstrual 30 Capsules,No regulation
4001638501491,Weleda Skin Food Light 75ml,No regulation
5015632090317,Cath Kidston Cassis & Rose Daily Essentials Set,No regulation
0810071800177,Breathe Right Original Sleep Strips 30 Pack,No regulation
5060927260272,BeYou Iron Support 60 Gummies,No regulation
3380810258288,Clarins My Clarins Pore-Less Blur & Matte Stick 3.2g,No regulation
0615908950977,Tigi Bed Head Duo Shampoo & Conditioner Resurrection 2x 750ml,No regulation
5701943102596,Riemann P20 Sun Protection SPF30+ Spray 150ml,No regulation
5060229011923,Pukka Glow 30 Capsules,No regulation
5012748615250,Movicol Chocolate 30 Sachets,P
5060588690128,itsy Insulatez Combo Bag,No regulation
5060203790042,Terranova Coq10 30mg Complex 50 Pack,No regulation
8809479164273,11 Village Factory Moisture Eye Cream 30ml,No regulation
5060203791629,"Terranova Beauty Complex Skin, Hair & Nails 50 Pack",No regulation
0634158532900,Wild Nutrition Children's Food-Grown Vitamin C & Zinc 30 Capsules,No regulation
0634158533389,Wild Nutrition Food-Grown Vitamin B6 60 Capsules,No regulation
0634158533273,Wild Nutrition Food-Grown Folic Acid 30 Capsules,No regulation
0787211000363,Badedas Bath Gelee Essence Original 750ml,No regulation
7350087736839,E45 Cream Pump 500g,GSL
5060519147769,Pukka Wholistic Turmeric 30 Capsules,No regulation
5023652440067,Nature's Aid Pro-Cognitiv (10 Bill Bac) 60 Capsules,No regulation
7618900914018,Mavala Cuticle Cream 15ml,No regulation
0658556116883,Botanicals For Life Organic Black Walnut & Wormwood Extract 50ml,No regulation
4031626711465,Hycosan Dual 7.5ml,No regulation
5060571721549,UpCircle Gua Sha,No regulation
4005800035883,Eucerin Urea Intensive Treatment Cream 100ml,No regulation
5055382303923,Alvita Vinyl Powder Free Examination Gloves medium 100 Pack,No regulation
8809566990051,Benton Cacao Moist & Mild Toner 150ml,No regulation
5034511001374,Green People Rosemary & Prebiotics Deodorant 75ml,No regulation
4064951001277,Frontline Spot On for Dogs 2-10kg 1 Pack,No regulation
0033984007802,Solgar Chelated Solamins Multimineral inc. Iodine 90 Tablets,No regulation
5011417588192,FyboCalm Constipation Relief 30 Capsules,No regulation
5060018515519,KIKI Health Organic Beetroot Powder 200g,No regulation
5391531760002,Actase Lutein ZA 30 Softgels,No regulation
5055148408435,Lamberts Veintain (Ginkgo 6000mg Plus Cinnamon & Ginger) 60 Tablets,No regulation
0033984015951,Solgar Sublingual Liquid B12 2000µg with B-Complex 59ml,No regulation
5000309008238,CENTRUM FOR WOMEN (60S),No regulation
5034511001497,Green People Aloe Vera Prebiotics Deodorant 75ml,No regulation
5055148415150,Lamberts Biome Balance Everyday Ultra 30 capsules,No regulation
5034511002517,Green People Organic Babies Calming Nappy Cream 50ml,No regulation
4013162020645,Miss Fenjal Touch Of Purple EDT,No regulation
5060776980178,DR.VEGAN Debloat & Detox 60 Capsules,No regulation
5999887678509,Osi Magnesium Magnesium Oil Sensitive Spray 200ml,No regulation
5012748615328,Movicol Plain 30 Sachets,P
5021265221509,Vitabiotics Pregnacare Original 90 Tablets,No regulation
5029354011208,Activjuice Sour Cherry 1000ml,No regulation
5034511001381,Green People Scent-Free Roll-on Deodorant 75ml,No regulation
4013162020560,Miss Fenjal Blosson Edition EDT,No regulation
4031626710789,Hylo-Forte Eye Drops 10ml,No regulation
0033984038622,Solgar Dong Quai 100 Capsules,No regulation
5060202181803,Cytoplan Saccharomyces Boulardii 250mg 30 Capsules,No regulation
5023652430037,Nature's Aid OptiGUT-D (10 Bill Bac) 30 Capsules,No regulation
5709976133501,Pharma Nord Bio-Calcium +D3+K1+K2 500mg 150 Tablets,No regulation
4013162020621,Miss Fenjal Dark Seduction EDT,No regulation
5056142600146,Protein World Hunger Buster 90 Capsules,No regulation
5034511001091,Green People for Men No. 9 Mint & Prebiotics Deodorant 75ml,No regulation
5031013103384,Higher Nature Premenstrual Complex 60 Capsules,No regulation
5060203791827,"Terranova Chromium, Cinnamon & Lipoic Acid Complex 50 Pack",No regulation
7618900915015,Mavala Cuticle Remover 10ml,No regulation
0859975002263,Andalou Pumpkin Pack in Honey Glycolic Mask 50g,No regulation
5031013100116,Higher Nature Serotone 5HTP 100mg 30 Capsules,No regulation
0033984036253,Solgar Formula Vm-Prime for Adults 50+ 60 Tablets,No regulation
5060332535767,Lindens Health + Nutrition Chromium Max 1000mcg 360 Tablets,No regulation
5031013102554,Higher Nature Supergar 90 Tablets,No regulation
5055148400316,Lamberts Vitamin B-100 Complex 60 Tablets,No regulation
0033984038189,Solgar Chlorella 520mg 100 Capsules,No regulation
3337875905626,CeraVe Moisturising Cream Refill Pouch 454g,No regulation
8809566990822,Benton Deep Green Tea Serum 30ml,No regulation
5055148412982,Lamberts Ashwagandha with Vitamin C Plus Zinc Complex 60 Capsules,No regulation
5031013105845,Higher Nature Oregano Oil 90 Capsules,No regulation
5060553605089,BeYou Menstrual Cup Medium,No regulation
5391531760026,Optase Dry Eye Spray 17ml,GSL
9400097080373,Optima Musselex 500mg Green Lipped Mussel Extract 90 Tablets,No regulation
8577201379522,Urban Tonic Beard Balm Strawberry & Mango 60ml,No regulation
5060420232608,Lansinoh Organic Pre-Birth Preparation Oil 50ml,No regulation
5034511004184,Green People Manuka & Lemon Tea Tree Hand Cream 50ml,No regulation
7610313807116,A.Vogel Cough Spray for Kids 30ml,GSL
8578201379628,Urban Tonic Beard Balm Bay Rum 60ml,No regulation
7612367014007,Medela Quick Clean Micro-Steam Bags 5 Pack,No regulation
4031626710734,Hylo-Tear Eye Drops 10ml,No regulation
0859975002287,Andalou Lemon Sugar Facial Scrub 50g,No regulation
4064951001215,Frontline Spot On for Dogs 20-40kg 1 Pack,No regulation
5060673980004,Dayonix Irofix Drops 30ml,No regulation
8576201379624,Urban Tonic Beard Balm Spiced Raspberry 60ml,No regulation
5011417567272,Durex Intense Condoms 12 Pack,No regulation
5060697570014,TestCard Urinary Tract Infection (UTI) Kit,No regulation
8032779841043,Bazuka Sub-Zero 50ml,GSL
7322540574890,Tena Pants Protect+ Super Large 12 Pack,No regulation
8700216075459,Gillette Proglide Gift Bag Set,No regulation
5012335880009,Seven Seas Perfect7 Woman 30 Tablets /Capsules,No regulation
5051562017208,Voltarol 1.16% Gel 100g,P
0859975002256,Andalou Bioactive Berry Fruit Enzyme Mask 50g,No regulation
0716237187895,Giovanni Smoothing Castor Oil Shampoo 399ml,No regulation
8579203756271,Urban Tonic Beard Balm Old School Gold 60ml,No regulation
0017854110977,Baylis & Harding Wild Fig & Pomegranate 3 Piece Set,No regulation
0074312002625,Nature's Bounty Omega 3-6-9 1200mg 60 Pack,No regulation
5701943030165,Riemann P20 Sun Protection SPF 20+ Lotion 100ml,No regulation
7643022210434,Shea Moisture Coconut & Hibiscus Curling Gel Souffle 340g,No regulation
4004148326332,Floradix Detox Bio Herbal Formula 250ml,No regulation
5034268004178,ProVen Probiotics for Pregnancy 30 Capsules,No regulation
5031013101571,Higher Nature Ultratrace 57ml,No regulation
5060202181216,Cytoplan Glucosamine Hydrochloride 750mg 60 Capsules,No regulation
7618900917019,Mavala Mavapen Cuticle Oil 4.5ml,No regulation
5031013100864,Higher Nature True Food Gtf Chromium 90 Tablets,No regulation
3574661748788,Aveeno Calm Restore Oat Gel Moisturiser 50ml,No regulation
5010249025028,FSC Glucosamine 500mg & Chondroitin 400mg 60 Tablets,No regulation
8711428079425,3M Steri-Strip 3mm x 7.5mm 12 Pack,No regulation
9338177000600,Dermalex Repair Eczema 30g,No regulation
3700454505614,Ocryl Cleansing Solution 135ml,No regulation
5036631008691,Vamousse Head Lice Treatment 160ml,No regulation
5407007651085,Bambaw Shaving Brush Black,No regulation
5060112865138,Fushi Organic Reishi Mushroom 60 Capsules,No regulation
5012617000422,Atopic Eczema Treatment - Audavate RD 0.025% Cream 100g,P
5060523019175,Ted Baker 30ml Eau de Toilette & 150ml Body Wash Gift Set,No regulation
0083000006043,Nature's Answer Dandelion Root 30ml,No regulation
5028392002452,Nutri Advanced Milk Thistle Complex 60 Capsules,No regulation
0017854107014,Baylis & Harding Citrus Lime & Mint Water Bottle Gift Set,No regulation
0054402730096,Australian Gold Ultimate Hydration Lotion SPF50 237ml,No regulation
7610313304585,A.Vogel Echinaforce Forte Cold & Flu 40 Tablets,GSL
5012617000453,Atopic Eczema Treatment - Audavate RD 0.025% Ointment 100g,P
5000476010638,Johnson's Veterinary Anti-Plaque Powder 70g,No regulation
3662042007491,Thealipid Dry Eye Relief Eye Drops 10ml,No regulation
5056634286957,The Luxury Bathing Company Praline & Vanilla Hot Water Bottle Gift Set,No regulation
0851325002206,Macadamia Natural Oil Moisturizing Rinse 300ml,No regulation
5060391848341,Dr. Organic Skin Calm Probiotic Protection Serum 30ml,No regulation
5000283661924,Dulcolax Twelve Plus 5mg Gastro-Resistant Bisacodyl 100 Tablets,P
7350012553449,BioGaia Baby Drops Lactic Acid Bacteria 5ml,No regulation
9326922000647,Australian Bush Flower Essences Bush Fuchsia 15ml,No regulation
5060099031519,Odylique Natural Sunscreen SPF30 50ml,No regulation
0753950002500,Doctor's Best Vitamin D3 5000IU 360 Softgels,No regulation
3282770144970,Avène Comedomed Localized Drying Emulsion 15ml,No regulation
0078522100294,Jason Anti-Dandruff Scalp Care 2-in-1 Shampoo+ Conditioner 355ml,No regulation
9326922001040,Australian Bush Flower Essences She Oak 15ml,No regulation
5017007601326,Sudocrem Antiseptic Healing Cream 400g,GSL
0886284905138,Pet Head Furtastic Shampoo 300ml,No regulation
5011309049114,Cetraben Lotion 475ml,GSL
7322540630763,Tena Pants Protect + Super XL 12 Pack,No regulation
5060214560610,Sterling Lactulose 3.3g/5ml Oral Solution 500ml,P
5060202180974,Cytoplan Immunovite Beta 1-3 1-6 Glucan 250mg 30 Capsules,No regulation
4005900475220,Nivea Sun Face SPF50 Shine Control 50ml,No regulation
4051895016207,Fresubin Juicy Cherry 4x200ml,No regulation
5038581152875,Yankee Candle Home Inspiration Chocolate Orange 538g,No regulation
5034511005068,Green People Organic Children Conditioner Lavender Burst 200ml,No regulation
5060209731230,Lecicarbon Children 10 Suppositories,P
5038581149448,Yankee Candle Home Inspiration Bubble Time 538g,No regulation
0054402720936,Australian Gold SPF30 Spray Gel 237ml,No regulation
5060562640194,Birch & Wilde Marine Collagen 45 Day Supply 90 Capsules,No regulation
5701943102565,Riemann P20 Original SPF 50+ Spray 85ml,No regulation
5036631007090,Hydromol Relief Cream 100ml,No regulation
5036072003668,Chronic Hives Treatment - Dr. Reddy's Fexofenadine 180mg 30 Tablets,P
5060291420579,Nursem Body Care Minis Set,No regulation
5391513950209,Phoenix Labs Paracetamol 125mg for Children 10 Suppositories,P
0054402730102,Australian Gold Hydrating Spray Oil SPF6 237ml,No regulation
5060499390902,Calcichew 500mg 100 Chewable Tablets,P
5024091747304,Zirtek Allergy Relief 30 Tablets,P
3800219793871,Alteya Organic Luminous Rose Hydrating Flower Toner 120ml,No regulation
0033984529076,Solgar Vitamin D3 (Cholecalciferol) 4000IU/100µg 60 Vegetable Capsules,No regulation
5707725600106,Nourkrin Shampoo for Hair Growth 150ml,No regulation
5060571820129,The Good Guru Vegan Iron High Strength 90 Capsules,No regulation
5060209731049,Lecicarbon Adults 10 Suppositories,P
0015594011752,Astroglide x Premium Silicone Gel 85g,No regulation
0083000006647,Nature's Answer Sage 30ml,No regulation
4001638081306,Weleda Citrus Hand & Nail Cream 50ml,No regulation
5038581063782,Yankee Candle Moonlit Blossoms Large Jar 623g,No regulation
5702191028454,Acne treatment - Skinoren 20% Cream 30g,P
5055148409050,Lamberts Green Tea 5000mg 60 Tablets,No regulation
5034511029088,Green People OY! Deodorant 75ml,No regulation
0054402700518,Australian Gold Soothing Aloe After Sun Gel 237ml,No regulation
0300658052124,Systane Eyelid Cleansing Wipes 30,No regulation
5060203790165,Terranova Beta Carotene Complex 50 Pack,No regulation
5055148414979,Lamberts Magnesium Citrate 150mg 40 Gummies,No regulation
5038581152882,Yankee Candle Home Inspiration Pink Pine 538g,No regulation
5038581028910,Yankee Candle Home Inspiration Linen & Lace 538g,No regulation
5055148414436,Lamberts L-Theanine 200mg 60 Tablets,No regulation
0017854118058,Baylis & Harding Signature Men's Black Pepper & Ginseng Trio Gift Set,No regulation
5709976245105,Pharma Nord Bio-Pycnogenol 40mg 30 Tablets,No regulation
0083000005800,Nature's Answer Black Walnut Hull 30ml,No regulation
3282770142280,Avène Tolérance Lotion 200ml,No regulation
0658010118590,Vitamin C Spray (Orange/Tangerine) 58ml,No regulation
9327693003769,Sukin Sensitive Night Cream 120ml,No regulation
7322540587555,Tena Pants Protect+ Plus XL 12 Pack,No regulation
5000158065574,Gaviscon Original Aniseed 600ml,GSL
8809724475956,Dr.Jart+ Mild Sun SPF43/PA+++ Daily Sunscreen 30ml,No regulation
3800219790306,Alteya Organic Bulgarian Rose Water Glass Bottle 200ml,No regulation
5060203792626,Terranova Bilberry 360mg 50 Pack,No regulation
4051895011660,Fresubin 2kcal Drink Vanilla 4x200ml,No regulation
0033984022720,Solgar Prenatal Nutrients 120 Tablets,No regulation
5099299199590,Hives Treatment - Healthcare Pharma Fexofenadine 180mg 30 Tablets,P
5020465201663,Acnecide Wash 5% Gel 100g,P
5055148414504,Lamberts Neuro-Guard 60 Tablets,No regulation
9314839017117,QV Baby Moisturising Cream 500g Pump,No regulation
4051895011707,Fresubin 2kcal Drink Forest Fruits 4x200ml,No regulation
5010605400339,Clarinaze Allergy Control Spray 140 Sprays,P
5038483844687,Scholl Softgrip C1 Below The Knee Compression Hosiery Large Open Toe Natural,No regulation
5060332530687,Lindens Health + Nutrition Saw Palmetto 500mg 365 Tablets,No regulation
5034268009029,ProVen Probiotics Fit for School 30 Tablets,No regulation
4103040921963,Sebamed Anti-Stretch Mark Cream 200ml,No regulation
0886284903134,Pet Head Ditch The Dirt Deodorizing Shampoo 300ml,No regulation
5011309048315,Cetraben Moisturising Cream 475ml,No regulation
5012616267994,Solpadeine Max Soluble 24 Tablets,P
4006000100272,Eucerin Urea Repair 5% Urea Gentle Shower Gel 400ml,No regulation
5012654201387,Carnation Verruca & Wart Remover Freeze Spray 50ml,No regulation
9326922000753,Australian Bush Flower Essences Fringed Violet 15ml,No regulation
5060097930746,Hibiscrub 4% Cutaneous Solution 500ml,No regulation
5060310356155,Indigo Herbs Nutrition Chaga Mushroom Extract 50g,No regulation
5038483844663,Scholl Softgrip C1 Below The Knee Compression Hosiery Small Open Toe Natural,No regulation
5060571822987,The Good Guru High Strength Berberine 98% HCL 60 Capsules,No regulation
5060149640180,SelfCheck Cholesterol Level Test Kit,No regulation
9314839018053,QV Baby Gentle Wash 500g,No regulation
0054402720912,Australian Gold SPF15 Spray Gel 237ml,No regulation
0054402730072,Australian Gold Face Guard SPF50 15ml,No regulation
8594161370468,Enterosgel 90g,No regulation
4048882620752,Dr. Wolff's V-san Moisturising Cremolum Pessaries 16 Pack,No regulation
5055148413323,Lamberts Multi-Guard Iron Free Formula 60 Tablets,No regulation
5055148401122,Lamberts Natural Beta Carotene 15mg 90 Capsules,No regulation
4013162025459,Fenjal Intensive Oil & Foam Bath 200ml,No regulation
5011408054415,L'Oréal Paris Age Perfect Collagen Hydrating Night Cream 50ml,No regulation
5000283654469,Dioralyte Relief Blackcurrant 20 sachets,P
5060291420425,Nursem Hand Care Minis Set,No regulation
5701943102527,Riemann P20 Original SPF30 Spray 85ml,No regulation
3282770152517,Avène Soothing Toning Lotion 200ml,No regulation
5021265221523,Vitabiotics Pregnacare Plus Omega-3 Dual Pack 56 Tablets /Capsules,No regulation
8809724476953,Dr.Jart+ Every Sun Day Waterproof Sun Milk SPF50+/PA++++ 30ml,No regulation
5060776980871,DR.VEGAN Fibre Complex 60 Capsules,No regulation
5013455020078,Weleda Aknedoron Thyme Purifying Lotion 50ml,No regulation
5055148414078,Lamberts Vitamin C 1000mg 120 Tablets,No regulation
5060203792909,Terranova Chlorella 500mg (Fresh Freeze Dried- Organic) 50 Pack,No regulation
0033984347441,Solgar Beetroot Extract 500mg 90 Capsules,No regulation
0054402720981,Australian Gold SPF15 Lotion with Bronzer 237ml,No regulation
0886284902137,Pet Head Mucky Pup Puppy Shampoo 300ml,No regulation
5017007013082,Evacal D3 1500mg Chewable 112 Tablets,P
0033984000476,Solgar Acai Extract 60 Softgels,No regulation
5017123296734,Crescent Aqueous Cream BP 500g,No regulation
5060453461129,Hives Treatment - Noumed Fexofenadine 180mg 30 Tablets,P
0033984008779,Solgar Cinnamon 100 Capsules,No regulation
4006000099422,Eucerin Anti-Pigment Cleansing Gel 200ml,No regulation
0083000008016,Nature's Answer Black Walnut & Wormwood 30ml,No regulation
5013455230040,Weleda Prunus Elixir 200ml,GSL
5023652321809,Nature's Aid Vitamin C 1000mg Low Acid 180 Tablets,No regulation
5010249024960,FSC Coq10 30mg 90 Capsules,No regulation
5060523019885,Ted Baker Men's 30ml Eau de Toilette & 150ml Body Wash Gift Set,No regulation
4005900545701,Nivea Q10 Anti-Wrinkle Firming Eye Cream 15ml,No regulation
0074312008160,Nature's Bounty Beautiful Skin Gummies 60 Pack,No regulation
0859975020021,Andalou 1000 Roses Rosewater Mask 50g,No regulation
3607340846571,Lancaster Sun Control Face Cream SPF50 50ml,No regulation
5000158065581,Gaviscon Original Peppermint 600ml,GSL
0017854118133,Baylis & Harding Signature Collection Black Pepper & Ginseng Wash Gift Set,No regulation
5060805780052,Evana Heavy Period Relief Tranexamic Acid 500mg 18 Tablets,P
5056142600160,Protein World Carb Blocker 90 Capsules,No regulation
0716237187901,Giovanni Smoothing Castor Oil Conditioner 399ml,No regulation
9314839018039,QV Baby Bath Oil 500ml,No regulation
5055148415037,Lamberts Biome Balance for those on Antibiotics 30 Capsules,No regulation
4084500846609,Pepto-Bismol Oral Suspension 480ml,GSL
4048882677770,Vagisan Moisturising Cream 50g,No regulation
5031013109652,Higher Nature Lion's Mane & Ginkgo 30 Capsules,No regulation
5060574680041,"Hashmats Health Vit-D3 20,000IU 30 Capsules",No regulation
5060202183548,Cytoplan Kid's Immunovite 60 Vegan Capsules,No regulation
5055443688747,Fruit Works Rhubarb & Pomegranate Shower Gift Set,No regulation
5060112860270,Fushi Organic Aloe Vera Juice 500ml,No regulation
0832210001450,Cowshed Bullocks Refining Bracing Facial Scrub 100ml,No regulation
5060018512785,KIKI Health Alkaline Infusion 100g,No regulation
3600522416906,L'Oréal Paris Revitalift Anti-Ageing Retinol Cream SPF30 50ml,No regulation
9327693003288,DermaSukin Daily Hydrating Soap Free Wash 500ml,No regulation
0033984000704,Solgar Astaxanthin 5mg 30 Softgels,No regulation
8809416470009,COSRX Advanced Snail 96 Mucin Power Essence 100ml,No regulation
0078522021094,Jason Relaxing Chamomile & Lotus Blossom Body Wash 887ml,No regulation
5030451004239,Movelat Cream 125g,P
5060409580454,Nutrigen Picky Eaters Syrup 200ml,No regulation
5060102301769,Cleanmarine for Men 600mg Marine Gelcaps 30 Pack,No regulation
5015664000612,Systane Balance 10ml,No regulation
5015632090300,Cath Kidston Cassis & Rose Cosmetic Pouch,No regulation
0033984007505,Solgar Advanced Acidophilus Plus 60 Capsules,No regulation
0033984032293,Solgar Vitamin B12 1000µg 100 Nuggets,No regulation
5060018511191,KIKI Health Aloe Pure 20 Capsules,No regulation
9338177000648,Dermalex Hand Irritation Treatment 30g,No regulation
5060018511290,KIKI Health Organic Aloe Ferox Juice 500ml,No regulation
0033984039148,Solgar Ginkgo 60 Capsules,No regulation
5060420231120,Lansinoh Silicone Breast Pump,No regulation
5055193543167,Q-Ki 24 Days Of Beauty Christmas Advent Calendar,No regulation
0078522021117,Jason Moisturizing Herbal Body Wash 887ml,No regulation
0033984008304,Solgar Choline 350mg 100 Capsules,No regulation
0078522021261,Jason Smoothing Coconut Body Wash 887ml,No regulation
3578830846367,Arkopharma Migrastick Roll-On 3ml,No regulation
5021265227471,Osteocare Glucosamine & Chondroitin 60 Tablets,No regulation
5391531560404,Spotlight Oral Care Mouthwash for Decay,No regulation
0054402700730,Australian Gold SPF30 Lotion 237ml,No regulation
5060216565170,Bioglan Active Curcumin Effervescent 15 Tablets,No regulation
0078522021070,Jason Apricot Body Wash 887ml,No regulation
5010249303904,FSC Aloevera & Manuka Honey Juice 1000ml,No regulation
9338177000617,Dermalex Baby Eczema 30g,No regulation
0033984004658,Solgar Bromelain 300mg 60 Capsules,No regulation
5025970012414,Nivea Men Protect & Care 5Pc,No regulation
5055148407599,Candaway (Includes Cinnamon & Olive Leaf) 60 Tablets,No regulation
7350087736280,E45 Emollient Bath Oil 500ml,No regulation
5010058057098,Ultra Four Latex Free Multi-Layer System 18-25cm,No regulation
3380810258295,Clarins My Clarins Clear-Out Targets Imperfections 15ml,No regulation
5060099032264,Odylique Soothing Conditioner Coconut & Chamomile 140ml,No regulation
7610313202003,A.Vogel Atrogel Arnica Gel 100ml,No regulation
3800219790146,Alteya Organic Bulgarian Lavender Water 500ml,No regulation
5060202180233,Cytoplan Little People MVM for Children & Small Adults 60 Tablets,No regulation
5407007651078,Bambaw Shaving Brush Silver,No regulation
0017854118904,Baylis & Harding The Fuzzy Duck Men's Hemp & Bergamot Beard Tin Set,No regulation
8429979439093,Sesderma C-Vit Radiance Body Milk 250ml,No regulation
5060927260265,BeYou Plant-Picked Immunity Support 60 Gummies,No regulation
7643022213190,Shea Moisture Strenghthen & Restore Leave-In Conditioner 431ml,No regulation
5065000523961,Pukka Natural Vitamin C 60 Capsules,No regulation
9327693000539,Sukin Eye Serum 30ml,No regulation
4051895011776,Fresubin 2kcal Drink Toffee 4x200ml,No regulation
3800219794281,"Alteya Essential Oils Set - Lavender, Mandarin, Lemongrass 3 x 5ml",No regulation
5023652412064,Nature's Aid Collagen Joint Formula with Collagen,No regulation
5060519145758,Pukka Womankind Menopause 30 Capsules,No regulation
5060409580478,Nutrigen Childrens Vitamixin Sprinkles 30 Sachets,No regulation
5023652449060,Nature's Aid D-mannose 1000mg 60 Tablets,No regulation
7322540521061,Tena Bed Secure Zone Super Sheets 30 Pack,No regulation
9332996000728,Grahams Natural Skin Moisturising Lotion 200ml,No regulation
5055148411404,Lamberts Vitamin K2 90µg 60 Capsules,No regulation
5023652410121,Nature's Aid GlucoSlim Glucomannan 500mg Weight Loss Aid 120 Capsules,No regulation
0033984033115,Solgar Vitamin D3 (Cholecalciferol) 1000IU (25ug) 180 Tablets,No regulation
4051895011738,Fresubin 2kcal Drink Apricot Peach 4x200ml,No regulation
9327693000508,Sukin Signature Moisture Restoring Night Cream 120ml,No regulation
4210201370789,Oral-B Power Refill Head Cross Action 3 Pack,No regulation
4005808858736,Eucerin AtoControl Acute Care Cream 40ml,No regulation
5031013104152,Higher Nature Mum-2-Be 90 Tablets,No regulation
3701129803516,Bioderma Photoderm AR SPF50+ Tinted Sun Cream 30ml,No regulation
5060144648228,Bulldog Skincare Set,No regulation
5055382303909,Alvita Vinyl Powder Free Examination Gloves Small 100 Pack,No regulation
0054402250037,Australian Gold Indoor Accelerator 250ml,No regulation
9327693004438,Sukin Super Greens Recovery Serum 30ml,No regulation
0054402700754,Australian Gold SPF10 Spray Gel 237ml,No regulation
3282770152463,Avène Makeup Remover Micellar Water 200ml,No regulation
4001638080316,Weleda Almond Soothing Cleansing Lotion 75ml,No regulation
5015632090324,Cath Kidston Keep Kind Cassis & Rose Hand & Lip Tin,No regulation
0873024001205,Ener-C Electrolyte Sport Electrolyte Drink Mix 12 Sachets,No regulation
5025903026112,Nutri Within 5-HTP 200mg,No regulation
5031013108600,Higher Nature Pro Easy Extra Live Bacteria Powder 37.5g,No regulation
5038483844595,Scholl Softgrip C1 Below The Knee Compression Hosiery Medium Closed Toe Black,No regulation
5706448000866,Bazuka Advance Treatment Pen 3ml,No regulation
5028392001363,Nutri Advanced Selenium 200mcg 60 Capsules,No regulation
5060280920448,Flexiseq Osteo for Joint Wear & Tear,No regulation
5038581152158,Yankee Candle Home Inspiration Hello Pumpkin 538g,No regulation
5038581130095,Yankee Candle Home Inspiration Wild Daisy 538g,No regulation
5060086610055,Optibac Probiotics for Travelling Abroad 20 Capsules,No regulation
5038581110028,Yankee Candle Home Inspiration Fairy Floss 538g,No regulation
5038581028859,Yankee Candle Home Inspiration Soft Cotton 538g,No regulation
5060203791162,Terranova Zinc 15mg Complex 100 Pack,No regulation
5060084174771,Profoot Women's Heel & Arch Pain Relief Orthotics 1 Pair,No regulation
5038581086866,Yankee Candle Home Inspiration Daisy & Buttercups 538g,No regulation
5038581061528,Yankee Candle Home Inspiration Sugared Blossom 538g,No regulation
3800219792133,Alteya Organic Sunscreen Kids & Baby SPF 30 90ml,No regulation
5060018511580,KIKI Health Magnesium Oil Spray 125ml,No regulation
5038581158181,Yankee Candle Home Inspiration Summer Day Dream 538g,No regulation
5060291420418,Nursem Caring Body Wash 250ml,No regulation
5055148401641,Lamberts Betaine HCl 324mg /Pepsin 5mg 180 Tablets,No regulation
5038581030340,Yankee Candle Home Inspiration Pomegranate Coconut 538g,No regulation
5012335003309,Seven Seas Cod Liver Oil One-A-Day 120 Capsules,No regulation
5038581028804,Yankee Candle Home Inspiration Exotic Fruits 538g,No regulation
0054402250051,Australian Gold Moisture Lock 237ml,No regulation
5038581158198,Yankee Candle Home Inspiration Calming Cabana 538g,No regulation
5055148409326,Lamberts Vitamin D3 4000iu (100µg) 120 Capsules,No regulation
5038581028439,Yankee Candle Home Inspiration Sparkling Holiday 538g,No regulation
5055148400606,Lamberts Soya Lecithin 1200mg 120 Capsules,No regulation
5038581130132,Yankee Candle Home Inspiration Confetti Macaron 538g,No regulation
5010249041066,FSC Super Multi Vitamin and Minerals 60 Tablets,No regulation
5010605400186,Period Delay - Primolut-N 5mg 7 Days Treatment,P
5055148414832,Lamberts Omega 3 for Kids Berry Bursts 60 Capsules,No regulation
5038581149271,Yankee Candle Home Inspiration Caramel Crunch 538g,No regulation
5038581042268,Yankee Candle Home Inspiration Glistening Christmas 538g,No regulation
5038581028781,Yankee Candle Home Inspiration Candy Cane Forest 538g,No regulation
5701943102961,Riemann P20 Original SPF20 Spray 85ml,No regulation
5038581158167,Yankee Candle Home Inspiration City Blooms 538g,No regulation
5038581019963,Yankee Candle Home Inspiration Cosy Up 538g,No regulation
5060229014658,Pukka Turmeric Active 30 Capsules,No regulation
3800219792119,Alteya Organic Sunscreen Whole Body SPF 30 90ml,No regulation
5038581109862,Yankee Candle Coral Peony 538g,No regulation
8809738311790,Barr Centella Calming Gel Cleanser 120ml,No regulation
5060086611038,Optibac Probiotics for Your Baby Liquid Drops 30 Servings,No regulation
5709976067202,Pharma Nord Bio-CLA + Green Tea 60 Capsules,No regulation
5038581038933,Yankee Candle Home Inspiration Pink Island Sunset 538g,No regulation
5038581028903,Yankee Candle Home Inspiration Vanilla Frosting 538g,No regulation
5038581029634,Yankee Candle Home Inspiration Holiday Magic 538g,No regulation
5038581158174,Yankee Candle Home Inspiration Lemon-Lime Popsicle 538g,No regulation
5038581109985,Yankee Candle Home Inspiration Mango Lemonade 538g,No regulation
5028392000403,Nutri Advanced D3 Drops 1000 30ml,No regulation
0033984033504,Solgar Vitamin E with Yeast Free Selenium 50 Capsules,No regulation
5031013101137,Higher Nature Selenium 60 Tablets,No regulation
5031013101038,Higher Nature Omega 3 Fish Oil 90 Capsules,No regulation
9335955000319,MooGoo Cream Conditioner 500ml,No regulation
5060704340050,Acala Vegan Tampico Bristle Hairbrush,No regulation
5055148400675,Lamberts Vitamin C As Ascorbic Acid 250g Powder,No regulation
5055148413767,Lamberts Glucosamine & Phytodroitin Complex 120 Tablets,No regulation
5060144647221,Bulldog Beard Care Kit Gift Set,No regulation
0669316441718,American Crew Acumen Classic Pomade 60g,No regulation
7391325999906,Nutri Advanced Eskimo-3 Healthy Kids Tutti-Frutti 105ml,No regulation
0054402700747,Australian Gold SPF15 Lotion 237ml,No regulation
5055158013179,Epaderm Cream 500g,No regulation
5055148400132,Lamberts Co-Enzyme Q10 30mg 60 Capsules,No regulation
0033984015401,Solgar Soya Lecithin 1360mg 100 Softgels,No regulation
3597133075656,Epiotic SIS 60ml,No regulation
0033984016002,Solgar Liquid Vitamin E 59.2ml,No regulation
8809479164365,11 Village Factory Relax-Day Body Oil Cream 200ml,No regulation
5025970007786,Nivea Sun Holiday Here I Come Set,No regulation
3800219793826,Alteya Quince Citrus Revitalizing Shampoo 200ml,No regulation
5055148412623,Lamberts Multi-Max 60 Tablets,No regulation
1210001146440,Viagra Connect 2 Tablets,P
5031013100796,Higher Nature True Food Calcium & Magnesium 60 Tablets,No regulation
5060229014665,Pukka Active 35 Oil 100ml,No regulation
7610313606924,A.Vogel Pollinosan Hay Fever Tablets 120 Pack,No regulation
0078522040316,Jason Vitamin E 45000IU Maximum Strength Oil 59ml,No regulation
9327693003325,DermaSukin Daily Gentle Lotion 500ml,No regulation
9350114000078,DermaSukin Daily Intensive Hydrating Cream 500ml,No regulation
3282770204223,Klorane Eye Makeup Remover Lotion with Cornflower 200ml,No regulation
5060069281869,Clearpore Waterproof Adhesive Film Dressing 60 Pack,No regulation
5031013107214,Higher Nature Relax & Unwind 10 Sachets,No regulation
5038483844601,Scholl Softgrip C1 Below The Knee Compression Hosiery Large Closed Toe Black,No regulation
4001638590020,Weleda Sea Buckthorn Elixir 200ml,No regulation
5038483844670,Scholl Softgrip C1 Below The Knee Compression Hosiery Medium Natural,No regulation
5060258390044,Pro D3 1000IU 30 Capsules,No regulation
9350114000016,DermaSukin Daily Gentle Soap Free Wash 500ml,No regulation
5060574680010,Hashmats Health A-Z Multivitamins 90 Tablets,No regulation
5012616265501,Becodefence Plus Allergy Defence 120 Sprays,GSL
5060099030574,Odylique Tea Tree & Herb Shampoo 200ml,No regulation
7702018355518,Gillette Proglide Flexball Razor Manual,No regulation
4007221036197,Drontal Dog Tasty Bone 2 Tablets,No regulation
5060119660019,Medicom Carbomer Eye Gel 0.2% 10g,GSL
9327693000706,Sukin Organic Rosehip Oil 25ml,No regulation
7610313405039,A.Vogel Echinaforce Sore Throat Spray 30ml,No regulation
7610313404056,A.Vogel Milk Thistle Tincture 60 Tablets,No regulation
5060319460839,It's Pure Organic Herbal Hair Colour Dark Brown 110g,No regulation
5060319460853,It's Pure Organic Herbal Hair Colour Natural Brown 110g,No regulation
5060319461027,It's Pure Organic Herbal Hair Colour Strawberry Blonde 110g,No regulation
5391531560077,Spotlight Oral Care Whitening Pen,No regulation
5060319461225,It's Pure Organic Herbal Hair Colour Very Dark Brown 110g,No regulation
5000488107623,Spatone Apple Liquid Iron 28 Sachets,No regulation
5060319460846,It's Pure Organic Herbal Hair Colour Chestnut 110g,No regulation
5023652363038,Nature's Aid Pro-30 MAX (30 Bill Bac) 30 Capsules,No regulation
5021265222407,"Vitabiotics Jointace Chondroitin, Turmeric & Glucosamine 30 Tablets",No regulation
8594161371069,Enterosgel for Kids 90g,No regulation
0083000016431,Nature's Answer PerioBrite Wash Mouthwash,No regulation
5065010483064,Fussy Natural Deodorant Night Tales Starter Pack,No regulation
5021265232062,Vitabiotics Pregnacare Breast-Feeding Dual Pack 84 Tablets /Capsules,No regulation
5060148521282,BetterYou Magnesium Body Butter 200ml,No regulation
5060571821508,The Good Guru Organic Ashwaganda & Black Pepper 60 Capsules,No regulation
5000158063693,Gaviscon Advance Aniseed Suspension - Dispensary sale - 500ml,P
9335955000074,MooGoo Milk Wash 500ml,No regulation
5707725600205,Nourkrin Conditioner for Hair Growth 150ml,No regulation
5060089610748,Eropid Sildenafil 50mg 4 Tablets,P
3574661316123,Ovex Suspension Family Pack Banana Flavoured 30ml,P
0886284904339,Pet Head Quick Fix Spray 300ml,No regulation
5011417581858,Nurofen Medicated Plasters pack of 4,GSL
4210201316817,Oral-B Power Refill Head Cross Action 2 Pack,No regulation
5060203791100,Terranova Easy Iron 20mg Complex 100 Tablets,No regulation
5391531760125,Optase Tea Tree Oil Eye Lid Cleansing Gel,No regulation
7391899803210,ReNu Sensitive Eyes Gentle Formula 240ml,No regulation
3574661619958,Aveeno Soothing Bath Soak Oat 8 Sachets,No regulation
5060553605096,BeYou Menstrual Cup Large,No regulation
9300631074038,Gaviscon Infant 30 Sachets,P
4013162019151,Fenjal Classic Creme Bath Oil 200ml,No regulation
5000158064515,Gaviscon Advance Peppermint Suspension - Dispensary sale - 500ml,P
5025970009834,Nivea Men Gym Kit Set 4Pc,No regulation
5060480200234,Georganics Oilpulling Mouthwash Orange 275ml,No regulation
5065010483002,Fussy Natural Deodorant Wide Eyed Starter Pack,No regulation
3401360147508,Bioderma Sebium Global 30ml,No regulation
3282770145120,Klorane Centaury Conditioner 200ml,No regulation
0615908431766,Tigi Bed Head Masterpiece Extra Strong Hold Hairspray 340ml,No regulation
0886284905220,Pet Head Furtastic Conditioner 250ml,No regulation
0054402411278,Australian Gold SPF50+ Tattoo Stick 15ml,No regulation
4717237078837,I-M Wrist Brace WH-301 Medium,No regulation
5010123711139,Migraleve Complete 24 Tablets,P
5060018512860,KIKI Health Activated Charcoal 50 Veg Capsules,No regulation
5000167056525,Nurofen 200mg 96 Tablets,P
5013455330023,Weleda Dry Skin & Eczema Relief Spray 20ml,No regulation
5025970014913,Nivea Q10 Energy Skincare Recharging Skin Care Regime,No regulation
5055148400477,Lamberts Pure Fish Oil 1100mg (Epa 360mg/Dha 240mg) 60 Capsules,No regulation
5060202183807,Cytoplan B12 as Hydroxycobalamin 1mg Sublingual 60 Tablets,No regulation
4005900730909,Eucerin UreaRepair Original Cream 100ml,No regulation
5060086610093,Optibac Probiotics for Daily Immunity 30 Capsules,No regulation
5017371154701,Calypso Once a Day SPF50+ Spray 150ml,No regulation
5060216560724,Sambucol Extra Defence 120ml,No regulation
5060006581625,A&D UC-502 Medical Weighing Scale,No regulation
5055443677390,The Luxury Bathing Co Bath Fizzer Bars Assorted,No regulation
5060209730943,Carmize Carmellose Sodium 0.5% Lubricant 10ml,No regulation
9335955002832,MooGoo Tinted SPF40 Face Cream 50g,No regulation
4717237078844,I-M Wrist Brace WH-301 Large,No regulation
0753950003019,Doctor's Best Biotin 5000mcg 120 Veggie Cap,No regulation
0886284904421,Pet Head Quick Fix Foam 200ml,No regulation
5055565710838,Male Hair Loss - Finasteride 1mg 28 Tablets,P
0085805247959,Elizabeth Arden White Tea Skin Solutions 200ml Toning Lotion,No regulation
5060203790462,Terranova Vitamin D3 2000IU Complex 50 Capsules,No regulation
9780201379624,Osi Magnesium Body Lotion + Melatonin + OptiMSM Lavender 100ml,No regulation
5023652252035,Nature's Aid CO-Q-10 100mg 30 Softgels,No regulation
5000488105292,Spatone Original Natural Iron Supplement 28 Sachets,No regulation
5999860167334,Osi Magnesium Calcium Montmorillonite Clay Bath 1kg,No regulation
5060601930002,Barber Pro It's All Good Charity Box,No regulation
5055148410698,Lamberts Methyl B Complex 60 Tablets,No regulation
5060102301783,Cleanmarine Menomin for Women 600mg 30 Caps,No regulation
4015630065578,FastClix Finger Pricker and Lancets,No regulation
5011309107111,Nizoral Dandruff Treatment Shampoo 100ml,P
5010934004208,Vagisil ProHydrate Internal Hydrating Gel 5g 6 Applications,GSL
9329401000152,The Goat Skincare Moisturising Lotion 500ml,No regulation
0017854117600,Baylis & Harding Limited Edition Moonlight Fig Shower Trio Gift Set,No regulation
4005800182037,Eucerin Dermopurifyer Mattifying Fluid 50ml,No regulation
5065010483811,Fussy Natural Deodorant Cloud Nine Starter Pack,No regulation
5021691003687,Lower UTI Treatment - Nitrofurantoin 100mg SR 6 Capsules,P
0033984024007,Solgar Vitamin C 1000mg with Rose Hips 100 Tablets,No regulation
5010249118607,FSC Grape Seed Antioxident Formula 90 Tablets,No regulation
0017854117259,Baylis & Harding Sweet Mandarin & Grapefruit Bath Gift Set,No regulation
3662042002847,Thealoz Duo Gel 30 Doses,No regulation
5026445001582,"Rapport Sport EDT, Shower Gel & Aftershave Bag Sset",No regulation
9335955002931,MooGoo How Now Brown Cow Gradual Tanning Cream 120g,No regulation
5014363000039,Emollin Emollient Spray 150ml,No regulation
8001841804248,Clearblue Digital Ultra Early Pregnancy Test,No regulation
5011309001716,Hedrin All In One Shampoo 100ml,No regulation
0017854107267,Baylis & Harding Signature Collection 7 Piece Shower Gift Set,No regulation
5000123103614,Atopic Eczema Treatment - Betnovate Scalp Application 100ml,P
5021840006002,Mintec 84 Capsules,GSL
7322542171165,Tena ProSkin Super Extra Large Pants 12 Pack,No regulation
0705928051775,NeilMed Saline Spray All-In-One Nasal Wash 177.5g,No regulation
5060229014689,Pukka After Dinner 60 Capsules,No regulation
5030451004246,Movelat Gel 125g,P
5060571821843,The Good Guru Vegan Magnesium High Strength 60 Capsules,No regulation
5038483844618,Scholl Softgrip C1 Below The Knee Compression Hosiery XL Black,No regulation
0886284903226,Pet Head Ditch the Dirt Conditioner 250ml,No regulation
5015664006584,Systane Ultra Eye Drops 10ml,No regulation
5034511002128,Green People Organic Children Quick Clean Hand Foam 100ml,No regulation
0724742010171,Alba Baby Clear Mineral Sunscreen SPF45,No regulation
5000123101047,Atopic Eczema Treatment - Betnovate RD 0.025% Cream 100g,P
96202463,BetterYou Vitamin C Oral Spray 50ml,No regulation
5055148414986,Lamberts Cogni-Focus 30 Capsules,No regulation
5016695926612,Viatris Lactulose 3.335g/5ml Oral Solution 500ml,P
4004148339745,Floradix Neuro Balance 250ml,No regulation
5060203793234,Terranova Ginger 350mg 50 Pack,No regulation
5014363000046,Emollin Emollient Spray 240ml,No regulation
5709976043206,Pharma Nord Bio-Gluco Control 60 Capsules,No regulation
9329401000480,The Goat Skincare Lotion 1000ml,No regulation
5065010483026,Fussy Natural Deodorant Tropic Tonic Starter Pack,No regulation
6001159128281,Bio-Oil Natural Skincare Oil 60ml,No regulation
7322542170090,Tena ProSkin Super Medium Pants 12 Pack,No regulation
5060571821683,The Good Guru Organic MultiVitamin for Men 60 Capsules,No regulation
5060599183800,Mad Beauty FRIENDS Lip Balm Trio,No regulation
4005900835970,Eucerin Hyaluron-Filler + Elasticity Age Spot Correcting Hand Cream 75ml,No regulation
5060480200296,Georganics Oilpulling Mouthwash Tea Tree 275ml,No regulation
0886284820813,Arm & Hammer Fresh Coconut Dental Kit Dogs,No regulation
3282779051361,Avène Soothing Eye Contour Cream 10ml,No regulation
4005800036798,Eucerin Dermocapillaire Calming Urea Shampoo 250ml,No regulation
5000123104932,Atopic Eczema Treatment - Betnovate Lotion 100ml,P
5060601936936,BeautyPro Warming Eye Mask 5 Pack,No regulation
5055443651567,The Luxury Bathing Co Cocktail Bath Bomb Fizzers Assorted,No regulation
0017854117174,Baylis & Harding Citrus Lime & Mint Invigorating Shower Trio Gift Set,No regulation
5060571820198,The Good Guru Organic Vitamin C 60 Capsules,No regulation
5011408054392,L'Oréal Age Perfect Rehydrating Day Cream 50ml,No regulation
5060203791384,Terranova Prenatal Multivitamin Complex 50 Capsules,No regulation
5055148413194,Lamberts Vitamin A 5000iu 120 Capsules,No regulation
9327693005367,Sukin Oil Balancing+ Charcoal Anti-Pollution Facial Masque 100ml,No regulation
5013455330047,Weleda Digestive Relief Oral Spray 20ml,No regulation
5013455020085,Weleda Aknedoron Cleansing Lotion 100ml,No regulation
5000158105591,Nurofen Plus 32 Tablets,P
5055148413828,Lamberts Glucosamine Sulphate 2KCl 120 Tablets,No regulation
5055148400514,Lamberts Mega Mineral Complex 90 Tablets,No regulation
3662042001987,Blephagel 30g,No regulation
5025970015156,Nivea Feel Relaxed Moisturising Skincare Set,No regulation
8906167530034,Aqueous Cream BP 500g,No regulation
5060149640142,SelfCheck Multi-Drug Test Kit,No regulation
3574661740935,Aveeno Skin Relief Shower Cleansing Oil 300ml,No regulation
5010605054099,Canesten Internal Cream 10% 1 Applicator,P
5010249301207,FSC Organic Omega 369 Optimum Oil 500ml,No regulation
5000123102532,Atopic Eczema Treatment - Betnovate RD 0.025% Ointment 100g,P
5060571821782,The Good Guru Vegan Good Sleep Hops & Lemon Balm Extract 60 Capsules,No regulation
5000283657866,Phenergan 10mg 56 Tablets,P
5060099030130,Odylique Gentle Herb Shampoo 200ml,No regulation
0033984009158,Solgar Earth Source Food Fermented Koji Zinc 30 Capsules,No regulation
5025970013183,Nivea Soft Rose Care Collection,No regulation
5060018513201,KIKI Health Zeolite Powder 120g,No regulation
5391531760149,Optase Allergy Eye Drops 20 x 0.5ml,GSL
5060148524245,BetterYou Magnesium Menopause Body Spray 100ml,No regulation
5016007202106,Optive Solution 10ml,No regulation
5055148403058,Lamberts Cranberry Complex 100g Powder,No regulation
5704947016494,O'Keeffe's Hand & Body Lotion 315ml,No regulation
5060480200258,Georganics Oilpulling Mouthwash Spearmint 275ml,No regulation
4001638095105,Weleda Perineum Massage Oil 50ml,No regulation
0017854101074,Baylis & Harding Jasmine & Apple Blossom Hand Wash 5L Refill,No regulation
5060112865534,Fushi Organic Saw Palmetto 60 Capsules,No regulation
5060480200272,Georganics Oilpulling Mouthwash Activated Charcoal 275ml,No regulation
5015802278200,Colony Vanilla & Cashmere Medium Candle 335g,No regulation
1230000007405,Astroglide x Premium Silicone Liquid 74ml,No regulation
5060203790370,Terranova Vitamin C 250mg Complex 50 Pack,No regulation
9349392000160,RhinoMed Mute Snore Less Sleep Better Trial Pack S/M/L,No regulation
5060193641768,Bloom & Blossom Wonder Worker Multi Tasking Balm 50ml,No regulation
4008666213358,Alpecin Tuning Shampoo 200ml,No regulation
4064273000132,Diprobase Advanced Eczema Cream 500ml,GSL
0886284903332,Pet Head Ditch the Dirt Spray 300ml,No regulation
7702018551101,Gillette Venus Limited Edition Extra Smooth Platinum Shaving Set,No regulation
8710522939413,Simple Skin Hydrating Beauty Bag Gift Set,No regulation
5060571821706,The Good Guru Organic MultiVitamin for Women 60 Capsules,No regulation
0895531010174,Australian Gold Dark Sunshine 130ml,No regulation
5060448081233,Drapolene Cream 350g,GSL
5013455330054,Weleda Hay Fever Relief Oral Spray 20ml,No regulation
5060361080511,Xailin Ha Eye Drops 10ml,No regulation
5060291420203,Nursem Caring Skin Fix 50ml,No regulation
5011309019711,Oilatum Emollient Cream 500ml,GSL
5000309007545,Nexium Control 20mg Gastro-Resistant Tablets 14 Pack,GSL
5015915832047,Lactulose 3.3g/5ml Oral Solution 500ml,P
7610313303557,A.Vogel Echinaforce Echinacea 120 Tablets,No regulation
0886284902335,Pet Head Mucky Pup Spray 300ml,No regulation
5013455330016,Weleda Muscular Pain Relief Oral Spray 20ml,GSL
5025903027201,Nutri Within Magnesium Supplements 200mg,No regulation
5013692252423,Firetrap Nocturnal Eau De Toilette Set,No regulation
5038581130125,Yankee Candle Home Inspiration Pick & Mix 538g,No regulation
0886284905336,Pet Head Furtastic Spray 300ml,No regulation
0083000016578,Nature's Answer PerioBrite Mouthwash Cinnamint,No regulation
5025970013275,Nivea Pampering Indulgence Gift Set,No regulation
5038581120591,Yankee Candle Home Inspiration White Pine Cones 538g,No regulation
3416387770073,Z-Gel All-Purpose Soothing Gel 60ml,No regulation
5031013109683,Higher Nature Icelandic Seaweed Calcium 60 Capsules,No regulation
5031013102929,Higher Nature Colloidal Silver 15ml,No regulation
5031013101106,Higher Nature Pro-Daily 90 Tablets,No regulation
4020829005181,Dr. Hauschka Cleansing Cream 50ml,No regulation
5023652481039,Wild Earth Multivitamin & Minerals for Women 30 Capsules,No regulation
5012616172403,Lyclear Creme Rinse 59ml 2 Pack,P
0033984009554,Solgar Natural Cranberry with Vitamin C 60 Capsules,No regulation
5031013102059,Higher Nature MSM Joint & Muscle Warming Balm 100ml,No regulation
8809540510251,Benton Honest Cleansing Foam 150ml,No regulation
5060052450005,Dandrazol Anti-Dandruff Shampoo 100ml,GSL
0017854109827,Baylis & Harding Sweet Mandarin & Grapefruit Wash Bag Set,No regulation
5055148414528,Lamberts Bio-Iron Complex 120 Tablets,No regulation
5038581028897,Yankee Candle Home Inspiration Stony Cove 538g,No regulation
5060447948766,Childs Farm 50+ SPF Spray Sun Lotion 100ml,No regulation
5010249041714,FSC Original Formula 600 120 Capsules,No regulation
0033984025400,Solgar Selenium 200µg (Yeast Bound) 50 Tablets,No regulation
5011309580013,Hedrin Liquid Gel 100ml,No regulation
5060018513263,KIKI Health Zeolite with Activated Charcoal 100 Capsules,No regulation
0792850012950,Burt's Bees Ultimate Care Body Lotion 170g,No regulation
0017854109896,Baylis & Harding Black Pepper & Ginseng Bath Trio Set,No regulation
5060229017949,Pukka Wholistic Ashwagandha 30 Capsules,No regulation
0654749361023,Avalon Thickening Biotin B-Complex Shampoo 414ml,No regulation
0033984006232,Solgar Menoprime 30 Tablets,No regulation
5012616265150,Lyclear Treatment Shampoo with Comb 200ml,GSL
0033984018457,Solgar Neuro-Nutrients 30 Capsules,No regulation
5060119669999,Lumecare Advance Carmellose Soothing Eye Drops 10ml,GSL
5060447948735,Childs Farm Sun Cream SPF50+ 100ml,No regulation
0033984011663,Solgar Formula Vm-75 Capsules 60 Pack,No regulation
5029354011147,Activjuice Orange & Pineapple 500ml,No regulation
7643022218904,Shea Moisture Red Palm Oil & Cocoa Butter Curl Stretch Pudding 340g,No regulation
0033984022003,Solgar L-Phenylalanine 500mg 50 Capsules,No regulation
4051895014562,Fresubin Protein Energy Drink Vanilla 4 x 200ml,No regulation
5060332531196,Lindens Health + Nutrition Garlic 6000mg 365 Capsules,No regulation
5055148411039,Lamberts L-Glutamine 500mg 90 Capsules,No regulation
7643022212278,Shea Moisture Superfruit 10-In-1 Multi Benefit Masque 326ml,No regulation
8809479164297,11 Village Factory Moisture Cleansing Foam 150ml,No regulation
5065000523459,Pukka Aloe Vera Juice 500ml,No regulation
0033984008830,Solgar Ester-C Plus 24 Hour Immune Support 21 Powder Sachets,No regulation
5060310350900,Indigo Nutrition Reishi Mushroom Powder 50g,No regulation
7322540574814,Tena Pants Protect+ Super Medium 12 Pack,No regulation
9314839019036,SunSense Kids Sun Lotion SPF 50+ 125ml,No regulation
5031013107443,Higher Nature Skin Support 60 Capsules,No regulation
96200568,BetterYou Air Defence Daily Oral Spray 25ml,No regulation
0033984015807,Solgar Lipotropic Factors 50 Tablets,No regulation
5060319461232,It's Pure Organic Herbal Hair Colour Golden Blonde 110g,No regulation
4013474103494,Gehwol Gehwol Softening Balm 125ml,No regulation
0033984008663,Solgar Chromium Picolinate 200mg 90 Capsules,No regulation
5000309008467,Nexium Control 20mg Gastro-Resistant 14 Capsules,GSL
5060216560779,Sambucol Immuno Forte 30 Capsules,No regulation
4005800182020,Eucerin DermoPurifyer Toner 200ml,No regulation
0792850001688,Burt's Bees Shea Butter Repair Hand Cream 90g,No regulation
9335955002634,MooGoo Gentle Exfoliating Micro Powder 75g,No regulation
5060310350450,Indigo Nutrition Organic Cacao Butter 500g,No regulation
5000158071353,Gaviscon Double Action Mint 48 Tablets,GSL
4005800035548,Eucerin Dry Skin Intensive Lotion 250ml,No regulation
4005800182044,Eucerin Dermopurifyer Scrub 100ml,No regulation
0033984027312,Solgar L-Theanine 150mg Vegetable 30 Capsules,No regulation
5060805780007,Lovima 75 Microgram Film-Coated 28 Tablets,P
5060409580461,Nutrigen Childrens Vegy Syrup 200ml,No regulation
5020465201496,Cetaphil Gentle Exfol Cleanser 178ml,No regulation
5011417578285,Gaviscon Double Action Mixed Berries 48 Chewable Tablets,No regulation
0074312002595,Nature's Bounty L-Carnitine 500mg 30 Caplets,No regulation
5011417573587,Scholl Corn Complete Removal Pen 4ml,No regulation
5010605640117,Canesten Thrush Soft Gel 1 Pessary,P
0054402700778,Australian Gold SPF6 Spray Gel 237ml,No regulation
0054402700792,Australian Gold SPF50 Lotion 237ml,No regulation
3760201136430,Lamazuna Cleansing Wipes with Wash Bag & Wood Box 10 Pack,No regulation
9327693004414,Sukin Super Greens Clay Masque 100ml,No regulation
4004148332401,Floradix Vitamin B Complex 250ml,No regulation
4011700435173,Tabac Shaving Soap Bowl 125g,No regulation
0033984010321,Solgar Advanced Antioxidant Formula 30 Capsules,No regulation
5060229011886,Pukka Wholistic Triphala 30 Capsules,No regulation
4064951001246,Frontline Spot On for Dogs 10-20kg 1 Pack,No regulation
5011417572481,Guardium Acid Reflux Control 20mg 14 Tablets,GSL
5060035240678,Dermatix Silicone Sheet Clear 4cm x 13cm,No regulation
4005800182006,Eucerin Dermo Purifyer Oil Control Adjunctive Soothing Cream 50ml,No regulation
5060562640040,Birch & Wilde Organic Sea Kelp Refill Pouch 60 Capsules,No regulation
5027599007215,Lotil Cream Pump 500ml,No regulation
5012616172700,Lyclear Head Lice Repellent Leave-In Spray 100ml,GSL
5060176674127,Dr. Organic Snail Gel Eye Serum 15ml,No regulation
5013455330061,Weleda Cold Relief Oral Spray 20ml,GSL
5060332536344,Lindens Health + Nutrition Vitamin D3 5000IU 360 Capsules,No regulation
5055148414252,Lamberts Maxi-Hair 60 Tablets,No regulation
3800219794137,Alteya Organic Bulgarian Rose Water Spray 240ml,No regulation
5023652214095,"Nature's Aid Hair, Skin & Nails Formula 90 Tablets",No regulation
3760201136379,Lamazuna Shaving Bar (Green Tea & Lemon) 17g,No regulation
3337875597203,CeraVe Micellar Cleansing Water 295ml,No regulation
0753950002999,Doctor's Best Fully Active B-Complex with Quatrefolic 30 Veggie Caps,No regulation
5034511001657,Green People Cleanse & Makeup Remover 50ml,No regulation
4005800181757,Eucerin DermoPurifyer Cleansing Gel 200ml,No regulation
0753950004597,Doctor's Best High Absorption Iron with Ferrochel 27mg 120 Tablets,No regulation
5060018513256,KIKI Health Zeolite Vegicaps 100 Capsules,No regulation
7350012555115,BioGaia Protectis Chewable Tablets Strawberry Flavour 30 Pack,No regulation
5060084174764,Profoot Men's Heel & Arch Pain Relief Orthotics 1 Pair,No regulation
0033984020603,Solgar L-Ornithine 500mg 50 Capsules,No regulation
9314839015809,SunSense Ultra for The Family SPF50+ 125,No regulation
5034511005051,Green People Organic Children Shampoo & Body Wash Lavender Burst 200ml,No regulation
5060203791773,"Terranova Astragalus, Elderberry & Garlic Complex 50 Pack",No regulation
0851325002107,Macadamia Natural Oil Rejuvenating Shampoo 300ml,No regulation
5013455330030,Weleda Stress Relief Oral Spray 20ml,GSL
6248905679820,Urban Tonic Beard Wash 125ml,No regulation
5060391848099,Dr. Organic Mum Stretch Mark Oil with Calendula 100ml,No regulation
5000283661641,DulcoSoft Powder Oral Solution 20 Sachets,GSL
5055148410957,Lamberts L-Histidine 500mg 30 Capsules,No regulation
0634158970115,Mushrooms 4 Life Organic Cordyceps Beetroot Latte 10 Sachets,No regulation
7702018347629,Gillette Venus 5 Extra Smooth Replacement Blades 4 Pack,No regulation
5709976999862,Pharma Nord Q10 Revitalizing Day Cream 50ml,No regulation
96195086,BetterYou Pregnancy Daily Oral Spray 25ml,No regulation
4005800036712,Eucerin Dermo Capillaire Calming Urea Scalp Treatment 100ml,No regulation
5025903027270,Nutri Within Turmeric Powder 500mg,No regulation
5055148412715,Lamberts Choline Liver Complex with Vitamin B & Milk Thistle 60 Tablets,No regulation
7350005300357,Micralax Micro-enema 5ml,P
5011417591109,Gaviscon Advance Peppermint Liquid 250ml,GSL
3800219790207,Alteya Organic Bulgarian Rose Water Glass Bottle 100ml,No regulation
4028694000393,Vismed Gel Multi 10ml,No regulation
5060391848112,Dr. Organic Baby Massage Oil with Calendula 150ml,No regulation
0015594010243,Astroglide Strawberry Liquid 148ml,No regulation
5029054224021,Kleenex Extra Large Tissues 90 x 6 Pack,No regulation
5060018511238,KIKI Health Premium MSM Powder 100g,No regulation
5055148415082,Lamberts Biome Balance Everyday 30 capsules,No regulation
5016007203851,Optive Plus Lubricating Eye Drops 0.5% 10ml,No regulation
4004148017179,Floradix Floravital Herbal Liquid Iron & Vitamin 250ml,No regulation
8430308130420,"Balneum Anti-Dandruff Shampoo for Dry, Itchy & Flaky Scalp 200ml",No regulation
9335955004348,MooGoo Dry Shampoo 100g,No regulation
5999887678059,Osi Magnesium Oil + Capsaicin 100ml,No regulation
5020465202509,Purifide Oil Control Mattifying Moisturiser 50ml,No regulation
0017854117181,Baylis & Harding Citrus Lime & Mint Wash Bag & Travel Essentials Gift Set,No regulation
5012564000063,Ultrabase Cream 500ml,No regulation
0033984000407,Solgar Alfalfa 600mg 100 Tablets,No regulation
0753950002791,Doctor's Best NAC Detox Regulators 60 Veggie Capsules,No regulation
7610313605910,A.Vogel Luffa Complex 50ml,No regulation
4004148017162,Floradix Siberian Ginseng Elixir 250ml,No regulation
0895531010181,Australian Gold Bronze Sunshine 130ml,No regulation
0724742008246,Alba Botanica Kukui Nut Body Cream,No regulation
5029354000752,Aloe Pura Aloe Vera Cranberry Juice 1000ml,No regulation
5060391848365,Dr. Organic Skin Calm Probiotic Concentrated Cream 50ml,No regulation
5060499390926,Calcichew D3 100 Chewable Tablets,P
5060035240715,Dermatix Silicone Sheet Fabric 4cm x 13cm,No regulation
5021265251124,Neuromind Original 30 Tablets,No regulation
0797776159482,Active Iron 30 Capsules,No regulation
5055148414283,Lamberts Premtesse 60 Tablets,No regulation
5031013101847,Higher Nature Lysine 90 Tablets,No regulation
5055148414177,Lamberts Cranberry Tablets 18750mg 60 Tablets,No regulation
3800219793857,Alteya Rose Otto Invigorating Conditioner 200ml,No regulation
0074312002533,Nature's Bounty Hydrolysed Collagen 1000mg with Vitamin C 90 Caplets,No regulation
5060519147271,Pukka Elderberry Syrup 100ml,No regulation
8435465324101,BTB Silicone Lubricant 100ml,No regulation
3800219793833,Alteya Rose Otto Invigorating Shampoo 200ml,No regulation
5055148405557,Lamberts Multi-Guard for Kids 100 Tablets,No regulation
0033984010383,Solgar Ester-C Plus 500mg Vitamin C 50 Capsules,No regulation
5000283659181,Buscopan Ibs Relief 40 Tablets,GSL
5056682200653,Thirty:30 Ointment 500g,No regulation
0033984017061,Solgar Chelated Magnesium Calcium 2:1 90 Tablets,No regulation
4004148017063,Floradix Gallexier Liquid Herbal Formula 250ml,No regulation
5012616266003,Lyclear Express Spray 100ml,GSL
5010249042308,"The Food Supplement Company Ginger, Curcumin & Boswellia 60 Tablets",No regulation
7610313405169,A.Vogel Bronchoforce Ivy Complex Oral Drops 50ml,GSL
5031013108945,Higher Nature Super Calcium 90 Capsules,No regulation
9318329125115,A'kin Fragrance Free Mild & Gentle Body Wash 500ml,No regulation
4005808951222,Eucerin DermatoCLEAN Micellar Water 3-in-1 with Hyaluronic Acid 200ml,No regulation
7610313131358,A.Vogel Echinaforce Echinacea Drops 50ml,No regulation
0645638566858,Easychamber Spacer with Adult Mask,No regulation
5011309166514,Zeroguent Emollient Cream 500g,No regulation
0615908431421,Tigi Bed Head After Party Smoothing Cream Frizz Free Hair 100ml,No regulation
0897762000399,A'kin Sensitive Calming Body Cream 200ml,No regulation
5060102301776,Cleanmarine Period Plan 30 Capsules,No regulation
96195109,BetterYou Children's Health Daily Oral Spray 25ml,No regulation
3282770207514,Klorane Aquatic Mint Detox Dry Shampoo 150ml,No regulation
5034511005037,Green People Organic Children Bath & Shower Lavender Burst 200ml,No regulation
7350082940828,Swiss Clinic Needlehead 0.2mm Face Refill,No regulation
3574661249926,Aveeno Skin Relief Soothing Shampoo 300ml,No regulation
5034511006744,Green People Organic Children Berry Smoothie Hand Wash 200ml,No regulation
0615908431209,Tigi Bed Head Queen for A Day Volume Thickening Spray for Fine Hair 311ml,No regulation
5060391847849,Dr. Organic Ageless Daily Hydration Gel Cream with Organic Seaweed,No regulation
5060099030000,Odylique Aloe Vera Bodywash 200ml,No regulation
5060216560748,Sambucol Immuno Forte Sugar Free 120ml,No regulation
5034445002386,The Eye Doctor Eye Health Food Supplements,No regulation
5060216564081,Sambucol Immuno Forte Gummies 30 Pack,No regulation
9318329125108,A'kin Relaxing Lavender Body Wash 500ml,No regulation
5997372524126,Veloxa for Dogs 4 Chewable Tablets,No regulation
0645638566872,Easychamber Spacer with Infant Mask,No regulation
5056156308335,Indigo Herbs Barberry Bark Tincture 50ml,No regulation
5060018880327,Murine Natural Relief Eye Mist 15ml,GSL
5709976470408,Pharma Nord Bio-MSM + Silica 750mg 120 Tablets,No regulation
0716237187871,Giovanni Smoothing Castor Oil Leave-In Conditioner 340ml,No regulation
5055148411565,Lamberts Acidophilus Extra 4 60 Capsules,No regulation
0615908431643,Tigi Bed Head Trouble Maker Texture Spray 200ml,No regulation
3760201136768,Lamazuna Solid Conditioner-All Hair Types (Soft Vanilla) 74ml,No regulation
7643022209162,Shea Moisture Argan Oil Shampoo 384ml,No regulation
5035883008084,ActiFreeze Wart & Verruca Remover 38ml,GSL
5012616291272,Wartner Wart & Verruca Remover 50ml,GSL
5017007602200,Liberize 4 Tablets,P
5060332535064,Lindens Health + Nutrition Vegetarian Omega 3 6 & 9 1000mg 90 Capsules,No regulation
5060319460860,It's Pure Organic Herbal Hair Colour Henna Red 100g,No regulation
5010249012530,FSC Vitamin C 1000mg 120 Tablets,No regulation
0078522001959,Jason Forest Fresh All-In-One Body Wash 887ml,No regulation
0851325002152,Macadamia Natural Oil Nourishing Leave in Cream 300ml,No regulation
5900627067187,Scholl Gel Activ Insoles Extreme Heels,No regulation
3282779335188,Avène Extremely Gentle Cleanser 200ml,No regulation
5060319460877,It's Pure Organic Herbal Hair Colour Indigo Black 100g,No regulation
5060363050376,Tom Oliver Nutrition Vitamin C 60 Pack,No regulation
4031626711571,Hycosan Extra Preservative Free 7.5ml,No regulation
5055148413132,Lamberts Garlic 8250mg 60 Tablets,No regulation
5060094190013,Glucogel Tubes 3 x 25g,No regulation
5060156070062,Clinitas Soothe Multi 0.4% Eye Drops 10ml,No regulation
8809598455627,COSRX Low pH Niacinamide Cleansing Water 400ml,No regulation
4004148346286,Floradix Kids Iron & Vitamin Formula for Children 250ml,No regulation
7610313404216,A.Vogel Passiflora Complex Drops 50ml,No regulation
0615908431674,Tigi Bed Head Extreme Hold Hair Spray 385ml,No regulation
8809598454309,COSRX Propolis Synergy Toner 150ml,No regulation
8809416470030,COSRX AHA/BHA Clarifying Treatment Toner 150ml,No regulation
4005900600172,Nivea Sun Kids Sensitive Lotion SPF50+,No regulation
5011408104257,L'Oreal Men Expert Magnesium Defence Gift Set,No regulation
9314839020742,QV Moisturising Cream for Sensitive Skin 500g,No regulation
5025452001110,Salt of the Earth Deodorant Refillable Stick 84g,No regulation
4005900809308,Eucerin UreaRepair Plus Shower Foam 150ml,No regulation
5060636882635,ecoLiving Adult Multivitamins 60 Gummies,No regulation
5000167019094,Balneum Plus Bath Additive 500ml,No regulation
0894147000586,Sliquid Naturals Satin Moisturiser Lubricant 125ml,No regulation
5021265250592,Vitabiotics Pregnacare Conception 30 Tablets,No regulation
3662042002403,Thealoz Duo UD Eye Drops 30 Doses,No regulation
5391500077346,One Nutrition Lacto Shield 30 Tablets,No regulation
5011417568743,Gaviscon Advance Aniseed Liquid 300ml,GSL
5060523017560,Ted Baker Eau De Toilette for Men 75ml,No regulation
3282770150124,Klorane Anti-Dandruff Shampoo with Galangal 200ml,No regulation
5011309727814,Oilatum Junior Cream 500ml,No regulation
3574661593593,Aveeno Skin Relief Moisturising Lotion 500ml,No regulation
0615908431469,Tigi Bed Head Headrush Shine Spray 200ml,No regulation
5055148415112,Lamberts Biome Balance Travel 30 capsules,No regulation
8718117603107,Aptamil Lactose Free First Infant Milk Breastmilk Subsitute 400g,No regulation
7610313404063,A.Vogel Milk Thistle Complex Drops 50ml,No regulation
5015802290431,Colony Milk & Cookies Medium Candle 335g,No regulation
0033984009226,Solgar Vegan Vitamin D3 1000 IU 60 Capsules,No regulation
9329401000299,The Goat Skincare Conditioner 500ml,No regulation
4031626711595,Hycosan Plus Eye Drops Preservative Free 7.5ml,No regulation
5060480200548,Georganics Chewing Gum English Peppermint 120 Pack,No regulation
5391500077391,One Nutrition D3 3000IU + K2 100µg Oral Spray,No regulation
5010123711443,Migraleve Pink 24 Tablets,P
5060062997644,Lansinoh Therapearl 3-in-1 Breast Therapy Breast Pads Hot & Cold 2 Pack,No regulation
5037353010320,Skins Vital Lubes & Fruity Tubes Assorted Pack 6 x 12ml,No regulation
8809663751647,Mizon All in One Snail Repair Cream 35ml,No regulation
0033984020306,Solgar Natural Source Oceanic Beta-Carotene 60 Softgels,No regulation
0078522030119,Jason Purifying Tea Tree Skin Oil 30ml,No regulation
5060391848402,Dr. Organic Skin Calm Probiotic Recovery Mask 100ml,No regulation
3600540305305,Garnier Ambre Solaire After Sun 24H Hydrating Lotion 200ml,No regulation
5021265223534,Vitabiotics Wellman Conception 30 Tablets,No regulation
5011309081916,Oilatum Soothing Scalp Shampoo 100ml,GSL
5055148413033,Lamberts Vitamin D3 2000iu 120 Capsules,No regulation
8809743540369,Mizon Collagen Power Lifting Cream 35ml,No regulation
5060601936981,BARBER PRO Warming Eye Mask 5 Pack,No regulation
5016379156007,Dermol Cream 500g,P
4008666704054,Plantur Colour Brown Conditioner 150ml,No regulation
5060203794385,Terranova Green Child Living Multivitamin 50 Pack,No regulation
5060176673052,Dr. Organic Rose Otto Facial Serum 30ml,No regulation
5016379190001,Doublebase Gel Pump 500g,P
0033984003972,Solgar Methylcobalamin (Vitamin B12) 1000µg 30 Nuggets,No regulation
0721107354086,Aacu KreaMoint Yellow Soft Paraffin Ointment 500g,No regulation
4004148047268,Floradix Epresat 250ml,No regulation
0033984013803,Solgar Hematinic Formula 100 Tablets,No regulation
0017854106703,Baylis & Harding The Fuzzy Duck Winter Wonderland Fragrance Set,No regulation
5026470565271,Silamarie Milk Thistle Fruits 60 Capsules,No regulation
5060480200173,Georganics Oilpulling Mouthwash English Peppermint 275ml,No regulation
5034511005013,Green People Organic Babies Lavender Wash & Shampoo 150ml,No regulation
3701056801555,Puressentiel Hypertonic Nasal Spray 15ml,No regulation
5015802290448,Colony Mulled Wine Medium Candle 335g,No regulation
5055148410834,Lamberts Saccharomyces Cerevisiae Boulardii 300mg 30 Capsules,No regulation
0017854101081,Baylis & Harding Sweet Mandarin & Grapefruit Hand Wash 5L Refill,No regulation
5060896571829,Bull Dog Original Ultimate Beard Care Kit,No regulation
4004148350030,Floradix Iron & Vitamin 84 Tablets,No regulation
4004148017766,"Floradix Saludynam Liquid Calcium, Magnesium, Zinc & Vitamin D Formula 250ml",No regulation
5000158101081,Nurofen Express 400mg 20 Liquid Capsules,P
5012674049907,Ovex Family Pack 4 Tablets,P
0033984004115,Solgar Elderberry Extract 60 Capsules,No regulation
4004148348693,Floradix Immune Support Liquid Formula 250ml,No regulation
5025970009636,Nivea Men Everyday Fresh Set 5Pc,No regulation
0033984010857,Solgar U-Cubes Children Vitamin C 90 Gummies,No regulation
8809598455559,COSRX Advanced Snail 92 All in One Cream 50g,No regulation
5055148406622,Lamberts Soya Isoflavones 50mg 60 Tablets,No regulation
5055148401368,Lamberts Calcium Pantothenate 500mg Time Release 60 Tablets,No regulation
0078522021100,Jason Mango Softening Body Wash 887ml,No regulation
5013455060128,Weleda Relaxing Oral Drops 25ml,GSL
5034268004222,ProVen Probiotics Acidophilus & Bifidus Plus Total Immune & Energy 14 Sachets,No regulation
5060203790349,Terranova Vitamin B12 500µg 50 Capsules,No regulation
5999887678349,Osi Magnesium Oil+ OptiMSM 100ml,No regulation
5060102301790,Cleanmarine Krill Oil High Strength 590 Marine Gelcaps 30 Pack,No regulation
5015802280036,Colony Pumpkin Spice Medium Candle 335g,No regulation
4005900728562,Eucerin Hyaluron-Filler Mist Spray 150ml,No regulation
4005808583447,Eucerin DermatoCLEAN Refresh Cleansing Gel 200ml,No regulation
5051562030603,Voltarol 12hr Joint Pain Relief 50g,P
0033984017504,Solgar Megasorb Vitamin B-Complex 50 Tablets,No regulation
5000283661948,Dulcolax Twelve Plus Pico Liquid Oral Solution 300ml,P
0764302280613,Shea Moisture Extra Moisture Transitioning Milk 236ml,No regulation
5034268006226,ProVen Probiotics Probiotics plus Total Intestinal & Digestive Support 14 Sachets,No regulation
5034445002591,The Eye Doctor Intense Relief Eye Mist 10ml,GSL
8714207000061,Multi-Gyn Actigel 50ml,No regulation
5015802278194,Colony Lavender Fields Medium Candle 335g,No regulation
4051895014586,Fresubin Energy Protein Drink Strawberry 4 x 200ml,No regulation
5060102301912,One Nutrition Gluten Shield 30 Tablets,No regulation
5012716192004,Neutrogena T-Gel Therapeutic Shampoo 250ml,GSL
5060655500138,Unicare Vinyl Powder Free Examination Gloves large 100 Pack,No regulation
5060203790226,Terranova Folate (Methylfolate) 400Ug Complex 50 Pack,No regulation
7322540587531,Tena Pants Protect+ Plus Small 14 Pack,No regulation
0022600000464,Viviscal Gorgeous Growth Densifying Shampoo 250ml,No regulation
0017854106420,Baylis & Harding Royale Garden Everyday Hand Cream Treat,No regulation
9317129041793,Flexitol Nail Revitaliser Gel 15ml,No regulation
5055148412616,Lamberts Turmeric Fast Release 60 Tablets,No regulation
9421023629893,Manuka Honey Oral Spray with Propolis 20ml,No regulation
4008666704412,Plantur Colour Silver Conditioner 150ml,No regulation
5023652482036,Wild Earth Immune Support Complex 30 Capsules,No regulation
5010249309661,FSC CLA 1000mg 90 Tablets,No regulation
9335955001095,MooGoo Scalp Cream 120g,No regulation
4001638096669,Weleda White Mallow Face Cream 50ml,No regulation
5015802278255,Colony Sweet Honeysuckle Medium Candle 335g,No regulation
7419871234774,Crescent Pharma Emulsifying Wax & Soft Paraffin Ointment 500g,No regulation
7610313405107,A.Vogel Dormeasan Valerian-Hops Oral Drops 50ml,No regulation
5015664008052,Systane Original UD Eye Drops 0.8ml 28 doses,No regulation
0895531010167,Australian Gold Sunshine 130ml,No regulation
5607886000800,Ocry-Gel 10g,No regulation
5060562640187,Birch & Wilde Marine Collagen Capsules 1200mg Refill Pouch 60 Capsules,No regulation
5055148411008,Lamberts L-Methionine 500mg 60 Capsules,No regulation
5055148406431,Lamberts Multi-Guard Sport 60 Tablets,No regulation
4008666701510,Plantur 39 Conditioner for Fine & Brittle Hair 150ml,No regulation
7610313405121,A.Vogel Stress Relief Daytime 50ml,No regulation
5060062996104,Lansinoh HPA Lanolin Nipple Cream 40ml,No regulation
5034511005280,Green People Organic Babies Baby Wash & Shampoo Scent Free 150ml,No regulation
0792850010116,Burt's Bees Baby Bee Original Lotion 170g,No regulation
5060254922294,Enopen Cream 500g,No regulation
5016973991561,Balance Activ Moisture Gel Pre-Filled Single Use Applicators 7 Pack,No regulation
5055148412920,Lamberts Saw Palmetto Extract 160mg 60 Capsules,No regulation
4008666212375,Alpecin Liquid 200ml,No regulation
0083000016561,Nature's Answer PerioBrite Mouthwash Wintermint,No regulation
5000283661559,Pharmaton Vitality11 Multivitamin 30 Caplets,No regulation
0634158637803,Wild Nutrition Take Control Of Your Endometriosis Book,No regulation
5052197045451,Durex Intimate Feel Thin Condoms 12 Pack,No regulation
4005900695871,Nivea Sun Protect & Dry Touch Refreshing Mist SPF50 200ml,No regulation
93468183,Australian Bush Flower Essences Sexuality Drops 30ml,No regulation
93468145,Australian Bush Flower Essences Emergency Drops 30ml,No regulation
9326922006533,Australian Bush Flower Essences Abund Oral Spray 30ml,No regulation
93468190,Australian Bush Flower Essences Solaris Drops 30ml,No regulation
0033984009455,Solgar Coq-10 30mg Softgels 30 Pack,No regulation
9335955002726,MooGoo Skin Milk Udder Cream 200g,No regulation
0033984001008,Solgar Amino 75 30 Capsules,No regulation
4015600254254,Wella Professional Shampoo Enrich Coarse/Thick Hair 500ml,No regulation
5391500077797,Cleanmarine for Kids 200mg 60 Gelcaps,No regulation
0033984027602,Solgar L-Tyrosine 500mg 50 Capsules,No regulation
0033984320482,Solgar Vitamin D3 2500IU (62.5µg) Liquid 59ml,No regulation
5055148402396,Lamberts Flaxseed Oil 1000mg 90 Capsules,No regulation
0033984024601,Solgar Rutin 500mg 50 Tablets,No regulation
0033984009318,Solgar Coq-10 30mg 30 Capsules,No regulation
0033984039032,Solgar Ginger Root 100 Capsules,No regulation
0033984311701,Solgar Super Cod Liver Oil Complex 60 Softgels,No regulation
5060018511559,KIKI Health Organic Goji Berry Powder 70g,No regulation
0078522083009,Jason Family Natural Sunblock SPF45 113g,No regulation
0033984017351,"Solgar Skin, Nails & Hair Formula 60 Tablets",No regulation
0033984000551,Solgar Alpha-Lipoic Acid 60mg 30 Capsules,No regulation
0033984014107,Solgar Gold Specifics Homocysteine Modulators 60 Capsules,No regulation
5012616291708,Beconase Hay Fever 180 Sprays,P
5016379153501,Dermol 600 Bath Emollient 600ml,P
5060018511535,KIKI Health Organic Baobab Powder 100g,No regulation
0033984010567,Solgar Evening Primrose Oil 1300mg 30 Softgels,No regulation
9335955004461,MooGoo Baby Soothing Moisturiser Nut Oil Free 120g,No regulation
3282770145700,Klorane Peony Conditioner 150ml,No regulation
3600523526062,L'Oréal Men Expert Barber Club Long Beard Skin Oil 30ml,No regulation
4015600254315,Wella Professional Shampoo Enrich Fine/Normal Hair 500ml,No regulation
5029354002718,Aloe Pura Aloe Vera Sun Lotion SPF15 200ml,No regulation
5704947003487,O'Keeffe's Skin Relief & Repair Intensive Body Cream 325ml,No regulation
5012616172601,Lyclear Dermal Cream 30g,P
5060571721570,UpCircle Lip Balm with Hemp Seed Oil & Shea Butter 15ml,No regulation
5060599183916,Mad Beauty FRIENDS 12 Day Advent Calendar,No regulation
42360759,Nivea Sun Kids Roll-On SPF50 Green 50ml,No regulation
5021265223527,Vitabiotics Wellman Sport 30 Tablets,No regulation
5060099032134,Odylique Lavender Essential Oil Organic 10ml,No regulation
7391899836591,ReNu Fresh Lens Comfort 240ml,No regulation
5035883000101,Snoreeze Throat Spray 22ml,No regulation
8809566990846,Benton Deep Green Tea Cleansing Foam 120g,No regulation
4005808583669,Eucerin DermatoCLEAN Clarifying Toner with Hyaluronic Acid 200ml,No regulation
5060203792565,Terranova Artichoke Leaf 250mg 50 Pack,No regulation
5060319461218,It's Pure Organic Herbal Hair Colour Auburn 110g,No regulation
4005800275210,Eucerin DermatoCLEAN Cleansing Milk 200ml,No regulation
5060094190006,Glucogel 80g,No regulation
5016379291869,Ibuleve Pain Relief Gel 5% 100g,GSL
3282770149272,Klorane Brightening Shampoo with Camomile for Blonde Hair 200ml,No regulation
5056156307499,Indigo Herbs Bladderwrack Powder 100g,No regulation
5016007204674,Optive Fusion Eye Drops 10ml,No regulation
3282770143522,Klorane Pomegranate Conditioner 200ml,No regulation
5013455260375,Weleda Prunus Spinosa 6X Drops 25ml,GSL
5709976115200,Pharma Nord Bio-Culture Probiotics 60 Capsules,No regulation
0033984012493,Solgar Gentle Iron 20mg 90 Capsules,No regulation
3614224084141,Lancaster Sun Sensitive Delicate Softening Body Milk SPF30 125ml,No regulation
5055148400262,Lamberts Silica 200mg 90 Capsules,No regulation
5060704340371,Acala Beachwood Shaving Brush,No regulation
3282779051378,Avène Gentle Eye Makeup Remover 125ml,No regulation
5060553605119,BeYou Anti Chafing Cream 50g,No regulation
7333350858148,Epaderm Ointment 500g,No regulation
3282770147469,Klorane Volume Conditioner with Flax Fiber 200ml,No regulation
0033984049949,Solgar Scutellariae 50 Capsules,No regulation
7610313304578,A.Vogel Eye Drops 10ml,No regulation
5027314496713,Bio-Kult Infantis 16 Sachets,No regulation
0033984040687,Solgar Vegetal Silica 100 Capsules,No regulation
5060375230179,Flarin 200mg Ibuprofen 30 Soft Capsules,P
0033984035058,Solgar Vitamin E 134mg (200IU) 50 Vegetable Softgels,No regulation
7643022208554,Shea Moisture African Black Soap Bamboo Charcoal Deep Cleansing Shampoo 384ml,No regulation
5038581143941,Yankee Candle Home Inspiration Elderberry Blush 538g,No regulation
9335955000159,MooGoo Soothing MSM Moisturiser 120g,No regulation
5038581130200,Yankee Candle Home Inspiration Citrus Spice 538g,No regulation
9335955000050,MooGoo Milk Shampoo 500ml,No regulation
0615908431339,Tigi Bed Head Smalltalk Styling Cream for Fine Hair 240ml,No regulation
8719327597811,ALTRUIST FAMILY SUNSPRAY SPF50 250ML,No regulation
8809990007424,Skybottle White Rain Perfumed Hand Cream 50ml,No regulation
4005900577948,Eucerin Aquaphor Soothing Skin Balm 45ml,No regulation
0078522000464,Jason Thin-To-Thick Extra Volume Hair Spray 237ml,No regulation
4008666701800,Plantur 39 Shampoo for Fine & Brittle Hair 250ml,No regulation
5038581136707,Yankee Candle Home Inspiration Snow Dusted Pine 538g,No regulation
0810020170467,Bondi Sands Hydrating Body Lotion Uv Protect Spf50+ 150ml,No regulation
5013455142381,Weleda Rhinodoron Nasal Spray with Aloe Vera 20ml,No regulation
5020465203278,Cetaphil Hydrating Foaming Cream Cleanser 236ml,No regulation
5060203790196,Terranova B-Complex w/ Vitamin C 50 Pack,No regulation
3574661184272,Piz Buin Tan & Protect Tan Intensifying Sun Lotion SPF30 150ml,No regulation
4013474113035,Gehwol Leg Balm 125ml,No regulation
0033984007000,Solgar Chelated Magnesium 100 Tablets,No regulation
5065000523343,Pukka Clean Chlorella 150 Tablets,No regulation
5060420232752,Lansinoh Cold & Warm Post-Birth Relief Pad 12 Pack,No regulation
3800219796131,Alteya Organic Rose Otto Intensive Hand Cream 90ml,No regulation
5060086611106,Optibac Gut Health Gummies 30 Pack,No regulation
5060391848389,Dr. Organic Skin Calm Probiotic Cream Cleanser 150ml,No regulation
0033984033160,Solgar Vitamin D3 2200IU (55µg) 50 Vegetable Capsules,No regulation
5054563908117,Voltarol 12HR Emugel 50g,GSL
0705928045309,NeilMed Nasogel Spray for Dry Noses 30ml,No regulation
5060384790091,Cosmocol Plain 30 Sachets,P
5709976283503,Pharma Nord Bio-Garlic 300mg 150 Tablets,No regulation
0724742007621,Alba Botanica Acne Oil Control Lotion 57g,No regulation
0705928602755,NeilMed Clearcanal Earwax Removal Complete Kit,No regulation
0078522000440,Jason Thin-To-Thick Extra Volume Conditioner 227g,No regulation
4005800270406,Eucerin DermatoCLEAN Micellar Eye Makeup Remover 125ml,No regulation
5013455061262,Weleda Digestion Calming Drops 25ml,GSL
5011309040111,Care+ Co-Lactase Infant Drops 10ml,No regulation
5060571821805,The Good Guru Vegan JointAid 60 Capsules,No regulation
5060148520315,BetterYou Magnesium Oil Joint Spray 100ml,No regulation
5011501080038,Deep Relief Triple Action Joint Pain Gel 100g,P
5021284190763,Beaphar One Dose Dog Wormer 6-40kg Tablets,No regulation
4008666701619,Plantur 39 Conditioner for Coloured & Stressed Hair 150ml,No regulation
5016379175008,Doublebase Once Emollient Gel 500g,No regulation
5023652438125,Nature's Aid OptiGUT-C (15 Bill Bac) 120g Powder,No regulation
5028392001899,Nutri Advanced Vitamin D3 High Strength 60 Tablets,No regulation
9327693005404,Sukin Hydrating Facial Masque 100ml,No regulation
5038483844588,Scholl Softgrip C1 Below The Knee Compression Hosiery Small Black,No regulation
5060203792985,Terranova Cranberry 300mg 50 Capsules,No regulation
5010724000496,Hero Mighty Patch Surface 10's,No regulation
0798092218358,Back Pain Treatment - Naproxen 250mg 84 Tablets,P
0071409543405,Mane 'n Tail Hair Strengthener 178ml,No regulation
5054563948656,Centrum Advance 50+ Adults Multivitamin 60 Tablets,No regulation
5025452001073,Salt of the Earth Lavender & Vanilla Deodorant Stick 84g,No regulation
5010605054112,Canesten Thrush Pessary 500mg,P
5055148412890,Lamberts Vegan Vitamin D3 1000IU 90 Capsules,No regulation
5060104170615,YES Natural Plant-Oil Based Personal Lubricant-80ml,No regulation
0015594011035,Astroglide Ultra Gentle Gel 85g,No regulation
5013455050112,Weleda Herb & Honey Cough Elixir 100ml,GSL
5031013102172,Higher Nature Vitamin B12 30g Powder,No regulation
5021265222575,Vitabiotics Ultra Omega-3 High Purity Fish Oil 60 Capsules,No regulation
5011309102512,Cetraben Pro Hydrate Five Intensely Hydrating Body Cream 250ml,No regulation
5031013108952,Higher Nature Gentle Iron Complex 60 Capsules,No regulation
5031013100512,Higher Nature Pro-Gest Vegetable 30 Capsules,No regulation
8809990007417,Skybottle Spring Fever Perfumed Hand Cream 50ml,No regulation
5016379293009,Ibuleve Gel 100g,P
8809990007400,Skybottle Starry Night Perfumed Hand Cream 50ml,No regulation
3662042006104,Hyabak Eye Drops Hypotonic for Dry Eyes 10ml,GSL
0738678151761,American Crew Pomade 85g,No regulation
0078522000648,Jason Hi-Shine Styling Gel 170g,No regulation
0017854110311,Baylis & Harding Wild Fig & Pomegranate 6 Bauble Gift Set,No regulation
5034445003710,The Eye Doctor Junior Mask,No regulation
5060310353031,Indigo Nutrition Organic Virgin Coconut Oil 500ml,No regulation
5060018514673,KIKI Health Organic Raspberry Leaf Vegicaps 60 Vegicaps,No regulation
5060086611069,Optibac Kids 30 Gummies,No regulation
0033984015227,Solgar Griffonia 5-HTP Complex 30 Capsules,No regulation
0033984037861,Solgar Cayenne 520mg 100 Capsules,No regulation
4062981021937,Numark Ibuprofen 400mg 96 Coated Tablets,P
0033984041189,Solgar Deglycyrrhised Licorice Root Extract 60 Capsules,No regulation
5055148403553,Lamberts Rutin and Vitamin C 500mg 90 Tablets,No regulation
0033984038851,Solgar Fenugreek 100 Capsules,No regulation
5055144200859,Relonchem Ibuprofen 400mg 84 Tablets,P
4004148057076,Floradix Liquid Iron & Vitamin Formula 250ml,No regulation
5034511002098,Green People Organic Babies Scent Free Baby Oil 100ml,No regulation
0033984006096,Solgar Earth Source Food Fermented Koji Iron 27mg 30 Capsules,No regulation
5000488109733,Bach Rescue Night Spray 20ml,No regulation
5060202184057,Cytoplan B12 Methylcobalamin & Adenosylcobalamin Sublingual 60 Tablets,No regulation
5391531760521,Vivio Junior Multivitamin Tonic 250ml,No regulation
5017007603665,Motusol Gel 1.16% w/w Gel 100g,GSL
5021044126803,Garnier Naturality Cleansing Gift Set,No regulation
0033984001602,Solgar L-Arginine L-Ornithine 500mg/250mg 50 Capsules,No regulation
3800219794151,Alteya Organic Bulgarian White Rose Water (Rosa Alba) Spray 240ml,No regulation
5055148409623,Lamberts Vitamin D3 1000iu (25μg) 120 Capsules,No regulation
5060176672192,Dr. Organic Manuka Honey Cream 50ml,No regulation
4013474117101,Gehwol Antiperspirant Cream 125ml,No regulation
4008666701855,Plantur 39 Shampoo for Coloured & Stressed Hair 250ml,No regulation
9332996000605,Grahams Nappy Rash Cream 100g,No regulation
4004148333767,Floradix Kindervital Fruity Formula 250ml,No regulation
0615908427844,Tigi Bed Head Fully Loaded Massive Volume Conditioner 750ml,No regulation
3800219794199,Alteya Organic Bulgarian Chamomile Roman Water Spray 240ml,No regulation
5060099032165,Odylique Citrus Natural Deodorant 70ml,No regulation
3282770145311,Klorane Oat Milk Conditioner 200ml,No regulation
5060176672895,Dr. Organic Rose Otto Night Cream 50ml,No regulation
5025903028932,Careway Foot Pedi Callous Remover,No regulation
5056142607961,Protein World Vital Vitamin D3 60 Capsules,No regulation
5038581148007,Yankee Candle Wax Melt Burner & Wax Melt 75g,No regulation
4011700447688,Tabac Original Craftsman 2 Piece Gift Set,No regulation
0078522000426,Jason Thin-To-Thick Extra Volume Shampoo 237ml,No regulation
5025970012834,Nivea Men to Go Wash Kit,No regulation
5016003772900,Contour Plus Blood Glucose Test Strips 50 Pack,No regulation
93468152,Australian Bush Flower Essences Travel Drops 30ml,No regulation
0033984023079,Solgar P-5'-P (Pyridoxal-5'-Phosphate) 50mg 50 Tablets,No regulation
3282770139259,Klorane Shampoo Bar with Mango 80g,No regulation
5056142607305,Protein World Maximum Vitamin C 60 Capsules,No regulation
3282770141917,Klorane Oily Hair Shampoo with Organic Nettle 200ml,No regulation
5060519147462,Pukka Calm Collection 30 Tea Sachets,No regulation
93468251,Australian Bush Flower Essences Woman Drops 30ml,No regulation
3282770144628,Klorane Anti-Pollution Conditioner with Aquatic Mint 150ml,No regulation
7702018529179,Venus Extra Smooth Snap Sensitive,No regulation
8032668870918,HydraMed Forte 30 Doses,No regulation
5010249190276,FSC Head High Pro-Amino 120 Veg Capsules,No regulation
5060332535958,Lindens Health + Nutrition Pro Billion X20 20 Bn CFU 60 VegCaps,No regulation
5021265243341,Vitabiotics Immunace Extra Protection 30 Tablets,No regulation
8809990007448,Skybottle Blue Agave Hand Cream 50ml,No regulation
0010181041532,Palmer's Cocoa Butter Formula Skin Therapy Oil 150ml,No regulation
5026468744732,Martindale Chloramphenicol 1% w/w Eye Ointment 4g,P
3574661461908,Benacort Nasal Spray 64mcg 120 Sprays,P
96186138,BetterYou Vegan Health Daily Oral Spray 25ml,No regulation
0078522040118,Jason Vitamin E 32000IU Extra Strength Oil Scar & Stretch Marks 30ml,No regulation
9318329010107,A'kin Mild & Gentle Fragrance Free Conditioner 225ml,No regulation
3574661528939,Aveeno Baby Dermexa Good Night Balm 75ml,No regulation
5060409580423,Nutrigen Omega Syrup 200ml,No regulation
5010249309784,FSC Standardised Rhodiola Root Extract 500mg 90 Capsules,No regulation
3574661800660,Aveeno Dermexa Night-Time Relief Balm 75ml,No regulation
5052197045277,Durex Thin Feel Condoms 12 Pack,No regulation
3600523350148,L'Oréal Paris Wrinkle Expert 55+ Night Cream 50ml,No regulation
5010249300101,FSC Horny Goat Weed Complex 90 Capsules,No regulation
0724742007645,Alba Botanica Acne Invisible Treatment Gel 14g,No regulation
5023323033888,Mini-Wright Peak Flow Meter Standard,No regulation
5010249300804,FSC Mushroom Formula Vegetarian 60 Capsules,No regulation
5011417590942,Optrex Double Action Preservative Free Rehydrating Eye Drops 10ml,GSL
7350057520017,Footner Exfoliating Socks 1 Pair,No regulation
5060332530465,"Lindens Health + Nutrition Serrapeptase 80,000IU 90 Tablets",No regulation
5010249028470,FSC Evening Primrose Oil 1000mg 90 Capsules,No regulation
3800219790337,Alteya Organic Calming Massage Oil 110ml,No regulation
0074312002618,Nature's Bounty Mini Omega-3 450mg 60 Pack,No regulation
5060776980147,DR.VEGAN UltraEnergy Complete B- Complex 30 Capsules,No regulation
0792850712119,Burt's Bees Baby Bee Original Nourishing Baby Oil 115ml,No regulation
5999887678332,Osi Magnesium Magnesium Oil Spray 100ml,No regulation
3573994006343,Dexeryl Cream 500g,No regulation
5016379150005,Dermol 500 Lotion 500ml,P
5055148410742,Lamberts High Potency Omega 3s for Cats & Dogs 120 Capsules,No regulation
0017854117303,Baylis & Harding Sweet Mandarin & Grapefruit Mini Stack Set,No regulation
5000158066366,Gaviscon Advance 60 Tablets,GSL
3574661491233,Aveeno Skin Relief Bodywash 500ml,No regulation
0700461912194,Gengigel Hylauronic Acid Oral Fluid 50ml,No regulation
5055148413088,Lamberts Astaxanthin 8mg 30 Capsules,No regulation
5055071900013,Gengigel Mouthrinse 150ml,No regulation
4008666704047,Plantur 39 Color Brown Phyto-Caffeine Shampoo 250ml,No regulation
5021265249305,Vitabiotics Osteocare Original 90 Tablets,No regulation
5060310350627,Indigo Herbs Bentonite Clay Powder 150g,No regulation
5060384790060,Cosmocol Orange 30 Sachets,P
50483464,Optrex Infected Eye Drops 10ml,P
5038483000090,Paramol Paracetamol Dihydrocodeine 32 Tablets,P
3282770145281,Klorane Softening 2-in-1 Shampoo Bar with Oat 80g,No regulation
0894147000319,Sliquid Naturals Sassy Anal Lubricant 125ml,No regulation
5055148414696,Lamberts Vitamin D3 1000iu 60 Gummies,No regulation
3395014090008,Decléor Hand & Nail Cream 50ml,No regulation
0634158987557,Botanicals 4 Life Echinacea & Olive Leaf Extract 50ml,No regulation
5036072001312,Histahive Fexofenadine 180mg 30 Tablets,P
5038581158235,Yankee Candle Home Inspiration Tropical Skies 538g,No regulation
8719327023839,Altruist Dermatologist Face Fluid SPF50 50ml,No regulation
5999860167549,Osi Magnesium Good Mood Mandarin Bath Flakes 1kg,No regulation
5012748615304,Movicol-Half Lemon & Lime 30 Sachets,P
96188620,BetterYou Iron 10 Oral Spray 25ml,No regulation
0033984017337,Solgar MSM 1000mg 60 Tablets,No regulation
5012616291692,Alphosyl 2-In-1 Medicated Shampoo 250ml,GSL
3800219793840,Alteya Quince Citrus Revitalizing Conditioner 200ml,No regulation
5037127029145,Wahl Peaky Blinders Beard Trimmer Gift Set,No regulation
5060104170707,YES Vaginal Moisturising Gel 100ml,No regulation
5055148410964,Lamberts L-Tyrosine 500mg 60 Tablets,No regulation
5055148414719,Lamberts Multi-Guard for Kids 60 Gummies,No regulation
0087614142050,Swanson Shilajit Extract 400mg 60 Veggie Capsules,No regulation
5029354000189,Aloe Pura Aloe Vera Maximum Strength Juice 1000ml,No regulation
5055148414702,Lamberts Imuno-Strength 60 Gummies,No regulation
5999860167556,Osi Magnesium Good Night Bath Flakes 1kg,No regulation
5060455149155,Nail HQ Nail Pamper Set,No regulation
5060203791032,Terranova Calcium Magnesium 2:1 Complex 50 Capsules,No regulation
4008666704429,Plantur Colour Silver Shampoo 250ml,No regulation
5055148414580,Lamberts Lactase Enzyme 9000 FCC 60 Tablets,No regulation
5709976104402,Pharma Nord Bio-Fish Oil 500mg 120 Caps,No regulation
8710522938164,Dove Radiantly Refreshing Complete Collection,No regulation
5099186001289,Pinewood Codeine Linctus BP Codeine Phosphate 200ml,P
3800219794212,Alteya Organic Bulgarian Melissa Water 240ml,No regulation
5000283657750,Phenergan Night Time 25mg 14 Tablets,P
5017007600855,Infacol Oral Suspension 85ml,GSL
9335955002603,MooGoo Protein Shot Leave in Conditioner 120g,No regulation
8809642714526,Dr.Jart+ Cryo Rubber Soothing Face Mask 40g,No regulation
4051895014531,Fresubin Energy Protein Drink Chocolate 4 x 200ml,No regulation
5060057403136,Almus Ibuprofen & Codeine 200mg/12.8mg 32 Tablets,P
5010123711788,Migraleve Yellow 24 Tablets,P
5020465200383,Acnecide 5% w/w Gel 30g,P
0017854105904,Baylis & Harding Sweet Mandarin & Grapefruit Mini Treats 3 Piece Gift Set,No regulation
4006000075419,Nivea Sun Kids Spray SPF50+ 200ml,No regulation
5060571821485,"The Good Guru Organic Turmeric, Black Pepper & Ginger 60 Capsules",No regulation
5029354004880,Optima Glucosamine Complex Gel with Aloe Pura Aloe Vera & Devil's Claw 125ml,No regulation
5021265242252,Vitabiotics Diabetone 30 Tablets,No regulation
5055757900641,Fushi Organic Castor Oil 250ml,No regulation
8001090438973,Always Discreet Boutique Pants Black Med 9 Pack,No regulation
5029053574141,Huggies Disney Princess Pull Ups Night-Time Pants Size 6 18 Pack,No regulation
5031013108907,Higher Nature Organic Apple Cider Vinegar 500ml,No regulation
5060391846941,Dr. Organic Calendula Cream 50ml,No regulation
0017854117518,"Baylis & Harding Jojoba, Vanilla & Almond Oil Gift Set",No regulation
0017854111080,Baylis & Harding The Fuzzy Duck Cotswold Spa Hand Care Set,No regulation
7702018263813,Gillette Mach 3 Turbo 4 Refill Blades,No regulation
8006540154274,Pantene Hair Mask Menopause 160ml,No regulation
0074312002588,Nature's Bounty Hyaluronic Acid 20mg with Vitamin C 30 Capsules,No regulation
5055148412067,Lamberts Osteoguard 90 Tablets,No regulation
5060319461089,It's Pure Organic Neutral Cassia Herbal Hair Treatment 100g,No regulation
5038581148045,Yankee Candle Gift Set 8x49g,No regulation
5999860167563,Osi Magnesium Muscle Relax Bath Flakes 1kg,No regulation
5000347079016,Eumovate Eczema & Dermatitis Cream 15g,P
5022339350019,Quest Enzyme Digest with Peppermint Oil 135 Tablets,No regulation
5017007601302,Sudocrem Antiseptic Healing Cream 250g,GSL
0033984004009,Solgar Brewer's Yeast with Vitamin B12 250 Tablets,No regulation
9329401000091,The Goat Skincare Shampoo 500ml,No regulation
7350133960096,Otovent Glue Ear Treatment,No regulation
5060776980062,DR.VEGAN Ashwagandha KSM-66 500mg 30 Capsules,No regulation
8809642714519,Dr.Jart+ Cryo Rubber Vitamin C Brightening Face Mask 40g,No regulation
5060104170691,YES Vaginal Moisturising Gel 6x5ml,No regulation
0645638566865,EasyChamber Spacer with Child Mask,No regulation
7643022211738,Shea Moisture Raw Shea Butter Extra-Moisture Detangler 236ml,No regulation
3800219790788,Alteya Organic Bulgarian White Rose Water (Rosa Alba) Spray 250ml,No regulation
8809642714502,Dr.Jart+ Cryo Rubber Firming Face Mask 40g,No regulation
0017854107427,Baylis & Harding Elements Luxury Wash Bag Set,No regulation
5391531761009,Fusion Allergy Eye Spray 10ml,No regulation
8809642714533,Dr.Jart+ Cryo Rubber Mask with Hyaluronic Acid 40g,No regulation
0894147000012,Sliquid Naturals H20 Water Based Lubricant 125ml,No regulation
5011417567265,Durex Intense Gel 10ml,No regulation
5031013101298,Higher Nature Sea Calcium 180 Tablets,No regulation
0705928003101,Neilmed Adult Sinurinse Starter Kit 10 sachet,No regulation
7702018612550,Gillette Hand Luggage Travel Set,No regulation
42360766,Nivea Sun Kids Roll-On SPF50 Pink 50ml,No regulation
9335955000463,MooGoo Tail Swat Body Spray 200ml,No regulation
5038581147994,Yankee Candle Wax Melt Burner & Wax Melts 3x22g,No regulation
5030451003454,Cetraben Cream 500g,No regulation
5012616262210,BUTTERCUP BRONCHOSTOP SYRUP (240ML),GSL
5038581136608,Yankee Candle Home Inspiration Wild Berry Fizz 538g,No regulation
9335955000494,MooGoo 2-in-1 Bubbly Wash 500ml,No regulation
4004148017605,Floradix Protecor Liquid Formula 250ml,No regulation
5060391841243,Dr. Organic Hemp Oil Rescue Cream 50ml,No regulation
0017854117167,Baylis & Harding Citrus Lime & Mint Travel Essentials Gift Set,No regulation
7643022211424,Shea Moisture Raw Shea Butter Moisture Shampoo 379ml,No regulation
8032668871908,HydraMed Forte Lubricating Eye Drops 10ml,No regulation
5015664005990,Systane Lubricating Eye Drops 10ml,No regulation
96190890,BetterYou Folic Acid Daily Oral Spray 25ml,No regulation
5011417566411,Optrex Bacterial Conjunctivitis 1% w/w Eye Ointment 4g,P
5027314502537,Bio-Kult Everyday Advanced Digestive Formula 30 Capsules,No regulation
5010724529256,Replens MD Long Lasting Vaginal Moisturiser 35g,GSL
4008666710062,Plantur21 Nutri Caffeine Elixir 200ml,No regulation
0017854107885,Baylis & Harding White Tea & Neroli Luxury Mineral Bath Crystals 550g,No regulation
5020465202554,Cetaphil Gentle Skin Cleanser 236ml,No regulation
4005900695789,Nivea Sun Soothing Sensitive Face Cream SPF50 50ml,No regulation
5000158106529,Nurofen Pain Relief Max Strength 512mg 24 Pack,P
8033959760987,Evolve HA 0.2% Eye Drops 10ml,No regulation
5060123415346,GLUCORX GEL CHERRY BAKEWELL 15G (3X23.5),No regulation
8001090571021,Gillette Mach3 Classic 4 Piece Gift Set,No regulation
8710522511312,Brut Just Smells Good Gift Set,No regulation
5060203792640,Terranova Bitter Melon 500mg 50 Capsules,No regulation
3760201136256,Lamazuna Solid Cocoa Butter (Frangipani) 28ml,No regulation
5060173370008,Tangle Teezer Original Pink Fizz,No regulation
0017854107632,Baylis & Harding Elements Luxury Body & Shower Treats,No regulation
8000036024782,ThermaCare Back Pain Relief Heat Wraps 2 Pack,No regulation
5709976019300,Pharma Nord Bio-Selenium + Zinc 90 Tablets,No regulation
5038581149288,Yankee Candle Home Inspiration Morning Bliss 538g,No regulation
5060102170785,Baby Earol Olive Oil Spray 10ml,GSL
5391531563337,Spotlight Oral Care Fresh Breath Whitening Mouthwash,No regulation
3800219796322,Alteya Organic Rose Glow Face Collagen Mist 120ml,No regulation
5000158105270,Cuprofen Maximum Strength 96 Tablets,P
5060332535149,Lindens Health + Nutrition Evening Primrose Oil 1000mg 90 Capsules,No regulation
5011408110098,L'Oreal Men Expert Barber Club Essentials Set,No regulation
5012616291913,Solpadeine Plus 32 Tablets,P
5060553605102,BeYou Menstrual Cup Wash 80ml,No regulation
5060176673274,Dr. Organic Royal Jelly Light & Bright Cream 125ml,No regulation
0615908423150,Tigi Bed Head Colour Goddess Conditioner 750ml,No regulation
5016379330001,Betacap Scalp Application 100ml,P
5025970011103,Nivea Natural Trio Gift Set,No regulation
5060176672161,Dr. Organic Vitamin E Cream 50ml,No regulation
5011309729511,Oilatum Junior Bath Emollient Additive 300ml,No regulation
5060203790431,Terranova Vitamin D3 1000IU Complex 50 Capsules,No regulation
5023652296060,Nature's Aid Super Strength Fish Oil Omega 3 60 Capsules,No regulation
5011784080114,Astral Intensive Moisturiser Original 500ml,No regulation
8001090111715,Always Discreet Pants Medium 9 Pack,No regulation
5012335850507,Seven Seas Clo Max Strength Liquid,No regulation
5055148410995,Lamberts L-Phenylalanine 500mg 60 Capsules,No regulation
7702018597154,Gillette Fusion5 2 Piece Gift Set,No regulation
5031013101182,Higher Nature Ocean Kelp 180 Tablets,No regulation
5031013100901,Higher Nature Citricidal 25ml,No regulation
8700216433280,Seven Seas Jointcare Essential Capsules 30 Caps,No regulation
4028694000256,Vismed Multi Lubricant Eye Drops 10ml,No regulation
0856175001911,Fake Bake Beyond Bronze Self Tanning Mousse 210ml,No regulation
0300656144067,Opti-Free Express Multi-Purpose Disinfecting Solution 355ml,No regulation
5060704340364,Acala Jade Roller,No regulation
0033984004252,Solgar Formula Vm-2000 30 Tablets,No regulation
5055148403171,Lamberts MSM 1000mg 120 Tablets,No regulation
5060519147301,Pukka Festive Collection 30 Tea Sachets,No regulation
9349288140543,A'kin Micellar Water 150ml,No regulation
5060409580447,Nutrigen Propolis Syrup 200ml,No regulation
0033984018518,Solgar Niacin (Vitamin B3) 500mg 100 Capsules,No regulation
0033984013407,Solgar L-Glutathione Reduced 50mg 30 Capsules,No regulation
5391531560534,Spotlight Oral Care Bamboo Toothbrush 5 Pack,No regulation
5010249041868,FSC Quercetin 200mg 60 Capsules,No regulation
5060193642109,Bloom & Blossom The Enormous Crocodile's Mandarin & Lavender Pillow Spray 75ml,No regulation
5060018511665,KIKI Health Organic Premium 4 Root Maca Powder 100g,No regulation
9327693007569,Sukin Blemish Control Clearing Facial Wash 125ml,No regulation
0033984033191,Solgar Vitamin D3 (Cholecalciferol) 600 IU (15μg) 120 Capsules,No regulation
5055148412883,Lamberts Garlic 1650mg 60 Tablets,No regulation
7350082940200,Swiss Clinic Detoxifying Grey Clay Mask 30g,No regulation
6001159111344,Bio-Oil Skincare Oil 60ml,No regulation
5038483999011,Scholl 2-In-1 Corn Express Pen 1ml,No regulation
0764302280620,Shea Moisture Raw Shea Butter Damage Repair Hair & Scalp Serum 59ml,No regulation
4031626711588,Hycosan Original Preservative Free 7.5ml,No regulation
0078522002048,Jason Coarse Hair Men's Shave Oil,No regulation
5060018516745,KIKI Health Organic Castor Oil 250ml,No regulation
8430308132479,Balneum Bath Oil Additive 500ml,No regulation
5060018512280,KIKI Health Organic Premium Turmeric Powder 150g,No regulation
5011309055610,Cetraben Moisturising Cream 200ml,No regulation
0764302280231,Shea Moisture Raw Shea Butter Elixir 118ml,No regulation
5060409580485,Nutrigen Childrens Ferromixin Sprinkles 30 Sachets,No regulation
0033984011809,Solgar Formula Vm-75 30 Tablets,No regulation
0074312010941,Nature's Bounty Adult Multivitamin 60 Gummies,No regulation
5060018512839,KIKI Health Activated Charcoal Powder 70g,No regulation
5012616163708,Wartner Verruca & Wart Remover Pen,GSL
5060363050345,Tom Oliver Nutrition Vitamin B Complex 60 Pack,No regulation
5060571720726,UpCircle Organic Muslin Cloths 2 Pack,No regulation
5023652489035,Wild Earth Organic Evening Primrose Oil 30 Capsules,No regulation
0897762000405,A'kin Sensitive Calming Hand Cream 75ml,No regulation
5060018511481,KIKI Health Organic Moringa Powder 100g,No regulation
5023652480032,Wild Earth Gentle Magnesium 30 Capsules,No regulation
5060018511740,KIKI Health Organic Pea Protein Powder 170g,No regulation
96194799,Bloom & Blossom Lip Service Nourishing Lip Balm 15ml,No regulation
5060601932969,BeautyPro Spa At Home: The Glow Edit,No regulation
5060148520100,BetterYou Magnesium Oil Body Spray 100ml,No regulation
0724742008109,Alba Botanica Pore-Fecting Papaya Enzyme Facial Mask 85g,No regulation
3574660712025,Imodium Instant Melts 18 Tablets,P
0033984039377,Solgar Hawthorne Berry 100 Capsules,No regulation
5012616265686,Nytol Liquid Caramel Flavour 300ml,P
8001090615732,Gillette Fusion5 Proshield Chill Razor for Men + 1 Blade Refill,No regulation
9329401000497,The Goat Skincare Body Wash with Coconut 500ml,No regulation
3282779002721,Avène Cold Cream 100ml,No regulation
0033984009608,Solgar L-Cysteine 500mg 30 Capsules,No regulation
0850835000603,Pukka Castor Oil 250ml,No regulation
5055148414566,Lamberts Rhodiola Rosea 500mg 60 Tablets,No regulation
5060332534340,Lindens Health + Nutrition Omega 3 Fish Oil Extra 90 Capsules,No regulation
5023652520301,Nature's Aid Vitamin E 1000iu Natural Form 30 Softgels,No regulation
5060391848136,Dr. Organic Baby Bum Balm with Calendula 50ml,No regulation
0033984549562,Solgar Vitamin D3 1000IU (25μg) 100 Chewable Tablets,No regulation
5023323001610,Mini-Wright Afs Low Range Peak Flow Meter,No regulation
9318329122244,A'kin Lavender & Anthyllis Leave-In Conditioner 150ml,No regulation
9318329114140,A'kin Mild & Gentle Fragrance Free Shampoo 225ml,No regulation
5000347062193,Night Nurse Liquid 160ml,P
5060018513218,KIKI Health Zeolite with Activated Charcoal Powder 60g,No regulation
5060148520186,BetterYou Magnesium Sleep Spray 100ml,No regulation
7643022212100,Shea Moisture Superfruit 10-In-1 Multi Benefit Conditioner 379ml,No regulation
0033984002005,Solgar Vitamin B-Complex with Vitamin C 100 Tablets,No regulation
5034445002225,The Eye Doctor Eye Drops Intensive Relief 10ml,GSL
7350082940194,Swiss Clinic Purifying Pink Clay Mask 30g,No regulation
5060104170660,YES Ultra Gentle Intimate Foam Wash Unfragranced,No regulation
0724742007607,Alba Botanica Acne Deep Pore Wash 113g,No regulation
5900741962610,Xailin Plus 0.2% Ha Pf Eye Drops 10ml,No regulation
4032129107373,Adcal-D3 Dissolve 1500mg/400 I.U 56 Effervescent Tablets,P
5060176674707,Dr. Organic Moroccan Argan Oil Day Cream 50ml,No regulation
5060176674806,Dr. Organic Moroccan Argan Oil Night Cream 50ml,No regulation
5010249118904,FSC MSM 750mg 120 Tablets,No regulation
5017978000050,Probio 7 Global Travel 15 Vegcaps,No regulation
5011309047110,Polytar Coal Tar Scalp Solution 150ml,GSL
0672153905954,Woody's Text Web Hair Pomade,No regulation
5020465201601,Acnecide Face Gel Spot Treatment 5% Benzoyl Peroxide 15g,GSL
4013474107249,Gehwol Med Sensitive 75ml,No regulation
5034268006189,ProVen Probiotics Lactobacillus & Bifidus for Toddlers 60g,No regulation
5060601930453,BeautyPro Barber Pro Skin Revival Kit,No regulation
5060180811242,Animology Clean Sheets Pet Wipes 80pk,No regulation
4103040167958,Sebamed Anti-Dry Day Defence Cream 50ml,No regulation
0033984525504,Solgar U-Cubes Multi-Vitamin & Mineral 60 Gummies,No regulation
5060391847801,Dr. Organic Ageless Eye Contour Serum with Organic Seaweed,No regulation
3574661656342,Aveeno Baby Dermexa Emollient Cream 150ml,No regulation
4048882000325,Dr. Wolff's V-san Intimate Wash Lotion 200ml,No regulation
0033984008106,Solgar Lactase 3500 30 Wafers,No regulation
3830070471304,Viscotears Hyaluronic Acid Preservative Free Eye Drops 10ml,No regulation
3282770396416,Klorane Nettle Sebo-Regulating Dry Shampoo 150ml,No regulation
8809663751708,Mizon Snail Repair Eye Cream 15ml,No regulation
5013455040120,Weleda Arnica Massage Balm 50ml,No regulation
5023652270091,Nature's Aid JointEeze 300mg 90 Tablets,No regulation
0033984010154,Solgar Kangavites Children Multivitamin (Berry) 60 Tablets,No regulation
9349288140550,A'kin Hydrating Mist Toner 150ml,No regulation
5016973991172,Balance Activ Pessaries 25g 7 Pack,No regulation
8420212035058,Cuderm Moisturising Cream 500ml,No regulation
5060148522838,BetterYou Magnesium Muscle Oil Spray 100ml,No regulation
0033984025561,Solgar Selenium 200µg (Yeast Free) 50 Tablets,No regulation
0033984010185,Solgar Kangavites Children Multivitamin (Tropical) 60 Tablets,No regulation
5016379297007,Nicam Acne Treatment 4% w/w Gel 60g,P
9327693000430,Sukin Botanical Body Wash 500ml,No regulation
5060203792589,Terranova Astragalus 500mg 50 Capsules,No regulation
5060332533671,Lindens Health + Nutrition Glucosamine & Chondroitin 60 Capsules,No regulation
0792850336414,Burt's Bees Baby Bee Original Bubble Bath 350ml,No regulation
0017854117471,"Baylis & Harding Jojoba, Vanilla & Almond Oil Mini Stack Set",No regulation
4717237000388,I-M Airprene Universal Wrist Wrap AS-402 One Size,No regulation
5012616262203,Buttercup Bronchostop Cough Syrup 200ml,GSL
5060896571881,Bulldog Skincare Duo Sensitive Set,No regulation
5054563213501,Voltarol Medicated Plaster 2 Patches,P
4987241163670,Rohto Dry Aid Intensive Eye Relief Drops 10ml,GSL
5028392001943,Nutri Advanced Vitamin D3 Lemon Melts 2000IU 120 Tablets,No regulation
5065000523367,Pukka Essential Spirulina 150 Tablets,No regulation
3800219794175,Alteya Organic Bulgarian Lavender Water Spray 240ml,No regulation
5011309692617,Zeroveen Emollient Cream 500g,No regulation
0017854117686,Baylis & Harding Wild Fig & Pomegranate Mini Stack Gift Set,No regulation
5060361080344,Xailin Sterile Eye Wash Solution 20 Doses,No regulation
7702018544646,Gillette King C Replacement Blades 3 Pack,No regulation
5010415364791,Tommee Tippee Kalani Maxi Sensory Teething Toy,No regulation
5017007100447,Lactulose Solution Teva 300ml,P
3661103045229,Frontline Spot On Dog 1 Pipette,No regulation
3282770200904,Klorane Non Aerosol Dry Shampoo with Oat Milk 50g,No regulation
5011417591048,Gaviscon Double Action Mint Oral Suspension 250ml,GSL
5391531760835,Optase Life Sensitive Eye Makeup Remover,No regulation
5031013105968,Higher Nature Feverfew Migraine Relief 30 Capsules,No regulation
3830070471311,Viscotears Hyaluronic Acid Plus Presservative Free Eye Drops 10ml,No regulation
5060144647023,Bulldog Oil Care Skincare Duo Gift Set,No regulation
5012616265518,Becodefence Kids Nasal Spray 280 Sprays,GSL
0654749351109,Avalon Rosemary Volumizing Shampoo,No regulation
5010605142741,Bepanthen Ointment for Nappy Rash 100g,No regulation
5011417591024,Gaviscon Double Action Mixed Berries Liquid 250ml,GSL
0859975002379,Andalou Blemish Vanishing Gel 18ml,No regulation
5038581103242,Woodwick Hourglass Candle Black Peppercorn 275g,No regulation
5015259005121,Sea-Band One Pair Acupressure Wrist Bands,No regulation
5000283662211,Allevia 120mg 30 Tablets,GSL
9314839020698,QV Intensive Ointment for Dry Skin Conditions 450g,No regulation
7614700017812,Pernaton Warming Gel 125ml,No regulation
5028816000163,Bee Health Propolis 1000mg 90 Tablets,No regulation
5020465202394,Purifide Blackhead Deep Exfoliating Cleanser 120ml,No regulation
5060018511764,KIKI Health Organic Raw Carob Powder 185g,No regulation
5034511006676,Green People Fresh & Wild Mandarin Hand Cream 30ml,No regulation
5010249049017,The Food Supplement Company Lutein 20mg 60 Capsules,No regulation
5010605055225,Canesten Canesfresh Intimate Care Soothing Gel Wash 200ml,No regulation
5060421930138,Aproderm Colloidal Oat Cream 500ml,No regulation
5011309011418,Covonia Dry & Tickly Cough 300ml,No regulation
5060384790015,Cosmocol Orange Lemon & Lime 30 Sachets,P
5016379197000,Doublebase Dayleve Gel 500g,P
5060216560458,Sambucol Immuno Forte Effervescent 15 Tablets,No regulation
5060018511771,KIKI Health Organic Raw Cacao Powder 150g,No regulation
5038581113593,Woodwick Hourglass Candle Chilli Pepper Gelato 275g,No regulation
5060384790176,Cosmocol Lemon & Lime 30 Sachets,P
5011417571125,Optrex Double Action Itchy & Watery Eyes Drops 10ml,GSL
3830070472028,Viscotears Treha Duo Presservative Free Eye Drops,No regulation
0705928052000,NeilMed Sinus Rinse 50 Premixed Sachets,No regulation
96195079,BetterYou Conception Daily Oral Spray 25ml,No regulation
5011309102413,Cetraben Pro Hydrate Five Intensely Hydrating Skin Saviour 75ml,No regulation
5060132680070,Rayner Hydromoor Soothing Eye Drops 30 x 0.4ml,P
5011417540169,Veet Pure Inspirations Hair Removal Cream 200ml,No regulation
3282770200850,Klorane Oat Milk Dry Shampoo Spray (for Brown to Dark Hair) 150ml,No regulation
5060203793203,Terranova Garlic 500mg 50 Pack,No regulation
5020465202318,Purifide Ph Control Face Wash 150ml,No regulation
5011417579053,Senokot Max Strength 12 Years Plus Senna Fruit 48 Tablets,P
5060110222049,I-Care Chloramphenicol Anti-Biotic Eye Ointment 1% 4g,P
7311620012964,Lamisil Once 4g,GSL
4015400628408,Always Discreet L Pants 10 Pack,No regulation
0859975020045,Andalou 1000 Roses Floral Toner 178ml,No regulation
4013474113103,Gehwol Foot & Shoe Deodorant Spray 150ml,No regulation
5098928125726,Ennogen Healthcare Ovelle Cetomacrogol Cream BP 500g,No regulation
5060203791124,Terranova Magnesium Calcium Complex 50 Veg Capsules,No regulation
8809663751524,Mizon Collagen Power Firming Eye Cream 10ml,No regulation
4031678036226,Sterillium Gel Hand Disinfectant 475ml,No regulation
5012616264283,Bronchostop Junior Syrup 200ml,No regulation
5033847001966,Pyrocalm Control 20mg 14 Tablets,GSL
5034511006669,Green People Born To Be Wild Manuka Hand Cream 30ml,No regulation
5060143340000,Bimuno Daily 30 Sachets,No regulation
5055148409562,Lamberts Horse Chestnut Complex 60 Tablets,No regulation
5060143340079,Bimuno Ibaid 30 Pastilles,No regulation
5055148404895,Lamberts Cinnamon 2500mg 60 Tablets,No regulation
5055148401238,Lamberts Gentle Vitamin C 500mg 100 Tablets,No regulation
5011417591055,Gaviscon Double Action Aniseed 250ml,GSL
5034445002126,The Eye Doctor Eye Screen Time Drops 10ml,GSL
9318329121247,A'kin Daily Shine Avocado Calendula Conditioner 225ml,No regulation
5011309728811,Oilatum Moisture Rich Bath Soak 300ml,GSL
4002448116554,Scholl Velvet Smooth Dry Skin Exfoliator Refill 2 Pack,No regulation
4210201853893,Oral-B Interspace Refill Head 2 Pack,No regulation
0615908425284,Tigi Bed Head Smalltalk Stylizer 200ml,No regulation
5038581133256,Woodwick Hourglass Candle Trilogy Amethyst Sky 275g,No regulation
5023652264090,Nature's Aid Acidophilus Complex 90 Capsules,No regulation
5010249041677,FSC Multinutrient Formula for Men 60 Tablets,No regulation
3282770204247,Klorane Waterproof Eye Makeup Remover 100ml,No regulation
5060332530038,Lindens Health + Nutrition Turmeric 500mg 100 Capsules,No regulation
0716237150080,Giovanni Tea Tree Triple Treat Conditioner 250ml,No regulation
9318329112146,A'kin Daily Shine Rosemary Shampoo 225ml,No regulation
9318329116144,A'kin Colour Protection Ylang Ylang & Quinoa Shampoo 225ml,No regulation
3800219796155,Alteya Rose Hand Cream Hydrating Rosa Damascena Hydrolat 90ml,No regulation
5011784001768,Snufflebabe Nasal Aspirator,No regulation
5030451004765,Cetraben Lotion 500ml,GSL
5016003657108,Microlet Lancets 0.5mm 28 Gauge 200 Pack,No regulation
4007221033264,Drontal Film-Coated Tablets for Cats 2 Pack,No regulation
7702018578955,Gillette Mach 3 Turbo 4 Replacement Blades,No regulation
5060216562629,Bioglan Vitagummies Womens Multivitamin 60 Gummies,No regulation
3564300031289,Becocleanse Congestion Relief Nasal Spray 135ml,GSL
0716237181718,Giovanni Root 66 Max Volume Shampoo 250ml,No regulation
3435172351006,Quies Specific Air Travel Anti-Pressure Ear Plugs 1 Pair,No regulation
5099299042452,Frontline Wormer for Dogs >3kg 2 Tablets,No regulation
4086000011693,Fresubin Energy Drink Lemon 4 x 200ml,No regulation
5391531760231,Optase Protect 100ml,GSL
5010605402449,SanatoGEN A-Z Complete Multivitamin,No regulation
9001616669903,Mam Feeding Bottle Anti-Colic 0+ Months 160ml,No regulation
0017854109889,Baylis & Harding Signature Collection Black Pepper & Ginseng Grooming Gift Set,No regulation
5060896571867,Bull Dog Original Shave Duo,No regulation
5020465202578,Cetaphil Oily Skin Cleanser 236ml,No regulation
9349288130421,A'kin Colour Protection Quinoa & Abyssinian Oil Conditioner 225ml,No regulation
5012616265495,Becodefence Allergy Defence Adult Nasal Spray 20ml,GSL
0716237060082,Giovanni Nutra Fix Hair Reconstructor 200ml,No regulation
7610313605934,A.Vogel Pollinosan Allergy Nasal Spray 20ml,No regulation
3282770144864,Klorane Aquatic Mint Shampoo 200ml,No regulation
7702018566983,Gillette Venus 3 Smooth Razor + Replacement Blades 2 Pack,No regulation
7702018264230,Gillette Mach 3 Replacement Blades 4 Pack,No regulation
0615908432152,Tigi Bed Head Curls Rockhair Cream for Defined Curls 113ml,No regulation
5060332533510,Lindens Health + Nutrition CoEnzyme Q10 30mg 120 Tablets,No regulation
0716237120083,Giovanni Mousse Hair Styling Foam 207ml,No regulation
0615908431292,Tigi Bed Head Oh Bee Hive Dry Shampoo 238ml,No regulation
0033984014497,Solgar Inositol 500mg 50 Capsules,No regulation
5060176675087,Dr. Organic Virgin Coconut Oil Night Cream 50ml,No regulation
0716237070081,Giovanni Direct Leave-In Conditioner 250ml,No regulation
4005800270376,Eucerin DermatoCLEAN Micellar Foam with Hyaluronic Acid 150ml,No regulation
0832826004272,Clear Zal Hard Skin Remover 100g,No regulation
5021265243389,Vitabiotics Wellwoman Sport 30 Tablets,No regulation
5060601935205,BeautyPro Revitalising Daily Serum Vitamin Cake Watermelon & Kiwi 30ml,No regulation
5060601934802,BeautyPro SQUALANE Nourishing Daily Serum 30ml,No regulation
5000488201383,Bach Rescue Remedy Spray 20ml,No regulation
5021769917090,Technic Man'Stuff Sports Bag Toiletry Kit,No regulation
5000488108415,Bach Rescue Day Melts 28 Capsules,No regulation
0074312002717,Nature's Bounty Magnesium 250mg 100 Tablets,No regulation
5010249042001,FSC Vitamin C Powder Low Acid 150g,No regulation
5060363050116,Natural Teeth Whitening Co Activated Charcoal 50g,No regulation
5060148520469,BetterYou Magnesium Gel 150ml,No regulation
0654749351857,Avalon Lemon Bath & Shower Gel 355ml,No regulation
4001638098649,Weleda Skin Food 30ml,No regulation
5013455060104,Weleda Arnica Bumps & Bruises Skin Salve 25g,No regulation
4013474117132,Gehwol Med Protective Nail & Skin Cream 15ml,No regulation
5060332536238,Lindens Health + Nutrition Vegan Omega 3 6 & 9 1000mg 90 Capsules,No regulation
5060601934406,BeautyPro Firming Daily Serum Aha + Enzymes Pumpkin & Bergamot 30ml,No regulation
5060144641489,Bull Dog Original Travel Kit,No regulation
5060176672871,Dr. Organic Rose Otto Day Cream 50ml,No regulation
5028816000026,Bee Health Propolis 1000mg 90 Capsules,No regulation
0810020171655,Bondi Sands Tan Eraser Gel,No regulation
9327693002663,Sukin Sensitive Soap Free Body Wash 500ml,No regulation
5037353004114,"Skins Assorted 16 Pack (6 Natural, 5 Dots & Rib, 5 Ultra Thin)",No regulation
5025452002261,Salt of the Earth Lavender & Vanilla Deodorant Stick Refill 75g,No regulation
5060571721723,UpCircle Reusable Makeup Remover 7 Pads,No regulation
5011309441116,Covonia Catarrh Relief Formula 150ml,GSL
5011417583180,Gavinatura 14 Tablets,No regulation
7350087736662,E45 Cream Tub 350g,No regulation
5029354015893,AloeDent Teeth Whitening Strips 14 Day Treatment,No regulation
5054563176660,Voltarol Naturals 50ml,No regulation
5037353004084,Skins Dots & Ribs Condoms 16 Pack,No regulation
5013455061002,Weleda HyperCal Wound Salve 25g,No regulation
5037353010337,Skins Vital Lubes Assorted Pack 3 x 12ml,No regulation
5060391847948,Dr. Organic Tea Tree & Lemon Shampoo Bar 75g,No regulation
5000477808227,Kalms Day 168 Tablets,No regulation
5013455061415,Weleda Ruta Ointment 25g,GSL
5011309015416,Covonia Chesty Cough 300ml,GSL
5010605296055,Rennie Deflatine 36 Tablets,GSL
0716237140081,Giovanni Frizz Be Gone Hair Serum 82.5ml,No regulation
4084500846579,Pepto-Bismol Oral Suspension 240ml,GSL
5016379196003,Doublebase Emollient Wash Gel 200g,P
5065006309033,MyMouth JiBee Tongue Cleaner Pink,No regulation
0078522040026,Jason Soothing 89% Aloe Vera Moisturising Cream 113g,No regulation
8432225129891,Revlon Uniq One Coconut Hair Treatment 150ml,No regulation
5060384790213,Cosmocol Half Oral Powder 6.9g 30 Sachets,P
0017854117914,Baylis & Harding The Fuzzy Duck Winter Wonderland Wash Gift Set,No regulation
9327693001253,Sukin Face Scrub for Men 125ml,No regulation
5060144648969,Bull Dog Original Grooming Kit,No regulation
5037563002436,Numark Ibuprofen 100mg/5ml Oral Suspension 100ml,GSL
0716237187888,Giovanni Pure Castor Oil 240ml,No regulation
5012335888302,HALIBORANGE ORANGE SYRUP (300ML),No regulation
5054563197306,Centrum Performance Complete 30 Pack,No regulation
5025903026143,Nutri Within 1000μg Vitamin B12 180 Tablets,No regulation
5016298210989,Laxido Orange Sugar Free Sachets 30 Pack,P
0716237100085,Giovanni LA Hold Styling Gel 200ml,No regulation
3574661491219,Aveeno Skin Relief Body Wash 300ml,No regulation
8411300692000,L'Oréal Paris Revitalift Anti-Wrinkle & Firming Retinol Night Cream 50ml,No regulation
0074312016745,Nature's Bounty Daily Bone Support 100 Caplets,No regulation
0195893995646,GO2 Essential Oil Inhaler Sticks 4 Pack,No regulation
5055148414740,Lamberts Biome Balance 30 Gummies,No regulation
4032651215058,Schulke Octenisan Wash Lotion 500ml,No regulation
8001090439055,Always Dailies Discreet Boutique Plus Pants Large 8 Pack,No regulation
5060320560092,SUNVIT-D3 [C/CALCIFEROL 5000IU] DD0006 (28),No regulation
8001090594662,Gillette Venus 3 Smooth Razor 4 Replacement Blades,No regulation
5025452001134,Salt of the Earth Amber & Sandalwood Deodorant Stick Refill 75g,No regulation
5011417576908,Durex Cherry Pleasure Gel 100ml,No regulation
9327693007583,Sukin Blemish Control Pore Perfecting Toner 125ml,No regulation
8716900552755,Nutricia Fortisip Compact Energy Drink Chocolate 4 x 125ml,No regulation
5060209730240,Carmize 0.5% 30 Re-Closable Vials,No regulation
0615908431575,Tigi Bed Head Manipulator Matte Hair Wax Paste Strong Hold 57g,No regulation
0724742007614,Alba Botanica Acne Face & Body Scrub 227g,No regulation
5055148409746,Lamberts L-Lysine 500mg 120 Tablets,No regulation
5034445001143,The Eye Doctor Essential Compress,No regulation
5060203791063,Terranova Chromium 200Ug Complex 50 Pack,No regulation
5054563129796,Centrum Advance Adults Daily Multivitamin 60 Tablets,No regulation
4005900695864,Nivea Sun Protect & Dry Mist SPF30 200ml,No regulation
7612367050470,Medela Breastmilk Storage Bag 50 Pack,No regulation
3662042002953,Blephaclean Eyelid Wipes 20 Pack,No regulation
5060216560168,Sambucol Kids 120ml,No regulation
0017854117150,Baylis & Harding Citrus Lime & Mint Shower Duo Gift Set,No regulation
5392000104228,Optase Moist Heat Mask,No regulation
5025452000823,Salt of the Earth Amber & Sandalwood Deodorant Balm 60g,No regulation
0017854118041,Baylis & Harding Signature Men's Black Pepper & Ginseng Duo Gift Set,No regulation
5055148409074,"Lamberts Rosehip 10,000mg 60 Tablets",No regulation
0074312002663,Nature's Bounty Turmeric 500mg 60 Capsules,No regulation
0017854117709,Baylis & Harding Wild Fig & Pomegranate Light Up Decanter,No regulation
0654749351673,Avalon Tea Tree Scalp Treatment Conditioner 312g,No regulation
5038483224410,Full Marks Solution 5 Minute Treatment 100ml,GSL
5023652373037,Nature's Aid Men Health & Vitality 30 Capsules,No regulation
5013455060623,Weleda Combudoron Ointment 25g,GSL
8420212035034,Cuderm Moisturising Lotion 500ml,No regulation
3574661625379,Aveeno Nourishing Oat Cleanser 200ml,No regulation
0083000016783,Nature's Answer PerioBrite Charcoal Toothpaste Peppermint,No regulation
5025452000816,Salt of the Earth Lavender & Vanilla Deodorant Balm 60g,No regulation
3574661732992,Aveeno Skin Renewal Gentle Body Scrub 200ml,No regulation
5055565706480,Sildenafil Accord 100mg 8 Tablets,P
5065007265277,Purosure Paraffin 50:50% w/w Ointment 500g,No regulation
5011309586114,Cetraben Natural Oatmeal Cream 190g,No regulation
5010934004772,Just For Men Control GX Grey Reducing 2-In-1 Shampoo & Conditioner 118ml,No regulation
5016379194009,Doublebase Emollient Bath Additive 500ml,GSL
5392000104266,Optase Tea Tree Oil Eyelid Wipes 20 Pack,No regulation
4004148017704,Floradix Calcium Liquid Formula 250ml,No regulation
5011309020618,Oilatum Shower Gel Fragrance-Free 150g,GSL
5011309871814,Galfer Syrup Liquid Iron Supplement 300ml,P
4001638096638,Weleda Baby Calendula Weather Protection Cream 30ml,No regulation
4013474117125,Gehwol Callus Cream 75ml,No regulation
3600540305008,Garnier Ambre Solaire Kids Sensitive Sun Cream Lotion SPF50+ 200ml,No regulation
5060391847993,Dr. Organic Lip Balm Trio Gift Set,No regulation
5011309089813,Virasoothe Chickenpox Cooling Gel 75g,No regulation
3616302013180,Adidas Bodycare Spray Gift Set,No regulation
5060018513188,KIKI Health Marine Collagen Beauty Blend Powder 20g,No regulation
5000347039386,Biotene Moisturising Gel Flavour Free 50g,No regulation
0716237130082,Giovanni Tea Tree Triple Treat Shampoo 250ml,No regulation
5060464500220,Ibuprofen 400mg 96 Tablets,P
5055148403102,Lamberts GTF Chromium 200µg 100 Tablets,No regulation
0654749351178,Avalon Tea Tree Scalp Treatment Shampoo 325ml,No regulation
5021265223602,Vitabiotics Wellwoman 50+ 30 Capsules,No regulation
5023652263031,Nature's Aid Quantum Ultra Potency Multi-Vitamins & Minerals 30 Tablets,No regulation
4015630056972,ACCU-CHEK FastClix Lancets 0.3MM 30G 204 pack,No regulation
0716237181725,Giovanni Root 66 Max Volume Conditioner 250ml,No regulation
9335955004454,MooGoo Baby Gentle Shampoo 250ml,No regulation
3574661730578,Zarbee's Immune Support Syrup 120ml,No regulation
0017854110991,Baylis & Harding The Fuzzy Duck Men's Hemp & Bergamot Duo Set,No regulation
8719324977159,We Love The Planet Deodorant Stick-So Sensitive 65g,No regulation
5034511010352,Green People Organic Children Aloe Vera After Sun Lotion 50ml,No regulation
3616301033882,Max Factor Mascara Lash Revival 2pc Set,No regulation
6921756492434,Flowflex COVID-19 Antigen Home Test 5 Tests,No regulation
5010724506387,First Response Early Result Pregnancy Test 2 Pack,No regulation
5055148414160,Lamberts Methyl Folate 400µg 60 Tablets,No regulation
5060332534555,Lindens Health + Nutrition Alpha Lipoic Acid 250mg 90 Capsules,No regulation
4015400628262,Always Discreet Pants Medium 12 Pack,No regulation
5013455061408,Weleda Rhus Tox Ointment 25g,GSL
5011309102710,Cetraben Pro Hydrate Five Intensely Hydrating Night Cream 150ml,No regulation
5011309729313,Oilatum Junior Cream 350ml,GSL
5055148411831,Lamberts P5P 20mg 60 Tablets,No regulation
4031626711274,Hycosan Fresh 7.5ml,No regulation
7322542091227,Tena Silhouette High Waist Underwear Black Medium 9 Pack,No regulation
4103040043689,Sebamed Feminine Intimate Wash 200ml,No regulation
5065006309026,MyMouth JiBee Tongue Cleaner Orange,No regulation
8006540894415,Oral-B Refills Precision Clean X-Fila 2,No regulation
5016379171017,Doublebase Diomed Dry Skin Emollient 250g,No regulation
8720182567710,"LYNX Black Trio Gift Set Body Wash, Body Spray & Anti-Perspirant",No regulation
5999887678110,Osi Magnesium Bath Flakes 1kg,No regulation
5065006309002,MyMouth JiBee Tongue Cleaner Sky Blue,No regulation
5060776980154,DR.VEGAN Curcumin & Turmeric 30 Capsules,No regulation
5014713100303,Tiger Balm Regular White 30g,GSL
5011309120516,Cetraben Moisturising Facial Day Cream 75g,No regulation
5016007205015,Liquifilm Tears Udv 30 x 0.4ml,No regulation
7317510000615,Molaxole Powder for Oral Solution 30 Sachets,P
5017402008478,Tisserand Rosemary Organic Essential Oil 9ml,No regulation
5037353004145,Skins Extra Large Condoms 16 Pack,No regulation
5017402041604,Tisserand Rosemary Hair Oil 100ml,No regulation
5000477669170,Kalms 84 Tablets,No regulation
5031013106439,Higher Nature Milk Thistle 30 Capsules,No regulation
5023652517035,Nature's Aid Menopause Support Formula 30 Capsules,No regulation
3331300097771,Stérimar Stop & Protect Allergy Response 20ml,No regulation
8720182406927,Lynx Epic Fresh Duo & Socks Set,No regulation
0753950002098,Doctor's Best Vitamin D3 1000IU 180 Softgels,No regulation
5011309102116,Cetraben Pro Hydrate Five Intensely Hydrating Body Lotion 250ml,No regulation
5010934002174,Just For Men Original Formula H-55 Real Black Hair Dye Kit,No regulation
0615908425819,Tigi Bed Head B for Men Matte Separation Workable Wax 85g,No regulation
6936983119450,2San Menopause Rapid Test 2 Pack,No regulation
5060391848327,Dr. Organic Castor Oil 250ml,No regulation
0033984027701,Solgar Ultimate B+C Complex 30 Tablets,No regulation
5055148414313,Lamberts Milk Thistle 60 Tablets,No regulation
5060571721532,UpCircle Cleansing Face Milk with Oat Powder 50ml,No regulation
5023652411050,Nature's Aid Vegan Vitamin D3 2500iu 50ml,No regulation
3600542126885,Garnier Ambre Solaire Kids Sensitive Wet Skin Sun Cream SPF50 150ml,No regulation
5034445003901,The Eye Doctor Hypochlorous Eyelid Spray,No regulation
0017854117143,Baylis & Harding Citrus Lime & Mint Racing Car Tin Gift Set,No regulation
5407007650187,Bambaw Reusable Sanitary Pads Heavy Flow,No regulation
5029053574103,Huggies Disney Princess Pull-Up Nappies 2-4 years 20 Pack,No regulation
5060202182282,Cytoplan Vegan Vitamin D3 62.5μg 60 Tablets,No regulation
5060332531967,Lindens Health + Nutrition Royal Jelly 150mg 100 Capsules,No regulation
0716237030085,Giovanni 50:50 Balanced Shampoo 250ml,No regulation
0859975002461,Andalou Clementine + C Illuminating Toner 178ml,No regulation
9314839020728,QV Bath Oil for Dry & Sensitive Skin 500ml,No regulation
5060119660842,Evolve Carbomer Soothe & Renew 10ml,No regulation
4013162027187,Fenjal Intensive Body Oil 145ml,No regulation
9314839016943,QV Baby Moisturising Cream 250g Pump,No regulation
7613036546072,SMA Lactose Free Infant Milk Powder 400g,No regulation
9327693004513,Sukin Super Greens Facial Moisturiser 125ml,No regulation
3574661353340,Benylin Mucus Cough Max Honey & Lemon 300ml,GSL
5060156070123,Clinitas Soothe 0.4% Perservative Free Eye Drops 30 x 0.5ml,No regulation
5016379100406,Adex Gel 500g,No regulation
5701943100103,Perspirex Anti Perspirant Mens Max Roll-on 20ml,No regulation
5011309068115,Cetraben Moisture Protect Facial Cleanser 200ml,No regulation
7643022209230,Shea Moisture Argan Oil Conditioner 384ml,No regulation
5011417582077,FyboGel Citrus FibreChews 30 Tablets,GSL
5038581156262,Yankee Candle Sugared Blossom Reed Diffuser 90ml,No regulation
5000488103359,Bach White Chestnut Remedy 20ml,No regulation
4004148057069,Floradix Kindervital 250ml,No regulation
8432225129785,Revlon Uniq One Hair Treatment Original 150ml,No regulation
3600541992412,Garnier Ambre Solaire Sensitive Hydrating Face Sun Cream SPF50 75ml,No regulation
1230000007399,Astroglide Water Based Personal Lubricant 148ml,No regulation
9329401000442,The Goat Skincare Body Wash with Chamomile 500ml,No regulation
5011309020915,Eurax Cream 100g,GSL
5701943011430,Perspirex Original Roll-On 20ml,No regulation
4013162027460,Fenjal Sensitive Body Oil 145ml,No regulation
3661103045205,Frontline Spot On Cat 1 Pipette,No regulation
3574661519760,Aveeno Baby Daily Care Wipes 4 Pack,No regulation
5060574680065,Hashmats Health Fish Oil Omega-3 EPA & DHA 30 Softgels,No regulation
5011309162615,Zerobase Emollient Cream 500g,No regulation
8432225129877,Revlon Uniq One Lotus Flower Hair Treatment 150ml,No regulation
5010605054075,Canesten Thrush Cream 20g,P
5034445002119,The Eye Doctor Stye Relief Compress,No regulation
0078522000259,Jason Moisturising Aloe Vera Shampoo 473ml,No regulation
0716237010087,Giovanni Golden Wheat Shampoo 250ml,No regulation
9421903096821,Antipodes Divine Face Oil Mini 10ml,No regulation
5712249121822,Novofine Needles 4mm 32G 100 Needles,No regulation
3574661571645,Nicorette Icy White 2mg Nicotine Gum 30 Pack,GSL
8720182567734,"LYNX Epic Trio Gift Set Body Wash, Body Spray & Anti-Perspirant",No regulation
9329401000114,The Goat Skincare Moisturising Wash Original 500ml,No regulation
3574661730547,Zarbee's Children's Immune Support Syrup 120ml,No regulation
5060291420197,Nursem Caring Hand Wash 300ml,No regulation
5037353004022,Skins Natural Condoms 16 Pack,No regulation
5029354000240,Aloe Pura Aloe Vera Juice Peppermint & Chamomile 500ml,No regulation
0022600200048,VIVISCAL DENSIFYING CONDITIONER (250ML),No regulation
5000476020538,Johnson's Veterinary One Dose Wormer Size 3,No regulation
5025452001165,Salt of the Earth Unscented Deodorant Stick Refill 75g,No regulation
5999887678493,Osi Magnesium Magnesium Oil Sensitive Spray 100ml,No regulation
5391531760286,Fusion Allergy Nasal Spray 20ml,GSL
5065006309019,MyMouth JiBee Tongue Cleaner Grey,No regulation
96032893,BetterYou B12 Boost Spray 25ml,No regulation
5037353004176,Skins Flavoured Condoms 16 Pack,No regulation
3616304218460,Adidas Pure Game Gift Set,No regulation
5010605153044,Berocca Mango 15 Effervescent Tablets,No regulation
5020465200468,Cetaphil Moisturising Cream 100g,No regulation
4030571004356,Viscotears Eye Gel Single Dose Units 30 x 0.6ml,P
0716237020086,Giovanni Smooth As Silk Conditioner 250ml,No regulation
0017854117334,Baylis & Harding Sweet Mandarin & Grapefruit Light Up Bath Bubbles,No regulation
5038581105871,Yankee Candle Sleep Diffuser Kit Bronze,No regulation
0716237180537,Giovanni Smooth As Silk Shampoo 250ml,No regulation
5016379142000,Dermax Therapeutic Shampoo 250ml,P
0724742008277,Alba Hawaiian Green Tea SPF 45 Sunscreen,No regulation
5029053574110,Huggies Pull-Ups Boy 2-4yr Nappies 20 Pack,No regulation
5029053574158,Huggies Disney Cars Pull Ups Night-Time Nappies Size 6 18 Pack,No regulation
5023652020900,Nature's Aid Korean Ginseng 40mg (600mg equiv) 90 Tablets,No regulation
5060391847924,Dr. Organic Coconut & Orange Shampoo & Conditioner Bar 75g,No regulation
0851325002282,Macadamia Natural Oil Deep Repair Masque 100ml,No regulation
5034511002937,Green People Organic Babies Soothing Nipple Balm Scent Free 50ml,No regulation
0033984025516,Solgar Selenium 100µg (Yeast Free) 100 Tablets,No regulation
5037353004053,Skins Ultra Thin Condoms 16 Pack,No regulation
5031013108617,Higher Nature High Strength Vitamin D3 2000IU 60 Capsules,No regulation
5054563258588,Pirilieve Hayfever Relief 120mg 30 Tablets,GSL
7350087736990,E45 Itch Relief Cool Mousse 100ml,GSL
5060148521374,BetterYou Magnesium Oil Sensitive Spray 100ml,No regulation
5035883002464,Snoreeze Snoring Relief 20 Nasal Strips S/M,No regulation
5060310357909,Indigo Teas Organic Matcha Tea Powder 50g,No regulation
5013455060364,Weleda Calendula Cuts & Grazes Skin Salve 25g,No regulation
0078522000822,Jason Extra Gentle Shampoo 517ml,No regulation
5010249300200,FSC Organic Flaxseed Oil 500ml,No regulation
4084500477360,Clearblue Digital Pregnancy Test 1 Pack,No regulation
5060601934604,BeautyPro HYALURONIC ACID Hydrating Daily Serum 30ml,No regulation
5060601936578,BeautyPro CICA + NIACINAMIDE Blemish Control Daily Serum 30ml,No regulation
5031013107658,Higher Nature Rest Well 13.5ml,No regulation
9327693005558,Sukin Renewing Body Scrub with Green Tea & Jojoba 200ml,No regulation
5031013102967,Higher Nature Superphyte 30 Capsules,No regulation
0033984028043,Solgar Kangavites Vitamin C 100mg 90 Tablets,No regulation
5060601935007,BeautyPro RETINOL Anti-Ageing Overnight Serum 30ml,No regulation
5030451003416,Cetraben Emollient Bath Additive 500ml,GSL
9327693005428,Sukin Energising Body Scrub with Coffee & Coconut 200ml,No regulation
5060776980017,DR.VEGAN Vitamin B12 2000ug 30 Capsules,No regulation
3760201136515,"Lamazuna Solid Shampoo-Normal Hair with Orange, Cinnamon & Star Anise 55g",No regulation
5060895830484,Mad Beauty FRIENDS Cosmetic Bag,No regulation
0033984035003,Solgar Vitamin E 134mg (200IU) 50 Softgels,No regulation
0033984032606,Solgar Vitamin C 500mg 100 Capsules,No regulation
5055148400019,Lamberts Ginger Capsules 60 Capsules,No regulation
5012616263194,Jungle Formula Slap-It For Kids,No regulation
5010724529270,Replens Md Vaginal Moisturiser 2.5g 6 Pack,GSL
5023652670907,Nature's Aid Complete Multi-Vitamins & Minerals 90 Tablets,No regulation
5704947003500,O'Keeffe's Skin Repair Body Lotion 190ml,No regulation
9329401000176,The Goat Skincare Moisturising Wash with Lemon Myrtle 500ml,No regulation
5012616264801,Dermalex Repair + Restore Ultra Hydrating Moisturiser 100g,No regulation
5011417589229,Nurofen Plus 24 Tablets,P
5060018880150,Murine Advance Dry Eye Relief 10ml,GSL
5012616267659,Solpadeine Max 24 Tablets,P
0852558006481,Macadamia Natural Oil Volumizing Shampoo 300ml,No regulation
0033984023802,Solgar Vitamin C 500mg with Rose Hips 100 Tablets,No regulation
5019090117418,Munchkin Latch Microwave Steriliser Bags 6 Pack,No regulation
5060173375003,Tangle Teezer Salon Elite Pink Fizz,No regulation
5060601934208,BeautyPro VITAMIN C Brightening Daily Serum 30ml,No regulation
5012748615281,Movicol Sachets Lemon & Lime 20 Pack,P
5011309166019,Zerolatum Emollient Bath Additive 500ml,No regulation
5052197045390,Durex Pleasure Me Condoms 12 Pack,No regulation
5060119660118,Lumecare Carmellose Eye Drops 30 x 0.4ml Single Units,GSL
3574661366272,Benadryl Allergy Relief 24 Capsules,GSL
5709976139107,Pharma Nord D-Pearls 5000IU 125mcg 30 Caps,No regulation
9327693000744,Sukin Purifying Facial Masque 100ml,No regulation
1230000007252,Astroglide Warming Liquid 120ml,No regulation
5060332534524,Lindens Health + Nutrition Collagen (Marine) 400mg 90 Capsules,No regulation
5060332536146,Lindens Health + Nutrition Ultra Garlic 120 Capsules,No regulation
0724742007638,Alba Botanica Acne Deep Clean Astringent 177ml,No regulation
4015600116415,Wella Professional Shampoo Enrich Fine/Normal Hair 250ml,No regulation
8436583640043,MiiN Routine Headband in Pink Nude,No regulation
5021769997139,Technic Man'Stuff Body Care Essentials Basket Gift Set,No regulation
5010249011854,FSC Vitamin B Supreme High Potency 60 Tablets,No regulation
5023652442030,Nature's Aid Pro-Travel (Pro-30 MAX Vit B1) 15 Day Supply,No regulation
5060143340109,Bimuno Travelaid High Fibre 30 Pastilles,No regulation
5055148400217,Lamberts Vitamin B-50 Complex 60 Tablets,No regulation
0033984011205,"Solgar Formula Vitamin B-Complex ""50"" High Potency 50 Capsules",No regulation
0033984025707,Solgar Oceanic Silica 50 Capsules,No regulation
3574661253848,Benadryl Allergy One-A-Day Cetirizine Dihydrochloride 30 Tablets,GSL
5020465201588,Acnecide Face Wash 5% w/w Gel 50g,GSL
5060704340548,Acala Bamboo Toothbrush Case,No regulation
5034511006683,Green People Wake Up Wild Ginger Hand Cream 30ml,No regulation
5000488107012,Bach Rescue Night Melts 28 Capsules,No regulation
5034445001242,The Eye Doctor Biodegradable Lid Wipes 40 Pack,No regulation
5060704340401,Acala Mini Soap Lovers Gift Bag,No regulation
5010605830495,Germoloids Action Cream 55g,GSL
0033984030503,Solgar Vitamin B2 (Riboflavin) 100mg 100 Capsules,No regulation
4005800036101,Eucerin UreaRepair 10% Urea Foot Cream 100ml,No regulation
5060119660484,Evolve Carmellose 0.5% Eye Drops 10ml,No regulation
5000283659327,Pharmaton Active Life 30 Caplets,No regulation
5060447945147,Childs Farm Baby Essential Kit,No regulation
5010249041806,FSC Cranberry 2400mg 30 Tablets,No regulation
5029066039033,Childs Farm Top To Toesie Kit 50ml 3 Pack,No regulation
0033984005204,Solgar Calcium Magnesium Plus Zinc 100 Tablets,No regulation
0033984031104,Solgar Vitamin B6 100mg 100 Capsules,No regulation
5060203790998,Terranova Copper 2mg Complex (Bisglycinate) 50 Pack,No regulation
5060084170940,Profoot Toenail Nipper,No regulation
5060144640581,Bulldog Anti-Ageing Moisturiser 100ml,No regulation
5010934001849,Just For Men Hair Dye Dark Brown Black,No regulation
5010605400124,Diprobase Itch Relief 50g,No regulation
5054563044365,Driclor Roll-On 60ml,P
5023652367067,Nature's Aid Osteo Advance 60 Tablets,No regulation
5010249041004,FSC Acidophilus Fos Vegetarian 60 Capsules,No regulation
5060636881744,ecoLiving Ecoliving Shampoo Bar Soap Free 85g Autumn Berries,No regulation
8716900582622,Nutricia Fortisip Compact Energy Drink Banana 4 x 125ml,No regulation
5000488103298,Bach Star Of Bethlehem Remedy 20ml,No regulation
5011309711813,Hedrin Treat & Go Spray 60ml,No regulation
9327693005305,Sukin Oil Balancing Mattifying Facial Moisturiser 125ml,No regulation
0078522050124,Jason Vitamin E Moisturizing Crème 113g,No regulation
9781788401661,MiiN The Korean Skincare Bible,No regulation
5060130440119,Clinell Universal Cleaning & Disinfectant Wipes 200 Wipes,No regulation
5010934003263,Just For Men Jet Black Hair Dye H-60,No regulation
4038235203275,Glucorx Allpresan Diabetic Foam Basic 125ml,No regulation
3760201136492,Lamazuna Solid Shampoo-Dry Hair with Orange 55g,No regulation
5025970022840,Nivea Sun Spray SPF30+ 200ml,No regulation
5010441016237,Numark First Aid Kit,No regulation
8716900581069,Nutricia Fortisip Compact Energy Drink Neutral 4 x 125ml,No regulation
8716900580208,Nutricia Fortisip Compact Energy Drink Vanilla 4 x 125ml,No regulation
6001159118480,Bio-Oil Dry Skin Gel 100ml,No regulation
3760201136461,Lamazuna Solid Shampoo-Oily Hair with Lemon 55g,No regulation
4051895012544,Fresubin 2kcal Mini Vanilla 4x125ml,No regulation
0716237040084,Giovanni 50:50 Balanced Conditioner 250ml,No regulation
0033984037205,Solgar Zinc 50mg 100 Tablets,No regulation
9327693004421,Sukin Super Greens Facial Scrub 125ml,No regulation
5055148402020,Lamberts Chromium Complex (includes Chromium 200µg) 60 Tablets,No regulation
0654749351802,Avalon Lavender Bath & Shower Gel 335ml,No regulation
8716900581106,Nutricia Fortisip Compact Energy Drink Strawberry 4 x 125ml,No regulation
5060156070222,Clinitas Multi 0.2% 10ml,No regulation
5055148401757,Lamberts Thiamin 100mg 90 Capsules,No regulation
5060420337785,Fudge Hair Shaper 75g,No regulation
5060099030697,Odylique Timeless Rose Moisturiser 15ml,No regulation
5391531760392,Fusion Allergy Cooling Mask,No regulation
5010249309777,FSC Hawthorn Berry 500mg 90 Tablets,No regulation
3600523526208,L'Oréal Men Expert Barber Club Short Beard Moisturiser 50ml,No regulation
5010249309906,FSC Turmeric & Bioperine 90 Capsules,No regulation
5701943010402,Perspirex Strong Antiperspirant Roll-On 20ml,No regulation
4051895012568,Fresubin 2kcal Mini Apricot Peach 4x125ml,No regulation
8809480780769,Shangpree Black Premium Modeling Mask 4.5g,No regulation
5099299042438,Frontline Wormer for Cats >1kg 2 Tablets,No regulation
5060332532506,Lindens Health + Nutrition Silica for Hair & Nails 250mg 100 Capsules,No regulation
5011309590012,Hedrin Spray Gel 60ml,No regulation
5060601933263,BARBER PRO Face Putty 40ml,No regulation
5021265247400,Vitabiotics Ultra Vitamin D 2000IU Tablets 96 Pack,No regulation
5010123703745,Benylin Chesty Coughs Non Drowsy Syrup 300ml,GSL
3800219793062,Alteya Organic Hand Cream Rose Jasmine Moisture Dew 90ml,No regulation
5060391848051,Dr. Organic Tea Tree Cracked Heel Balm 100ml,No regulation
8719324977104,We Love The Planet Deodorant Stick-Sweet Serenity 65g,No regulation
4005800035784,Eucerin UreaRepair Original 5% Urea Cream 75ml,No regulation
0074312002731,Nature's Bounty Multi-Digestive Enzymes 90 Caplets,No regulation
0033984019409,Solgar Folate 400mcg (As Metafolin) 50 Tablets,No regulation
0735850821504,Gengigel Oral Spray 20ml,GSL
7350087736464,E45 Daily Care Rich Lotion 400ml,No regulation
0672153905978,Woody's Clay 96g,No regulation
0033984010833,Solgar U-Cubes Children's Calcium D3 60 Gummies,No regulation
0033984033405,Solgar Vitamin D3 1000IU (25µg) 100 Softgels,No regulation
5407007650408,Bambaw Tube Reusable Makeup Pads 10 Pack,No regulation
0753950002104,Doctor's Best Vitamin D3 2000IU 180 Softgels,No regulation
0856175001928,Fake Bake Beyond Bronze Aerosol Self-Tanner 210ml,No regulation
8719324977111,We Love The Planet Deodorant Stick-Forever Fresh 65g,No regulation
5013455250284,Weleda Arnica Cooling Gel 25g,No regulation
5022339186014,Quest Lactase Enzyme 30 Tablets,No regulation
0087614015996,Swanson Triple Boron Complex 3mg 250 Capsules,No regulation
5037336000140,Effercitrate Tablets Potassium Citrate & Citric Acid 12 Tablets,GSL
5011309265613,Care Ibuprofen Gel 5% 100g,GSL
5060181540356,AgaMatrix 33G 200 Ultra-thin Lancets,No regulation
9001616669927,Mam Feeding Bottle Anti-Colic 2+ Months 260ml,No regulation
5060163210444,Silicolgel 200ml,No regulation
5013455081048,Weleda Nux Vom. 30c 125 Tablets,GSL
0654749351604,Avalon Volumizing Rosemary Conditioner 312g,No regulation
4008666214232,Alpecin Caffeine Shampoo C1 375ml,No regulation
5055148402228,Lamberts Magasorb Magnesium 150mg As Citrate 60 Tablets,No regulation
0615908427615,Tigi Catwalk Styling Strong Hold Mousse 200ml,No regulation
5031013105937,Higher Nature Black Cohosh Menopause Relief 30 Tablets,No regulation
0033984029507,Solgar Vitamin B1 (Thiamin) 100mg 100 Capsules,No regulation
5054563060372,Piriteze Allergy Cetirizine 30 Tablets,GSL
5013455081161,Weleda Thuja 30C 125 Tablets,GSL
5031013100093,Higher Nature Serotone 5HTP 50mg 30 Capsules,No regulation
5024091747977,Zirtek Allergy Relief 21 Tablets,P
0017854106031,Baylis & Harding Limited Edition Mulberry Fizz Round Tin Gift Set,No regulation
4013162019311,Fenjal Classic Creme Bath Oil 125ml,No regulation
5011309089011,Cetraben 2-In-1 Daily Cleansing Cream 200ml,No regulation
0078522000198,Jason Jojoba Conditioner 454g,No regulation
0078522070054,Jason Thickening Biotin + Hyaluronic Acid Shampoo 473ml,No regulation
5060332530342,Lindens Health + Nutrition Oregano Oil 25mg 100 Capsules,No regulation
5010415235961,Tommee Tippee Nipple Cream 40ml,No regulation
0839573002056,Grahams Manuka Honey Soap Bar 100g,No regulation
0033984022713,Solgar Prenatal Nutrients 60 Tablets,No regulation
5011309102215,Cetraben Pro Hydrate Five Intensely Hydrating Body Wash 250ml,No regulation
5015259007750,Sea-Band Nausearelief Kids Comforting Acupressure Bands,No regulation
5011309623314,Zerolon Barrier Cream 92g,No regulation
5000223421960,Jelonet* Non-Medicated Paraffin Gauze Dressing 15cm x 2m,No regulation
9314839020797,QV Gentle Wash for Very Dry Skin 500g,No regulation
96188644,BetterYou Vitamin D D1000IU Vegan Oral Spray 15ml,No regulation
5023652395152,Nature's Aid Kidz Omega-3 150ml,No regulation
7322540574876,Tena Pants Protect+ Plus Large 8 Pack,No regulation
5034445001501,The Eye Doctor Biodegradable Tea Tree Lid Wipes 20 Pack,No regulation
5060601936226,BARBER PRO ANTI-AGEING Face Serum 30ml,No regulation
5014302000045,Milkaid Lactase Enzyme Chewable Tablets 60 Pack,No regulation
5060361081853,Xailin Hydrate Eye Drops 10ml,No regulation
5060480200050,Georganics Mouthwash Tablets English Peppermint 180 Tablets,No regulation
5017007604709,Sildenafil Teva 100mg 8 Tablets,P
5023652274105,Nature's Aid Glucosamine & Chondroitin Complex 90 Capsules,No regulation
5016379000072,Otex Express Combi Pack 10ml,GSL
5017007603689,Motusol Max 2.32% w/w Gel 50g,GSL
0033984017009,Solgar L-Lysine 1000mg 50 Tablets,No regulation
8006540154083,Pantene Revitalise & Soothe Menopause Conditioner 160ml,No regulation
5023652303065,Nature's Aid Celery Seed Complex 60 Tablets,No regulation
0859975002225,Andalou Meyer Lemon+ C Creamy Cleanser 178ml,No regulation
5034268006080,ProVen Probiotics Urgent-C Immune & Energy Intensive (Daytime) 7 sachets,No regulation
0033984007512,Solgar Advanced Acidophilus 50 Capsules,No regulation
5055148410971,Lamberts Taurine 500mg 60 Capsules,No regulation
5031013104800,Higher Nature Theanine 30 Capsules,No regulation
4051895000312,Fresubin Powder Extra Chocolate 7x62g,No regulation
0017854102484,Baylis & Harding The Fuzzy Duck Cotswold Collection 2 Bottle Set,No regulation
5012616268007,Solpadeine Plus Soluble 24 Tablets,P
5060018880495,Murine Refresh & Soothe Eye Mist 10ml,GSL
0078522001980,Jason Men's forest Fresh Dry Spray Deodorant 90g,No regulation
9314839015649,SunSense Ultra SPF50+ Protection Lotion 50ml,No regulation
4051895000305,Fresubin Powder Extra Neutral 7x62g,No regulation
8716900582660,Nutricia Fortisip Compact Energy Drink Mocha 4 x 125ml,No regulation
5010605830556,Germoloids Action Ointment Large 55ml,GSL
5013455081093,Weleda Rhus Tox. 30c 125 Tablets,GSL
5038483000076,Paramol Easy Swallow 24 Tablets,P
9314839020773,QV Skin Lotion for Dry Skin Conditions 500ml,No regulation
0615908426021,Tigi Catwalk Styling & Finish Haute Iron Spray 200ml,No regulation
5060176671898,Dr. Organic Vitamin E Pure Oil 50ml,No regulation
5034445002706,The Eye Doctor Tea Tree Lid Cleanser 100ml,GSL
0033984001404,Solgar L-Arginine 500mg 50 Capsules,No regulation
0810020171648,Bondi Sands Face Mist One Hour 70ml,No regulation
0078522015604,Jason Healthy Mouth Tartar Control Cinnamon-Clove Mouthwash 473ml,No regulation
1358962181602,Vamousse Head Lice Protection Shampoo 200ml,No regulation
0078522070092,Jason Thickening Biotin + Hyaluronic Acid Conditioner 473ml,No regulation
7322540545241,Tena PROskin Wash Cream 500ml,No regulation
5016646039286,Ancol Little Stinkers Unscented Paw & Nose Balm 50g,No regulation
5011417539880,Veet Hair Removal Cream Lotus Milk & Jasmine 200ml,No regulation
9335955004980,MooGoo Magnesium Moisturising Cream 120g,No regulation
5010605830792,Germoloids Suppositories 24 Pack,GSL
3331300097245,Stérimar Congestion Relief Sea Water Nasal Spray 100ml,No regulation
5031013101083,Higher Nature Zinc 90 tablets,No regulation
5011417556535,E45 Dermatological Intense Recovery Body Lotion Very Dry Skin 400ml,GSL
5060409580539,Nutrigen Gasodex Syrup 200ml,No regulation
7612367073073,Medela Purelan Lanolin Nipple Cream 37g,No regulation
5016379193002,Doublebase Emollient Shower Gel 200g,P
1230000007276,Astroglide Organic Oil Blend 118ml,No regulation
5010249020351,FSC Glucosamine Sulphate 1000mg 90 Tablets,No regulation
5054563061485,Day & Night Nurse 24 Capsules,P
5015632090270,Cath Kidston Endless Love Mint Lip Balm 6g,No regulation
5010249041554,FSC Liquid Gel Multivitamins & Minerals 30 Capsules,No regulation
5010249028463,FSC Evening Primrose Oil 1300mg 60 Capsules,No regulation
0859975002249,Andalou Blossom + Leaf Toning Refresher 178ml,No regulation
7350087736723,E45 Itch Relief Cream 100g,GSL
5055148401542,Lamberts Riboflavin 50mg 100 Capsules,No regulation
5060571720733,UpCircle Green Mint & Lemongrass Hand Wash 270ml,No regulation
5055148402778,Lamberts Siberian Ginseng 1500mg 60 Tablets,No regulation
5011417549247,Veet in Shower Cream for Sensitive Skin Hair Removal 150ml,No regulation
8713713076171,Doctor Gut IBS Relief 30 Vegicaps,No regulation
8007376042629,American Crew Classic Anti Dandruff Shampoo 250ml,No regulation
8888650437061,Tiger Balm Muscle Lotion 80ml,GSL
5060332536252,Lindens Health + Nutrition Vitamin K2 200mcg 120 Tablets,No regulation
5060601936271,BARBER PRO BLEMISH CONTROL Face Serum 30ml,No regulation
5060332534937,Lindens Health + Nutrition D-Mannose 1000mg 30 Tablets,No regulation
0078522000846,Jason Kids Only Conditioner 227g,No regulation
3600521602638,L'Oréal Men Expert Hydra Sensitive Moisturiser 50ml,No regulation
1230000007245,Astroglide Strawberry Liquid 120ml,No regulation
1230000007238,Astroglide Silicone Liquid 120ml,No regulation
5025970013374,Nivea Perfectly Pampered Gift Set,No regulation
5055148401894,Lamberts Nicotinamide 250mg 100 Tablets,No regulation
3663555004304,Hana 75mg Contraceptive Tablets 1 Month Supply,P
5031013100208,Higher Nature True Food Easy Iron 90 Capsules,No regulation
8719324977142,We Love The Planet Deodorant Stick-Mighty Mint 65g,No regulation
5060156070215,Clinitas 0.2% Lubricant Eye Drops 30 x 0.5ml,GSL
5013455250277,Weleda Nipple Balm 25g,No regulation
0857538000039,Diva Wash for Diva Cup 177ml,No regulation
5023652380912,Nature's Aid Evening Primrose Oil 1000mg 90 Capsules,No regulation
5060133378747,Vizulize Triple Action Dry Eye Mist 10ml,No regulation
5024084001550,Pharma Nord Bio-Carotene 150 Capsules,No regulation
5010605400773,Clarityn Allergy 10mg 30 Tablets,GSL
5060519143259,Pukka Majestic Matcha Chai Latte 90g,No regulation
3282770074062,Klorane Chamomile Conditioner 200ml,No regulation
9327693006944,Sukin Oil Balancing Shampoo 500ml,No regulation
5036631007601,Hydromol Ointment 500g,No regulation
4011700435029,Tabac Beard Oil 50ml,No regulation
9332996000629,Grahams Baby Moisturiser 125ml,No regulation
0033984008496,Solgar Choline/Inositol 250/250mg 50 Capsules,No regulation
5010605295966,Rennie Spearmint 72 Tablets,GSL
5012616172557,Lyclear Treatment Spray with Comb 100ml,GSL
5391531760309,Fusion Allergy Eye Drops 15 x 0.5ml,GSL
5023652680906,Nature's Aid Flaxseed Oil 1000mg 90 Capsules,No regulation
5010934004604,Just For Men Control GX Grey Reducing Shampoo for Light Shades 147ml,No regulation
5010249008106,FSC Vitamin E Oil 75ml,No regulation
5055071900006,Gengigel Gel 20ml,No regulation
5021265222605,Vitabiotics Visionace Original 30 Tablets,No regulation
5021265245093,Vitabiotics Ultra Garlic Super Strength 60 Tablets,No regulation
0876198003204,Optixcare Eye Cleaner 100ml,No regulation
5023652060906,Nature's Aid Multi-Vitamins & Minerals with Iron 90 Softgels,No regulation
5060133373834,Vizulize Irritated Eye Spray 10ml,No regulation
5060332535941,Lindens Health + Nutrition Pro Bio Live Max 6BN 100 Veg Capsules,No regulation
1230000007221,Astroglide Naturally Derived Liquid 120ml,No regulation
5023652271067,Nature's Aid DigestEeze (Milk Thistle) 60 Tablets,No regulation
5010249077300,FSC Starflower Oil 1000mg 60 Capsules,No regulation
0792850030510,Burt's Bees Baby Bee Vitamin E Diaper Ointment 85g,No regulation
7643022218386,Shea Moisture Jojoba Oil & Ucuuba Butter Laydown Lacquer 113g,No regulation
0876198003105,Optixcare Eye Cleaning Wipes 50pk,No regulation
0645638566742,Pyridose Vitamin B6 Pyridoxine 10mg 28 Tablets,No regulation
7610313405206,A.Vogel Sinuforce Nasal Spray 20ml,GSL
4770001001394,Ecodenta Cosmos Minty Mouthwash with Coconut 500ml,No regulation
3282770106954,Klorane Pomegranate Shampoo 200ml,No regulation
5060546080312,&SISTERS Pads with Wings Mixed 20 Pack,No regulation
3760201136393,Lamazuna Solid Facial Cleanser-Dry/Sensitive Skin with Hibiscus 25g,No regulation
4013474117255,Gehwol Deodorant Cream 75ml,No regulation
5021265250257,Vitabiotics Wellkid Peppa Pig Omega-3 30 Soft Jellies,No regulation
5060571721525,UpCircle Eye Roller,No regulation
8436583640012,MiiN Routine Headband in White Creme,No regulation
5010249031944,FSC Chromium Picolinate 200Ug 90 Tablets,No regulation
5021265220038,Vitabiotics Perfectil Original 30 Capsules,No regulation
5011417561980,Veet Men Total Pro Hair Removal Cream 200ml,No regulation
5011417561508,Lanacane Anti Chafing Gel 28g,No regulation
9327693006951,Sukin Oil Balancing Conditioner 500ml,No regulation
5012131742600,Voltarol Pain Eze Emulgel 50g,P
5016379130014,Capasal Therapeutic Shampoo 250ml,P
4011700415403,Tabac Bath & Shower Gel 400ml,No regulation
5026445002879,Blue Stratos 100ml Aftershave & 150ml Body Spray Set,No regulation
5060776980024,DR.VEGAN Vitamin D3 2500iu 30 Capsules,No regulation
5407007651283,Bambaw Safety Razor Stand Sea Green,No regulation
0074312011092,Nature's Bounty Daily Wellbeing Vitamin D3 60 Gummies,No regulation
5011309021516,Care Virasoothe Spray Gel 60ml,No regulation
4015400985211,Head & Shoulders Persistent Dandruff Shampoo Scalp Relief 250ml,No regulation
0615908424683,Tigi Bed Head for Men Conditioner Clean Up Peppermint 750ml,No regulation
5060332535996,"Lindens Health + Nutrition Serrapeptase 250,000IU 30 Tablets",No regulation
5000309007316,Robitussin Chesty Cough 250ml,GSL
0894147000975,Sliquid Organics Natural Gel Thick Lubricant 59ml,No regulation
5060480200043,Georganics Mouthwash Tablets Orange 180 Tablets,No regulation
5016379191206,Doublebase Diomed Dry Skin Emollient Gel 250g,GSL
5060601931573,BeautyPro Foot & Callus Peel 40ml,No regulation
0724742008024,Alba Botanica Exfoliating Facial Cleanser 237ml,No regulation
4032129107403,Adcal-D3 Lemon 56 Chewable Tablets,P
7322541679853,Tena Men Active Fit Pants Normal Grey Large/Extra Large 8 Pack,No regulation
5060128984694,Dentemp Repair-It Denture Repair Kit 3 Pack,No regulation
5060291420258,Nursem Unfragranced Caring Hand Cream 75ml,No regulation
7322542092118,Tena Silhouette High Waist Underwear Black Large 8 Pack,No regulation
5012748613362,Movicol Liquid Orange Concentrate for Oral Solution 500ml,P
5060203790264,Terranova Biotin 300Ug Complex 50 Pack,No regulation
5060089610731,Eropid Sildenafil 50mg 2 Tablets,P
0033984006409,Solgar Chelated Copper 100 Tablets,No regulation
0078522000808,Jason Purifying Tea Tree Conditioner 227g,No regulation
8700216452755,Old Spice Deep Sea 3 in 1 Shower Gel 1000ml,No regulation
5000158065635,Gaviscon Advance Peppermint Suspension - Dispensary sale - 250ml,P
5060133373858,Vizulize Advanced Multi-Purpose Contact Lens Solution 360ml,No regulation
5060391847900,Dr. Organic Aloe Vera & Shea Shampoo & Conditioner Bar 75g,No regulation
5060332536382,Lindens Health + Nutrition Joint Health Formula 60 Capsules,No regulation
5054563907820,Otrivine Extra Dual Relief Spray 10ml,P
3564300031272,Becocleanse Daily Nasal Cleanse 135ml,No regulation
5035832104423,Jerome Russell BStyled Wave & Salt Spray 100ml,No regulation
5029354000738,Aloe Pura Aloe Vera Cranberry Juice 500ml,No regulation
5012617019752,Period Pain Reliever - Naproxen 250mg Gastro-resistant 9 Tablets,P
5425005120099,BioXtra Dry Mouth Gel Mouthspray 50ml,No regulation
5011417567586,Durex Intense Condoms 6 Pack,No regulation
4024787430535,Celluvisc Eye Drops 0.5% w/v Unit Dose 30 Pack,P
5060332534951,Lindens Health + Nutrition Green Lipped Mussel 500mg 90 Capsules,No regulation
3800219790658,Alteya Organic Bulgarian Lavender Water Spray 250ml,No regulation
5060571821867,The Good Guru Vegan Iron High Strength 60 Capsules,No regulation
5054563093486,PiriNatural Breathe Clean Daily Nasal Wash 100ml,No regulation
5056142602102,Protein World BCAA 90 Capsules,No regulation
5055148415051,Lamberts Biome Balance Youth 30 capsules,No regulation
3574661464985,Piz Buin Moisturising Lotion SPF30 200ml,No regulation
0033984005150,Solgar Calcium Magnesium Plus Boron 100 Tablets,No regulation
5060149640166,Selfcheck Stomach Ulcer Test Kit,No regulation
3592610001418,Dexeryl Shower Cream 200ml,No regulation
5709976093201,Pharma Nord Bio-Marine Plus 60 Capsules,No regulation
5023652315068,Nature's Aid Pregnancy Multi-Vitamins & Minerals 60 Tablets,No regulation
4005900545671,Nivea Q10 Anti-Wrinkle Power Revitalising Night Cream 50ml,No regulation
5021265222001,Vitabiotics Wellwoman Original 30 Capsules,No regulation
4028694000188,Vismed Gel Lubricant Eye Drops 20 Doses,GSL
3282770142327,Avène Cicalfate Lip Cream 10ml,No regulation
4013474117194,Gehwol Nail Softener 15ml,No regulation
4032129107427,Adcal-D3 Fruit Flavoured 56 Chewable Tablets,P
5010724000434,Hero Mighty Patch Invisible 24's,No regulation
5000347077807,Day Nurse Liquid 240ml,P
6936983109901,2San Vitamin D Deficiency Rapid Test,No regulation
5013455080720,Weleda Chamomilla 30c 125 Tablets,GSL
3600522233077,L'Oréal Men Expert Hydra Energetic Anti Fatigue Moisturiser 50ml,No regulation
7322542075043,Tena Silhouette Low Waist Underwear White Medium 12 Pack,No regulation
9335955000388,MooGoo Full Cream Moisturiser 120g,No regulation
7322541056494,Tena Silhouette Low Waist Underwear Noir Medium 10 Pack,No regulation
8700216356640,Seven Seas Cod Liver Oil Max Strength 100ml,No regulation
4005900468871,Nivea Body Lotion Irresistibly Smooth 400ml,No regulation
0654749351055,Avalon Lemon Clarifying Shampoo 325ml,No regulation
3760201136409,Lamazuna Solid Facial Cleanser-Normal Skin with Exotic Scent 25g,No regulation
5035832118260,Jerome Russell Bstyled Heat Protect Sleek Primer 200ml,No regulation
5052197045215,Durex Extra Safe Condoms 12 Pack,No regulation
5013455081079,Weleda Pulsatilla 30c 125 Tablets,GSL
5000477807220,Kalms Day Valerian Root Extract 26mg 96 Tablets,No regulation
8718951469754,Colgate Floss Tip Battery Toothbrush,No regulation
5060176672697,Dr. Organic Vitamin E Scar & Stretch Mark Serum 50ml,No regulation
5031013104350,Higher Nature True Food All Man 30 Capsules,No regulation
5021265221424,Vitabiotics Immunace Original 30 Tablets,No regulation
5060209732480,Epimax Paraffin Free Ointment 500g,No regulation
5054563076137,Piriton Allergy 60 Tablets,P
5060332536115,Lindens Health + Nutrition Fenugreek Ultra 60 Capsules,No regulation
0615908426830,Tigi Catwalk Shampoo Fashionista Violet 750ml,No regulation
8594739273832,Zentiva Co-Codamol 32 Effervescent Tablets,P
5060776980055,DR.VEGAN Magnesium 400mg 60 Capsules,No regulation
9335955004294,MooGoo Creamy Hydrating Face Cleanser 250ml,No regulation
5055148400583,Lamberts Multi Vitamin and Mineral for Dogs 90 Tablets,No regulation
0809958002018,Medihoney Barrier Cream 50g,No regulation
5054563908087,Voltarol 12 Hour Emugel 30g,GSL
5010249302303,FSC Green Lipped Mussel 500mg 90 Capsules,No regulation
9327693000294,Sukin Facial Moisturiser (Pump) 125ml,No regulation
5017848254576,Bells Liquid & White Soft Paraffin 50/50 500g,No regulation
5027599000087,Delph Moisturising Sun Lotion SPF50+ 150ml,No regulation
0017854103689,Baylis & Harding Elements White Tea & Neroli Luxury Hand Care Set,No regulation
96191736,BetterYou B-Complete Daily Oral Spray 25ml,No regulation
4717237017812,I-M Knee Support ES-701 Medium,No regulation
5060203791094,Terranova Easy Iron 20mg Complex 50 Pack,No regulation
5012616291654,Nytol One-A-Night 50mg 20 Tablets,P
5055148404000,Lamberts Zinc 15mg (As Citrate) 180 Tablets,No regulation
0773554165647,Infantino Crystal Clear 3 Stage Teeth Set,No regulation
5038581156033,Yankee Candle Home Inspiration White Linen & Lace Diffuser 90ml,No regulation
5036072008670,Histallay Hayfever Relief 120mg Fexofenadine 30 Tablets,GSL
5035883002471,Snoreeze Snoring Relief Nasal Strips Large 20 Pack,No regulation
4013162028207,Fenjal Classic Body Oil 145ml,No regulation
3760201136416,Lamazuna Solid Facial Cleanser Combination/Oily Skin (Grapefruit) 25g,No regulation
5011309654318,Zerodouble Emollient Gel 500g,No regulation
9421023628773,Manuka Health Honey Ginger & Lemon 15 Drops,No regulation
9335955004317,MooGoo Shea Sorbet Vanilla Butter Balm 50g,No regulation
5060332533725,Lindens Health + Nutrition Hemp Seed Oil 1000mg 100 Capsules,No regulation
0015594011738,Astroglide Organic Oil-Based Personal Lubricant 74ml,No regulation
3282770204209,Klorane Eye Makeup Remover Lotion with Cornflower 100ml,No regulation
5038581156095,Yankee Candle Home Inspiration Exotic Fruits Diffuser 90ml,No regulation
5056156310086,Indigo Herbs Bladderwrack 100g,No regulation
5055757871002,Nature Spell Jamaican Black Castor Oil with Rosemary 150ml,No regulation
7322541679693,Tena Men Active Fit Pants Normal Grey Small/Medium 9 Pack,No regulation
5035832104485,Jerome Russell BStyled Curl Jelly 150ml,No regulation
5060203794453,Terranova Green Child Friendly Microflora 50 Pack,No regulation
5016379292101,Ibuleve Maximum Strength Gel 50g,P
5060480200494,Georganics Natural Toothsoap Activated Charcoal 30ml,No regulation
5054563932990,Otrivine Natural Daily Nasal Wash 100ml,GSL
4717237017836,I-M Knee Support ES-701 X-Large,No regulation
0074312002496,Nature's Bounty 5-HTP 50mg with Niacin & Vitamin B6 60 Capsules,No regulation
3574660635645,Nicorette 15mg Inhalator 4 Cartridges,GSL
9001616202384,Mam Style Silicone Soothers 6+ Months 2 Pack,No regulation
5060144643940,Bulldog Original Beard Balm 75ml,No regulation
7317960156283,Cold Sore Treatment - Aciclovir 200mg 25 dispersible tablets,P
5010249041226,The Food Supplement Company L-Lysine 500mg with B6 90 Tablets,No regulation
5029066060419,Childs Farm Little Essential Kit 50ml 4 Pack,No regulation
5016379171024,Doublebase Dry Skin Handwash 200g,No regulation
5038581156170,Yankee Candle Home Inspiration Cozy Up Diffuser 90ml,No regulation
5055757870609,Nature Spell Rosemary Oil for Hair & Skin 150ml,No regulation
5060480200142,Georganics Mouthwash Tablets Activated Charcoal 180 Tablets,No regulation
5036631007526,Hydromol Bath & Shower Emollient 500ml,No regulation
5038581156248,Yankee Candle Home Inspiration Soft Cotton Diffuser 90ml,No regulation
5013455080874,Weleda Gelsemium 30c 125 Tablets,GSL
3574661731254,Zarbees Adult Cough & Sore Throat Syrup 150ml,GSL
3600542512930,Garnier Ambre Solaire Kids Sensitive Anti-Sand Sun Spray SPF50+ 200ml,No regulation
3600523042067,L'Oréal Revitalift Laser Day Cream 15ml,No regulation
5000347078873,Corsodyl Fresh Mint Mouthwash 600ml,GSL
5023652525061,Super Stars Iron Chewable Tablets,No regulation
3401060760045,Audiclean Ear Cleansing Wash 115ml,No regulation
0078522050018,Jason Vitamin E 5000IU Oil All Over Body Nourishment 118ml,No regulation
5011417579008,Senokot 7.5mg 12 Years Plus 60 Tablets,P
5038581156293,Yankee Candle Home Inspiration Cherry Vanilla Diffuser 90ml,No regulation
7804915526104,Disney Frozen Fragrance Duo Gift Set,No regulation
9317129041830,Flexitol 10% Urea Cream 150g,No regulation
5060332530380,Lindens Health + Nutrition Vitamin B12 1000mcg Sublingual 100 Tablets,No regulation
5010605054211,Canesten Clotrimazole Dermatological Spray 40ml,P
5060571821164,The Good Guru Vegan MultiVitamin 60 Capsules,No regulation
0074312008832,Nature's Bounty Vitamin C+ Zinc (Sugar Free) Gummies 60 Pack,No regulation
0083000016400,Nature's Answer Periobrite Cool Mint Toothpaste,No regulation
5060258390051,Pro D3 400IU 30 Capsules,No regulation
5060013943003,Migraitan Sumatriptan 50mg 2 Tablets,P
3600541603011,Garnier Ambre Solaire Sensitive Dry Mist Sun Cream Spray SPF50+ 200ml,No regulation
5013455081017,Weleda Mixed Pollen 30C 125 Tablets,No regulation
0074312002502,Nature's Bounty Beauty Complex with Biotin 60 Caplets,No regulation
5013455080676,Weleda Arsenicum Album 30c 125 Tablets,GSL
5060203794255,Terranova Green Child Vitamin D3 400IU 50 Pack,No regulation
3616302022915,Adidas Feel the Chill Gift Set,No regulation
0074312011078,Nature's Bounty Vitamin C 250mg 60 Gummies,No regulation
5000174709629,Olay Complete Essentials Day Lotion Care Normal/Oily Skin SPF15 100ml,No regulation
8720182783622,Lynx Africa + Jungle Fresh Duo & Socks Set,No regulation
4717237017805,I-M Knee Support ES-701 Small,No regulation
5010605295935,Rennie Peppermint 72 Pack,GSL
3574661646435,Calpol Vapour Plug & Nightlight 3+ Months,No regulation
5033847002468,EarCalm Spray 5ml,P
5025135120947,"Malibu SPF30, Aftersun & SPF50 Travel Kit 3 x 100ml",No regulation
5000347015687,Zovirax Cold Sore Cream Tube 2g,GSL
5014713200300,Tiger Balm Regular Red 30g,GSL
5023652511811,Nature's Aid Cod Liver Oil 1000mg High Strength 180 Softgels,No regulation
5013455330085,Weleda Calendula Cuts & Grazes Spray 20ml,No regulation
5011309503425,Hedrin Protect & Go Spray 250ml,No regulation
5060421930350,AproDerm Emollient Cream 500g,No regulation
5060086610604,Optibac Probiotics for Women 14 Capsules,No regulation
0748378001594,Eco Style Olive Oil Styling Gel Max Hold 946ml,No regulation
5060447948650,Childs Farm OatDerma Body Moisturiser 200ml,No regulation
0017854117525,"Baylis & Harding Signature Collection Jojoba, Vanilla & Almond Oil Gift Set",No regulation
5011417566800,Lemsip Cough for Dry Cough & Sore Throat 180ml,GSL
5010724515068,Stérimar Breathe Easy Nasal Spray 100ml,No regulation
3574661351711,Neutrogena Hydro Boost Hydrating Lotion SPF25 50ml,No regulation
9335955004997,MooGoo Baby Tail Swat Roll On 115ml,No regulation
4103040043764,Sebamed Liquid Face & Body Wash 200ml,No regulation
5013455080836,Weleda Euphrasia 30c 125 Tablets,GSL
5037353010344,Skins Fruity Tubes Assorted Pack 3 x 12ml,No regulation
5036072008687,MigraKind Sumatriptan 50mg 2 Tablets,P
9327693002175,Sukin Sensitive Facial Moisturiser 125ml,No regulation
5060258140359,MyriBase Gel 500ml,No regulation
5035832104546,Jerome Russell BStyled Thickening Mousse 200ml,No regulation
5060332535170,Lindens Health + Nutrition Cod Liver Oil 1000mg 90 Capsules,No regulation
0810020170559,Bondi Sands Pure Foam Light/Medium 200ml,No regulation
0083000016585,Nature's Answer PerioBrite Kids Toothpaste Strawerberry,No regulation
5060144645159,Bulldog Original Stubble Moisturiser 100ml,No regulation
5060332537600,Lindens Health + Nutrition Vitamin C + Zinc 90 Tablets,No regulation
5038483491676,Scholl Toenail Scissors,No regulation
4011700435180,Tabac Shaving Soap Bowl Refill 125g,No regulation
0074312002526,Nature's Bounty Complete B Vitamin Complex 100 Caplets,No regulation
0889809002879,Glamglow Bubblesheet 1 Mask,No regulation
5029354004866,Optima Superfruits Pomegranate Juice 500ml,No regulation
5011309871111,Galfer Ferrous Fumarate 305mg 100 Capsules,P
5060148521251,BetterYou Magnesium Body Lotion 180ml,No regulation
5060384790169,Cosmocol Lemon & Lime 20 Sachets,P
5060102170235,Earol Swim Tea Tree Oil,No regulation
4015400689263,Pampers Baby Dry Maxi Size 4 Nappies 25 Pack,No regulation
0010181040764,Palmer's Tummy Butter Stretch Marks 125g,No regulation
5000488103212,Bach Original Flower Remedies Mustard 20ml,No regulation
4001638086769,Weleda Almond Sensitive Skin Body Wash 200ml,No regulation
3282779027472,Klorane Citrus Pulp Shampoo 200ml,No regulation
5391513951930,Syndol Headache Relief 30 Tablets,P
5012616263255,Nytol Herbal Simply Sleep One-A-Night 21 Tablets,GSL
8906078115924,White Soft Paraffin BP 500g,No regulation
5035832118246,Jerome Russell BStyled Heat Protect Curl Definer 200ml,No regulation
5013455060647,Weleda Insect Bites Spray 20ml,No regulation
5037154000155,Pollenase Allergy Relief Nasal 200 Sprays,P
5034268005984,ProVen Probiotics Lactobacillus & Bifidus A-Z Children Multivitamins 30 Tablets,No regulation
5025970015149,Nivea Festive Anti Wrinkle Firming Treat 50ml,No regulation
5025135120954,"Malibu 3 Pack SPF20 Dry Oil, SPF50 Dry Oil & Aloe After Sun",No regulation
5060601936172,BARBER PRO HYDRATING Face Serum 30ml,No regulation
0615908432138,TIGI Bed Head Some Like It Hot Heat Protection Spray 100ml,No regulation
0033984033108,Solgar Vitamin D3 (Cholecalciferol) 1000IU (25µg) 90 Tablets,No regulation
5013455080669,Weleda Arnica 30c 125 Tablets,GSL
5060310351709,Indigo Teas Echinacea Leaf Tea 100g,No regulation
5060018880211,Murine Refresh & Soothe 15ml,GSL
4031626711175,Hylo-Fresh Soothing Eye Drops 10ml,No regulation
4210201154594,Oral-B Battery Toothbrush Frozen,No regulation
3600522713418,L'Oréal Elvive Extraordinary Oil Nourishing Conditioner 400ml,No regulation
0083000016448,Nature's Answer PerioBrite Toothpaste Cinnamint,No regulation
5031013103810,Higher Nature Vitamin D3 500IU 120 Capsules,No regulation
5031013107405,Higher Nature Adults Vitamin D3 Spray 13.5ml,No regulation
5010249011793,FSC Vitamin B Supreme with Vitamin C 90 Tablets,No regulation
3760201136355,Lamazuna Solid Toothpaste with Peppermint 17g,No regulation
5060391847863,Dr. Organic Ageless Cleansing Balm with Organic Seaweed,No regulation
0654749351550,Avalon Lemon Clarifying Conditioner 312g,No regulation
0033984033801,Solgar Dry Vitamin E 134mg (200IU) 50 Capsules,No regulation
5028724100313,3M Inadine 9.5cm x 9.5cm 10 Non-Adherent Dressing,No regulation
5010249028517,FSC One-A-Day Garlic Gems 365 Capsules,No regulation
0654749361504,Avalon Coconut Bath & Shower Gel 355ml,No regulation
5407007650989,Bambaw Safety Razor Stand Silver,No regulation
0078522001966,Jason Men's Deodorant Stick Forest Fresh 71g,No regulation
7643022218690,Shea Moisture Jojoba Oil & Ucuuba Butter Braid-Up Conditioning Gel 340g,No regulation
5060704340661,"Acala Parsley, Kale, Rosemary & Shine Shampoo Bar 75g",No regulation
3760201136362,Lamazuna Solid Toothpaste with Cinnamon 17g,No regulation
3574661373560,Piz Buin Tan & Protect Intensifier Spray SPF15 150ml,No regulation
9314839019043,SunSense Kids SPF50+ Roll-on 50ml,No regulation
3760201131572,Lamazuna 3 Toothbrush Clip Head Refills Medium 1 Pack,No regulation
0654749351000,Avalon Lavender Shampoo 325ml,No regulation
5060391848075,Dr. Organic Mum Nipple Balm with Calendula 30ml,No regulation
5025903027300,Nutri Within Vitamin D3 25ug 365 Tablets,No regulation
5055757871064,Nature Spell Jamaican Black Castor Oil with Moringa 150ml,No regulation
0017854109865,Baylis & Harding Black Pepper & Ginseng Bath Duo Set,No regulation
5060254920344,Ennogen Healthcare Fifty:50 Liquid Paraffin Ointment 500g,No regulation
4013474117040,Gehwol Lipidro Cream 75ml,No regulation
5060133376255,Cl-ear Pain Relief Ear Drops 7g,GSL
5060332535620,Lindens Health + Nutrition Vitamin D3 25mcg (1000IU) 360 Tablets,No regulation
5060193642086,Bloom & Blossom The Enormous Crocodile's Hair & Body Wash 500ml,No regulation
0615908424201,Tigi Bed Head Urban Antidotes Resurrection Mask 200g,No regulation
5017371154909,Calypso Once a Day SPF30 Spray 150ml,No regulation
0615908432275,Tigi Bed Head Serial Blonde Shampoo 970ml,No regulation
5060704340692,"Acala Camellia, Kokum & Lemon Conditioning Shampoo Bar 75g",No regulation
0033984041417,Solgar Olive Leaf Extract 60 Capsules,No regulation
5060409580393,Nutrigen Babytamin Infant Drops 25ml,No regulation
5060553609995,BeYou Monthly Patch 5 Pack,No regulation
5060148522241,BetterYou Magnesium Sleep Mineral Lotion 180ml,No regulation
8001841895819,Old Spice The Captain Set 2Pc,No regulation
5000347000805,Pirinase Hay Fever Relief Nasal Spray 60 Pack,GSL
0033984005082,Solgar Calcium Magnesium Citrate 50 Tablets,No regulation
5055148412999,Lamberts Ginkgo 6000mg 60 Tablets,No regulation
5060409580430,Nutrigen Childrens Supra Syrup Maxi Vitamin & Mineral 200ml,No regulation
5012727913742,Acidex Advance Oral Suspension Aniseed 500ml,P
7322542075975,Tena Silhouette Low Waist Underwear White Large 10 Pack,No regulation
3282779007467,Klorane Almond Milk Shampoo 200ml,No regulation
5060332534401,Lindens Glucomannan 500mg 90 Capsules,No regulation
9327693000348,Sukin Natural Deodorant 125ml,No regulation
8809663751692,Mizon Snail Repairing Foam Cleanser,No regulation
5021265244867,Vitabiotics Ultra Cranberry 750mg Extract Super Strength 30 Tablets,No regulation
8809990007455,Skybottle Viva La Pink Perfumed Hand Cream 50ml,No regulation
4013474117019,Gehwol Med Salve for Cracked Skin 75ml,No regulation
3380810141573,Clarins Hand Nail Treatment Lemon Leaf 30ml,No regulation
5060035247110,Difflam Sore Throat Rinse 200ml,P
3574660538434,Piz Buin Allergy Sun Sensitive Skin Lotion SPF50 200ml,No regulation
5060332536009,Lindens Health + Nutrition Super Vitamin B Complex 90 Tablets,No regulation
5029354008291,Australian Tea Tree 100% Pure Oil 25ml,No regulation
5034268006219,ProVen Probiotics Acidophilus & Bifidus for Travellers 14 Capsules,No regulation
5055148401900,Lamberts Vitamin B12 1000ug 60 Tablets,No regulation
5400951004419,Broncho 5 in 1 Multi-Symptom Action Syrup 120ml,GSL
9327693000393,Sukin Hydrating Body Lotion 250ml,No regulation
5029354008086,Optima Goji Juice 500ml,No regulation
3574660538274,Piz Buin Allergy Sun Sensitive Skin Lotion SPF15 200ml,No regulation
0017854106130,"Baylis & Harding Signature Collection Jojoba, Vanilla & Almond Oil 3 Bath Fizzers",No regulation
0033984008007,Solgar Chelated Zinc 100 Tablets,No regulation
0033984010819,Solgar Folacin (Folic Acid) 400µg 250 Tablets,No regulation
5060361080474,Xailin Fresh Dry Eye Drops 30 Doses,No regulation
5060601932372,BARBER PRO Foot Peel,No regulation
5054563009814,Pirinase Allergy Nasal Spray 60 doses,P
5060193642093,Bloom & Blossom The Enormous Crocodile's Mandarin & Lavender Bubble Bath 500ml,No regulation
5060480200203,Georganics Toothpaste Tablets Activated Charcoal 120 Tablets,No regulation
5060660872312,AddGluco Glucose Gel 40% 3 x 25g Sachets,No regulation
5060704340708,Acala Clean Green Matcha Balancing Shampoo Bar 75g,No regulation
5011309016116,Covonia Throat Spray 30ml,P
5016379262005,Freederm Treatment 4% w/w Gel 25g,P
5013455330078,Weleda Arnica Bumps & Bruises Spray 20ml,No regulation
5060119660057,Lumecare Hypromellose Eye Drops Unit Dose 30 x 0.5ml,GSL
3760201136294,Lamazuna 3 Toothbrush Clip Head Refills Soft 1 Pack,No regulation
0074312002571,Nature's Bounty Gentle Iron Complex with Vitamins B12 & C 100 Capsules,No regulation
9414838259003,Sylk Intimate 40g,No regulation
9350114000054,DermaSukin Oil Balancing Soap Free Wash 250ml,No regulation
0859975002478,Andalou Willow Bark Pure Pore Toner 178ml,No regulation
5060455145881,Brushworks Combination Tweezer Floral 4 Pack,No regulation
5024084001956,Pharma Nord Bio-Quinone Active Q10 Super-30mg (Ubiquinone) 30 Capsules,No regulation
5034511006737,Green People Organic Children Berry Smoothie Hand Cream 50ml,No regulation
5023652258068,Nature's Aid Ucalm (St Johns Wort) 60 Tablets,No regulation
5060332534463,Lindens Health + Nutrition Detox & Cleanse 90 Capsules,No regulation
7322542090213,Tena Silhouette High Waist Underwear Creme Large 8 Pack,No regulation
7322540887648,Tena Men Active Fit Pants Plus Blue Large/Extra Large 8 Pack,No regulation
5060636881768,ecoLiving Shampoo Bar Soap Free 85g Ocean Breeze,No regulation
0615908429855,Tigi Bed Head Colour Goddess Oil Infused Conditioner 750ml,No regulation
5029354000233,Aloe Pura Aloe Vera Juice Complex with Botanical Blend 500ml,No regulation
8033661804412,Hyalofemme Vaginal Hydrating Gel 30g,No regulation
0672153905893,Woody's Moisturising Bar 227g,No regulation
5054563126696,Centrum Men 50+ 30 Tablets,No regulation
0033984007208,Solgar Chelated Manganese 100 Tablets,No regulation
0033984016804,Solgar L-Lysine 500mg 50 Capsules,No regulation
5023652385054,Nature's Aid Mini Drops DHA for Infants & Children 50ml,No regulation
5010249300408,FSC Organic Omega 369 Optimum Oil Softgels 90 Pack,No regulation
5060128984700,Dentemp Reline-It 6.6ml,No regulation
7322540886290,Tena Men Premium Fit Protective Underwear Maxi S/M 10 Pack,No regulation
5013965704666,Vicks First Defence Nasal Spray 15ml,GSL
0033984036703,Solgar Zinc Citrate 30mg 100 Capsules,No regulation
4013474113059,Gehwol Warming Balm 75ml,No regulation
9001616721120,Mam Original Night 0+Months Soothers 2 Pack,No regulation
5391531563344,Spotlight Oral Care Ultra Whitening Professional Toothpaste 100ml,No regulation
5031013105173,Higher Nature Dmae 60 Tablets,No regulation
9327693002427,Sukin Hand & Nail Cream Pump 125ml,No regulation
0033984037250,Solgar Zinc Picolinate 22mg 100 Tablets,No regulation
0017854110946,Baylis & Harding Wild Fig & Pomegranate Small 3 Piece Set,No regulation
0645638566841,EasyChamber Spacer Device,No regulation
5060254925653,Ennogen Healthcare Emulsifying Ointment 500g,No regulation
5010249012523,FSC Vitamin C 1000mg 90 Tablets,No regulation
5017371154145,Calypso Once a Day SPF25 200ml,No regulation
5060176670570,Dr. Organic Manuka Honey Lotion 200ml,No regulation
5060291420173,Nursem Caring Hand Cream 75ml,No regulation
3600542424677,Garnier Original Bb Cream Extra-Light 50ml,No regulation
5000347016356,Zovirax Cream for Cold Sore Pump 2g,GSL
7322540886252,Tena Men Premium Fit Protective Underwear Maxi L/XL 8 Pack,No regulation
5038483976395,Durex Massage Ylang Ylang 2-In-1 200ml,No regulation
5055148410735,Lamberts Pet Nutrition Chewable Glucosamine for Dogs/Cats 90 Tablets,No regulation
5010249041707,FSC Original Formula 600 60 Capsules,No regulation
5010415227454,Tommee Tippee Advanced Anti-Colic Bottle 260ml,No regulation
5054563063106,Day Nurse Capsules 20 Capsules,P
5060332535927,Lindens Health + Nutrition Coconut Oil 1000mg 90 Capsules,No regulation
3760201136348,Lamazuna Solid Toothpaste with Sage & Lemon 17g,No regulation
5023497333326,Peptac Liquid Aniseed Flavour 500ml,GSL
5016379304019,Psoriderm Scalp Lotion Shampoo 250ml,P
5060150090301,Dermacool 5% Menthol Cream 100g,GSL
3760311317934,Lamazuna Solid Deodorant Bergamot & Geranium 30g,No regulation
5060448081035,Drapolene Cream 200g,GSL
0615908432084,Tigi Bed Head Conditioner Resurrection Repair 600ml,No regulation
0615908432039,Tigi Bed Head Shampoo Resurrection Repair 600ml,No regulation
5704947002695,O'Keeffe's for Healthy Feet Foot Cream 85g,No regulation
0615908431537,Tigi Bed Head Shampoo Gimme Grip 600ml,No regulation
3760311318368,"Lamazuna Solid Deodorant Sage, Cedar & Ravintsara 30g",No regulation
3574661170909,Migraleve Complete 12 Tablets,P
5060084171596,Profoot Gel Bunion Sleeve,No regulation
5010441015278,Numark Push Buttom AM & PM 7 Day Pill Box,No regulation
5055148412876,Lamberts Magnesium 375 60 Tablets,No regulation
5000158065093,Gaviscon Liquid Peppermint 300ml,GSL
5060144648136,Bulldog Skincare for Men Duo Set,No regulation
5031013108860,Higher Nature Super Magnesium 30 Capsules,No regulation
3760311319563,Lamazuna Solid Deodorant Marine Scent-Sensitive 30g,No regulation
5060193641539,Bloom & Blossom The Very Hungry Caterpillar Baby Pillow Spray 75ml,No regulation
5034445001228,The Eye Doctor Allergy Compress,No regulation
5060258140168,ExoCream 350g,No regulation
3574661653495,Aveeno Baby Sooth Emollient Wash 250ml,No regulation
42239598,Dr. Hauschka Lip Care Stick 4.9G,No regulation
5023652271203,Nature's Aid Cider Vinegar Complex 120 Capsules,No regulation
3574660496970,Benylin Mucus Cough Night 150ml,P
5011417559000,Veet Pure Inspirations Hair Removal Cream Kit 2 x 50ml,No regulation
9001616721151,Mam Night Soothers 6+ Months 2 Pack,No regulation
5011417581865,Nurofen Medicated Plasters 2 Pack,GSL
0033984028005,Solgar Vegan Digestive Enzymes 50 Chewable Tablets,No regulation
3760201136263,Lamazuna Solid Deodorant with Palmarosa 30g,No regulation
0615908432015,Tigi Bed Head Shampoo Recovery 600ml,No regulation
5060310351488,Indigo Teas Catnip Tea 50g,No regulation
5060332536108,Lindens Health + Nutrition Activated Charcoal 400mg 120 Capsules,No regulation
5010605151569,Berocca Mixed Berries 15 Effervescent Tablets,No regulation
8710103896128,Philips Avent Ultra Air Soother 18 Months+ Blue 2 Pack,No regulation
0033984010406,Solgar Evening Primrose Oil 500mg 30 Softgels,No regulation
3574661648842,Calpol SixPlus Fastmelts Strawberry Flavour 24 Pack,P
5031013104961,Higher Nature Flaxseed Oil 60 Capsules,No regulation
5030451003294,Movelat Gel Relief 80g,P
0078522015307,Jason Sea Fresh Anti-Cavity & Strengthening Gel-Sea Spearmint 170g,No regulation
7322542088487,Tena Silhouette High Waist Underwear Creme Medium 9 Pack,No regulation
5010441015230,Numark Push Button 7 Day Pill Box,No regulation
8710103901785,Philips Avent Soothers 6-18 Months Ultra Air Night Blue 2 Pack,No regulation
0078522000150,Jason Jojoba Shampoo 473ml,No regulation
5037336000188,GoldenEye Antibiotic Ointment 4g,P
4013474113400,Gehwol Foot Bath 400g,No regulation
3800219794168,Alteya Organic Bulgarian Lavender Water Spray 120ml,No regulation
5000158100688,Nurofen for Chidlren Oral Suspension Orange 200ml,P
0017854110151,"Baylis & Harding Jojoba, Vanilla & Almond Oil Sock Gift Set",No regulation
7643022218768,Shea Moisture Red Palm Oil & Cocoa Butter Hi-Slip Detangling Shampoo 399ml,No regulation
5017103648805,Crescent Emusifying Ointment 500g,No regulation
0852558006498,Macadamia Natural Oil Volumizing Conditioner 300ml,No regulation
5000488103205,Bach Mimulus Remedy 20ml,No regulation
4013474113196,Gehwol Med Foot Powder 100g,No regulation
5031013107634,Higher Nature Worry Not 13.5ml Spray,No regulation
5060148520339,BetterYou Magnesium Flakes Foot & Body Soak 1kg,No regulation
5055148413293,Lamberts Fenugreek 8000mg 60 Capsules,No regulation
5000158102347,Nuromol 200mg/500mg 24 Tablets,P
0078522050056,Jason Smoothing Grapeseed Oil + Sea Kelp Shampoo 473ml,No regulation
5060148523781,BetterYou Magnesium Sleep Whizz-Popping Kids Bath Flakes 750g,No regulation
5055148411572,Lamberts Peppermint Oil Capsules 100mg 90 Capsules,No regulation
5060895830521,Mad Beauty FRIENDS Lip Balm Duo,No regulation
9327693006845,Sukin for Men Bodywash 500ml,No regulation
5060332532049,Lindens Health + Nutrition Pumpkin Seed Oil 300mg 100 Capsules,No regulation
5055148403799,Lamberts Zinc Plus 100 Lozenges,No regulation
5023652374256,Nature's Aid Premium Liquid Coconut Oil 250ml,No regulation
5012616268182,Solpadeine Plus 24 Capsules,P
0859975002232,Andalou Citrus Kombucha Cleansing Gel 178ml,No regulation
0078522050094,Jason Smoothing Grapeseed Oil + Sea Kelp Shampoo Conditioner 454g,No regulation
5025970009650,Nivea Men Sensitive Xl Set 2Pc,No regulation
3760201136508,Lamazuna Solid Shampoo-Dry Hair Coconut 70ml,No regulation
5060384790053,Cosmocol Orange 20 Sachets,P
5060086610116,Optibac Probiotics Saccharomyces Boulardii 16 Capsules,No regulation
5060480200159,Georganics Mouthwash Tablets Tea Tree 180 Tablets,No regulation
5704947006372,O'Keeffe's Healthy Feet Exfoliating Moisturising Foot Cream 85g,No regulation
5722154995081,Back Pain Treatment - Naproxen 250mg 56 Tablets,P
5011309163711,Zeroderm Ointment 500g,No regulation
5023652467033,Nature's Aid Pro-daily 10 Billion Bacteria 30 Capsules,No regulation
5016379172007,Doublebase Flare Relief Emollient 100g,GSL
5060176672796,Dr. Organic Manuka Honey Face Scrub 125ml,No regulation
0017854106123,"Baylis & Harding Jojoba, Vanilla & Almond Oil Cracker Set",No regulation
5010249041189,The Food Supplement Company Magnesium 500mg 90 Capsules,No regulation
9317129042356,Flexitol Platinum Express Heel Balm 50g,No regulation
5011417566817,Lemsip Chesty Cough Liquid 180ml,GSL
5031013104619,Higher Nature Balance for Nerves 30 Capsules,No regulation
5011417556399,Veet Face Wax Strips for Sensitive Skin 20 Pack,No regulation
5060332531585,Lindens Health + Nutrition Green Tea 9000mg (203mg EGCG) 60 Capsules,No regulation
5023652239036,Nature's Aid Lutein Eye Complex 30 Tablets,No regulation
5020465202370,Purifide Daily Cleanser 235ml,No regulation
0615908426656,Tigi Bed Head Urban Anti-dotes Resurrection Shampoo,No regulation
5012616262371,Jungle Formula Outdoor & Camping Insect Repellent Factor 90ml,No regulation
9327693004391,Sukin Micellar Cleansing Water 250ml,No regulation
4603014001856,Splat Blackwood Charcoal Toothpaste 75ml,No regulation
5031013100017,Higher Nature MSM 90 Tablets,No regulation
5010249309920,FSC Gentle Iron 20mg 120 Capsules,No regulation
5029961150055,Midrid 325mg/65mg 15 Capsules,P
5060148680255,Ocufresh Lubricating Eye Gel 10g,No regulation
5425005120020,Bioxtra Dry Mouth Ultra Mild Mouthrinse 250ml,No regulation
5021265221301,Vitabiotics Wellman Original 30 Tablets,No regulation
5059001011084,Air Wick Botanica Coconut Milk & Indonesian Patchouli Candle 500g,No regulation
0615908426137,Tigi Bed Head Up Front Rocking Gel Pomade 95g,No regulation
3574661609416,Imodium Dual Action Relief Tablets 12 Tablets,P
5011417562345,Veet Natural Inspirations Face Precision Wax Strips 20 Pack,No regulation
5031013107429,Higher Nature Concentration Support 10 Tablets,No regulation
5055148401610,Lamberts Biotin 500µg 90 Capsules,No regulation
3760311319136,Lamazuna Solid Deodorant Floral Scent-Sensitive 30g,No regulation
5015802221329,Wax Lyrical Reed Diffuser 100ml Sea Breeze,No regulation
5023652447035,Nature's Aid Turmeric 8200mg (High Potency) 30 Capsules,No regulation
0615908421606,Tigi Catwalk Curls Rock Amplifier 150ml,No regulation
5055148412807,Lamberts Vitamin D3 Drops 20ml,No regulation
0078522014973,Jason Coconut Cream Whitening Toothpaste 119g,No regulation
0672153905992,Woody's Hair & Body Shampoo Bar 227g,No regulation
5000477672187,Olbas Oil Inhalant Decongestant 30ml,GSL
5000477667176,Kalms Day 200 Tablets,GSL
5012616291715,Beconase Hay Fever Relief for Adults 100 Doses,GSL
5055148400293,Lamberts Time Release Vitamin C 1000mg 60 Tablets,No regulation
9001616813900,Mam Colours of Nature 0+ Months Soothers 2 Pack,No regulation
5010249041165,FSC Zinc Picolinate with Copper 30mg 90 Tablets,No regulation
5000488103281,Bach Original Flower Remedies Scleranthus 20ml,No regulation
4008666710123,Plantur21 Nutri Conditioner 150ml,No regulation
5051562005908,Voltarol Back & Muscle 1.16% 50g,GSL
9335955000456,MooGoo Nipple Balm 50g,No regulation
5010123730642,Calpol SixPlus Sugar Free Strawberry Flavour Suspension 200ml,P
7702018489664,Gillette Blue 3 Disposable Razors,No regulation
5055148410032,Lamberts Zinc Citrate 25mg 120 Tablets,No regulation
5060086610086,Optibac Probiotics One Week Flat 7 Sachets,No regulation
5050474104228,Blink Intensive Plus Liquid Gel Eye Drops 10ml,GSL
5037336000393,GoldenEye Drops 10ml,P
5010249301405,FSC Foil Fish Oil 1000mg 90 Capsules,No regulation
9327693006821,Sukin for Men Shave Gel 225ml,No regulation
5023652960909,Nature's Aid MSM 1000mg 90 Tablets,No regulation
5055148412135,Lamberts A To Z Multivitamins & Minerals 60 Tablets,No regulation
0078522000297,Jason Moisturizing Aloe Vera + Prickly Pear Conditioner 473ml,No regulation
5023652244061,Nature's Aid Microbiotic Complex 60 Capsules,No regulation
0615908426670,Tigi Bed Head Re-Energize Level 1 Conditioner 750ml,No regulation
5051562030702,Voltarol 12hr Emulgel 30g,P
5025135002212,Malibu Lotion Kids Trigger Spray SPF50 300ml,No regulation
5060148522234,BetterYou Magnesium Bone Mineral Lotion 180ml,No regulation
5060193640839,Bloom & Blossom The BFG Pillow Spray 75ml,No regulation
5010605402753,Berocca Boost with Guarana Cherry Flavour 10 Tablets,No regulation
5060018513195,KIKI Health Zeolite Powder 60g,No regulation
5012674021422,Daktarin Sugar Free 2% Oral Gel 15g,P
5000158100695,Nurofen for Children Strawberry Ibuprofen 200ml,P
5060148523705,BetterYou Magnesium Sleep Kids Body Spray,No regulation
4004148047039,Floradix Alpenkraft Herbal Syrup 250ml,No regulation
3059944025300,Veet Professional Stripless Wax 300g,No regulation
3760201136478,Lamazuna Solid Shampoo-Normal Hair with Chocolate Scent 55g,No regulation
8017331051757,BlanX White Shock & Protect 50ml+ Led 50ml,No regulation
5012616163050,Jungle Formula Maximum Roll On 50ml,No regulation
4103040043726,Sebamed Moisturising Moisturizing Body Lotion 200ml,No regulation
0033984017689,Solgar L-Methionine 500mg 30 Capsules,No regulation
5011309052114,Cetraben Ointment 120g,No regulation
5000167056815,Nurofen Long Lasting Pain Relief 300mg 24 SR Capsules,P
5010249309890,FSC Organic Coconut Oil 1000mg 90 Capsules,No regulation
7315515010110,Balance Activ Bacterial Vaginosis Treatment Gel 5ml 7 Pack,No regulation
5060310356520,Indigo Teas Devil's Claw Tea 50g,No regulation
5023580400034,Optima Musselex Green Lipped Mussel Extract Gel 125ml,No regulation
0856175003137,Fake Bake Beyond Bronze Face Anti-Ageing Self-Tanning Lotion 60ml,No regulation
5000158065086,Gaviscon Liquid Aniseed 300ml,GSL
5010249301306,FSC Lecithin 1200mg 90 Capsules,No regulation
96201428,BetterYou Zinc Daily Oral Spray 50ml,No regulation
3574661288826,Aveeno Daily Moisturising After-Shower Mist 200ml,No regulation
5000309007323,Robitussin Dry Cough 250ml,P
3760201136454,Lamazuna Solid Shampoo-Oily Hair with Wild Grass 55g,No regulation
5025970023274,Nivea Men Protect & Care Replenishing Post Shave Balm 100ml,No regulation
5010934004611,Just For Men Control GX Grey Reducing Anti Dandruff Shampoo 147ml,No regulation
0033984004306,Solgar Calcium Citrate with Vitamin D3 60 Tablets,No regulation
9001616813917,Mam Colours Of Nature Dummy 2 Pack,No regulation
3600523201112,L'Oréal Sublime Bronze Self Tan Overnight Elixir Face & Body 100ml,No regulation
4987072022443,Cura-Heat Back & Shoulder Pain 7 Patches,No regulation
5023652291034,Nature's Aid Beta Glucans Immune Support + 30 Tablets,No regulation
5060332534661,Lindens Health + Nutrition Vitamin B5 500mg 90 Tablets,No regulation
8017331020272,BlanX Intensive Stain Removal 75ml,No regulation
96202050,BetterYou Vitamin D + K2 Kids 15ml,No regulation
5021265248384,Vitabiotics Wellkid Peppa Pig Multi-Vits 30 Soft Jellies,No regulation
0856175002567,Fake Bake Beyond Bronze Flawless Liquid Tan 148ml,No regulation
9327693006838,Sukin for Men Facial Moisturiser 225ml,No regulation
5010249302204,FSC Collagen 400mg 60 Capsules,No regulation
0856175000297,Fake Bake Beyond Bronze Self Tan Lotion 148ml,No regulation
5000288454101,Scholl Athlete's Foot Spray Liquid 150ml,GSL
5023652304031,Nature's Aid 5-HTP Complex 100mg 30 Capsules,No regulation
5407007650996,Bambaw Safety Razor Stand Black,No regulation
8056746070076,Curasept Toothpaste 0.05% 75ml,No regulation
0015594010540,Astroglide Strawberry Liquid 73.9ml,No regulation
8007376025783,American Crew Superglue Gel 100ml,No regulation
0744904510417,Aacu EmulsifEss Emusifying Ointment 500g,No regulation
4013474113004,Gehwol Foot Balm 75ml,No regulation
4051895007618,Fresubin Energy Drink Neutral 4 x 200ml,No regulation
5010123731465,Benylin Chesty Coughs Original 150ml,P
5011501016327,Deep Relief Actiflex 4 patches,No regulation
5060421930299,Aproderm Gel 500g,No regulation
4051895014029,Fresubin Energy Drink Banana 4 x 200ml,No regulation
9327693000317,Sukin Foaming Facial Cleanser 125ml,No regulation
5025970013084,Nivea Rainbow Dreams Gift Set,No regulation
5000167056532,Nurofen 200mg 48 Tablets,P
5011417591093,Gaviscon Original Aniseed Relief Oral Suspension 250ml,GSL
5013455080621,Weleda Aconite 30c 125 Tablets,GSL
5060050350642,UltraDEX Daily Oral Rinse Original 500ml,No regulation
0615908424195,Tigi Bed Head Urban Antidotes Recovery Mask 200g,No regulation
0615908432060,Tigi Bed Head Conditioner Recovery for Dry Hair 600ml,No regulation
4051895014043,Fresubin Energy Drink Strawberry 4 x 200ml,No regulation
5012616264320,Abidec Advanced Multivitamin Syrup Plus Omega 6 & 9 150ml,No regulation
4051895014036,Fresubin Energy Drink 200ml Chocolate 4 Pack,No regulation
5060332535736,Lindens Health + Nutrition Zinc Magnesium & Vitamin B6 90 Tablets,No regulation
0615908432404,Tigi Bed Head Shampoo Colour Goddess 600ml,No regulation
5060148522944,BetterYou Magnesium Sleep Mineral Bath Flakes 1kg,No regulation
5023497334316,Peptac Liquid Peppermint Flavour 500ml,GSL
5012564005129,Siopel Cream 50g,GSL
0033984017788,Solgar Boron 3mg 100 Capsules,No regulation
9782013796170,Urban Tonic Oatmeal & Rhubarb Beard Scrub Bar,No regulation
4563201379628,Urban Tonic Tea Tree & Moringa Leaf Beard & Hair Shampoo,No regulation
3623201379620,Urban Tonic Black Pepper & Raspberry Seed Recharge Scrub,No regulation
7350089130017,Nozoil Nasal Spray 10ml,No regulation
7350121254350,Tepe Hydrating Mouthwash Peppermint 500ml,No regulation
5060310351815,Indigo Teas Liquorice Root Tea 100g,No regulation
5023652555006,Nature's Aid Aloe Vera Juice Double Strength 500ml,No regulation
0615908426717,Tigi Bed Head Resurrection Conditioner 750ml,No regulation
5060332535569,Lindens Health + Nutrition Iron 14mg 360 Tablets,No regulation
0017854110038,Baylis & Harding The Fuzzy Duck Men's Hemp & Bergamot Small 3 Piece Set,No regulation
5031013107245,Higher Nature Vital Vits 30 Tablets,No regulation
5000488104479,Bach Rescue Night Drops 10ml,No regulation
2223201379623,Urban Tonic Black Pomegranate Activated Charcoal Beard & Hair Shampoo,No regulation
4103040167972,Sebamed Anti-Dry Hydrating Body Lotion 200ml,No regulation
5060148523194,BetterYou Magnesium Muscle Bath Flakes 1kg,No regulation
0856932007279,Andalou Cannacell Shower Gel Joyful 236ml,No regulation
5011309091113,Flexitol Intensely Nourishing Foot Cream 145g,No regulation
5704947002688,O'Keeffe's Working Hands 85g,No regulation
0017854117587,Baylis & Harding Wild Fig & Pomegranate 3 Bath Fizzers,No regulation
0615908426618,Tigi Bed Head Urban Antidotes Recovery Shampoo 750ml,No regulation
5060447850083,Phizz Hydration + Vitamins Apple & Blackcurrant 20 Tablets,No regulation
5709976207202,Pharma Nord Bio-Multi Vitamin and Mineral 60 Tablets,No regulation
5000158100732,Nurofen Express 200mg 30 Liquid Capsules,P
9327693000379,Sukin Cleansing Hand Wash 250ml,No regulation
5023652204096,"Nature's Aid Calcium, Magnesium & Zinc 90 Tablets",No regulation
3760319495795,Lamazuna Solid Shampoo Normal Hair with White & Green Clays 70ml,No regulation
5060574680188,Hashmats Health Hair Vitamins 30 Capsules,No regulation
5400951004310,Bronchostop Junior Cough Syrup 120ml,GSL
5407007651306,Bambaw Safety Razor Stand Mint Green,No regulation
6009544902027,USN Water Bottle 1L,No regulation
5407007651290,Bambaw Safety Razor Stand Red,No regulation
5060480200760,Georganics Natural Toothsoap English Peppermint 60ml,No regulation
8006320059874,BlanX Advanced Whitening Toothpaste 100ml,No regulation
0033984033207,Solgar Vitamin D3 400IU (10μg) 100 Softgels,No regulation
5060372800740,Dr.PawPaw Everybody Hair & Body Conditioner 250ml,No regulation
5021265248377,Vitabiotics Wellkid Peppa Pig Vitamin D Formula 30 Soft Jellies,No regulation
5010249041295,FSC Super Cal/Mag 90 Tablets,No regulation
8001841689425,Pantene Conditioner Miracles Grow Strong 275ml,No regulation
5060099030307,Odylique Lavender Essential Oil Organic 5ml,No regulation
5011501003259,Deep Heat Pain Relief Heat Patch Regular 4 Patches,GSL
5036631007540,Hydromol Cream 100g,No regulation
5023652273061,Nature's Aid SleepEezy (Valerian) 60 Tablets,No regulation
0672153907040,Woody's Mold It Hair Paste 100g,No regulation
7191469960462,KN95 Respiratory Protective Mask x 1,No regulation
5011417566770,Lemsip Mucus Cough 180ml,GSL
5060332531288,Lindens Health + Nutrition Korean Ginseng 1300mg 100 Tablets,No regulation
5038483957394,Durex Play Massage Lube 200ml,No regulation
5016379114007,Bazuka Extra Strength Treatment Gel 6g,GSL
5000347039393,Biotene Moisturising Mouthwash Fresh Mint 500ml,No regulation
0074312002519,Nature's Bounty Acidophilus Strawberry 60 Chewable Tablets,No regulation
5709976210400,Pharma Nord Bio-Fiber 120 Tablets,No regulation
3574661356198,Sudafed Sinus Pressure & Pain Tablets 24,P
5056369115928,W7 High Maintenance Essential Makeup Tools,No regulation
8001841895932,Pantene Conditioner Miracles Lift/Volume 275ml,No regulation
5407007650972,Bambaw Safety Razor Stand Rose Gold,No regulation
8006540801390,Pantene Shampoo Classic 450ml,No regulation
5011417569252,Durex Invisible Ultra Thin Close Fit Condoms 6 Pack,No regulation
0033984014206,Solgar Hy-Bio 50 Tablets,No regulation
5010249025011,FSC Glucosamine 500mg & Chondroitin 400mg 30 Tablets,No regulation
0792850727007,Burt's Bees Baby Bee Original Shampoo & Body Wash 235ml,No regulation
4717237017843,I-M Knee Support ES-701 XX-Large,No regulation
5060332532827,Lindens Health + Nutrition Korean Ginseng Max 3125mg 90 Tablets,No regulation
5060332532339,Lindens Health + Nutrition Grapeseed Extract 50mg 100 Tablets,No regulation
5012617017147,Accord Dispersible Aspirin 75mg 100 Tablets,P
9001616639074,Mam Original Soothers 12+ Months 2 Pack,No regulation
5997372504128,Veloxa for Dogs 2 Chewable Tablets,No regulation
5407007651313,Bambaw Safety Razor Stand Pink,No regulation
6970392210490,Joytech Healthcare Digital Thermometer,No regulation
5023620160003,Otodex Ear Drops 14ml,No regulation
5060447850007,Phizz Hydration + Vitamins Orange 20 Tablets,No regulation
0615908421484,Tigi Catwalk Oatmeal & Honey Nourishing Mask 200g,No regulation
5060332531424,Lindens Health + Nutrition African Mango 1200mg 100 Tablets,No regulation
8716900571404,Fortini Compact Multifibre Strawberry 125ml,No regulation
8716900579943,Fortini Compact Multi Fibre Choc Caramel 125ml,No regulation
8710103845577,Philips Avent Ultra Air 2 Soothers 0-6 Months,No regulation
3574661430980,Daktarin Aktiv Spray Powder 100g,GSL
5055148400002,Lamberts Selenium 200µg A+C+E (One A Day Formula) 100 Tablets,No regulation
8716900571206,Fortini Compact Multifibre Neutral 125ml,No regulation
5060391845371,Dr. Organic Coffee Anti-Dandruff Conditioner 200ml,No regulation
5011831090530,Mates SKYN Aqua Feel Water-Based Lubricant 80ml,No regulation
5060342240194,GlucoRx FinePoint Insulin Pen Needles 6mm 31G 100 Pack,No regulation
5011309165210,Zeroneum Bath Additive 500ml,No regulation
5060254922454,Enopen Cream 150g,No regulation
5060069281692,Vitrex Latex-Free Examination Gloves Medium 50 Pack,No regulation
5025452001868,Salt of the Earth Amber & Sandalwood Deodorant Roll-on 75ml,No regulation
5010605055287,CanesOasis Cystitis Relief 6 Sachets,GSL
5012583212065,Schwarzkopf Oleo Intense 3-33 Rich Plum Permanent Oil Colouration,No regulation
0017854122345,Baylis & Harding The EDIT Vanilla Seduction Body & Hair Mist 250ml,No regulation
0017854117235,Baylis & Harding Neroli Sands Luxury Body & Hair Mist 250ml,No regulation
5000283659167,Buscopan Ibs Relief 20 Tablets,GSL
5025452001707,Salt of the Earth Unscented Deodorant Roll-on 75ml,No regulation
0615908430844,Tigi Bed Head for Men Thick-Up Line Grooming Cream 100ml,No regulation
5060119660002,Medicom Chloramphenicol 1% w/w Eye Ointment 4g,P
5022339036012,Quest Vitamins Vitamin B12 500mcg 60 Tablets,No regulation
5023652524033,Nature's Aid Vitamin D3 Spray 30ml,No regulation
5060342240200,GlucoRx FinePoint Insulin Pen Needles 8mm 31G 100 Pack,No regulation
5011309017212,Covonia Dry Night Time Coughs 150ml,P
4006309024347,Salus Celery Plant Juice 200ml,No regulation
8006540988411,Pantene Conditioner Classic Clean 275ml,No regulation
9329401000411,The Goat Skincare Moisturising Body Wash with Manuka Honey 500ml,No regulation
0859999905359,Woody's Grooming Styling Gel 355ml,No regulation
4015400601876,Pampers Baby Dry Nappies Size 3 30 Pack,No regulation
0615908426694,Tigi Bed Head Urban Antidotes Recovery Conditioner 750ml,No regulation
4103040043566,Sebamed Everyday Shampoo 200ml,No regulation
5060069281708,Vitrex Latex-Free Examination Gloves Small 50 Pack,No regulation
5391520750120,Oralieve Moisturising Mouth Gel 50ml,No regulation
5027599000070,Delph Moisturising Sun Lotion SPF30 150ml,No regulation
5023652210035,Nature's Aid Vitamin B Complex 100 (Mega Potency) Time Release 30 Tablets,No regulation
8716900553356,Fortini Multi Fibre Chocolate 200ml,No regulation
8030350901681,Alliance Aloclair Plus Mouthwash 120ml,GSL
5060391848037,Dr. Organic Tea Tree Foot Spray 100ml,No regulation
5060086610369,Optibac Probiotics Bifidobacteria & Fibre 10 Sachets,No regulation
5017123001321,Liquid Paraffin & White Soft Paraffin 50:50 Ointment 500g,No regulation
5054563176424,Corsodyl Active Gum Repair Toothpaste Fresh Mint 75ml,No regulation
5012583211488,Schwarzkopf Live Fiery Red Temporary Colour Drops 30ml,No regulation
5000101515347,Cussons Creations Mallow Magic Gift Set,No regulation
5055443676942,The Luxury Bathing Company Bergamot Ginger & Lemongrass,No regulation
5010724506370,First Response Early Result Pregnancy Test 1 Pack,No regulation
5012583211501,Schwarzkopf Live Ice Silver Temporary Colour Drops 30ml,No regulation
5023652523036,Nature's Aid Vitamin B12 Spray 30ml,No regulation
0741273021001,Bach Rescue Remedy Dropper 10ml,No regulation
0894147009961,Sliquid Naturals H20 Waterbased Lubricant 59ml,No regulation
5060391841601,Dr. Organic Hemp Oil Lotion 200ml,No regulation
5060320560085,SUNVIT-D3 [C/CALCIFEROL 2000IU] DD0005 (28),No regulation
5034268006202,ProVen Probiotics 50+ Multivitamin with Antioxidants & Friendly Bacteria,No regulation
3760201136485,Lamazuna Solid Shampoo-Normal Hair with Scotch Pine 55g,No regulation
3574661321523,Aveeno Daily Moisturising Yogurt Body Wash 300ml,No regulation
5010724000328,Hero Mighty Patch The Original 24s,No regulation
0083000016455,Nature's Answer PerioBrite Toothpaste Wintermint,No regulation
9421023628797,Manuka Health Honey Blackcurrant 15 Lozenges,No regulation
0078522014966,Jason Simply Coconut Chamomile Soothing Toothpaste 119g,No regulation
5391531760156,Optase Comfort Drop 20 x 0.4ml,GSL
5055148405120,Lamberts Korean Ginseng 1200mg 60 Tablets,No regulation
5704947001407,O'Keeffe's Healthy Feet Foot Cream 91g,No regulation
0045879002304,Seven Seas Cod Liver Oil One-A-Day 60 Capsules,No regulation
5000488104295,Bach Rescue Remedy Pastilles Original 50g,No regulation
5025135112447,Malibu Lotion SPF30 400ml,No regulation
5055193543563,Glitz & Glam Bath Fizzer Mandarin Vanilla & Amber 165g,No regulation
5060332530960,Lindens Health + Nutrition Garlic 6000mg 120 Capsules,No regulation
5011408060126,L'Oréal Paris Elnett Hairspray Extra Strong Hold 300ml,No regulation
3760311316388,Lamazuna Solid Pink Cocoa Butter (Iris & Tonka Bean) 54ml,No regulation
5000101515361,Cussons Creations To The Moon & Back Gift Set,No regulation
5060480200227,Georganics Oilpulling Mouthwash Orange 100ml,No regulation
5060391849072,Pure Gold Premium Select 525+mg Manuka Honey Lozenges 100g,No regulation
5060119660552,Evolve Eyelid Wipes 20 Sachets,No regulation
0878639000087,Every Man Jack Body Wash-Cedarwood 500ml,No regulation
5010249309760,The Food Supplement Company Magnesium Vitamin B6 90 Tablets,No regulation
0887910000142,Jerome Russell Bblonde Maximum Highlighting Kit,No regulation
5060342240187,GlucoRx FinePoint Ultra 31G 5mm 100 Pack,No regulation
5060332534586,Lindens Health + Nutrition L-Arginine 500mg 90 Capsules,No regulation
5060148522258,BetterYou Magnesium Sleep Mineral Lotion Junior 135ml,No regulation
0850278004497,Bondi Sands Glo Shimmer Tan 100ml,No regulation
5034445001037,The Eye Doctor Click & Go Compress,No regulation
5011417565568,Nurofen Joint & Back Gel 10% 40g,GSL
5027097953311,Daktarin Gold 2% Cream 15g,P
5060571820570,The Good Guru Organic Ashwaganda & Black Pepper 30 Capsules,No regulation
0033984033184,Solgar Vitamin D3 (Cholecalciferol) 600IU (15μg) 60 Capsules,No regulation
0615908426632,Tigi Bed Head Re-Energize Level 1 Shampoo 750ml,No regulation
4006309024361,Salus Plantain Plant Juice 200ml,No regulation
5055148401931,Lamberts Iron 14mg (As Citrate) 100 Tablets,No regulation
5060332530922,Lindens Health + Nutrition Vitamin D3 5000IU 150 Capsules,No regulation
3574661170916,Migraleve Pink 12 Tablets,P
8001090443083,Gillette Mach3 Turbo Razor + 2 Blades,No regulation
8006540514337,Pantene Conditioner Repair & Protect 350ml,No regulation
0850278004923,Bondi Sands Aero Aerated Self-Tanning Foam Liquid Gold 225ml,No regulation
5060332530625,Lindens Health + Nutrition Menopause Formula 60 Tablets,No regulation
5060571821799,The Good Guru Vegan Good Sleep Hops & Lemon Balm Extract 30 Capsules,No regulation
4006309024378,Salus Thyme Planet Extract 200ml,No regulation
5015802221305,Wax Lyrical Reed Diffuser Sunflower Fields 40ml,No regulation
9327693000355,Sukin Hydrating Mist Toner 125ml,No regulation
5023652240100,Nature's Aid Glucosamine Sulphate 1500mg 90 Tablets,No regulation
5034445001181,The Eye Doctor Lid Cleanser 100ml,No regulation
5012583211464,Schwarzkopf Live Orchid Purple Temporary Colour Drops 30ml,No regulation
96180396,BetterYou Multi-Vit Junior Daily Oral Spray 25ml,No regulation
5025452000458,Salt of the Earth Lavender & Vanilla Deodorant Refill Spray 100ml,No regulation
5060391848228,Dr. Organic Peppermint Essential Oil 10ml,No regulation
5407007651320,Bambaw Safety Razor Stand Rainbow,No regulation
5023674108914,Country Club Hot Water Bottle with Luxury Faux Fur Cover,No regulation
5060176671867,Dr. Organic Lavender Essential Oil 10ml,No regulation
4015400744948,Pampers Baby Dry Pants Size 5 Nappies 21 Pack,No regulation
5000283659150,Antistax Leg & Vein Gel,No regulation
4006309024330,Salus Black Radish Plant Juice 200ml,No regulation
5012583212058,Schwarzkopf Oleo Intense 4-86 Chocolate Brown Permanent Oil Colouration,No regulation
5021284192583,Beaphar One Dose Dog Wormer 6-20kg Tablets,No regulation
5000488105773,Bach Rescue Pastilles Blackcurrant 50g,No regulation
5709976095403,Pharma Nord Bio-Fish Oil 1000mg 80 Capsules,No regulation
0074312002557,Nature's Bounty Vitamin D3 25µg (1000IU) 100 Tablets,No regulation
0078522046479,Jason Fluoride Free PowerSmile Peppermint Toothpaste 119g,No regulation
8710522938751,Lynx Africa Retro Sock & Bodyspray Set,No regulation
5012616262937,Lyclear Treatment Lotion with Comb 100ml,GSL
5012583212089,Schwarzkopf Oleo Intense 7-77 Copper Red Permanent Oil Colouration,No regulation
5060342240224,GlucoRx FinePoint Insulin Pen Needles 12mm 100 Pack,No regulation
5021265223855,Vitabiotics Wellbaby Multi-Vitamin Liquid 150ml,No regulation
8006540444511,Head & Shoulders Dermax Repair Shampoo,No regulation
5011417568729,Gaviscon Advance Aniseed Liquid 150ml,GSL
5010605190018,Cystopurin Granules 6 Sachets,GSL
5010724536285,Trojan Bareskin Condoms 10 Pack,No regulation
4820232640074,Apriori Slim Carmine Red Silver Medium,No regulation
5011408060089,L'Oréal Elnett Satin Strong Hold Hairspray 300ml,No regulation
9343359000460,Glyde Ultra Maxi Vegan Condoms 10 Pack,No regulation
5055148411640,Lamberts Iodine 150µg 180 Tablets,No regulation
5023652261099,Nature's Aid Echineeze (Echinacea) 90 Tablets,No regulation
5012583212072,Schwarzkopf Oleo Intense 3-22 Deep Bordeaux Permanent Oil Colouration,No regulation
3574661653471,Aveeno Baby Daily Care Gentle Body Wash 400ml,No regulation
5012583211525,Schwarzkopf Live Crystal Blue Temporary Colour Drops 30ml,No regulation
5060611190656,Aacu White Soft Paraffin Ointment 500g,No regulation
5025903022602,Careway Hay Fever Relief Nasal Spray 200 Metered Sprays,P
5012583212096,Schwarzkopf Oleo Intense 8-86 Golden Dark Blonde Permanent Oil Colouration,No regulation
5060018510354,KIKI Health Organic Nature's Living Superfood 20g,No regulation
5010249041585,FSC Cantamega 60 Tablets,No regulation
6936983109925,2San Urinary Tract Infections (UTI) Test,No regulation
3800219794205,Alteya Organic Bulgarian Melissa Water 120ml,No regulation
5027097030012,Imodium Classic 2mg 12 Capsules,P
4005900712509,Nivea Q10 Firming Gradual Tan 200ml,No regulation
5060216560151,Sambucol Original Flavour 120ml,No regulation
5060176670518,Dr. Organic Aloe Vera Lotion 200ml,No regulation
5000158066854,Lemsip Max Day & Night 24 Capsules,P
5060332536535,Lindens Magnesium Max 4-in-1 Complex 90 Capsules,No regulation
5012583211976,Schwarzkopf Oleo Intense 3-10 Deep Brown Permanent Oil Colouration,No regulation
5055148411169,Lamberts Dog Calming Tablets 90 Tablets,No regulation
5011309124521,Nizoral Anti-Dandruff Daily Prevent Shampoo 200ml,No regulation
6936983108331,2San Hypothyroidism Self Test,No regulation
5034268006233,ProVen Probiotics Fit for School 14 Sachets,No regulation
0017854105980,Baylis & Harding Limited Edition Mulberry Fizz Bath Fizzers,No regulation
5025970011233,Nivea Glorious Skin Set,No regulation
5015201009627,Codasolve Codeine/Paracetamol/Caffeine 8mg/500mg/30mg 32 Effervescent Tablets,P
5012583212010,Schwarzkopf Oleo Intense 8-05 Beige Blonde Permanent Oil Colouration,No regulation
4103040043368,Sebamed Anti-Hairloss Shampoo 200ml,No regulation
4770001337264,Ecodenta Extra Whitening Mouthwash with Black Charcoal 500ml,No regulation
7350087736617,E45 Lotion 24HR Moisturisation Very Dry & Sensitive Skin 500ml,GSL
5011309163018,Zerocream Emollient 500g,No regulation
5051594004412,Complan Shake Starter Pack 5 x 57g,No regulation
4820232640043,Apriori Slim White Gold Medium,No regulation
3800219791778,Alteya Organic Rose Hip Seed Oil 20ml,No regulation
3800219794519,Alteya Citrus & Mint Liquid Soap 250ml,No regulation
9335955000029,MooGoo Anti-Bacterial Hand Gel 100g,No regulation
6936983109895,2San Iron Deficiency Rapid Test,No regulation
3800219790566,Alteya Organic Calming Aromatic Mist 110ml,No regulation
0728040953871,Natural Xtracts Rosemary Hair Oil 100ml,No regulation
8001841859101,Pampers New Baby Mini Size 2 31 Nappies Pack,No regulation
5000174929591,Vicks Vaporub 100g,GSL
5060264110124,Unicare Nitrile Powder Free Examination Gloves Medium 100 Pack,No regulation
96086292,BetterYou Multivitamin Oral Spray 25ml,No regulation
0017854117211,Baylis & Harding The EDIT Cherry Temptation Body & Hair Mist 250ml,No regulation
3574661028262,Imodium Instants 12 Tablets,GSL
5023652527034,Nature's Aid Multivitamin Spray 30ml,No regulation
5039021500256,Aquamax Cream 500g,No regulation
5055382310587,Alvita PVC Hot Water Bottle,No regulation
0894147009978,Sliquid Naturals Sassy Anal Lubricant 60ml,No regulation
5021265221004,Vitabiotics Menopace Original 30 Tablets,No regulation
4006309024439,Salus Horsetail Plant Juice 200ml,No regulation
9327693010002,Sukin Deep Cleanse Shampoo 500ml,No regulation
8720182781802,Dove Enjoy Body Wash Collection Gift Set,No regulation
8700216347464,Olay Anti-Wrinkle Firm & Lift Night Cream 50ml,No regulation
0615908428513,Tigi Bed Head for Men Smooth Mover Shave Cream 150ml,No regulation
5010441011263,Numark Sleep Aid 50mg 20 Tablets,P
5054563097774,Sensodyne Repair & Protect Extra Fresh Toothpaste 75ml,No regulation
4710636644238,GlucoRx Lancets 200 Pack,No regulation
5060035247127,Difflam Throat Spray 30ml,P
5023652476035,Wild Earth Gentle Iron Complex 30 Capsules,No regulation
5013692270083,Squishmallow Body Mist Set 3pc,No regulation
4820232640012,Apriori Slim Black Silver Soft,No regulation
9317129041786,Flexitol Callus Cream 56g,No regulation
5000283660613,BuscoMint Peppermint Oil 0.2ml 24 Soft Capsules,GSL
0017854117228,Baylis & Harding The EDIT Twilight Amber Body & Hair Mist 250ml,No regulation
4030571004875,Artelac Rebalance Eye Drops 10ml,No regulation
5030451003317,Movelat Cream Relief 80g,P
5060018513171,KIKI Health Pure Marine Collagen Powder 20g,No regulation
5012583212003,Schwarzkopf Oleo Intense 4-60 Gold Brown Permanent Oil Colouration,No regulation
4032129107380,Adcal-D3 750mg/200 I.U 112 Caplets,P
3574661497624,Aveeno Skin Relief Cica Balm 50ml,No regulation
5060258390501,Pro D3 800IU 30 Capsules,No regulation
8712400150033,Fortini Vanilla 200ml,No regulation
0083000016424,Nature's Answer Perio Rub Smoothing Gel,No regulation
5060342240521,GlucoRx FinePoint Ultra 32G 4mm 100 Pack,No regulation
4015400841524,Pampers Baby Dry Pants Size 6 Nappies 19 Pack,No regulation
4013474113325,Gehwol Refreshing Balm 75ml,No regulation
4015400689331,Pampers Baby Dry Size 6 XL Nappies 19 Pack,No regulation
5014958680004,Avoca Wart & Verruca Treatment,P
0078522046455,Jason Fluoride Free Fresh Breath Spearmint Toothpaste 119g,No regulation
7702018591398,Gillette Venus Snap Women's Razor,No regulation
3614226290335,Max Factor Volume Infusion Mascara Black-Brown,No regulation
5060480200166,Georganics Oilpulling Mouthwash English Peppermint 100ml,No regulation
5013692272964,Chupa Chups Pamper Yourself Trio Gift Set,No regulation
5060332532124,Lindens Health + Nutrition Propolis 1000mg 60 Tablets,No regulation
96195093,"BetterYou Hair, Skin & Nails Daily Oral Spray 25ml",No regulation
0033984022607,Solgar Potassium 100 Tablets,No regulation
5012583212034,Schwarzkopf Oleo Intense 5-77 Light Copper Brown Permanent Oil Colouration,No regulation
4013474113219,Gehwol Foot Cream Extra 75ml,No regulation
0017854118881,Baylis & Harding Sweet Mandarin & Grapefruit Sock Gift Set,No regulation
4005800260162,Eucerin Hyaluron-Filler Intensive Mask,No regulation
5030451003669,Cetraben Cream 150g,No regulation
5391531760491,Vivio Junior Cough Syrup,GSL
5035559000336,Vertigon 25mg 28 Tablets,P
5012583211549,Schwarzkopf Live Petal Pink Temporary Colour Drops 30ml,No regulation
0850278004046,Bondi Sands Dark Self Tanning Foam 200ml,No regulation
0017854117907,Baylis & Harding The Fuzzy Duck Winter Wonderland 3 Bath Fizzers,No regulation
3574661551050,Piz Buin After Sun Soothing & Cooling Moisturising Lotion 200ml,No regulation
4013162018413,Fenjal Deodorant Spray 150ml,No regulation
3800219794120,Alteya Organic Bulgarian Rose Water Spray 120ml,No regulation
5060332532605,Lindens Health + Nutrition Maca 500mg 100 Tablets,No regulation
5012583095002,Schwarzkopf Poly Style Foam Perm Dry,No regulation
4820232640272,Apriori Slim Bubblegum Pink Gold Soft,No regulation
5029354002695,Aloe Pura Aloe Vera Aftersun Lotion 200ml,No regulation
0017854117242,Baylis & Harding Sweet Mandarin & Grapefruit Duo Bottle Set,No regulation
5055148411558,Lamberts Acidophilus Extra 4 30 Capsules,No regulation
5060320560382,"Sunvit-D3 20,000IU 28 Capsules",No regulation
5055148402815,Lamberts Zincatest 100ml Liquid,No regulation
8700216347358,Olay Anti-Wrinkle Firm Day Cream 50ml,No regulation
4006309024408,Salus Hawthorn Plant Extract 200ml,No regulation
5017007100478,Lactulose Solution Teva 500ml,P
6936983109918,2San Male Fertility Rapid Test,No regulation
9329401001012,Pure Paw Paw Ointment Set 4x15g,No regulation
5023652354067,Nature's Aid MigraEeze 100mg 60 Tablets,No regulation
5012583211983,Schwarzkopf Oleo Intense 4-18 Mocha Brown Permanent Oil Hair Dye,No regulation
5055148400309,Lamberts Time Release Vitamin C 500mg 100 Tablets,No regulation
5012616291791,Phillips' Milk Of Magnesia Liquid 200ml,GSL
5011309117011,Nizoral Anti-Dandruff Daily Prevent Conditioner 200ml,No regulation
0017854118850,"Baylis & Harding Goodness - Oud, Cedar & Amber Natural Oils Salt Scrub 450g",No regulation
8809598455375,COSRX Salicylic Acid Daily Gentle Cleanser 150ml,No regulation
4820232640098,Apriori Slim British Racing Green Gold Soft,No regulation
5012583211990,Schwarzkopf Oleo Intense 4-23 Burgundy Red Permanent Oil Colouration,No regulation
5060332531776,Lindens Health + Nutrition Apple Cider Vinegar Slim 84 Capsules,No regulation
5060421930473,Aproderm Ointment 500g,No regulation
5038483588710,Scholl Cracked Heel Complete Balm 60ml,No regulation
5011417576212,Strepsils Honey Soothing Throat Spray 20ml,No regulation
4006309024279,Salus Dandelion Plant Juice 200ml,No regulation
4006309024231,Salus St Johns Wort Plant Juice 200ml,No regulation
0887910000043,Jerome Russell Bblonde Medium Lift Blonding Kit,No regulation
3800219790603,Alteya Organic Bulgarian Lavender Water Spray 100ml,No regulation
0017854117358,Baylis & Harding Sweet Mandarin & Grapefruit 3 Bath Fizzers,No regulation
3574661202655,Benadryl One A Day Relief Cetirizine Dihydrochloride 14 Pack,GSL
5012583211952,Schwarzkopf Oleo Intense 1-10 Intense Black Permanent Oil Colouration,No regulation
5011417571316,E45 Daily Cream for Dry Skin 400ml,No regulation
5012583212041,Schwarzkopf Oleo Intense 5-10 Light Brown Permanent Oil Colouration,No regulation
8056746070007,Curasept Mouthwash 0.2% 200ml,No regulation
5012583211969,Schwarzkopf Oleo Intense 2-10 Black Brown Permanent Oil Colouration,No regulation
3574661272610,Benylin Dry Cough Night Syrup 150ml,P
5011309105810,Flexitol Skin Balm 100g,No regulation
5060704340265,Acala Naturalcorn Dental Floss Refill 2 x 30m Clews,No regulation
5023652900905,Nature's Aid Calcium Magnesium & D3 90 Tablets,No regulation
5025135119323,Malibu Clear Protection Spray SPF30 250ml,No regulation
0859975002027,Andalou Sunflower & Citrus Brilliant Shine Shampoo 340ml,No regulation
5000167010879,Nurofen Cold & Flu 24 Tablets,P
96195529,BetterYou D4000 Vitamin D Oral Spray 15ml,No regulation
9421034852600,d3 Rigid Strapping Tape 15m,No regulation
5010249303607,FSC Aloevera & Manuka Honey Juice 500ml,No regulation
5010605240430,Diprobase Eczema Lotion 300ml,GSL
4770001000762,Pineapple Mornings & Bilberry Nights Toothpaste 100ml 2 Pack,No regulation
8710908886669,Dove Baby Mother & Baby Bath Gift Set,No regulation
0859975002010,Andalou Lavender & Biotin Full Volume Shampoo 340ml,No regulation
5023652359062,Nature's Aid Vitamin D3 60 Tablets,No regulation
5060480200265,Georganics Oilpulling Mouthwash Activated Charcoal 100ml,No regulation
0859975020229,Andalou Mandarin Vanilla Vitalizing Shower Gel 251ml,No regulation
0859975002058,Andalou Sunflower & Citrus Brilliant Shine Conditioner 340ml,No regulation
0654749351345,Avalon Coconut Moisturising Conditioner 312g,No regulation
5000158101432,Optrex Multi Action Eye Wash 300ml,GSL
5027097795331,Daktacort Miconazole & Hydrocortisone Cream 15g,P
5027097407326,Imodium Instant Melts 12 Tablets,P
3574660535983,Aveeno Daily Moisturising Lotion Lavender 300ml,No regulation
5060632300065,Saliveze Dry Mouth Spray Mild Mint 50ml,No regulation
5055148401733,"Lamberts Chewable Calcium 400mg (Lemon Flavour, with Vit D) 60 Tablets",No regulation
4013162020201,Fenjal Classic Bath Bubbles 200ml,No regulation
5012616291944,Zantac 24 Tablets,P
5011309113211,Care+ Heartburn Relief Oral suspension 500ml,GSL
5060177241267,Blistex Cold Sore Cream 2g,GSL
0859975020236,Andalou Clementine Ginger Energizing Shower Gel 251ml,No regulation
5010415230164,Tommee Tippee Closer To Nature Nipple Shields 2 Pack,No regulation
9001616721083,Mam Start Soothers 0-2 Months 2 Pack,No regulation
9001616203619,Mam Teats (Medium Flow) for 2+ Months 1 Teat,No regulation
0859975002041,Andalou Lavender & Biotin Full Volume Conditioner 340ml,No regulation
0033984009400,Solgar Cod Liver Oil 100 Softgels,No regulation
5011408060065,L'Oréal Elnett Micro-Diffusion Hairspray Normal Hold 300ml,No regulation
5060332532216,Lindens Health + Nutrition Lutein 10mg (Marigold Extract) 100 Capsules,No regulation
0078522090458,Jason Tea Tree Deodorant Stick 71g,No regulation
5010249041059,FSC Super Multi Vitamin and Minerals 30 Tablets,No regulation
0078522060000,Jason Lavender Shampoo 473ml,No regulation
5060086610062,Optibac Probiotics for Those On Antibiotics 10 Capsules,No regulation
5060332532452,Lindens Health + Nutrition 5 HTP 100mg 60 Tablets,No regulation
3600522455851,L'Oréal Skin Perfection Magic Touch Instant Blur 15ml,No regulation
5060480200289,Georganics Oilpulling Mouthwash Tea Tree 100ml,No regulation
9327693002199,Sukin Sensitive Cleansing Gel 125ml,No regulation
5060332534258,Lindens Health + Nutrition Aloe Vera 6000mg 90 Tablets,No regulation
7350087736273,E45 Junior Foaming Bath Milk 500ml,No regulation
0033984013650,Solgar Chromium Picolinate 100µg 90 Tablets,No regulation
0074312004186,Nature’s Bounty MaxStrength Zinc 25mg 100 Tablets,No regulation
5010415211163,Tommee Tippee Closer to Nature Bottle & Teat Brush,No regulation
8710522603116,TRESemmé Perfect Weekend Getaway Set 4Pc,No regulation
0078522060055,Jason Lavender Conditioner 454g,No regulation
0817513010149,Cantu Shea Butter for Natural Hair Complete Conditioning Co Wash 283g,No regulation
5027097032078,Daktarin Aktiv Cream 30g,GSL
9001616721144,Mam Original Soothers 6+ Months 2 Pack,No regulation
5011417579039,Senokot Constipation Relief Syrup 150ml,P
5012748615298,Movicol-Half Lemon & Lime 20 Sachets,P
5000158071322,Gaviscon Core Peppermint 250mg 48 Tablets,GSL
0859975002096,Andalou Sunflower & Citrus Brilliant Shine Styling Gel 200ml,No regulation
5010249041264,"FSC Calcium, Magnesium & Zinc 90 Tablets",No regulation
0859975002065,Andalou Argan Oil & Shea Moisture Rich Conditioner 340ml,No regulation
5060332535644,Lindens Health + Nutrition Vitamin C+ 1000mg Time Release 120 Tablets,No regulation
5037589000034,Ben's Max Insect Repellent Spray 37ml,No regulation
0033984027008,Solgar Taurine 500mg 50 Capsules,No regulation
9329401000138,The Goat Skincare Shampoo 250ml,No regulation
3574661192819,Piz Buin Tan & Protect Accelerating Oil SPF6,No regulation
5060342240170,GlucoRx FinePoint 31G 4mm 100 Pack,No regulation
5054563093592,Driclor Roll-On 20ml,P
5060332530595,Lindens Health + Nutrition Ginkgo Biloba 6000mg 100 Tablets,No regulation
5060332536085,Lindens Health + Nutrition Vitamin D3 Spray 3000IU 30ml,No regulation
5060104170561,YES Organic Water Based Personal Lubricant 50ml,No regulation
5060480200241,Georganics Oilpulling Mouthwash Spearmint 100ml,No regulation
5060391848242,Dr. Organic Eucalyptus Essential Oil 10ml,No regulation
5011309067019,Care Night Cold & Flu Oral Solution 200ml,P
5060776980031,DR.VEGAN Gentle Iron & Vitamin C 30 Capsules,No regulation
8710522603130,TRESemmé Perfect Everyday Hair Set,No regulation
4013162018512,Fenjal Intensive Body Milk 200ml,No regulation
5021265223800,Vitabiotics Wellkid Smart Chewable 30 Tablets,No regulation
5060254920542,Thirty:30 Ointment 125g,No regulation
5010249020511,FSC L-Glutamine 500mg 60 Tablets,No regulation
5060332534371,Lindens Health + Nutrition Zinc Max 90 Tablets,No regulation
0859975002034,Andalou Argan Oil & Shea Moisture Rich Shampoo 340ml,No regulation
0615908428520,Tigi Bed Head for Men Balm Down Cooling Aftershave 125ml,No regulation
5012583206941,LIVE Urban Metallics U72 Dusty Silver Hair Dye,No regulation
0015594010106,Astroglide Water Based Gel Lubricant 113g,No regulation
5000477812224,Kalms Night 56 Tablets,GSL
5010249013216,FSC High Potency Cod Liver Oil 1000mg 90 Capsules,No regulation
0615908427592,Tigi Bed Head Manipulator 57g,No regulation
5010605295218,Rennie Peppermint 96 Tablets,GSL
5060050350840,UltraDex Whitening Toothpaste 75ml,No regulation
5012616263200,Jungle Formula Kids Insect Repellent 125ml,No regulation
5016379290008,Ibugel 100g,P
5060479360178,Ayrtons Glyceryl Trinitrate Spray 200 Doses,P
0017854106000,Baylis & Harding Limited Edition Mulberry Fizz Cracker Gift Set,No regulation
5055148412821,Lamberts Manganese 4mg (As Citrate) 100 Tablets,No regulation
5060180815998,Animology Paws & Nose Balm 50ml,No regulation
5033847001959,Pyrocalm Control 20mg 7 Tablets,GSL
5060599183923,Mad Beauty FRIENDS Bath & Body Pamper Trio,No regulation
5010249190139,The Food Supplement Company Head High Plus 60 Capsules,No regulation
5056682200592,AquaSoothe 1% Menthol Aqueous Cream 100g,No regulation
5016119038297,Rosemont Paracetamol 120mg/5ml Oral Suspension 100ml,P
5016379111006,Bazuka Gel Extra Strength 5g,P
5012616291661,Nytol Herbal 30 Tablets,GSL
5060128985912,Dentemp Professional Oral Care Kit,No regulation
5012616262449,Nytol Herbal Simply Sleep & Calm Elixir 100ml,GSL
5060409580546,Nutrigen Childrens Inulin Powder Drink 10 Sachets,No regulation
3800219794182,Alteya Organic Bulgarian Chamomile Water 120ml,No regulation
5709976133204,Pharma Nord Bio-Calcium +D3+K1+K2 500mg 60 Tablets,No regulation
5023652501065,Nature's Aid Vitamin D3 4000iu Super Strength,No regulation
5019686003781,Verrugon Complete Verruca Treatment 6g,P
5023652466036,Nature's Aid Pro-defend 10 Billion Bacteria 30 Capsules,No regulation
5060391843292,Dr. Organic Skin Clear Face Wash 125ml,No regulation
5023652269064,Nature's Aid PremEeze Agnus Castus 60 Capsules,No regulation
5060332533619,Lindens Health + Nutrition Bromelain & Papain 100 Tablets,No regulation
5060310353703,Indigo Teas Fennel Seed Tea 100g,No regulation
5023652469068,Nature's Aid Magnesium Citrate Elemental 119mg 60 Capsules,No regulation
0033984031005,Solgar Vitamin B6 50mg 100 Tablets,No regulation
5060391846866,Dr. Organic Calendula Shampoo 265ml,No regulation
0856932007330,Andalou Cannacell Vitamin Shampoo Daily Dose 251ml,No regulation
5000158067752,Gaviscon Advance Mint 24 Chewable Tablets,GSL
5060332531363,Lindens Health + Nutrition Rosehip 2000mg 100 Capsules,No regulation
5012583002642,Schwarzkopf Live Intense Lightener 00A Absolute Platinum,No regulation
5023652320901,Nature's Aid Vitamin C Low Acid 1000mg 90 Tablets,No regulation
0017854103009,Baylis & Harding Fuzzy Duck Gin Bath & Shower Gel 750ml,No regulation
5060391843315,Dr. Organic Skin Clear Exfoliating Scrub 150ml,No regulation
5060209732411,Epimax Excetra Cream 500g,No regulation
5060176674981,Dr. Organic Virgin Coconut Oil Conditioner 265ml,No regulation
5060391842103,Dr. Organic Manuka Honey Face Wash 100ml,No regulation
0033984003101,Solgar Biotin 1000µg 50 Capsules,No regulation
5000309007538,Nexium Control 20mg Gastro-Resistant Tablets 7 Pack,GSL
5025135118913,Malibu Clear All Day Protection Spray Pump SPF50 250ml,No regulation
4005900472571,Nivea Uv Face Moisture Mousse SPF50+ 75ml,No regulation
9001616813931,Mam Colours of Nature 6+ Months Soothers 2 Pack,No regulation
5060574680171,Hashmats Health Kids 4+ Multivitamins Strawberry Chewable 30 Tablets,No regulation
0033984002807,Solgar Biotin 300µg 100 Tablets,No regulation
5060176671089,Dr. Organic Tea Tree Shampoo 265ml,No regulation
5010249160064,FSC Alphalipoic Acid 100mg 60 Capsules,No regulation
5023652731202,Nature's Aid Fish Oil 1000mg Omega-3 120 Softgels,No regulation
8716900550034,Fortini Multi Fibre Unflavoured 200ml,No regulation
5023652251069,Nature's Aid Digestive Enzyme Complex 60 Tablets,No regulation
5014697006301,Triple Dry Roll-On 50ml,No regulation
5023652393066,Nature's Aid Beetroot 462mg 60 Capsules,No regulation
5055148400446,Lamberts Vitamin C 1000mg+ Bioflavonoids 60 Tablets,No regulation
5060332533848,Lindens Health + Nutrition Vitamin E 100IU 200 Capsules,No regulation
5060035248056,Difflam 3mg Lozenges Eucalyptus 20 Pack,P
5709976231207,Pharma Nord Bio-Magnesium 200mg 60 Tablets,No regulation
5012583203582,Schwarzkopf Live 86 Pure Purple,No regulation
5060176672048,Dr. Organic Manuka Honey Foot Cream 125ml,No regulation
9327693006890,Sukin Hydrating Conditioner 500ml,No regulation
5060264110131,Unicare Nitrile Powder Free Examination Gloves large 100 Pack,No regulation
5060099030772,Odylique Pure Olive Cleansing Bar 100g,No regulation
5010605054037,Canesten Cream 50g,P
0078522020233,Jason Rosewater Hand Soap 473ml,No regulation
0017854110960,Baylis & Harding Sweet Mandarin & Grapefruit Treat Box,No regulation
5060099030789,Odylique Tea Tree & Green Clay Cleansing Bar 100g,No regulation
42219439,Eucerin Acute Lip Balm 10ml,No regulation
1230000007214,Astroglide Premium Liquid 120ml,No regulation
5060499390933,Calcichew D3 forte 60 Chewable Tablets,P
5012583002826,Schwarzkopf Live 99 Deep Black,No regulation
0078522020257,Jason Calming Lavender Hand Soap 473ml,No regulation
5012583203513,Schwarzkopf Live Ultra Brights 95 Electric Blue,No regulation
3600541602571,Garnier Ambre Solaire Oil Sensitive Advance SPF50 150ml,No regulation
5060574680072,Hashmats Health Kids 4+ Multivitamins Mango Chewable 30 Tablets,No regulation
5010123722661,Calpol Infant Strawberry Sugar Free Suspension 200ml,P
0859999000436,Woody's Grooming Love Grenade Body & Laundry Spray 150ml,No regulation
5055148403942,Lamberts Vitamin D3 400iu (10µg) 120 Tablets,No regulation
3800219794144,Alteya Organic Bulgarian White Rose Water (Rosa Alba) Spray 120ml,No regulation
0654749354353,Avalon Lemon Glycerin Hand Soap 355ml,No regulation
5060574680058,Hashmats Health Pregnancy Formula 30 Tablets,No regulation
5012583201649,Schwarzkopf Live 880 Tempting Chocolate,No regulation
5010249011250,FSC Vitamin E (D-Alpha-Tocopherol) 400IU 30 Capsules,No regulation
0087614110967,Swanson Full Spectrum Lion's Mane Mushroom 500mg 60 Capsules,No regulation
7702018525195,Gillette Skinguard Sensitive Razor,No regulation
5010249907256,The Food Supplement Company Aloe Vera 5000mg 90 Capsules,No regulation
5016075000055,Colpermin Ibs Relief Capsules 20 Pack,GSL
5060310351532,Indigo Teas Chamomile Flower Tea 50g,No regulation
5010724530948,Stérimar Cold Defence Spray 50ml,No regulation
5060332532537,Lindens Health + Nutrition Calcium Magnesium & Vitamin D 120 Tablets,No regulation
5012335414303,Califig Syrup Of Figs 100ml,No regulation
3760201136423,Lamazuna Cleansing Wipes Refill 10 Pack,No regulation
5011417577332,Scholl Antifungal Shoe Spray 250ml,No regulation
0615908432077,Tigi Bed Head Conditioner Resurrection Repair 400ml,No regulation
5012583095019,Schwarzkopf Poly Style Foam Perm Normal,No regulation
5055565747810,Accord Paracetamol 500mg Effervescent 24 Tablets,P
5021265246342,Vitabiotics Wellbaby Vit D Drops 30ml,No regulation
5012583002796,Schwarzkopf Live 87 Mystic Violet,No regulation
0654749354308,Avalon Lavender Glycerin Hand Soap 355ml,No regulation
5012583203506,Schwarzkopf Live Ultra Brights 94 Purple Punk,No regulation
4103040167910,Sebamed Anti-Dry Derma Soft Wash Emulsion 200ml,No regulation
5012654412158,Belladonna Plaster Pain Relief Large 1 Pack,P
5060258140496,ExoCream 500ml,No regulation
5055148411749,Lamberts Calasorb Calcium 800mg (As Citrate) Plus Vitamin D3 60 Tablets,No regulation
5011309118414,Nizoral Scalp Soothing Dry & Eczema Shampoo 200ml,No regulation
4032651979141,Schulke Octenisan Nasal Gel 6ml,No regulation
5391531760316,Fusion Allergy 24 Lozenges,No regulation
5708932022736,Compeed Bunions 5 Pack,No regulation
5012583002758,Schwarzkopf Live 46 Cyber Purple,No regulation
5060135171780,Remedy Healthcare Emulsifying Ointment 500g,No regulation
8001090585752,Gillette Venus Skin Cushion Smooth Razor and 2 Razor Heads,No regulation
0078522030171,Jason Tea Tree Purifying Hand Soap 473ml,No regulation
0615908432251,Tigi Bed Head Shampoo Serial Blonde 400ml,No regulation
5011417573266,Nurofen for Children 7-12 Years Strawberry 100ml,P
5056235401810,Healthpoint Fungal Nail Pen 4 ml,GSL
5010415333568,Tommee Tippee 6-18m Anytime Orthodontic 2 Soothers,No regulation
5999860167358,Osi Magnesium Clay Face Mask 120g,No regulation
5010605300967,Rennie Liquid 250ml,GSL
5060574680034,Hashmats Health Vit-D3 1000IU 30 Capsules,No regulation
5060193642048,Bloom & Blossom Matilda Hair & Body Wash 500ml,No regulation
0017854116504,Baylis & Harding Goodness Rose & Geranium Body Wash 1000ml,No regulation
0071409544235,Mane 'n Tail Hoofmaker 170g,No regulation
5060332530243,Lindens Health + Nutrition Sage Leaf 500mg 100 Tablets,No regulation
5391513950292,Bloateze 50mg 20 Tablets,GSL
50309610,Centrum Multigummies for Adults Cherry Berry & Orange 30 Gummies,No regulation
5011831086762,Mates SKYN Original Non Latex Condoms 10 Pack,No regulation
5099186002293,Acidex Oral Suspension Aniseed 500ml,GSL
8716900553332,Fortini Multi Fibre Banana 200ml,No regulation
0033984531673,Solgar Multi-One 30 Tab,No regulation
5025135115936,Malibu SPF 10 & 15 Dry Oil with After Sun Gel 3 Pack 100ml,No regulation
5012583203599,Schwarzkopf Live 88 Urban Brown,No regulation
0859999908015,Woody's Charcoal Peel Off Face Mask 118ml,No regulation
8006540514429,Pantene Conditioner Volume 350ml,No regulation
5025135001239,Malibu Kids Clear Protection Spray Pump SPF50 250ml,No regulation
8718951291089,Colgate FluoriGard Daily Rinse Alcohol Free 400ml,No regulation
5011831090080,Mates SKYN Elite Non Latex Condoms 10 Pack,No regulation
0078522020059,Jason Soothing Aloe Vera Hand Soap 473ml,No regulation
0017854117280,Baylis & Harding Sweet Mandarin & Grapefruit Hand Cream Set,No regulation
8006540338827,Oral B Advanced Science Deep Clean Toothpaste 75ml,No regulation
5011309095319,Savlon Dual Action Gel,GSL
5010123655969,Benylin 4 Flu 24 Tablets,P
0856932007347,Andalou Cannacell Vitamin Conditioner Daily Dose 251ml,No regulation
5060099030758,Odylique Honey & Oatmeal Cleansing Bar 100g,No regulation
5011309083415,Eurax Cooling Itch Relief Gel 75g,No regulation
9343359000545,Glyde Vegan Dams Mixed Flavour 4 Pack,No regulation
5012654203848,Carnation Foot Mousse Intensive Hydration 150ml,No regulation
5060035248049,Difflam 3mg Lozenges Orange & Honey 20 Pack,P
8718951684386,Colgate Total Whitening Toothpaste 125ml,No regulation
5012564005327,Menthoderm 2% Menthol Aqueous Cream Tube 100g,No regulation
0017854108752,"Baylis & Harding Goodness Oud, Cedar & Amber Body Wash 1000ml",No regulation
5011309090314,Cetraben Moisture Protect Body Wash 200ml,No regulation
7317510000608,Molaxole Powder for Oral Solution 20 Sachets,P
5011309105513,Flexitol Hell Balm 25% Urea 75g,No regulation
5010123710293,Sinutab Non Drowsy 15 Tablets,P
5060332536139,Lindens Health + Nutrition Rosehip Max Joint Care Formula 90 Capsules,No regulation
5060391843339,Dr. Organic Skin Clear Moisturiser 50ml,No regulation
5060391841830,Dr. Organic Hemp Oil Body Wash 250ml,No regulation
5025970022918,Nivea Sun Spray SPF15,No regulation
5011831086793,Mates SKYN Large Non Latex Condoms 10 Pack,No regulation
5060571820716,The Good Guru Organic Vitamin C 30 Capsules,No regulation
5011309452013,Covonia Sugar Free Sore Throat Lozenges Lemon 36 Pack,P
5430000934435,Bambaw Copper Ayurvedic Tongue Scraper,No regulation
5060052450104,Grisol Athlete Foot Spray 20ml,GSL
5055148402891,Lamberts Selenium 200μg 60 Tablets,No regulation
5034268006196,"ProVen Probiotics A-Z Multivitamin, Mineral with Acidophilus, Bifidus & Cq10 30 Capsules",No regulation
5060035248032,Difflam 3mg Lozenges Lemon 20 Pack,P
5011831089138,Mates SKYN Intense Feel Non Latex Condoms 10 Pack,No regulation
5016298990973,Laxido Orange Sugar Free Sachets 20 Pack,P
3574660378979,Piz Buin Ultra Light Sun Spray SPF10 200ml,No regulation
5060571821713,The Good Guru Organic MultiVitamin for Women 30 Capsules,No regulation
5034511000421,Green People Peppermint & Aloe Vera Toothpaste 50ml,No regulation
5012583202332,Schwarzkopf Live 47 Plum Perfection,No regulation
5010249025400,FSC Evening Primrose Oil 500mg 90 Capsules,No regulation
5011417567333,Durex Sensilube 40ml,No regulation
7350121254947,Tepe Hydrating Mouthwash Unflavoured 500ml,No regulation
5060571821690,The Good Guru Organic MultiVitamin for Men 30 Capsules,No regulation
5012583203193,LIVE Ultra brights 091 Raspberry Rebel Hair Dye,No regulation
7333350837624,Epaderm Ointment 125g,No regulation
3574661375373,Benylin Mucus Cough Max Menthol 150ml,GSL
8710447257265,Dove Exfoliating Body Scrub 225ml,No regulation
5011309116816,Nizoral Scalp Soothing Itchy & Sensitive Shampoo 200ml,No regulation
5017007013044,Evacal D3 1500mg Chewable 56 Tablets,P
5060332535934,Lindens Health + Nutrition Pro Billion Daily 1BN 120 Veg Capsules,No regulation
8713713076317,Doctor Gut Bloating Relief 30 Capsules,No regulation
5035559002514,Avomine Travel Sickness Promethazine 25mg 28 Tablets,P
0859975020212,Andalou Citrus Sunflower Uplifting Shower Gel 251ml,No regulation
5060332535712,Lindens Health + Nutrition L-Glutamine 500mg 90 Capsules,No regulation
5012335792005,Seven Seas One-A-Day Cod Liver Oil Plus Multivitamins 30 Capsules,No regulation
5011309108415,Oilatum Junior Sweet Dreamz Wash 300ml,No regulation
5060086610277,Optibac Probiotics for Babies & Children 10 Sachets,No regulation
9327693009099,Sukin 3-In-1 Wash 500ml,No regulation
5024874017051,Valupak Omega-3 Fish Oil 90 Capsules,No regulation
5053249273136,"Elysium Spa Gourmand Candle, Epsom Salts & Bath Bomb Gift Set",No regulation
6006534000947,Swimseal Protective Ear Drops 7.5ml,No regulation
8716900553394,Fortini Multi Fibre Vanilla 200ml,No regulation
5053249273112,"Elysium Spa Floral Candle, Epsom Salts & Bath Bomb Gift Set",No regulation
5099186003399,Acidex Oral Suspension Peppermint 500ml,GSL
9327693009105,Sukin for Men 3-in-1 Energising Body Wash 500ml,No regulation
5011831086823,Mates SKYN Extra Lubricated Non Latex Condoms 10 Pack,No regulation
5011417572498,Guardium Acid Reflux Control 20mg 7 Tablets,GSL
5017123162978,Paracetamol Oral Suspension 250mg/5ml (6+) Strawberry Flavour 200ml,P
5055193543495,Glitz & Glam Bath Fizzer Orange Blossom Vanilla & Jasmine 165g,No regulation
5060035248025,Difflam 3mg Lozenges Mint 20 Pack,P
0700371221706,"HuxD3 20,000IU Vitamin D3 500mcg 30 Capsules",No regulation
5010441001318,Numark Paracetamol Suspension 250mg/5ml Ages 6+ 200ml,P
5031013108525,Higher Nature Magnesium Effervescent 20 Tablets,No regulation
5031013109119,Higher Nature Immune Effervescent 20 Tablets,No regulation
5031013104107,Higher Nature Vitamin C Effervescent 20 Tablets,No regulation
5017848254569,Bell's Ferrous Fumarate 210mg 84 Tablets,No regulation
5031013105777,Higher Nature Multi Effervescent 20 Tablets,No regulation
5031013109508,Higher Nature Energy & Focus Effervescent 13 tablets,No regulation
0672153906388,Woody's Grooming Tuff Spray 125ml,No regulation
0615018255061,Lotil Moisturising Cream 114ml,No regulation
3574660541298,Aveeno Daily Moisturising Creamy Oil 300ml,No regulation
5060332531080,Lindens Health + Nutrition Beetroot 3500mg 50 Capsules,No regulation
0015594010632,Astroglide Glycerin & Paraben Free Liquid 74ml,No regulation
7643022208622,Shea Moisture African Black Soap Balancing Conditioner Organic 384ml,No regulation
5010123728854,Calpol Infant Original 120mg/5ml Strawberry Oral Suspension 200ml,P
5025135118524,Malibu Tanning Pack Oil & After Sun 3 Pack Bundle,No regulation
5060229013637,Pukka Andrographis 30 Capsules,No regulation
5060176672857,Dr. Organic Rose Otto Face Scrub 125ml,No regulation
5709976022201,Pharma Nord Bio-Selenoprecise 200mcg Selenium 60 Tablets,No regulation
4030571004882,Oxyal Lubrication Eye Drops 10ml,No regulation
5029354002671,Aloe Pura Aloe Vera Shampoo Dry 200ml,No regulation
5000488104318,Bach Rescue Remedy Spray 7ml,No regulation
5011417592441,Strefen Honey & Lemon Lozenges 16 Pack,P
8710522909249,Lynx Recharge Duo Gift Set,No regulation
4103040134998,Sebamed Clear Face Care Gel 50ml,No regulation
5031013104268,Higher Nature Red Sterol Complex 30 Tablets,No regulation
9001616203626,Mam Teats (Fast Flow) 4+Months 1 Teat,No regulation
5010249121607,FSC Selenium Ace 90 Tablets,No regulation
5060332534432,Lindens Health + Nutrition Pro Bio Live Plus (+dietary fibre) 90 Capsules,No regulation
5012583002802,Schwarzkopf Live 89 Bitter Sweet Chocolate,No regulation
5060135170684,Ferrous Fumarate 210mg 84 Tablets,No regulation
0017854109650,Baylis & Harding Sweet Mandarin & Grapefruit Hand Care Set,No regulation
5010249152748,FSC Wild Yam 500mg 90 Tablets,No regulation
5055148401825,Lamberts Vitamin B12 100mcg 100 Tablets,No regulation
0071409543702,Mane 'n Tail Braid Sheen 355ml,No regulation
5029354002664,Aloe Pura Aloe Vera Shampoo Normal 200ml,No regulation
5000488201352,Nelsons Arnicare Arnica Cream 50g,No regulation
3574661353357,Benylin Mucus Cough Max Honey & Lemon 150ml,GSL
5011309108514,Oilatum Junior Sweet Dreamz Bath 300ml,GSL
96179130,Centrum Multigummies Orange 30,No regulation
5391531563221,Spotlight Oral Care Sensitivity + Rebuilding Professional Toothpaste 100ml,No regulation
5055148411985,Lamberts Multi-Guard 30 Tablets,No regulation
5391531561760,Spotlight Oral Care Toothpaste for Total Care 100ml,No regulation
5023652297067,Nature's Aid L-Lysine 1000mg 60 Tablets,No regulation
9001616208133,Mam Bite & Brush Teether 3M+,No regulation
7350087736389,E45 Daily Care Hydrating Lotion Spray 200ml,No regulation
5012008755207,Inecto Naturals Curl Club Hair Mask 300ml,No regulation
0017854118898,Baylis & Harding The Fuzzy Duck Men's Hemp & Bergamot Bath & Shower Gel,No regulation
5024874017242,Valupak Glucosamine & Vitamin C 30 Tablets,No regulation
5391531563238,Spotlight Gum + Cavity Protection Toothpaste 100ml,No regulation
5056156304078,Indigo Teas Elderflower Tea 50g,No regulation
5013455270022,Weleda Baby Chamomile Teething Granules 15g,No regulation
8720181482618,TRESemmé Lamellar Shine Finishing Oil 75ml,No regulation
5010934005168,Vagisil Daily Soothe & Protect Cream 30g,No regulation
5052197053623,Optrex Hayfever Relief 2% w/v Eye Drops 10ml,P
5029053539720,Depend Comfort Protect for Men Large/Extra Large 9 Pack,No regulation
0706502052638,UpCircle Fennel & Cardamom Chai Soap Bar 100g,No regulation
4013162027163,Fenjal Intensive Avocado Oil & Shea Butter Shower Oil 225ml,No regulation
5010724530962,Anusol Cream 43g,GSL
5010441011447,Numark Ibuprofen Pain Relief Gel 50g,P
9343359000446,Glyde Ultra Blueberry Flavour Vegan Condoms 10 Pack,No regulation
0033984031807,Solgar Vitamin B12 100µg 100 Tablets,No regulation
5010605400100,Diprobase Daily Moisturising Cream 150g,No regulation
0615908430837,Tigi Bed Head for Men Press Up Thickening Foam 125ml,No regulation
5016379223501,Emulsiderm Emollient 300ml,P
3574661286167,Aveeno Hand Cream 75ml,No regulation
4103040043542,Sebamed Anti-Dandruff Shampoo 200ml,No regulation
4013162027439,Fenjal Classic Shower Oil 225ml,No regulation
5060332532292,Lindens Health + Nutrition Raspberry Ketone 250mg 60 Capsules,No regulation
5011309057218,Cetraben Lotion 200ml,GSL
0706502052645,UpCircle Cinnamon & Ginger Chai Soap Bar 100g,No regulation
0672153908290,Woody's Activated Charcoal Soap 92g,No regulation
5023652364103,Nature's Aid Vit C 500mg Chewable 100 Tablets,No regulation
7350087736259,E45 Dry Scalp Shampoo 200ml,No regulation
5060332532643,Lindens Health + Nutrition Nettle 200mg 60 Capsules,No regulation
5011417581803,Gaviscon Double Action Mixed Berries Liquid 150ml,GSL
4103040167347,Sebamed Baby Nappy Rash Cream 100ml,No regulation
0859999905366,Woody's Grooming Mega Firm Gel 355ml,No regulation
3800219794540,Alteya Geranium Rose Liquid Soap 250ml,No regulation
7350087736310,E45 Emollient Hand Wash Cream 250ml,No regulation
7610313605989,A.Vogel Urticalcin 360 Tablets,No regulation
5010724531051,Anusol Suppositories 24 Pack,GSL
5060150090066,Dermacool 1% Menthol Aqueous Cream Tube 100g,GSL
5060150090165,Dermacool Child 0.5% Menthol In Aqueous Cream 100g,GSL
5391531561753,Spotlight Oral Care Toothpaste for Rebuilding Teeth 100ml,No regulation
0017854111028,Baylis & Harding The Fuzzy Duck Cotswold Floral 2 Bottle Set,No regulation
5011417563229,Clearasil 5 In 1 Multi-Action Cleansing Pads 65 Pack,No regulation
5000158105287,Cuprofen Maximum Strength 48 Tablets,P
5060133376651,Steril-eeze Hand Sanitiser 250ml,No regulation
3800219794533,Alteya Grapefruit & Orange Liquid Soap 250ml,No regulation
5025135111693,Malibu Lotion SPF15 400ml,No regulation
0761318130048,Revlon Lustrous Finish Anti-Tangle Hairbrush,No regulation
5000476020521,Johnson's Veterinary One Dose Wormer Size 2,No regulation
5012564005310,Menthoderm Cream 1% 100g,No regulation
0708002207747,Faith In Nature Moisturising Cream 50ml,No regulation
0708002207440,Faith In Nature Restorative Hand Cream 50ml,No regulation
5060704340074,Acala Natural Ramie Shower Puff,No regulation
3800219794557,Alteya Organic Liquid Soap Lavender & Aloe 250ml,No regulation
5031013101663,Higher Nature Neversnore 30 Capsules,No regulation
0017854117433,"Baylis & Harding Jojoba, Vanilla & Almond Hand Care Set",No regulation
0859999905731,Woody's Shave Relief Balm 177ml,No regulation
5010441014127,Numark Soothing Eyelid Mist 10ml,No regulation
9317129040338,Flexitol Heel Balm 56g,No regulation
0859975002102,Andalou Argan Oil & Shea Moisture Rich Styling Cream 200ml,No regulation
8006540514214,Pantene Conditioner Classic Clean 350ml,No regulation
5060332536337,Lindens Health + Nutrition Family A-Z Daily Multivitamin 90 Chewables,No regulation
5031013106019,Higher Nature Valerian Sleep Aid 30 Tablets,No regulation
0079400258922,Toni & Guy Styling Gum 75ml,No regulation
9343359000477,Glyde Ultra Slimfit Vegan Condoms 10 Pack,No regulation
9343359009982,Glyde Ultra Super Max Vegan Condoms 10 Pack,No regulation
8017331056943,BlanX Pro Pure White 75ml,No regulation
3574661347455,Piz Buin Ultra Light Dry Sun Fluid Dry Touch SPF30 150ml,No regulation
5060332530816,Lindens Health + Nutrition Colon Formula 60 Capsules,No regulation
0810071800160,Breathe Right Clear Nasal Strips Small/Medium 10 Pack,No regulation
5060176671232,Dr. Organic Manuka Honey Conditioner 265ml,No regulation
0659436248953,HotTea Mama Get Up & Glow,No regulation
3574661127392,Piz Buin One Day Long Lasting Sun Lotion SPF30 100ml,No regulation
5029354015183,Aloe Pura Plus Arnica Cream 50ml,No regulation
5060176674646,Dr. Organic Moroccan Argan Oil Body Wash 250ml,No regulation
8017331056981,BlanX Pro Glossy White 75ml,No regulation
3574661127385,Piz Buin 1 Day Long Lasting Sun Lotion SPF15 100ml,No regulation
9343359000491,Glyde Ultra Slimfit Strawberry Flavour Vegan Condoms 10 Pack,No regulation
0859975020649,Andalou 1000 Roses Complex Colour Care Shampoo 340ml,No regulation
5016003654701,Microlet 100 Silicone-Coated Coloured Lancets,No regulation
5060176671836,Dr. Organic Tea Tree Pure Oil 10ml,No regulation
5407007653331,Bambaw Shaving Soap Fragrance Free 85g,No regulation
5060636882314,ecoLiving Mouthwash Tablets Dissolvable Fluoride 125 Tablets,No regulation
0071409744000,Mane 'n Tail Colour Protect Shampoo 355ml,No regulation
5060176671744,Dr. Organic Manuka Honey Body Wash 250ml,No regulation
5017371153780,Calypso Travel Pack,No regulation
5060332530700,Lindens Health + Nutrition Raspberry Leaf 750mg 84 Tablets,No regulation
9343359000415,Glyde Ultra Strawberry Flavour Vegan Condoms 10 Pack,No regulation
5016379112003,Bazuka Treatment Gel 6g,GSL
5060084172616,Profoot Micro File,No regulation
5060332532797,Lindens Health + Nutrition Sage (Essential Oil Caps 50mg) 100 Capsules,No regulation
9343359000453,Glyde Ultra Cola Flavour Vegan Condoms 10 Pack,No regulation
5060104170608,YES Natural Plant-Oil Based Personal Lubricant 40ml,No regulation
0859975020656,Andalou 1000 Roses Complex Colour Care Conditioner 340ml,No regulation
50884483,Max Factor Pan Stik Fair 25,No regulation
9343359000422,Glyde Ultra Vanilla Flavour Vegan Condoms 10 Pack,No regulation
5060332530755,Lindens Health + Nutrition Horny Goat Weed 1000mg 84 Capsules,No regulation
5025135120800,Malibu Oil 3pack 100ml,No regulation
9343359000408,Glyde Ultra Vegan Condoms 10 Pack,No regulation
5060176672710,Dr. Organic Tea Tree Face Wash 200ml,No regulation
5052197053616,Optrex Allergy Eye Drops 10ml,P
9343359000439,Glyde Ultra Wildberry Flavour Vegan Condoms 10 Pack,No regulation
5407007653317,Bambaw Shaving Soap Rosemary 85g,No regulation
5010441013816,Numark Eyelid Wipes 20 Sachets,No regulation
5060636882345,ecoLiving Mouthwash Tablets Chewable Fluoride Free 125 Tablets,No regulation
96177846,Scholl Party Feet Heel Shields 2 Pack,No regulation
3574661119144,Piz Buin Ultra Light Dry Touch Body Fluid SPF15 150ml,No regulation
0659436249080,HotTea Mama Take A Pause Menopause Tea,No regulation
5038483225585,Scholl Com Treatment Kit,No regulation
0659436248960,HotTea Mama The Final Push,No regulation
5010249011489,FSC Evening Primrose Oil 1000mg 60 Capsules,No regulation
8017331064955,BlanX Charcoal White Toothpaste 75ml,No regulation
5060332535903,Lindens Health + Nutrition Lithium 5mg 60 Tablets,No regulation
5000158065727,Bonjela Cool Mint Gel 15g,GSL
5060636882505,ecoLiving Multivitamin Gummies Home Compostable Packaging Kids 30 Pack,No regulation
0886284800860,Arm & Hammer 360 Clean Puppy/Small Dog Dental Toothbrush,No regulation
0659436248991,HotTea Mama Night Owl,No regulation
5060176673090,Dr. Organic Rose Otto Shampoo 265ml,No regulation
5016695005201,Sildenafil Mylan 50mg 8 Tablets,P
5000158100633,Clearasil Rapid Action Gel Wash 150ml,No regulation
5011417572870,Scholl Foot Crm Dry Skin 75ml,No regulation
5060332530908,Lindens Health + Nutrition Green Tea 1000mg 100 Tablets,No regulation
5023652141001,Nature's Aid Vitamin B6 High Potency 100mg 100 Tablets,No regulation
5060332531714,Lindens Health + Nutrition Cranberry 5000mg 100 Tablets,No regulation
5015802291599,Wax Lyrical Clementine Spice Candle 132g,No regulation
0017854118553,"Baylis & Harding Fuzzy Duck Bergamot, Hemp & Sandalwood Duo",No regulation
5060176671508,Dr. Organic Tea Tree Deodorant 50ml,No regulation
5015802267723,Wax Lyrical Reed Diffuser Fresh Eucalyptus 40ml,No regulation
4031626711434,Hycosan Night Eye Ointment 5g,No regulation
0721107354093,Aacu KreaMol A Cetomacrogol Cream 500g,No regulation
3760201136584,Lamazuna Toothbrush Medium (Green) 1 Pack,No regulation
5011111804437,Fleet Cleen Ready To Use Enema 133ml,P
5060332536481,Lindens Vitamin D3 4000IU + K2 90 Tablets,No regulation
5060611191240,Aacu Aqueous Cream 500g,No regulation
5029354015169,Aloe Pura Plus Calendula Cream 50ml,No regulation
8717163902936,TRESemmé Moisture Rich Shampoo 900ml,No regulation
0615908432466,Tigi Bed Head Colour Goddess Conditioner 970ml,No regulation
5000283659228,DulcoEase 100mg Softening Relief 30 Soft Gel Capsules,GSL
7332343000618,Stericlens Sterile Saline Spray 240ml,No regulation
5011309019919,Oilatum Junior Bath Additive 150ml,GSL
5021284176255,Beaphar Ear Cleaner for Cats & Dogs 50ml,No regulation
5054563947765,Centrum Kids Immunity Support 30 Gummies,No regulation
5023652362055,Nature's Aid Multi-Vitamin Drops for Children 50ml,No regulation
0010181043925,Palmer's Cocoa Butter Formula Heel Repair Stick 25g,No regulation
5025135001215,Malibu Clear Protection Spray SPF20 250ml,No regulation
5060332530847,Lindens Health + Nutrition Acai Berry Body Weight Formula 1000mg 60 Capsules,No regulation
5010415635143,Tommee Tippee Roll n Go Bib,No regulation
5012716191007,Neutrogena T-Gel Therapeutic Shampoo 125ml,GSL
4029125079025,Nitrolingual Spray 200 Dose,P
0850278004329,Bondi Sands Gradual Tanning Foam Everyday 270ml,No regulation
5016379170010,Doublebase Diomed Dry Skin Emollient 100g,No regulation
5060332532322,Lindens Health + Nutrition Brewers Yeast 300mg 500 Tablets,No regulation
5060209110011,Westlab Soothing Dead Sea Bath Salts 1kg,No regulation
5060332534135,Lindens Health + Nutrition Digestive Enzymes Daily 90 Tablets,No regulation
5021044105273,Maybelline Baby It's Cold Outside Lip Balms 3 Pack,No regulation
0659436249172,HotTea Mama Over The Moon Menstruation Tea,No regulation
8716900553370,Fortini Multi Fibre Strawberry 200ml,No regulation
5017007604686,Sildenafil Teva 50mg 8 Tablets,P
5010724536278,Trojan G-spot Condoms 10 Pack,No regulation
0850278004114,Bondi Sands Self Tan Mist Light/Medium 250ml,No regulation
5060148523545,BetterYou Magnesium Revive Bath Flakes 750g,No regulation
4013162027392,Fenjal Sensitive Shower Oil 225ml,No regulation
5054563181213,Corsodyl Daily Active Gum Health Mouthwash 500ml,No regulation
0886284800853,Arm & Hammer 360 Clean Adult Dog Dental Toothbrush,No regulation
5015802291568,Wax Lyrical Tipsy Cranberry Candle 132g,No regulation
5012583207412,LIVE Colour + Lift L74 Tangerine Twist Hair Dye,No regulation
5016379157004,Dermol Wash 200ml,P
5060135050085,O.R.S. Hydration Lemon 24 Tablets,No regulation
5060180810405,Animology Paws & Relax Spray 250ml,No regulation
5010123708528,Actifed Multi-Action 12 Tablets,P
3760201136560,Lamazuna Toothbrush Medium (Purple) 1 Pack,No regulation
5060332531028,Lindens Health + Nutrition Lysine 1000mg 50 Tablets,No regulation
7311620012988,Lamisil 1% Athlete's Foot Cream 15g,GSL
9335955000876,MooGoo Moothpaste Fluoride Free 100g,No regulation
5060332530878,Lindens Health + Nutrition Potassium 200mg 100 Tablets,No regulation
5010249028456,FSC Evening Primrose Oil 1300mg 30 Capsules,No regulation
5024091747281,Zirtek Allergy Solution Once a Day 150ml,P
5012616291647,Nytol Original 25mg 20 Tablets,P
5023652280304,Nature's Aid Vitamin B Complex 50 with Vitamin C 30 Tablets,No regulation
4005808570638,Nivea Visage Daily Moisturising Rich Day Cream 50ml,No regulation
5060180810184,Animology Dog Puppy Fresh Spray 250ml,No regulation
5028268000643,Pollenase Hay Fever 50mcg Nasal 100 Sprays,GSL
5010605054174,Canesten 200mg Pessary 3 Pessaries with Applicator,P
4103040120465,Sebamed Moisturising Baby Extra Soft Cream 50ml,No regulation
3574660634839,Compeed Blister Extreme 5 Pack,No regulation
0017854110052,"Baylis & Harding Jojoba, Vanilla & Almond Oil Hand Cream Set",No regulation
5031966000297,Dentemp Refill-It 2g,No regulation
5015915832030,Lactulose 3.3g/5ml Oral Solution 300ml,P
5065000941420,Animology Hair Of The Dog Shampoo 250ml,No regulation
0017854117594,Baylis & Harding Limited Edition Moonlight Fig Hand Cream Gift Set,No regulation
5060447946076,Childs Farm OatDerma Fragrance Free Baby Bubble Bath 250ml,No regulation
5025135112423,Malibu Lotion SPF20 400ml,No regulation
5010724531006,Anusol Plus HC Suppositories 12 Pack,P
5025135120923,Malibu SPF50 Continuous Dry Oil Spray 175ml,No regulation
4013162024599,Fenjal Sensitive Body Lotion 200ml,No regulation
5060332533879,"Lindens Health + Nutrition Biotin 10,000μg 90 Tablets",No regulation
9327693006883,Sukin Hydrating Shampoo 500ml,No regulation
5060144643926,Bulldog Original Beard Oil 30ml,No regulation
8719327597880,Altruist Sun Spray SPF50 200ml,No regulation
0659436248977,HotTea Mama Newborn Wonder,No regulation
96032879,BetterYou D3000 Vitamin D Oral Spray 15ml,No regulation
5025970013251,Nivea Pamper Trio Gift Set,No regulation
9327693006937,Sukin Natural Balance Conditioner 500ml,No regulation
5060180810214,Animology Dog Stink Bomb Spray 250ml,No regulation
5060148523576,BetterYou Magnesium Mind Bath Flakes 750g,No regulation
0705928050754,NeilMed Nasal Mist Saline Spray 75ml,No regulation
0708002405723,Faith In Nature Dragon Fruit Conditioner 400ml,No regulation
5023652390157,Nature's Aid Natural Nature's Kidz Immune Liquid 150ml,No regulation
3600521719640,L'Oréal Paris Triple Active Day Moisturiser - Dry & Sensitive Skin 50ml,No regulation
5391531561098,Spotlight Oral Care Toothpaste for Pregnancy 100ml,No regulation
9001616709654,Mam Night Soother 12+ Month 2 Pack,No regulation
5016379000058,Ibuleve Gel 50g,P
5024874030562,Valupak Glucosamine Sulphate 500mg 90 Capsules,No regulation
5060447949091,Childs Farm Baby Nappy Cream 100ml,No regulation
3574661370194,Benylin Adult Dry & Tickly Cough 150ml,GSL
0087614019611,Swanson Full Spectrum Maca 500mg 100 Capsules,No regulation
4717237017560,I-M Elastic Wrist & Palm Support ES-401 Large,No regulation
5000158102910,Strepsils Sore Throat & Cough 24 Lozenges,GSL
5425005120013,Bioxtra Dry Mouth Mild Toothpaste 50ml,No regulation
5060704340104,Acala Reusable Organic Wool Nail Varnish Wipes,No regulation
5021044114282,Maybelline Santa Baby Lip Balms 3 Pack,No regulation
5033852190242,Shantys Pillmate Twice Daily Weekly Dispenser Assorted Colours,No regulation
7311620012971,Lamisil 1% Athlete's Foot Spray 15ml,GSL
0859975020205,Andalou Lavender Thyme Refreshing Shower Gel 251ml,No regulation
5015802221275,Wax Lyrical Reed Diffuser 40ml Rose Bud,No regulation
5060176671683,Dr. Organic Tea Tree Body Wash 250ml,No regulation
3800219790610,Alteya Organic Bulgarian Melissa Water 100ml,No regulation
5000167093742,Nurofen Maximum Strength Migraine 684mg 12 Caplets,P
5060332534104,Lindens Health + Nutrition Spirulina 500mg 90 Tablets,No regulation
0850278004763,Bondi Sands Self Tan Eraser 100ml,No regulation
0022600020400,Trojan Ultra Ribbed Ecstasy Condoms 10 Pack,No regulation
5010441013267,Numark Paracetamol Effervescent 24 Tablets,GSL
5011417579015,Senokot Max Strength Tablets 12 Years Plus 24 Pack,P
5010605402845,Alka Seltzer XS 20 Effervescent Tablets,GSL
5060176671058,Dr. Organic Manuka Honey Shampoo 265ml,No regulation
5000174521931,Pepto-Bismol Chewable 24 Tablets,P
8720182782601,Dove Men+Care Duo Collection Set,No regulation
5055172212350,Sure Travel Flight Socks Medium Size Unisex 1 Pair,No regulation
5014713200102,Tiger Balm Red Ointment 19g,GSL
8006540444481,Head & Shoulders DermaX Scalp Care Anti-Dandruff Shampoo 300ml,No regulation
8006540109144,Aussie Aussome Volume Conditioner 200ml,No regulation
5054563062574,Night Nurse 10 Capsules,P
5015802221237,Wax Lyrical Reed Diffuser 40ml English Lavender,No regulation
5060148680286,Ocumont - Chloramphenicol 1% Eye Ointment,P
5059001003812,Air Wick Candle Aroma Gift Box 3x220g,No regulation
5000283662204,Allevia 120mg 15 Tablets,GSL
0615908432053,Tigi Bed Head Conditioner Recovery 400ml,No regulation
5060180810122,Animology Dog Dirty Dawg Shampoo 250ml,No regulation
4001638098045,Weleda Plant Gel Toothpaste 75ml,No regulation
5025135001017,Malibu SPF50 Kids Continuous Spray Lotion 175ml,No regulation
0850278004183,Bondi Sands Self Tanning Dry Oil Liquid Gold 150ml,No regulation
5023652289062,Nature's Aid Multi-Vitamins & Minerals Without Iron 60 Tablets,No regulation
5011309890013,Anodesyn Ointment 25g,GSL
7350087736747,HC45 Hydrocortisone 1% w/w Cream 15g,P
5023652331228,Nature's Aid Odourless Garlic Pearls 120 Softgels,No regulation
5060222940206,Fultium Daily D3 30 Capsules,No regulation
0017854105539,Baylis & Harding Jasmine & Apple Blossom Hand Wash 2 Litre Refill,No regulation
3663555002119,Compeed Cold Sore Treatment 15 Patches,No regulation
5060180812300,Animology Great Cat Shampoo 250ml Peach,No regulation
0708002107351,Faith In Nature Revitalising Body Lotion 150ml,No regulation
0850278004015,Bondi Sands Self Tan Lotion Light/Medium 200ml,No regulation
5027097300139,Daktarin Powder 20g,P
5025135114922,"Malibu SPF10, Aftersun & SPF20 Travel Kit 3 x 100ml",No regulation
5011309020014,Covonia Original Bronchial Balsam Syrup Dry Coughs 150ml,P
0761318130062,Revlon Striking Volume Large Round Brush,No regulation
5054563120090,Sensodyne Complete Protection Plus Original Toothpaste 75ml,No regulation
5410091652265,Schwarzkopf Live L76 Ultra Violet,No regulation
5709976137301,Pharma Nord D-Pearls 1000IU 25mcg 90 Caps,No regulation
5025970011325,Nivea Men Fresh & Smooth Kit,No regulation
5060209733111,Librachrom Hayfever Relief 2% w/v Eye Drops 10ml,GSL
0017854117136,Baylis & Harding Citrus Lime & Mint Refreshing Essentials Trio Gift Set,No regulation
8714789787022,Colgate FluoriGard Fluoride Rinse 400ml,No regulation
5011309089615,Algesal Local Analgesic Cream 100g,P
5038483568293,Scholl Advance Athlete's Foot Cream,GSL
5010441012925,Numark Co-Codamol Effervescent 500mg 32 Tablets,P
0010181032653,Palmer's Coconut Oil Formula Daily Body Lotion 400ml,No regulation
5011309861310,Windsetlers 24 Capsules,GSL
5014697010742,Witch Purifying Foaming Cleanser 150ml,No regulation
5060133377115,Nasofed Protect Anti Viral Nasal Spray 10ml,No regulation
4770001000731,Ecodenta Caries Fighting Toothpaste with Xylitol 100ml,No regulation
5010249041462,FSC Cold Pressed Linseed Oil 1000mg 90 Capsules,No regulation
5011831090509,Mates SKYN All Night Long Silicone Based Lubricant 80ml,No regulation
5060447946090,Childs Farm OatDerma Fragrance-Free Baby Wash 250ml,No regulation
5016379152504,Dermol 200 Shower Emollient 200ml,P
5997321773612,Durex Massage 2-In-1 Aloe Vera 200ml,No regulation
5010724539316,Anusol Natural Cream 30g,No regulation
5000347054495,Sensodyne Pronamel Extra Freshness Toothpaste 75ml,No regulation
0708002107252,Faith In Nature Rejuvenating Facial Wash 150ml,No regulation
8809642712621,Dr.Jart+ Dermask Micro Jet Brightening Mask 30g,No regulation
0708002405716,Faith In Nature Dragon Fruit Shampoo 400ml,No regulation
5060332531790,Lindens Health + Nutrition Kelp 500mg 100 Tablets,No regulation
5011501016211,Deep Freeze Cold Patches 4 Patches,No regulation
5011417571149,Gaviscon Double Action Mixed Berries 24 Pack,GSL
5060176673113,Dr. Organic Rose Otto Conditioner 265ml,No regulation
50483488,Optrex Bloodshot Eye Drops 10ml,P
5016379291876,Ibuleve Max Strength Pain Relief 10% 30g,GSL
5011309724110,Oilatum Junior Cream 150g,GSL
5012616263187,Jungle Formula Insect Repellent Strong Pump 60ml,No regulation
5021044108342,Maybelline Baby Merry Kissmas Lip Balms 3 Pack,No regulation
5707390040214,Pharma Nord D-Pearls 800IU 20mcg 90 Caps,No regulation
7333350096267,Epaderm Junior Ointment 125g,No regulation
5407007653324,Bambaw Shaving Soap Apricot 85g,No regulation
8435465324019,BTB Water Based Lubricant 100ml,No regulation
0017854118546,Baylis & Harding The Fuzzy Duck Men's Hemp & Bergamot Trio Set,No regulation
5012617001986,Zipamol Plus 8mg/500mg 32 Effervescent Tablets,P
0659436249073,HotTea Mama Baby It's Cold Outside,No regulation
0017854105522,Baylis & Harding Sweet Mandarin & Grapefruit Hand Wash 2L Refill,No regulation
0761318330059,Revlon Smooth Waves Large Porcupine Brush,No regulation
5010724530993,Anusol Plus HC Ointment 15g,P
8720182781826,Dove Discover Bodywash Collection Set,No regulation
3059944025003,Veet Wax Strips Shea Butter & Acai Berries 20 Wax Strips,No regulation
5060384790022,theiCal-D3 1000mg/880IU 30 Chewable Tablets,P
0721107354079,Aacu KreaMoint 50:50 Ointment 500g,No regulation
5033852190402,Pillmate Pill Crusher Assorted Colours,No regulation
5060216565422,Haliborange Vegan Softies Blueberry 30 Pack,No regulation
0615908432022,Tigi Bed Head Shampoo Resurrection Repair 400ml,No regulation
5060006580833,A&D Medical Digital Thermometer,No regulation
5054563166821,"Sensodyne Sensitivity, Gum & Enamel Mint Toothpaste 75ml",No regulation
0010181041891,Palmer's Cocoa Butter Intensive Body Lotion with Vitamin E 400ml,No regulation
5000347014574,Sensodyne Cool Mint Mouthwash with Fluoride 500ml,No regulation
5060040642221,"BeautyPro Pink Clay Sheet Mask Calamine, Vitamin B & White Mulberry 15g",No regulation
8001841272009,Pantene Pro-V Volume & Body Shampoo 500ml,No regulation
5391531563085,Spotlight Oral Care Toothpaste for Children Aged 2+ 100ml,No regulation
5017371145426,Calypso Once a Day Protection SPF20 200ml,No regulation
0017854109452,Baylis & Harding Royale Garden Luxury Manicure Set,No regulation
5000347061837,Beechams All in One Syrup 160ml,GSL
0017854118485,Baylis & Harding Beauticology Fragranced Bath Salts Gift Set,No regulation
5000158068742,Gaviscon Double Action Liquid Sachets 12 x 10ml Sachets,GSL
9327693009112,Sukin for Men 3-In-1 Wash Sport 500ml,No regulation
5011309723618,Oilatum Soap 100g,No regulation
5060233760930,Vitamed Ferrous Fumarate 210mg 84 Tablets,No regulation
3574661039664,Piz Buin Moisturising Sun Lotion SPF15 200ml,No regulation
5054563060730,Beechams Max Strength All in One 16 Capsules,GSL
5054563120052,Sensodyne Complete Protection Plus Extra Fresh Toothpaste 75ml,No regulation
5016379292200,Ibuleve Maximum Strength Gel 30g,P
5024874017037,Valupak Glucosamine & Chondroitin 400/100mg 90 Tablets,No regulation
4008666211187,Alpecin Caffeine Shampoo C1 250ml,No regulation
5012008765008,Provoke Touch Of Silver Brighten + Protect Purple Leave-In Conditioner 150ml,No regulation
8001090128836,Oral-B 3D White Soft Mint Toothpaste 75ml,No regulation
5000283659174,Buscopan Cramps 20 Tablets,P
5000158100770,Nurofen Express 400mg 10 Liquid Capsules,P
5023652515031,Nature's Aid Super Stars Vitamin D3 Spray 30ml,No regulation
5065000941819,Animology Top Dog Conditioner 250ml,No regulation
5010605296024,Rennie Deflatine 18 Tablets,GSL
8001090222725,Herbal Essences Bio:Renew Golden Moringa Oil Shampoo 400ml,No regulation
5060180812188,Animology Cat Glamour Puss Shampoo 250ml,No regulation
5012335888401,Minadex Multivitamin Liquid 300ml,No regulation
5010415334008,Tommee Tippee Night Time Orthodontic Dummy 18-36m,No regulation
5060337729499,Healthpoint Fungal Nail Treatment 5ml,No regulation
5021265247370,Vitabiotics Wellwoman Energy 10 Effervescent Tablets,No regulation
5015664500815,Intrapharm Lactulose 10g/15ml Oral Solution 10 Sachets,P
9314839020780,QV Skin Lotion for Dry Skin Conditions 250ml,No regulation
0087614029139,Swanson Lithium Orotate 5mg 60 Veggie Capsules,No regulation
5055443663379,The Luxury Bathing Company Velvet Rose & Raspberry Gift Set,No regulation
5060332533961,Lindens Health + Nutrition MSM 1000mg 90 Tablets,No regulation
5023652256064,Nature's Aid Vegan Raspberry Leaf 375mg 60 Tablets,No regulation
5000158065628,Gaviscon Advance Aniseed Suspension - Dispensary Sale 250ml,P
5060332535873,Lindens Health + Nutrition Hair Skin & Nails One-A-Day 60 Tablets,No regulation
5060180810559,Animology Dog Fox Poo Shampoo 250ml,No regulation
0087614112107,Swanson Vitamin D3 2000IU 250 Capsules,No regulation
3435172161001,Quies Aquaplug Reusable Ear Plugs 1 Pair,No regulation
4001638098083,Weleda Ratanhia Toothpaste 75ml,No regulation
0884486323453,MATRIX Biolage Conditioner Aqua Gel Hydra Source 250ml,No regulation
3600541656536,Garnier Moisture & Recover Night Cream 50ml,No regulation
5037336000409,GoldenEye Ointment 5g,P
5012616170201,TCP Liquid Antisepetic Original 100ml,GSL
5029354001377,Allergenics Hair Shampoo 200ml,No regulation
5023652468054,Nature's Aid Mini Drops Immune Plus 3 Months - 5 Years 50ml,No regulation
5000477761225,Olbas Breathe Easy 6 Patches,No regulation
8017331053386,BlanX Black Charcoal Toothpaste 75ml,No regulation
5060588690043,itsy Guzzler 3-in-1 Drinking Adapter 6m+,No regulation
5012583208006,Schwarzkopf Brow Tint Black 17ml,No regulation
9327693006920,Sukin Natural Balance Shampoo 500ml,No regulation
0615908432442,Tigi Bed Head Conditioner Colour Goddess 400ml,No regulation
5060895830514,Mad Beauty FRIENDS Sleep Mask,No regulation
5025903026150,Nutri Within B Complex,No regulation
5060588690029,itsy Guzzler 3-in-1 Drinking Adapter 2-4m Medium Flow,No regulation
0305210448728,Vaseline Radiance Restore Healing Serum 200ml,No regulation
5011309061017,Cetraben Ointment 125g,GSL
5060342241788,GlucoRx CarePoint Insulin Pen Needles 4mm 32G 100 pack,No regulation
5060420233001,Lansinoh Lanolin Lip Balm 7ml,No regulation
8710908694134,TRESemmé Keratin Smooth Heat Protect Spray 200ml,No regulation
5010058095069,Cyraguard Premium Gloves Small 100 Pack,No regulation
8710447485552,Simple Kind To Skin Vital Vitamin Night Cream 50ml,No regulation
0033984017207,Solgar Magnesium with Vitamin B6 100 Tablets,No regulation
0017854106727,Baylis & Harding The Fuzzy Duck Gingerbread Spice Bath & Shower Gel 300ml,No regulation
5021265243372,Vitabiotics Ultra Vitamin D 1000IU Optimum Level 96 Tablets,No regulation
5029354001353,Allergenics Shower Gel 200ml,No regulation
5060229012500,Pukka Night Time 30 Capsules,No regulation
0672153906975,Woody's Aftershave Tonic 187ml,No regulation
3574661028989,Piz Buin Wet Skin Transparent Sun Spray SPF15 150ml,No regulation
5010058095076,Cyraguard Premium Gloves Medium 100 Pack,No regulation
5014302999967,Colief Breathe Easy Patches 6 Pack,No regulation
7311620013015,Lamisil AT Gel 15g,P
5028270008064,Simply Cotton Cosmetic Cotton Pads 500 Pack,No regulation
8717163708095,Dove Box Of Care Gift Set,No regulation
5000158065420,Lemsip Max Day & Night 16 Capsules,GSL
5010058095083,Cyraguard Premium Gloves Large 100 Pack,No regulation
5060110222612,Nitrid Head Lice Treatment 120ml,No regulation
9327693006906,Sukin Volumising Shampoo 500ml,No regulation
5036631007571,Hydromol Ointment 100g,No regulation
0033984032095,Solgar Vitamin B12 500µg 50 Capsules,No regulation
5060337729888,Healthpoint Verruca & Wart Pen 2ml,No regulation
0305210448711,Vaseline Deep Repair Healing Serum 200ml,No regulation
0010181091803,Palmer's Cocoa Butter Eventone Suncare SPF30 250ml,No regulation
3600522992301,L'Oréal Elvive Nutri-Gloss Luminiser Extraordinary Gloss 100ml,No regulation
0017854106260,Baylis & Harding The Fuzzy Duck Cotswold Floral 3 Soap Gift Set,No regulation
5010058089792,Vitabiotics Feroglobin B12 Liquid 200ml,No regulation
8710522909423,Lynx Black Duo Gift Set,No regulation
5704947005443,O'Keeffe's Working Hands Hand Cream 58ml,No regulation
9327693006814,Sukin for Men Facial Cleanser 225ml,No regulation
5010441013205,Numark Night Cold & Flu Oral Solution 200ml,P
5000283657682,Maalox Plus Suspension 250ml,GSL
3574661181400,Piz Buin Instant Glow Sun Spray SPF15 150ml,No regulation
5023652238091,Nature's Aid Sage Leaf 500mg 90 Tablets,No regulation
3574661312484,Piz Buin Instant Glow Sun Lotion SPF30 150ml,No regulation
0079400210005,Toni & Guy Creative Gum Stick It Up 90ml,No regulation
0305210448612,Vaseline Advanced Relief Healing Serum 200ml,No regulation
5060519146014,"Pukka Aqua Herbs Ginseng, Green Tea & Lemon 30ml",No regulation
5023652386150,Nature's Aid Kidz Multivitamin Liquid 150ml,No regulation
5036631007519,Hydromol Bath & Shower Emollient 350ml,No regulation
3574661692289,Sudafed Plus Blocked Nose Nasal Spray 10ml,GSL
3574661240619,Piz Buin Protect & Cool Refreshing Sun Mousse SPF30 150ml,No regulation
5000158069862,Lemsip Max Fusions Honey & Ginger 10 Pack,GSL
5011309102819,Cetraben Moisturising Hand Balm 75g,No regulation
0010181091834,Palmer's Cocoa Butter Eventone Suncare Spray SPF30 150g,No regulation
5060332532629,Lindens Health + Nutrition Vitamin B1 100mg 100 Tablets,No regulation
0859999907216,Woody's Grooming Beard 2 in 1 Conditioner 118ml,No regulation
5012583207986,Schwarzkopf Brow Tint Dark Brown 17ml,No regulation
8710847956461,Dove Radiantly Refreshing Trio Set,No regulation
3435172101175,Quies Earplugs Pure Wax 8 Pairs,No regulation
5012583208020,Schwarzkopf Brow Tint Light Brown 17ml,No regulation
5060588690036,itsy Guzzler 3-in-1 Drinking Adapter 3-6m,No regulation
0010181095801,Palmer's Cocoa Butter Eventone Suncare Lotion SPF 50 250ml,No regulation
0810006940541,Cantu Shea Butter Hydrating Body Moisturiser 473ml,No regulation
5060704340142,Acala Reusable Makeup Wipes White,No regulation
3574660123364,Aveeno Skin Relief Soothing Lotion Menthol 200ml,No regulation
5391513951879,Syndol 10 Tablets,P
8809480781094,Shangpree Sparkling Mask,No regulation
5060176671263,Dr. Organic Tea Tree Conditioner 265ml,No regulation
5025135001277,Malibu Insect Repellent Spray SPF15 200ml,No regulation
5010249309630,FSC Liquid Carnitine Serum 500ml,No regulation
5023652277090,Nature's Aid Vitamin B1 Thiamin 100mg 90 Tablets,No regulation
3600541480773,Garnier Skin Naturals Ultralift Complete Beauty Intensive Serum 30ml,No regulation
5029354002688,Aloe Pura Aloe Vera Conditioner 200ml,No regulation
5028816000705,Bee Health Pollen 500mg 100 Capsules,No regulation
5010249020214,FSC Glucosamine Sulphate 500mg 90 Tablets,No regulation
3574660559859,Compeed Blister Underfoot 5 Pack,No regulation
5029354000196,Aloe Pura Aloe Vera Maximum Strength Juice 500ml,No regulation
0615908428681,Tigi Bed Head Rockaholic Styling Paste 80g,No regulation
3574661368597,Calpol Vapour Plug Lavender & Chamomile Refill Pads 5 Pack,No regulation
3574661256511,Piz Buin Protect & Cool Sun Mousse SPF15 150ml,No regulation
5021265244041,Vitabiotics Ultra Vitamin C Sustained Release 500mg 60 Tablets,No regulation
3574661269191,Benadryl NaturEase Nasal Spray 10ml,No regulation
5060571720443,UpCircle Chocolate Charcoal Chai Soap Bar 100g,No regulation
5060180810030,Animology Dog White Wash Shampoo 250ml,No regulation
9327693000287,Sukin Facial Moisturiser Cap 125ml,No regulation
5060588690012,itsy Guzzler 3-in-1 Drinking Adapter 0-3m,No regulation
5060636882307,ecoLiving Toothpaste Tablets Raspberry Fluoride Free 125 Tablets,No regulation
5060176673014,Dr. Organic Rose Otto Body Wash 250ml,No regulation
7333350763022,Epaderm Cream Junior 150g,No regulation
3574661653457,Aveeno Baby Hair & Body Wash 250ml,No regulation
5011309724219,Oilatum Cream 150g,GSL
0033984036000,Solgar Vitamin K1 100μg 100 Tablets,No regulation
5000158071346,Gaviscon Double Action Mint Chewable 24 Tablets,GSL
5060216564159,Bioglan Smartkids Happy Tummies Multivitamin 30 Gummies,No regulation
4005900981714,Nivea Derma Skin Clear Exfoliator 40ml,No regulation
5060636882277,ecoLiving Toothpaste Tablets Orange Fluoride 125 Tablets,No regulation
5012654203060,Carnation Footcare Naturally Corns Kit,No regulation
5060604760002,Tonic Health Lemon & Honey 10 Sachets,No regulation
5060636882291,ecoLiving Toothpaste Tablets Raspberry Fluoride 125 Tablets,No regulation
5012583208044,Schwarzkopf Brow Tint Dark Blonde 17ml,No regulation
5010123708672,Actifed Multi-Action Dry Coughs 100ml,P
5054563947239,Otrivine Congestion Relief 0.1% Nasal Spray 10ml,GSL
5028816001306,Bee Health Propolis Vitamin C+ Zinc 60 Tablets,No regulation
5060636882253,ecoLiving Toothpaste Tablets Mint Fluoride 125 Tablets,No regulation
5060003780588,Co-Codamol 32 Effervescent Tablets 8/500mg,P
0015594010342,Astroglide Warming Liquid 73.9ml,No regulation
5011831089589,Mates SKYN Selection Condoms 9 Pack,No regulation
5017007600978,Sudocrem Skin Recovery Cream 30g,GSL
5010605054327,Canesten Hydrocortisone 15g,P
0017854110953,"Baylis & Harding Jojoba, Vanilla & Almond Oil Treat Box",No regulation
5017007601814,Sudosalve Nappy Rash Treatment Cream 25g,GSL
5060361081822,Xailin Gel 10g,No regulation
5060391846880,Dr. Organic Calendula Conditioner 265ml,No regulation
3574661772363,Zarbee's Cooling Throat + Immune Support 24 Lozenges,No regulation
5010415236296,Tommee Tippee 40 Small Daily Breast Pads,No regulation
5060480200128,Georganics Natural Toothpowder Spearmint 60ml,No regulation
5060176671140,Dr. Organic Aloe Vera Conditioner 265ml,No regulation
5014713100105,Tiger Balm White Ointment 19g,GSL
3600540584434,Garnier Sun-Kissed Glow Moisturising Lotion 400ml,No regulation
5010249011564,FSC Vitamin E Lotion 200ml,No regulation
3574660651751,Compeed Blister Mix Pack Plasters 5 Pack,No regulation
5060148523514,BetterYou Magnesium Relax Bath Flakes 750g,No regulation
5029354002053,Allergenics Intensive Care Ointment 50ml,No regulation
5060332530656,Lindens Health + Nutrition Vitamin B Complex 100 Tablets,No regulation
3574660572971,Benylin Mucus Cough Plus Decongestant Syrup 100ml,P
5010415236357,Tommee Tippee 40 Large Daily Breast Pads,No regulation
5410076764815,Aussie Deep Treatment 3 Minute Miracle Shine 250ml,No regulation
5060150090189,Dermacool Plus 2.0% Menthol In Aqueous Cream 100g,GSL
5060480201026,Georganics Fluoride Toothpaste English Peppermint 60ml,No regulation
5060480201040,Georganics Fluoride Toothpaste Orange 60ml,No regulation
7618900903616,Mavala Stop 5ml,No regulation
5025135120787,"Malibu Travel Set Sun Lotion SPF 20, SPF 15, & After Sun 100ml",No regulation
5060480200067,Georganics Mineral-Rich Toothpaste Orange 60ml,No regulation
5000347022999,Sensodyne Pronamel Toothpaste 75ml,No regulation
8879100000430,Jerome Russell Bblonde Maximum Blonding Kit,No regulation
5011309090116,Covonia All In One 160ml,GSL
5030451004345,Eczmol Cream 250ml,No regulation
3574661137650,Benadryl Plus Allergy Relief Capsules 12 Pack,P
5060480200784,Georganics Mineral Toothpaste Powder Orange 60ml,No regulation
5060332532094,Lindens Health + Nutrition Caffeine Energy 200mg 100 Capsules,No regulation
5054563028549,Voltarol Heat Patch 2 Pack,No regulation
5021265220076,Vitabiotics Feroglobin Capsules 30 Pack,No regulation
5060636882284,ecoLiving Toothpaste Tablets Orange Fluoride Free 125 Tablets,No regulation
5034445002713,The Eye Doctor Allergy Wipes,No regulation
5012008742504,Pro:Voke Brightening & Defrizz Serum 100ml,No regulation
0078522015314,Earth's Best Toddler Strawberry & Banana Toothpaste,No regulation
7350087736266,E45 Emollient Shower Cream 200ml,No regulation
5010249020801,FSC Betaine Hydrochloride & Pepsin Digestive Aid 60 Capsules,No regulation
5016379291944,Ibuleve Pain Relief Gel 5% 50g,GSL
3600523305964,L'Oréal Paris Pure Clay Purity Mask 50ml,No regulation
5015802221244,Wax Lyrical Reed Diffuser 40ml Red Cherries,No regulation
9314839020735,QV Bath Oil for Dry & Sensitive Skin 250ml,No regulation
9001616203336,Mam Start Soother Neutral 0-2 Months 2 Pack,No regulation
5016379291920,Ibuleve Pain Relief 5% Spray 35ml,GSL
5010249190245,FSC Head High Pro-Amino 60 Veg Capsules,No regulation
5010797005374,Selsun Dandruff Shampoo 2.5% 150ml,P
5060176671171,Dr. Organic Vitamin E Conditioner 265ml,No regulation
0859975020250,Andalou 1000 Roses Soothing Shower Gel 251ml,No regulation
5060050350970,UltraDex Daily Oral Rinse Whitening 250ml,No regulation
5060480200104,Georganics Mineral-Rich Toothpaste Activated Charcoal 60ml,No regulation
5060372800047,Dr. PawPaw Lip Balm Tinted Peach Pink 25ml,No regulation
5010441011379,Numark Antihistamine & Allergy Relief 2mg/5ml Oral Solution 150ml,P
3574661621999,Ogx 5 in 1 Frizz Free + Keratin Soothing oil Spray 200ml,No regulation
5065010483347,Fussy Natural Deodorant Refill Coconut Milk Tropical 40g,No regulation
5060176670990,Dr. Organic Vitamin E Shampoo 265ml,No regulation
5065000941994,Animology Dog Puppy Love Shampoo 250ml,No regulation
5011309106619,Cetraben Itch Relief Balm 50g,No regulation
3600523183517,L'Oréal Paris Wrinkle Expert 45+ Day 50ml,No regulation
5060480201033,Georganics Fluoride Toothpaste Activated Charcoal 60ml,No regulation
5011831097034,Mates Ultimate 3 in 1 Condoms 14 Pack,No regulation
5051562031600,Otrivine Natural with Eucalyptus Nasal Spray 20ml,GSL
5011309904611,Metanium Spray Barrier Lotion 60ml,No regulation
5065010483040,Fussy Natural Deodorant Refill Wavy Days Mint 40g,No regulation
5060216564982,Haliborange Baby & Toddler Multivitamins 250ml,No regulation
5000347088254,Panadol Night Time Pain Relief 20 Tablets,P
0017854106932,Baylis & Harding The Fuzzy Duck Men's Hemp & Bergamot Soap On A Rope,No regulation
5060372800085,Dr.PawPaw Lip Balm Ultimate Red 25ml,No regulation
5011309081718,Brolene Eye Drops 10ml,P
5065010483071,Fussy Natural Deodorant Refill Night Tales Flora 40g,No regulation
9001616202391,Mam Style Soothers 0+Months 2 Pack,No regulation
4005900972729,Nivea Derma Skin Clear Anti Blemish 150ml,No regulation
96120002,Dove Advanced Hair Series Regenerate Nourishment Serum-In-Oii 50ml,No regulation
3574661192857,Piz Buin Tan & Protect Accelerating Oil Spray SPF30 150ml,No regulation
9317129040505,Flexitol Hand Balm 56g,No regulation
5017371150567,Calypso Dry Oil Spray SPF30 200ml,No regulation
5010934002471,Vagisil Medicated Creme 30g,GSL
5060216564821,Haliborange Multivitamins Strawberry Flavour 30 Softies,No regulation
4770001000557,Ecodenta Multifunctional Mouthwash 500ml,No regulation
5012131743003,Voltarol Back & Muscle 1.16% 30gm,GSL
0071409744031,Mane 'n Tail Colour Protect Conditioner 355ml,No regulation
5011417568750,Strepsils Menthol 36 Lozenges,GSL
0071409543030,Mane 'n Tail Replenishing Conditioner 355ml,No regulation
5065010483309,Fussy Natural Deodorant Refill Cloud Nine Fresh 40g,No regulation
5060332531059,Lindens Health + Nutrition Glucosamine 1000mg 60 Capsules,No regulation
5023652509061,Nature's Aid Super Stars Multivitamin & Minerals 60 Chewable Tablets,No regulation
5060480200081,Georganics Mineral-Rich Toothpaste Spearmint 60ml,No regulation
5060480200777,Georganics Mineral Toothpaste Powder English Peppermint 60ml,No regulation
5029053539690,Depend Comfort Protect for Women Large 9 Pack,No regulation
5000158100954,Strepsils Orange & Vitamin C 36 Pack,GSL
5029354004415,Iceguard Natural Crystal Deodorant Spray 100ml,No regulation
0017854117853,Baylis & Harding The Fuzzy Duck Cotswold Spa Bath Salts Gift Set,No regulation
5016379110009,Bazuka Gel 5g,P
5011309908619,Care 100% Pure Tea Tree Oil 10ml,No regulation
0033984012202,Solgar Garlic Oil 100 Softgels,No regulation
5016379155017,Dermalo Bath Emollient 500ml,GSL
5054563023803,Sensodyne Rapid Relief Toothpaste 75ml,No regulation
5000158106208,Strepsils Extra Triple Action Cherry 24 Pack,GSL
5039021500324,Aquamax Wash 250g,No regulation
5065000941208,Animology Derma Dog Shampoo 250ml,No regulation
7322541067933,Tena Discreet Extra Plus Pads 16 Pack,No regulation
5065010483033,Fussy Natural Deodorant Refill Wide Eyed Citrus 40g,No regulation
5060372802553,Dr.PawPaw Hello Gorgeous Gift Set,No regulation
5010441009727,Numark Ibuprofen 200mg 96 Coated Tablets,P
5000158065888,Gaviscon Double Action Liquid Peppermint 150ml,GSL
5010441013090,Numark Aqueous Cream 500g,GSL
8006540109380,Aussie Miracle Moist Conditioner 200ml,No regulation
3574661056531,Listerine Mouthwash Advanced Cavity Guard 500ml,No regulation
0071409543009,Mane 'n Tail Gentle Clarifying Shampoo 355ml,No regulation
5016379296802,Iglu Protect Orthodontic Brace Gel 10g,No regulation
0615908425741,Tigi Bed Head Dumb Blonde Smoothing Stuff 48g,No regulation
5060180810061,Animology Dog Flea & Tick Shampoo 250ml,No regulation
5060018880594,Chloralieve Blackcurrant 24 Lozenges,P
5060332532186,Lindens Health + Nutrition Ginger Root 500mg 90 Tablets,No regulation
0017854118409,Baylis & Harding Goodness Sleep Bath Salts 1kg,No regulation
5060332532278,Lindens Health + Nutrition Wild Yam 500mg 100 Tablets,No regulation
5010123734039,Benylin 24hr Day & Night 16 Tablets,P
5012131741801,Voltarol Emulgel 1.16% Gel 30gm,P
96000793,BetterYou D1000 Vitamin D Oral Spray 15ml,No regulation
0850278004893,Bondi Sands Aero Aerated Self-Tanning Foam Quick Dry 225ml,No regulation
5060332531981,Lindens Health + Nutrition Isoflavone Formula (Soya+) 30 Tablets,No regulation
5060618360328,Northumbria Health 70% Alcohol Colourless Hand Gel 500ml,No regulation
5060180810092,Animology Dogs Body Shampoo 250ml,No regulation
5407007650163,Bambaw Reusable Sanitary Pads Light Flow,No regulation
9314839020803,QV Gentle Wash for Dry Skin Conditions 250g,No regulation
0859975002393,Andalou Argan Stem Cell Age Defying Conditioner 340ml,No regulation
0850278004008,Bondi Sands Self Tan Mist Dark 250ml,No regulation
4015400628088,Always Discreet Long Plus Pads 16 Pack,No regulation
5050650141016,Accrete D3 One-A-Day 1000mg/880IU 30 Chewable Tablets,P
5011417544846,Clearasil Rapid Action Treatment Cream 25ml,No regulation
0708002400520,Faith In Nature Aloe Vera Conditioner 400ml,No regulation
5060574680003,Hashmats Health A-Z Multivitamins 30 Tablets,No regulation
7322540770841,Tena Discreet Maxi Night Pads 12 Pack,No regulation
0708002400223,Faith In Nature Seaweed & Citrus Conditioner 400ml,No regulation
5011309450415,Covonia Chesty Cough Sugar Free Syrup 150ml,GSL
50007592,Optrex Refreshing Eye Drops for Tired Eyes 10ml,GSL
5060332536276,Lindens Health + Nutrition Mega Vitamin C+ 1500mg 90 Tablets,No regulation
9335955000333,MooGoo Fresh Cream Deodorant - Lemon Myrtle 60ml,No regulation
5060320560153,SunVit-D3 800IU 28 Tablets,No regulation
5038581147970,Yankee Candle Gift Set 4x49g,No regulation
5000158101357,Strepsils Sore Throat & Blocked Nose 36 Lozenges,GSL
5054563046772,Poligrip Max Hold + Seal 40g,No regulation
5010058089785,Vitabiotics Pregnacare Original 30 Tablets,No regulation
8445290965011,Nuun Sport Hydration Tri-Berry 10 Effervescent tablets,No regulation
1230000007382,Astroglide Water-Based Liquid 74ml,No regulation
5060018880068,Chloralieve Honey & Lemon 24 Lozenges,P
0017854105997,Baylis & Harding Limited Edition Mulberry Fizz Hand Cream Gift Set,No regulation
5010605055119,Canesten Bifonazole Once Daily Cream 20g,GSL
5060176675124,Dr. Organic Coconut Oil Deodorant 50ml,No regulation
5410076390427,Aussie Mega Shampoo 300ml,No regulation
0850278004831,Bondi Sands Vitamin E & Jojoba Body Moisturiser 500ml,No regulation
5014302000373,Colief Vitamin C Drops 30ml,No regulation
8718951501768,Colgate PerioGard Gum Protection Toothpaste 75ml,No regulation
0017854114951,"Baylis & Harding Goodness Oud, Cedar & Amber Hand Wash 1L Refill",No regulation
5060102170006,Earol Olive Oil Spray 10ml,No regulation
3574660576467,Benadryl Allergy 2+ Children's 1mg/ml Oral Solution 100ml,P
9335955004812,MooGoo Fresh Cream Deodorant - Sensitive 60ml,No regulation
5060636882338,ecoLiving Mouthwash Tablets Chewable Fluoride 125 Tablets,No regulation
3574661368566,Calpol Saline Nasal Spray 15ml,GSL
5017007604662,Teva Sildenafil 25mg 8 Tablets,P
0708002407710,Faith In Nature Wild Rose Shampoo 400ml,No regulation
5010934003942,Vagisil Ph Balance Intimate Wash 250ml,No regulation
5012616262234,Bronchostop 20 Pastilles,GSL
4027800006830,Wilkinson Sword Intuition Blades Dry Skin 3 Pack,No regulation
5011309167214,Savlon Scar Prevention Gel 50g,No regulation
0856932007255,Andalou Cannacell Shower Gel Harmony 236ml,No regulation
0708002400421,Faith In Nature Lavender & Geranium Conditioner 400ml,No regulation
5060571821492,"The Good Guru Organic Turmeric, Black Pepper & Ginger 30 Capsules",No regulation
5025135114427,"Malibu SPF15, Aftersun & SPF20 Travel Kit 3 x 100ml",No regulation
0022600020417,Trojan Double Ecstasy Condoms 10 Pack,No regulation
9314839020766,QV Cream 100g,No regulation
5010415635303,Tommee Tippee Closer to Nature Milk Feeding Bibs 2 Pack,No regulation
4005808572199,Nivea Refreshing Day Cream SPF15 Normal Skin 50ml,No regulation
5000347033476,Panadol Actifast Soluble 24 Tablets,GSL
5000158062139,Bonjela Adult 15g,GSL
0817513015694,Cantu Shea Butter Extra Hold Edge Stay Gel 66ml,No regulation
9335955004799,MooGoo Fresh Cream Deodorant - Oats & Honey 60ml,No regulation
5012616291722,Contac Non-drowsy Dual Relief Capsules Pack of 18,P
5017371155395,Calypso Tanning Essentials Travel Pack,No regulation
5010605402838,Alka Seltzer Original Aspirin 20 Effervescent Tablets,GSL
5000477589164,Earex Advance Ear Drops 12ml,GSL
4013162019090,Fenjal Classic Hydrate Replenish Body Lotion 200ml,No regulation
3600541875647,Garnier Moisture Bomb Super Hydrating Moisturiser 50ml,No regulation
5060391841281,Dr. Organic Hemp Oil Deodorant 50ml,No regulation
50483501,Optrex Sore Eye Drops 10ml,P
5055565706442,Sildenafil Accord 25mg 8 Tablets,P
5023652307032,"Nature's Aid Serrapeptase 80,000iu 30 Tablets",No regulation
5011309089516,Care Virasoothe Chicken Pox Gel 50g,No regulation
5060480200005,Georganics Mineral-Rich Toothpaste English Peppermint 60ml,No regulation
3574661571317,Ogx Texture + Morocco Sea Salt Spray 177ml,No regulation
5011417590874,Optrex Soothing Eye Drops 10ml,GSL
4006000075402,Nivea Sun Kids Protect & Care Sun Lotion SPF50+ 200ml,No regulation
8700216596848,Fixodent Complete Fresh Flavour 70g,No regulation
5011417568705,Gaviscon Double Action Liquid Aniseed 150ml,GSL
5013158098985,Ferrograd-C 30 Prolonged Release Tablets,P
8711231153176,Beaphar Toothpaste for Dogs & Cats Liver Flavour 100g,No regulation
3600541381131,Garnier Color Sensation 5.0 Luminous Brown,No regulation
8445290965455,Nuun Ultra Raspberry 10 Effervescent Tablets,No regulation
5054563180704,Haleon Cold & Flu Nurse All in One 16 Capsules,P
5010605401787,Clarityn Kids Syrup Berry 60ml,GSL
8445290964960,Nuun Sport Electrolytes Orange 10 Effervescent Tablets,No regulation
5011309432619,Covonia Dry Cough Sugar Free Formula 150ml,P
5011309140811,Radian B Muscle Lotion 250ml,GSL
5000283661962,Dulcolax Twelve Plus 10mg Bisacodyl Suppositories 12 Pack,P
0708002400513,Faith In Nature Aloe Vera Shampoo 400ml,No regulation
4717237017546,I-M Elastic Wrist & Palm Support ES-401 Small,No regulation
5050474103641,Blink Intensive Soothing Eye Drops 20 x 0.4ml,No regulation
5011309163315,Zeroaqs Emollient Cream 500g,No regulation
5010934003935,Vagisil Ultra Fresh Intimate Wash 250ml,No regulation
5060332535965,Lindens Health + Nutrition Milk Thistle 100mg (2000mg eq) 120 Tablets,No regulation
8445290965417,Nuun Ultra Hydration Mango 10 Effervescent Tablets,No regulation
5391510239871,Colief Baby Scalp Oil 30ml,No regulation
5060135050108,O.R.S. Hydration Blackcurrant 24 Tablets,No regulation
8445290965240,Nuun Sport Hydration Lemon & Lime 10 Effervescent tablets,No regulation
0859999905335,Woody's Grooming Daily Shampoo 355ml,No regulation
5034511000438,Green People Citrus & Aloe Vera Toothpaste 50ml,No regulation
5038581087979,Yankee Candle Home Vanilla Frosting 104g,No regulation
8445290964991,Nuun Sport Electrolytes Strawberry Lemonade 10 Effervescent Tablets,No regulation
5011309104714,KY Gentle Water-Based Lubricant 75ml,No regulation
4015400627968,Always Discreet Complete Protection Long Pads 20 Pack,No regulation
5023652452022,Nature's Aid Energy 20 Effervescent Tablets,No regulation
5011417589779,Nurofen 7+ Years Orange Chewable 12 Capsules,P
5023652510913,Nature's Aid Cod Liver Oil 1000mg High Strength 90 Softgels,No regulation
0087614019666,Swanson Milk Thistle 500mg 100 Capsules,No regulation
5054563022592,Sensodyne Rapid Relief Whitening 75ml,No regulation
5060332536061,Lindens Health + Nutrition Lavender (Essential Oil) 80mg 60 Capsules,No regulation
0708002401923,Faith In Nature Fragrance Free Conditioner 400ml,No regulation
5060629140469,Chewy Vites Adults Multivitamin Berries 30 Gummies,No regulation
5021284192637,Beaphar One Dose Small Dog Wormer >6kg Tablets,No regulation
5060050350680,UltraDex Low-Abrasion Toothpaste 75ml,No regulation
0708002400216,Faith In Nature Seaweed & Citrus Shampoo 400ml,No regulation
5060176672253,Dr. Organic Tea Tree Purifying Cream 50ml,No regulation
5060014444882,Genesis Sildenafil 25mg 8 Tablets,P
5011831097157,Mates Super Safe Condoms 14 Pack,No regulation
7350087736846,E45 Itch Relief Cream 50g,No regulation
9421034852396,d3 K6.0 Kinesiology Tape 6m,No regulation
50160167,Salt of the Earth Unscented Deodrant Refillable Spray 100ml,No regulation
0071409543443,Mane 'n Tail Detangler 355ml,No regulation
4717237017577,I-M Elastic Wrist & Palm Support ES-401 X-Large,No regulation
0708002401916,Faith In Nature Fragrance Free Shampoo 400ml,No regulation
0850278004909,Bondi Sands Aero Aerated Self-Tanning Foam Light/Medium 225ml,No regulation
0017854110380,Baylis & Harding Wild Fig & Pomegranate 3 Piece Gift Set,No regulation
5011309035810,Covonia Mucus Cough Syrup 150ml,GSL
5060805780069,Ultravana Period Pain Relief - Naproxen 250mg 9 GR Tablets,P
0667803002916,Toni & Guy Party Ready Volume Lotion 236ml,No regulation
0859999905342,Woody's Grooming Daily Conditioner 355ml,No regulation
5025135112799,Malibu SPF2 Bronzing Butter with Beta Carotene 300ml,No regulation
5060180816766,Animology Hot Dog Fragrance Mist 150ml,No regulation
5029354008475,Australian Tea Tree Deep Cleansing Shampoo 250ml,No regulation
5034445002195,The Body Doctor AB Mask Plus,No regulation
5060180815110,Animology Deep Clean Shampoo 250ml,No regulation
3760201136645,Lamazuna Toothbrush Medium (Blue) 1 Pack,No regulation
5060636882260,ecoLiving Toothpaste Tablets Mint Fluoride Free 125 Tablets,No regulation
4008666217707,Alpecin Sport Caffeine Shampoo 250ml,No regulation
0074764711441,Duo Quick-Set Striplash Adhesive White/Clear 7g,No regulation
5060332534982,Lindens Health + Nutrition Omega 3 Fish Oil (30% DHA/EPA) 90 Capsules,No regulation
5055148400224,Lamberts Vitamin B6 50mg 100 Tablets,No regulation
5029354001216,Allergenics Cream 50ml,No regulation
8809511980571,Skin Republic Bubble Purifying Charcoal Sheet Face Mask 25ml,No regulation
5000347063282,Panadol Extra Soluble 24 Tablets,GSL
5029354004378,Iceguard Natural Crystal Deodorant Twist Up 120g,No regulation
5010249309654,FSC Herbal Waterfall 30 Tablets,No regulation
5060084171107,Profoot 360 Degree Foot File,No regulation
0859999903683,Woody's Headwax 56.7g,No regulation
3600541380882,Garnier Color Sensation 4.0 Deep Brown,No regulation
5029354002633,Aloe Pura Organic Aloe Vera Gel + Antioxidants 200ml,No regulation
5060629140407,Chewy Vites Adults Immune Support 30 Gummies,No regulation
0079400204561,Toni & Guy Finishing Shine Spray 150ml,No regulation
0672153977883,Woody's Grooming Beard & Tattoo Oil 30ml,No regulation
5060180813604,Animology True Colours Dog Shampoo 250ml,No regulation
5010249309524,FSC Rich Organic Golden Linseed 500g,No regulation
4103040113924,Sebamed Baby Bubble Bath 200ml,No regulation
5011309440218,Covonia Cold & Flu Formula Sugar Free 160ml,GSL
0615908426786,Tigi Bed Head B for Men Clean Up Daily Shampoo 250ml,No regulation
5010249263406,FSC Vitamin B Supreme High Potency 30 Tablets,No regulation
5010605208201,Feminax Express 16 Tablets,GSL
5028763010802,Wisdom Spin Brush (6+ Years) 1 Toothbrush,No regulation
3574661312477,Piz Buin Instant Glow Lotion SPF15 150ml,No regulation
0074312002670,Nature's Bounty Vitamin C 1000mg with Rose Hips 60 Caplets,No regulation
5060180815356,Animology Cloud K9 Fragrance Mist 150ml,No regulation
5060176671652,Dr. Organic Aloe Vera Body Wash 250ml,No regulation
5029354002640,Aloe Pura Aloe Vera Gel with Tea Tree 200ml,No regulation
5010415230256,Tommee Tippee Digital Thermometer Hygiene Covers 40 Pack,No regulation
5011417576250,Scholl Shock Reducer Insoles 1 Pair,No regulation
5029354001360,Allergenics Skin Lotion 200ml,No regulation
5000283658184,Opticrom Allergy Single Dose x 20,P
7610313304561,A.Vogel Echinaforce Echinacea 42 Tablets,No regulation
5010605240133,Clarityn Allergy 10mg 14 Tablets,GSL
5011501016167,Deep Freeze Spray 150ml,GSL
5011831097065,Mates Ultra Sensitive Condoms 14 Pack,No regulation
5000477673184,Olbas Oil Children Nasal Decongestant 12ml,GSL
5010058036819,Robinson Breast Pads 40 Pack,No regulation
5070000104003,Lemsip Day & Night Clip Strip 16 Capsules,GSL
3600540757364,Garnier Ambre Solaire Light & Silky Sun Cream SPF15 200ml,No regulation
5016973991721,Balance Activ Intimate Soothing Cream 40ml,No regulation
5060332533763,Lindens Health + Nutrition Multivitamins A-Z Daily 90 Tablets,No regulation
5060180815325,Animology Star Pups Fragrance Mist 150ml,No regulation
5060176671805,Dr. Organic Vitamin E Body Wash 250ml,No regulation
5060391846903,Dr. Organic Calendula Body Wash 250ml,No regulation
5060332530403,Lindens Health + Nutrition Magnesium (MgO 500mg) 90 Tablets,No regulation
5000158106253,Nurofen Sinus & Blocked Nose 200mg/5mg 16 Tablets,GSL
5060062990324,Earth Friendly Baby Organic Body Lotion Lavender 250ml,No regulation
5031013105265,Higher Nature Vitamin C Powder 60g,No regulation
4987072066461,Cura-Heat Arthritis Pain Refill 6 Pack,No regulation
8420212035041,Cuderm Hand Cream 75ml,No regulation
5014697054401,Triple Dry Active 72 Hour Anti-Persipirant 150ml,No regulation
3600541380936,Garnier Color Sensation 4.15 Icy Chestnut Brown,No regulation
5014302000120,Colief Botanical Baby Rub Lavender & Pine 30g,No regulation
5016379296703,Iglu Sugar Free Pastilles 24 Pack,GSL
5052197025958,Durex Extra Safe Condoms 6 Pack,No regulation
5704947006310,O'Keeffe's Skin Repair 80ml,No regulation
5060176674967,Dr. Organic Virgin Coconut Oil Body Wash 250ml,No regulation
0086449251203,Crystal Deodorant Stick 120g,No regulation
5060209110172,Westlab Reviving Epsom Bath Salts 1kg,No regulation
5010415236340,Tommee Tippee 40 Medium Daily Breast Pads,No regulation
5000198522501,Piriton Syrup 150ml,P
4015400639015,Pampers Premium Protection Nappies Size 0 Carry 24 Pack,No regulation
5012335884106,Seven Seas Original Cod Liver Oil Plus Omega-3 Fish Oil 300ml,No regulation
5010249020474,FSC Foil Fish Oil 1000mg 60 Capsules,No regulation
5031013102370,Higher Nature Supergest 30 Capsules,No regulation
5016379400001,4head Stick 3.6g,GSL
5033852190259,Shantys Pillmate Large Multi-Dose Weekly Dispenser,No regulation
5060332531561,Lindens Health + Nutrition Garlic 1000mg 200 Capsules,No regulation
0010181041655,Palmer's Cocoa Butter Formula Body Lotion 400ml,No regulation
5000158066649,Fybogel Hi-Fibre Orange 10 Sachets,GSL
8718951478596,Colgate PerioGard Extra Gum Care Mouthwash 300ml,No regulation
4005900937278,Nivea Refreshing Day Cream SPF30 50ml,No regulation
5060176671539,Dr. Organic Lavender Deodorant 50ml,No regulation
5025135116278,Malibu Dry Oil Spray SPF30 200ml,No regulation
5029354002657,Aloe Pura Aloe Vera Skin Lotion 200ml,No regulation
5060180816858,Animology Spa Day Shampoo 250ml,No regulation
5010123727703,Benylin Chesty Cough Non-Drowsy 150ml,GSL
5025970011059,Nivea Soft Lips Set 4 x 4.8g,No regulation
5060180810153,Animology Dog Mucky Pup Shampoo 250ml,No regulation
5033852190396,Shantys Pillmate Pill Cut & Crush Container Assorted Colours,No regulation
8719327597873,Altruist Sunscreen SPF30 200ml,No regulation
5060176671416,Dr. Organic Pomegranate Deodorant 50ml,No regulation
5060588690203,itsy Coverz Portable Bib,No regulation
5023652214033,"Nature's Aid Hair, Skin & Nails Formula 30 Tablets",No regulation
0017854117860,Baylis & Harding The Fuzzy Duck Cotswold Spa Hand Cream Gift Set,No regulation
5060176671591,Dr. Organic Aloe Vera Mouthwash 500ml,No regulation
5015201009610,Parasolve 500mg Effervescent 24 Tablets,GSL
8420212035010,Cuderm Moisturising Cream 100ml,No regulation
0017854109285,Baylis & Harding Goodness Sleep Pillow Mist 100ml,No regulation
5060018880112,Ultra Chloraseptic Kids Throat Spray Blackcurrant 15ml,GSL
0810071800139,Breathe Right Clear Sleep Strips Large 10 Pack,No regulation
5029354015060,Aloe Pura Aloe Vera Face Mask 150ml,No regulation
5010441015285,Numark Synthetic Wax Ear Plugs 6 Pairs,No regulation
8001090698346,Pampers Splashers Size 3-4 Nappies 12 Pack,No regulation
7332551437299,Hibiscrub 4% Cutaneous Solution 125ml,No regulation
0087614019574,Swanson Full Spectrum Ashwagandha 450mg 100 Capsules,No regulation
4029125079001,Nitrolingual Spray 180 Dose,P
8429979462299,Sesderma Lactyferrin Sanitizer 80ml,No regulation
5020465201328,Cetaphil Moisturising Hand Cream 50ml,No regulation
50487172,Otrivine-Antistin Eye Drops 10ml,P
5016379299001,Otex Express Ear Drops 10ml,GSL
8030350901698,Aloclair Plus Mouth Ulcer Gel 8g,GSL
5060448080632,Drapolene Antiseptic Cream 100g,GSL
3663555002782,Compeed Anti-Blister Stick 8ml,No regulation
5060128984670,Dentemp Recap-It 1g,No regulation
5010123708283,Actifed Multi-Action Chesty Coughs 100ml,P
3574661202662,Benadryl Allergy One-A-Day Cetirizine Dihydrochloride 7 Tablets,GSL
8414606537785,The Skin Lounge Hydrogel Hyaluronic 25g,No regulation
8001841271972,Pantene Shampoo Pro-V Repair & Protect 500ml,No regulation
3800219796148,Alteya Organic Rose Otto Intensive Hand Cream 30ml,No regulation
5060519143242,Pukka Ginger Joy Latte 90g,No regulation
96170816,BetterYou D400 Infant Vitamin D Spray 15ml,No regulation
5060209732909,Epimax Intensive Cream 500g,No regulation
50698684,Bob Martin Conditioning Tablets for Dogs & Puppies 100 Tablets,No regulation
5012616170003,TCP Antiseptic Liquid 50ml,GSL
8001090678614,Head & Shoulders Supreme Moisture Anti-Dandruff Shampoo 400ml,No regulation
5029354008352,Australian Tea Tree Antiseptic Spray 30ml,No regulation
5011309723410,Oilatum Bath Formula 150ml,GSL
8809208138193,Skin Republic Hydrogel Sheet Face Mask 25g,No regulation
7322541066974,Tena Discreet Extra Pads 20 Pack,No regulation
0859975002386,Andalou Argan Stem Cell Age Defying Shampoo 340ml,No regulation
5054563124449,Piriteze 2+ Children's Hayfever & Allergy 1mg/ml Syrup 70ml,P
5010249011656,FSC Biotin 2.5mg 30 Tablets,No regulation
5060040641644,BeautyPro Eye Therapy Under Eye Mask 3 pairs,No regulation
5060018880099,Ultra Chloraseptic Throat Spray Cherry 15ml,GSL
3600523183494,L'Oréal Wrinkle Expert 35+ Collagen Day Cream 50ml,No regulation
5010724531020,Anusol Soothing Relief Ointment 15g,No regulation
5012008747004,Pro:Voke Touch Of Silver Go Icy Shampoo 150ml,No regulation
5060180816797,Animology Flower Power Fragrance Mist 150ml,No regulation
5014124384040,Martindale Glycerol 4g Adult Suppositories 12 Pack,GSL
5060332530052,Lindens Health + Nutrition Vitamin B6 100mg 100 Tablets,No regulation
5010123726621,Listerine Mouthwash Stay White Arctic 500ml,No regulation
3616302748723,Max Factor Creme Puff Golden 75 14g,No regulation
5038581151908,Yankee Candle Christmas Cracker Set 4 x 49g,No regulation
5060218601418,Ever Ready Double Sided Foot Callus File,No regulation
8710522428122,Vaseline Limited Edition Selection Tin Gift Set,No regulation
9421034852426,d3 Athletic Sports Tape 13.7m,No regulation
5060018880105,Ultra Chloraseptic Blackcurrant 15ml,GSL
7391899814285,Bausch + Lomb Sensitive Eyes Plus Saline Contact Lens Solution 500ml,No regulation
0615908428612,Tigi Rockaholic Groupie Hard Hold Hairspray 385ml,No regulation
5407007650194,Bambaw Reusable Sanitary Pads Carrying Pouch,No regulation
0859999907056,Woody's Grooming Brickhead 118ml,No regulation
5060375230131,Flarin 200mg Ibuprofen 12 Soft Capsules,P
5038581159096,Yankee Candle Home Inspiration Cupcake Party 200g,No regulation
5029053539713,Depend Comfort Protect for Men Small/Medium 10 Pack,No regulation
8901030841132,Vaseline Advanced Repair Body Lotion Pump 600ml,No regulation
5055172202535,Medisure Weekly Pill Organiser 28 Compartments,No regulation
5011831087004,Skyn Original Non-Latex Condoms 6 Pack,No regulation
8710522427668,Vaseline Original Selection Tin Gift Set,No regulation
5012008606400,Pro:Voke Liquid Blonde Colour Activating Treatment Shampoo 200ml,No regulation
0859999906172,Woody's Grooming Hair & Body Wash 296ml,No regulation
8717163907047,TRESemmé Replenish & Cleanse Conditioner 900ml,No regulation
0859999906905,Woody's Grooming Stache Wax 14g,No regulation
3574661547046,Ogx Shine + Argan Oil of Morocco Heat Protection Spray 177ml,No regulation
5038581159188,Yankee Candle Home Inspiration Cinnamon Cider 200g,No regulation
4015400985143,Head & Shoulders Persistent Dandruff Shampoo Anti-Dandruff 130ml,No regulation
5000347007309,Piriteze Children's Hayfever & Allergy 1mg/ml Syrup 70ml,GSL
3574661162270,Sudafed Congestion & Headache Relief Day & Night 16 Capsules,GSL
5000209888527,Colgate Peroxyl Mouthwash 300ml,GSL
3282770390773,Klorane Oat Milk Dry Shampoo Spray 50ml,No regulation
5060202921546,Simply Gentle Washable Breast Pads 6 Pads,No regulation
3616302748808,Max Factor Creme Puff Deep Beige 42 14g,No regulation
5060332532551,Lindens Health + Nutrition Siberian Ginseng 1000mg 100 Tablets,No regulation
0615908428643,Tigi Bed Head Rockaholic Thunder Struck Salt 250ml,No regulation
8901030841095,Vaseline Essential Healing Body Lotion 600ml,No regulation
3616302748730,Max Factor Creme Puff Medium Beige 41 14g,No regulation
5060018880020,Ultra Chloraseptic Anaesthetic Throat Spray Menthol Flavour 15ml,GSL
50884520,Max Factor Pan Stik Deep Olive 60,No regulation
8001841859088,Pampers New Baby Newborn Size 1 22 Pack,No regulation
5060018880037,Ultra Chloraseptic Anaesthetic Throat Spray Honey & Lemon 15ml,GSL
0017854081147,Baylis & Harding Pink Magnolia & Pear Blossom 2 Bottle Set,No regulation
0615908431568,Tigi Bed Head Conditioner Gimme Grip 600ml,No regulation
7702018565948,Gillette King C Neck Razor,No regulation
5010123722463,Benadryl Allergy Relief 12 Capsules,GSL
8006540651018,Old Spice Rock with Charcoal 2 in 1 Shower Gel & Shampoo 675ml,No regulation
7332531063456,Schwarzkopf Got2b Mousse Volumaniac 250ml,No regulation
8717163902929,TRESemmé Moisture Rich Conditioner 900ml,No regulation
5011417567623,Durex Feel Gel Lubricant 50ml,No regulation
5017007600848,Infacol Colic Relief 55ml,GSL
7332531008891,Schwarzkopf Got2Be Beach Matt Paste 100ml,No regulation
5000158106345,Optrex Intensive Dry Eyes Drops 10ml,No regulation
3600523566167,L'Oréal Colorista Washout Colour Denim,No regulation
5017007603658,Motusol Gel 1.16% w/w Gel 50g,GSL
8809624729265,Lovbod Melting Mask for Neck 4g,No regulation
5029053527604,Huggies Drynites Girl 8-15 Yrs 9 Pack,No regulation
5012654203961,Carnation Advance Gel Cushioning Insoles 1 Pack,No regulation
6284511682496,Neon Verifine Safety Lancets 23g X1.8mm 100 Pack,No regulation
6284511682700,Neon Verifine Safety Lancets 21g X 2.4mm 100 Pack,No regulation
6284511682250,Neon Verifine Safety Lancets 28g X1.8mm 100 Pack,No regulation
7702018471096,Gillette Venus3 Women's Disposable Razors 4 Pack,No regulation
6284511682182,Neon Verifine Safety Lancets 30g X 1.8mm 100 Pack,No regulation
5016646043115,Ergo Flea Comb,No regulation
4011700411115,Tabac Anti Perspirant Spray 200ml,No regulation
8710522939192,Radox Calming Bath Bomb Gift Set,No regulation
3616302748785,Max Factor Creme Puff Natural 50 14g,No regulation
5034593026203,Histergan Antihistamine Cream 25g,P
5038581096896,Yankee Candle Home Inspiration Sugared Blossom 104g,No regulation
4015400627807,Always Discreet Value Pack Normal Pads 24 Pack,No regulation
5010605830525,Germoloids Ointment 25ml,GSL
5025903027591,Careway 7-Day Spring Loaded Pill Box,No regulation
5060601930934,BeautyPro VITAMIN C Brightening Sheet Mask,No regulation
5060083290229,LMX4 Lidocaine 4% w/w Cream 5g,P
5060014446114,Hayleve Chlorphenamine Maleate 4mg 28 Tablets,P
5000455019218,Emla Cream 5g & 2 Dressings,P
5036072001350,Histahive Fexofenadine 180mg 10 Tablets,P
5038581159065,Yankee Candle Home Sunny Citrus Candle 200g,No regulation
5034445003727,The Eye Doctor Junior Eye Lid Wipes 20,No regulation
5012616291784,Lactacyd Femina Daily Protective Wash 200ml,No regulation
8720181208393,Lynx Epic Fresh Anti Perspirant Deo 200ml,No regulation
5012583204954,Schwarzkopf Got2b Hairspray Phenomenal 200ml,No regulation
5060519146229,Pukka Night Time Berry 20 Sachets,No regulation
0850278004756,Bondi Sands Self Tanning Foam Dark 100ml,No regulation
5013457012934,Pfizer Sildenafil 100mg 4 Tablets,P
3574661321554,Aveeno Body Wash Vanilla & Oats 300ml,No regulation
5012583204398,Schwarzkopf Got2Be Phenomenal Moulding Paste 100ml,No regulation
4042762037159,Balneum Plus Cream 100g,GSL
4770001004333,Ecodenta Certified Organic Whitening Toothpaste with Charcoal 75ml,No regulation
5000347014437,Sensodyne Pronamel Multi-Action Toothpaste 75ml,No regulation
3600521719596,L'Oréal Paris Triple Active Day Moisturiser - Normal to Combination Skin 50ml,No regulation
5708932006903,Compeed Hydro Cure System Small Blister 6 Pack,No regulation
7332531097901,Schwarzkopf Got2b Hairspray Happy Hour 300ml,No regulation
5055172212374,Sure Travel Flight Socks Large 1 Pair,No regulation
5060128984656,Dentemp Loose Cap & Lost Filling Repair 2.2g,No regulation
5060216564944,"Haliborange Vitamins A, C & D Orange Chewable 60 Tablets",No regulation
5010605142642,Bepanthen Nappy Care Ointment 30g,GSL
5060375230124,Flarin Joint & Muscular Pain Relief 12 Pack,GSL
4987072020760,Cura-Heat Neck Direct To Skin 3 Patches,No regulation
96060896,Schwarzkopf Got2b Oil-licious Styling Oil 50ml,No regulation
5000488109368,Bach Rescue Plus Vitamins Orange and Elderflower 10 Lozenges,No regulation
0708002404610,Faith In Nature Blue Cedar Shampoo 400ml,No regulation
5011417583227,Nuromol 16 Pack,GSL
5025903023067,Careway Tens Pads 4 Pack,No regulation
4770001001400,Ecodenta Certified Organic Juicy Fruit Kids Toothpaste 75ml,No regulation
5025135000973,Malibu Carotene Bronzing Butter SPF6 300ml,No regulation
5017007022558,Acid Reflux Treatment - Lansoprazole 15mg GR 28 Capsules,P
0714924022894,Jamaican Mango & Lime Black Castor Oil 118ml,No regulation
4013162019250,Fenjal Shower Mousse 200ml,No regulation
5037353000321,Skins Dots & Ribs Condoms 12 Pack,No regulation
5011309068719,Care+ Care Senna 12 Years Plus 7.5mg 100 Tablets,P
0309974755641,Mitchum Woman Powder Fresh Stick Deodorant 41g,No regulation
5038581159133,Yankee Candle Home Inspiration Sweet Petals 200g,No regulation
5011501040513,Deep Heat Pain Relief Spray 150ml,GSL
5060447949015,Childs Farm 3 in 1 Swim Strawberry & Mint 250ml,No regulation
5038581159140,Yankee Candle Home Tropical Candle 200g,No regulation
8001841266930,Pantene Conditioner Sheer Volume 360ml,No regulation
5010605106026,Canesten Antifungal Cream 20g,P
0850278004770,Bondi Sands Gradual Tanning Milk 100ml,No regulation
3663555002621,Compeed High Heel Blister Plasters,No regulation
8720182782984,Lynx Duo Gift Set Black,No regulation
5060395460006,Accrete D3 60 Film-Coated Tablets,P
5060704340326,Acala Konjac Sponge Pure Half Ball,No regulation
5029053583778,Huggies DryNites Pyjama Pants Girl 8-13 Years Nappies 9 Pack,No regulation
3574660626094,Sudafed Congestion Relief Spray 10ml,GSL
0708002401619,Faith In Nature Grapefruit & Orange Shampoo 400ml,No regulation
5037353001632,Skins Flavoured Condoms 12 Pack,No regulation
5052197025989,Durex Thin Feel Condoms 6 Pack,No regulation
4770001002162,Ecodenta Organic Whitening Fluoride Toothpaste with Papaya 75ml,No regulation
5022545077281,Bathtime Buddies Alphabet Set,No regulation
5060010283980,Phorpain Gel Maximum Strength 10% 50g,P
8710522939253,Radox Restoring Bath Collection Gift Set,No regulation
5010123731717,Calpol Six Plus Paracetamol Sachets 12 Pack,GSL
5000158066656,Fybogel Hi-Fibre Lemon 10 Sachets,GSL
5015802267709,Wax Lyrical Reed Diffuser Aromatic Sandalwood 40ml,No regulation
5065000523145,Pukka Three Ginger Tea 20 Sachets,No regulation
3600522594017,L'Oréal Skin Perfection Micellar Water 200ml,No regulation
5055172201408,Sure Hot Water Bottle Faux Fur Cover,No regulation
4770001007648,Ecodenta Certified Organic Whitening Toothpaste 75ml,No regulation
5017371151533,Calypso Deep Tanning Oil Spray SPF30 Monoi Tahiti 200ml,No regulation
0745114095664,GO2 Sleep Inhaler Stick 1ml,No regulation
5011501016075,Deep Freeze Glide On Gel 50g,No regulation
5037353000352,Skins Ultra Thin Condoms 12 Pack,No regulation
5708932006910,Compeed Blister Medium Plasters 5 Pack,No regulation
5010934001764,Vagisil Ultra Fresh Intimate Powder 100g,No regulation
3573994006312,Dexeryl Cream 250g,No regulation
5012583211587,Schwarzkopf Hairspray Ceramide 400ml,No regulation
5025970013305,Nivea Luxurious Lips Lip Balm 4 x 4.8g,No regulation
5060332534616,Lindens Health + Nutrition Red Clover 1000mg 90 Tablets,No regulation
0017854117532,"Baylis & Harding Jojoba, Vanilla & Almond Oil Bath Salts",No regulation
3600541276451,Garnier Ambre Solaire Sensitive Face & Neck SPF50+ 50ml,No regulation
0708002407727,Faith In Nature Wild Rose Conditioner 400ml,No regulation
4013162035267,Fenjal Intensive Avocado Oil & Shea Butter Shower Mousse 200ml,No regulation
5011831097096,Mates King Size Condoms 14 Pack,No regulation
5034445001792,The Body Doctor AB Mask,No regulation
5000347037689,Corsodyl Alcohol Free Mouthwash Mint 300ml,GSL
5000288309005,Scholl Verruca Removal Plaster 15 Pack,No regulation
0010181034084,Palmer's Coconut Oil Formula Moisture Boost Conditioner 400ml,No regulation
0708002401671,Faith In Nature Grapefruit & Orange Body Wash 400ml,No regulation
5391513951756,Dioralyte Blackcurrant 6 Sachets,GSL
5029053583662,Huggies DryNites Pyjama Pants Teen Boy 13+ Years Nappies 9 Pack,No regulation
5021769992318,Technic 12 Day Bath Fizzer Advent 645g,No regulation
5010724512647,Nair Nourish 50ml Brush On Facial,No regulation
5060218601401,Ever Ready Double Sided Foot Callus Rasp,No regulation
5038581071213,Yankee Candle Home Inspiration Set 4 Pack,No regulation
5021769999065,Technic Super Star Makeup Collection,No regulation
5099151007636,Colofac IBS 135mg 15 Tablets,P
6936983119467,2San Vaginal pH Test,No regulation
0745114095633,GO2 Energy Inhaler Stick 1ml,No regulation
8717644277904,Lynx Dark Temptation Dark Chocolate Deodorant Spray 150ml,No regulation
5028763015067,Wisdom Active Whitening Teeth Whitening Strips 14 Pack,No regulation
5025135111679,Malibu SPF12 Lotion 400ml,No regulation
7614700033010,Pernaton Warming Gel 50ml,No regulation
5038581065878,Yankee Candle Home Inspiration Cherry Vanilla 104g,No regulation
5029053583761,Huggies DryNites Pyjama Pants Boy 8-13 Years Nappies 9 Pack,No regulation
5012008747103,Pro:Voke Touch Of Silver Go Icy Conditioner 150ml,No regulation
5060332532230,Lindens Health + Nutrition Celery Seed 200mg 60 Capsules,No regulation
4005900895417,Nivea Double Effect Eye Make-Up Remover 125ml,No regulation
5037353004350,Skins Banana Condoms 12 Pack,No regulation
0071409543252,Mane 'n Tail Deep Moisturising Conditioner 355ml,No regulation
3600523581818,L'Oréal Men Expert Stress Resist Anti-Perspirant Deodorant 150ml,No regulation
5060229012272,Pukka Womankind Tea 20 Sachets,No regulation
0817513015427,Cantu Shea Butter Care for Kids Leave-In Conditioner 283g,No regulation
5060332534760,Lindens Health + Nutrition Lecithin 1200mg 90 Capsules,No regulation
5055172201392,Sure Hot Water Bottle Ribbed Rubber,No regulation
0017854118607,Baylis & Harding Football Penalty Shoot Out Bath Bubbles,No regulation
5011309019117,Covonia Chesty Cough Mixture Mentholated 150ml,GSL
5038581065885,Yankee Candle Home Inspiration Cosy Up Small Jar 104g,No regulation
0708002406119,Faith In Nature Blueberry Shampoo 400ml,No regulation
5025135113376,Malibu Lotion SPF50 200ml,No regulation
5054563076281,Piriton Allergy 30 Tablets,P
8809844993118,Dr.Jart+ Ceramidin Skin Barrier Moisturising Mask 22g,No regulation
5000158104334,Nurofen Day & Night Cold & Flu 200mg/5 mg 16 Tablets,GSL
8710522938287,Dove Men Daily Care Duo Gift Set,No regulation
5017123171987,Allerief 2mg/5ml Oral Solution 150ml,P
5021769917045,Technic Man'Stuff Closer Shave Trio Gift Set,No regulation
5060025370033,Orajel Extra Strength Dental Gel 5.3g,P
5025135000959,Malibu Carotene Bronzing Butter SPF4 300ml,No regulation
5025135121081,Malibu 2x100ml SPF50 Lotion & After Sun,No regulation
5029053583679,Huggies DryNites Pyjama Pants Teen Girl 13+ Years Nappies 9 Pack,No regulation
5037353000512,Skins Extra Large Condoms 12 Pack,No regulation
3614228130448,Opi Infinite Shine 2.0 Nail Polish Boys Be Thistle-Ing At Me 15ml,No regulation
8716900572432,Fortini 1.0 Multi Fibre Banana 200ml,No regulation
5099151015297,Duphalac Lactulose Oral Solution 500ml,P
5060519143235,Pukka Cacao Maca Magic Latte 90g,No regulation
5012617001658,Accord Paracetamol 500mg 24 Effervescent Tablets,GSL
5060342241221,GlucoRx Insulin Pen Needles 31G 6mm 100 Pack,No regulation
0047701500026,DenTek Temparin Max Tooth Repair Kit,No regulation
5012654203480,Belladonna Plaster Pain Relief Small 2 Pack,P
5000283661900,Dulcolax Twelve Plus 5mg Gastro-Resistant Bisacodyl 40 Tablets,P
5060216564838,Haliborange Kids Orange Multivitamin 30 Fruit Softies,No regulation
5060455143214,Brushworks Professional Blow Dry Hair Brush,No regulation
5010123719982,Calpol Sugar Free Infant Suspension Strawberry 12 Sachets,GSL
5027097050003,Tyrozets 24 Lozenges,P
0615908432459,TIgi Bed Head Conditioner Colour Goddess 600ml,No regulation
5060209732435,Epimax Isomol Gel 500g,No regulation
5060332532018,Lindens Health + Nutrition Dandelion 250mg 60 Capsules,No regulation
5000283661979,Dulcolax Adult Pico Liquid Sugar-Free 100ml,GSL
7350075692734,The Humble Co. Dental Floss Picks 50 Pack,No regulation
5060229014436,Pukka Clean Matcha Green Tea 20 Sachets,No regulation
5052197013405,Scholl Fresh Step Shoe Spray 150ml,No regulation
5025970010649,Nivea Hydrate & Go Set 4Pc,No regulation
5038581159072,Yankee Candle Home Inspiration Cherry Berry 200g,No regulation
0708002407772,Faith In Nature Wild Rose Body Wash 400ml,No regulation
3574661648804,Calpol Six Plus Years Fastmelts Strawberry 12 Tablets,GSL
7332343000632,Stericlens Sterile Saline Spray 100ml,No regulation
0708002403415,Faith In Nature Chamomile Dog Shampoo 400ml,No regulation
5017353505309,Nicotine Replace Lozenges 4mg 36 Pack,GSL
0856175002024,Fake Bake Beyond Bronze Instant Tan Shimmer Light 125ml,No regulation
5010527371304,Olay Classic Beauty Fluid Regular 100ml,No regulation
50884506,Max Factor Pan Stik Olive 30,No regulation
5021265220403,Vitabiotics Osteocare Chewable 30 Tablets,No regulation
0708002400117,Faith In Nature Rosemary Shampoo 400ml,No regulation
8901175018925,Milpharm Sildenafil 100mg 4 Tablets,P
5000158063938,Lemsip Max Cold & Flu Lemon 10 Sachets,GSL
5021265249282,Vitabiotics Osteocare Original 30 Tablets,No regulation
5000347034091,Sensodyne Pronamel Gentle Whitening Toothpaste 75ml,No regulation
5060057402894,Almus Lactulose Oral Solution 500ml,P
5027097372426,Daktarin 2% Miconazole Nitrate Cream 15g,P
0745114095688,GO2 Focus Inhaler Stick 1ml,No regulation
8720181192067,Lynx Epic Fresh Body Spray 200ml,No regulation
5060040641941,Barber Pro Face Putty Pouch 7ml 3 Pack,No regulation
50158225,Dettol Liquid Chloroxylenol 4.8% w/v 750ml,No regulation
3616302748754,Max Factor Creme Puff Candle Glow 55 14g,No regulation
0615908432268,Tigi Bed Head Shampoo Serial Blonde 600ml,No regulation
5000476010447,Johnson's Veterinary Calm-eze 36 Tablets,No regulation
8801619051856,St. Ives Hydrating Daily Facial Cleanser Watermelon 200ml,No regulation
5000167009156,Dequadin 40 Lozenges,P
5011309899917,Acriflex Cooling Burns Gel 30g,No regulation
8720182782960,Lynx Africa Duo Gift Set,No regulation
5034445001808,The Body Doctor AB Mask Filters 5 Pack,No regulation
3616302748747,Max Factor Creme Puff Tempting Touch 53 14g,No regulation
5060546081029,&SISTERS Remüvie Intimate Stain Remover Plant-Based,No regulation
5015802221251,Wax Lyrical Reed Diffuser 40ml Mediterranean Orange,No regulation
5060704340180,Acala Cucumber Aloe & Lime Soap 100g,No regulation
5019301999529,Barry M Nail Polish Set,No regulation
5060704340296,Acala Copper Tongue Scraper,No regulation
8801619051849,St. Ives Glowing Daily Facial Cleanser Apricot 200ml,No regulation
5011309451214,Covonia Medicated Lozenges Sugar Free 36 Pack,P
5060229012005,Pukka Supreme Matcha Green 20 Tea Bags,No regulation
5011417591260,Optrex Dazzling Eye Drops 10ml,No regulation
5012008729109,Pro:Voke Touch Of Silver Cool It Blue Conditioner 200ml,No regulation
5055565706473,Accord Sildenafil 100mg 4 Tablets,P
0708002405327,Faith In Nature Avocado Conditioner 400ml,No regulation
0745114095640,GO2 B.Calm Inhaler Stick 1ml,No regulation
0010181025433,Palmer's Olive Oil Formula Smoothing Shampoo 400ml,No regulation
0079400204424,Toni & Guy Damage Repair Conditioner 250ml,No regulation
3600524055349,L'Oréal Elvive Dream Lengths Conditioner 200ml,No regulation
0000009442917,Opi Infinite Shine 2.0 Nail Polish Got Myself Into A Jambalaya 15ml,No regulation
5391531562767,Spotlight Oral Care Floss Picks for Whitening Teeth 50 Pack,No regulation
5054563129826,Centrum Advance Adults Multivitamin 30 Tablets,No regulation
0017854047570,Baylis & Harding Black Pepper & Ginseng Twin Bottle Gift Set,No regulation
5011309400519,Care Epsom Salts 300g,GSL
96190968,Eurax HC Cream 15g,P
5025135121043,Malibu Kids Continuous Spray SPF30 175ml,No regulation
8710908371509,Simple Kind To Skin Micellar Water 400ml,No regulation
5060332534692,Lindens Health + Nutrition Devils Claw Formula 90 Tablets,No regulation
3361370717170,Milton 12 Antibacterial Laundry Tablets,No regulation
5011309672510,Savlon Antiseptic Cream 100g,GSL
8006540109328,Aussie Mega Conditioner 200ml,No regulation
3600522083269,L'Oréal Paris Triple Active Night Cream 50ml,No regulation
8809598452442,COSRX Advanced Snail Mucin Power Essence Sheet Mask,No regulation
5010249309852,FSC Vitamin D3 Liquid 30ml,No regulation
5010441013762,Numark Chloramphenicol 1% w/w Eye Ointment 4g,P
5025135119750,Malibu SPF50 Kids Coloured Lotion 150ml,No regulation
3600541895508,Garnier Pure Active 3-In-1 Charcoal Blackhead Mask Wash Scrub 150ml,No regulation
5060084170766,Profoot Softgel Toe Tube,No regulation
5029053536279,Huggies DryNites Frozen Pyjama Pants 3-5 Years Nappies 10 Pack,No regulation
5012616266119,Jungle Formula Bite & Sting Relief Spray 50ml,No regulation
5391510474142,Ultrapure Eucalyptus Oil 25ml,No regulation
5060704340227,"Acala Grapefruit, Sea Kelp & Sea Salt Scrub Soap 100g",No regulation
5034445001525,The Eye Doctor Baby Lid Wipes 20 Pack,No regulation
5029354015244,Aloe Pura Aloe Vera Purifying Hand Cream 75ml,No regulation
5065000523138,Pukka Three Mint 20 Tea Bags,No regulation
5016379105005,Anhydrol Forte Excessive Sweating Deodorant 60ml,P
4031626711687,Hylo-Night Eye Ointment with Vitamin A 5g,No regulation
5060229012241,"Pukka Chamomile, Vanilla & Manuka Honey Tea 20 Sachets",No regulation
5060148524238,BetterYou Magnesium Menopause Bath Flakes 750g,No regulation
5037353000451,Skins Assorted 12 Pack,No regulation
5025135111600,Malibu SPF8 Lotion 400ml,No regulation
5021265244072,Vitabiotics Ultra Vit B Complex 60 Tablets,No regulation
8718951112742,Colgate Plax Fresh & Protect Cool Mint Mouthwash 1L,No regulation
96170823,BetterYou D400 Junior Vitamin D3 Spray 15ml,No regulation
5054563111579,Sensodyne Pronamel Mineral Boost Toothpaste 75ml,No regulation
5038581159201,Yankee Candle Home Inspiration Creamy Coconut 200g,No regulation
8720181477294,TRESemmé Colour Revitalise Conditioner 500ml,No regulation
5060320560290,SunVit-D3 800IU 28 Capsules,No regulation
5011501000005,Deep Heat Muscle Rescue Heat Spray 75ml,No regulation
5060332532063,Lindens Health + Nutrition Hemp Seed Oil 300mg 100 Capsules,No regulation
7322541745763,Tena Men Active Fit Pants Plus Blue Large/Extra Large 10 Pack,No regulation
5010605208140,Feminax Ultra Maximum Strength 9 Tablets,P
0708002400438,Faith In Nature Lavender & Geranium Body Wash 400ml,No regulation
5011501006731,Deep Heat Pain Relief Back Patch Extra Large 2 Patches,GSL
5027097407319,Imodium Instants 6 Tablets 2mg,GSL
5060704340197,Acala Green Clay Geranium & Lavender Soap 100g,No regulation
0708002400377,Faith In Nature Coconut Body Wash 400ml,No regulation
5060447948773,Childs Farm After Sun Lotion 100ml,No regulation
5060332533220,Lindens Health + Nutrition Fenugreek 610mg 100 Capsules,No regulation
5029053539706,Depend Comfort Protect for Women Extra Large 9 Pack,No regulation
8801619051825,St. Ives Soothing Daily Facial Cleanser Chamomile 200ml,No regulation
5054563158703,Centrum Kids Orange & Mix Berry 30 Gummies,No regulation
5012583211563,Schwarzkopf Keratin Mousse 250ml,No regulation
5037353000291,Skins Natural Condoms 12 Pack,No regulation
5000309006623,Robitussin Dry Cough Medicine 100ml,P
5012008714204,Inecto Natural Deep Hydrate Hair Mask 450ml,No regulation
4002448087441,Scholl Gel Activ Insoles Everyday Heels,No regulation
5038581065892,Yankee Candle Home Inspiration Exotic Fruits 104g,No regulation
5060176672222,Dr. Organic Tea Tree Blemish Stick 8ml,No regulation
5708932006934,Compeed Callous Plaster Medium 6 Pack,No regulation
5060601930293,BARBER PRO Foaming Cleansing Mask,No regulation
5038581088112,Yankee Candle Home Inspiration Glistening Christmas 104g,No regulation
0708002405310,Faith In Nature Avocado Shampoo 400ml,No regulation
5017353506450,Perrigo Ibuprofen 200mg/5ml Oral Suspension 100ml,P
0615908432305,Tigi Bed Head Conditioner Serial Blonde 600ml,No regulation
5000476010768,Johnson's Veterinary Ear Cleanser 50ml,No regulation
5038581159171,Yankee Candle Home Inspiration Cozy Cotton 200g,No regulation
5060332531820,Lindens Health + Nutrition Calcium 400mg 100 Tablets,No regulation
5010605296260,Rennie Peppermint 36 Chewable Tablets,GSL
5012583105114,Schwarzkopf Got2B 2 Sexy Spray Mousse 250ml,No regulation
5024874017259,Valupak Glucosamine & Chondroitin 30 Tablets,No regulation
5010605830587,Germoloids Suppositories 12 Pack,GSL
0047701504543,DenTek Orabrush Tongue Cleaner,No regulation
4103040043405,Sebamed Cleansing Bar Soap Free 150g,No regulation
0708002401626,Faith In Nature Grapefruit & Orange Conditioner 400ml,No regulation
5060704340173,Acala Rosehip Orange Patchouli Soap 100g,No regulation
5011309107517,Savlon Bites & Stings Gel Pain Relief 20g,GSL
5038581159195,Yankee Candle Home Inspiration Frosted Pine 200g,No regulation
0708002406126,Faith In Nature Blueberry Conditioner 400ml,No regulation
8809642712232,Dr.Jart+ Dermask Soothing Hydra Solution Mask 25g,No regulation
96183458,Anbesol Liquid 10ml,P
5391513951718,Anthisan Bite & Sting Cream 20g,GSL
5029354008741,Australian Tea Tree Purifying Body Wash 250ml,No regulation
7350075692741,The Humble Co. Dental Floss Charcoal Picks 50 Pack,No regulation
5054563057815,Corsodyl Alcohol Free Mouthwash Original 300ml,GSL
5025135116575,Malibu Lotion Spray SPF50 200ml,No regulation
3600521848920,L'Oréal Men Expert Fresh Extreme Anti-Perspirant 250ml,No regulation
5012254061145,TRESemmé Heat Defence Spray Care & Protect 300ml,No regulation
5060229011473,Pukka Elderberry & Echinacea Tea 20 Sachets,No regulation
0708002407628,Faith In Nature Shea & Argan Conditioner 400ml,No regulation
5000477977091,Olbas Oil Inhaler Twin pack 695mg,No regulation
5025135121111,Malibu Kids Lotion Spray SPF50 200ml,No regulation
7643022219130,Shea Moisture Red Palm Oil & Cocoa Reshaping Shine Butter 106g,No regulation
5025135116957,Malibu Dry Oil Spray SPF30 175ml,No regulation
5038581087962,Yankee Candle Home Inspiration Pomegranate Coconut 104g,No regulation
4005808805372,Nivea Men Active Age Moisturising Day Cream 50ml,No regulation
5038581159126,Yankee Candle Home Inspiration Garden Blooms 200g,No regulation
3616302748778,Max Factor Creme Puff Truly Fair 81 14g,No regulation
5060176674585,Dr. Organic Moroccan Argan Oil Deodorant 50ml,No regulation
4013162025701,Fenjal Sensitive Body Shower Creme 200ml,No regulation
5025970010687,Nivea Men Hydrate & Go Set 4Pc,No regulation
5055172213081,Medisure Digital Thermometer,No regulation
5000476020514,Johnson's Veterinary One Dose Wormer Size 1,No regulation
8801619051832,St. Ives Blemish Care Daily Facial Cleanser Tea Tree 200ml,No regulation
5037353001762,Skins Bubblegum Condoms 12 Pack,No regulation
5036631010281,Ashton & Parsons Teething Gel 10ml,GSL
5056585802725,Scholl Air Cushion Everyday Insoles 1 Pair,No regulation
3616302748792,Max Factor Creme Puff Translucent 05 14g,No regulation
5012583206682,Schwarzkopf Got2Be Ultra Glued Edge Styling Gel 150ml,No regulation
5060018512846,KIKI Health Alkaline Infusion 20g,No regulation
3574661493633,Aveeno Skin Relief Moisturising Hand Cream 75ml,No regulation
5038581065946,Yankee Candle Home Inspiration Soft Cotton 104g,No regulation
4770001002155,Ecodenta Organic Anti-Plaque Toothpaste with Coconut Oil 75ml,No regulation
5034268006097,ProVen Probiotics Urgent-C Immune Intensive (Nighttime) 7 Sachets,No regulation
0708002405372,Faith In Nature Avocado Body Wash 400ml,No regulation
3800219794625,Alteya Certified Organic Bulgarian Rose Water 60ml,No regulation
5060704340388,Acala Pocket Nail Brush,No regulation
5017007601289,Sudocrem Antiseptic Healing Cream 125g,GSL
3600541986633,Garnier Skin Naturals Tinted Wake Up Day Cream 50ml,No regulation
0017854106109,"Baylis & Harding Jojoba, Vanilla & Almond Oil Bath Bauble",No regulation
4013162027200,Fenjal Classic Hand Crème 75ml,No regulation
5060040640302,"BeautyPro Charcoal Mask with Gingko, Tea Tree & Lemon (3x7ml)",No regulation
5060519148315,Pukka Winter Warmer 20 Tea Bags,No regulation
5010249164109,FSC Figure Trim 8 42 Capsules,No regulation
5060519143693,Pukka Tulsi Clarity 20 Tea Bags,No regulation
0884486323286,MATRIX Biolage Conditioner Aqua Gel Colourlast 250ml,No regulation
5391531561241,Spotlight Oral Care Bamboo Interdental Brushes 0.5mm 8 Pack,No regulation
5011417590928,Optrex Multi Action Eyewash 100ml,No regulation
5060229014467,Pukka Mint Matcha Green 20 Tea Bags,No regulation
4770001007204,Ecodenta Black Cinnamon Whitening Toothpaste 100ml,No regulation
5017371153254,Calypso Press & Protect Sun Lotion SPF20 200ml,No regulation
5060519145468,Pukka Peace 20 Sachets,No regulation
5060601933102,"BeautyPro Pumpkin Infused Sheet Mask Pumpkin, Ivy & Bergamot 22ml",No regulation
5060704340302,Acala Charcoal Soap 100g,No regulation
5060704340234,Acala Hemp & Comfrey Soap 100g,No regulation
0073930568124,Duo Brush-On Striplash Adhesive White 5g,No regulation
0850835000030,Pukka Relax 20 Tea Bags,No regulation
5000347070761,Corsodyl 1% w/w Dental Gel 50g,P
5060040641743,BeautyPro Detox Charcoal Mask with Ginseng & Tea Tree 18ml,No regulation
8712561692595,Vaseline Spray Moisturiser Essential Healing 190ml,No regulation
5060040640555,BeautyPro Rejuvenating Sheet Mask Collagen Seaweed & Green Tea 23ml,No regulation
5407007650170,Bambaw Reusable Sanitary Pads Moderate Flow,No regulation
8006540109687,Head & Shoulders & Old Spice Set 2Pc,No regulation
5060040641668,BeautyPro FOOT THERAPY Foot Mask with Removable Toe Tips,No regulation
3600541354746,Garnier Miracle Anti-Ageing Skin Face Cream 50ml,No regulation
5060130445022,Clinell Contiplan All in One Cleansing Cloths 25 Pack,No regulation
5060601930859,BeautyPro HYALURONIC ACID Hydrating Sheet Mask,No regulation
5060601931894,"BeautyPro Turmeric Infused Sheet Mask Turmeric, Sugar Cane & Soybean 22ml",No regulation
5011309115710,Opticrom Hayfever 2% w/v Eye Drops 10ml,GSL
4049649000213,Artelac Nighttime Gel 10g,No regulation
5060332536290,Lindens Health + Nutrition Zinc 30 Lozenges,No regulation
8710447340196,Vaseline Original Selection Lip Tin 3 Piece Gift Set,No regulation
5010058044517,Fast Aid Clear Gel Blister Plaster 5 Pack,No regulation
5060229012043,Pukka Three Licorice 20 Tea Bags,No regulation
3800219794649,Alteya Organic Bulgarian White Rose Water (Rosa Alba) Spray 60ml,No regulation
5060062990201,Earth Friendly Baby Organic Bubble Bath Lavender 300ml,No regulation
0768455024650,Orahesive Protective Powder 25g,No regulation
5391531561265,Spotlight Oral Care Bamboo Interdental Brushes 0.7mm 8 Pack,No regulation
5011831087165,Skyn Non-Latex Condoms Extra Lube 6 Pack,No regulation
0010181045943,Palmer's Cocoa Butter Restoring Conditioner 250ml,No regulation
8809480782381,Shangpree Marine Jewel Nourishing Mask 30ml,No regulation
0817513016004,Cantu Softening Body Butter 205g,No regulation
5011501016136,Deep Freeze Gel 100g,GSL
5010934001481,Lanacane Medicated Cream Tube 30g,GSL
5029354015107,Aloe Pura Aloe Vera Body Wash 200ml,No regulation
5060119660088,Lumecare Daily Eyelid Wipes 20 Pack,No regulation
5017371155333,Calypso Travel Essentials Travel Pack,No regulation
0850835000115,Pukka Love Organic 20 Herbal Tea Sachets,No regulation
5029053539683,Depend Comfort Protect for Women Small/Medium 10 Pack,No regulation
5010605830464,Germoloids Cream 25g,GSL
5060519146090,Pukka Fresh Start 20 Sachets,No regulation
5060040641651,BeautyPro HAND THERAPY Gloves with Removable Fingertips,No regulation
5017371157672,Calypso Sun Lotion SPF30 200ml,No regulation
0850835000726,Pukka Vanilla Chai 20 Tea Bags,No regulation
9314839013805,SunSense Lip Balm SPF50+ 15g,No regulation
3600541894327,Garnier Pure Active Intensive Anti-Blackhead Charcoal Gel Wash 200ml,No regulation
4770001002179,Ecodenta Organic Sensitivity Relief Toothpaste 75ml,No regulation
5010441004432,Numark Moisturising Eye Drops 10ml,No regulation
3574661312224,Neutrogena Body Serum in Lotion 200ml,No regulation
5060601930217,BARBER PRO Under Eye Mask 3 Pack,No regulation
5010605640438,Canesten Athlete's Foot 1% w/w Cream 30g,GSL
5060342241207,GlucoRx CarePoint Insulin Pen Needles 4mm 31G 100 Pack,No regulation
5065000523930,Pukka Licorice & Cinnamon Tea 20 Sachets,No regulation
0850835000719,Pukka Original Chai 20 Tea Bags,No regulation
5060229011046,Pukka Wild Apple & Cinnamon 20 Tea Bags,No regulation
5012583204923,Schwarzkopf Got2Be Made 4 Mess Texturizing Putty 100ml,No regulation
5060332531318,Lindens Health + Nutrition Feverfew 200mg 60 Capsules,No regulation
5060209730264,Carmize Carmellose Eye Drop 1% 30 Pack,No regulation
5060229012562,Pukka Three Chamomile Tea 20 Sachets,No regulation
5017371110042,Calypso Sun Lotion SPF6 Pump 200ml,No regulation
5410076230020,Head & Shoulders Citrus Fresh Anti-Dandruff Shampoo 500ml,No regulation
5031013104145,Higher Nature Mum-2-Be 30 Tablets,No regulation
0033984018600,Solgar Niacin (Vitamin B3) 100mg 100 Tablets,No regulation
5060601930132,BeautyPro RETINOL Under Eye Patches 3 pairs,No regulation
5025135114687,Malibu Bronzing Butter with Beta Carotene 300ml,No regulation
5060342241238,GlucoRx CarePoint Insulin Pen Needles 8mm 31G 100 Pack,No regulation
5038483218600,Durex Play Tingling Gel 50ml,No regulation
3600523329915,L'Oréal Skin Expert Micellar Water Normal to Combination Skin 400ml,No regulation
3600523732838,L'Oréal Elvive Colour Protect Day Cream 150ml,No regulation
5025135000997,Malibu SPF 8 Carotene Butter 300ml,No regulation
0017854107281,Baylis & Harding Black Pepper & Ginseng Soap On A Rope 200g,No regulation
5060080353415,Vital Baby Hygiene Sanitising Water 500ml,No regulation
5036631004075,Ashton & Parsons Infants' Pack Powders 20 Sachets,GSL
5000158100664,Clearasil Rapid Action Clearing Toner 200ml,No regulation
5060704340203,Acala Chamomile Flowers & Lavender Soap 100g,No regulation
5060229011565,Pukka Elegant English Breakfast Tea 20 Sachets,No regulation
5010724513392,Answer One Step Pregnancy Test 2 Pack,No regulation
0017854109711,Baylis & Harding Sweet Mandarin & Grapefruit Bath Bauble,No regulation
5010249152779,FSC Standardised Rhodiola 30 Vegetarian Capsules,No regulation
5060601932297,BeautyPro Rose Infused Sheet Mask Rose Chamomile & Seaweed 22ml,No regulation
3574660634655,Benadryl Allergy Liquid Release 10mg – Lactose-free 7 Capsules,GSL
5391531561081,Spotlight Oral Care Bamboo Interdental Brushes 0.4mm 8 Pack,No regulation
5391531561258,Spotlight Oral Care Bamboo Interdental Brushes 0.6mm 8 Pack,No regulation
5065000523183,Pukka Night Time Tea 20 Sachets,No regulation
5012654112010,Carnation Verruca Care Plasters 4 Pack,No regulation
0017854117648,Baylis & Harding Wild Fig & Pomegranate Bauble,No regulation
5060209732503,Epimax Ointment 500g,No regulation
5065000523923,Pukka Lemongrass & Ginger Tea 20 Sachets,No regulation
3600542046275,Garnier Botanical Balm Moisturiser 3-in-1 140ml,No regulation
5060601930378,Barber Pro Gentlemen's Sheet Mask 23ml,No regulation
5063270111079,"Pukka Lemon, Ginger & Manuka Honey Tea 20 Sachets",No regulation
8017331051573,BlanX White Shock Instant White Toothpaste 75ml,No regulation
5060601932051,BeautyPro Avocado Infused Sheet Mask with Chia & Wild Yam 22ml,No regulation
5016379270000,Otex Ear Drops 8ml,P
5060704340210,Acala Oatmilk Almond & Lemongrass Soap 100g,No regulation
4005808924448,Nivea MicellAIR Sensitive Micellar Water 200ml,No regulation
8714789999548,Sanex Body Lotion Advanced Dermo Repair 250ml,No regulation
8714789997674,Sanex Advanced Atopicare Body Lotion 250ml,No regulation
8001090666826,Pantene Classic Clean 3-In-1 700ml,No regulation
5029354008536,Australian Tea Tree Organic Conditioner 250Ml,No regulation
0850835000016,Pukka Revitalise 20 Tea Bags,No regulation
4013162019038,Fenjal Intensive Hand Cream 75ml,No regulation
5065000523909,Pukka After Dinner Tea 20 Sachets,No regulation
0033984010802,Solgar Folacin (Folic Acid) 400µg 100 Tablets,No regulation
5060601932136,"BeautyPro Herb-Infused Sheet Mask with Rosemary, Chamomile & Noni Juice 22ml",No regulation
4005800230110,Elastoplast Aqua Protect Plasters 20 Pack,No regulation
5000347078859,Corsodyl Mouthwash Fresh Mint 300ml,GSL
8720181012839,Toni & Guy Stick It Up Gum 75ml,No regulation
8700216597005,Fixodent Ultimate No Flavour 40g,No regulation
3614229310061,Max Factor Facefinity All Day Concealer 40,No regulation
3600522374695,L'Oréal Sublime Fresh Deep Pure Foaming Water Cleanser 150ml,No regulation
8710908719127,Baby Dove Sensitive Moisture Fragrance Free Wipes Multi Pack 4 x 50,No regulation
3600522598152,L'Oréal Prodigy Oil Colour 9.1 White Gold,No regulation
5036631001074,Hydromol Ointment 125g,No regulation
5010605403170,Clarityn Allergy 10mg 10 Tablets,GSL
8030350901704,Alliance Aloclair Plus Spray Mouth Ulcer Treatment 15ml,GSL
3574661592824,Benadryl Allergy Natural Relief Spray 15ml,No regulation
8001841271910,Pantene Shampoo Colour Protect 500ml,No regulation
5060229011077,Pukka Blackcurrant Beauty Tea 20 Sachets,No regulation
5054563055750,Corsodyl Complete Protection Extra Fresh Toothpaste 75ml,No regulation
5060193640945,Bloom & Blossom Matilda's Detangler & Conditioner 200ml,No regulation
3574661288307,Neutrogena Hydro Boost Micellar Water 200ml,No regulation
5010249309753,The Food Supplement Company Vitamin B12 with Folic Acid 90 Tablets,No regulation
8809480782343,Shangpree Marine Jewel Illuminating Mask 30ml,No regulation
8710522602997,Vaseline 150 Years Beauty Bag Set,No regulation
3574660576481,Benadryl Allergy Children's 6+ Liquid 70ml,GSL
5060229014559,Pukka Turmeric Gold Tea 20 Sachets,No regulation
5060332535415,Lindens Health + Nutrition Flaxseed Oil 1000mg 90 Capsules,No regulation
8717163545652,Sure Motion Sense Cotton Dry Anti-Perspirant 250ml,No regulation
0731628764073,Filmstead Dissolvable Mouth Ulcer Film 12 Pack,No regulation
0884486323323,MATRIX Biolage Conditioner Aqua Gel Smooth Proof 250ml,No regulation
5010724533741,Stérimar Hay Fever & Allergy Relief 50ml,No regulation
5060229014528,Pukka Ginseng Matcha Green Tea 20 Sachets,No regulation
5060519140753,Pukka Turmeric Active Tea 20 Sachets,No regulation
5060229011589,Pukka Gorgeous Earl Grey Tea 20 Sachets,No regulation
8716900559181,Fortini 1.0 Multi Fibre Vanilla 200ml,No regulation
9335955000111,MooGoo Hydrating Cleansing Bar - Goats Milk 130g,No regulation
8809120647872,A By Bom 3 Step Ultra Moisture Mask 1 Pack,No regulation
3574660435221,Calpol 6+ Sugar Free Suspension Strawberry 80ml,GSL
5011309013719,Covonia Dry & Tickly Cough 150ml,GSL
9335955000135,MooGoo Hydrating Cleansing Bar - Oatmeal 130g,No regulation
5060519146144,Pukka Joy Tea 20 Sachets,No regulation
5012583210122,Schwarzkopf Max Hold Hairspray 400ml,No regulation
5038483000052,Paramol Paracetamol Dihydrocodeine 12 Tablets,P
3574661640822,Sudafed Mucus Relief Spray 15ml,GSL
5000488108453,Nelsons Tea Tree Cream Antiseptic 30g,No regulation
5054563051721,Corsodyl Daily Complete Protection Mouthwash 500ml,No regulation
3600540668967,Garnier Ambre Solaire Lotion SPF10 200ml,No regulation
3574661433400,Sudafed Sinus Ease Spray 15ml,GSL
5029354015084,Aloe Pura Aloe Vera Face Wash 150ml,No regulation
5060636882321,ecoLiving Mouthwash Tablets Dissolvable Fluoride Free 125 Tablets,No regulation
0010181045806,Palmer's Cocoa Butter Formula for Men Lotion 250ml,No regulation
3616303403287,Max Factor Priyanka Limited Edition Masterpiece Nude Eyeshadow Palette,No regulation
3574661475301,Oraldene Medicated Mouthwash 200ml,GSL
96114476,Vizulize Eye Wash 300ml,No regulation
5052197017724,Scholl Fresh Step Anti-Perspirant 150ml,No regulation
3574660667769,Benylin Mucus Cough & Cold All in One 16 Tablets,GSL
5060050350628,UltraDex Original Daily Oral Rinse 250ml,No regulation
5000283657354,Maalox Suspension 250ml,GSL
5015802221312,Wax Lyrical Reed Diffuser 40ml Exotic Fig,No regulation
5011501013739,Deep Heat Muscle Massage Roll-On Lotion 50ml,GSL
5391513951770,Dioralyte Citrus 6 Sachets,GSL
3600541381698,Garnier Color Sensation 6.60 Intense Ruby Red,No regulation
9335955000128,MooGoo Hydrating Cleansing Bar - Buttermilk 130g,No regulation
5029053536262,Huggies Drynites Boy 3-5 Yrs 10 Pack,No regulation
5711782000168,OrganiCup Organiwash 75ml,No regulation
0659436248946,HotTea Mama Morning Rescue,No regulation
5704947003425,O'Keeffe's Cooling Relief Lip Repair Balm 4.2g,No regulation
5060229014832,Pukka Mint Refresh Tea 20 Sachets,No regulation
3574661640860,Sudafed Blocked Nose & Sinus 16 Capsules,GSL
4015600588328,Aussie Miracle Recharge Frizz Remedy Conditioning Spray 250ml,No regulation
3600523717903,L'Oréal Men Expert Face Wash Hydra Sensitive 100ml,No regulation
5017007601784,Cymalon Cranberry Sachets 6 Pack,GSL
4103040043856,Sebamed Baby Lotion 100ml,No regulation
5011501000180,Deep Heat Max Strength 35g,GSL
5012564005044,Cetavlex Antiseptic Cream 50g,GSL
8809480782367,Shangpree Marine Jewel Hydrating Mask 30ml,No regulation
5010249041509,FSC Super Multi Mineral 30 Tablets,No regulation
3574661594828,Calpol Saline Nasal Drops 10ml,No regulation
8711600633896,Lynx Attract for Him High Definition Fragrance 150ml,No regulation
0708002403514,Faith In Nature Coconut Dog Shampoo 400ml,No regulation
5060332536191,Lindens Health + Nutrition Performula Sports 30 Capsules,No regulation
3600523434725,L'Oréal Men Expert Deodorant Invincible 96hr 150ml,No regulation
5011417571279,Lemlift Immune Support Orange Chewable 20 Tablets,No regulation
0033984009653,Solgar Ester-C Plus 24 Hour Immune Support 7 Powder Sachets,No regulation
0667803002510,Toni & Guy 3D Volumiser Spray 150ml,No regulation
5012616267918,SolpaOne - Paracetamol 1000mg 12 Soluble Tablets,P
4013162035526,Fenjal Intensive Avocado Oil & Shea Butter Foaming Soap 250ml,No regulation
5060180815141,Animology Curly Coat Shampoo 250ml,No regulation
5060180815387,Animology Heaven Scent Fragrance Mist 150ml,No regulation
5016379156106,Dermol Cream 100g,P
5391513951824,Dioralyte Relief Raspberry 6 Sachets,GSL
5029354015206,Aloe Pura Plus Devil's Claw Gel 50ml,No regulation
5060342241214,GlucoRx CarePoint Insulin Pen Needles 5mm 31G 100 Pack,No regulation
3600522945260,L'Oréal Men Expert Cool Power Anti-Perspirant 250ml,No regulation
5010249011557,FSC Vitamin E Cream with Calendula 100g,No regulation
0033984010642,Solgar Flavo-Zinc 50 Lozenges,No regulation
4042762060218,Balneum Intensiv Cream 5% Urea 50g,No regulation
5000158069671,Bonjela Junior Gel 15g,GSL
5060119660538,Evolve Carbomer 0.2% Eye Gel 10g,No regulation
5000283653240,Nasacort Allergy Nasal Spray 30Dse,P
5060144647702,Bulldog Original Deodorant 50ml,No regulation
7317400011653,TePe Interdental Brush Angle Mixed 6 Pack,No regulation
3760201136553,Lamazuna Toothbrush Soft Purple 1 Pack,No regulation
8006320046706,BlanX Classic White Toothpaste 75ml,No regulation
5060428198463,Vital Baby Nurture Protect & Care Nipple Shields,No regulation
5000347045233,Panadol Extra Advance 500mg/65mg 32 Tablets,P
5010249151000,FSC Siberian Ginseng 1000mg 30 Vegetarian Capsules,No regulation
4030571004189,Gel Tears Protection for Dry Eyes 10g,P
3574660127720,Compeed Blister On Toes 8 Plasters,No regulation
5060216564807,Haliborange Strawberry Multi Vitamins Softies 30,No regulation
5029354008321,Australian Tea Tree Antiseptic Cream 50ml,No regulation
5028816001207,Bee Health Propolis Throat Spray 50ml,No regulation
3574661221113,Calpol Blocked Nose Spray 3+ Years 15ml,GSL
5010605054228,Canesten Solution Clotrimazole 20ml,P
3574661356167,Sudafed Sinus Pressure & Pain 12 Tablets,P
6009702811178,Chewy Vites Kids Vitamin C 30 Gummies,No regulation
8712561613842,Lynx Bodyspray Black 200ml,No regulation
5060601930484,BARBER PRO Skin Renewing Foil Mask,No regulation
5060553601876,BeYou Bath Bomb Peppermint & Eucalyptus 150g,No regulation
5014749121976,CS Beauty Eco Friendly Detangle Brush,No regulation
0078522007296,Jason Orange Toothpaste 119ml,No regulation
3600540080400,Garnier Body Tonic Firming Lotion 400ml,No regulation
3760201136607,Lamazuna Toothbrush Medium (Red) 1 Pack,No regulation
5012008606509,Pro:Voke Liquid Blonde Intense Shine Conditioner 200ml,No regulation
5017007600176,Wind-eze Gel Caps 20 Capsules,GSL
5012564000056,Ultrabase Cream 100ml,No regulation
3760201136638,Lamazuna Toothbrush Soft (Blue) 1 Pack,No regulation
3331300097221,Stérimar Breathe Easy Daily 50ml,No regulation
5060553601852,BeYou Bath Bomb Orange Leaf & Grapefruit 150g,No regulation
5011309915112,Metanium Everyday Barrier Ointment 80g,No regulation
7322540852165,Tena Discreet Normal Pads 24 Pack,No regulation
8712561018630,Lynx Africa Anti Sweat Antiperspirant 200ml,No regulation
3760201136614,Lamazuna Toothbrush Soft (Yellow) 1 Pack,No regulation
5029066007162,Childs Farm Bubble Bath Organic Raspberry 250ml,No regulation
5000488104400,Nelsons Arnica Cream for Bruises 30g,GSL
5391531560602,Spotlight Oral Care Dental Floss for Whitening,No regulation
5060209732558,Epimax Moisturising Cream 500g,No regulation
5060704340067,Acala Bamboo Flannel,No regulation
8001090678645,Head & Shoulders Supreme Anti-Frizz Anti-Dandruff Shampoo 400ml,No regulation
3800219793055,Alteya Organic Hand Cream Rose Jasmine Moisture Dew 30ml,No regulation
7317400011592,TePe Interdental Brush Angle 0.7mm 6 Pack,No regulation
5010123667320,Calpol Six Plus Sugar Free Suspension 100ml,P
8719327597866,Altruist Sunscreen SPF50 100ml,No regulation
5010123667740,Benylin Children's Night Coughs 6+ Years 125ml,P
3760201136621,Lamazuna Toothbrush Medium (Yellow) 1 Pack,No regulation
9300631528791,Veet Natural Wax Strips for Normal Skin 20 Pack,No regulation
5391531560596,Spotlight Oral Care Dental Floss for Gum Health,No regulation
5055148400163,Lamberts Zinc 15mg (As Citrate) 90 Tablets,No regulation
4005900125484,Nivea Sun Protect Refreshing Sun Lotion SPF10 200ml,No regulation
5060332530984,Lindens Health + Nutrition Folic Acid 400mcg 240 Tablets,No regulation
5391531560619,Spotlight Oral Care Dental Floss for Decay,No regulation
5023652293090,Nature's Aid Vitamin D3 1000iu (25µg) 90 Tablets,No regulation
5060553601869,BeYou Bath Bomb Lemon & Neroli 150g,No regulation
3574661240282,Piz Buin Protect & Cool Refreshing Sun Mousse SPF10 150ml,No regulation
3760201136591,Lamazuna Toothbrush Soft (Red) 1 Pack,No regulation
5011309104615,Knect Lubricant 50ml,No regulation
3760201136577,Lamazuna Toothbrush Soft Green,No regulation
4710636646102,GlucoRx Lancing Device,No regulation
5013548102087,Bragg's Medicinal Charcoal 100 Tablets,No regulation
5060553601883,BeYou Bath Bomb Chamomile & Jasmine 150g,No regulation
5011501190010,Stop 'n Grow Anti-Biting Nail Varnish 7.5ml,No regulation
5012617002136,Accord Co-codamol 8/500mg 32 Tablets,P
8710908777110,Dove Invigorating Ritual Body Lotion Avocado & Calendula 250ml,No regulation
8710447249055,Lynx Body Spray Gold 200ml,No regulation
5012674061381,Stugeron 15 Tablets,P
5025903028338,Careway Mebeverine 15 Tablets,P
5010934005151,Vagisil Bladder Weakness Care 2in1 Wipes 12 Pack,No regulation
8712561982641,Dove Derma Spa Summer Revived Body Lotion 200ml,No regulation
3574660509137,Benylin Children's Chesty Coughs 6+ Years 125ml,P
0672153907200,Woody's Beard Balm 56.7g,No regulation
5060332536306,Lindens Health + Nutrition Vitamin C 500mg 120 Tablets,No regulation
3800219794687,Alteya Organic Hand Cleanser 100ml,No regulation
5030451003270,Movelat Gel Relief 40g,P
5055148412050,Lamberts Osteoguard 30 Tablets,No regulation
5060201410218,Sugar Coated Talc Pure Fine 75g,No regulation
6009702810867,Chewy Vites Kids Brain Support Omega-3 DHA 30 Gummies,No regulation
5011309501810,Hedrin Protect & Go Spray 120ml,No regulation
5430000934299,Bambaw Cotton Buds Box 400 Pack,No regulation
5010605054013,Canesten Cream 1% 20g,P
5060084171619,Profoot Blister Plasters 6 Pack,No regulation
5060135170257,Remedy Healthcare Vitamin A& D 28 Capsules,No regulation
5000477671180,Olbas Oil Inhalant Decongestant 12ml,GSL
0079400263322,Toni & Guy Intense Softness Shampoo 250ml,No regulation
5038483677995,Scholl Dual Action Foot File Split,No regulation
5010415230225,Tommee Tippee Closer to Nature Breast Milk Storage Bags 36 Pack,No regulation
0047701500897,DenTek Comfort Clean Easy Reach Floss Picks 60 Pack,No regulation
5016379321009,Salatac Wart Gel 8g,P
5000158064591,Gaviscon Liquid Peppermint 150ml,GSL
3574660593051,Sudafed Blocked Nose 24 Capsules,GSL
5060455144990,Brushworks Professional Oval Detangling Hair Brush,No regulation
5011417561737,Dettol Anti-Bacterial Mould & Mildew Remover 750ml,No regulation
5017539300445,Ever Ready Corn Callus Knife,No regulation
4770001331903,Ecodenta Triple Force Toothpaste 100ml,No regulation
8718951249608,Colgate Battery Toothbrush Batman Soft,No regulation
3574660569483,Ovex Single Tablet,P
5060201410201,Sugar Coated 100ml Mist Soothing,No regulation
5010249053656,The Food Supplement Company Sage Leaf 285mg Complex 90 Capsules,No regulation
5029354008260,Australian Tea Tree 100% Pure Oil 10ml,No regulation
5011309010114,Cerumol Extra Virgin Olive Oil Ear Drops 10ml,GSL
5011501000579,Deep Relief Triple Action Anti-Inflammatory Gel 30g,GSL
5012583210146,Schwarzkopf Vitamin B Volume Hairspray 400ml,No regulation
5016379175015,Doublebase Once Emollient Gel 100g,No regulation
5025135118692,Malibu Dry Oil Spray SPF50 200ml,No regulation
0078522090557,Jason Deodorant Stick Apricot 75g,No regulation
5000477799082,Kalms One-A-Night 21 Tablets,No regulation
3331300097382,Stérimar Congestion Relief 50ml,No regulation
5060185372915,St. Moriz Velvet Tanning Mitt,No regulation
50488780,Nelsons Teetha Teething Granules 24 Pack,No regulation
5011408061581,L'Oréal Age Perfect Refreshing Toner 200ml,No regulation
5010249024953,FSC Coq10 30mg 30 Capsules,No regulation
5060421930336,Aproderm Barrier Cream 30g,No regulation
0615908426748,Tigi Bed Head Shampoo Colour Goddess 400ml,No regulation
5016007455403,Celluvisc Eye Drops 1% w/v Unit Dose 30 Pack,P
5708932006927,Compeed Corn 10 Medium Plasters,No regulation
0672153907484,Woody's Beard Wash 187ml,No regulation
8710447337295,Lynx Anti-Perspirant Gold 200ml,No regulation
5060229012371,Pukka Herbal Collection Tea 20 Sachets,No regulation
5012654200748,Carnation Hydro Corn 10 Waterproof Dressings,No regulation
5011417570371,E45 Rich Hand Cream 50ml,No regulation
0010181032868,Palmer's Coconut Oil Body Firming Sheet Mask 2 Single Use Masks,No regulation
5015802221220,Wax Lyrical Reed Diffuser 40ml Lemon Verbena,No regulation
8809514550160,Rated Green Cold Brew Hibiscus Moisturising Scalp Pack 50ml,No regulation
5024874016122,"Valupak Hair, Nails & Skin 30 Tablets",No regulation
8714789683645,Colgate 360 Whole Mouth Clean Cheek & Tongue Cleaner,No regulation
5016870226049,Kinetik Wellbeing Instant Digital Thermometer,No regulation
3435172131004,Quies Ear Plugs Silicone Noise Reduction 3 Pairs,No regulation
5012674021101,Daktarin Aktiv Cream 15g,GSL
5017371151656,Calypso Carrot Oil with Tan Extender SPF6 200ml,No regulation
5060447949060,Childs Farm Baby Shampoo & Wash 250ml,No regulation
5012617018656,Sominex Herbal 30 Tablets,GSL
5015802221282,Wax Lyrical Reed Diffuser 40ml Vanilla Flower,No regulation
5061017640325,Mr. Mozzie After Sun with Mosquito Repellent 75ml,No regulation
5010934004246,Vagisil Itch Relief Intimate Wipes 12 Pack,GSL
5012583210108,Schwarzkopf Keratin Heat Protect Spray 200ml,No regulation
8713713076386,Doctor Gut Boating Relief 15 Capsules,No regulation
0071409543221,Mane 'n Tail Original Conditioner 355ml,No regulation
4820232640258,Apriori Slim Lavender Luster Medium,No regulation
5010934005144,Vagisil Bladder Weakness Care 2in1 Wash 250ml,No regulation
5060133376279,Cl-ear Express Ear Drops 12ml,GSL
5010441014332,Numark Footcare Blister Plasters 5 Pack,No regulation
5060209732459,Epimax Original Cream 500g,No regulation
5029053573724,Kleenex Allergy Comfort Regular Twin 2x56s,No regulation
3574669909228,Johnson's Baby Bedtime Oil 300ml,No regulation
8032668870444,Hydramed Night Eye Ointment 5g,No regulation
9421034852457,d3 Cohesive Bandage Compression Wrap 13.7m,No regulation
5025135002373,Malibu Bronzing Tanning Oil Passion Fruit SPF10 200ml,No regulation
5060018880303,Murine Hay Fever Relief Eye Drops 10ml,GSL
8809514550153,Rated Green Cold-Brew Rosemary Balancing Scalp Pack with Charcoal 50ml,No regulation
3600523717491,L'Oréal Men Expert Hydra Energetic Deep Exfoliating Face Scrub 100ml,No regulation
5015802221299,Wax Lyrical Reed Diffuser 40ml Fresh Linen,No regulation
5015802221213,Wax Lyrical Reed Diffuser 40ml Sea Breeze,No regulation
7322540560602,Tena Men Active Fit Absorbent Protector Level 3 8 Pack,No regulation
5060332535583,Lindens Health + Nutrition Vitamin B12 (250mcg) 120 Tablets,No regulation
5060447850014,Phizz Hydration + Vitamins & Minerals Orange Flavour 10 Tablets,No regulation
4770001009079,Ecodenta Black Volcanic Whitening Toothpaste 100ml,No regulation
5017007604693,Sildenafil Teva 100mg 4 Tablets,P
0708002401978,Faith In Nature Fragrance Free Body Wash 400ml,No regulation
9329401000145,The Goat Skincare Conditioner 250ml,No regulation
7702018466993,Gillette Blue Plus Disposable Razor 8 Pack,No regulation
5391512457235,Invita D3 800IU 28 Soft Capsules,P
5000198136401,Poligrip Flavour Free Denture Adhesive Cream 40g,No regulation
5016379262517,Freederm Gel 10g,GSL
5000488105247,Nelsons Teetha Teething Gel 15g,No regulation
8006540346785,Pantene Hair Spray Ultra Strong 250ml,No regulation
0708002404672,Faith In Nature Blue Cedar Body Wash 400ml,No regulation
5055193545055,The Kind Edit Co. Bubble Boutique Handcare Gift Set,No regulation
5021986000032,Vocalzone Throat Pastilles Honey & Lemon 24 Pack,No regulation
5060447949053,Childs Farm Baby Bubble Bath 250ml,No regulation
5021265247356,Wellman Energy Vitabiotics Natural Orange 10 Effervescent Tablets,No regulation
5010415510419,Tommee Tippee Nappy Odour Neutralising Spray 100ml,No regulation
5054563094056,Beechams Cold & Flu Powders Aspirin & Caffeine 20 Sachets,P
5000283659266,Dulcolax 5mg Gastro-Resistant 60 Tablets,P
3600523432653,L'Oréal Men Expert Aftershave Hydra Sensitive 125ml,No regulation
3760311310249,Lamazuna Oriculi Bioplastic Ecological Ear Cleaner (Red) 1 Pack,No regulation
0071409543290,Mane 'n Tail Deep Moisturising Shampoo 355ml,No regulation
4770001007624,Ecodenta Refreshing Whitening Toothpaste with Amber Extract 100ml,No regulation
8720182315663,Dove Gently Nourishing Mini Treasures Collection,No regulation
4820232640234,Apriori Slim Scarlet Eclipse Medium,No regulation
5000158106505,Nurofen Pain Relief 200mg 16 Soft Capsules,GSL
5060519147363,Pukka Green Collection Teas 20 Sachets,No regulation
5017371153230,Calypso Sun Lotion 12H Moisture SPF15 200ml,No regulation
5000158105294,Cuprofen Maximum Strength 24 Tablets,P
5060031471182,Activon Medical Grade Manuka Honey 25g,No regulation
0708002403613,Faith In Nature Lavender Dog Shampoo 400ml,No regulation
0850278004336,Bondi Sands Gradual Tanning Oil 270ml,No regulation
3361370086368,Milton Sterilising Fluid 1l,No regulation
0887910000081,Jerome Russell Bblonde High Lift Powder Bleach,No regulation
5054563107091,Corsodyl Whitening Toothpaste 75ml,No regulation
8001090728951,Pampers Splashers Size 5-6 Nappies 10 Pack,No regulation
0017854122260,Baylis & Harding The EDIT Cherry Temptation Body Lotion 236ml,No regulation
7322540770339,Tena Men Active Fit Protective Shield Extra Light 14 Pack,No regulation
5060361080429,Xailin Night Lubricating Eye Ointment 5g,No regulation
8006540280140,Old Spice Captain 3 in 1 Wash 675ml,No regulation
5029354010409,AloeDent Whitening Toothpaste with Fluoride 100ml,No regulation
8809514550184,Rated Green Cold Press Avocado Nourishing Scalp Pack with Banana,No regulation
4770001003367,Ecodenta Black Orange Whitening Toothpaste 100ml,No regulation
8710847956546,Dove Box Of Care Beauty Set 4 Piece,No regulation
5000158071308,Gaviscon Core Peppermint 250mg 24 Tablets,GSL
6001159118473,Bio-Oil Dry Skin Gel 50ml,No regulation
5025135117008,Malibu Continuous Spray Lotion SPF30 175ml,No regulation
0708002405792,Faith In Nature Dragon Fruit Hand Wash 400ml,No regulation
0708002405778,Faith In Nature Dragon Fruit Body Wash 400ml,No regulation
3600523708000,L'Oréal Men Expert Face Wash Pure Charcoal Anti Blackhead 100ml,No regulation
5012583210405,Schwarzkopf Vitamin B5 Mousse Volume 250ml,No regulation
5391513951794,Dioralyte Natural 6 Sachets,GSL
8714789260532,Colgate Battery Toothbrush Barbie,No regulation
5000167001426,Strepsils Honey & Lemon 24 Pack,GSL
5000347035494,Sensodyne True White Mint Sensitive Toothpaste 75ml,No regulation
5010249309913,FSC Magnesium Citrate 200mg 60 Tablets,No regulation
7322540016413,Tena Men Active Fit Absorbent Protector Level 2 10 Pack,No regulation
4770001003206,Ecodenta Sensitive Whitening Toothpaste with Omyadent 100ml,No regulation
5060320560375,Sunvit-D3 1000IU Cholecalciferol Vitamin D 28 Capsules,No regulation
5000477000102,Olbas Oil Large 28ml,No regulation
7350121253933,TePe Pure Mild Peppermint Toothpaste 75ml,No regulation
0782126202024,Natracare Cleansing Makeup Removal Wipes,No regulation
7350087736297,E45 Daily Hand Cream 50ml,No regulation
5013692264754,Umbro Energy Gift Set Shower Gel & Eau De Toilette,No regulation
0079400263339,Toni & Guy Intense Softness Conditioner 250ml,No regulation
5011309190113,Metanium Nappy Rash Ointment 30g,GSL
5000347098123,Beechams Flu Plus Hot Lemon 10 Sachets,GSL
4820232640197,Apriori Slim Tangerine Glow Soft,No regulation
0615908424676,Tigi Bed Head B for Men Clean Up Peppermint Conditioner 200ml,No regulation
5025135115790,Malibu Ski Duo Face Protection Cream SPF20 & Lip Protection SPF20,No regulation
5060421930114,Aproderm Colloidal Oat Cream 100ml,No regulation
5012583210160,Schwarzkopf Keratin Hairspray 400ml,No regulation
0071409543108,Mane 'n Tail Herbal Gro Conditioner 355ml,No regulation
0010181035708,Palmer's Coconut Oil Formula Foot Oil 100ml,No regulation
3331300097498,Sterimar Nasal Spray Kids 50ml,No regulation
4001638081863,Weleda Children's Tooth Gel 50ml,No regulation
0017854122291,Baylis & Harding The EDIT Vanilla Seduction Body Lotion 236ml,No regulation
0708002400230,Faith In Nature Seaweed & Citrus Body Wash 400ml,No regulation
5060332531110,Lindens Health + Nutrition Vitamin D3 3000IU 120 Capsules,No regulation
5060447948872,Childs Farm Hair & Body Wash Sweet Orange 250ml,No regulation
9317129040376,Flexitol Cuticle & Nail Cream 15g,No regulation
5034445001099,The Eye Doctor Biodegradable Lid Wipes 20 Pack,No regulation
5000488104356,Nelsons Arnicare Cooling Gel 30g,No regulation
4008976682172,Complan Shake Chocolate Flavour 4 x 57g,No regulation
5010441001295,Numark Paracetamol Suspension Cherry 120mg/5ml 200ml,P
5054563107114,Corsodyl Original Toothpaste 75ml,No regulation
5023652514065,Nature's Aid Super Stars Immune Chewable Tablets,No regulation
8809313490964,Skin Republic Collagen Infusion Face Mask 25ml,No regulation
0017854108745,"Baylis & Harding Goodness Oud, Cedar & Amber Hand & Body Lotion 500ml",No regulation
5060601938831,BeautyPro HYDRATING Hyaluronic Acid Facial Sheet Mask,No regulation
5060342241252,GlucoRx CarePoint Insulin Pen Needles 12mm 29G 100 Pack,No regulation
5010724530979,Anusol Hc Oint 30g,No regulation
5010724538036,Batiste Dry Shampoo Blush 280ml,No regulation
8001841272030,Pantene Pro-V Shampoo Smooth & Sleek 500ml,No regulation
5030451003300,Movelat Cream Relief 40g,P
3600523427536,L'Oréal Elvive Phytoclear Anti-Dandruff 2in1 Condition Shampoo 400ml,No regulation
5011309400410,Careway Cystitis Relief Sodium Citrate 6 Sachets,GSL
8809375621269,Beaudiani Aroma Mask Neroli,No regulation
5012616174407,Buttercup Syrup Original 75ml,GSL
0748378001143,Eco Style Krystal Styling Gel Max Hold 473ml,No regulation
5016379197505,Doublebase Dayleve Gel 100g,P
5051562019608,Otrivine Adult Metered Dose Nasal Spray 10ml,GSL
3760311310232,Lamazuna Oriculi Bioplastic Ecological Ear Cleaner (Yellow) 1 Pack,No regulation
5016379301018,Psoriderm Emulsion 40%w/v Bath Additive 200ml,P
3600522735250,L'Oréal Skin Perfection Anti-fatigue Moisturiser 35ml,No regulation
5000283659907,Opticrom Hay Fever Eye Drops 2% w/v 5ml,GSL
4770001337103,Ecodenta Whitening Fluoride Toothpaste with Bergamote 100ml,No regulation
5037589000447,After Bite Kids Cream Tube 20g,No regulation
5026445002572,Harmony Conditioning Temporary Hair Colour Victoria 100ml,No regulation
5012008729000,Pro:Voke Touch Of Silver Cool It Blue Shmpoo 200ml,No regulation
5051562013507,Otrivine Adult Sinusitis Spray 10ml,GSL
5010605830075,Germolene New Skin Liquid Plaster 20ml,GSL
5025135116896,Malibu Dry Oil Spray SPF6 175ml,No regulation
3574661609423,Imodium Dual Action Relief Tablets 6 Pack,GSL
5000476010393,Johnson' s Veterinary Toothpaste Triple Action 50g,No regulation
8710447339145,Simple Mini Regime 3 Piece Gift Set,No regulation
5000309006616,Robitussin Chesty Cough & Congestion Relief 100ml,P
5011309890211,Anodesyn Suppositories 12 Pack,GSL
5037808100750,Ever Ready Corn Plane,No regulation
3760311310263,Lamazuna Oriculi Bioplastic Ecological Ear Cleaner (Purple) 1 Pack,No regulation
5060229011107,Pukka Peppermint & Licorice 20 Tea Bags,No regulation
3616300985038,Opi Infinite Shine 2.0 Galleria Vittorio Violet 15ml,No regulation
5060427354747,St. Moriz No Mess Gradual Tanning Mousse Medium 200ml,No regulation
5060519144102,Pukka Feel New Tea 20 Sachets,No regulation
5029354012540,AloeDent Pro Sensitive Extreme Whitening Toothpaste 75ml,No regulation
5012008738309,Inecto Dream Cream Define & Shine Hair Serum 100ml,No regulation
4064665004656,Opi Infinite Shine 2.0 <3 Dtla 15ml,No regulation
5011309684513,Zeroveen Emollient Cream 100g,No regulation
3616300984932,Opi Infinite Shine 2.0 Nail Polish Suzi Talks with Her Hands 15ml,No regulation
0309974755665,Mitchum Women Pure Fresh Stick Deodorant 41g,No regulation
5023652446069,Nature's Aid Vegan Vitamin D3 1000iu 60 Tablets,No regulation
4031626710635,Vita-Pos Eye Ointment Preservative Free 5g,GSL
4064665090451,Opi Infinite Shine 2.0 Nail Polish Achievement Unlocked 15ml,No regulation
4084500128835,Herbal Essences Daily Detox Shine White Tea & Mint Conditioner 400ml,No regulation
5060332535750,Lindens Health + Nutrition Chromium Max 1000mcg 120 Tablets,No regulation
5060332535033,"Lindens Neurovits Plus (B1, B6, B12, Folic Acid) 90 Tablets",No regulation
5011309893014,Mycota Athletes Foot Cream 25g,GSL
4064665099621,Opi Infinite Shine 2.0 Cave The Way Nail Polish 15ml,No regulation
5000347034107,Sensodyne Mouthwash Pronamel Daily 250ml,No regulation
5010249041301,FSC Niacinamide Vitamin B3 60 Capsules,No regulation
5000309004513,Preparation H Clear Gel 25g,GSL
0678030024664,Toni & Guy Rough Texturiser 200ml,No regulation
5010249041455,FSC Cold Pressed Linseed Oil 1000mg 60 Capsules,No regulation
5035883003607,Snoreeze Snoring Relief 10 Nasal Strips S/M,No regulation
3600523427543,L'Oréal Elvive Phytoclear Shampoo Sensitive 400ml,No regulation
4064665090383,Opi Infinite Shine 2.0 Nail Polish Pixel Dust 15ml,No regulation
5011309097511,Savlon Burns & Scalds 0.25% w/v Cream 30g,GSL
5010605401855,Rennie Sugar Free 36 Tablets,GSL
5060040641712,BeautyPro SQUALANE Nourishing Sheet Mask,No regulation
5025903022909,Careway Hay Fever Relief 100 Metered Sprays,GSL
5099151015280,Duphalac Lactulose Oral Solution 300ml,P
3361370619177,Milton Mini Sterilising 50 Tablets,No regulation
5037808010295,Ever Ready Footfile,No regulation
5010605640407,Canesten Athlete's Foot Dual Action 1% W/W Cream 15gm,GSL
4064665100457,Opi Infinite Shine 2.0 Nail Polish Snow Holding Back 15ml,No regulation
4064665090376,Opi Infinite Shine 2.0 Quest for Quartz 15ml,No regulation
3574661187709,Imodium IBS Relief 2mg Soft Capsules 6 Pack,GSL
5010249028555,FSC Whole Bulb Garlic Vegetarian 60 Capsules,No regulation
4064665099652,Opi Infinite Shine 2.0 Nail Polish Clean Slate 15ml,No regulation
5010058044845,Fast Aid Zinc Oxide Non-Stretch Tape 5cm x 5cm,No regulation
5025135114083,Malibu Kids Sun Lotion SPF30 200ml,No regulation
50398645,VO5 Rework Putty 150ml,No regulation
5011417569627,Bonjela Soothing Teething Gel 15g,GSL
5000488527636,Bach Rescue Plus Lozenges Berry 10 Pack,No regulation
5060062994353,Lansinoh Breast Milk Storage Bags 25 Pack,No regulation
4013162019236,Fenjal Shower Creme 200ml,No regulation
5010249152007,FSC Korean Ginseng 1000mg 30 Tablets,No regulation
0010181043918,Palmer's Cocoa Butter Formula Foot Magic Moisturising Balm 60g,No regulation
5028763006188,Wisdom Easy Floss Daily Flosser + 25 Replacement Heads,No regulation
5012008755009,Inecto Curl Club Curl Activating Spray 200ml,No regulation
5010605830822,Germolene Wound Care Cream 30g,GSL
5024874017020,Valupak Glucosamine Sulphate 500mg Tablets 90 Pack,No regulation
8809375621245,Beaudiani Aroma Mask Mandarin & Sweet Orange,No regulation
4103040114204,Sebamed Baby Children's Shampoo 150ml,No regulation
5024874015439,Energy Release Vitamin B+C 20 Effervescent Tablets,No regulation
4987072079096,Cura-Heat Back Pain Max Size 2 sachet,No regulation
8720181287879,Dove Women Anti Perspirant Deodorant Powder 200ml,No regulation
8809514550177,Rated Green Cold Press Tamanu Oil Soothing Scalp Pack 50ml,No regulation
3760311310225,Lamazuna Oriculi Bioplastic Ecological Ear Cleaner (Blue) 1 Pack,No regulation
5013548103015,Braggs Charcoal 50 Capsules,No regulation
3614227922792,Max Factor Lash Revival Volume Boosting Primer 11ml,No regulation
5011417562598,Clearasil Multi Action 5 in 1 Exfoliating Scrub 150ml,No regulation
5060177240598,Odor-Eaters Heavy Duty Insoles One Size,No regulation
3331300097238,Stérimar Baby Nasal Spray 50ml,No regulation
5025135117602,Malibu Dry Oil Spray SPF10 175ml,No regulation
5026445002497,Harmony Conditioning Temporary Hair Colour Hazel 100ml,No regulation
8006540709467,Always Ultra Day Long Wings 20 Pack,No regulation
5011309018813,Tixylix Toddler Syrup 100ml,GSL
5026445002558,Harmony Conditioning Temporary Hair Colour Cherry 100ml,No regulation
5010249013193,FSC High Potency Cod Liver Oil 1000mg 60 Capsules,No regulation
5011309047318,Warts Treatment - Duofilm Cutaneous Solution 15ml,P
8809646190159,Pack-age Monthly New Feet 25g,No regulation
5025135112331,Malibu Lotion Spray SPF30 200ml,No regulation
5031013104381,Higher Nature Omega 3 Fish Oil 30 Capsules,No regulation
5011309725810,Eurax Anti Itch Cream 30g,GSL
8718951052109,Colgate Minions Extra Soft Battery Toothbrush,No regulation
7702018482740,Gillette Simply Venus 3 Women's Disposable Razors 4 Pack,No regulation
5060177240574,Odor-Eaters Extra Comfort Insoles One Size,No regulation
5010441015759,Numark Paracetamol 250mg/5ml Oral Suspension 80ml,GSL
7702018529865,Gillette Venus Riviera Touch of Aloe 2 Razors,No regulation
8710447212943,Dove Care + Visible Glow Self-Tan Lotion Light to Medium 250ml,No regulation
5025135113437,Malibu Dry Oil Spray SPF20 200ml,No regulation
5011784050513,Dentinox Cradle Cap Shampoo 125ml,GSL
5010724531013,Anusol Ointment 25g,GSL
5011309141719,Radian B Muscle Rub 100g,No regulation
5017848249411,Bell's Glycerin BP 200ml,GSL
5025135121005,Malibu Scalp Protector SPF50 100ml,No regulation
7317400026701,TePe Interdental Brushes 0.5mm 6 Pack,No regulation
8717163762202,Dove Soothing Caring Bath Moisturising Cream 450ml,No regulation
5060464502033,Ibuprofen 200mg 96 Tablets,P
5023652427013,Nature's Aid Tea Tree Oil 100% 10ml,No regulation
5010249028357,FSC Evening Primrose Oil Cream 100g,No regulation
5012654110023,Carnation Corn Caps 10 Pack,No regulation
5010441013069,Numark Ibuprofen 100mg/5ml Oral Suspension Strawberry 100ml,GSL
5028816000088,Bee Health Propolis Cream 60ml,No regulation
5051562028204,Otrivine Allergy Relief Nasal Spray 10ml,GSL
5010415460196,Tommee Tippee Closer To Nature Bottle Handles 2 Pack,No regulation
8809483316231,Leaders Coconut Bio Mask with Orange 30ml,No regulation
5025135112157,Malibu Dry Oil Spray SPF15 200ml,No regulation
3600541380837,Garnier Color Sensation 3.0 Prestige Black,No regulation
8809375621283,Beaudiani Aroma Mask Rose 25ml,No regulation
4005800206122,Elastoplast Wound Spray 100ml,No regulation
5010249024885,FSC Deglycyrrhized Liquorice 200mg 60 Tablets,No regulation
5060704340357,Acala Konjac Sponge Green Tea Infused,No regulation
0010181033087,Palmer's Coconut Oil Repairing Conditioner for Dry or Damaged Hair 313ml,No regulation
5026445002510,Harmony Conditioning Temporary Hair Colour Coco 100ml,No regulation
3574661493756,Piz Buin Moisturising Lipstick with Aloe Vera SPF30,No regulation
4013162019137,Fenjal Classic Creme Body Wash (Natural Oil) 200ml,No regulation
5025135002106,Malibu Tanning Oil with Coconut Spray SPF15 175ml,No regulation
4770001336991,Ecodenta Extra Black Whitening Toothpaste 100ml,No regulation
8710447212936,Dove Visible Glow Self-Tan Medium-Dark 250ml,No regulation
5037589000485,After Bite Xtra 20g,No regulation
3574661162232,Sudafed Congestion Headache Max Strength 16 Capsules,GSL
5023652220904,Nature's Aid Vitamin B Complex 90 Tablets,No regulation
5025135116919,Malibu Continuous Dry Oil Spray SPF15 175ml,No regulation
4595741624364,Valupak Glucosamine & Chondroitin 90 Tablets,No regulation
3614227962934,Max Factor Miracle Touch Foundation Almond 97,No regulation
4056800781294,Wella Silvikrin Hairspray Natural Hold 250ml,No regulation
5025135112690,Malibu Dry Oil Gel SPF10 200ml,No regulation
5010249152625,FSC Slippery Elm 250mg 30 Capsules,No regulation
5000309007675,Anadin Extra 32 Caplets,P
8700216365550,Oral-B Pro Expert Flossing Tape Deep Clean 50m,No regulation
5060704340333,Acala Konjac Sponge Aloe Vera Infused,No regulation
5054563039521,Corsodyl Gum Care Toothpaste Daily Fluoride Ultra Clean 75ml,No regulation
5012654200960,Carnation Chiropody Felt 1 Sheet,No regulation
0074305701160,Braggs Apple Cider Vinegar with The Mother 473ml,No regulation
4064665004939,Opi Nail Polish Turn Bright After Sunset 15ml,No regulation
8717644332153,Sure Men Antiperspirant Deodorant Aerosol Invisible Ice 250ml,No regulation
5017353506344,Galpharm Esomeprazole 20mg 7 Capsules,GSL
5016379299209,Otex Olive Oil Ear Drops 10ml,GSL
5023652511064,Nature's Aid Super Stars Bone Support 60 Chewable Tablets,No regulation
5010415323088,Tommee Tippee Bottle & Teat Brush,No regulation
5060180819231,Animology Tear Stain Remover 100ml,No regulation
5025135116216,Malibu Dry Oil Gel SPF15 200ml,No regulation
5060704340562,Acala Amber Glass Trigger Spray Bottle 500ml,No regulation
3574661239453,Neutrogena Visibly Clear Correct & Perfect Cream 50ml,No regulation
5060193641508,Bloom & Blossom The Very Hungry Caterpillar Baby Bubble Bath 200ml,No regulation
5000347040658,Poligrip Ultra Denture Fixative Cream 40g,No regulation
5060636880976,ecoLiving Handmade Soap 100g Tropical Paradise Coconut,No regulation
5000477218248,Olbas Bath Oil 250ml,No regulation
5021986000070,Vocalzone Original 24 Pastilles,No regulation
5060480200623,Georganics Corn Dental Floss Spearmint 50m,No regulation
5060480200517,Georganics Chewing Gum English Peppermint 30 Pack,No regulation
5010441008447,Numark Blister Plasters 5 Pack,No regulation
5060332531349,Lindens Health + Nutrition Chromium 200mcg (Picolinate) 100 Tablets,No regulation
5011784004660,Snufflebabe Vapour Bath 250ml,No regulation
5012583206835,Schwarzkopf Color Expert Omegaplex Mahogany Brown 4.68,No regulation
0669316076033,American Crew Firm Hold Styling Gel 100ml,No regulation
5052197053630,E45 Dermatological Intense Recovery Spray Moisturiser 200ml,No regulation
4064665090024,Opi Nail Polish Achievement Unlocked 15ml,No regulation
3574661244846,Neutrogena Visibly Clear Scrub 150ml,No regulation
5060025370019,Orajel Dental Gel Benzocaine 10% w/w 5.3g,GSL
5023652091504,Nature's Aid Premium Strength Rose Water 150ml,No regulation
8001090507747,Vicks Babyrub Cosmetic 50g,No regulation
3600522783220,L'Oreal Age Perfect Facial Cleansing Wipes 25 Pack,No regulation
8001090602152,Aussie Man Keep It Clean Shampoo 300ml,No regulation
8720181477249,TRESemmé Moisture Rich Shampoo 500ml,No regulation
0080376380210,Profoot Mens Double Cushion 1 Pair,No regulation
5025135119309,Malibu Tanning Oil Coconut SPF15 200ml,No regulation
8001090236739,Aussie Miracle Nourish Shampoo for Long Hair 300ml,No regulation
4064665100174,Opi Nail Polish Bring Out The Big Gems 15ml,No regulation
5011309064216,Tixylix Children's Dry & Tickly Cough 15% v/v Syrup 100ml,GSL
8809480781827,Shangpree Gold Black Pearl Eye Mask 1 Pair,No regulation
5025135117626,Malibu Lotion Spray SPF10 175ml,No regulation
5031013106514,Higher Nature Probio Easy Powder 45g,No regulation
3574669907088,Johnson's Nursing Breast Pads 30 Pack,No regulation
5010441013786,Numark Head Lice Treatment 59ml,P
0036000183399,Huggies Little Swimmers Size 3-4 Nappies 12 Pack,No regulation
5060332530328,Lindens Health + Nutrition Selenium 100mcg & Zinc 100 Tablets,No regulation
5012008738002,Inecto Natural Hydrate & Defrizz Hair Serum 100ml,No regulation
5012583205302,Schwarzkopf Colour Expert Omegaplex Light Cool Blonde 10.2,No regulation
5016379100451,Adex Gel 100g,No regulation
4064665099447,Opi Nail Polish Red-Veal Your Truth 15ml,No regulation
50398621,Vo5 Styling Wax 75ml,No regulation
5026445002909,Blue Stratos 150ml Bath & Shower Gel & 150ml Body Spray Set,No regulation
5010934001924,Seabond Denture Fixative Seals 15 Lowers,No regulation
5060704340340,Acala Konjac Sponge French Pink Clay Infused,No regulation
5031013102707,Higher Nature Folic Acid 90 Tablets,No regulation
4064665099515,Opi Nail Polish Clean Slate 15ml,No regulation
5060176670907,Dr. Organic Tea Tree Soap Bar,No regulation
0017854105751,Baylis & Harding Sweet Mandarin & Grapefruit Bauble 2021,No regulation
3616300984758,Opi Nail Polish Fall-Ing for Milan 15ml,No regulation
3600523430932,L'Oréal Paris Pure Clay Foam Wash Black 150ml,No regulation
5023652451025,Nature's Aid Daily MultiVit 20 Effervescent Tablets,No regulation
0010181041136,Palmer's Cocoa Butter Formula Baby Oil 150ml,No regulation
8809375621306,Beaudiani Aroma Mask Lavender 25ml,No regulation
4005900081889,Nivea Pure & Natural Anti-Wrinkle Night Cream 50ml,No regulation
5025135111259,Malibu Lotion SPF4 200ml,No regulation
5011309056419,Cetraben Lotion 50ml,No regulation
5060519143266,Pukka Turmeric Gold Latte 90g,No regulation
5023652364059,Nature's Aid Vit C 500mg No Sugar Chewable 50 Tablets,No regulation
5060571720610,UpCircle Bamboo 200 Cotton Buds,No regulation
5010415364722,Tommee Tippee Teethe & Cool Fish Teether,No regulation
5010441000687,Numark Hydrocortisone 1% w/w Cream 15g,P
9329401000121,The Goat Skincare Moisturising Cream 100ml,No regulation
0017854112230,Baylis & Harding Kindness+ Plant Collagen Rejuvenate Body Wash 500ml,No regulation
5055148400231,Lamberts Folic Acid 400mcg 100 Tablets,No regulation
7350075690082,The Humble Co. Brush Mixed Kids Ultra-Soft Pack,No regulation
8001841536873,Tampax Pearl Compak Regular Applicator Tampons 16 Pack,No regulation
0017854109261,Baylis & Harding Goodness Sleep 500ml Bath Soak,No regulation
5025970009728,Nivea Men Emergency Wash Kit Set 4Pc,No regulation
5017007603641,Motusol Gel 1.16% w/w Gel 30g,GSL
5010724538067,Batiste Dry Shampoo Sweetie 280ml,No regulation
5000167056549,Nurofen 200mg 24 Tablets,P
5010441013007,Numark Co-Codamol 8mg/500mg 32 Caplets,P
5011309268218,Care Ibuprofen 200mg 48 Tablets,P
5060704340135,Acala Bamboo Toothbrush Single,No regulation
5017007053835,Naproxen Period Pain Teva 250mg 28 Tablets,P
5010724536261,Trojan Ultra Thin Condoms 12 Pack,No regulation
5023652276093,Nature's Aid Vitamin D3 400iu 90 Tablets,No regulation
4015400498056,Always Ultra Normal Wings 26 Pack,No regulation
5011417570203,E45 Straightforward Skincare Daily Lotion 200ml,No regulation
5011309267419,Care+ Ibuprofen 5% Gel 50g,GSL
5010724544853,Batiste Night Light Cleanse 200ml,No regulation
5060704340272,Acala Sisal Soap Bag with Drawstring,No regulation
5010441014257,Numark Allergy Relief for Children 5mg/5ml Cetirizine Dihydrochloride Oral Solution 70ml,GSL
5010605829024,Germolene Antiseptic Dual Action 55g,GSL
5035559014807,Brulidine Antiseptic & Antibacterial Cream 25g,GSL
9335955000937,MooGoo Lip Balm - SPF 15 5g,No regulation
8718951645882,Sanex Expert Shower Cream Skin Relief 450ml,No regulation
4987072082300,Cura-Heat Max Size Direct To Skin 2 Pack,No regulation
5010724530955,Anusol Cream 23g,GSL
5033847002185,Kwells Kids 12 Tablets,P
4064665100150,Opi Nail Polish Charmed I'm Sure 15ml,No regulation
5011417585269,Scholl Blister Plaster Mixed 5 Pack,No regulation
4013162028108,Fenjal Classic Foaming Soap 250ml,No regulation
5099186001302,Pinewood Simple Linctus Sugar Free 200ml,GSL
5000158100589,Nurofen for Children 3 Months To 9 Years Strawberry 100ml,GSL
8005610434247,Max Factor Lipgloss Regale Burgundy,No regulation
5011309164114,Zeroguent Emollient Cream 100g,No regulation
5029066078469,Childs Farm Hair & Body Wash Blackberry & Organic Apple 250ml,No regulation
5025135002083,Malibu Continuous Fast Tanning Oil Spray 175ml,No regulation
5060193640846,Bloom & Blossom The BFG Bubble Bath 200ml,No regulation
5012617023582,Period Pain - Naproxen 250mg 28 Tablets,P
5060018880204,Murine Irritation & Redness Eye Drops 10ml,P
5016695926605,Viatris Lactulose 3.1-3.7 g/5ml oral solution 300ml,P
9335955000081,MooGoo Lip Balm - Vanilla Dream 5g,No regulation
9335955000913,MooGoo Lip Balm - Tingling Honey 5g,No regulation
3600542050531,Garnier SkinActive Aloe Refreshing Toner 100ml,No regulation
6281006485457,Pears Body Wash Original 500ml,No regulation
0017854105966,Baylis & Harding Limited Edition Mulberry Fizz Duo Bottle Gift Set,No regulation
5012617016706,Ferrous Sulfate 200mg 60 Tablets,P
3574661014593,Listerine Advanced Enamel & Sensitivity Protection Fresh Mint Mouthwash 500ml,No regulation
7350064160077,BioDenta Total Care Toothpaste 75ml,No regulation
5000174453218,Olay Complete Moisture & Glow SPF15 Day Lotion 100ml,No regulation
9329401000718,The Baby Goat Skincare Body Wash & Shampoo 250ml,No regulation
4064665099423,Opi Nail Polish Peace Of Mined 15ml,No regulation
3574661531847,Ogx Frizz Defying Coconut Oil Air Dry Cream 177ml,No regulation
0017854112216,Baylis & Harding Kindness+ Hyaluronic Acid Hand Wash 500ml,No regulation
4032651215010,Schulke Octenisan Wash Lotion 150ml,No regulation
5060018881478,Murine Dry & Tired Eye Drops 15ml,GSL
5038581134185,Yankee Candle Berry Mochi Small Jar 104g,No regulation
5010724538043,Batiste Dry Shampoo Cherry 280ml,No regulation
5000158070875,Lemsip Max All in One Lemon 4 Sachets,GSL
3574661648224,Ogx Fight Fallout Niacin & Caffeine Conditioner 385ml,No regulation
5017353504951,Galpharm Flu-Max All-In-One Chesty Cough & Cold 10 Sachets,GSL
3800219794663,Alteya Organic Chamomile Water 60ml,No regulation
5060176670693,Dr. Organic Tea Tree Toothpaste 100ml,No regulation
8006540709528,Always Ultra Duo Night 18 Liners,No regulation
5060133377184,Nasofed Relief Saline Nasal Spray - 15ml,GSL
0017854096103,Baylis & Harding The Fuzzy Duck Men's Ginger & Lime 500ml Shower Gel,No regulation
3574661669977,Benylin Herbal Chesty Cough Sugar Free Syrup 100ml,No regulation
5010249041172,The Food Supplement Company Magnesium 500mg 30 Capsules,No regulation
42389309,Nivea Star Skin Treats Set 5Pc,No regulation
5000347054235,Corsodyl Gum Care Daily Mouthwash Alcohol Free Mint Flavour 500ml,No regulation
5025135111396,Malibu Lotion SPF20 200ml,No regulation
5060013941610,Bristol Co-Codamol 8/500mg 32 Tablets,P
42209522,Max Factor Colour X-pert Waterproof Liquid Eye Liner Deep Black,No regulation
5000158063808,Disprin Soluble 32 Tablets,P
8006540514399,Pantene Conditioner Smooth & Sleek 350ml,No regulation
7322540679212,Tena Silhouette Low Waist Underwear White Large 5 Pack,No regulation
5060427351258,St. Moriz Self Tan Mousse Medium 200ml,No regulation
3574661251868,Aveeno Baby Daily Care Baby Cleansing Milk 300ml,No regulation
5016379000034,Ibuleve Gel 30g,P
0017854112223,Baylis & Harding Kindness+ Hyaluronic Acid Body Wash 500ml,No regulation
5025135118166,Malibu Aloe Vera Moisturising After Sun Gel 400ml,No regulation
4015600802769,Oral-B 3Dwhite Luxe Whitening Dental Floss 35M,No regulation
5055586607117,Eight Triple Eight Lavender Conditioner 1000ml,No regulation
4987072071113,CURA-HEAT ARTHRITIS PAIN FOR KNEE (4),No regulation
5060332535613,Lindens Health + Nutrition Vitamin D3 25mcg (1000IU) 120 Tablets,No regulation
5010605055195,Canesten Canesfresh Feminine Wipes 10 Pack,No regulation
3574660606027,Sudafed Decongestant 12 Tablets,P
5012008752008,Inecto Naturals Curl Club Shampoo 250ml,No regulation
7350121253315,TePe Interdental Brush Mixed 6 Pack,No regulation
5011501040094,Deep Heat Heat Rub 67g,GSL
3574661498430,Neutrogena Clear & Radiant Face Scrub 150ml,No regulation
9335955000920,MooGoo Lip Balm - Strawberry Tinted 5g,No regulation
5000158106499,Nurofen Pain Relief 256mg 16 Tablets,GSL
5023652320307,Nature's Aid Vitamin C 1000mg Low Acid 30 Tablets,No regulation
4056800745982,Wella Shockwaves Tuff Stuff Ultra Strong Gel 200ml,No regulation
8001841266909,Pantene Repair & Protect Conditioner 360ml,No regulation
5410076495849,Pantene Pro-V Extra Strong Hold Hair Spray 300ml,No regulation
5000174718058,Fixodent Plus Foodseal Denture Adhesive 40g,No regulation
5060193642062,Bloom & Blossom The Very Hungry Caterpillar Baby 3-In-1 Swim 200ml,No regulation
3600523232543,L'Oréal Men Expert Cool Power Shower Gel 300ml,No regulation
5010441011430,Numark Ibuprofen Pain Relief 5% Gel 50g,GSL
0736658797541,Wet Brush Plush Brush Blue Dog,No regulation
5018632274565,Safe & Sound Burn Plasters 7.5cm x 5cm 5 Pack,No regulation
0017854096127,Baylis & Harding The Fuzzy Duck Men's Ginger & Lime 250ml Hair & Body Wash,No regulation
3574660418439,Calpol Infant Oral Suspension Colour & Sugar Free 100ml,GSL
5060480200630,Georganics Natural Floss Charcoal 50m,No regulation
5000167014174,Femfresh Powder 200g,No regulation
5025135118050,Malibu Lotion SPF30 200ml,No regulation
5060660872633,AactiMed Cetomacrogol Cream BP 500g,No regulation
5021265246151,Vitabiotics Ultra Folic Acid 400µg with Vitamin B12 60 Tablets,No regulation
5011309914313,Metanium Everyday Barrier Ointment 40g,No regulation
5017007052302,Teva Fluconazole 150mg Capsule,P
5025135117985,Malibu Bronzing Tanning Oil SPF4 200ml,No regulation
5010415364500,Tommee Tippee Teethe & Soothe Easy Reach Baby Teethers 2 Pack,No regulation
5021769936145,Body Collection Relax Gift Set,No regulation
5026445002534,Harmony Conditioning Temporary Hair Colour Sandy 100ml,No regulation
5017848250226,Bell's Healthcare Codeine Linctus 15mg/5ml Oral Solution 200ml,P
5055144200293,Lipsore 5% Aciclovir Cream 2g,GSL
5010797005367,Selsun Dandruff Treatment Shampoo 2.5% 100ml,P
5060193641515,Bloom & Blossom The Very Hungry Caterpillar Baby Moisturiser 200ml,No regulation
5000488108439,Nelsons Calendula Cream 30g,No regulation
3800219794656,Alteya Organic Bulgarian Lavender Water Spray 60ml,No regulation
5023652261037,Nature's Aid Echineeze (Echinacea) 30 Tablets,No regulation
5060464500190,Numark Ibuprofen 400mg 24 Coated Tablets,P
5011451103917,Simple Eye Makeup Remover 125ml,No regulation
5017123453137,Low Back Pain - Naproxen 250mg 28 Tablets,P
5054563014627,Sensodyne Daily Care Deep Clean Fluoride Toothpaste 75ml,No regulation
8016825929589,Aquafresh Dentifricio Denti Tripla Protezione Formula Mineral Smalto 100ml,No regulation
5031013104664,Higher Nature Immune+ 30 Tablets,No regulation
5060193641492,Bloom & Blossom The Very Hungry Caterpillar Baby Hair & Body Wash 200ml,No regulation
4064666304182,Wella Shockwaves Volume Mousse 200ml,No regulation
8006540358627,Fixodent Adhesive Cream Original 40g,No regulation
3614229066463,Opi Nail Polish My Chihuahua Doesn't Bite Anymore 15ml,No regulation
0874211002685,Cantu Shea Butter Hair Dressing Pomade 113g,No regulation
4011700740291,4711 Original Deodorant Spray 150ml,No regulation
5010058063983,Pre-Injection Swabs 100 Pack,No regulation
4064665090086,Opi Nail Polish Heart & Con-Soul 15ml,No regulation
0810020170672,Bondi Sands Body Moisturiser Summer Fruits 500ml,No regulation
3574661237008,Benylin Children's Dry Cough & Sore Throat Syrup 1+ Year 125ml,GSL
5060193640921,Bloom & Blossom Matilda's Magical Pillow Spray 75ml,No regulation
9335955000906,MooGoo Lip Balm - Cow Lick 5g,No regulation
0017854112247,Baylis & Harding Kindness+ Plant Collagen Rejuvenate Hand Wash 500ml,No regulation
8720181477263,TRESemmé Colour Revitalise Shampoo 500ml,No regulation
7350064160060,BioDenta Charcoal toothpaste 75ml,No regulation
3616300984802,"Opi Nail Polish Addio Bad Nails, Ciao Great Nails 15ml",No regulation
5060209111223,"Westlab Sleep Lavender, Jasmine & Valerian Mineral Bath Salts 1kg",No regulation
5060176670662,Dr. Organic Aloe Vera Toothpaste 100ml,No regulation
7350075693786,Humble Co. Brush Mixed Adult Soft Pack,No regulation
5017371132068,Calypso Aloe Vera After Sun Gel 250ml,No regulation
5025135116872,Malibu After Sun with Tan Extender Lotion 400ml,No regulation
3614229831573,Adidas Team Force Feel The Impact Duo Gift Set for Men,No regulation
5028816000064,Bee Health Propolis Liquid 30ml,No regulation
5011309402810,Care Chlorhexidine Mouthwash Aniseed Flavour 300ml,GSL
5060528325882,Dirty Works Sole Surviour Foot Care Collection,No regulation
5060218601432,Ever Ready Soft Touch Corn Plane,No regulation
3574661098937,Neutrogena Deep Moisture Dry Skin Body Lotion 400ml,No regulation
5099186002934,Pinewood Ibuprofen 100mg/5ml Oral Suspension 100ml,P
3574661391335,Neutrogena Hydro Boost Body Gel Cream 250ml,No regulation
5028763010482,Wisdom Daily Gum Health Chlorhexidine Mouthwash 500ml,No regulation
8001090222756,Herbal Essences Bio:Renew Golden Moringa Oil Conditioner 400ml,No regulation
5010724538050,Batiste Dry Shampoo Tropical 280ml,No regulation
5011408061567,L'Oréal Age Perfect Smoothing & Anti-Fatigue Cleansing Milk 200ml,No regulation
5025135119248,Malibu Tanning Oil Argan SPF15 200ml,No regulation
0810020170030,Bondi Sands Body Moisturiser Tropical Rum 500ml,No regulation
5038580084788,Yankee Candle All Is Bright Small Jar 104g,No regulation
5010441013113,Numark Loratadine 10mg Allergy & Hay Fever 60 Tablets,P
5060135050146,O.R.S. Hydration Strawberry 12 Tablets,No regulation
96092002,Gaviscon Double Action Mint Flavour Chewable Tablets 12 Handy Pack,GSL
0017854120822,Baylis & Harding The EDIT Vanilla Seduction Body Wash 400ml,No regulation
5025135001574,Malibu Bronzing Tanning Monoi Oil SPF4 200ml,No regulation
7317400026626,TePe Interdental Brushes 0.4mm 6 Pack,No regulation
5010724533888,Anusol Soothing & Cleansing Flushable Wipes 30 Pack,No regulation
5000167047523,Nurofen Meltlets Lemon Self-dissolving 200mg 12 Tablets,GSL
5010249012516,FSC Vitamin C 1000mg 30 Tablets,No regulation
5033847002352,Sominex A Night Time Sleep Aid 16 Tablets,P
4987072068342,Cura-Heat Period Pain Relief Heat Patch 3 Patches,GSL
5055586607162,Eight Triple Eight Arnica Conditioner 1000ml,No regulation
5010934001917,Seabond Denture Fixative Seals 15 Uppers,No regulation
3574661091075,Benylin Infant's Cough Syrup Glycerol 3 Months+ 125ml,GSL
5025135116971,Malibu Lotion Spray SPF15 175ml,No regulation
5025135112508,Malibu Carotene Dry Oil Gel SPF8 200ml,No regulation
5029354010362,AloeDent Triple Action Toothpaste with Fluoride 100ml,No regulation
7317400026787,TePe Interdental Brushes 0.7mm 6 Pack,No regulation
5011417565209,Dettol All in One Disinfectant Spray 400ml,No regulation
3600520752471,L'Oréal Elvive Shampoo Nutri Gloss Shine 250ml,No regulation
5025135120725,Malibu After Sun Ice Blue Cooling Gel 400ml,No regulation
5054805039852,Wright's Traditional Soap 4 x 100g bars,No regulation
5011309960112,Care+ Senna 7.5mg 60 Tablets,P
0736658797510,Wet Brush Plush Brush Panda,No regulation
4064665090031,Opi Nail Polish Pixel Dust 15ml,No regulation
3600542486910,Garnier Hand Superfood Nourishing Avocado Balm 75ml,No regulation
5010249309517,FSC Rich Organic Golden Linseed 250g,No regulation
5060018881461,Murine Bright & Moist Eyes Drops 15ml,No regulation
9329401000725,The Baby Goat Skincare Moisturising Lotion 250ml,No regulation
5000158101289,Nurofen Express 256mg 16 Caplets,GSL
5000476010386,Johnson's Veterinary Anti Scratch Spray 100ml,No regulation
5060391844251,Dr. Organic Coconut Oil Toothpaste 100ml,No regulation
7317400026749,TePe Interdental Brushes 0.6mm 6 Pack,No regulation
5010249050808,FSC Peppermint Oil 50mg 90 Capsules,No regulation
8718951510494,Palmolive Up Body Wash Rose Petals 200ml,No regulation
4013162027835,Fenjal Sensitive Creme Soap 100g,No regulation
5025135113024,Malibu Dry Oil Gel Carotene SPF6 200ml,No regulation
5025135120428,Malibu Carotene Dry Oil Gel SPF15 200ml,No regulation
5010123722630,Calpol Infant Suspension Strawberry 100ml,GSL
7317400026664,TePe Interdental Brushes 0.45mm 6 Pack,No regulation
5013692263139,Baby Shark Bath Set 3pc,No regulation
5017848254484,Bell's Children's Cough Relief 31.25mg/5ml Oral Solution 200ml,GSL
3574660698169,Nicorette Cools Mint 2mg 20 Lozenges,GSL
5017371150543,Calypso Dry Oil Clear Protection SPF15 200ml,No regulation
7350064160053,BioDenta Sensitive Toothpaste 75ml,No regulation
3760311310256,Lamazuna Oriculi Bioplastic Ecological Ear Cleaner (Green) 1 Pack,No regulation
8720181218286,Dove Original 3-in-1 Beauty Cream Bar 4 x 90g Pack,No regulation
7317400026824,TePe Interdental Brushes 0.8mm 6 Pack,No regulation
5011309051612,Care Olive Oil Samaritan 185ml,No regulation
5010441013472,Numark Echinacea Cold & Flu Relief 30 Tablets,No regulation
5060193642055,Bloom & Blossom Matilda 3-In-1 Swim 200ml,No regulation
42429104,Nivea Protect & Moisture Lotion SPF30 50ml,No regulation
5060062990263,Earth Friendly Baby Organic Shampoo & Bodywash Lavender 250ml,No regulation
0022796974228,Ogx Hydrate & Defrizz Kukui Oil Conditioner 385ml,No regulation
8006540109205,Aussie Bronza Colour Conditioner 200ml,No regulation
5010724532997,Batiste Dry Shampoo Damage Control 200ml,No regulation
7702018073245,Gillette Fusion Cooling Men's Shaving Gel 200ml,No regulation
5025135002120,Malibu Aftersun Continuous Lotion Spray 175ml,No regulation
5011417585252,Scholl Blister Plaster 5 x Large Heel Plasters,No regulation
9335955004881,MooGoo Lip Balm - Natural Coconut 5g,No regulation
5000158100572,Nurofen for Children Orange 100ml,GSL
5000288301160,Scholl Corn Removal Plasters 4 Pack,No regulation
0736658590814,Wet Brush Penguin Unicorn Hair Brush,No regulation
4011700410811,Tabac Deodorant Body Spray 150ml,No regulation
8710847962769,Dove Summer Revive Light to Medium Self-Tan Mousse 150ml,No regulation
5011784001744,Snufflebabe Nasal Spray 15ml,No regulation
8720181474699,TRESemme Shine Conditioner 300ml,No regulation
5029354010386,AloeDent Sensitive Toothpaste with Fluoride 100ml,No regulation
5029354008567,Australian Tea Tree Fresh & White Toothpaste 100ml,No regulation
5031013109126,Higher Nature Energy & Focus 10 Tablets,No regulation
8712561812436,Dove Dry Oil for Hair 100ml,No regulation
5010441000861,Numark Head Lice Lotion 50ml,GSL
5025135120404,Malibu Carotene Dry Oil Gel SPF6 200ml,No regulation
5055586608022,Eight Triple Eight Anti-Dandruff Shampoo 1000ml,No regulation
40133201,Dove Dermaspa Uplifted+ Body Oil 150ml,No regulation
3760201130667,Lamazuna Glass Storage Pot 1 Pack,No regulation
8699568518557,Wella Wellaflex Hairspray Shiny Hold 400ml,No regulation
5000347054242,Corsodyl Daily Mouthwash Cool Mint Alcohol Free 500ml,No regulation
5011309620917,Zerolon Barrier Cream 28g,No regulation
5017123162992,Paracetamol Oral Suspension 250mg/5ml (6+) Strawberry Flavour 100ml,P
9327693002458,Sukin Foaming Facial Cleanser 50ml,No regulation
4015400731719,Always Ultra Day & Night 20 Pack,No regulation
5010249011632,FSC Pantothenic Acid (Vitamin B5) 500mg 30 Tablets,No regulation
8001090602213,Aussie Man Keep It Thick Shampoo 300ml,No regulation
5060193642079,Bloom & Blossom The Enormous Crocodile's Hair & Body Wash 200ml,No regulation
5028816000019,Bee Health Propolis 1000mg 30 Capsules,No regulation
8712561603232,TRESemmé Make Waves Creation Hairspray 300ml,No regulation
5010724529775,Batiste Hide Me Root Concealer for Medium Brown Hair 3.9g,No regulation
5050474103467,Blink Intensive Tears Protective Eye Drops 10ml,No regulation
5012727906300,Wockhardt Aspirin 75mg Gastro-Resistant 56 Tablets,P
8717644073452,Dove Summer Glow Nourishing Lotion Normal To Dark Skin 250ml,No regulation
8712561978026,Dove Derma Spa Youthful Vitality Hand Cream with Serum 75ml,No regulation
5025135119286,Malibu Coconut Bronzing Tan Oil SPF6 200ml,No regulation
5000158063914,Lemsip Cold & Flu Lemon Sachets 10 Sachets,GSL
5025135120336,Malibu Tanning Oil Argan SPF4 200ml,No regulation
8710447405703,TRESemmé Shampoo Collagen & Fullness 400ml,No regulation
5010441008850,Numark Ibuprofen 200mg 48 Coated Tablets,P
5011417574737,Nurofen Meltlets Mint 200mg 12 Tablets,GSL
8711600723900,Toni & Guy Brushable Volume Hairspray 250ml,No regulation
5038483971475,Scholl Corn Shield Gel Plasters 6 Pack,No regulation
5060601933027,"BeautyPro Coconut Infused Sheet Mask Coconut, Mushroom & Red Algae 22ml",No regulation
8711600840324,Dove Cucumber Maximum Protection Antiperspirant Cream 45ml,No regulation
4770001331743,Ecodenta Wild Strawberry Flavoured Kids Toothpaste 75ml,No regulation
5060704340258,Acala Natural Corn Dental Floss Vegan 30m,No regulation
4005800004063,Elastoplast Antibacterial Xl Waterproof Dressings 6 x 7cm 5 Plasters,No regulation
5037589000201,After Bite Classic Pen 14ml,No regulation
5025135000485,Malibu Ultra Hydration Lotion 150ml,No regulation
3574660649895,Listerine Cool Mint Zero Alcohol 500ml,No regulation
5025135111297,Malibu Lotion SPF8 200ml,No regulation
5060427351272,St. Moriz Self Tan Mousse Dark 200ml,No regulation
0017854109278,Baylis & Harding Goodness Sleep 500ml Body Wash,No regulation
4006424022389,Stute Diabetic Jam Apricot 430g,No regulation
5010724529768,Batiste Hide Me Root Concealer for Light Brown Hair 3.9g,No regulation
5017371151670,Calypso Carrot Oil with Tan Extender SPF15 200ml,No regulation
8002910030896,Veet Hair Minimising Body Lotion 250ml,No regulation
5701092113856,Scholl Gel Activ Insoles Boots,No regulation
0667803002626,Toni & Guy Matt Texture Dry Shampoo 250ml,No regulation
5036631000916,Hydromol Cream 50g,No regulation
5060332535552,Lindens Health + Nutrition Iron 14mg 120 Tablets,No regulation
5025135119224,Malibu Bronzing Tan Oil SPF8 200ml,No regulation
5051562013309,Otrivine Child Nasal Drops 10ml,P
8714789481418,Colgate Sensitive Pro-Relief Toothpaste 75ml,No regulation
5060040641101,BARBER PRO Post Shave Cooling Mask,No regulation
8717163762226,Dove Indulging Caring Bath 500ml,No regulation
3574660534931,Sudafed Decongestant Liquid 100ml,P
5060332539925,Lindens Health + Nutrition Vitamin C Chewable 60 Tablets,No regulation
8712561198639,TRESemmé Colour Revitalise Heat Protect Mist 200ml,No regulation
5060062990362,Earth Friendly Baby Moisturising Shea Butter Massage Oil 125ml,No regulation
5060365796586,Mad Beauty Unicorn Hand Sanitizer Spray Vanilla 15ml,No regulation
0017854118669,Baylis & Harding Football Foaming Wash 250ml,No regulation
8001090537034,Aussie Minis Set 1 x Shampoo 75ml 2 x Treatment Conditioner Sachet 20ml & Bag,No regulation
5012008752107,Inecto Curls Club Curl Defining Cream 200ml,No regulation
5010724538029,Batiste Dry Shampoo Original 280ml,No regulation
5060546080213,&SISTERS by Mooncup Eco-Applicator Tampons Light 16 Pack,No regulation
5060447850090,Phizz Hydration Apple & Blackcurrant Flavour 10 Tablets,No regulation
8718951192256,Sanex Zero% Moisturiser 250ml,No regulation
5060365796593,Mad Beauty Unicorn Hand Sanitizer Spray Cherry 15ml,No regulation
4006424022334,Stute Diabetic Raspberry Seedless Jam No Added Sugar 430g,No regulation
5060601933751,BARBER PRO Brightening Face Mask 40g,No regulation
5025135115769,Malibu Ski Duo Face Protection Cream SPF50 & Lip Protection SPF20,No regulation
8809295012420,Skin Republic Super Food Charcoal Sheet Face Mask 25ml,No regulation
8006540347133,Pantene Mousse Perfect Volume 200ml,No regulation
5010605300448,Rennie Orange Flavour 48 Tablets,GSL
8001090602183,Aussie Man Keep It Strong Shampoo 300ml,No regulation
3600523728190,L'Oréal Rose & Jasmine Toner 200ml,No regulation
4011700435142,Tabac Shaving Soap Stick Refill 100g,No regulation
5029354012687,AloeDent Coconut Fluoride Free Toothpaste 100ml,No regulation
8710447405697,TRESemmé Conditioner Collagen & Fullness 400ml,No regulation
0079400204349,Toni & Guy Texture Detox Shampoo 250ml,No regulation
0017854112261,Baylis & Harding Kindness+ Vitamin C + Niacinamide Hand Wash 500ml,No regulation
5011417571163,Gaviscon Double Action Mixed Berries 12 Pack,GSL
5013692246538,Dermasil Labs Extra Moisturising Hand Wash 236ml,No regulation
5054563197276,Panadol Advance 500mg 32 Caplets,P
5031013101090,Higher Nature Pro-Daily Probiotic 30 Tablets,No regulation
5060258140458,ExoCream 125g,No regulation
5000174521900,Pepto-Bismol Chewable 12 Tablets,P
9327693000553,Sukin Facial Moisturiser 50ml,No regulation
5025135119347,Malibu Coconut Tanning Oil SPF8 200ml,No regulation
5010441007358,Numark Hay Fever Relief Cetirizine 10mg 30 Tablets,GSL
5410076443512,Fixodent Adhesive Cream Plus Fresh Flavour 40g,No regulation
0817513015250,Cantu Shea Butter Hydrating Body Wash 400ml,No regulation
8699568518595,Wella Wellaflex Hairspray Ultra Strong 400ml,No regulation
0086449256635,Crystal Deodorant Roll On 66ml,No regulation
5010605295164,Rennie Spearmint 24 Tablets,GSL
5010249012011,The Food Supplement Company Vitamin A 8000IU 90 Softgels,No regulation
3600523385423,L'Oréal Colorista Mulberry,No regulation
5010724529782,Batiste Hide Me Root Concealer for Dark Brown Hair 3.9g,No regulation
5010249031623,FSC Iodine Standardised Kelp 250 Tablets,No regulation
3600541267800,Garnier Moisture & Soft Cream 50ml,No regulation
8712561614023,Lynx Black Frozen Pear & Cedarwood Deodorant Bodyspray 150ml,No regulation
50398676,Vo5 Extreme Styling Texturising Gum 75ml,No regulation
4103040043382,Sebamed Cleansing Bar Soap Free 100g,No regulation
5011309015713,Covonia Vapour Drops 15ml,GSL
5011417571248,Lemlift Immune Support Orange Effervescent 20 Tablets,No regulation
5024084001109,Pharma Nord Bio-Selenium+ Zinc 30 Tablets,No regulation
5000347087844,Beechams All in One 16 Tablets,GSL
5010605296291,Rennie Spearmint 36 Chewable Tablets,GSL
5010724529751,Batiste Hide Me Root Concealer for Blonde Hair 3.9g,No regulation
5000158106482,Nurofen Pain Relief 256mg 16 Caplets,GSL
5060771790000,Sanitirex Protect Hand Gel 50ml,No regulation
5010724529744,Batiste Hide Me Root Concealer for Light Blonde Hair 3.9g,No regulation
3600541267817,Garnier Moisture & Nourish Cream 50ml,No regulation
7702018089987,Gillette Fusion Proglide Hydrating Shave Gel 75ml,No regulation
3600541378551,Garnier Ultimate Anti Age Body Firming Oil 150ml,No regulation
5010249309821,The Food Supplement Company Vitamin D 3000IU 60 Softgels,No regulation
8718951103313,Colgate Sensitive Pro Relief Extra Strength Toothpaste 75ml,No regulation
3600541267824,Garnier Moisture & Matte Day Cream 50ml,No regulation
5060365796579,Mad Beauty Unicorn Hand Sanitizer Spray Strawberry 15ml,No regulation
8006540988206,Pantene Shampoo Repair & Protect 500ml,No regulation
3574660598957,Johnson's Face Care Daily Essentials Gentle Makeup Removal Pads 30 Pack,No regulation
5010441013274,Numark Multipurpose Thermometer,No regulation
3600523728183,L'Oréal Fine Flowers Makeup Melting Milk 200ml,No regulation
4084500701076,Aussie 3 Miracle Oil Smooth Lightweight Treatment 100ml,No regulation
5017539301046,Ever Ready Hard Skin Remover Stone,No regulation
5011784002086,Dentyl Dual Action Smooth Mint Mouthwash 500ml,No regulation
0079400204479,Toni & Guy Radiant Brunette Conditioner 250ml,No regulation
7640168931032,Biomed Superwhite Mouthwash 500ml,No regulation
5011309100716,Cerumol Ear Drops 10ml,GSL
5011309018912,Tixylix Blackcurrant Flavour Syrup 100ml,GSL
5023652512061,Nature's Aid Super Stars Vitamin C 60 Chewable Tablets,No regulation
8017331090008,Bionsen Mineral Active Spray Men 150ml,No regulation
4770001335314,Ecodenta Multifunctional Fluoride Toothpaste 100 ml,No regulation
5055586607049,Eight Triple Eight Tea Tree Oil Shampoo 1000ml,No regulation
5025135115189,Malibu Lotion SPF10 200ml,No regulation
5410103637495,L'Oréal Elnett Strong Spray 300ml,No regulation
5012131647905,Otrivine Adult Nasal Spray 10ml,GSL
4987072071779,Cura-heat Back Pain 4 Pack,No regulation
4084500846548,Pepto-Bismol Oral Suspension 120ml,GSL
5025135000461,Malibu Miracle Repair 150ml,No regulation
5060133370956,Vizulize Natural Eye Brightener Drops 10ml,No regulation
8809447250212,Dr.Althea Skin Conditioner Silk Mask 28g,No regulation
5028763014954,Wisdom Active Whitening Pen,No regulation
5038483142820,Scholl Party Feet Arch Support 1 Pair,No regulation
8718951385764,Sanex Dermo Kids Bodywash & Foam Bath 450ml,No regulation
4006424022686,Stute Diabetic Fine Orange Marmalade 430g,No regulation
0309974755634,Mitchum Men Clean Control Stick 41g,No regulation
8718951379503,Colgate RecyClean Toothbrush Medium,No regulation
4006424022358,Stute Diabetic Jam Morello Cherry 430g,No regulation
4987072017494,Cura-Heat Pads Back & Shoulder 3 Pack,No regulation
5060546080206,&SISTERS Eco-Applicator Tampons Very Light 16 Pack,No regulation
4005800206108,Elastoplast Wound Healing Ointment 50g,No regulation
5000477569159,Earex Olive Oil Ear Drops 10ml,GSL
5025135111211,Malibu Bronzing Oil SPF2 200ml,No regulation
5016379191008,Doublebase Gel Tube 100g,P
8001841761732,Aussie Hemp Miracle Oil Nourish Lightweight Treatment 100ml,No regulation
5028763012646,Wisdom Active White Bright Mouth Wash 500ml,No regulation
4006424022693,Stute Diabetic Thick Cut Orange Marmalade 430g,No regulation
5024091747021,Zirtek Allergy Relief 7 Tablets,GSL
8809483315128,Leaders Daily Wonders Detox & Chill Purifying Mask 25ml,No regulation
5011309018714,Tixylix Baby Syrup 100ml,GSL
4006424022372,Stute Diabetic Jam Blackcurrant 430g,No regulation
3600523305971,L'Oréal Paris Pure Clay Glow Face Mask 50ml,No regulation
0010181040719,Palmer's Cocoa Butter Formula Baby Butter 250ml,No regulation
5010249190146,The Food Supplement Company Head High Vitamins Plus 30 Capsules,No regulation
8714789857824,Colgate Toothbrush Slim Soft,No regulation
5025135117954,Malibu Bronzing Oil SPF8 200ml,No regulation
3574661128566,Neutrogena Norwegian Formula Nourishing Body Balm with Nordic Berry 200ml,No regulation
8809483316255,Leaders Coconut Bio Mask with Tomato 30ml,No regulation
5060899542673,Clinell Hand & Surface Wipes Tub 35 Wipes,No regulation
3600523427475,L'Oréal Elvive Phytoclear Anti-Dandruff Regulating Shampoo 400ml,No regulation
7322541474076,Tena ProSkin Plastic-Free Wet Wipes 48 Pack,No regulation
5000347096938,Biotene Dry Mouth Toothpaste 100ml,No regulation
5028763011861,Wisdom Daily Gum Health Toothpaste 75ml,No regulation
4056800781232,Wella Silvikrin Hairspray Maximum Hold 250ml,No regulation
7350075692109,The Humble Co. Bamboo Toothpicks 100 Pack,No regulation
0708002305061,Faith In Nature Stick Deodorant 100g,No regulation
5060218601425,Ever Ready Double Sided Foot File,No regulation
5060062990287,Earth Friendly Baby Organic Shampoo & Bodywash Chamomile 250ml,No regulation
8001090210906,Aussie Stop The Break Conditioner 400ml,No regulation
5099151007988,Duphalac Lactulose Oral Solution 200ml,P
8001090303059,Pantene Pro-V Smooth & Sleek Conditioner 180ml,No regulation
8809463991014,8mm Brightening Sheet Mask 27g,No regulation
8718951645165,Sanex Expert Bath & Shower Therapy Oil 450ml,No regulation
3800219790030,Alteya Organic Lip Balm Rose,No regulation
5010724531044,Anusol Suppositories 12 Pack,GSL
5023652384057,Nature's Aid Vitamin C Drops for Children 50ml,No regulation
5023652210301,Nature's Aid Vitamin C 1000mg Time Release 30 Tablets,No regulation
5010441012369,Numark Max Strength Cold & Flu Relief 10 Sachets,GSL
8809447250991,Dr.Althea Squalane Silk Face Mask 28g,No regulation
4770001333884,Ecodenta Reliefing Sensitivity Fluoride Toothpaste 100ml,No regulation
8006540346754,Pantene Dry Shampoo Volume Booster for Fine Hair 180ml,No regulation
3600523167562,L'Oréal Studio Pro Sleek It Smoothing Cream 150ml,No regulation
40623757,Hipp Kids Foamy Handwash 250ml,No regulation
5024874030630,Valupak Vitamin E 400iu 30 Capsules,No regulation
5051562013705,Otrivine Congestion Relief Nasal Drops 10ml,GSL
8718951654969,Sanex Expert Shower Cream Ageless Renew 450ml,No regulation
0094100005492,OPI Nail Polish Tiramisu for Two 15ml,No regulation
5010234907100,Original Nappy Sacks 100 Pack,No regulation
8717163858226,Baby Dove Sensitive Night Time Calming Moisture Wash 400ml,No regulation
4056800781263,Wella Silvikrin Firm Hold Hairspray 250ml,No regulation
5060249174721,Emla Cream 5% 5g,P
8809463991007,8mm Calming Sheet Mask 27g,No regulation
5060455149698,Brushworks Precision Eyebrow Razor Pastel 3 Pack,No regulation
7322540679137,Tena Silhouette Low Waist Underwear White Medium 6 Pack,No regulation
5060636881119,ecoLiving 100% Plant Based Beech Wood Toothbrush FSC 100% Red,No regulation
8006540514276,Pantene Conditioner Colour Protect 350ml,No regulation
3600522943457,L'Oréal Men Expert Cool Power 48H Anti-Perspirant Deodorant 50ml,No regulation
6009644651795,USN Mixmaster Shaker Bottle,No regulation
3614225573842,Wellaflex Hairspray form & Finish Ultra Strong 400ml,No regulation
8718951510654,Palmolive Up Body Wash Eucalyptus 200ml,No regulation
0708002400292,Faith In Nature Seaweed & Citrus Hand Wash 400ml,No regulation
5010441014653,Numark Early Pregnancy 2 Tests,No regulation
3614225573583,Wellaflex Hairspray Extra Strong Volume 400ml,No regulation
5038581152066,Yankee Candle Christmas Wax Melt Gift Set 3x22g,No regulation
5011501040704,Deep Heat Foam Bath 350ml,No regulation
4013162019175,Fenjal Classic Soap 100g,No regulation
5017007601531,Bisodol Indigestion Relief 100 Tablets,GSL
5024874017167,Valupak Evening Primrose Oil 1000mg 30 Capsules,No regulation
8717644016572,Lynx Africa 72 Hrs Anti Sweat Deodorant 150ml,No regulation
4056800640065,Wella Wellaflex Hairspray Shiny Hold Ultra Strong 250ml,No regulation
8700216594981,Fixodent Plus No Flavour 40g,No regulation
5025135117961,Malibu Bronzing Tan Oil SPF10 200ml,No regulation
5011321401839,Aussie Uplift Your Hair Mousse for Flat Hair 150ml,No regulation
5016973991066,Lift Fast Acting Glucose Chews Raspberry 50 Pack,No regulation
5055586607087,Eight Triple Eight Arnica Shampoo 1000ml,No regulation
5012654201035,Carnation Finger & Toe Bandage 4m Roll Refill Pack,No regulation
4770001333815,Ecodenta Tartar Eliminating Fluoride Toothpaste 100ml,No regulation
5060636880181,ecoLiving 100% Plant Based Beech Wood Toothbrush FSC 100% Green,No regulation
8006540988244,Pantene Shampoo Color 500ml,No regulation
5391531561616,Spotlight Oral Care Bamboo Toothbrush Jade,No regulation
4008976682165,Complan Shake Strawberry Flavour 4 x 57g,No regulation
3800219790887,Alteya Organic Lip Balm Vanilla & Geranium,No regulation
8809463991021,8mm Lifting Sheet Mask 27g,No regulation
5060636880303,ecoLiving Kids 100% Plant Based Beech Wood Toothbrush Green,No regulation
5036072008663,Histallay Hayfever Relief 120mg Fexofenadine 10 Tablets,GSL
96091524,Max Factor Colour Correcter Stick Light,No regulation
4005900776143,Nivea 3-in-1 Cleansing Wipes Sensitive Skin 25 Wipes,No regulation
3600523385362,L'Oréal Colorista Rose Blonde,No regulation
8714789625454,Colgate Max White One Toothpaste 75ml,No regulation
5060084173064,Profoot Ultimate Control Odour Insoles,No regulation
8809463991038,8mm Moisturising Sheet Mask 27g,No regulation
5000477897085,Sarakan Toothpaste 50ml,No regulation
4770001003299,Ecodenta Bamboo Toothbrush Medium 1 Pack,No regulation
5060013940736,Bristol Cetirizine Hydrochloride 10mg 30 Tablets,P
5060084170018,Profoot Softgel Multi-Use Gel Padding,No regulation
8718951115644,Palmolive Aquarium Liquid Hand Soap 500ml,No regulation
5025135115226,Malibu Dry Oil Spray SPF10 200ml,No regulation
5036631004259,Quinoderm Antibacterial Facewash 150ml,No regulation
5028763012585,Wisdom Active Whitening Charcoal Toothbrush,No regulation
5060571720634,UpCircle Tube Roller Key,No regulation
5025135001376,Malibu Soothing After Sun Spray with Insect Repellent 200ml,No regulation
8809447250038,Dr.Althea Pore-Control Charcoal Mask 29g,No regulation
3600520921068,L'Oréal Xtreme Hold Hair Gel 150ml,No regulation
5011321921870,Fixodent Plus Cream 40g,No regulation
0080376380203,Profoot Women Double Cushion 1 Pair,No regulation
5010441010877,Numark Chesty Cough Expectorant 200ml,P
5010249041158,FSC Zinc Picolinate with Copper 30mg 30 Tablets,No regulation
5011309267211,Care Ibuprofen 400mg 24 Tablets,P
5410076229994,Head & Shoulders Classic Clean Anti-Dandruff Shampoo 250ml,No regulation
5000477722196,Olbas Menthol Pastilles 45g,GSL
8718951388642,Sanex Shower Gel Dermo Moist 450ml,No regulation
7350075690426,The Humble Co. Brush Adult Purple Medium 1 Pack,No regulation
7350075692895,The Humble Co. Interdental Brush Blue Size 3 8 Pack,No regulation
5025135117671,Malibu Face Cream SPF30 40ml & Lip Balm SPF30,No regulation
5060209733029,Epimax Eyelid Ointment 4g,No regulation
0708002407796,Faith In Nature Wild Rose Hand Wash 400ml,No regulation
8717163858219,Dove Baby Night Time Lotion 400ml,No regulation
3600523215973,L'Oréal Elvive Extraordinary Clay Rebalancing Conditioner 400ml,No regulation
5011309061215,Care+ Glycerin Suppositories 2g Children's 12 Pack,GSL
3361370683956,Milton Baby Bottle Cleanser 500ml,No regulation
5000309008313,Preparation H Soothing Wipes,GSL
3435172191077,Quies Anti Noise Foam Ear Plugs 3 Pairs,No regulation
5027599000094,Delph After Sun Lotion 150ml,No regulation
9327693000560,Sukin Hydrating Mist Toner 50ml,No regulation
0017854115019,Baylis & Harding Beauticology Sparkle & Shine Bubble Bath 500ml,No regulation
5055586607032,Eight Triple Eight Lavender Shampoo 1000ml,No regulation
7322541500898,Tena Men Active Fit Absorbent Protector Level 1 24 Pack,No regulation
8809211652549,Berrisom Face Wrapping Mask Hyaluronic Solution 80 27g,No regulation
8720181347153,Dove Original Antiperspirant Spray 200ml,No regulation
5010605295416,Rennie Sugar Free 24 Chewable Tablets,GSL
5060991070609,Anovia Epibase Daily Cream 450ml,No regulation
8809566990631,Benton Fermentation Mask Pack,No regulation
5060991070623,Anovia Epibase Daily Oatmeal Cream 450ml,No regulation
5017007604679,Sildenafil Teva 50mg 4 Tablets,P
5000158071377,Gaviscon Double Action 12 Tablets,GSL
5055586605304,Eight Triple Eight Kukui Conditioner 1000ml,No regulation
5033847002192,Kwells Travel Sickness 12 Tablets,P
5025135000522,Malibu Lotion Spray SPF20 200ml,No regulation
42343943,Fenjal Classic Anti Perspirant Roll-On 50ml,No regulation
4005800237478,Elastoplast Water Resistant 40 Plasters,No regulation
5010249152502,The Food Supplement Company Ginger 500mg 30 Capsules,No regulation
8718951647930,Sanex Baby Zero% Fragence Free Wash 450ml,No regulation
0017854115002,Baylis & Harding Beauticology Shimmer & Shine Bubble Bath 500ml,No regulation
5060546080404,&SISTERS Organic Cotton Pads with Wings Light 10 Pack,No regulation
5060427352712,St. Moriz Self Tan Mousse Darker Than Dark 200ml,No regulation
5055565706459,Accord Sildenafil 50mg 4 Tablets,P
5010249126008,FSC Vitamin D 10Ug (400IU) 60 Tablets,No regulation
8714100012604,Vaseline Mature Skin Lotion 400ml,No regulation
80444886,Bionsen Stick Deodorant Sensitive Skin 40ml,No regulation
5711782000151,OrganiCup OrganiWipes 10 Wipes,No regulation
8809408731149,Dr. Oracle Dermasys Diamond V Mask,No regulation
5016695005195,Sildenafil Mylan 50mg 4 Tablets,P
5029354013691,AloeDent Pro Sensitive Enamel & Cavity Toothpaste 75ml,No regulation
8718951388550,Sanex Zero % Kids Head To Toe Wash 450ml,No regulation
8720181295577,Dove Men+Care Fresh Antiperspirant 200ml,No regulation
5011309055719,Care+ Clotrimazole 1% w/w Cream 20g,P
4008976682158,Complan Shake Vanilla Flavour 4 x 57g,No regulation
0309976623610,Revlon Colorsilk Permanent Hair Colour 61 Dark Blonde,No regulation
5010415635259,Tommee Tippee On The Go 20 Disposable Bibs,No regulation
8720181477270,TRESemmé Rich Moisture + Vitamin E Conditioner 500ml,No regulation
5012008570602,Soft & Gentle Delicate Bloom Lavender & Patchouli Deodorant 150ml,No regulation
5025135117701,Malibu Face Cream Spf 50 40ml & Lip Balm Spf 30 Twin Pack,No regulation
5054563185570,Panmigrol Migraine and Headache Relief 250mg/250mg/65mg 10 Tablets,GSL
5060135050115,O.R.S. Hydration Blackcurrant 12 Tablets,No regulation
3574661684345,Listerine Multi Protect Gum 500ml,No regulation
5029066007186,Childs Farm Conditioner with Strawberry & Organic Mint 250ml,No regulation
5036072005181,Dr. Reddy's Sildenafil 50mg 4 Tablets,P
4770001007303,Ecodenta Fresh Breath Toothpaste 100ml,No regulation
0309978695332,Revlon Colorsilk Permanent Hair Colour 33 Dark Soft Brown,No regulation
5060636881133,ecoLiving 100% Plant Based Beech Wood Toothbrush,No regulation
0309975122077,Mitchum Women Unperfumed Roll-On Deodorant 100ml,No regulation
5038581118574,Yankee Candle Snow Globe Wax Melt 3x 28g,No regulation
5011309675610,Zerodouble Emollient Gel 100g,No regulation
5391512457174,InVita D3 - Colecalciferol 400 IU 28 Soft Capsules,P
0309974755658,Mitchum Women Triple Odour Defense Anti-Perspirant & Deodorant 41g,No regulation
3086126693552,Bic Razors Soleil Scent 4 Pack,No regulation
5016973991059,Lift Fast Acting Glucose Chews Orange 50 Pack,No regulation
5016379280016,Glutarol Wart Paint 10ml,P
0309975122114,Mitchum Men Ice Fresh Roll-On Deodorant 100ml,No regulation
5033852190280,PillMate 7 Day Maxi Dispenser,No regulation
5391531561630,Spotlight Oral Care Bamboo Toothbrush Red,No regulation
5028763009752,Wisdom Clean Between Interdental Large Brushes 20 Pack,No regulation
5017123002199,Pollenase Cetirizine 10mg Cetirizine Dihydrochloride 30 Tablets,GSL
4084500506855,Aussie Winter Miracle Shampoo 300ml,No regulation
5029053582948,Kleenex Balsam Mega Pack 112 Tissues,No regulation
50632633,Care Menthol Crystals 5gm,No regulation
5055565706466,Sildenafil Accord 50mg 8 Tablets,P
7350064160008,BioDenta Superwhite Toothpaste 75ml,No regulation
3600523900862,"L'Oréal Men Expert Barber Club Body, Hair & Beard Wash 300ml",No regulation
5012008570503,Soft & Gentle Fresh Blossom Wild Rose & Vanilla Deodorant 150ml,No regulation
5010058044791,Fast Aid Assorted Blue Eyetec Plaster 40 Pack,No regulation
5060546080855,&SISTERS Naked Tampons Mixed 18 Pack,No regulation
5000476010164,Johnson's Veterinary Ear Cleanser 18ml,No regulation
0017854112513,Baylis & Harding Goodness Shower Gel - Bergamot & Clary Sage 500ml,No regulation
5060133373902,Cl-ear Olive Oil Drops 15ml,GSL
5060014444899,Genesis Sildenafil 50mg 4 Tablets,P
5035883003614,Snoreeze Snoring Relief 10 Nasal Strips Large,No regulation
5410076230181,Head & Shoulders Shampoo Apple Fresh 250ml,No regulation
4062300368965,Hipp Kids Bubble Bath 300ml,No regulation
50158089,Dettol Antiseptic Disinfectant Liquid 500ml,No regulation
8720181474682,TRESemmé Lamellar Shine Shampoo 300ml,No regulation
5025135112812,Malibu Dry Oil Spray SPF4 200ml,No regulation
8901030005091,Pears Body Wash Original 250ml,No regulation
4001638523103,Weleda Nappy Change Cream 30ml,No regulation
8006540801611,Pantene Active Pro-V Volume & Body Shampoo 400ml,No regulation
5022545142316,Disney Frozen Nail Polish Set with Stickers,No regulation
5028816000194,Bee Health Propolis Winter Mix 100ml,No regulation
3574661649726,Calgel Teething Gel 10g,P
5060176670815,Dr. Organic Vitamin E Soap Bar,No regulation
0700596000599,Spry Dental Floss with Xylitol 40m,No regulation
0708002401695,Faith In Nature Grapefruit & Orange Hand Wash 400ml,No regulation
5010415330987,Tommee Tippee Essentials Brush & Comb Set,No regulation
5010249904651,FSC L-Lysine 500mg 30 Tablets,No regulation
5038581129778,Yankee Candle Wax Melt Bauble Blossoms 3x22g,No regulation
8901463115510,Macleods Sildenafil 50mg 4 Tablets,P
5011451103856,Simple Soothing Facial Toner 200ml,No regulation
7613037780871,SMA Gold Prem 2 Post Discharge Formula 200ml,No regulation
5010415331281,Tommee Tippee Essentials Baby Nail Clippers,No regulation
0017854112506,Baylis & Harding Goodness Men's Shower Gel Amber & Tonka Bean 500ml,No regulation
5060228455537,Peppa Pig Tap Fountain & Toothbrush,No regulation
5000476010645,Johnson's Veterinary Dog Toothbrush,No regulation
8718951239739,Sanex Dermo Kids Body & Hair Bodywash 750ml,No regulation
3600541028920,Garnier Simply Essentials for Sensitive Skin 25 Wipes,No regulation
5012617010605,Accord Vitamin B Compound Strong 28 Tablets,GSL
8711600357785,Lynx Africa 200ml,No regulation
5025135111549,Malibu Sun Lotion SPF12 200ml,No regulation
5000476190200,Johnson's Veterinary Cod Liver Oil 40 Capsules,No regulation
0708002400797,Faith In Nature Tea Tree Hand Wash 400ml,No regulation
5012254068144,TRESemmé Freeze Hold Hair Spray 250ml,No regulation
5012368090024,Natural World Argan Oil Of Morocco Shampoo 500ml,No regulation
5027097901176,Imodium Original 2mg 6 Capsules,GSL
5025135115202,Malibu Dry Oil Spray SPF6 200ml,No regulation
8720181323942,Dove Floral Anti-perspirant 200ml,No regulation
5025135117947,Malibu Bronzing Oil SPF6 200ml,No regulation
5010249152526,FSC Gotu Kola 500mg 30 Capsules,No regulation
0017854097476,Baylis & Harding Gin & Tonic Hand Wash 500ml,No regulation
8720181450938,Lynx Jungle Fresh Shower Gel 700ml,No regulation
60018793,Elastoplast Elastic Fabric Roll Plaster 2.5cm x 3m,No regulation
0010181044397,Palmer's Intensive Hand Cream 60g,No regulation
5011309897319,Acriflex Cream 30g,GSL
5011417577349,Senokot Max Strength 10 Tablets,GSL
0017854120815,Baylis & Harding The EDIT Vanilla Seduction Hand Wash 400ml,No regulation
0010181040399,Palmer's Cocoa Butter Formula Bottom Butter 125g,No regulation
5011309672619,Savlon Antiseptic Cream 60g,GSL
5060332533206,Lindens Health + Nutrition Green Coffee 1000mg 60 Capsules,No regulation
5056682200639,Ennogen Healthcare Fifty:50 Liquid Paraffin Ointment 250g,No regulation
5025135111273,Malibu Lotion SPF6 200ml,No regulation
5000101508608,Carex Antibacterial Hand Sanitiser Aloe Vera Gel 300ml,No regulation
5000158065703,Lemsip Max Cold & Flu Blackcurrant Sachets 5 Pack,GSL
8001841407593,Olay Cleanse Micellar Water 237ml,No regulation
0017854112520,"Baylis & Harding Goodness Patchouli, Cedar & Cypress Shower Gel 500ml",No regulation
5000158063969,Lemsip Cold & Flu Blackcurrant Sachets 10 Sachets,GSL
5000476010362,Johnson's Veterinary Diamond Eyes for Dogs & Cats 125ml,No regulation
0667803002442,Toni & Guy Wave Memorising Balm 100ml,No regulation
5060133375173,Vizulize Cooling & Soothing Eye Drops 10ml,No regulation
0017854101067,Baylis & Harding The Fuzzy Duck Pink Gin Fizz Hand Wash 500ml,No regulation
5027599000155,Lotil Original Cream 50ml,No regulation
5060258140311,MyriBase Gel 100g,No regulation
5014398003616,Sudocrem Care & Protect 30g,No regulation
5021265246120,Vitabiotics Ultra Calcium & Vitamin D 30 Tablets,No regulation
8809242195206,Leaders Daily Wonders Too Much Fun in The Sun? Soothing & Calming Mask 25ml,No regulation
5011309060010,Care+ Glycerin Suppositories 4g Adults 12 Pack,GSL
5060119660477,Evolve Eye Drops 10ml,No regulation
5060519148131,Pukka Breathe in 20 Tea Bags,No regulation
8001841536903,Tampax Compak Pearl Super 16 Pack,No regulation
8716900576638,Nutricia Fortisip 2kcal Energy Drink Forest Fruit 200ml,No regulation
5010058057067,Ultra Plus Bandages 10cmx8.7m,No regulation
8718951198715,Colgate Plax Spearmint Mouthwash 500ml,No regulation
8809083996567,Sioris Make It Bright Sheet Mask,No regulation
4013162019946,Fenjal Body Wash 200ml,No regulation
0309975122299,Mitchum Men 48HR Sport Roll-On Deodorant 100ml,No regulation
0074312002632,Nature's Bounty Prenatal Complex with Folic Acid 30 Caplets,No regulation
4006424022365,Stute Diabetic Strawberry Jam 430g,No regulation
5025135118838,Malibu Dry Oil Spray SPF50 100ml,No regulation
5021769902072,Technic Tropic Treats Toiletry Set,No regulation
5025135111655,Malibu Dry Oil Spray SPF 8 200ml,No regulation
8718951095182,Colgate Max White Mint Whitening Toothpaste Pump 100ml,No regulation
5010934004420,Seabond Denture Adhesive Cream Sensitive 40g,No regulation
5012583205654,Schwarzkopf Live Ultra Brights 110 Sunburst Collection,No regulation
7322541079899,Tena Lady Ultra Mini Plus 24 Pack,No regulation
5060176676770,Dr. Organic Coconut Oil Lip Balm SPF15,No regulation
3600541436367,Garnier Ambre Solaire Dry Protect Sun Spray SPF10 200ml,No regulation
0086449259933,Crystal Deodorant Spray 100ml,No regulation
5000158100541,Strepsils Original 16 Lozenges,GSL
3600541118065,L'Oréal Elvive Triple Resist Fragile Hair Conditioner 400ml,No regulation
3600520433127,L'Oréal Elvive Smooth-Intense Anti-Frizz Conditioner 400ml,No regulation
5391531560541,Spotlight Oral Care Bamboo Toothbrush Yellow,No regulation
5000167094190,E45 Nappy Cream 125g,No regulation
5029354013813,Optima Activated Charcoal Purifying Conditioner 265ml,No regulation
5025135113390,Malibu SPF50 100ml,No regulation
5029354013752,Optima Charcoal Face Mask 125ml,No regulation
3600522917212,L'Oréal Elvive Full Restore 5 Damage Rescue Cream 100ml,No regulation
5029354013714,Optima Activated Charcoal Face Wash 200ml,No regulation
5060176670303,Dr. Organic Aloe Vera Lipbalm 5.7ml,No regulation
4005800279751,Elastoplast Fabric Cut To Size 1m x 6cm,No regulation
5029354004934,AloeDent Fresh Breath Therapy Spray 30ml,No regulation
9327693003844,Sukin Face Scrub 50ml,No regulation
5038581110004,Yankee Candle Home Mango Lemonade 104g,No regulation
8006540988381,Pantene Conditioner Smooth & Sleek 275ml,No regulation
5060176670273,Dr. Organic Manuka Honey Lip Balm 5.7ml,No regulation
5060464500022,Flamingo Ibuprofen 200mg 48 Tablets,P
5060193640808,Bloom & Blossom The BFG Hair & Body Wash 200ml,No regulation
5033847002369,Bisodol Indigestion Relief 60 Tablets,No regulation
5023652150911,Nature's Aid Folic Acid - 400ug 90 Tablets,No regulation
5014697010773,Witch Biodegradable Cleansing & Toning Wipes,No regulation
5010441010754,Numark Simple Linctus 200ml,No regulation
5060899541959,Clinell Biodegradable Surface Wipes 60 Wipes,No regulation
5025135111327,Malibu Lotion SPF15 200ml,No regulation
5025135118814,Malibu Miracle Tan Before & After Moisturising Sun Lotion 150ml,No regulation
4005800241161,Elastoplast Paw Patrol Plasters 20 Pack,No regulation
0054402730010,Australian Gold Sunscreen Lip Balm SPF30 4.2g,No regulation
5060176670334,Dr. Organic Vitamin E Lip Balm 5.7ml,No regulation
0010181025112,Palmer's Olive Oil Co Wash Cleansing Conditioner 473ml,No regulation
5029354013790,Optima Activated Charcoal Shampoo 265ml,No regulation
5029354001162,AloeDent Lip Balm 4g,No regulation
5059001002624,Air Wick Scented Candle Pomegranate & Bergamot 220g,No regulation
5000444016372,Cyclax Sun Protection Lotion SPF10 250ml,No regulation
5000444016341,Cyclax Sun Protection Lotion SPF5 250ml,No regulation
4056800745951,Wella Shockwaves Ultra Strong Power Hold Gel 200ml,No regulation
8720182262806,Dove Purely Pampering Shea Butter Beauty Soap Bar 90g 4 Pack,No regulation
5000158100510,Strepsils Honey & Lemon 16 Lozenges,GSL
4005800230721,Elastoplast Finger Strips 16 Pack,No regulation
5011784004325,Snufflebabe Vapour Rub,GSL
5010441044452,Numark Contact Lens Solution 360ml,No regulation
5029354013738,Optima Activated Charcoal Face Scrub 125ml,No regulation
5060209732404,Epimax Excetra Cream 100g,No regulation
5060427350169,St. Moriz Professional Self Tanning Lotion Medium 250ml,No regulation
5704947005061,O'Keeffe's Lip Repair & Protect Lip Balm SPF15 4.2g,No regulation
0010181132803,Palmer's Coconut Oil Body Lotion 40% Extra 350ml,No regulation
0083078411213,Carmex Pot Blister Original 7.5g,No regulation
5029354001254,AloeDent Aloe Vera Mouthwash Fluoride Free 250ml,No regulation
4084500321595,Aussie Shower Gel Fresh Mate 400ml,No regulation
8710908089190,Dove Advanced Hair Series Mask Regenerate Nourishment 200ml,No regulation
5060035247424,Waxsol Ear Drops 10ml,P
8712561880176,Sure Invisible Pure 48 Hour Anti-Perspirant 150ml,No regulation
0017854120037,"Baylis & Harding Peony, Lychee & Vanilla Hand Wash 500ml",No regulation
7322541067728,Tena Discreet Extra Plus Pads 8 Pack,No regulation
0736658590845,Wet Brush Plush Brush Narwhal Unicorn,No regulation
8716900570094,Nutricia Fortisip 2kcal Energy Drink Strawberry 200ml,No regulation
5060421930305,Aproderm Gel 100g,No regulation
8710908657535,Baby Dove Sensitive Head to Toe Fragrance Free Wash 400ml,No regulation
5055586607124,Eight Triple Eight Tea Tree Oil Conditioner 1000ml,No regulation
3800219790047,Alteya Organic Lip Balm Lavender,No regulation
5060119660064,Lumecare Hypromellose Eye Drops 10ml,No regulation
8809198843053,11 Village Factory Relax-Day Foot Mask 15g,No regulation
5038580018158,Yankee Candle Vanilla Lime Small Jar 104g,No regulation
5011451106253,Simple Baby Moisturising Shampoo 300ml,No regulation
3616301265375,Max Factor Colour Elixir Soft Matte Lipstick 035 Faded Red,No regulation
5054805039609,Vosene Hydration Anti Dandruff Shampoo 500ml,No regulation
5391531560589,Spotlight Oral Care Bamboo Toothbrush Blue,No regulation
5391531560565,Spotlight Oral Care Bamboo Toothbrush Purple,No regulation
5038580062069,Yankee Candle Mango Peach Salsa 104g,No regulation
5060209732541,Epimax Moisturising Cream 100g,No regulation
5028763012240,Wisdom Active Whitening Charcoal Mouthwash 500ml,No regulation
8901030050114,Pears Hand Wash 250ml,No regulation
5012727913735,Acidex Advance Oral Suspension Aniseed 250ml,P
5028763013704,Wisdom Night Time Protect Mouthwash 500ml,No regulation
8717163654057,Dove Silver Care Conditioner 200ml,No regulation
5000309005688,Preparation H Ointment 25g,GSL
50632725,Care Clove Oil 10ml,No regulation
8809480782404,Shangpree Aroma Blend Moisture Mask 30ml,No regulation
8006320018376,Bionsen Deodorant Aerosol 150ml,No regulation
5059001002631,Air Wick Scented Candle Peony & Anjou Pear 220g,No regulation
0703878000126,Purple Tree Pomegranate Miracle Balm 25ml,No regulation
5011408014341,L'Oréal Gentle Eye Makeup Remover 125ml,No regulation
5060704340555,Acala Amber Glass Jar with Pipette 100ml,No regulation
4008976682189,Complan Shake Banana Flavour 4 x 57g,No regulation
5060084171251,Profoot All Day Comfort Insole 2 Pairs,No regulation
5017007600886,Joy Rides Tablets 12 Pack,P
5023652426153,Nature's Aid 150ml Catarrh Relief Formula,No regulation
8699568514283,Clairol Color Crave Apricot,No regulation
5060195980087,OraNurse Unflavoured Toothpaste 50ml,No regulation
5016379401015,4head Quickstrip 4 Strips,No regulation
5010415330444,Tommee Tippee Essentials Baby Nail Scissors,No regulation
5010441013304,Numark Dry Tickly Cough Syrup 200ml,GSL
5012727913759,Acidex Advance Oral Suspension Peppermint 250ml,P
5010249313002,FSC Calcium 250mg Magnesium & D 60 Tablets,No regulation
8718951656499,Sanex Deodorant Spray Dermo Invisible 200ml,No regulation
42299806,Nivea Black & White Invisible Original Antiperspirant 50ml,No regulation
5025135118739,Malibu SPF50 Scalp Protector 50ml,No regulation
5011784002536,Dentinox Teething Gel Sugar Free 10g,P
5000283662716,Allevia 120mg 7 Tablets,GSL
5011784004516,Snufflebabe Nasal Drops 10ml,GSL
8720182482105,Dove Caring Bath Go Fresh 750ml,No regulation
5025135112317,Malibu Lotion Spray SPF15 200ml,No regulation
5010249041400,FSC Chromium 200µg 30 Tablets,No regulation
5012617001450,Actavis Aspirin 300mg 28 Tablets,P
5060546080220,&SISTERS by Mooncup Eco-Applicator Tampons Medium 14 Pack,No regulation
5000347033636,Eno Salts 150g,GSL
5025903027553,Careway Senease Twelve Years Plus 7.5mg 60 Tablets,P
5010249152144,FSC Bilberry 500mg 30 Tablets,No regulation
5010249011700,FSC Vitamin B Complex 60 Tablets,No regulation
5012654201608,Carnation Corn Shields 3 Pack,No regulation
5010441014677,Numark Ovulation 5 Tests,No regulation
5025903022138,Careway Corn & Callous Safety Knife,No regulation
5025903022701,Careway Sleep Aid 50mg 20 Pack,P
5060546080237,&SISTERS Eco-Applicator Tampons Heavy 14 Pack,No regulation
0017854120013,"Baylis & Harding Vetiver, Cedar & Lemongrass Luxury Hand Wash 500ml",No regulation
5038581099521,Yankee Candle Berry Mint Martini Small Jar 104g,No regulation
3600542012775,Garnier Ultimate Blends Maple Body Lotion Dry Skin 250ml,No regulation
5013692251235,Baby Shark Toothpaste 75ml,No regulation
5038580062090,Yankee Candle Red Raspberry Small Jar 104g,No regulation
5010441204153,Numark Burn Gel 60ml,No regulation
8809483316170,Leaders Good Hair Don't Care! Mask 30ml,No regulation
5038581133478,Yankee Candle Merry Berry Small Jar 104g,No regulation
0015594011486,Astroglide Water Based Liquid Personal Lubricant 35ml,No regulation
5060636881195,ecoLiving Kids 100% Plant Based Beech Wood Toothbrush Blue,No regulation
8720181492617,Dove Shower Gel Silky Velvet 450ml,No regulation
5038581016801,Yankee Candle Warm Cashmere Small Jar 104g,No regulation
5025135116254,Malibu Dry Oil Spray SPF30 100ml,No regulation
4084500140240,Herbal Essences Dry Shampoo Naked 180ml,No regulation
8718951540002,Colgate Max White Purple Reveal Toothpaste 75ml,No regulation
8809483316132,Leaders Put Your Feet Up! Mask 18ml,No regulation
5060180816582,Animology Alcohol Hand Gel 100ml,No regulation
5038581113890,Yankee Candle Tropical Starfruit Small Jar 104g,No regulation
5060601933997,BARBER PRO Super Eye Mask,No regulation
5038581102542,Yankee Candle Holiday Hearth Small Jar 104g,No regulation
3600522352334,L'Oréal Elvive Full Restore-5 Conditioner 400ml,No regulation
8720181287855,Dove Women Fresh Antiperspirant Deodorant 200ml,No regulation
0017854112537,Baylis & Harding Goodness Men's Shower Gel - Sandalwood & Rich Vanilla 500ml,No regulation
5010441014288,Numark Triple Action Cough Oral Solution 200ml,No regulation
5038581132112,Yankee Candle Sakura Blossom Festival 121g,No regulation
5013692245678,Despicable Me Talking Hand Wash 250ml,No regulation
5000158063907,Lemsip Cold & Flu Lemon 5 Sachets,GSL
5060209732428,Epimax Isomol Gel 100g,No regulation
5038580003246,Yankee Candle Sparkling Cinnamon Small Jar 104g,No regulation
8809211653539,G9 Skin B.Duck Vita Ample Lip Patch 3g,No regulation
5025135119545,Malibu 2 Pack SPF30 Sun Protection Lip Gloss Coconut & Strawberry,No regulation
5060193640914,Bloom & Blossom Matilda Bubble Bath 200ml,No regulation
5060018880365,Murine Contacts Refresh & Clean 15ml,GSL
4015600709327,Aussie Beach Mate Shampoo 300ml,No regulation
5038581091303,Yankee Candle Sunny Daydream Small Jar 104g,No regulation
5038581123448,Yankee Candle Tree Farm Festival Small Jar 104g,No regulation
5038581091419,Yankee Candle Small Jar Camellia 104g,No regulation
5038581009179,Yankee Candle Cherry Blossom Small Jar 104g,No regulation
5060133376644,Steril-eeze Kind to Hands Hand Sanitiser 100ml,No regulation
5060546080640,&SISTERS Eco-Applicator Tampons Mixed 16 Pack,No regulation
5060209732466,Epimax Oatmeal Cream 100g,No regulation
5000444016402,Cyclax Sun Protection Lotion SPF15 250ml,No regulation
5038581133461,Yankee Candle Christmas Eve Cocoa Small Jar 104g,No regulation
5060176670754,Dr. Organic Aloe Vera Soap Bar,No regulation
5038581120607,Yankee Candle Home Inspiration Reindeer Treats Small Jar 104g,No regulation
3600524001124,L'Oréal Men Expert Shirt Protect Anti-Perspirant 300ml,No regulation
5060148520575,BetterYou Magnesium Flakes 250g,No regulation
5012008748308,Inecto Naturals Brilliant Shine Argan Shampoo 500ml,No regulation
5038581134321,Yankee Candle Majestic Mount Fuji Small Jar 104g,No regulation
5029354013653,AloeDent Smokers Toothpaste 100ml,No regulation
5038581110905,Yankee Candle Home 104g Coconut Peach,No regulation
5010123714246,Listerine Teeth & Gum Defence 250ml,No regulation
5054805039326,Simple Soap bar (4x100g),No regulation
5050474101715,Lens Plus OcuPure 360ml,No regulation
8006540801451,Pantene Shampoo Volume 450ml,No regulation
5000158066250,Dettol Disinfectant Liquid Lavendar & Orange Oil 500ml,No regulation
5012654202803,Carnation Toe Protector 2 Pack,No regulation
5012654200632,Carnation Toe Separators 2 Pack,No regulation
5038580004472,Yankee Candle Midnight Jasmine Small Jar 104g,No regulation
8809463990987,Xoy Dark Choco Sheet Mask 30g,No regulation
5025135114663,Malibu Fast Tanning Oil 200ml,No regulation
8809463990970,Xoy Milk Cream Sheet Mask 27g,No regulation
5025135111341,Malibu Soothing After Sun Lotion 400ml,No regulation
3574669909143,Johnson's Baby Oil 300ml,No regulation
5012008721103,Pro:Voke Touch Of Silver Intensive Conditioner 150ml,No regulation
5054805039661,Vosene Anti Dandruff Conditioner 500ml,No regulation
5011309062212,Care+ Glycerin Suppositories 1g Infant 12 Pack,GSL
5391531560527,Spotlight Oral Care Bamboo Toothbrush White,No regulation
5038581143996,Yankee Candle Soft Blanket Small Jar 104g,No regulation
5025135112980,Malibu After Sun Ice Blue Cooling Gel 200ml,No regulation
3600523232635,L'Oréal Men Expert Hydra Power Shower Gel 300ml,No regulation
5059001002648,Air Wick French Vanilla & Toasted Coconut 220g,No regulation
5038581130057,Yankee Candle Home Inspiration Duvet Day Small Jar 104g,No regulation
3600522218623,L'Oréal Elvive 60 Second Saviour Intensive Conditioner 200ml,No regulation
5060636881034,ecoLiving Handmade Soap 100g Nourishing Shea Butter,No regulation
5060133373841,Vizulize Intensive Dry Eye Drops 10ml,No regulation
5038580011036,Yankee Candle Snow in Love Small Jar 104g,No regulation
5038581063805,Yankee Candle Moonlit Blossoms Small Jar 104g,No regulation
5029354013776,Optima Activated Charcoal Purifying Body Wash 250ml,No regulation
5010441015292,Numark Foam Ear Plugs 2 Pairs,No regulation
5011309022513,Care Glycerin Lemon + Honey 200ml,GSL
3600523232536,L'Oréal Men Expert Total Clean Total Action 5 in 1 Shower Gel 300ml,No regulation
3600523167586,L'Oréal Studio Pro Lock It Fixing Hairspray Strong 400ml,No regulation
8809310873326,Jumiso Chewy Elasticity Mask 1 Pack,No regulation
8001090705723,Tampax Compak Super Plus Applicator Tampons 18 Pack,No regulation
8809483316156,Leaders Talk To The Hand! Mask 16ml,No regulation
8809463990963,Xoy Eggplant Sheet Mask 27g,No regulation
5012617018632,Sominex 8 Tablets,P
8699568557365,Wella Shockwaves Hairspray Ultimate Hold 400ml,No regulation
8001841990354,Herbal Essences Pure Aloe & Avocado Dry Scalp Conditioner 180ml,No regulation
9001616699344,Mam Classic Soother Clipstrip 6months,No regulation
5000158064072,Lemsip Max Cold & Flu 8 Capsules,GSL
7350075693793,The Humble Co. Brush Mixed Medium Adult Pack,No regulation
5010441012062,Numark Multi Action Eye Wash and Bath 200ml,No regulation
5025135120350,Malibu Lotion SPF30 100ml,No regulation
5060229015075,Pukka Motherkind Baby Tea 20 Sachets,No regulation
5011321365261,Vicks Sinex Squeeze 20ml,GSL
5060546080831,&SISTERS Naked Tampons Medium 16 Pack,No regulation
5010249309531,FSC Chewable Vitamin C 80mg 30 Tablets,No regulation
5011784050414,Dentinox Infant Colic Drops From Birth 100ml,GSL
8809483316316,Leaders Wrinkle Tox Skin Clinic Mask 25ml,No regulation
80444879,Bionsen Deodorant Pump Spray 100ml,No regulation
5025135116339,Malibu SPF30 Scalp Protector 50ml,No regulation
3574661724232,Johnson's Baby Wash 500ml,No regulation
5010249152694,FSC Wild Yam 500mg 30 Tablets,No regulation
5026445002350,Ingram Lather Shave Cream 100ml,No regulation
5017371129563,Calypso Aloe Vera After Sun Family Size 500ml,No regulation
5060546080848,&SISTERS Naked Tampons Heavy 14 Pack,No regulation
5060899542420,Clinell Hand & Surface Wipes 84 Wipes,No regulation
4064665090062,Opi Infinite Shine Trading Paint 15ml,No regulation
5011451103894,Simple Kind to Skin Smoothing Facial Scrub 75ml,No regulation
5000347074240,Panadol Period Pain 14 Tablets,GSL
5031413936032,Headshock Plex System Hair Oil Restoring 30ml,No regulation
3574669909945,Johnson's Top-To-Toe Wash 500ml,No regulation
3616300984949,"Opi Infinite Shine 2.0 Nail Polish Duomo Days, Isola Nights 15ml",No regulation
5031413936001,Headshock Plex System Conditioner Hydrating 250ml,No regulation
5060372800269,Dr.PawPaw Original Multipurpose Balm 10ml,No regulation
5013692266598,Cocomelon Bath Tiles & Fizzer Set 100g,No regulation
0708002704086,Faith In Nature 3-In-1 Wipes 25 Pack,No regulation
5060144647467,Bulldog Original Lip Balm 4g,No regulation
5028763013902,Wisdom Renew Floss 50m,No regulation
3614228943666,Max Factor Creme Puff Blush Matte Luscious Plum 45,No regulation
0017854100190,Baylis & Harding Goodness Sea Kelp & Peppermint Hand Wash 500ml,No regulation
5017353506474,Treathay 120mg 10 Tablets,GSL
8809310873357,Jumiso Whoa Whoa Soothing Mask 1 Pack,No regulation
3574661245409,Clean & Clear Daily Deep Action Cream Wash 150ml,No regulation
8414606537822,The Skin Lounge Pearl Brightening Mask Sheet 25g,No regulation
5060193640884,Bloom & Blossom Matilda Hair & Body Wash 200ml,No regulation
0309978695349,Revlon Colorsilk Permanent Hair Colour 34 Deep Burgundy,No regulation
3616300985021,Opi Infinite Shine 2.0 Nail Polish Nails The Runway 15ml,No regulation
0017854108769,"Baylis & Harding Goodness Oud, Cedar & Amber Bath Soak 500ml",No regulation
5010441012239,Numark Comfort Eye Drops 10ml,No regulation
7322540698817,Tena Discreet Maxi Pads 6 Pack,No regulation
0850278004176,Bondi Sands Self Tan Back Applicator,No regulation
8024358909350,Crudigno Cold Pressed Flaxseed Oil with Lemon 250ml,No regulation
3574661427515,Johnson's Bedtime Bath 300ml,No regulation
0017854117105,Baylis & Harding The EDIT Twilight Amber Body Wash 400ml,No regulation
8001841479873,Always Cotton Protection Night Wings 9 Pack,No regulation
5011417573143,Dettol Antibacterial Spray & Wear 250ml,No regulation
5060053020191,Mooncup Pads with Wings Maxi/Night+ 10 pack,No regulation
5000347045219,Panadol Extra Advance 500mg/65mg 14 Tablets,GSL
5010441014660,Numark Rapid Pregancy 2 Tests,No regulation
5011309540116,Care+ Glycerin 200ml,GSL
9329401000107,The Goat Skincare Soap Bar Original 100g,No regulation
5060455141029,Brushworks Black Head Removal Tool,No regulation
0309978695707,Revlon Colorsilk Permanent Hair Colour 70 Medium Ash Blonde,No regulation
5025970012803,Nivea Men Daily Trio Cracker Set,No regulation
5011417559215,Dettol Liquid Antibacterial Handwash Camomile 250ml,No regulation
4005900717160,Nivea Men Strong Power Shampoo 250ml,No regulation
0010181033155,Palmer's Coconut Oil Formula Moisture Boost Protein Pack 60g,No regulation
5060599182216,Mad Beauty Let It Snow Frosted Berries Fragrance Hand Cream Set 30ml,No regulation
5055586605076,Eight Triple Eight Caffeine Conditioner 1000ml,No regulation
7333350868147,Epaderm Cream Junior 50g,No regulation
5025903022237,Careway Digital Thermometer,No regulation
0017854107441,Baylis & Harding Goodness Kids Lavender & Vanilla Natural Bubble Bath 500ml,No regulation
3600520337630,L'Oréal Paris Kids 2 in 1 Tropical Mango Shampoo 250ml,No regulation
5025135118654,Malibu Kids Lotion SPF50 100ml,No regulation
5010441013212,Numark Paracetamol Suspension Cherry 120mg/5ml 100ml,GSL
4015400684480,Always Infinity FlexProtect Long Pads with Wings 11 Pack,No regulation
4005900952189,Nivea 3 in 1 Caring Facial Cleansing for Dry Skin Wipes 25 Pack,No regulation
5060119660040,Lumecare Carbomer Cooling & Soothing Eye Gel 10g,No regulation
5025970004693,Nivea Love Lips Lip Balm Gift Set 3 Pack,No regulation
4005900952196,Nivea Visage Gentle Facial Cleansing Wipes Pack Of 25,No regulation
3574661634739,Aveeno Daily Moisturising Body Lotion 100ml,No regulation
5060599182193,Mad Beauty Let It Snow Ice Vanilla Fragrance Hand Cream Set 30ml,No regulation
3616302638673,Max Factor Miracle Pure Foundation Ganache Spf30 105,No regulation
5012251012119,Beauty Formulas Active Mouthwash Soft Mint Alcohol Free 750ml,No regulation
0079400204455,Toni & Guy Illuminate Blonde Conditioner 250ml,No regulation
0017854100183,Baylis & Harding Goodness Rose & Geranium Hand Wash 500ml,No regulation
5000174003451,Old Spice Original Deodorant Stick 50ml,No regulation
5011417579169,Senokot 7.5mg 20 Tablets,GSL
0309978695745,Revlon Colorsilk Permanent Hair Colour 74 Medium Blonde,No regulation
5011309142716,Radian B Pain Relief Spray 100ml,No regulation
3600522107941,L'Oréal Men Expert Carbon Protect 48H Anti-Perspirant Deodorant 50ml,No regulation
5011451103948,Simple Kind To Skin Replenishing Rich Moisturiser 125ml,No regulation
5025903022756,Careway Paracetamol Cherry 200ml,P
0017854100206,Baylis & Harding Goodness Lemongrass & Ginger Body Wash 500ml,No regulation
5037353001601,Skins Flavoured Condoms 4 Pack,No regulation
8710847954337,Lynx Africa 25 Years Mini Set 3Pc,No regulation
5060410573728,Beauty Kitchen Natruline Natural 20g,No regulation
5010724512074,Answer One Step Pregnancy Test 1 Pack,No regulation
3600523583324,L'Oréal Elvive Dream Lengths Shampoo 250ml,No regulation
5022545145454,Disney Princess Berry Breeze Bubble Bath & Wash 300ml,No regulation
8006540584101,Always Ultra Day Long Wings 11 Pads,No regulation
5010724527542,Batiste Dry Shampoo XXL Volume 200ml,No regulation
5010441014394,Numark Pregnancy Care 30 Tablets,No regulation
4015400562870,Always Dailies Flexistyle Slim Fresh Scent Liners 74 Pack,No regulation
5010441015308,Numark Black Eyeshade,No regulation
0017854107458,Baylis & Harding Goodness Kids Strawberry Swirl Natural Body Wash 500ml,No regulation
0017854116535,Baylis & Harding Goodness Tonka Bean & Neroli Hand Wash 500ml,No regulation
0309976623818,Revlon Colorsilk Permanent Hair Colour 81 Light Blonde,No regulation
8720182513939,Tresemme Revitalise Colour Conditioner 300ml,No regulation
0017854107472,Baylis & Harding Goodness Kids Watermelon Crush Conditioning Shampoo 500ml,No regulation
5010605402814,Alka Seltzer Original Aspirin 10 Effervescent Tablets,GSL
5010724525951,Femfresh Ultimate Care Soothing Wash 250ml,No regulation
5060849633451,I Love Bath & Shower Coconut& Cream 750ml,No regulation
8017331090022,Bionsen Mineral Active Roll On for Men 50ml,No regulation
5037200102710,Oh K! Sheet Mask Rejuvenating Niacinamide 34ml,No regulation
0017854117099,Baylis & Harding The EDIT Cherry Temptation Hand Wash 400ml,No regulation
5012583212713,Palette 1-1 Blue Black Hair Dye,No regulation
3600521704370,L'Oréal Elvive Shampoo Full Restore 250ml,No regulation
5037353000239,Skins Dots & Ribs Condoms 4 Pack,No regulation
5016379320019,Salactol Wart Paint 10ml,P
5031413929843,Face Facts Mango Butter Body Scrub 400 g,No regulation
5010605300479,Rennie Chewable Orange 24 Tablets,GSL
5012583212614,Palette 3-65 Chocolate Brown Hair Dye,No regulation
8006540801512,Pantene Shampoo Repair & Protect 400ml,No regulation
8001090131294,Always Comfort Protect Normal Daily Liners 80's,No regulation
8006540801536,Pantene Shampoo Smooth & Silky 400ml,No regulation
5010441001653,Numark Crepe Bandage 10cm,No regulation
3361370018994,Milton 30 Antibacterial Surface Wipes,No regulation
3600523438051,L'Oréal Men Expert Invincible Sport 96Hr Anti-Perspirant 50ml,No regulation
8006540801567,Pantene Shampoo Classic 400ml,No regulation
3614229788792,Max Factor Eyefinity Liquid Mono Eyeshadow Precious Gold,No regulation
8714789859415,Colgate Max White One Luminous Toothpaste 75ml,No regulation
42449485,Nivea Sun Suncream Lotion SPF50+ Kids Protect & Care Pocket Size 50ml,No regulation
5037353000260,Skins Ultra Thin Condoms 4 Pack,No regulation
8714789417066,Colgate Toothbrush Max White,No regulation
3616303251598,Max Factor Miracle Pure Concealer 080,No regulation
0017854100237,Baylis & Harding Goodness Sea Kelp & Peppermint Body Wash 500ml,No regulation
3600524055752,L'Oréal Elvive Nutri-Gloss Shine Conditioner 200ml,No regulation
5054805050505,Witch Don’t Stress Spot Patches 36’s,No regulation
7350075692925,The Humble Co. Interdental Brush Red Size 2 8 Pack,No regulation
5010441002865,Diarrhoea Relief - Loperamide Hydrochloride 2mg 12 Capsules,P
9329401000794,The Goat Calming Skincare Cream 100ml,No regulation
5012616291838,Solpadeine Headache Soluble 16 Tablets,GSL
4005800268090,Elastoplast Kids Plaster Marvel Avengers 20 Pack,No regulation
0017854100220,Baylis & Harding Goodness Rose & Geranium Body Wash 500ml,No regulation
5012583212690,Palette 6-0 Light Brown Hair Dye,No regulation
5000477723230,Pro-Plus Caffeine 24 Tablets,No regulation
5037353001731,Skins Bubblegum Condoms 4 Pack,No regulation
5410076498758,Head & Shoulders Itchy Scalp Eucalyptus Anti-Dandruff Shampoo 250ml,No regulation
5029053565873,Kleenex Extra Large Tissues 2 Pack,No regulation
5010249031586,FSC Iron Complex 14mg 30 Capsules,No regulation
8710908711527,Simple Water Boost Micellar Cleansing Water 200ml,No regulation
8006540988343,Pantene Conditioner Repair/Protect Pro-V 275ml,No regulation
0634158938504,Applied Nutrition Bottle & Shaker 700ml,No regulation
5012583212553,Palette 4-0 Soft Mid Brown Hair Dye,No regulation
5012008714105,Inecto Naturals Miracle Hair Mask Glossy Shine 450ml,No regulation
0017854116528,Baylis & Harding Goodness Tonka Bean & Neroli Body Wash 500ml,No regulation
0017854100244,Baylis & Harding Goodness Lemongrass & Ginger Bath Soak 500ml,No regulation
0017854109292,Baylis & Harding Sweet Mandarin & Grapefruit Hand Wash 1L Refill,No regulation
5054805050499,Witch Don't Stress Face Mask 75ml,No regulation
5055565706435,Sildenafil Accord 25mg 4 Tablets,P
5060057402931,Almus Co-codamol 8/500 32 Tablets,P
3600523232550,L'Oréal Men Expert Shower Gel Clean Power 300ml,No regulation
5010441013861,Numark Peppermint Flavour Antacid 48 Pack,GSL
3614226759207,Max Factor Excess Intensity Eye Liner Excessive Silver 05,No regulation
8006540404645,Always Cotton Prootection Normal Wings 22 Pack,No regulation
5014697010759,Witch Doctor Gel 35ml,No regulation
5060133373827,Vizulize Irritated Eye Drops 10ml,No regulation
5038581088044,Yankee Candle Home Raspberry Sundae 104g,No regulation
5033852190228,PillMate Pillcutter,No regulation
8001841703435,Always Platinum Day & Night Wings 20 Pack,No regulation
0615908428674,Tigi Bed Head Rockaholic Punked Up Strong Hold Gel 200ml,No regulation
5060410573735,Beauty Kitchen Natruline Vegan 20g,No regulation
5011831096914,Mates Protect Extra Safe Condoms 9 Pack,No regulation
5060599182209,Mad Beauty Let It Snow Winter Pear Fragrance Hand Cream Set 30ml,No regulation
5052197026016,Durex Pleasure Me Condoms 6 Pack,No regulation
8720181347221,Dove Go Fresh Antiperspirant Deodorant Aerosol Pomegranate 150ml,No regulation
5038581096049,Yankee Candle Home Inspiration Vanilla Frosting Wax Melts 75g,No regulation
5034445001952,The Body Doctor AB Mask Anti-Fog Cloth,No regulation
5060053020184,Mooncup Pads with Wings Heavy/Night 10 pack,No regulation
5391531562224,Spotlight Oral Care Plaque Disclosing Tablets,No regulation
5060176670365,Dr. Organic Tea Tree Lip Balm 5.7ml,No regulation
7350075692918,The Humble Co. Interdental Brush Pink Size 0 8 Pack,No regulation
3600520228525,L'Oreal Kids Very Berry Strawberry Conditioner 250ml,No regulation
3600523457991,L'Oreal Fine Flowers Rose & Jasmine Facial Cleansing Wipes 25 Pack,No regulation
5060062991420,Lansinoh Nursing Pads 24 Pack,No regulation
5025135117978,Malibu Bronzing Tan Oil SPF15 200ml,No regulation
8718951289161,Sanex Shower Gel Dermo-Moisturiser 500ml,No regulation
3361370037513,Milton Sterilising Fluid 500ml,No regulation
5060599183886,Friends Face Mask Set 3pc,No regulation
5012654200595,Carnation Tofoam 1 Small & 1 Large Tube,No regulation
5016007205008,Liquifilm Tears 15ml,No regulation
0017854109308,Baylis & Harding Signature Jasmine & Apple Blossom Hand Wash 1L Refill,No regulation
4005800237508,Elastoplast Fabric Extra Flexible 40 Plasters,No regulation
5036631004068,Anbesol Adult Strength Gel 10g,GSL
5037353004299,Skins Banana Condoms 4 Pack,No regulation
5410076498642,Head & Shoulders Smooth & Silky Anti-Dandruff Shampoo 250ml,No regulation
0087614210285,Swanson Albion Boron Glycine 6mg 60 Capsules,No regulation
8001841053806,Always Maxi Night ProFresh Pads 9 Pack,No regulation
5000288304970,Scholl Foam Padding 7.5cm,No regulation
0080376010759,Profoot Heel Snugs One Size 1 Pair,No regulation
5012583212652,Palette 5-68 Golden Chestnut Hair Dye,No regulation
8712561655163,Dove Body Wash Revive Pomegranate & Lemon 500ml,No regulation
5011417554630,Air Wick Reed Diffuser Precious Silk & Oriental Orchids 25ml,No regulation
3600523232642,L'Oréal Men Expert Shower Gel Invincible Ultimate Seduction 300ml,No regulation
9329401000190,The Goat Skincare Soap Bar with Manuka Honey 100g,No regulation
5010605300936,Rennie Liquid 150ml,GSL
3616302638635,Max Factor Miracle Pure Concealer Mocha 093,No regulation
7350075690020,The Humble Co. Brush Adult Yellow Soft 1 Pack,No regulation
8001090291035,Oral-B 3D White Arctic Fresh Toothpaste 75ml,No regulation
5010724525944,Femfresh Active Wash 250ml,No regulation
0309978695318,Revlon Colorsilk Permanent Hair Colour 31 Dark Auburn,No regulation
5000283661894,Dulcolax Adult 5mg Gastro-Resistant 20 Tablets,GSL
5023652326026,Nature's Aid Vitamin C 1000mg Effervescent 20 Tablets,No regulation
7322540123043,Bodyform Dailies Fresh & Protect Extra Long Liners 24 Pack,No regulation
5025903022695,Careway Rehydration Treatment Blackcurrant 6 Sachets,GSL
5391531561609,Spotlight Oral Care Bamboo Toothbrush Navy,No regulation
3614227927506,Max Factor Elixir Velvet Matte Raisin 65 Lipstick,No regulation
5012583212539,Palette 7-0 Midway Blonde Hair Dye,No regulation
5014697033727,Vosene for Kids 3 In 1 Defence Spray 150ml,No regulation
4005900983893,Nivea 24H Moisture Repair & Care Caring Lip Balm 4.8g,No regulation
0017854100268,Baylis & Harding Goodness Rose & Geranium Hand Cream 75ml,No regulation
5054805042630,Witch Blemish Clearing Spot Gel 15ml,No regulation
8809483316293,Leaders Tea Tree Relaxing Skin Renewal Mask 25ml,No regulation
0017854117037,Baylis & Harding The EDIT Neroli Sands Hand Wash 400ml,No regulation
96080962,Sure Compressed Active Dry Deodorant 75ml,No regulation
5012727906973,Wockhardt Co-Codamol 8/500mg 32 Caplets,P
0017854100275,Baylis & Harding Goodness Lemongrass & Ginger Hand Cream 75ml,No regulation
0017854116955,Baylis & Harding The EDIT Twilight Amber Hand Wash 400ml,No regulation
5010249020528,FSC L-Arginine 500mg 30 Capsules,No regulation
8720182513786,Tresemme Replenish & Cleanse Shampoo 300ml,No regulation
5013692274104,Chupa Chups Lip Balm Gift Set,No regulation
3600522783275,L'Oréal Paris Revitalift Revitalising Cleansing Wipes 25,No regulation
5000167056464,Nurofen 200mg Caplets 12 Pack,GSL
4005800030611,Elastoplast Extra Tough Waterproof 12 Plasters,No regulation
8006540358672,Fixodent Neutral Complete Denture Adhesive Cream 40g,No regulation
5011408063882,L'Oréal Kids Very Berry Strawberry Shampoo 250ml,No regulation
5012008561402,Cuticura Original Anti Bacterial Hand Gel 250ml,No regulation
5038581160399,Yankee Candle Home Inspiration Summer Day Dream Wax Melts 75g,No regulation
0309978695202,Revlon Colorsilk Permanent Hair Colour 20 Brown Black,No regulation
8718951684119,Colgate Total Original Toothpaste 75ml,No regulation
5000167009149,Dequadin 20 Lozenges,P
0017854117112,Baylis & Harding The EDIT Neroli Sands Body Wash 400ml,No regulation
5038581152608,Yankee Candle Home Inspiration Pink Pine Wax Melts 75g,No regulation
5012999500589,Ramer Sponges Super Soft Body Sponge,No regulation
7350075692673,The Humble Co. Dental Floss Fresh Mint 50m,No regulation
8801619049600,Vaseline Original Lip Care 2 x 4.8g,No regulation
3014260776787,Oral-B Pro-Expert Cross Action All in One Toothbrush Soft,No regulation
8001090066008,Always Discreet Pads Long Plus 8 Pack,No regulation
0010181025150,Palmer's Olive Oil Deep Conditioning Pack 60g,No regulation
5010527585169,Milton Sterilising Tablets 28 Pack,No regulation
5012254060834,TRESemmé Smooth & Silky Shampoo 500ml,No regulation
5031413936063,Headshock Plex System Serum Styling 90ml,No regulation
0309978695479,Revlon Colorsilk Permanent Hair Colour 47 Medium Rich Brown,No regulation
5011321626478,Aussie Hold & Shine Hairspray 250ml,No regulation
5012008746106,Inecto Natural Ultra Hydration Coconut Body Lotion 250ml,No regulation
5000309007668,Anadin Extra 16 Caplets,GSL
5060053020177,Mooncup Pads with Wings Medium/Day 10 pack,No regulation
5012008748209,Inecto Naturals Brilliant Shine Argan Conditioner 500ml,No regulation
3600542011488,Garnier Micellar Gel Face Wash Combination Skin 200ml,No regulation
0017854100251,Baylis & Harding Goodness Rose & Geranium 500ml Bath Soak,No regulation
5060084171206,Profoot Toe Foam 3 Pack,No regulation
53992758,My Little Sudocrem Skin Care Cream 32g,GSL
5012583212591,Palette 3-0 Dark Brown Hair Dye,No regulation
7332531065948,Schwarzkopf Got2B Glam force Fast Dry Spray-Gel 150ml,No regulation
8594739255487,Zentiva Co-Codamol 32 Tablets,P
5000158104310,Nurofen Cold & Flu Relief 16 Tablets,GSL
5014697010728,Witch SOS Blemish Stick,No regulation
5060332530670,Lindens Health + Nutrition Saw Palmetto 500mg 100 Tablets,No regulation
0850278004800,Bondi Sands Coconut Sea Salt Body Scrub 250g,No regulation
5060018511702,KIKI Health Organic Coconut Oil 40ml,No regulation
5017371154800,Calypso Kids Coloured Sun Lotion SPF50 Disappearing Roll-On 50ml,No regulation
8801619049617,Vaseline Rosy Lips Lip Care 2 x 4.8g,No regulation
0309978695608,Revlon Colorsilk Permanent Hair Colour 60 Dark Ash Blonde,No regulation
5410076229468,Head & Shoulders Citrus Fresh Anti-Dandruff Shampoo 250ml,No regulation
5012654200601,Carnation Footcare Animal Wool 25g,No regulation
5016695005171,Mylan Sildenafil 25mg 4 Tablets,P
8006540709344,Always Ultra Day Sanitary Towels Normal 28 Pads,No regulation
5000158100701,Nurofen Express 200mg 10 Liquid Capsules,GSL
5017539250474,Ever Ready Corn & Callous Knife Replacement Blades 4 Pack,No regulation
3614227927407,Max Factor Elixir Velvet Matte Dusk 40 Lipstick,No regulation
5060084173163,Profoot Finger & Toe Bandage,No regulation
0687368100827,Advance TECHniques High Roller Set,No regulation
5025135119798,Malibu Bronzing Tanning Oil Spray SPF8 with Argan Oil 100ml,No regulation
0017854117129,Baylis & Harding The EDIT Cherry Temptation 400ml Body Wash,No regulation
5017353503251,Galpharm Cold Sore Cream 2g,No regulation
0850278004039,Bondi Sands Reusable Self Tan Application Mitt,No regulation
5011309020212,Care Calamine Lotion 200ml,GSL
8809598455726,COSRX Master Patch Blemish Cover 24 Pack,No regulation
50612710,Bells Eucalyptus Oil 25ml,No regulation
5012617015853,Accord Paracetamol Capsules 500mg 32 Pack,P
8901030599682,Pears Soap Bar 2 Pack,No regulation
0017854113343,Baylis & Harding Beauticology Let's Be Mermaids Hand Wash 500ml,No regulation
0309978695547,Revlon Colorsilk Permanent Hair Colour 54 Light Golden Brown,No regulation
4011700740314,4711 Original Body Spray 100ml,No regulation
8001841196015,Tampax Compak Super Tampons 26 Pack,No regulation
5011417582459,Lemsip First Action Nasal Spray 20ml,No regulation
8809566990303,Benton Aloe Soothing Mask 23g,No regulation
5037353000208,Skins Natural Condoms 4 Pack,No regulation
5039021500119,Aquamax Cream 100g,No regulation
5000207007425,Johnson's Clean & Clear Exfoliating Daily Wash 150ml,No regulation
8001841941899,Always Ultra Secure Night Wings Size 5 Pack of 8,No regulation
5000207004981,Clean & Clear Deep Cleansing Lotion 200ml,No regulation
8017331082843,Bionsen Mineral Active Spray 150ml,No regulation
4005800237447,Elastoplast Sensitive Plaster 20 Pack,No regulation
5060133376330,Pollenase Itchy Eye Drops 10ml,GSL
5060209732497,Epimax Ointment 125g,No regulation
5012583212676,Palette 1-0 Deep Natural Black Permanent Hair Dye,No regulation
5037353000482,Skins Extra Large Condoms 4 Pack,No regulation
5037353000420,"Skins Assorted 4 Pack (2 Natural, Dots & Rib, Ultra Thin)",No regulation
7322540853377,Tena Discreet Ultra Mini Thin Pads 20 Pack,No regulation
4005800044427,Elastoplast Waterproof Fabric 18 Plasters,No regulation
5010724533765,Nair Body Wax Strips with Japanese Cherry Blossom 20 Strips,No regulation
5010441013298,Numark Mucus Cough Oral Solution 200ml,GSL
8714789798196,Colgate Max White One Mouthwash 500ml,No regulation
8710847950230,Radox Feel Blissful Bath Soak 500ml,No regulation
5016379265006,Exterol 5% Ear Wax Removal Drops 8ml,P
3616300984710,Opi Nail Polish Have Your Panettone & Eat It Too 15ml,No regulation
5060084170025,Profoot Softgel Toe Separators 3 Pack,No regulation
5060601936974,Barber Pro Warming Eye Mask Single,No regulation
5060421930367,Aproderm Emollient Cream 50g,No regulation
0017854113312,Baylis & Harding Beauticology Chasing Rainbows Body Wash 500ml,No regulation
0309978695462,Revlon Colorsilk Permanent Hair Colour 46 Medium Golden Chestnut Brown,No regulation
5011309028218,Care+ Witch Hazel 200ml,GSL
5037154000148,Vizulize Dry Eye Drops 10ml,No regulation
8001841208732,Aussie Conditioning Spray Waves 150ml,No regulation
5060202920402,Simply Gentle Disposable Breast Pads 40 Pads,No regulation
0010181025099,Palmer's Olive Oil Glossing Hair Mousse 300g,No regulation
96081006,Sure Men Deodorant Invisible Ice Compressed 125ml,No regulation
5010249041097,FSC Vitamin C 500mg 30 Tablets,No regulation
5410076691081,Pantene Pro-V Milky Damage Repair Oil Replacement Hammam 200ml,No regulation
7350051300462,Mamma Moo Children Earplugs 2 Pairs,No regulation
8809211651436,Berrisom Soda Bubble Mask Poretox Fruit 18ml,No regulation
7332531063630,Schwarzkopf Got2B Hairspray Glamforce 275ml,No regulation
5011309021110,Care+ Codeine Linctus 200ml,P
5010249031197,FSC Zinc 15mg with Copper 30 Tablets,No regulation
7322541061467,Tena Discreet Extra Pads 10 Pack,No regulation
5012583206170,Schwarzkopf Live Ultra Brights 107 Lemon Twist,No regulation
0010181025181,Palmer's Olive Oil Dry Shampoo 200ml,No regulation
8809198843046,11 Village Factory Relax-Day Hand Mask 15g,No regulation
5031013103803,Higher Nature Vitamin D3 500IU 60 Capsules,No regulation
8809085957283,Wish Formula Bat Eye Mask 8ml,No regulation
5000444016426,Cyclax Sun Protection Lotion SPF20 100ml,No regulation
5026445002794,Harmony Gold Styling Mousse Volume Boost 200ml,No regulation
96080986,Sure Compressed Cobalt Deodorant 75ml,No regulation
5013692229395,Despicable Me Minions Giggling Hand Wash 250ml,No regulation
8717163943212,VO5 Flexible Wax Spray Rework Hold 150ml,No regulation
5900627073751,Air Wick Reed Diffuser White Flowers 25ml,No regulation
8714100184950,Dove Pro Age Conditioner 350ml,No regulation
0017854100176,"Baylis & Harding Goodness Oud, Cedar & Amber Hand Wash 500ml",No regulation
3600541029057,Garnier Essentials Soothing Vitamin-Enriched Toner 200ml,No regulation
5025135112751,Malibu Aloe Vera After Sun Moisturising Gel 200ml,No regulation
5000347061776,Beechams Flu Plus 16 Caplets,GSL
4005800188268,Elastoplast Disney Mickey Mouse & Friends 20 Plasters,No regulation
8717644331750,Sure Men Active Dry Antiperspirant Deodorant 150ml,No regulation
5012583205326,Schwarzkopf Color Expert Dark Brown 4.0,No regulation
0309978695424,Revlon Colorsilk Permanent Hair Colour 42 Medium Auburn,No regulation
5025135118630,Malibu Kids Lotion SPF30 100ml,No regulation
7322540808667,Tena Lights Sensitive Normal Liners 22 Pack,No regulation
8809566990310,Benton Goodbye Redness Centella Mask 23g,No regulation
5010441014561,Numark Sodium Picosulfate Constipation Relief 100ml,P
5010605240492,Diprobase Emollient Eczema Dry Skin Cream 50g,GSL
5010249163102,FSC Lecithin 1200mg 30 Capsules,No regulation
5045091052939,Trevor Sorbie Straight Protect & Shine Spray 200ml,No regulation
7322541124261,Tena Lady Normal Pads 12 Pack,No regulation
8001841266961,Pantene Conditioner Smooth & Sleek 360ml,No regulation
8714024383958,Care Plus Tick-Out Remover,No regulation
8001841267050,Pantene Pro-V Colour Protect Shampoo 360ml,No regulation
5029354012625,AloeDent Pomegranate Toothpaste 100ml,No regulation
8699568514795,Clairol Color Crave Semi-Permanent Orchid,No regulation
8711600718678,Dove Men+Care Exfoliating Face Scrub 150ml,No regulation
5430000934305,Bambaw Cotton Buds Box 200 Pack,No regulation
3600523167593,L'Oréal Studio Pro Boost It Volume Hairspray Extra Strong 400ml,No regulation
5012583205241,Schwarzkopf Color Expert Omegaplex Deep Amethyst 4.9,No regulation
5054563094087,Beechams Powders 10 Sachets,GSL
8710908151064,VO5 Wave Creation Hairspray 300ml,No regulation
5055757809715,Sunsera Antibacterial Hand Gel 50ml,No regulation
5011408003666,L'Oréal Elnett Sleek & Chic Supreme Hold 200ml,No regulation
8001841444161,Head & Shoulders Men Ultra Shampoo 250ml,No regulation
5025135112355,Malibu After Sun Lotion Spray 200ml,No regulation
7322540455236,Tena Discreet Protect+ Maxi Night Pads 6 Pack,No regulation
5055172205895,Sure Thermal Hot & Cold Reusable Pack,No regulation
8809483316330,Leaders Aquaringer Skin Clinic Mask 25ml,No regulation
96032909,Anbesol Teething Gel 10g,P
5012583205319,Schwarzkopf Color Expert Omegaplex Natural Light Brown 6.0,No regulation
5056235400073,Healthpoint Spray Plaster 40ml,No regulation
5010249319509,The Food Supplement Company Magnesium & Vitamin B6 30 Tablets,No regulation
0062200901013,Veet Facial Hair Removal Kit 50ml 2 Pack,No regulation
0667803002596,Toni & Guy Sleek Definition Cream 100ml,No regulation
4015400675433,Always Discreet 24 Liners,No regulation
7640170370249,Biomed Sensitive Toothpaste 100g,No regulation
5900627062687,Air Wick Reed Diffuser Mystical Garden 25ml,No regulation
4015600896614,Pantene Oil Therapy 2 Minute Masque 200ml,No regulation
5060144640048,Bulldog Original Shower Gel 200ml,No regulation
7702018361441,Gillette Blue 3 Disposable Razors 4 Pack,No regulation
3600542025638,Garnier Moisture Bomb Mist Protect & Hydrate 75ml,No regulation
3600542382625,Garnier Pure Active Spot Care 40ml,No regulation
0309977326046,Revlon Colorsilk Permanent Hair Colour 04 Ultra Light Natural Blonde,No regulation
5705831045019,Malibu Dry Oil Spray SPF2 200ml,No regulation
8809242195190,Leaders Daily Wonders What Happened Last Night? Revitalizing Mask 25ml,No regulation
5010441014295,Numark Ear Wax Removal Drops 12ml,No regulation
5029354012700,AloeDent Spearmint Toothpaste Fluoride Free 100ml,No regulation
8001090705662,Tampax Compak Super Tampons 18's,No regulation
0309978695530,Revlon Colorsilk Permanent Hair Colour 53 Light Auburn,No regulation
5059001012029,Air Wick Reed Diffuser Pink Prosecco & Raspberry 25ml,No regulation
4015600528591,Pantene Repair & Protect Shampoo 400ml,No regulation
5029354005078,AloeDent Children's Flouride free Toothpaste 50ml,No regulation
4015400629245,Always Discreet Small 20 Pads,No regulation
8006540129180,Oral B 3D Toothpaste Luxe Charcoal 100ml,No regulation
5013692229357,Despicable Me Shampoo & Conditioner 2-In-1 400ml,No regulation
5029053581491,Kleenex Ultra Soft Extra Large 40 Tissues,No regulation
5029066078841,Childs Farm Baby Moisturiser 50ml,No regulation
8001841930657,Always Secure Night Extra with Wings 14's,No regulation
3600524056308,L'Oréal Elvive Fibrology Thickening Conditioner 200ml,No regulation
0017854104877,Baylis & Harding Elements Body Wash Dark Amber & Fig 500ml,No regulation
5000477233968,Olbas Inhaler Nasal Stick 695mg,GSL
3600542460309,Garnier Ultimate Blends Kids Cherry No Tears Shampoo 250ml,No regulation
0381519186899,Aussie Mousse 3 Minute Miracle Curl Define & Shine 150ml,No regulation
0309976623054,Revlon Colorsilk Permanent Hair Colour 05 Ultra Light Ash Blonde,No regulation
8699568557426,Wella Shockwaves Extra Strong Hold Hairspray 400ml,No regulation
0309978695455,Revlon Colorsilk Permanent Hair Colour 45 Bright Auburn,No regulation
8710908160653,TRESemmé Beauty-full Volume Mousse 200ml,No regulation
5012583206095,Schwarzkopf Color Expert Omegaplex Medium Caramel Blonde 8.65,No regulation
8711700807258,Dove Intense Nourishing Body Lotion 250ml,No regulation
8718951166202,Colgate Toothpaste Max White Crystals 75ml,No regulation
0309978695509,Revlon Colorsilk Permanent Hair Colour 50 Light Ash Brown,No regulation
5060455140275,Brushworks Ceramic Foot File,No regulation
3574661325576,Johnson's Shiny Drops Kids Conditioner Spray 200ml,No regulation
3574661416519,Johnson's Baby Top to Toe Moisturising Cream 100ml,No regulation
8700216301879,Head & Shoulders Men Ultra Scalp Detox Anti-Dandruff Shampoo 250ml,No regulation
5024874017150,Valupak Cod Liver Oil 1000mg 30 Capsules,No regulation
50158072,Dettol Liquid Antiseptic Disinfectant 250ml,No regulation
5017371150505,Calypso Dry Oil Clear Protection SPF6 200ml,No regulation
4015400629368,Always Discreet Pads Small Plus 16 Pack,No regulation
8809211652518,Berrisom Face Wrapping Mask Collagen Solution 80 27g,No regulation
4015400219712,Tampax Compak Super Applicator Tampons 18 Pack,No regulation
5055586605311,Eight Triple Eight Coconut Shampoo 1000ml,No regulation
5055158013216,Epaderm Cream 50g,No regulation
8718951647961,Sanex Baby Zero% Nourishing Wash 450ml,No regulation
5060084170827,Profoot Moleskin Roll 7cmx40cm,No regulation
8006540822197,Always Ultra Normal Pads 16 Pack,No regulation
0716237180469,Giovanni L.A. Natural Gel 60ml,No regulation
5025135113871,Malibu Dry Oil Spray SPF15 100ml,No regulation
8718951030299,Colgate Sensitive Sensifoam Toothpaste 125ml,No regulation
8001841377926,Always Platinum Normal Sanitary Towels with Wings 24 Pads,No regulation
5051389044821,Mitchum Women Unscented Antiperspirant & Deodorant 150ml,No regulation
5012254061022,TRESemmé Hairspray Extra Hold 100ml,No regulation
5010605208171,Feminax Express 8 Tablets,GSL
5020535010287,Elysium Spa Sleep Well Pillow Spray 25ml,No regulation
5000167002126,Femfresh Intimate Deodorant Spray 125ml,No regulation
5010249028524,FSC One-A-Day Garlic Gems 90 Capsules,No regulation
8699568514320,Clairol Color Crave Semi-Permanent Lavender,No regulation
3574661484303,Johnson's Baby Soap with Honey 100g 4 Pack,No regulation
5060135050962,O.R.S. Hydration Strawberry for Kids 12 Tablets,No regulation
3600522498803,L'Oréal Elvive Fibrology Thickness Creation Double Serum 30ml,No regulation
8006540351963,Always Discreet Extra Secure Ultimate Night Pads 6 Pack,No regulation
0309976623498,Revlon Colorsilk Permanent Hair Colour 49 Auburn Brown,No regulation
5010249122000,FSC Vitamin B6 100mg 60 Tablets,No regulation
5010249152533,FSC Hawthorn 500mg 30 Tablets,No regulation
8720182513793,TRESemmé Moisture Rich Conditioner 300ml,No regulation
3600522626077,L'Oréal Men Expert Thermic Resist 48Hr Anti-Perspirant Deodorant 50ml,No regulation
5029354008932,AloeDent Dental Floss 30m,No regulation
8001090705600,Tampax Compak Regular Tampons 18's,No regulation
8720182513946,Tresemme Cleanse & Replenish Conditioner 300ml,No regulation
5010441013281,Numark Chesty Cough Oral Solution 200ml,No regulation
5057881620211,Vitaplus Adhesive Assorted Wound Dressings 6 Pack,No regulation
8001090065988,Always Discreet Pads Long 10 Pack,No regulation
5060062998030,Earth Friendly Baby Gentle Aloe Vera Wet Wipes 72 Pack,No regulation
7350087736679,E45 Dermatological Cream 50g,GSL
8717163943229,VO5 Natural Texture Spray Natural Hold 150ml,No regulation
5010441007235,Numark Sleep Aid 25mg 20 Tablets,P
3574669908276,Johnsons Baby Bed Time Powder 500g,No regulation
5038581121109,Yankee Candle Home Inspiration Pepperberry Pine Wax Melts 75g,No regulation
5025903027928,Careway Haemorrhoid Cream 30ml,No regulation
8809211651214,Berrisom Peking Opera Mask Series King 25ml,No regulation
5060035248223,CB12 Boost Sugar Free Mint Gum 10 Pieces,No regulation
8809483316279,Leaders Collagen Lifting Skin Renewal Mask 25ml,No regulation
5060421930602,AproDerm Ointment 50g,No regulation
5010123703431,Listerine Mouthwash Freshburst 250ml,No regulation
5010441007730,Numark Micropore Tape 5cm x 5m,No regulation
8809242195183,Leaders Daily Wonders Pore Gone for Good Pore Care Mask 25ml,No regulation
5037378008999,Anovia Hand Repair Hand Cream 125ml,No regulation
5060428199538,Vital Baby Protect Grooming Kit,No regulation
5000347087141,Panadol ActiFast 14 Tablets,GSL
5012654200854,Carnation Cushion Comfort Insoles 1 Pair,No regulation
5060084170131,Noise-X Foam Earplugs Barrel Shape 2 Pairs,No regulation
8718951656536,Sanex Deodorant Spray Dermo Sensitive 200ml,No regulation
5010724534427,Anusol 10 Soothing & Cleansing Wipes,No regulation
8809211651221,Berrisom Peking Opera Mask Series Queen 25ml,No regulation
0017854096158,Baylis & Harding Black Pepper & Ginseng Hair & Body Wash,No regulation
0080376315564,Profoot Softgel Toe Protector,No regulation
8809310873319,Jumiso First Skin-Brightening Face Sheet Mask 26ml,No regulation
5010249041257,"FSC Calcium, Magnesium & Zinc 30 Tablets",No regulation
3361370713479,Milton Antibacterial Surface Spray 500ml,No regulation
8001090065964,Always Discreet Normal 12 Pads,No regulation
8711600532397,Dove Men+Care Invisible Dry Deodorant Spray 150ml,No regulation
8699568514085,Clairol Color Crave Semi-Permanent Indigo,No regulation
7317400020457,TePe Good Regular Toothbrush,No regulation
5010249319004,FSC Zinc Lozenges 36 Pack,No regulation
5012008740104,Inecto Body Lotion Coconut 500ml,No regulation
5010441011362,Numark Cold Sore Cream 2g,GSL
0782126003089,Natracare Ultra Pads Super Wings 12 pack,No regulation
5010249152397,The Food Supplement Damiana 250mg 30 Tablets,No regulation
5010441012161,Numark Constipation Relief 5mg 20 Tablets,GSL
8718951030169,Colgate Sensitive with Sensifoam Toothpaste 75ml,No regulation
5410076391011,Aussie Luscious Long Conditioner 250ml,No regulation
5012654200878,Carnation Heel Grips 1 Pair,No regulation
5012008748100,Inecto Naturals Intense Hydration Coconut Shampoo 500ml,No regulation
8809447250045,Dr.Althea Water Glow Aqua Ampoule Mask 27g,No regulation
5000477242014,Olbas Blackcurrant Pastilles 40g,No regulation
5028763013926,Wisdom Renew Floss Harps 30 Pack,No regulation
8809310873333,Jumiso Water Splash Face Sheet Mask 26ml,No regulation
0782126003201,Natracare Ultra Extra Pads Long with Wings 8 pack,No regulation
8006540769737,Always Panty Liners Extra Long Plus 24s,No regulation
5029354015220,Aloe Pura Hand Sanitiser 75ml,No regulation
3574661117638,Piz Buin Mountain Sun Cream with SPF15 40ml,No regulation
8809447250670,Dr.Althea Herb Therapy Velvet Mask 27g,No regulation
3600541126053,Garnier Body 7 Day Mango Hand Cream 100ml,No regulation
5012008721301,Pro:Voke Touch Of Silver Brightening Shampoo 150ml,No regulation
8717644331811,Sure Men Active Dry Antiperspirant Deodorant 250ml,No regulation
4084500103900,Aussie Wash+ Blow Kool Kiwi Berry Dry Shampoo 180ml,No regulation
5012008570008,Soft & Gentle Pink Cotton Jasmine & Coco Milk 150ml,No regulation
0782126003256,Natracare Ultra Extra Pads Regular with Wings 12 pack,No regulation
8700216420686,Herbal Essences Dazzling Shine Lime Essences Conditioner 275ml,No regulation
5060519140807,Pukka Lean Matcha Green Tea 20 Sachets,No regulation
5011417571828,Gaviscon Double Action Liquid 10ml 4 Sachets,GSL
4015400363064,Tampax Super Plus with Applicator 20 Pack,No regulation
5010249152489,FSC Ginkgo Biloba 500mg 30 Tablets,No regulation
5030451003430,Cetraben Cream 50g,No regulation
5029053582924,Kleenex Original Mega Pack 112 Tissues,No regulation
5029354008772,Australian Tea Tree Soap 90g,No regulation
4005800187728,Elastoplast Disney Frozen 20 Plasters,No regulation
8809310873340,Jumiso Rich Nourishment Sheet Mask 26ml,No regulation
5060229015068,Pukka Motherkind Pregnancy Tea 20 Sachets,No regulation
5051389044845,Mitchum Women Shower Fresh Antiperspirant & Deodorant 150ml,No regulation
4005800280597,Elastoplast Knee & Elbow Fabric 10 Plasters,No regulation
8809533814595,Beaudiani Anti Wrinkle Mask 25ml,No regulation
8712561631204,Dove Body Wash Purely Pampering Coconut Milk & Jasmine Petals 500ml,No regulation
3600523283941,L'Oréal Paris Studio Pro Heat It Hot & Go Fast Blow-Dry Spray 150ml,No regulation
8710908882463,Dove Body Wash Invigorating Ritual 500ml,No regulation
5060035249053,CB12 Fresh Breath Mouth Spray 15ml,No regulation
5010441002766,Numark Rehydration Treatment Blackcurrant Flavoured 6 Sachets,No regulation
3574661684314,Listerine Spearmint Mouthwash 500ml,No regulation
5010441013342,Numark Senna 7.5mg 20 Tablets,GSL
5010249041288,FSC Super Cal/Mag 30 Tablets,No regulation
3600523167609,L'Oréal Studio Pro Boost It Volume Mousse Extra Strong 200ml,No regulation
5410076854462,Oral-B Pro-Expert Premium Dental Floss 40m,No regulation
5011309085716,Algesal Local Analgesic Cream 50g,P
3574661218236,Johnson's Baby Top to Toe Bath 300ml,No regulation
5029053500287,Kotex Maxi Normal 18 pads,No regulation
5060849634113,I Love Bath & Shower Strawberry Cream 750ml,No regulation
3574660582871,Johnson's Daily Essentials Hydrating 24hr Day Cream SPF15 50ml,No regulation
5010441013809,Numark Hypromellose Drops 0.3% 10ml,No regulation
8886467049453,Brut Original All in one Hair & Body Shower Gel 500ml,No regulation
5011309141115,Radian B Muscle Rub 40g,No regulation
5000158063815,Disprin Direct 16 Chewable Tablets,GSL
5000231050855,Radox Bath Soak Stress Relief Rosemary & Eucalyptus 500ml,No regulation
5055586608060,Eight Triple Eight Conditioner Apple Cider Vinegar 1000ml,No regulation
8717163411216,Dove Firming Body Lotion 250ml,No regulation
7702018474738,Gillette Blue Disposable Fixed Handle 5 Pack,No regulation
8034007484015,Plus Fresh Face Everyday Facemask 2 Pack,No regulation
8718951323025,Sanex Men Active Control Antiperspirant 200ml,No regulation
0086449002256,Crystal Travel Deodorant Stick 40g,No regulation
7322540557466,Tena Lights Sensitive Long Liner 20 Pack,No regulation
5010441011270,Numark Aspirin 75mg Gastro-Resistant 56 Tablets,P
5060332530168,Lindens Health + Nutrition Zinc Citrate 50mg 100 Tablets,No regulation
5012008748001,Inecto Intense Hydrating Coconut Conditioner 500ml,No regulation
5391510478881,Ultrapure Laboratories Hydrogen Peroxide 6% 200ml,No regulation
5010415635006,Tommee Tippee Catch All Bib,No regulation
5060254922447,Enopen Cream 50g,No regulation
50469185,Beechams Cold & Flu Honey & Lemon 5 Pack,No regulation
4005808222698,Nivea for Men Sensitive Shave Foam 200ml,No regulation
0017854104891,Baylis & Harding Elements Body Wash White Tea & Neroli 500ml,No regulation
0018515124494,Nutra Nail Nail Hardener Flex Shield 15ml,No regulation
3600541361454,Garnier Cleansing Milk 200ml,No regulation
8717644627624,Dove Men+Care Clean Comfort Body Wash 250ml,No regulation
8414606537808,The Skin Lounge Firming Lift Mask 25g,No regulation
5037808075805,Ever Ready Corn Plane Replacement Blades 10,No regulation
5017848253975,Bell's Healthcare Triple Action Cough Oral Solution 200ml,GSL
8006540584200,Always Ultra Day & Night Sanitary Pads 9 Pack,No regulation
3600523167616,L'Oréal Studio/Pro Curve It Curl Mousse 200ml,No regulation
5060704340098,Acala Bamboo Cotton Buds 100 Pack,No regulation
5012254061275,TRESemmé Deep Cleansing Shampoo 500ml,No regulation
50621903,Bells Clove Oil B.P. 10ml,No regulation
5012654200847,Carnation Foot Care Hydrocolloid Blister Care 4 Large Dressings,No regulation
0083078001940,Carmex Moisturising Lip Balm Mint SPF15 10g,No regulation
9329401000770,Pure Paw Paw Ointment Mango 15g,No regulation
6291105153294,Vaseline Cocoa Butter Lip Care 4.8g,No regulation
5010249011687,FSC Folic Acid 400mcg 90 Tablets,No regulation
7322540490268,Tena Lights Sensitive Normal Liners 24 Pack,No regulation
7350087731100,Lipobase Cream 50g,P
5010058039216,Hush Plugz Silicone Earplugs 7 Pairs,No regulation
8710908689789,Dove Men+Care Minerals + Sage Body & Face Wash 250ml,No regulation
0309978695448,Revlon Colorsilk Permanent Hair Colour 44 Medium Red Brown,No regulation
9329401000282,Pure Paw Paw Ointment Grape 15g,No regulation
0017854078413,"Baylis & Harding Aloe, Tea Tree & Lime Antibacterial Hand Wash 500ml",No regulation
8017331082836,Bionsen Mineral Active Roll On 50ml,No regulation
7702018024612,Gillette Simply Venus 2 Blades Women's Disposable Razors 4 Pack,No regulation
8886467075223,Dove Go Fresh Pear & Aloe Vera Anti-perspirant Stick 40ml,No regulation
4015400675518,Always Discreet Long Plus 20 Liners,No regulation
5055172208551,Sure Thermal Instant Ice Pack Single Use,No regulation
8712561643238,Dove Go Fresh Mandarin & Tiare Flower Body Wash 250ml,No regulation
0672935109662,Firefly Lightup Timer Toothbrush Soft (3+ Years) 1 Pack,No regulation
0017854012677,Baylis & Harding Funky Farm Bath & Shower Gel 1L,No regulation
0017854120792,Baylis & Harding Sweet Mandarin & Grapefruit Hand Cream 50ml,No regulation
5060133372295,Vizulize Multi-Purpose Contact Lens Solution 100ml,No regulation
8717163758823,Toni & Guy 2-In-1 Cleansing Face & Beard Wash 150ml,No regulation
7332531024648,Schwarzkopf Gliss Hair Repair Color Protect & Shine Shampoo 400ml,No regulation
3600523717200,L'Oréal Men Expert Black Mineral Anti-Spot Shower Gel 300ml,No regulation
4005900512130,Nivea Soft Mix & Match Happy Exotic 100ml,No regulation
4015400564119,Always Dailies Normal Liners 32 Pack,No regulation
0080376315625,Profoot Softgel Corn Wraps 3 Pack,No regulation
4015400363002,Tampax Super Tampons with Applicator 20 Pack,No regulation
5011309102611,Care+ Sodium Bicarbonate Ear Drops 10ml,GSL
96106068,Dove Advanced Dry Oil Conditioner 50ml,No regulation
8886467049477,Brut Attraction Totale All-In-One Hair & Body Shower Gel 500ml,No regulation
7332531063388,Schwarzkopf Got2B Fresh It Up Texture Dry Shampoo 200ml,No regulation
5014697033703,Vosene for Kids 3 In 1 Shampoo 250ml,No regulation
0017854113305,Baylis & Harding Beauticology Make a Splash Bath Bomb,No regulation
5011784030126,MEDIJEL Gel 15g,GSL
4084500694293,Max Factor Masterpiece High Precision Liquid Eyeliner Velvet Black 01,No regulation
8006540583982,Always Ultra Normal 15 Pack,No regulation
5055586605328,Eight Triple Eight Coconut Conditioner 1000ml,No regulation
8718951042209,Colgate Kids Minions 4+ Years Mild Flavour Toothpaste 50ml,No regulation
5054805039722,Vosene Anti Dandruff Shampoo 500ml,No regulation
8711600724358,Toni & Guy Men Anti Dandruff 2-In-1 Shampoo 250ml,No regulation
5000101513893,Imperial Leather Gentle Care Soap 90g 4 Pack,No regulation
0079400204387,Toni & Guy Volume Addiction Conditioner 250ml,No regulation
5025135112485,Malibu Soothing After Sun Lotion 200ml,No regulation
0017854096172,Baylis & Harding Citrus Lime & Mint Shower Gel 500ml,No regulation
5060099032967,Odylique Reviving Rosemary Shampoo 20ml,No regulation
5060171760009,Balmosa Cream 40g,GSL
8720181334870,Sure Invisible Pure Anti-perspirant 200ml,No regulation
5012616267055,"Firefly LOL Surprise Dental Set: 2 Toothbrushes, Toothpaste & Beaker",No regulation
0010181032226,Palmer's Coconut Oil Formula Coconut Oil Lip Balm SPF 15 4g,No regulation
9329401000305,Pure Paw Paw Ointment Original 25g,No regulation
5060099032332,Odylique Coconut Chamomile Prebiotic Conditioner & Detangler 20ml,No regulation
4015400899303,Aussie Beach Mate Dry Shampoo 180ml,No regulation
0895531010228,Australian Gold Dark Sunshine 15ml,No regulation
8710447205877,Radox Feel Vivacious Apple Blossom & Cranberry Shower Mousse 200ml,No regulation
5000101513824,Imperial Leather Original Soap 90g 4 Pack,No regulation
4005900036483,Nivea Men Black & White Original Antiperspirant Deodorant Spray 150ml,No regulation
5060133370482,Vizulize Contact Lens Saline Solution 360ml,No regulation
5012008748407,Inecto Naturals Deeply Nourishing Avocado Conditioner 500ml,No regulation
5010724529645,Nair Hair Remover Moisturising with Baby Oil 80ml,No regulation
5099186001272,Pinewood Pholcodine Linctus 200ml,P
5017007026464,Teva Cetirizine Dihydrochloride 10mg Hay Fever Allergy Relief 30 Tablets,P
50601714,Numark Clove Oil 10ml,No regulation
5012008748506,Inecto Naturals Deeply Nurshing Avocdo Shampoo 500ml,No regulation
5055586605069,Eight Triple Eight Caffeine Shampoo 1000ml,No regulation
5057881620013,Vitaplus Adhesive Wound Dressing 9x10cm 5 Pack,No regulation
4005808131013,Nivea Rich Moisture Soft Caring Hand Wash 250ml,No regulation
5000288302266,Scholl Corn Foam Cushions 9 Pack,No regulation
5010441014684,Numark Childrens Tickly Cough 0.75/5ml Oral Solution Lemon & Honey 200ml,GSL
3600541367838,Garnier Ultimate Blends The Silky Smoother Shampoo with Vanilla Milk & Papaya 400ml,No regulation
5026445002770,Harmony Gold Styling Mousse Defined Curl 200ml,No regulation
5011309025712,Care Surgical Spirit 200ml,GSL
0017854095137,Baylis & Harding Black Pepper & Ginseng Shower Gel,No regulation
5025135117664,Malibu Face Cream SPF30 40ml,No regulation
6281006485303,Pears Handwash Mint 250ml,No regulation
0017854113336,Baylis & Harding Beauticology Believe in Yourself Hand Wash 500ml,No regulation
8717163653500,Dove Silver Care Shampoo 250ml,No regulation
5010622017947,Oral-B Satin Dental Floss 25m,No regulation
8712561615242,Dove Body Wash Gentle Exfoliating 500ml,No regulation
5000347055867,Corsodyl Daily Expanding Floss 30m,No regulation
8001090962966,Old Spice Captain Deodorant Spray 150ml,No regulation
5054805039630,Vosene Anti Dandruff Conditioner 300ml,No regulation
4011700740475,4711 Original Cream Soap 100g,No regulation
3574661684307,Listerine Lime & Mint 500ml,No regulation
8001841489803,Oral-B Sensitivity & Gum Calm Gentle Whitening Toothpaste 75ml,No regulation
5000167056600,Nurofen 200mg 16 Tablets,GSL
5054805050536,Vosene Kids Head Lice Spray Apple and Lemon 150ml,No regulation
0018515012418,Nutra Nail 5-7 Day Growth Treatment 13ml,No regulation
7332531024617,Schwarzkopf Gliss Hair Repair Total Repair Shampoo 400ml,No regulation
5060099032325,Odylique Lavendar Sea Buckthorn Prebiotic Conditioner & Detangler 20ml,No regulation
5033852190235,Pillmate Large 7 Day Pill Box,No regulation
5060099032356,Odylique Lavender Hydrating Shampoo 20ml,No regulation
5010441013915,Numark Ibuprofen Rapid Pain Relief 342mg 16 Tablets,GSL
5060636880129,ecoLiving Fairtrade Cotton Bud 100 Pack,No regulation
5017007604457,Cymex Cold Sore Cream 5g,GSL
5060133373414,Vizulize Hypromellose 0.3% Eye Drops 10ml,No regulation
8717644300428,Sure Men Antiperspirant Quantum Dry 150ml,No regulation
5034749002402,EcoLab Yellow Soft Paraffin BP 15g,No regulation
4084500309081,Wella Silvikrin Style & Heat Protect Leave in Spray 150ml,No regulation
5011831096884,Mates Comfort Natural Sensations Condoms 9 Pack,No regulation
8712561884068,Dove Colour Care Conditioner 200ml,No regulation
5060053020207,Mooncup Panty Liners 25 pack,No regulation
5011309052916,Care+ Acetone Household Solvent 50ml,No regulation
4005800042782,Elastoplast Water Resistant 20 Plasters,No regulation
5025903024903,Careway Expectorant Cherry Cough Syrup 200ml,GSL
5060133373612,Pollenase Allergy Relief Cetirizine 10mg 14 Tablets,GSL
8699568523803,Wella Silvikrin Classic Firm Hold Mousse 200ml,No regulation
5000101510212,Imperial Leather Energising Foamburst 200ml,No regulation
8006540902486,Head & Shoulders DermaXPro Conditioner 200ml,No regulation
5051389044852,Mitchum Men 48HR Ice Fresh Antiperspirant Deodorant 150ml,No regulation
8901117002913,Numark Hay Fever Relief Cetirizine 10mg 60 Tablets,P
4005808230860,Nivea Double Effect 48H Antiperspirant Deodorant 150ml,No regulation
8720182525543,Matey Jasper Bubble Bath 450ml,No regulation
8718951392878,Sanex Zero Sensitive Skin Shower Gel 225ml,No regulation
5060420233445,Lansinoh E Absorbent Maternity Pads 10 Pack,No regulation
3574669907569,Johnson's Baby Shampoo 300ml,No regulation
8710447469378,Simple Kind To Eyes Revitalising Eye Roll On 15ml,No regulation
5018632281433,Safe & Sound Kids Fun Plasters Animals 16 Pack,No regulation
5017123166990,Fennings Ibuprofen for Children 100mg/5ml Oral Suspension Strawberry Flavour 100ml,GSL
8717163693315,Radox Sleep Chamomile & White Valerian Scent Bath Salt 900g,No regulation
5054805039562,Vosene Hydration Anti Dandruff Cond 500ml,No regulation
5017848249367,Bell's Calamine Lotion 200ml,GSL
5000101135262,Carex Original Hand Wash 500ml,No regulation
5010724526347,Nair Body Wax Strips with Camomile Extract 16 Strips,No regulation
5037200107876,Oh K! 32ml Sheet Mask Probiotic,No regulation
3574669907958,Johnson's Baby 2-In-1 Shampoo 500ml,No regulation
5011417539873,Veet Hair Removal Cream Normal Skin 100ml,No regulation
8699568523926,Wella Silvikrin Classic Secure Hold Mousse 200ml,No regulation
5011309401417,Care+ Simple Linctus Sugar Free Cough Syrup 200ml,GSL
3574661255019,Clean & Clear Deep Action Facial Wipes 25 Pack,No regulation
8720182525536,Matey Arlo Bubble Bath 450ml,No regulation
5028763012301,Wisdom Interdental Brushes 0.7mm 5 Pack,No regulation
5098928124347,Ovelle Aqueous Cream 500g,GSL
4030571004349,Viscotears Liquid Gel Eye Drops 10g,P
5010441001578,Numark Crepe Bandage 7.5cm,No regulation
3614227927483,Max Factor Elixir Velvet Matte Mauve 60 Lipstick,No regulation
8809581077454,Beaudiani Pumpkin Mask 25ml,No regulation
0017854096165,Baylis & Harding Citrus Lime & Mint Hair & Body Wash 250ml,No regulation
5024874016207,Valupak Pregnancy 30 Tablets,No regulation
8710908657900,Baby Dove Shampoo Rich Moisture 200ml,No regulation
0017854100411,Baylis & Harding Elements Fresh Lemon & Mint Hand Wash 500ml,No regulation
3600541032880,Garnier Mineral Invisicool Roll-On Deodorant 50ml,No regulation
3600541032897,Garnier Mineral Invisicalm Roll-On Deodorant 50ml,No regulation
3574661470573,Johnson's Baby Shampoo Chamomile 500ml,No regulation
5060099033025,Odylique Prebiotic Gentle Herb Shampoo 20ml,No regulation
5060099032974,Odylique Rosemary & Rice Water Conditioner & Detangler 20ml,No regulation
8720181465482,Radox Feel Hydrated Watermelon & Mint Shower Gel 225ml,No regulation
5055586607131,Eight Triple Eight Argan Conditioner 1000ml,No regulation
3600540040404,Garnier Skin Start Afresh Cleansing Lotion 200ml,No regulation
8718951656659,Sanex Deodorant Spray Extra Control 200ml,No regulation
5011831096976,Mates Ultra Thin Condoms 9 Pack,No regulation
0017854104884,Baylis & Harding Elements Body Wash Pink Blossom & Lotus Flower 500ml,No regulation
5010724533758,Nair Nourish Facial Wax Strips 7 in 1 20 Pack,No regulation
0083078007133,Carmex Moisturising Lip Balm Peach & Mango SPF15 10g,No regulation
5055586607148,Eight Triple Eight Colour Protect Conditioner 1000ml,No regulation
0017854116726,Baylis & Harding Royale Garden Verbena & Chamomile Body Wash 500ml,No regulation
4028163037103,Ecolab Antiseptic Mouthwash Peppermint Flavour 300ml,GSL
5053249270180,Pestshield Mosquito & Insect Repellent,No regulation
0810020170566,Bondi Sands Pure Self Tan Foam Dark 200ml,No regulation
5017371149929,Calypso Sun Burn Relief 100ml,No regulation
5055028387522,Enliven Fruits Hair Mask Refresh 350ml,No regulation
3600523216673,L'Oréal Elvive Clay Oily Roots Dry Shampoo 150ml,No regulation
8720182513755,Tresemme Revitalising Colour Shampoo 300ml,No regulation
5011451103986,Simple Kind to Skin Exfoliating Wipes 25 wipes,No regulation
8718951388437,Sanex Shower Gel Derma Moist 225ml,No regulation
0017854116740,Baylis & Harding Royale Garden Lemon & Basil Body Wash 500ml,No regulation
5021691600046,Phorpain Ibuprofen 5% w/w Gel 50g,GSL
0017854116757,Baylis & Harding Royale Garden Peach Peony & Jasmine Body Wash 500ml,No regulation
5014363003214,M&A Pharmachem Co-Codamol 8/500mg 32 Tablets,P
8720182525529,Matey Molly Bubble Bath 450ml,No regulation
8720182525512,Matey Hamina Bubble Bath 450ml,No regulation
5010797005350,Selsun Dandruff Shampoo 2.5% w/v 50ml,P
5060080353408,Vital Baby Hygiene Sanitising Water 50ml,No regulation
8809587520398,11 Village Factory Smiling Eye Patch 4g,No regulation
5010724534878,Arm & Hammer Toothpaste Charcoal Sensitive 75ml,No regulation
5017353503398,Galpharm Paracetamol Suspension 120mg/5ml 100ml,GSL
7332531063517,Schwarzkopf Got2B Fresh It Up Dry Shampoo for Blondes 200ml,No regulation
8712561480307,Vaseline Advanced Repair Unscented Hand Cream 75ml,No regulation
5410091733377,Schwarzkopf Got2B Fresh It Up Dry Shampoo 200ml,No regulation
3600522783329,L'Oréal Skin Perfection Purify Wipes 25 Pack,No regulation
5011501016181,Deep Freeze Cold Patch,No regulation
8001841039282,Aussie Conditioning Mist Smooth 95ml,No regulation
5000101226847,Original Source Tingly Mint & Tea Tree Shower Gel 500ml,No regulation
8699568514054,Clairol Color Crave Semi-Permanent Flamingo,No regulation
8809211650989,Berrisom Animal Mask Series Sheep 25ml,No regulation
8718114560939,Dove Colour Care Shampoo 250ml,No regulation
5010724535059,Arm & Hammer Coconut Toothpaste 75ml,No regulation
3600523201075,L'Oréal Bronze Legs Airbrush Body 150ml,No regulation
8718951423084,Sanex Biome Protect Anti-Irritation Deodorant 200ml,No regulation
5011451104204,Simple Age Resisting Cleasing Wipes 25 Pack,No regulation
8809211651429,Berrisom Soda Bubble Mask Brighten Fruit 18ml,No regulation
5000101101342,Carex Moisture Plus Hand Wash Refill 500ml,No regulation
8710908812415,St. Ives Oatmeal Scrub 150ml,No regulation
3574661331102,Johnson's Shiny Drops Kids Conditioner 500ml,No regulation
8809211651412,Berrisom Soda Bubble Mask Aqua Fruit 18ml,No regulation
8710908812576,St. Ives Radiant Pink Lemon Scrub 150ml,No regulation
5099186000442,Pinewood Aqueous Cream Bp 100g,GSL
8001841039190,Aussie Conditioning Mist Protect 95ml,No regulation
5013692246507,Dermasil Labs Advanced Skin Lotion 250ml,No regulation
8710447172087,Simple Water Boost Hydrating Cleansing Face 25 Wipes,No regulation
5012254059760,St. Ives Fresh Skin Apricot Scrub 150ml,No regulation
8720182513663,TRESemmé Moisture Rich Shampoo 300ml,No regulation
5011309401516,Care+ Simple Linctus Paediatric Sugar Free 200ml,GSL
5036631001111,Hydromol Intensive 30g,No regulation
3574661230986,Johnson's Baby Gentle Protect Hand Wash 300ml,No regulation
8001090718792,Aussie Shampoo Miracle Moist Mini 90ml,No regulation
76143038,Colgate Total Pro Gum Health Interdental Floss 25m,No regulation
5024874016658,Valupak Cranberry 2000mg 30 Tablets,No regulation
5011309017717,Care+ Aqueous Emollient Cream 100g,GSL
3600523283934,L'Oréal Studio Hot & Curl Heat Protection Spray Pump 200ml,No regulation
3600522836131,L'Oréal Kids Super Pear Tangle Tamer 150ml,No regulation
5011309027716,Care+ Simple Linctus Syrup Paediatric 200ml,No regulation
5025135117695,Malibu Face Cream SPF50 40ml,No regulation
8699568514160,Clairol Color Crave Semi-Permanent Rose Gold,No regulation
5035559002507,Avomine Travel Sickness Promethazine 25mg 10 Tablets,P
5017353505712,Galpharm Cold Relief 16 Capsules,GSL
5000231049873,Radox Feel Active Sea Salt & Lemongrass Shower Gel 250ml,No regulation
0018515127327,Nutra Nail Speed Dry Top Coat 15ml,No regulation
8710908489228,Dove Derma Spa Body Lotion Oxygen Touch 200ml,No regulation
5025903021957,Careway Advanced Corn Hydrocolloid 10 Plasters,No regulation
5011501002122,Deep Heat Patch 1 Pack,GSL
96125595,Dove Men+ Cool Fresh Antiperspirant Stick Deodorant 50ml,No regulation
7702018065349,Gillette Satin Care Lavender Touch Shave Gel 200ml,No regulation
8712561607988,Dove Body Wash Caring Protection 500ml,No regulation
5010441007341,Numark Loratadine 10mg Allergy & Hay Fever 30 Tablets,GSL
3614229788846,Max Factor Eyefinity Liquid Mono Eyeshadow Sultry Burgundy,No regulation
5037156268652,John Frieda Frizz Ease Dream Curls Shampoo 175ml,No regulation
5055172214910,Qualicare First Aid Kit Small,No regulation
8714789763224,Sanex Deo Aerosol Dermo-Sensitive 150ml,No regulation
8809540510183,Benton Snail Bee High Content Mask 20g,No regulation
3614229788815,Max Factor Eyefinity Liquid Mono Eyeshadow Teasing Bronze,No regulation
8718951192218,Sanex Zero Body Lotion Dry Skin 400ml,No regulation
5013692246514,Dermasil Labs Body Lotion Moisturizing Cocoa Butter 250ml,No regulation
8001841039343,Aussie Conditioning Mist Scent-Sational 95ml,No regulation
0079400204493,Toni & Guy Men Deep Clean Shampoo 250ml,No regulation
3600542040785,Garnier Ultimate Blends Fresh Revitaliser Detox Conditioner 400ml,No regulation
5060420233469,Lansinoh D Absorbent Maternity Pads 12 Pack,No regulation
8718951059498,Sanex Men Normal Skin Revitalising Shower Body & Face 500ml,No regulation
8710908882661,Dove Body Wash Restoring Ritual 500ml,No regulation
7332531063487,Schwarzkopf Got2B Fresh It Up Dry Shampoo for Brunettes 200ml,No regulation
8006540584149,Always Ultra Day Long Wings 13 Pads,No regulation
5060228452680,Peppa Pig Flashing Soft Toothbrush 3+,No regulation
8809211650927,Berrisom Animal Mask Series Tiger 25ml,No regulation
0010181032431,Palmer's Coconut Oil Formula Facial Scrub 60g,No regulation
5000158065987,Gaviscon Double Action Mint Chewable 8 Tablets,GSL
5022545145614,Peppa Pig Bubble Bath Super Bubbly 300ml,No regulation
5010724526378,Nair Bikini & Underarm Hair Removal Cream 90ml,No regulation
5000101510199,Imperial Leather Nourishing Foamburst 200ml,No regulation
3574660217841,Johnson's Baby Moisturising Bath 500ml,No regulation
53996671,Sudocrem Skin Care Cream 30g,No regulation
8712561981729,Dove Derma Spa Youthful Vitality Body Lotion 200ml,No regulation
3600521565988,L'Oréal Elnett Hairspray Supreme Hold 75ml,No regulation
5037156268805,John Frieda Sheer Blonde Go Blonder Lightening Shampoo 175ml,No regulation
5037156268355,John Frieda Volume Lift Lightweight Shampoo 175ml,No regulation
5027599000018,Lotil Original Cream 30ml,No regulation
5000101502965,Carex Hand Gel Complete Defence Original Antibacterial 50ml,No regulation
5025135111754,Malibu After Sun Insect Rep Lotion 200ml,No regulation
5054563125491,Panadol Advance 500mg 16 Tablets,GSL
3574661352299,Listerine Mouthwash Kids Berry 500ml,No regulation
5013803998844,Vieve Watermelon Protein Water 500ml,No regulation
7702018015009,Gillette Satin Care Shea Butter Silk Shaving Gel 200ml,No regulation
5000309007774,Anadin Paracetamol 500mg 16 Tablets,GSL
3574661218205,Johnson's No More Tangles Kids Shampoo 500ml,No regulation
3574661264912,Aveeno Baby Daily Care Baby Wipes 72 Pack,No regulation
5060849634120,I Love Bath & Shower Peachy Passionfruit 750ml,No regulation
5016221201206,Paw Patrol Dental Set,No regulation
5013803999155,Vieve Orange & Mango Protein Water 500ml,No regulation
5065006524016,Vieve Vegan Protein Water Wild Cherry 500ml,No regulation
5065006524023,Vieve Vegan Protein Water Peach & Orange 500ml,No regulation
5010441013083,Numark Aqueous Cream 100g,GSL
5011309050219,Care Olive Oil Samaritan 92ml,No regulation
8908002449969,Medicom Hypromellose Eye Drops Bp 0.3% w/v,GSL
4005808577750,Nivea Caring Shower Cream Harmony Time 250ml,No regulation
4005800187735,Elastoplast Star Wars 20 Plasters,No regulation
8809085955791,Wish Formula Blackhead & Blackmask Home Spa Kit,No regulation
5000476040390,Johnson's Veterinary Tick Remover,No regulation
5060365795381,Mad Beauty Clip & Clean Gel Sanitiser Strawberry 30ml,No regulation
5013803998851,Vieve Strawberry & Rhubarb Protein Water 500ml,No regulation
0083078018160,Carmex Tropical SPF 30 Lip Balm 4.25g,No regulation
5022545145652,Peppa Pig Bath Fizz Snap-n-Share 130g,No regulation
4015400899242,Aussie Dry Shampoo Festival Fresh 180ml,No regulation
5060601936929,BeautyPro Warming Eye Mask Single,No regulation
4005900122049,Nivea for Men Silver Protect Shower Gel 500ml,No regulation
8718951059504,Sanex Shower Gel Men Sensitive Skin 250ml,No regulation
5012251013406,Beauty Formulas Freshbreath Whitening Toothbrush & Toothpaste 100ml,No regulation
5060084171565,Profoot Corn Removal Plasters,GSL
3574660582819,Johnson's Face Care Daily Essentials Nourishing Day Cream SPF15 50ml,No regulation
5013803999162,Vieve Peach & Raspberry Protein Water 500ml,No regulation
5054805039838,Bristows 5. Ultra hold hairspray 400ml,No regulation
5010724531204,Femfresh Daily Intimate Wash Aloe Vera 150ml,No regulation
5060365795411,Mad Beauty Clip & Clean Gel Sanitiser Lavender 30ml,No regulation
5060337728027,Healthpoint Ibuprofen 100mg/5ml Oral Suspension for Children Strawberry Flavour 100ml,GSL
7332531074773,Schwarzkopf Gliss Hair Repair Supreme Length Shampoo 400ml,No regulation
5024874030579,Valupak Glucosamine & Chondroitin 400/100mg 30 Capsules,No regulation
5056369110442,W7 Fleek Browzer Facial & Body Hair Razor Pack,No regulation
5054805039814,Bristows 2. Conditioning hold hairspray 400ml,No regulation
5060365795398,Mad Beauty Clip & Clean Gel Sanitiser Rose 30ml,No regulation
5060133372660,Vizulize Eye Wash 100ml,No regulation
8017331047507,Bionsen Deodorant Caring Touch Roll On 50ml,No regulation
5010441011621,Numark Mentholated Bronchial Balsam 200ml,GSL
5054805039821,Bristows 4. Extra firm hold hairspray 400ml,No regulation
5054563252517,Sensodyne Pronamel Junior Toothpaste 50ml,No regulation
5025135118272,Malibu 3 Pack Lip Balm (Watermelon/Mint/Vanilla) SPF30,No regulation
5060365795404,Mad Beauty Clip & Clean Gel Sanitiser Melon 30ml,No regulation
5011451106109,Simple Pore Minimising Toning Cleanser 200ml,No regulation
5018632211737,Safe & Sound Soft & Sensitive Plasters 12 Pack,No regulation
3574669908177,Johnson's Baby Bedtime Baby Lotion 300ml,No regulation
5060704340012,Acala Razor Blades 10 Pack,No regulation
5011451106093,Simple Nourishing Makeup Remover Cream 100ml,No regulation
0083078001445,Carmex Moisturising Lip Balm Cherry SPF15 10g,No regulation
5010441013229,Diarrohoea Relief Instants - Loperamide Hydrochloride 6 Melting Tablets,GSL
5011417582091,Dettol Hand & Surface Spray 50ml,No regulation
5000101507519,Carex Hand Cream + Anti-Bac 75ml,No regulation
5029053581583,Kleenex Allergy Pocket Pack Tissues 6 Pack,No regulation
5028763012264,Wisdom Chlorhexidine Alcohol Free Antibacterial Mouthwash Original 300ml,GSL
7350075692680,The Humble Co. Dental Floss Lemon 50m,No regulation
5012616291753,Hedex Extra 16 Tablets,GSL
4005900811271,Elastoplast Hand Cleansing Sanitiser Spray 55ml,No regulation
5012654111013,Carnation Callous Caps 2 Pack,No regulation
8718951131644,Colgate Natural Extracts Fresh Lemon Toothpaste 75ml,No regulation
5065006524009,Vieve Citrus & Apple Protein Water 500ml,No regulation
5024071250084,Aspar Hayfever & Allergy Relief 10mg 30 Tablets,GSL
5010724526361,Nair Moisturising Cream Legs & Body 100ml,No regulation
5010441004692,Numark Glycerin 100ml,No regulation
5054805039807,Bristows 3. Natural hold hairspray 400ml,No regulation
42110187,Nivea Creme 50ml,No regulation
5410076847945,Wella Silvikrin Volume & Extra Strong Hold Hairspray 250ml,No regulation
8718951166127,Colgate MaxFresh Cool Mint Toothpaste 75ml,No regulation
5012654110016,Carnation Corn Caps 5 Pack,No regulation
8016825929022,Aquafresh Family Protection Fresh & Minty 100ml,No regulation
5000309007651,Anadin Extra 12 Caplets,GSL
5018632242533,Safe & Sound Cleansing Antiseptic Spray 100ml,No regulation
8809663752385,Mizon Joyful Time Essence Mask Hyaluronic Acid 23g,No regulation
0782126191038,Natracare Organic Super 10 Tampons,No regulation
5017123090769,Crescent Pharma Cetrimide Antiseptic Cream 30g,GSL
8001841959702,Aussie Nourish & Repair Conditioner 200ml,No regulation
5000101512896,Carex Original 2H Protection Antibacterial Hand Wash 500ml,No regulation
5017353500885,Galpharm Children's Ibuprofen 100mg/5ml Oral Suspension Orange 100ml,GSL
5010058039254,Hush Plugz DIY Foam Ear Plugs 4 Pairs,No regulation
5000231036781,Radox Muscle Soak Bath Salt 400g,No regulation
5000101510038,Imperial Leather Indulgent Antibacterial Handwash 500ml,No regulation
0810020170955,Bondi Sands Glo Lights Gold 25ml,No regulation
5010249011663,The Food Supplement Company Vitamin B12 with Folic Acid 30 Tablets,No regulation
8809046298776,Wish Formula Panda Eye Essence Mask,No regulation
0017854116733,"Baylis & Harding Royale Garden Rose, Poppy & Vanilla Body Wash 500ml",No regulation
0672935811350,Hello Kitty Plasters 20 Pack,No regulation
59095804,Sure Invisible Pure Roll-on Anti-Perspirant 50ml,No regulation
3600523214501,L'Oréal Elvive Extraordinary Clay Anti-dandruff Shampoo 250ml,No regulation
5025135118449,Malibu Bronzing Tanning Oil SPF4 100ml,No regulation
3600520560601,L'Oréal Elvive Styliste Mousse Colour Protect 150ml,No regulation
5037154000179,Pollenase Chlorphenamine 4mg 30 Tablets,P
5051389044869,Mitchum Men 48HR Protection Sport Antiperspirant Deodorant 150ml,No regulation
5010441013366,Numark Saline Nasal Spray 15ml,No regulation
5010441013908,Numark Mucus Cough & Cold Relief 16 Tablets,GSL
7702018308309,Gillette Mach 3 Extra Comfort Shaving Gel 75ml,No regulation
8809211650972,Berrisom Animal Mask Series Monkey 25ml,No regulation
4015400899273,Aussie Flower Power Dry Shampoo 180ml,No regulation
8700216539128,Oral-B Super Floss Threader 50 Pack,No regulation
8006540801482,Pantene Shampoo Smooth & Sleek 450ml,No regulation
8809430537832,Pack-age Everyday Bouncy Mask 25ml,No regulation
5025971100295,Lil-Lets Tampon Super 10 Pack,No regulation
5000158064560,Gaviscon Peppermint Chewable 8 Tablets,GSL
8710447205884,Radox Feel Bright Shower Mousse Mango & Mandarin Scent 200ml,No regulation
5028270000341,Simply Cotton Cotton Wool Pleat 180g,No regulation
4485336053887,Gillette Satin Care Women's Shaving Gel Pure & Delicate 200ml,No regulation
0017854080683,Baylis & Harding Pink Magnolia & Pear Blossom Hand Wash 500ml,No regulation
8001090965431,Old Spice Captain 2 in 1 Shower Gel & Shampoo 250ml,No regulation
4005900983909,Nivea Soft Rose Lip Balm 4.8g,No regulation
8718951169739,Colgate Max White Sparkle Diamonds Toothpaste 75ml,No regulation
5012008721202,Pro:Voke Touch Of Silver Colour Care Conditioner 200ml,No regulation
5060133376637,Steril-eeze Hand Sanitiser 50ml,No regulation
8720181287626,Dove Powder Anti-perspirant 150ml,No regulation
5010724526385,Nair Sensitive Hair Removal Cream 100ml,No regulation
5051389044838,Mitchum Woman Powder Fresh Antiperspirant Deodorant 150ml,No regulation
8712561241519,St. Ives Facial Cleansing Gentle Dry & Sensitive 35 Wipes,No regulation
5053249265841,Nuage Rosemary Hair + Scalp Oil 100ml,No regulation
8006540221389,Always Profresh Liners Normal 48 Pack,No regulation
3574661652238,Aveeno Baby Daily Care Moisturising Lotion 75ml,No regulation
3574661217598,Johnson's Baby Fresh Bubble Bath & Wash 500ml,No regulation
5054805050529,Bristows Sol Fiesta Heat Protection Spray Pistachio & Caramel 200ml,No regulation
0083078911171,Carmex Original Classic Lip Balm 4.25g,No regulation
8006540801369,Pantene Shampoo Repair & Protect 450ml,No regulation
5012251008105,Beauty Formulas Deodorising Foot Powder 100g,No regulation
5012583204541,Schwarzkopf Pro Styling Power Wax 75ml,No regulation
5025971100233,Lil-Lets Smartfit Non Applicator Super Plus 10 Pack,No regulation
3574661486321,Carefree Pantyliners Normal Cotton Fresh 56 Pack,No regulation
5000158071384,Lemsip Cold & Flu Sachets Blackcurrant 5 Sachets,GSL
5029354008598,Australian Tea Tree Lip Balm SPF15 5.7ml,No regulation
7322541048277,Bodyform Pure Sensitive with Wings Regular Flow 12 Pack,No regulation
5018632116728,Safe & Sound Microporous Tape 2.5Cm X 5M,No regulation
5000231070112,Radox Men Bath Soak Muscle Therapy Black Pepper & Ginseng 500ml,No regulation
0083078415303,Carmex Cherry Lip Balm Pot 7.5g,No regulation
8712561909778,Simple Kind To Skin Micellar Cleansing Wipes 25 Pack,No regulation
8720181209444,Simple Biodegradable Cleansing Wipes 25 Wipes,No regulation
5010441015001,Numark Peppermint Oil 10ml,No regulation
4005800237522,Elastoplast Flexible Fabric Water-Repellent Plasters 10 Pack,No regulation
8710908657399,Baby Dove Head To Toe Wash Sensitive Moisture Fragrance Free 200ml,No regulation
4005900511973,Nivea Soft Mix & Match Chilled Oasis 100ml,No regulation
5012008721004,Pro:Voke Touch Of Silver Colour Care Shampoo 200ml,No regulation
5010441014349,Numark Low Adherant Dressing 5 Pack,No regulation
5017848251957,Bell's Dry Tickly Cough 200ml,GSL
8809211650965,Berrisom Animal Mask Series Dog 25ml,No regulation
5012251012126,Beauty Formulas Active Mouthwash Green Mint Alcohol Free 750ml,No regulation
8718951133815,Sanex Zero% Invisible Compressed Deodorant 125ml,No regulation
8006540311851,Herbal Essences Dry Scalp Conditioner 180ml,No regulation
8809211650934,Berrisom Animal Mask Series Panda 25ml,No regulation
8720181336195,Simple Refreshing Shower Gel 225ml,No regulation
5012583200802,Right Guard Fresh 48H Anti-Perspirant 150ml,No regulation
8710447224250,TRESemmé Botanique Damage Recovery Shampoo 400ml,No regulation
8809211650958,Berrisom Animal Mask Series Cat 25ml,No regulation
8809663752378,Mizon Joyful Time Essence Mask Snail 23g,No regulation
3600520595528,L'Oréal Sublime Bronze Self Tan Easy Tanning Wipes 2s,No regulation
5010441007723,Numark Micropore Tape 2.5cm x 5m,No regulation
5000101510472,Imperial Leather Moisturising Bodywash 500ml,No regulation
5012654200755,Carnation Fleecy Padding,No regulation
5029053582764,Kleenex Antibacterial Wipes 36 Pack,No regulation
5010724525043,Arm & Hammer Toothpaste Advance White 75ml,No regulation
5056267001965,Enliven Dry Shamp Original 300ml,No regulation
5010441006382,Numark Almond Oil 70ml,No regulation
8714789115474,Colgate Deep Clean Whitening Toothpaste 75ml,No regulation
5028763010017,Wisdom Step By Step Brightstar Toothbrush,No regulation
5011451102965,Simple Kind To Hair Gentle Care Conditioner 200ml,No regulation
5010441014110,Numark Irritated Eye Drops 10ml,No regulation
5025135119941,Malibu Lotion Spray SPF20 100ml,No regulation
5017123041136,Crescent Ferrous Gluconate 300mg Iron 28 Tablets,P
1790763591431,Needles Disposal Bin - Sharpsafe 1 L Yellow,No regulation
4005900512055,Nivea Soft Mix & Match Berry Charming 100ml,No regulation
5038581127354,Yankee Candle Fragranced Wax Melts Elderflower Spritz 75g,No regulation
8717163719954,Simple Ultra Light Liquid Moisturiser 50ml,No regulation
59079583,Dove Anti Perspirant Stick Apple & White Tea 40ml,No regulation
5010441014424,Numark Nail Polish Remover Pads 40 Pack,No regulation
8809663752316,Mizon Joyful Time Essence Mask Cucumber 23g,No regulation
0687368098230,Hereby Bamboo Reusable Coffee Cup,No regulation
4005808661923,Nivea Men Maximum Hydration Body Lotion 250ml,No regulation
8720181079245,Lynx Ice Chill Shower Gel 225ml,No regulation
4003455340185,Sula Butterscotch Sugar Free Sweets 42g,No regulation
0850278004169,Bondi Sands Dual Action Exfoliating Mitt,No regulation
8699568523896,Wella Wella Silvikrin Classic Flexible Hold Mousse 200ml,No regulation
5025903023876,Careway Ibuprofen 200mg 48 Tablets,P
7610472862728,Bibi Assorted Soothers 2 Pack,No regulation
5011417559192,Dettol Hand Wash Revitalise Raspberry 250ml,No regulation
96201398,Soft & Gentle Anti-Perspirant Roll-On Magnolia Hug 50ml,No regulation
8886467061738,Baby Dove Rich Moisture 50 Wipes,No regulation
5010441013489,Numark Vitamin C 500mg 30 Chewable Tablets,No regulation
5025971208212,Lil-Lets Cotton 50 Oval Cosmetic Pads,No regulation
4004148013072,Floradix Herbal Tea Peppermint 15 Teabags,No regulation
5031413935943,Headshock Plex System Bond 1 Cleansing Shampoo 250ml,No regulation
5011451102996,Simple Kind To Hair Gentle Care Shampoo 200ml,No regulation
3574661087108,Johnson's Makeup Be Gone 5-in-1 Cleansing Wipes All Skin Types 25 Pack,No regulation
5000453123078,VitaminStore Immunity Complex 20 Effervescent Tablets,No regulation
8712561571371,Dove Nourishing Oil Care Conditioner 350ml,No regulation
5029053573717,Kleenex Allergy Comfort 56 Tissues,No regulation
5060284540925,Uvistat Aftersun Evening Protect SPF20 200ml,No regulation
5055028387669,Enliven Fruits Conditioner Soft Coconut 350ml,No regulation
0017854120020,Baylis & Harding Wild Lavender & Geranium Hand Wash 500ml,No regulation
5000347014840,Aquafresh Complete Care Whitening Fluoride Toothpaste 75ml,No regulation
5012254060841,TRESemmé Conditioner Salon Silk 500ml,No regulation
8809663752354,Mizon Joyful Time Essence Mask Vitamin 23g,No regulation
5012251013598,Beauty Formulas Shampoo Biotin & Collagen 250ml,No regulation
8717163643884,VO5 Invisible Flexible Hold 2 100ml,No regulation
5017848250295,Bell's Cough Linctus Oral Solution 200ml,GSL
8886467061745,Baby Dove Sensitive Skin Care Moisturising Wipes 50 Pack,No regulation
5029053573731,Kleenex Allergy Comfort 50 Tissues,No regulation
3574661087276,Johnson's Makeup Be Gone 5-in-1 Cleansing Wipes Dry Skin 25 Pack,No regulation
5010441013946,Numark Paracetamol Plus 500mg with Caffeine 16 Tablets,GSL
5055028381728,Enliven Ultra Hold Volume & Curl Hair Mousse 300ml,No regulation
5038581110998,Yankee Candle Home Inspiration Fragranced Wax Melts Amber Musk 75g,No regulation
5029053500294,Kotex Maxi Super 16 Pads,No regulation
5010612808517,Brut Original Deodorant 200ml,No regulation
5012583200161,Schwarzkopf Gliss Hair Repair Colour Protect & Shine Shampoo 250ml,No regulation
8809242270170,Pack-age Don't Worry Healing Mask 25g,No regulation
8001841536255,Herbal Essences Pure Hemp Seed Oil & Aloe Instant Fizz Control 100ml,No regulation
5012008722506,Soft & Gentle Anti-Perspirant Spray Magnolia Hug 150ml,No regulation
5060704340579,Acala Aluminium Lipbalm Tin 15ml,No regulation
5029053561387,Kleenex Ultra Soft Pocket Tissues 8 Pack,No regulation
5012583200796,Right Guard 48H Protection Antiperspirant 150ml,No regulation
8001090589149,Oral B Junior 6+Yrs Toothpaste 75ml,No regulation
5024874015347,Valupak Folic Acid 400µg 90 Tablets,No regulation
5053249266114,Nuage Rosemary Conditioner 400ml,No regulation
5025903022596,Careway Cold Sore Cream 2g,No regulation
0017854100428,Baylis & Harding Elements Hand Wash White Tea & Neroli 500ml,No regulation
0782126181039,Natracare Organic Regular 10 Tampons,No regulation
5038581160368,Yankee Candle Fragranced Tropical Skies Wax Melts 75g,No regulation
4004148013010,Floradix Herbal Tea Fennel 15 Teabags,No regulation
5000444014903,Cyclax Aloe Vera Revitalising Cream 300ml,No regulation
5012583207474,Schwarzkopf Got2Be Roaring High Texturizing Powder To Cream 15g,No regulation
5031413947489,Thefootfactory Ball Of Foot & Heel Gel Cushions 2 Pairs,No regulation
5038581127392,Yankee Candle Fragranced Wax Melts Confetti Macarons 75g,No regulation
5000283657910,Zentiva Paracetamol 500mg 32 Capsules,P
59095729,Sure Men Sensitive 48 Hour Roll-On Anti-Perspirant 50ml,No regulation
4004148013188,Floradix Herbal Tea Yarrow 15 Teabags,No regulation
5038581127385,Yankee Candle Home Inspiration Fragranced Wax Melts Island Blooms 75g,No regulation
5011309067316,Care+ Haemorrhoid Relief Ointment 25g,GSL
8809242270187,Pack-age Sweet Dream Deep Sleeping Mask 25g,No regulation
5010605829017,Germolene Antiseptic Dual Action 30g,GSL
8720181368127,Timotei Pure Purifying Conditioner Green Tea Extract 300ml,No regulation
5031413935974,Headshock Plex System Bond 2 Nourishing Hair Mask 100ml,No regulation
5014697056931,Vosene Anti Dandruff Shampoo 300ml,No regulation
5056235401742,Healthpoint Cooling Freeze Spray 125ml,No regulation
5900998006464,Original Source Mango Shower Gel 500ml,No regulation
5011501016105,Deep Freeze Gel 35g,GSL
5011309030815,Care+ Citric Acid Monohydrate 50g,GSL
5028763011045,Wisdom Pro Flex Interdental Brushes Size 4 (0.7mm) 5 Pack,No regulation
5010441012482,Numark Ibuprofen 200mg 32 Capsules,P
3574661312828,Johnson's Even Complexion Facial Wash 150ml,No regulation
9329401000688,Pure Paw Paw Ointment Cherry 15g,No regulation
5054805045143,Cidal Pink Grapefruit Antibacterial Cleansing Bars 2 x 100g,No regulation
8809663752255,Mizon Joyful Time Essence Mask Aloe 23g,No regulation
8720181368103,Timotei Hydrating Conditioner Coconut Milk & Aloe Vera 300ml,No regulation
3600541029019,Garnier Simple Essentials Soothing 2-in-1 Makeup Remover 200ml,No regulation
8809242270194,Pack-age I Love Myself Makeup Boosting Mask 25g,No regulation
5055586605281,Eight Triple Eight Hemp Oil Conditioner 1000ml,No regulation
0017854104754,Baylis & Harding Elements Hand Wash Pink Blossom & Lotus Flower 500ml,No regulation
8006540311974,Herbal Essences Avacado & Aloe Hair & Scalp Oil 100ml,No regulation
5055172219922,Sure Travel Easy Sleep Eye Mask+ Ear Plugs,No regulation
0017854100404,Baylis & Harding Elements Oud Wood & Bergamot Hand Wash 500ml,No regulation
4056800700608,Wella New Wave Ultra Strong Gel 150ml,No regulation
4056800759446,Wella New Wave Strong Wet Look Gel 150ml,No regulation
5025135113819,Malibu Lotion SPF20 100ml,No regulation
5011309010213,Care Ex Virgin Olive Oil Eardrops 10ml,No regulation
4005808730315,Nivea Men Cool Kick 48H Anti-Perspirant 150ml,No regulation
5024874015354,Valupak Multi Vitamin & Minerals 25 Tablets,No regulation
4015400731627,Always Sensitive Long Plus 12 Pack,No regulation
5012008718509,Cuticura Mildly Medicated Bar Soap 100g,No regulation
5010441020753,Numark Lens Wipes 50 Pack,No regulation
5025135113734,Malibu Lotion Spray SPF15 100ml,No regulation
5012254062678,Vo5 Mega Hold Gel 50ml,No regulation
5025903021865,Careway Crepe Bandage 10cm,No regulation
5010058044906,Fast Aid Cohesive Bandage 7.5cm x 4.5m,No regulation
0681131110228,Equate Beauty Luxury Hair Set,No regulation
5018632116681,Safe & Sound Washproof Plasters 20 Pack,No regulation
5010058071612,Robinson Absorbent Lint B.P.B 25g,No regulation
6001051000814,Nivea Men Cool Kick Body Lotion 250ml,No regulation
4004148013171,Floradix Herbal Tea Sage 15 Teabags,No regulation
4004148341892,Floradix Herbal Tea Nettlewort 15 Teabags,No regulation
5055172223608,Sure Instant Heat Pack,No regulation
5060120167002,Xpel Aqueous Cream SLS Free 500ml,No regulation
5030104005200,Jakemans Throat & Chest Soothing Menthol Lozenges 160g,No regulation
5013692251266,"Baby Shark Toothbrush, Beaker & Toothpaste 75ml",No regulation
5028763011823,Wisdom Chlorhexidine Alcohol Free Antibacterial Mouthwash Mint 300ml,No regulation
4004148013058,"Floradix Herbal Tea Anise, Fennel, Carraway 15 Teabags",No regulation
3574661087245,Johnson's Face Care Makeup Be Gone Refreshing 25 Wipes,No regulation
4004148013195,Floradix Hawthorn Herbal Tea 15 Teabags,No regulation
5025971102824,Lil-Lets Smartfit Non Applicator Ultra 10 Pack,No regulation
5055144201658,RelonChem Paracetamol 500mg 32 Capsules,P
5012616266010,Solpadeine Headache 16 Tablets,GSL
0810020170139,Bondi Sands Body Wash Tropical Rum 500ml,No regulation
5060599187174,All Hands Hand Care Set Zingy Pineapple & Lime,No regulation
5055586605274,Eight Triple Eight Hemp Shampoo 1000ml,No regulation
8717163762035,Dove Body Wash Shea Butter 225ml,No regulation
5055172219892,Sure Travel Mosquito Bands 2 Pack,No regulation
5010441010761,Numark Pholcodine Linctus Bp Sugar Free 200ml,P
5010058044715,Fast Aid Fabric Dress Strip 6.3cm x 1m,No regulation
5010622017978,Oral-B Satin Tape Floss 25m,No regulation
0884486323361,MATRIX Biolage Conditioner Aqua Gel Volume Bloom 250ml,No regulation
5060057400197,Allergy Relief - Almus Chlorphenamine 4mg 28 Tablets,P
5025135119408,Malibu Assorted Lip Balm SPF30 3 Pack,No regulation
5010724526354,Nair Face Wax Strips with Camomile Extract 16 Strips,No regulation
8720181079139,Lynx Dark Temptation Shower Gel 250ml,No regulation
8006540616048,Vicks Inhaler Nasal Stick,GSL
5018632265006,Safe & Sound Waterproof Film Dressing 5 Pack,No regulation
5025135118401,Malibu Lotion SPF8 100ml,No regulation
5060120177803,XOC Toothpaste Watermelon Fresh 60ml,No regulation
5060084170704,Profoot Callus Cushions,No regulation
5015295008711,Bickiepegs Teething Biscuits 38g,No regulation
4056800730995,Wella Shockwaves Volume Hairspray 250ml,No regulation
3573994006282,Dexeryl Cream 50g,No regulation
7310791090023,Bodyform Daily Liners Classic 50 Pack,No regulation
5010058044746,Fast Aid Waterproof Dressing Strip 6.3cm x 1m,No regulation
3600541937086,Garnier Ultimate Blends Kids Apple No Tears Shampoo 250ml,No regulation
5022545145676,Peppa Pig Magic Heat Activated Facecloth,No regulation
5059001019905,Air Wick Winter Berry Wonderland Candle,No regulation
8809479166376,Mizon Joyful Time Essence Mask Green Tea 23g,No regulation
8001841479842,Always Organic Pads Wings Long 10's,No regulation
0309978695738,Revlon Colorsilk Permanent Hair Colour 73 Champagne Blonde,No regulation
4004148013294,Floradix Herbal Tea Dandelion 15 Teabags,No regulation
5011309026719,Care+ Simple Linctus Cough Syrup 200ml,GSL
8720181212192,Radox Therapy Sweet Summer Nights Shower Gel 400ml,No regulation
8001090483959,Aussie Wash+ Blow Sweet Escape Dry Shampoo 180ml,No regulation
5011831096945,Mates Orgazmax Extreme Dotted Condoms 9 Pack,No regulation
5055144200965,Ibuprofen 100mg/5ml Oral Suspension Sugar-Free Orange Flavour,GSL
8712561847247,Simple Moisturising Handwash 250ml,No regulation
4004148013102,Floradix Herbal Tea Mate 15 Teabags,No regulation
0506022901221,Medino Tote Bag,No regulation
5038581096056,Yankee Candle Fragranced Wax Melts Watermelon Slice 75g,No regulation
8809295015599,All Natural Mask Sheet Blackbeans,No regulation
0850278004473,Bondi Sands Glo Gloss 100ml,No regulation
4005900983886,Nivea Original Care Lip Balm 4.8g,No regulation
3600541253827,Garnier Mineral Invisible Roll-On Deodorant 50ml,No regulation
50093878,Dove Go Fresh Grapefruit Antiperspirant Deodorant Roll On 50ml,No regulation
0672935649045,Firefly Star Wars Millennium Falcon Bath Set,No regulation
8699568513910,Clairol Colour Crave Brilliant Ruby,No regulation
4004148013041,Floradix Herbal Tea Camomile 15 Teabags,No regulation
5012251009003,Beauty Formulas Legs & Body 40 Cold Wax Strips,No regulation
5012654142147,Carnation Corn Oval 9 Pads,No regulation
0810020170078,Bondi Sands Body Moisturiser Coconut 200ml,No regulation
4004148013270,Floradix Herbal Tea Lemon Verbena 15 Teabags,No regulation
4004148013157,Floradix Herbal Tea St.John's Wort 15 Teabags,No regulation
5010724533406,Pearl Drops Daily Whitening Ultimate Charcoal 50ml,No regulation
5028816000170,Bee Health Propolis 20 Lozenges 120g,No regulation
5010249123502,FSC Vitamin B6 50mg 60 Tablets,No regulation
5025903022787,Careway Eye Wash 100ml,No regulation
5028763012905,Wisdom Charcoal Infused Flossers 30,No regulation
5000444014910,Cyclax Nature Pure Facial Scrub Apricot 300ml,No regulation
8712561736862,Radox Replenishing Antibacterial Handwash 250ml,No regulation
0011747615310,Sina Original Ginger Candy 60g,No regulation
8699568514122,Clairol Color Crave Semi-Permanent Scarlet,No regulation
5010058039209,Hush Plugz Foam Plugs 4 Pairs,No regulation
5011417563694,Clearasil Gentle Gel Wash 150ml,No regulation
8710447473849,Simple Daily Skin Detox Clear & Matte Cleansing Wipes 25 Pieces,No regulation
8809451339187,A by Bom Ultra Serum Leaf Mask,No regulation
5025971208205,Lil-Lets Baby Cotton Wool 50 Oval Pads,No regulation
5017848249916,Bells Chesty Cough Oral Solution 200ml,GSL
5060156070147,Clinitas Hydrate Carbomer Eye Gel 10g,No regulation
5000158101364,Strepsils Strawberry Sugar Free 36 Lozenges,GSL
5022545145539,Paw Patrol Bubble Bath Super Bubbly 300ml,No regulation
9329401000183,The Goat Skincare Soap Bar with Oatmeal 100g,No regulation
5000101226922,Original Source Lemon & Tea Tree Shower Gel 500ml,No regulation
5053249266091,Nuage Rosemary Shampoo 400ml,No regulation
5025135118425,Malibu Fast Tanning Oil with Beta Carotene 100ml,No regulation
0017854104761,Baylis & Harding Elements Hand Wash Dark Amber & Fig 500ml,No regulation
5038581095929,Yankee Candle Fragranced Wax Melts Luxurious Cashmere 75g,No regulation
5026445002015,Harmony Hairspray Extra Firm 225ml,No regulation
4004148043116,Floradix Herbal Tea Thyme 15 Teabags,No regulation
5055586608077,Eight Triple Eight Vitamin C Shampoo 1000ml,No regulation
5060228455384,Paw Patrol Marshal Bath & Shower Gel 400ml,No regulation
5038581136837,Yankee Candle Home Inspiration Fragranced Wax Melts Golden Flowers 75g,No regulation
8901030556647,Vaseline Hair Tonic & Scalp Conditioner 100ml,No regulation
6001106226602,Durex Feels Condoms 3 Pack,No regulation
4004148013164,Floradix Herbal Tea Mistletoe 15 Teabags,No regulation
4015400681670,Always Ultra Secure Night 18 Pack,No regulation
8720181300813,Dove Pink Bar 100g 2 Pack,No regulation
5038581095660,Yankee Candle Home Inspiration Fragranced Wax Melts Holiday Magic 75g,No regulation
8718951596771,Colgate Triple Action Xtra + White Mouthwash 500ml,No regulation
5011417566299,Dettol Aloe Vera Antibacterial Sanitiser 50ml,No regulation
5060637649909,Allergy relief - Rx Farma Chlorphenamine 4mg 28 Tablets,P
5014749124366,CS Medic Wrist Support Size M,No regulation
5038581127378,Yankee Candle Home Inspiration Fragranced Wax Melts Duvet Day 75g,No regulation
8001090718822,Aussie Miracle Moist Conditioner Mini 75ml,No regulation
5012727912257,Aspirin 75mg Gastro-Resistant 28 Tablets,GSL
5032483003167,Proteqt Micropore Tape 2.5cm x 5m,No regulation
5028763012226,Wisdom Active Whitening Fluoride Toothpaste Fresh Mint 100ml,No regulation
8717644721421,Sure Men 48h Ice Fresh Deodorant,No regulation
5038581121086,Yankee Candle Fragranced Wax Melts Pumpkin Pecan Pie 75g,No regulation
3600523566228,L'Oréal Colorista Washout Colour Lime,No regulation
8710847950223,Radox Relax Bath Soak 500ml,No regulation
8710447473832,Simple Daily Detox Sos Booster Gel 25ml,No regulation
5025135113857,Malibu Dry Oil Spray SPF10 100ml,No regulation
3574661087290,Johnson's Make-up Be Gone 5-in-1 Extra Sensitive Cleansing Wipes 25 Pack,No regulation
5060372800672,Dr.PawPaw Everybody Hair & Body Wash 250ml,No regulation
0850278004848,Bondi Sands Body Wash Coconut 500ml,No regulation
8809663752323,Mizon Joyful Time Essence Mask Rose 23g,No regulation
5025135120107,Malibu Bronzing Tanning Oil with Coconut SPF8 100ml,No regulation
5055586607063,Eight Triple Eight Colour Protect Shampoo 1000ml,No regulation
5010081913330,Kotex Ultra Thin Pads Normal with Wings 14 Pack,No regulation
5060428199378,Vital Baby Hygiene Super Soft Hand & Face Wipes Fragrance Free,No regulation
8001841769370,Herbal Essences Argan & Aloe Repair Hair Oil Blend 100ml,No regulation
4005900983923,Nivea Hydro Care Lip Balm SPF15 4.8g,No regulation
5012654142024,Carnation Corn Pads 12 Pack,No regulation
0895531010235,Australian Gold Bronze Sunshine Sachet 15ml,No regulation
3574661728131,Johnson's Baby Powder 200g,No regulation
8809663752392,Mizon Joyful Time Essence Mask Bamboo 23g,No regulation
5056235400059,Healthpoint Chlorhexidine Antibacterial Alcohol Free Mouthwash 400ml,No regulation
5055586608084,Eight Triple Eight Vitamin C Conditioner 1000ml,No regulation
5010441014202,Numark Child Vapour Rub 50g,No regulation
5000167056488,Nurofen 200mg Caplets 16 Pack,GSL
8809663752347,Mizon Joyful Time Essence Mask Pomegranate 23g,No regulation
4004148323911,Floradix Herbal Tea Horsetail 15 Teabags,No regulation
8714789896991,Sanex 2-In-1 Shampoo & Conditioner Soft & Smooth 250ml,No regulation
4056800738359,Wella Wellaflex Hairspray Brilliant Colour Strong 250ml,No regulation
5060228450587,Peppa Pig Foam Soap 250ml,No regulation
4004148013119,Floradix Herbal Tea Lemon Balm 15 Teabags,No regulation
0887910000104,Jerome Russell Bblonde Maximum Cream Peroxide 75ml,No regulation
7610700922491,Ricola Bracing Glacier Peppermint Lozenges 45g,No regulation
3574669908412,Johnson's Baby Bubble Bath & Wash 300ml,No regulation
8710522401682,Radox Get Glowing Shower Mousse 200ml,No regulation
8712561977494,Dove Dermaspa Goodness Hand Cream 75ml,No regulation
5045091052922,Trevor Sorbie Straight Conditioner 250ml,No regulation
3600542118989,Garnier Ultimate Blends Argan Richness Conditioner 200ml,No regulation
5025135113796,Malibu Lotion SPF15 100ml,No regulation
8710847932564,Radox Limited Edition Original Bath Salts 400g,No regulation
5060464500015,Ibuprofen 200mg 24 Tablets,P
8710522401675,Radox You've Got This Shower Mousse 200ml,No regulation
0080376315588,Profoot Softgel Toe Spreader,No regulation
4015600729172,Wella Wellaflex Mousse Instant Boost Strong 200ml,No regulation
5060013944598,Almus Cetirizine Hydrochloride 30 Tablets,P
8699568506745,Wella Shockwaves Style Refresh & Volume Dry Shampoo 180ml,No regulation
5012654143021,Carnation Bunion Pads 4 Pack,No regulation
5060611190984,Almus Ferrous Gluconate 300mg 28 Tablets,No regulation
5060013941030,Bristol Aspirin 75mg Gastro-Resistant 56 Tablets,P
5010441001301,Numark Crepe Bandage 5cm,No regulation
5012334002709,Insette Hairspray Extra Hold 350ml,No regulation
8720181336928,Radox Herbal Bath Muscle Soak 500ml,No regulation
5024071260045,Aspar Paracetamol 500mg 32 Capsules,P
8710908829901,Sure Men Fresh Antiperspirant Deodorant 150ml,No regulation
3600541033344,Garnier Mineral Invisicalm Deodorant 150ml,No regulation
5011451104242,Simple Moisturising Baby Wipes 64S,No regulation
5012008722209,Soft & Gentle Fresh Blossom Anti-perspirant 150ml,No regulation
8718951323209,Sanex Men Clean & Fresh 48hr Deodorant 200ml,No regulation
5018632145452,Safe & Sound Blue Detectable Plasters 20 Pack,No regulation
4056800570195,Wella Shockwaves Massive Wonder Gel 150ml,No regulation
8710908541780,Radox Kids Star Wars Shampoo 400ml,No regulation
4003455001857,Sula Mint Humbugs Sugar Free Sweets 42g,No regulation
0017854064836,Baylis & Harding Jasmine & Apple Blossom Hand Wash 500ml,No regulation
5054563210555,Aquafresh Little Teeth Soft Bristles Toothbrush 3-5 Years,No regulation
5000453124648,VitaminStore Effervescent Multivitamin 20 Tablets,No regulation
5017353506153,Galpharm Hayfever & Allergy Relief Cetirizine Hydrochloride 30 Tablets,GSL
8718951159136,Palmolive Minions Liquid Hand Wash 300ml,No regulation
8720181442780,LYNX Jungle Fresh Shower Gel 225ml,No regulation
3600542460408,Garnier Ultimate Blends Kids Apricot No Tears Shampoo 250ml,No regulation
3574661154947,Johnson's & Johnson 2-in-1 Facial Gel Mask 50ml,No regulation
59079224,Simple Charcoal Cleansing Stick 45g,No regulation
5060258140434,ExoCream 50g,No regulation
50007820,Astral Intensive Moisturiser Original 50ml,No regulation
8710447180655,Sure Men Sport Cool Antiperspirant Deodorant 250ml,No regulation
96045589,Vaseline Active Fresh Proderma Antiperspirant Deodorant 75ml,No regulation
59013891,Dove Lotus Flower Antiperspirant Deodorant Roll On 50ml,No regulation
5000101959332,Carex Hand Gel Sensitive 50ml,No regulation
8717163762028,Dove Reviving Pomegranate & Hibiscus Tea Shower Gel 225ml,No regulation
5016155119912,COLAB Dry Shampoo Extreme Volume London 50ml,No regulation
87342840,Simple Soothing Antiperspirant Deodorant 40ml,No regulation
4005900510761,Nivea 1 Minute Urban Skin Detox Mask Moisturise 75ml,No regulation
5010441013830,Numark Eucalyptus Oil 10ml,No regulation
5025903021988,Careway Corn & Callous File,No regulation
4056800195619,Wella Wellaflex Hairspray Sensitive Strong 250ml,No regulation
8712561698443,Vo5 Smoothly Does It Conditioner 250ml,No regulation
0309975122107,Mitchum Men 48HR Protection Ice Fresh Antiperspirant Deodorant 50ml,No regulation
8809295015643,All Natural Mask Sheet Blueberry,No regulation
5010441014875,Numark Nail Styler,No regulation
8714789698953,Palmolive Naturals Delicate Care Almond Milk Soap Bar 3 Pack,No regulation
3600542028851,Garnier Mineral Pureactive 48Hr Antiperspirant 150ml,No regulation
5017123047145,Crescent Cetirizine Dihydrochloride 10mg Film-Coated 30 Tablets,GSL
7610700948576,Ricola Fresh Mountain Mint Sugar Free Lozenges 45g,No regulation
3600523443963,L'Oréal Elvive Phytoclear Scalp Lotion 100ml,No regulation
3600541032903,Garnier Mineral Invisidry 48Hr Non Stop Antiperspirant 50ml,No regulation
5056235400325,Chlorhexidine 400ml Antibacterial Mouthwash Peppermint,No regulation
4005800231308,Elastoplast Clear Almost Invisible 20 Plasters,No regulation
5010441009703,Numark Vapour Rub 50g,No regulation
5012008722100,Soft & Gentle Citrus Twist Anti-perspirant 150ml,No regulation
5017123094132,Allergy Relief - Crescent Chlorphenamine 4mg 28 Tablets,P
5031413952254,Thefootfactory Gel Cushions One Pair,No regulation
5016973991073,Lift Fast Acting Glucose Chews 20 Pack,No regulation
8718951431942,Sanex Dermo Clean & Fresh 24hr Anti-Perspirant,No regulation
5000101510359,Imperial Leather Invigorating Body Wash 250ml,No regulation
87342819,Dove Invisible Deodorant Stick 40ml,No regulation
5000101138331,Carex Hand Wash Bubblegum 250ml,No regulation
5011451105966,Simple Clear Skin Oil Balancing Facial Scrub 75ml,No regulation
0010181032479,Palmer's Coconut Oil Hydrating Facial Mask 60g,No regulation
3600542118583,Garnier Ultimate Blends Argan Oil & Almond Cream Shampoo 250ml,No regulation
4005800042775,Elastoplast Waterproof 10 Pack,No regulation
5010724531327,Arm & Hammer 3In1 Extra Fresh Daily Mouthwash 400ml,No regulation
5054805039418,Simple Antibacterial Soap Bar 2 x 100g,No regulation
5060428199361,Vital Baby Hygiene Super Soft Hand & Face Wipes Fruity Fragrance,No regulation
8710908178658,TRESemmé Pro Collection Botanique Nourish & Replenish Mist 125ml,No regulation
5055028360044,Enliven Mouthwash Total Care 500ml,No regulation
5060228452888,Paw Patrol Nickelodeon Flashing Toothbrush,No regulation
5017848250936,Bell's Sodium Bicarbonate 200g Powder,GSL
3600541961289,Garnier Pure Active Micellar Water Oily Skin 125ml,No regulation
5011309164718,Zerocream Emollient 50g,No regulation
8714100011188,Simple Relaxing Bath Soak with Lavender 400ml,No regulation
5060033821114,The Pink Stuff Paste 850g,No regulation
4003455001833,Sula Rhubarb & Custard Sugar Free Sweets 42g,No regulation
3600541696778,Garnier Body Repair Anti-Dryness Restoring Balm 200ml,No regulation
5017848254859,Bell's Kilkof Cough Cold & Sore Throat Syrup 100ml,GSL
8718951323179,Sanex Men Stress Response 48hr Anti Perspirant 200ml,No regulation
5010518695303,Savlon Waterproof 24 Plasters,No regulation
5018632211720,Safe & Sound Clear & Discreet Plasters 12 Pack,No regulation
5000101081491,Carex Hand Gel Protect+Plus Original 50ml,No regulation
5011451103900,Simple Deep Cleansing Face Mask 75ml,No regulation
8712561241434,St. Ives Facial Cleansing Refreshing 35 Wipes,No regulation
8712561768351,Toni & Guy Body Amplify Creation Hairspray,No regulation
4004148018121,Floradix Alpenkraft Herbal Candies,No regulation
5014749124335,Cs Medic Knee Support Large,No regulation
5011451106260,Simple Baby All in One Wash 300ml,No regulation
3574660282931,Johnson's Baby Soothing Naturals Nourishing Lotion 250ml,No regulation
4030300022750,Vicks VapoDrops Lozenges with Eucalyptus Oil 72g,No regulation
5012251609845,Beauty Formulas Active Mouthwash Fresh Mint Anti-Cavity 500ml,No regulation
5025903022626,Careway High Strength Effervescent Vit C 1000mg 20 Tablets,No regulation
5055028387607,Enliven Fruits Shamp Refresh Melon 350ml,No regulation
5010441013175,Numark Max Cold & Flu Day & Night 16 Capsules,GSL
5024071280012,Aspar Paracetamol 650mg Powder for Oral Solution 10 Sachets,GSL
5012251010443,Beauty Formulas Active Mouthwash 6 in 1 Multi Action 500ml,No regulation
5012008722001,Soft & Gentle Orchid Desire Anti-perspirant 150ml,No regulation
5055028387645,Enliven Fruits Shampoo Soft Coconut 350ml,No regulation
8720181336201,Simple Kind to Skin Nourishing Shower Gel 225ml,No regulation
5013692238151,Minions 2-In-1 Shampoo & Conditioner 350ml,No regulation
5054563087546,Aquafresh Kids Toothpaste Strawberry 50ml,No regulation
5017848254446,Bell's Healthcare Paracetamol 500mg 32 Capsules,P
0017854047396,Baylis & Harding Men's Black Pepper & Ginseng Hand Wash 500ml,No regulation
42333166,Nivea Hand Cream Smooth Care with Shea Butter 100ml,No regulation
5056235401780,Healthpoint Exfoliating Heel Peel 1 Pair,No regulation
5000309007767,Anadin Paracetamol 500mg 12 Tablets,GSL
5000347090929,Aquafresh Toothbrush Milk Teeth 0-2 Years,No regulation
8718951191631,Colgate Mouth Rinse Minions 250ml,No regulation
5013692246521,Dermasil Labs Body Lotion Moisturizing Aloe Fresh 250ml,No regulation
7610700001059,Ricola Original Herb 75g,No regulation
5013692246491,Dermasil Labs Dry Skin Lotion 250ml,No regulation
5029053522173,Kotex Normal Light & Soft 35 Liners,No regulation
5010441000830,Numark Headlice Comb,No regulation
0810020171600,Bondi Sands Pure Tan Sleep Mask Renew 75ml,No regulation
5028270004059,Simply Cotton Cotton Wool Roll 180g,No regulation
5011309440614,Covonia Double Impact Cough Drops Original 51g,No regulation
5025903022589,Careway Antiseptic Cream 25g,GSL
8714789897073,Sanex Dermo Repair Shower Gel for Sensitive Skin 250ml,No regulation
8699568556795,Wella Shockwaves Style Refresh & Root Revival Dry Shampoo 180ml,No regulation
3600523237340,L'Oréal Paris Studio Pro 75ml Lock It Fixing Hairspray Ultra Strong,No regulation
5055144201689,RelonChem Cetirizine Hydrochloride 10mg 30 Tablets,GSL
5010058044784,Fast Aid Clear Plasters 24 Pack,No regulation
5025135120442,Malibu Sunburn Relief Serum 75ml,No regulation
5050895045513,Zazie Oval Cushion Hair Brush,No regulation
5056235401759,Healthpoint Heat Spray 125ml,No regulation
3616301283522,Max Factor Nailfinity Gel Nail Polish Red Carpet 310,No regulation
3086126691862,Bic 3 Sensitive Disposable Razors 4 Pack,No regulation
8718951130302,Sanex Zero% Anti-Pollution Face & Body Cleansing Gel 250ml,No regulation
5011309440812,Covonia Double Impact Drops Berry Blast 51g,No regulation
5012334002716,Insette Normal Hold Hairspray 350ml,No regulation
4003455004001,Sula Pear Drops Sugar Free Sweets 42g,No regulation
5055028387621,Enliven Fruits Cond Refresh Melon 350ml,No regulation
8001090603296,Pampers Baby Wipes Aqua Pure 12 Wipes,No regulation
5025903022251,Careway Hydrocortisone 1% Cream 15g,P
3600523443925,L'Oréal Elvive Phytoclear Anti-Dandruff Exfoliating Scrub 150ml,No regulation
0010181042287,Palmer's Cocoa Butter Cherry Tint Lip Balm Dark Chocolate SPF15 4g,No regulation
5060215551709,LOL Surprise 20 Plasters,No regulation
5024874015057,Valupak Chewable Vitamin C 80mg 60 Tablets,No regulation
4005800003967,Elastoplast Antibacterial Fabric 10 Plasters,No regulation
5013692246484,Dermasil Labs Sensitive Skin Lotion 250ml,No regulation
5060013941511,Bristol Paracetamol 500mg 32 Capsules,P
59079279,Simple Invisible Kiss Antiperspirant Deodorant Stick 40ml,No regulation
5029053508863,Kotex Maxi Night Time Maxi Pads 10 Pack,No regulation
8720181204067,Lynx Shower Gel Epic Fresh 225ml,No regulation
4015400731597,Always Sensitive Normal Plus 14 Pack,No regulation
5011417588727,Dettol 2-In-1 Wipes 15 Pack,No regulation
8714789698922,Palmolive Naturals Moisture Care Olive Bar Soap 90g Triple Pack,No regulation
5012583203032,Schwarzkopf Gliss Ultimate Volume Shampoo 250ml,No regulation
0895531010211,Australian Gold Sunshine 15ml,No regulation
3574661727578,Johnson's Baby Powder 100g,No regulation
5010441013359,Numark Olive Oil Ear Drops 15ml,No regulation
5060060213708,Astonish Body & Soul Bath Soak Soothing Deep Blue 950ml,No regulation
8718114561660,Dove Daily Moisture Shampoo 250ml,No regulation
5025971102398,Lil-Lets Teens SmartFit Petite Pads with Wings 14 Pack,No regulation
5010058044777,Fast Aid Cushioned Plasters 20 Pack,No regulation
5011417566343,Steradent Pro White 30 Tablets,No regulation
8720181368974,Simple Kids Hair & Body Wash 225ml,No regulation
5012008692007,Cuticura Hand Gel Passion Flower 100ml,No regulation
5010441011140,Numark Waxed Dental Floss Mint Flavour 50m,No regulation
5056067803035,Sharpsguard Bin Yellow 1L,No regulation
3574661684291,Listerine Flavours Mild & Minty 250ml,No regulation
5010081913347,Kotex Ultra Thin Normal 16 pads,No regulation
5000283659204,Dulcolax Children Suppositories 5 Suppositories,P
5000101513848,Imperial Leather Soap Bar 90g Pack of 2,No regulation
5010724529690,Arm & Hammer Cavity Care Baking Soda Toothpaste 125g,No regulation
5060228452673,Peppa Pig Lip Balm 2 Pack,No regulation
59084075,Lynx Africa Roll on Antiperspirant 50ml,No regulation
4046719512034,Earfit Earplugs 2 Pairs,No regulation
8718114562575,Dove Daily Moisture Conditioner 200ml,No regulation
59082613,Dove Sport Antiperspirant Deodorant Roll On 50ml,No regulation
8003520013040,Palmolive Aquarium Handwash 300ml,No regulation
5012583203117,Right Guard Xtreme Invisible 72H Protection Antiperspirant 150ml,No regulation
0017854100459,Baylis & Harding Royale Garden Peach Peony & Jasmine Hand Wash 500ml,No regulation
5011309140019,Radian B Anti-Inflammatory Ibuprofen 5% w/w Gel 30g,GSL
5028763005457,Wisdom InterSpace Soft Toothbrush,No regulation
5012583204800,Right Guard Dry Xtreme 72hr Anti-perspirant 150ml,No regulation
5055144201054,RelonChem Loratadine 10mg 30 Tablets,P
5000283661832,Dulcolax 5mg 8 Tablets,GSL
7702018464852,Gillette Fusion Sensitive Shave Gel 75ml,No regulation
5060148524306,BetterYou Magnesium Water Focus 250ml,No regulation
5011309050615,Care+ Antiseptic First Aid Cream 30g,GSL
5017371153346,Calypso Once a Day Sachet SPF20 40ml,No regulation
5016155120000,COLAB Dry Shampoo New York Sheer Invisible 50ml,No regulation
4015400731535,Always Sensitive Normal 16 Pack,No regulation
5016155120024,COLAB Dry Shampoo Monaco Sheer Invisible 50ml,No regulation
5017353501943,Constipation Relief - Bisacodyl 5mg 20 Tablets,GSL
5056267004126,Enliven Whitening Mouthwash 500ml,No regulation
5022545063208,Disney Princess Detangler for Wet Or Dry Hair 150ml,No regulation
0017854017542,Baylis & Harding Sweet Mandarin & Grapefruit Hand Wash 500ml,No regulation
5060228457432,Paw Patrol Bath Fizzers 4 Pack,No regulation
5011309026610,Care+ Aqueous Cream 100g,GSL
5011309164411,Zerobase Emollient Cream 50g,No regulation
5012251012003,Beauty Formulas Active Oral Care 3 x Medium Toothbrushes,No regulation
5016155119813,COLAB Dry Shampoo London Sheer Invisible 50ml,No regulation
5010058044722,Fast Aid Antiseptic Fabric Plasters Assorted Sizes 24 Pack,No regulation
5024874015071,Valupak Vitamin E 100iu 30 Capsules,No regulation
5011309066012,Care+ Senna Laxative 20 Tablets,No regulation
8717163545324,Sure Women Cotton Dry Antiperspirant Deodorant 125ml,No regulation
0050051235388,Disney Lip Smacker Lip Balm Daisy Cutie Pie 4g,No regulation
5060148524313,BetterYou Magnesium Water Hydrate 250ml,No regulation
8809408730821,Dr. Oracle 21 Stay A-Thera Peeling Stick,No regulation
3574669908306,Johnson's Baby Bath Gentle Protect 500ml,No regulation
5000101510014,Imperial Leather Moisturising Hand Wash 500ml,No regulation
0017854100473,Baylis & Harding Royale Garden Verbena & Chamomile Hand Wash 500ml,No regulation
5022545086115,Disney Princess Conditioner 300ml,No regulation
8714789939704,Palmolive Naturals Macadamia & Vanilla Liquid Handwash 300ml,No regulation
3600523566242,L'Oréal Colorista Washout Colour Green,No regulation
5050895076081,Athena Body Brush 3 Pack,No regulation
4005900296504,Nivea Caring Shower Gel Fresh Moisture Sea Minerals 250ml,No regulation
8006540822340,Always Ultra Normal with Wings 14 Pack,No regulation
7610700612934,Ricola Tasty Cranberry Sugar Free Lozenges 45g,No regulation
5025971208267,Lil-Lets 100 Cotton Wool Balls,No regulation
3600523566235,L'Oréal Colorista Washout Colour Yellow,No regulation
0017854105683,Baylis & Harding Wild Rhubarb & Pink Pepper Anti Bacterial Hand Wash 500ml,No regulation
5060453469309,Loratadine One-A-Day Hayfever & Allergy Relief 10mg 30 Tablets,P
0017854059283,Baylis & Harding Tropical Fruit Cocktail Handwash 500ml,No regulation
50097494,Dove Invisible Dry Antiperspirant Roll-On Deodorant 50ml,No regulation
5000309007750,Anadin Original 16 Tablets,GSL
4005900804389,Nivea Care Shower Gel Love Adventure 250ml,No regulation
5012583201939,Right Guard Xtreme 72HR Cool Anti-Perspirant 150ml,No regulation
5000309007705,Anadin Ibuprofen 16 Tablets,GSL
3614223414222,Adidas Adipure Shower Gel 250ml,No regulation
5022545086139,Disney Princess Shampoo 300ml,No regulation
8718951412057,Colgate Medium Double Action Charcoal Toothbrush,No regulation
0017854100442,Baylis & Harding Royale Garden Lemon & Basil Hand Wash 500ml,No regulation
3607342734272,Adidas Get Ready Body Hair & Face Wash 250ml,No regulation
5000304116501,Lil-Lets Tampon Super Plus 16 Pack,No regulation
4030300022736,Vicks Vapodrops Menthol Sugar Free Lozenges 72g,No regulation
5060148524290,BetterYou Magnesium Water Energy 250ml,No regulation
5029053504834,Kotex Ultra Thin 12 pads,No regulation
5012008561105,Cuticura Original Anti Bacterial Hand Gel 50ml,No regulation
5010058011236,Robinson Soft & Pure Round Cosmetic Pads 100 Pack,No regulation
5013692238144,Minions Bubble Bath 350ml,No regulation
5010441016053,Numark Paracetamol 500mg 32 Capsules,P
5011417559178,Dettol Liquid Hand Wash Grapefruit 250ml,No regulation
96136867,Dove Men+Care Mineral & Sage Stick 50ml,No regulation
8720181088315,Radox Care & Nourish Anti-Bacterial Hand Wash 250ml,No regulation
5024874015361,Valupak Multi Vitamins One-A-Day 50 Tablets,No regulation
8699568514832,Clairol Colour Crave Platinum,No regulation
5012251013567,Beauty Formulas Shampoo Keratin 250ml,No regulation
5017848254927,Bell's Paracetamol 500mg Caplets,P
96024447,Peach Clove Oil 10ml,No regulation
8034007484091,Plus Kids Girls Antibacterial Face Masks 4 Pack,No regulation
5060119660446,Lumecare Tear Drops Dry Eyes 10ml,GSL
5025135000638,Tropic by Malibu SPF30 Kids Lotion 40ml,No regulation
4005808176489,Nivea Soap Bar Sea Minerals 90g,No regulation
5012251006712,Beauty Formulas Legs & Body 20 Cold Wax Strips,No regulation
5060084170674,Profoot Corn Cushions 12 Pack,No regulation
3574661444994,Listerine Go 4 Tablets,No regulation
5060057400135,Almus Aspirin 75mg 28 Tablets,GSL
3600540413802,Garnier Fructis Conditioner Colour Last 250ml,No regulation
5000453122224,VitaminStore Effervescent Vitamin C & Zinc 20 Tablets,No regulation
5000101504198,Original Source Handwash Coconut & Shea Butter 300ml,No regulation
5025971100288,Lil-Lets Smartfit Regular Non-Applicator Tampons 10 Pack,No regulation
5028763007796,Wisdom Fresh Effect Mouthwash Freshmint 500ml,No regulation
5000309007743,Anadin Original 12 Tablets,GSL
5060455140244,Brushworks Pencil Sharpener,No regulation
8710522409053,Dove Derma Spa Beauty Sleep Bedtime Bliss Body Lotion 200ml,No regulation
8720181079160,Lynx Africa Shower Gel 225ml,No regulation
0079181910637,Revlon Volumize Lashes 91063,No regulation
5011417566329,Steradent Active Fresh Daily 30 Tablets,No regulation
5013692261197,Baby Shark Sponge,No regulation
5012251010399,Beauty Formulas Condition Tea Tree 200ml,No regulation
8714789092416,Colgate Whitening Toothpaste & Mouthwash 100ml,No regulation
5050895106955,Dentol Dental Floss 50m 2 Pack,No regulation
5012251013581,Beauty Formulas Shampoo Coconut Milk 250ml,No regulation
5056267001507,Enliven Natural Conditioner Coconut & Vanilla 500ml,No regulation
8718951540149,Sanex Skin Protect Shower Gel Nourishing 200ml,No regulation
5056267001477,Enliven Natural Shampoo Coconut & Vanilla 500ml,No regulation
5033852190266,Shantys Pillmate Day Out Dispenser Assorted Colours,No regulation
5060060212312,Astonish Body & Soul Bath Soak Waking Green Earth 950ml,No regulation
5016221202524,Paw Patrol Mouthwash 300ml,No regulation
5010441013441,Numark Vitamin B Complex 60 Tablets,No regulation
9329401000169,The Goat Skincare Soap Bar with Lemon Myrtle 100g,No regulation
8710847924453,Lynx Bodywash Unity 250ml,No regulation
5017848251933,Bell's Mucus Cough Solution 100ml,GSL
8720182036070,Alberto Balsam Juicy Apple Shampoo Bar 75g,No regulation
8001841432250,Head&Shoulders Conditioner Coconut 220ml,No regulation
5016973991363,Lift Zesty Lemon & Lime Fast Acting Glucose Shot 60ml,No regulation
3574661642864,Johnsons Baby Honey Soap 2x90g,No regulation
5056267001538,Enliven Natural Conditioner Raspberry & Red Apple 500ml,No regulation
3616303209377,Max Factor Masterpiece Xpress Nail Polish Champagne Kisses,No regulation
4005808176533,Nivea Milk Care Soap 90g,No regulation
5060133371670,Nasofed Saline Nasal Spray for Children 15ml,No regulation
5012616267048,LOL Surprise! Travel Kit 2 Toothbrush & Cap,No regulation
4084500303171,Pantene Pro-V 2-In-1 Smooth & Sleek 200ml,No regulation
4030571003670,Sno Tears Eye Drops 10ml,No regulation
7322541049052,Bodyform Freshness & Protection Ultra Long with Wings Heavy Flow 8 Pack,No regulation
3600540366337,Garnier Fructis Conditioner Repair & Shine 250ml,No regulation
5012583200727,Right Guard Original 48H Protection Antiperspirant 150ml,No regulation
7610700001417,Ricola Honey Lemon & Echinacea 75g,No regulation
42243656,Nivea Men Energy Shower Gel Mini 50ml,No regulation
5024071230178,Numark Dispersible Aspirin 75mg 100 Tablets,P
5010189105064,Wilkinson Sword Extra Essential 2 Disposable Razor 5 Pack,No regulation
5000101510335,Imperial Leather Moisturising Body Wash 250ml,No regulation
5060057400104,Almus Dispersible Aspirin 75mg 28 Tablets,P
5010441000298,Numark Paracetamol 32 Tablets,P
5000453120381,VitaminStore Orange Flavour Energy Release Effervescent 20 Tablets,No regulation
96040911,Dove Men Silver Control Antiperspirant Deodorant Roll On 50ml,No regulation
5010724533680,Nair Face Wax Strips for Sensitive Skin with Apricot Milk Extract 20 Strips,No regulation
5028763009332,Wisdom Step By Step Super Soft Toothbrush (0-2 Years) 1 Pack,No regulation
8034007484114,Plus Kids Boys Antibacterial Face Masks 4 Pack,No regulation
5010441016015,Numark Paracetamol 500mg 32 Caplets,P
3574669907217,Johnson's Shiny Drops Kids Shampoo 500ml,No regulation
8714789101279,Colgate Icy Blast Whitening 2-In-1 Toothpaste & Mouthwash 100ml,No regulation
5010441015261,Numark 7 Day Pill Reminder,No regulation
5000101514265,Carex Peony & Blossom Body Wash 500ml,No regulation
5012008734004,Cuticura Repair Intense Hydration Hand & Nail Cream 75ml,No regulation
0672935000020,Absolute Bamboo Kids Toothbrush 1 Pack,No regulation
5000101510373,Imperial Leather Pampering Bodywash 250ml,No regulation
5060202921423,Simply Gentle 100 Cotton Balls,No regulation
5012251012348,Beauty Formulas Argan Oil Legs & Body 20 Wax Strips,No regulation
5010441014196,Numark Nasal Inhaler Twin Pack,No regulation
5038581029375,Yankee Candle Home Inspiration Cherry Vanilla 49g,No regulation
5050895045711,Zazie Paddle Hair Brush,No regulation
8710447232644,Radox Care+ Moisture Handwash 500ml,No regulation
5016973991080,Lift Fast Acting Glucose Shot Very Berry 60ml,No regulation
5012251013574,Beauty Formulas Shampoo Argan Oil 250ml,No regulation
5025135114649,Malibu Aloe Vera After Sun Moisturising Gel 100ml,No regulation
5013692251259,Baby Shark Toothbrush & Toothpaste 75ml,No regulation
5060060212329,Astonish Body & Soul Bath Soak Refreshing Golden Glow Pump 950ml,No regulation
5010724530931,Femfresh Wash Pure & Fresh 150ml,No regulation
0038107228027,Possibility Shower Gel Coconut 200ml,No regulation
5013692268929,Minions Bath & Shower Gel 400ml,No regulation
7322542057353,Bodyform Maxi Goodnight Pads with Wings 10 Pack,No regulation
5010189105095,Wilkinson Sword Extra 2 Sensitive Disposable Razor 5 Pack,No regulation
8700216089319,Oral-B Pro-Kids Toothpaste 50ml,No regulation
5050895214780,Zazie Velcro Hair Rollers 6 Pack,No regulation
5017353502452,Galpharm Blocked Nose Relief Spray 15ml,GSL
5060228457333,Peppa Pig Topsy Turvy Bath Bead,No regulation
5010622005029,Oral-B Essential Dental Floss Mint 50m,No regulation
5025903021445,Careway Cod Liver Oil Vitamins A & D 500mg 30 Pack,No regulation
5025903027751,Careway Tubular Bandage E 8.75cm X 1m,No regulation
5012251012522,Beauty Formulas Activated Charcoal Detox Facial Wipes 25 Pack,No regulation
6921756492427,Flowflex COVID Antigen Rapid Test Lateral Flow (Self-Testing),No regulation
5054563009838,Panadol Orginal Paracetamol 12 Tablets,GSL
8001090735300,Pantene Conditioner Smooth & Sleek 90ml,No regulation
5038581029382,Yankee Candle Home Inspiration Exotic Fruit 49g,No regulation
8710908829949,Sure Men Invisible 48H Antiperspirant 150ml,No regulation
5012008561303,Cuticura Anti Bacterial Hand Gel 100ml,No regulation
5054805045167,Cidal Pink Grapefruit Antibacterial Liquid Handwash 250ml,No regulation
5022545101580,L.O.L. Surprise! Soapy Foam 225ml,No regulation
8720181079153,Lynx Excite Shower Gel 250ml,No regulation
5017848252442,Bells Hay Fever Relief Cetirizine 10mg 14 Pack,GSL
3616302970223,Max Factor Masterpiece Monos Eyeshadow Sandy Haze 07,No regulation
5050895120845,All About Home Lint Rollers 3 Pack,No regulation
8720182036094,Alberto Balsam Sunkissed Raspberry Shampoo Bar 75g,No regulation
5017353500809,Galpharm Paracetamol 500mg 16 Caplets,GSL
5056170343794,Jones & Co Styling Spray Bottle 400ml,No regulation
5060057403662,Almus Aspirin Gastro-Resistant 75mg 28 Tablets,GSL
5028763010857,Wisdom Sensitive + Whitening Toothpaste 100ml,No regulation
5010441010792,Numark Fragranced Baby Wipes 72 Pack,No regulation
5028763011403,Wisdom Fresh & Clean Mouthwash 500ml,No regulation
5028763007772,Wisdom Fresh Effect Mouthwash Coolmint 500ml,No regulation
5012251013178,Beauty Formulas Foaming Aloe Vera Makeup Remover Wipes 25 Pack,No regulation
5011417559208,Dettol Rose Restore Handwash 250ml,No regulation
5011417572955,Dettol Antibacterial Multi-Surface Wipes 90 Pack,No regulation
5053249269566,PestShield Mosquito & Insect Repellent Pump Spray 120ml,No regulation
5000101502903,Carex Antibacterial Hand Sanitiser Aloe Vera Gel 50ml,No regulation
8699568513996,Clairol Colour Crave Bronze,No regulation
8699568513873,Clairol Colour Crave Amethyst,No regulation
8001841141374,Oral-B 1-2-3 Extra Fresh Toothpaste 100ml,No regulation
8712561847315,Simple Pure Geranium Hand Wash 250ml,No regulation
3574661087283,Johnson's Face Care Makeup Be Gone Clear Skin 25 Wipes,No regulation
3600542373319,Garnier Ultimate Blends Ginger Recovery Revitalising Shampoo Bar 60g,No regulation
4015400259275,Always Maxi Classic Normal Pads with Wings 10 Pack,No regulation
5012251013475,Beauty Formulas Freshbreath Charcoal Toothbrush & Toothpaste 100ml,No regulation
96201381,Soft & Gentle Anti-Perspirant Roll On Fresh Blossom 50ml,No regulation
8712561698153,Vo5 Cond Give Me Moisture 250ml,No regulation
5012251012355,Beauty Formulas Eyebrow Shapers 14 Pre-Cut Strips,No regulation
5060228453519,Teletubbies Bath & Shower Gel 400ml,No regulation
3616302970230,Max Factor Masterpiece Monos Eyeshadow Cryptic Rust 008,No regulation
5060228453441,Paw Patrol Nickelodeon Bath & Shower Gel 400ml,No regulation
5014749199135,CS Beauty Shoulder Cape,No regulation
9329401000701,The Baby Goat Skincare Soap Bar 100g,No regulation
0672935104131,Absolute White Dailies Travel Kit,No regulation
7610700612507,Ricola Lemon Mint Sugar Free Lozenges 45g,No regulation
5028270000426,Simply Cotton Cotton Wool Balls White 200 Pack,No regulation
8714789086477,Colgate Minions 4-6 Years Extra Soft Kids Toothbrush,No regulation
5000101230745,Imperial Leather Original 3 Pack,No regulation
0732068579951,Navita Antibacterial Hand Gel 50ml,No regulation
5025903023166,Careway Fabric Strapping 2.5cm X 3m,No regulation
5055028321755,Enliven Fresh Mint Mouthwash 500ml,No regulation
3574661384665,Johnson's Soft & Pamper Body Wash 400ml,No regulation
5054805042456,Cidal Antibacterial Liquid Handwash 250ml,No regulation
8712561698689,Vo5 Shamp Nourish My Shine 250ml,No regulation
5012008740005,Inecto Body Lotion Aloe Vera 500ml,No regulation
8712561824415,Radox Men Powerful Caffeine & Guarana-2-In-1 Shower Gel & Shampoo 250ml,No regulation
7610700612859,Ricola Delicious Elderflower Sugar Free Lozenges 45g,No regulation
59095781,Sure Bright Bouquet Roll-on 48H Anti-perspirant 50ml,No regulation
5038581053844,Woodwick Candle Petite Fireside 31g,No regulation
5010622005012,Oral-B Essential Dental Floss Unwaxed 50m,No regulation
5060228456077,Peppa Pig Colour Changing Hand Soap 250ml,No regulation
5056170310383,Jones & Co Self Grip Styling Hair Rollers 4 Pack,No regulation
8699568514405,Clairol Color Crave Semi-Permanent Teal,No regulation
9329401000428,The Goat Skincare Soap Bar with Chamomile 100g,No regulation
8710908657672,Baby Dove Nappy Cream Rich Moisture 45g,No regulation
5050895074506,Zazie Cosmetic Bag,No regulation
5060946243973,Peppa Pig Double Handle Baby Bottle,No regulation
9329401000435,The Goat Skincare Soap Bar with Chia Seed Oil 100g,No regulation
5028763006706,Wisdom Interdental Brushes 0.45mm 5 Pack,No regulation
5028763009653,Wisdom Interdental Brushes 0.8mm 5 Pack,No regulation
1845678901001,Crescent Cetirizine Dihydrochloride 10mg 30 Tablets,GSL
5056170302371,Gem Foot Care Brush,No regulation
5024071250015,Aspar Senna Constipation Relief 20 Tablets,GSL
5037200110050,Sunday Rain Aloe Vera & Sweet Mint Foot Soak 400g,No regulation
6111079005767,Johnson's Baby Shampoo Chamomile 300ml,No regulation
5037378009538,Anovia Foot Repair Foot Cream 125ml,No regulation
5038581029474,Yankee Candle Home Inspiration Vanilla Frosting 49g,No regulation
5050895186582,Zazie Rectangular Mirror,No regulation
5010058057050,Ultra Lite Bandages 10cmx4.5m,No regulation
0810020170948,Bondi Sands Glo Pearl Lights 250ml,No regulation
3600542413800,Garnier Ultimate Blends Marvellous Oils Nourishing Shampoo Bar 60g,No regulation
8006540806876,Always Dailies Singles To Go Liners 20 pack,No regulation
3574661384627,Johnson's Soft & Nourish Body Wash 400ml,No regulation
8710908829925,Sure Men Dry Antiperspirant Deodorant 150ml,No regulation
5028635004045,Softy Facial Tissues Pocket Packs 10 Pack,No regulation
5000453121760,VitaminStore Effervescent Energy Release Tablets,No regulation
5025135118845,Malibu Ice Blue Cooling After Sun Gel 100ml,No regulation
5023674115813,Country Club Face Cloths 3 Pack,No regulation
5010441013892,Numark Tea Tree & Aloe Vera Antibacterial Handwash 500ml,No regulation
8699568513958,Clairol Colour Crave Copper,No regulation
3600542032643,Garnier Boosting Juicy Face Radiance Mask 8ml,No regulation
5012251010009,Beauty Formulas Intimate Deodorising Wash Feminine 250ml,No regulation
5025971208281,Lil-Lets 100 Cotton Wool Round Pads,No regulation
5060120162151,Xpel Kids Mosquito & Insect Repellent 2 Bands,No regulation
0309976009018,Revlon Colorstay Gel Envy Need More Encore,No regulation
8714789194783,Colgate Toothbrush Smiles 6+ Years,No regulation
5012251006224,Beauty Formulas Active Mouthwash Extra Strength Cool Mint 500ml,No regulation
8006540097205,Herbal Essences Nourish Passion Flower Vegan Conditioner 275ml,No regulation
5037741990456,Zazie Nail Polish Remover Acetone Free 250ml,No regulation
5060120177827,XOC Toothpaste Peachy Clean 60ml,No regulation
5025903023111,Careway Crepe Bandage 7.5cm,No regulation
0309971370274,Cutex Ultra Powerful Polish Remover 100ml,No regulation
80809494,Mentos Peppermint Gum 40 Pieces,No regulation
3574660583168,Johnson's Face Care Daily Essentials Gentle Exfoliating Wash 150ml,No regulation
0038107228034,Possibility Shower Gel Zesty Orange 200ml,No regulation
0672935557180,Firefly PJ Masks Travel Kit Toothbrush & Cap 2 Pack,No regulation
3574661384580,Johnson's Soft & Energise Body Wash 400ml,No regulation
0038107228010,Possibility Shower Gel Strawberry Bliss 200ml,No regulation
8710447241745,Impulse Burnt Marshmallow + Leather Jacket Body Mist 150ml,No regulation
5060013943140,Allergy relief - Bristol Chlorphenamine 4mg 28 Tablets,P
5025135112270,Malibu Lotion SPF10 100ml,No regulation
5054805039753,Cidal Antibacterial Cleansing Bars 2 x 100g,No regulation
5012616267154,Firefly Spider-Man Twin Pack Toothbrush & Caps,No regulation
5050895242554,Athena Nail Brushes 3 Pack,No regulation
5017353505286,Galpharm Flu-Max All-in-One Chesty Cough & Cold 16 Tablets,GSL
8001090361998,Always Dailies Singles To Go Scented 20 Liners,No regulation
5012251010405,Beauty Formulas Shampoo Tea Tree 200ml,No regulation
8001090735270,Pantene Shampoo Smooth & Sleek 90ml,No regulation
4005808505999,Nivea Creme Soft Care Soap 100g 2 Pack,No regulation
5024874015101,Valupak Calcium & Vitamin D 400mg 30 Tablets,No regulation
5010058044883,Fast Aid Dressing Adhesive 6.5cm x 8cm 5 Pack,No regulation
5010441000250,Numark Aspirin 300mg 32 Tablets,P
4987072027219,Hothands Hand Warmers 2 Pack,No regulation
96201411,Soft & Gentle Anti-Perspirant Roll On Orchid Desire 50ml,No regulation
5053249270166,PestShield Mosquito & Insect Reppelent Wipes 25 Pack,No regulation
8720181079184,Lynx Shower Gel Gold 225ml,No regulation
8710447482704,Dove Glowing Hand Wash 250ml,No regulation
5025903022930,Careway Aqueous Cream 100g,GSL
0309971370205,Cutex Acetone Free Nail Polish Remover 200ml,No regulation
5000101799556,Carex Sensitive 2H Protection Antibacterial Handwash 250ml,No regulation
80823438,Mentos Bubble Fresh Gum 40 pieces,No regulation
8710447229613,Simple Pollution Protect Sheet Mask,No regulation
5012008740203,Inecto Body Lotion Grapefruit 500ml,No regulation
5060228453434,Peppa Pig Bath & Shower Gel 400ml,No regulation
5000101665400,Carex Aloe Vera Hand Wash 250ml,No regulation
5011417554876,Dettol Anti-Bacterial Original Soap 100g 2 Pack,No regulation
5038581020129,Yankee Candle Home Inspiration Cosy Up 49g,No regulation
5050895087506,Zazie Travel Bottle Set,No regulation
5028763009592,Wisdom Quantum Whitening Toothbrush,No regulation
7610700614266,Ricola The Original Sugar Free Lozenges 45g,No regulation
5017353500618,Galpharm Galprofen Ibuprofen 8 Capsules 200mg,GSL
8718951431843,Sanex Dermo Care 48H Roll-On Antiperspirant 50ml,No regulation
8718951265738,Colgate Little Kids' Smiles 3+ Years Toothpaste 50ml,No regulation
7643022217150,Shea Moisture Raw Shea Butter Deep Treatment Masque 59ml,No regulation
5010441014356,Numark Self Adhesive Dressing 5.3 x 7cm 5 Pack,No regulation
5010724513934,Femfresh Feminine Intimate Wipes 15 Pack,No regulation
3574669907651,Johnson's Baby Shampoo 100ml,No regulation
5900998000332,Carex Hand Wash Original 250ml,No regulation
5055028321748,Enliven Cool Mint Alcohol-Free Mouthwash 500ml,No regulation
8699568514368,Clairol Color Crave Semi-Permanent Candy Apple,No regulation
8699568514443,Clairol Color Crave Semi-Permanent Emerald,No regulation
8001090632463,Oral-B Baby Toothpaste 0-2 Years 75ml,No regulation
4000196014290,Kamill Sensitive Hand Cream 100ml,No regulation
5060057403143,Almus Dispersible Aspirin 300mg 32 Tablets,P
87342352,Vaseline Poppy Doll Face Red Lip Tin 20g,No regulation
4084500197985,Pantene Dry Shampoo Colour Protect 65ml,No regulation
3574661093994,Johnson's Vita-Rich Replenishing Body Lotion Raspberry 250ml,No regulation
5013692250238,Baby Shark Bubble Bath 400ml,No regulation
8710447205907,Radox Feel Vibrant Blood Orange & Ginger Scent Shower Mousse 200ml,No regulation
8712561274272,VO5 Casual Definition Spray 150ml,No regulation
8699568514481,Clairol Color Crave Daffodil,No regulation
5029066051325,Childs Farm Hair & Body Wash 50ml,No regulation
5012251000642,Beauty Formulas Active Dental Floss Mint Waxed 100m,No regulation
5025416997039,Kids Zone Tropical Tutti Frutti Fun Foam Bath 1L,No regulation
5000101968051,Carex Original Shower Gel 500ml,No regulation
5012251010658,Beauty Formulas Active Go Between 50 Dental Flossers,No regulation
4056800761760,Wella New Wave Ultimate Effects Styling Steel Gel 150ml,No regulation
5000101045639,Original Source Moisturising Handwash Vanilla Raspberry 250ml,No regulation
5010724517123,Arm & Hammer Extra White Care Toothpaste 125g,No regulation
5022545106349,LOL Surprise! Detangling Hair Spritz 100ml,No regulation
8699568503843,Wella Silvikrin Hairspray Voluminous Hold 75ml,No regulation
59079576,Dove Antiperspirant Roll On Apple & White Tea 50ml,No regulation
5010058011021,Robinson Soft & Pure Oval Cosmetic Pads 50 Pack,No regulation
96082911,Vagisil Intimate Wash 75ml,No regulation
5012583204756,Right Guard Xtreme Heat Control Antiperspirant 150ml,No regulation
5410076635153,Oral-B Pro Expert Floss Cool Mint 25m,No regulation
8712561434041,Vaseline Aloe Sensitive Roll-On Antiperspirant Deodorant 50ml,No regulation
8712561848022,VO5 Conditioner Cherish My Colour 400ml,No regulation
8712561659000,VO5 Thickening Paste Rework Hold 75ml,No regulation
4015600116743,Wella Professional Shampoo Brilliance Fine/Normal Hair 50ml,No regulation
5010724529713,Pearl Drops White Sparkle Teeth Whitening Formula 50ml,No regulation
5022545151431,Paw Patrol Toothbrush 2 Pack,No regulation
5000101504174,Original Source Handwash Vanilla & Raspberry 300ml,No regulation
5028270005452,Simply Cotton Cosmetic Pads Oval 100 Pack,No regulation
5054805039340,Simple Soap Twin Pack 2 x 100g,No regulation
5000347090936,Aquafresh Big Teeth Fluoride Toothpaste 6-8 Years 50ml,No regulation
5016973991035,Lift Fast Acting Glucose Chews Tube Orange 10 Pack,No regulation
5050895122283,4 My Baby Bottle Brush Twin Pack,No regulation
8716900559129,Aptamil 1 First Infant Milk 0-6 Months 200ml,No regulation
5028763006478,Wisdom Fresh Breath Spray 12.5ml,No regulation
5056184027383,Lightweight Reusable Non-Medical Face Covering for Kids,No regulation
5060110224920,Nitrid Head Lice Detection Comb,No regulation
8006540947760,Oral B Toothpaste Cavity Protect 100ml,No regulation
5060209732442,Epimax Original Cream 100g,No regulation
7322541048857,Bodyform Maxi No Wings 14 Pads,No regulation
5025135113895,Malibu Soothing After Sun Lotion 100ml,No regulation
5024211000630,Nail Magic Nail Glue 3g,No regulation
6291105153287,Vaseline Aloe Vera Lip Care Stick 4.8g,No regulation
7310615404555,Salvelox Spongebob 20 Plasters,No regulation
5011417566312,Steradent Active Plus 30 Tablets,No regulation
5029115011324,A+E Low Adherent Dressing Pads 5cm x 5cm 10 Pack,No regulation
5011417541593,Dettol Multi-Purpose Wipes Apple 15 Pack,No regulation
8710847963087,Radox Men Sporty 2-In-1 Shower Gel & Shampoo 250ml,No regulation
5010441000465,Numark Anti-Bacterial Handwash 500ml,No regulation
6291105153263,Vaseline Lip Therapy Original Lip Balm 4.8g,No regulation
4084500567092,Mini: Aussie 75ml 3 Minute Miracle Treatment Colour,No regulation
5025903022657,Careway Vapour Rub 50g,No regulation
4084500854154,Pantene Pro-V Foam Conditioner Extra Volume 180ml,No regulation
8710908541247,Radox Star Wars Bath & Body Wash 400ml,No regulation
50097548,Vaseline Active Fresh Roll-On 50ml,No regulation
8712561848152,VO5 Conditioner Give Me Volume 400ml,No regulation
8710908705632,Alberto Balsam Strawberries & Cream Shampoo 350ml,No regulation
5011309049718,Care+ Hydrogen Peroxide Solution 9% 30 Vols 200ml,GSL
8712561848060,VO5 Give Me Moisture Conditioner 400ml,No regulation
8720181336164,Radox Feel Ready Shower Gel Pomegranate & Apple Scent 225ml,No regulation
4084500140332,Herbal Essences Dry Shampoo Uplifting Volume 65ml,No regulation
5012251007146,Beauty Formulas Active 50 Interdental Flossers,No regulation
4005900746566,Nivea Splashy Ocean Caring Shower Gel 250ml,No regulation
5060013941283,Bristol Dispersible 75mg Aspirin 28 Tablets,P
3574669909556,Johnson's No More Tangles Kids Shampoo 300ml,No regulation
5025903027775,Careway Paracetamol Powder 10 Sachets,GSL
5000101508196,Carex Handwash Over The Rainbow 250ml,No regulation
8717163622018,Alberto Balsam Lavender & White Lily Shampoo 250ml,No regulation
5031413945980,Face Facts Multipurpose Tinted Balm Pink Blush 15ml,No regulation
5020353053251,Bio Glow Aloe Vera & Vitamin E & B5 Face & Body Scrub 300ml,No regulation
8712561470360,VO5 Rework Texture Styling Spray 150ml,No regulation
8714789732893,Palmolive Naturals Almond Shower Cream 250ml,No regulation
5000101194009,Original Source Handwash Mango 250ml,No regulation
8901030024023,Pears Transparent Soap Bar with Mint Extract 125g,No regulation
50097333,Lynx Roll On Africa 50ml,No regulation
8714789087375,Colgate Anti-Tartar Plus Whitening Toothpaste 100ml,No regulation
5029053565750,Kleenex Balsam Tissues 72 Box,No regulation
5031413946017,Face Facts Multipurpose Tinted Balm Sheen 15ml,No regulation
5000347002809,Macleans Toothpaste Whitening 100ml,No regulation
5025416997015,Kids Zone Berry Explosion Fun Foam Bath 1L,No regulation
8886467060854,Vaseline Healthy Bright Soap 3 bars,No regulation
7322541036014,Bodyform Dailies Style Black 24 Liners,No regulation
5029115011287,A+E Large Plaster Dressings 5 Pack,No regulation
5012251001991,Beauty Formulas Active Dental Floss Mint Waxed 200m,No regulation
3014260013851,Oral-B Toothbrush Clean & Sensitive Soft 1 Pack,No regulation
5031413946086,Face Facts Multipurpose Tinted Balm Peach Glow 15ml,No regulation
5020535015442,Fun Time Strawberry Flavoured Lube 75ml,No regulation
87342345,Vaseline Lulu Guinness Violet Doll Face Originallip Tin 20g,No regulation
5010441011782,Numark Antiseptic Wipes 10 Pack,No regulation
5017123001031,Crescent Loratadine 10mg 30 Tablets,GSL
5000101045479,Original Source Mint & Tea Tree Anti-Bacterial Handwash 250ml,No regulation
5010441006481,Numark Ibuprofen 200mg 24 Coated Tablets,P
5031413946048,Face Facts Multipurpose Tinted Balm Nude 15ml,No regulation
87342826,Simple Kind To Skin Soothing Antiperspirant Roll On 50ml,No regulation
3600541889460,Garnier Respons in Shower Body Lotion for Dry Skin 200ml,No regulation
7322542030646,Bodyform Ultra Normal 10 Pack,No regulation
5000347071461,Macleans Toothpaste Fresh Mint 125ml,No regulation
5056235400233,Derma V10 50g Shampoo Bar Coconut,No regulation
8712561698603,Vo5 Give Me Moisture Shampoo 250ml,No regulation
5030104005088,Jakemans Honey & Lemon Soothing Menthol Lozenges 73g,No regulation
8008970053141,Wash & Go Shower & Shampoo Protecting with Marine Minerals 250ml,No regulation
5010441000113,Numark Cotton Wool Balls 100 Pack,No regulation
7322541048970,Bodyform V- Protection Ultra+ with Wings 10 Pack,No regulation
5010441021354,Numark Cotton Wool Roll 100g,No regulation
5010441015407,Numark Lice & Nit Combs 2 Pack,No regulation
8720181336096,Radox Shower Gel Feel Active 225ml,No regulation
5010724529669,Nair Facial Wax Strips with Camomile Extract 12 Strips,No regulation
5029053560762,Kleenex Everyday Pocket Tissues 8 Pack,No regulation
5010441007716,Numark Micropore Tape 1.25cm x 5m,No regulation
8714789732923,Palmolive Naturals Coconut & Milk Shower Cream 250ml,No regulation
5025903021971,Careway Callous Cushions 2 Pack,No regulation
5028763007543,Wisdom Toothbrush Regular Medium 2 Pack,No regulation
5028270008507,Dimple Safety Cotton Buds 60 Pack,No regulation
5050895060912,Zazie Aluminium Spray Bottle,No regulation
5012008663106,Soft & Gentle Petal Power Body Spray 75ml,No regulation
5010724529706,Arm & Hammer Total Clean Baking Soda Toothpaste 125g,No regulation
5000347090967,Aquafresh Milk Teeth 0-2 Years 50ml,No regulation
5011321725348,Aussie 3 Minute Miracle Reconstructor Deep Conditioner Mini 75ml,No regulation
8008970053134,Wash & Go Shower & Shampoo Refreshing with Water Mint 250ml,No regulation
5014107164089,Interlude Tampons Regular 16 Pack,No regulation
8716900559280,Cow & Gate 2 Follow-On Milk From 6-12 Months 200ml,No regulation
8717163020524,Impulse Tease Body Fragrance 75ml,No regulation
5013692261104,Baby Shark Hand Wash 250ml,No regulation
5011597092779,Coral Bath Sponges 3 Pack,No regulation
5010441014486,Numark Large Cosmetic Pads 50 Pack,No regulation
7322542028056,Bodyform Ultra Goodnight 8 Pack,No regulation
3014260287030,Gillette G2 Disposable Razor 5 Pack,No regulation
8717644367209,Impulse True Love Body Fragrance 75ml,No regulation
8710908181719,Alberto Balsam Juicy Green Apple Conditioner 350ml,No regulation
5050895067058,Zazie 4 Pack Manicure Set,No regulation
9300632074037,Colgate Portable Soft Toothbrush 1 Pack,No regulation
5060120168757,Xpel Pure Tea Tree 100% Essential Oil 10ml,No regulation
8710522648797,Alberto Balsam Coconut Milk & Sandalwood Conditioner 250ml,No regulation
5028763009356,Wisdom Step By Step Soft Toothbrush (3-5 Years) 1 Toothbrush,No regulation
5016973991042,Lift Fast Acting Glucose Chews Tube Raspberry 10 Pack,No regulation
5000209216511,Colgate Toothbrush Twister Fresh,No regulation
5028763011083,Wisdom Toothbrush Regular Soft 2 Pack,No regulation
5024874015033,Valupak Cod Liver Oil 400mg 30 Capsules,No regulation
5011309440515,Covonia Lozenges Strong Original 30g,GSL
5017848253531,Bell's Children's 6+ Months Vapour Rub 50g,No regulation
8001090589095,Oral-B Kids 3+ Years Toothpaste 75ml,No regulation
8718951028142,Palmolive Aroma Moments So Sweet Shower Gel 250ml,No regulation
4003455340147,Sula Strawberry & Cream Sugar Free Sweets 42g,No regulation
0048256297164,Astonish Bathroom Cleaner Spray White Jasmine & Basil 750ml,No regulation
5050895087308,Zazie Cosmetic Mirror,No regulation
5028763008557,Wisdom Clean Between Flossers 30,No regulation
5025903022817,Careway Allergy & Hay Fever Relief 30 Tablets,GSL
5010249901957,FSC Vitamin E Cream with Calendula 100ml,No regulation
5013692272414,Umbro Action Roll on Anti Perspirant 50ml,No regulation
4015400680284,Always Dailies Singles Panty Liners Normal 20 Liners,No regulation
4003455340109,Sula Mixed Fruit Sugar Free Sweets 42g,No regulation
5000101968211,Carex Shower Gel Moisture Plus 500ml,No regulation
5056235402213,Healthpoint Cold Sore Patches 15 Pack,No regulation
5053249200668,Masterplast Pirate or Princess Assorted Plasters 75 Pack,No regulation
5028270000525,Simply Cotton Square Cotton Wool Cosmetic Pads 50 Pack,No regulation
0761828223919,Umbro Power Body Wash 400ml,No regulation
3574669907439,Johnson's Baby Cotton Balls 75 Pack,No regulation
5029115000007,A+E Assorted Blister Plasters 4 Pack,No regulation
0761828223902,Umbro Ice Body Wash 400ml,No regulation
5031413936803,Pretty Cotton Wool Pleat 80g,No regulation
5017306008321,Pears Transparent Soap Bar with Natural Oils 125g,No regulation
5033996015401,FRIENDS Eau De Toilette 30ml,No regulation
7702018015252,Gillette Satin Care Women's Shaving Gel Sensitive 75ml,No regulation
8008970053127,Wash & Go Shower & Shampoo Energizing with Fruit Vitamins 250ml,No regulation
8710908177071,Alberto Balsam Coconut & Lychee Shampoo 350ml,No regulation
5011597008299,Coral Massage Sponges 3 Pack,No regulation
5060337726016,Healthpoint B5 Panthenol Nappy Ointment 30g,No regulation
5060133377467,Essentials Congestion Relief Nasal Spray 15ml,No regulation
8710908705731,Alberto Balsam Strawberries & Cream Conditioner 350ml,No regulation
5011309895513,Eucryl Stain Removal Toothpaste 50ml,No regulation
5011309895612,Eucryl Toothpowder Stain Removal Freshmint 50g,No regulation
5016973991233,Lift Fast Acting Glucose Chews Tube Blueberry 10 Pack,No regulation
8711600804388,Dove Purely Pampering Shea Butter Beauty Cream Bar 100g 2 Pack,No regulation
8710522648780,Alberto Balsam Coconut Milk & Sandalwood Shampoo 250ml,No regulation
5060228450853,Peppa Pig Toothbrush Twin Pack Blue Pink,No regulation
5010441008966,Numark Cotton Buds 200 Pack,No regulation
5000209211516,Colgate 0-3years Toothbrush,No regulation
3600542032544,Garnier Skinactive Aqua Mask 8ml,No regulation
5020535015480,Fun Time Original Stimulating Lube 75ml,No regulation
5055172214170,Innovate Tweezer,No regulation
5000101511516,Carex Handwash Cinemazing Popcorn 250ml,No regulation
5016221201183,Paw Patrol Nickelodeon Twin Pack Toothbrush Kids,No regulation
5000101968136,Carex Sensitive Bath Soak 500ml,No regulation
4902430644143,Gillette Fusion Hydrating Shave Gel Sensitive Skin 70G,No regulation
4015400622413,Pampers Natural Clean Wipes 64,No regulation
5053249269603,PestShield Mosquito & Insect Repellent Spray Pen 2 x 10ml,No regulation
5016973991219,Lift Fast Acting Glucose Chews Tube Lemon & Lime 10 Pack,No regulation
5050895240635,Athena Cotton Wool Pads 50 pack,No regulation
5029115005477,A+E Large Plaster Dressings 6cm x 10cm 10 Pack,No regulation
5000101505737,Carex Shower & Bath Love Hearts 500ml,No regulation
3574660050516,Carefree Fresh Scent 20 Pantyliners,No regulation
5012251012249,Beauty Formulas Facial Scrub Charcoal 150ml,No regulation
5056235402138,DERMAV10 Tea Tree & Witch Hazel Blemish Stick 6g,No regulation
5050375114111,Masterplast 150ml Heat Massaging Spray,No regulation
5060337720090,Healthpoint Chlorhexidine Antibacterial Mouthwash 200ml,GSL
5012251013673,Beauty Formulas Collagen Face Mist with Hyaluronic Acid 50ml,No regulation
5060060212244,Astonish Protect + Care Antibacterial Hand Wash Milk & Honey 600ml,No regulation
5410076926084,Oral-B Complete Plus Protect & Clean Toothpaste 75ml,No regulation
8718951004757,Palmolive Aroma Moments So Dynamic Refreshing Shower Gel 250ml,No regulation
5012254067086,Alberto Balsam Maximum Control Spiking Gel 200ml,No regulation
5010441012994,Numark Loratadine 10mg Allergy & Hay Fever 14 Tablets,GSL
5029053578323,Kleenex Original Regular 64 Tissues,No regulation
5012617017116,Accord Dispersible Aspirin 75mg 28 Tablets,P
4005900447890,Nivea 1 Minute Urban Skin Detox Mask Purify 75ml,No regulation
5028763006409,Wisdom Dental Floss Mint Waxed 100m,No regulation
8717163058015,Impulse Hint Of Musk Body Fragrance 75ml,No regulation
0058000004481,Colgate Max Fresh Toothbrush Medium,No regulation
4015400680352,Always Dailies Singles Panty Liners Fresh Scent 20 Liners,No regulation
5055586608145,Not Guilty Shampoo Bar Tea Tree & Aloe Vera 75g,No regulation
5031676000945,Skincalm Hydrocortisone Bite & Sting Relief 1% Cream 10g,GSL
5025903027737,Careway Tubular Bandage 6.25cm X 1m,No regulation
5017353503275,Galpharm Migraine Relief Ibuprofen 16 Tablets,GSL
5011309440713,Covonia Lozenges Berry Blast 30g,GSL
5050375085220,Masterplast Vapour Rub 100g,No regulation
5022545069668,Frozen 2 Detangling Hair Spray 100ml,No regulation
5029053532608,Kotex Maxi Super 14 pads,No regulation
8718951427785,Palmolive Thermal Spa Mineral Massage Shower Gel 250ml,No regulation
7322541048154,Bodyform Dailies Extra Long Liners 19 Pack,No regulation
5011309895810,Eucryl Toothpowder Stain Removal 50g,No regulation
5060228452420,Paw Patrol Nickelodeon Toothpaste Strawberry 75ml,No regulation
8710908181283,Alberto Balsam Coconut & Lychee Conditioner 350ml,No regulation
96186886,Chapstick Classic Cherry,No regulation
96002643,Lynx Antiperspirant Roll On Excite 50ml,No regulation
5029053532660,Kotex Maxi Normal 16 pads,No regulation
5024071250282,Aspar Hayfever & Allergy Relief 10mg 14 Tablets,GSL
5026445000486,Rapport 150ml Body Spray Sport,No regulation
8710522412022,Radox Portect & Refresh Antibacterial Handwash 500ml,No regulation
5028270000365,Simply Cotton Cotton Wool Cleansing Balls Coloured 100 Pack,No regulation
3600522355625,L'Oréal Paris Elvive Full Restore 5 SOS Repairing Intensive Care 20ml,No regulation
8718951268494,Sanex Bar Soap Dermo Protect Sensitive 90g 2 Pack,No regulation
5028763007598,Wisdom Regular Plus Firm Triple Pack,No regulation
5056235400660,Healthpoint Corn Removal Plasters 6 Pack,No regulation
5016221201176,Paw Patrol Toothpaste 75ml,No regulation
4005900586575,Nivea Urban Peel Off Detox Mask Mattify 75ml,No regulation
5010189105125,Wilkinson Sword Extra Beauty 2 Disposable Razor 5 Pack,No regulation
3574669908566,Johnson's Baby Bath 200ml,No regulation
5030104005163,Jakemans Blackcurrant Soothing Menthol Lozenges 73g,No regulation
5012251013499,Beauty Formulas Brightening Vitamin C Facial Wash 150ml,No regulation
5060060212077,Astonish Protect + Care Hand Wash Vitamin E 600ml,No regulation
59079712,Lynx Roll On Ice Chill 50ml,No regulation
5060337727181,Clear&Simple Pregnancy Test 2 Pack,No regulation
96136966,Vaseline Double Invisible Roll On Antiperspirant Deodorant 50ml,No regulation
8717163743270,Radox Shower Gel Bergamot & Neroli 250ml,No regulation
5038581130088,Yankee Candle Confetti Macaron 49g,No regulation
5055172205277,Body Puff (Various Colours) 1 Pack,No regulation
5037741100916,Classics Artificial Nail & Tip Remover 150ml,No regulation
5030104005101,Jakemans Blueberry Soothing Menthol Lozenges 73g,No regulation
5000101500183,Original Source Rhubarb & Raspberry Shower 250ml,No regulation
7322542025246,Bodyform Liners So Slim 24 Pack,No regulation
5054805039845,Wright's Traditional Soap bar 100g,No regulation
8711600672543,Dove Men+Care Fresh Awake Body Wash 250ml,No regulation
5029053039732,Kleenex Ultra Soft Tissues 80 Pack,No regulation
0309971370199,Cutex Non-Acetone Nail Polish Remover 100ml,No regulation
8710847924491,Lynx Sport Blast Shower Gel 3in1 with Oxygen 250ml,No regulation
5022545069644,Frozen Bubble Bath & Shower Gel 400ml,No regulation
5012583208525,Schwarzkopf Colour Shine with UV Filter Shampoo 250ml,No regulation
5022545069620,Frozen II 2-In-1 Shampoo & Conditioner 300ml,No regulation
5028270008484,Simply Cotton Buds 300 Pack,No regulation
4015400931225,Always Sensitive Super Plus Ultra Unscented Pads 10 Pack,No regulation
7322542072417,Bodyform Maxi Long 10 Pack,No regulation
5055586608138,Not Guilty Shampoo Bar Coconut & Vanilla 75g,No regulation
5012251013369,Beauty Formulas Brightening Vitamin C Facial Scrub 150ml,No regulation
5000101959509,Carex Moisture 2H Protection Antibacterial Hand Wash 250ml,No regulation
5028763007611,Wisdom Regular Plus Medium Triple Pack,No regulation
5060120163387,Tea Tree Facial Wipes Twin 25 Pack,No regulation
5020535019471,Hygienics Anti-Bacterial Hand Gel 50ml,No regulation
5012251008785,Beauty Formulas Active Toothbrush Multiaction 3 'S,No regulation
8710908380082,Radox Feel Exotic Shower Gel 250ml,No regulation
8712561434072,Vaseline Active Fresh Roll-On Antiperspirant Deodorant 50ml,No regulation
5029053550022,Huggies Disney Special Edition Baby Wipes 56 Pack,No regulation
5060337726832,Healthpoint Nasal Inhaler 2 Tubes,No regulation
8718951430235,Palmolive Aroma Essence Midnight Bliss Shower Gel 250ml,No regulation
5011309895018,Virasorb Cold Sore Cream 2g,GSL
8712561228985,Impulse Be Surprised Body Fragrance 75ml,No regulation
5010724529720,Pearl Drops Ice White Teeth Whitening Formula 50ml,No regulation
5028763007222,Wisdom Interdental Brushes 0.6mm 5 Pack,No regulation
80218814,Palmolive Naturals Shower Milk 50ml,No regulation
5065000925079,Salon Basics Self Tanning Mitt,No regulation
5012583208563,Schwarzkopf Repair & Care Shampoo 250ml,No regulation
5055586608121,Not Guilty Shampoo Bar Argan Oil & Almond Oil 75g,No regulation
5014749160418,The Accessory Makeup Head Band,No regulation
5038581136790,Yankee Candle Home Inspiration Golden Flowers 49g,No regulation
5054563180179,Aquafresh Toothpaste Active White 100ml,No regulation
5013692272438,Umbro Ice Roll on Anti Perspirant 50ml,No regulation
5050375055360,Masterplast Ice Spray 150ml,No regulation
5012583208587,Schwarzkopf Keratin Strong Shampoo 250ml,No regulation
8001841041391,Pampers Sensitive Fragrance Free 52 Baby Wipes,No regulation
5038581120393,Yankee Candle Home Inspiration Pepperberry Pine 49g,No regulation
5025903022039,Careway Foam Padding 1 Sheet,No regulation
8006540948422,Oral B Toothpaste Whitening Protect 100ml,No regulation
5000101346170,Carex Original 2H Protection Antibacterial Hand Wash 250ml,No regulation
3086127500934,Bic Twin Lady Disposable Razor 5 Pack,No regulation
3614226291998,Max Factor Radiant Lift Concealer Dark 004,No regulation
5012583203063,Schwarzkopf Super Soft Kids Shampoo & Shower Gel 250ml,No regulation
5010441010853,Diarrhoea Relief - Loperamide Hydrochloride 2mg 6 Capsules,GSL
5022545102266,LOL Surprise! Bath & Shower Bubbles Blueberry Scent 400ml,No regulation
5000101507571,Carex Hand Gel Love Hearts 50ml,No regulation
5025416030613,Love My Ink Tattoo Aftercare Spray 30ml,No regulation
5022545069606,Frozen Hand Wash 300ml,No regulation
5029053039688,Kleenex Soft White 72 Tissues,No regulation
0079400204745,Toni & Guy Smooth Definition Conditioner 50ml,No regulation
5012008663205,Soft & Gentle Exotic Bloom Body Spray 75ml,No regulation
4027800079520,Wilkinson Sword Essentials 2 Women's Disposable Razors 5 Pack,No regulation
3014260747961,Oral-B Toothbrush Classic Care Medium Twin Pack,No regulation
5012251008136,Beauty Formulas Feminine Hygiene 20 Intimate Wipes,No regulation
5012583203070,Schwarzkopf Super Soft Kids Shampoo & Conditioner 250ml,No regulation
5010724517147,Arm & Hammer Sensitive Care Toothpaste 125g,No regulation
5011842107036,Throaties Blackcurrant Pastilles 12 Pack,GSL
5026445000318,Blue Stratos Body Spray 150ml,No regulation
5010724320334,Pearl Drops Smokers Toothpaste 50ml,No regulation
5014749160401,CS Beauty Detangle Brush,No regulation
5029053039978,Kleenex Original Tissues 70 Pack,No regulation
4015400738565,Always Sensitive Night 10 Pack,No regulation
8718951576193,Colgate Fresh Gel Toothpaste 75ml,No regulation
8718114233000,Impulse Bodyspray Glamour 75ml,No regulation
5000101149900,Original Source Shower Gel Blue Ginger 250ml,No regulation
5060120167194,Xpel Aqueous Cream Tube 100ml,No regulation
5053249269924,PestShield Cooling & Soothing Cream 28g,No regulation
4005900230614,Nivea Creme Care Soap 100g 2 Pack,No regulation
3574661264813,Johnson's Extra Sensitive Baby Wipes 56 Pack,No regulation
8720665000000,Alberto Balsam Sunkissed Raspberry Shampoo 300ml,No regulation
8714789843674,Sanex Handwash Hygiene Moisturising 300ml,No regulation
5000101100468,Original Source Coconut & Shea Butter 250ml,No regulation
5012008663007,Soft & Gentle Flower Fever Body Spray 75ml,No regulation
5011309049411,Care+ Hydrogen Peroxide Solution 6% 20 Vols 200ml,GSL
8001841559179,Aussie Sos Repair Treatment Shot 25ml,No regulation
5060060212466,Astonish Protect + Care Hand Wash Peony Bloom 600ml,No regulation
8710447232668,Radox Anti-Bac Handwash Protect & Replenish 500ml,No regulation
5010441024669,Numark Panty Liners 30 Pack,No regulation
5017123055232,Crescent Pharma Paracetamol 500mg 32 Tablets,P
5012251009355,"Wax Strips Travel Pack (8 x Legs/Body, 12 x Face/Bikini Line)",No regulation
5060087366319,Healthpoint Spectacle Wipes 52 Pack,No regulation
8711600323520,Impulse Very Pink Body Fragrance 75ml,No regulation
0309970054953,Revlon Colorstay Gel Envy Need More Nail Polish 14.7ml,No regulation
5012616267017,Firefly LOL Surprise Anti-Cavity Toothpaste 75ml,No regulation
5000101149733,Original Source Extreme Wake Up Hair & Body 250ml,No regulation
4084500140271,Herbal Essences Clearly Naked Dry Shampoo 65ml,No regulation
5038581134246,Yankee Candle Tranquil Garden 49g,No regulation
8001841559353,Aussie Sos Shine Treatment Shot 25ml,No regulation
5017353503800,Galpharm Ibuprofen 200mg 16 Capsules,GSL
5038581130293,Yankee Candle Home Votive Island 49g,No regulation
5055172214668,Innovate Nail Clipper,No regulation
5014107164867,Interlude Pant Liners 50 Pack,No regulation
5037741991026,Classics Acetone Free Nail Poilsh Remover 150ml,No regulation
5037741150218,Classics Gel Polish Remover 150ml,No regulation
5000101502682,Original Source Shower Gel Orange 250ml,No regulation
5010724533239,Batiste Dry Shampoo Volume 50ml,No regulation
5028763007512,Wisdom Toothbrush Regular Firm 2 Pack,No regulation
3574661421728,Johnson's Baby Gentle All Over 56 Wipes,No regulation
5010441012451,Numark Nail Polish Remover Alcohol Free 150ml,No regulation
5054563180209,Aquafresh Toothpaste Triple Protection 100ml,No regulation
8710908657122,Baby Dove Head To Toe Wash Rich Moisture 200ml,No regulation
5054563180230,Aquafresh Toothpaste Active Fresh 100ml,No regulation
5000101189685,Original Source Green Banana & Bamboo Shower Milk 250ml,No regulation
5038581110097,Yankee Candle Banana Flower 49g,No regulation
5000101044755,Carex Nourishing Hand Wash 250ml,No regulation
5056235400578,Healthpoint Verruca & Wart Patch 10 Pack,No regulation
5025416030606,Love My Ink Tattoo Cream 150ml,No regulation
8901030561795,Lux Velvet Touch Body Wash 240ml,No regulation
5050895242615,Zazie Hair Brush & Comb Set,No regulation
4015400260837,Always Classic Night Pads 8 Pack,No regulation
0050051110982,Lipsmacker Lip Balm Coca-Cola 4g,No regulation
5060120161277,Medipure Hair & Scalp Anti Dandruff Shampoo 400ml,No regulation
3574661440460,Johnson's Baby Cotton Buds 100 Pack,No regulation
5050895242691,Zazie Hair Bobbles in Pink Grey Black 40 Pack,No regulation
5024874032061,Valupak Vitamin D3 60 Tablets,No regulation
5026445000448,Rapport Body Spray Original 150ml,No regulation
8001090132017,Oral-B Complete Mouthwash Arctic Mint 250ml,No regulation
5000101189418,Original Source Sweet Apple & Vanilla Shower Milk 250ml,No regulation
5010441000304,Numark Sensitive Plasters 24 Pack,No regulation
8411114026084,Disney Tigger & Pooh Shampoo & Shower Gel 250ml,No regulation
9329401000763,Pure Paw Paw Ointment Blackcurrant 15g,No regulation
5060337729857,Healthpoint Arnica Cream 50ml,No regulation
5000158102170,Nurofen 200mg Caplets 8 Pack,GSL
5050375041134,Masterplast Clear Plasters 100pk,No regulation
5026445002336,Amplex Roll on Deodorant Natural 50ml,No regulation
5060120164087,Xhc Argan Oil Conditioner 300ml,No regulation
5013965953354,Oral-B Fresh Protect Cool Mint Toothpaste 100ml,No regulation
5025971208274,Lil-Lets 200 Cotton Wool Buds,No regulation
5000101189333,Original Source Lime & Coconut Milk Shower Gel 250ml,No regulation
5019091500561,Revitale Absorbent Nose Strips 5 Pack,No regulation
5028763002371,Wisdom Toothbrush Regular Fresh Med 2 Pack,No regulation
8710908181160,Alberto Balsam Anti-Oxidant Blueberry Conditioner 350ml,No regulation
5060228453502,Teletubbies Toothpaste 75ml,No regulation
5060464500862,Paracetamol 500mg 16 Tablets,GSL
5000231080401,Radox Feel Relaxed Waterlily & Lavender Shower Gel 250ml,No regulation
5025135118951,Malibu Lip Balm Strawberry SPF 30 4g,No regulation
5025416030590,Love My Ink Tattoo Oil 30ml,No regulation
5010441008454,Numark Cushioned Plasters 20 Pack,No regulation
5056235400257,Healthpoint Hayfever Relief 36 Wipes,No regulation
5025903021964,Careway Bunion Cushions 4 Pack,No regulation
5060087360973,Healthpoint Heataid Heat Pads 2 Pack,No regulation
4027800383207,Wilkinson Sword Xtreme 3 Sensitive Disposable Razor,No regulation
5031413910933,Pretty Paper Stem Cotton Buds 200 Pack,No regulation
7501056371838,Dove Go Fresh Touch Beauty Cream Bar 100g 2 Pack,No regulation
5012254060223,Alberto Balsam Wet Look Styling Gel 200ml,No regulation
5012616267130,Firefly Marvel Spider-Man Anti-Cavity Toothpaste 75ml,No regulation
5014749141530,EcoBud Bamboo Cotton Buds 300 Pack,No regulation
4027800079025,Wilkinson Sword Essentials Male Disposable Razor 5 Pack,No regulation
8720181336126,Radox Shower Gel Feel Uplifted Shower Gel 225ml,No regulation
5012251006729,Beauty Formulas Face & Bikini Line 36 Cold Wax Strips,No regulation
0050051110999,Lipsmacker Lip Balm Vanilla Coke 4g,No regulation
5050895241724,Hair Academy 250 Hair Grips,No regulation
8901030807664,Vaseline Deep Restore Body Cream 75ml,No regulation
5014749180560,CS Beauty Cosmetic Sponges 25 Pack,No regulation
5026445000073,Cyclax 90g Bar Soap Coconut,No regulation
8717163727058,Radox Shower Gel Rose Water & Pink Elderflower 250ml,No regulation
5028763002395,Wisdom Toothbrush Regular Fresh Firm 2 Pack,No regulation
5000101230660,Imperial Leather Gentle Care 3 Pack,No regulation
5050895242578,Zazie Emery Boards 3 Pack Nail File,No regulation
8411114026091,Disney Mickey Mouse Clubhouse Shampoo & Shower Gel 250ml,No regulation
5038581131481,Yankee Candle Wax Melt Majestic Mount Fuji 22g,No regulation
5010441012444,Numark Nail Polish Remover Original 150ml,No regulation
5026445002459,Amplex Roll on Deodorant Fresh 50ml,No regulation
5060228454240,Peppa Pig Handwash 250ml,No regulation
5025903022022,Careway Corn Cushions 9 Pack,No regulation
5060060212336,Astonish Concentrated Disinfectant Linen Fresh 300ml,No regulation
5060060212961,Astonish Protect + Care Hand Wash Caramel Popcorn 600ml,No regulation
5050895089180,Athena Plastic Bath Brush,No regulation
5012334005465,Insette Body Spray Dark Attraction 150ml,No regulation
8718951556669,COLGATE MOUTHRINSE TRIPLE ACTION 250ML (250ML),No regulation
5053249249438,Masterplast Sports Assorted Plasters 40 Pack,No regulation
5014749124373,CS Medic Knee Support Size M,No regulation
5000231036767,Radox Bath Salts Vapour Therapy 400g,No regulation
4030300023108,Vicks Triple Action with Blackcurrant Syrup Pack of 10,No regulation
5000101193545,Original Source Shower Milk Passion Fruit Jojoba 250ml,No regulation
5060777420352,Ipca Paracetamol 500mg 32 Tablets,P
5060215551051,Peppa Pig Hand & Face Wipes 3 x 10 Pack,No regulation
7625657155328,3 Ply Surgical Masks 10 Pack,No regulation
0038785101018,Aussie 3 Minute Miracle Sachets 20ml,No regulation
5012251013512,Beauty Formulas Brightening Vitamin C Make-Up Remover Wipes 30 Pack,No regulation
5011309049213,Care+ Hydrogen Peroxide Solution 3% 10 Vols 200ml,GSL
5060060212480,Astonish Concentrated Disinfectant Garden Bouquet 300ml,No regulation
5022545125739,LOL Surprise! Cleansing Hand Gel 50ml,No regulation
50309443,ChapStick Classic Original SPF10,No regulation
5060228454257,Peppa Pig Leave-In Hair Detangler 150ml,No regulation
0050051111002,Lipsmacker Lip Balm Sprite 4g,No regulation
8901030026263,Pears Transparent Soap Bar 100g,No regulation
5050375057920,Masterplast Freeze Gel Tube 170ml,No regulation
5012617016492,Actavis Paracetamol 500mg 32 Caplets,P
5029115011560,A+E Medical Clear Securing Tape 2.5cm x 10m,No regulation
5026445002435,Amplex Roll on Deodorant Ocean 50ml,No regulation
8720181336133,Radox Shower Gel Moisturise 225ml,No regulation
0732068579982,Navita Hand Sanitiser 100ml,No regulation
5060228456824,Paw Patrol Bath & Shower Gel 250ml,No regulation
5028763010871,Wisdom Toothpaste Xtra Clean Fresh Mint 100ml,No regulation
5060337729185,Derma V10 Tea Tree & Peppermint Exfoliating Foot Peel,No regulation
5060060211773,Astonish Protect + Care Hand Wash Original 600ml,No regulation
5012251007955,Beauty Formulas Intimate Cleansing Wash Feminine 250ml,No regulation
5012145015103,Royal Markets 100 Single Use Disposable Gloves,No regulation
5060215551235,Paw Patrol Hand & Face Wipes 10 x 3 Wipes,No regulation
5060228454202,My Little Pony Hand Wash 250ml,No regulation
5397119158612,Paw Patrol Marshal Sponge,No regulation
5012251013314,Beauty Formulas Avocado Makeup Removing Wipes 25 Pack,No regulation
5011842107029,Throaties Strong Original Pastilles 12 Pack,GSL
5012251008631,Beauty Formulas Cucumber Facial Cleansing Wipes 30 Pack,No regulation
5060060211834,Astonish Protect + Care Antibacterial Aloe Vera Hand Wash 600ml,No regulation
1144668123455,£1 Charity Donation (British Red Cross via Work For Good),No regulation
5024071270334,Aspar Ibucalm 200mg 16 Tablets,GSL
3616301175742,Max Factor Nailfinity Gel Nail Polish Walk Of Fame 12ml,No regulation
0672935810186,Hello Kitty Toothbrush Twin Pack,No regulation
5029115826171,A+E Fabric Dressings 2 Pack,No regulation
5391531140125,Kit Kaboodle Non-Latex Cosmetic Sponges,No regulation
5012334001962,Insette Body Spray Safari 150ml,No regulation
5011831097003,Mates Natural Condoms 3 Pack,No regulation
5050895239493,Zazie Nail Scissors,No regulation
5028270008309,Simply Cotton Buds with Paper Stem 200 Pack,No regulation
5060332530212,Lindens Health + Nutrition Olive Leaf (27mg oleuropein) 60 Tablets,No regulation
8001841220376,Olay Daily Facials Water Activated Dry Cloths,No regulation
5038581084343,Yankee Candle Candlelit Cabin 49g,No regulation
5012334001177,Insette Body Spray Orient 150ml,No regulation
5029053583099,Kleenex Plastic Free Allergy Wipes 40,No regulation
5025135118562,Malibu SPF 30 Lipbalm Tropical 4g,No regulation
5025135118586,Malibu SPF 30 Lipbalm Vanilla 4g,No regulation
8714789988658,Colgate Toothbrush Twister White,No regulation
5025903022343,Careway Fabric Dressing Strip 1m,No regulation
0099800000969,Revlon Nail Polish Gray Suede 14.7ml,No regulation
5029115011201,A+E Microporous Tape 2.5cm x 6cm,No regulation
3616301283492,Max Factor Nailfinity Gel Nail Polish That's a Wrap 12ml,No regulation
5025903023142,Careway Microporous Tape 1.25cmx5m,No regulation
8901030561801,Lux Body Wash Soft Touch 240ml,No regulation
5037200101621,Oh K! 23ml Sheet Mask Vitamin C Watermelon,No regulation
5024071210224,Aspar Paracetamol 500mg 16 Caplets,GSL
5030104005149,Jakemans Cherry Soothing Menthol Lozenges 72g,No regulation
5013692261968,Baby Shark Bath Fizzer,No regulation
5029053577333,Huggies Biodegrable Baby Wipes 48 Pack,No regulation
0615908428667,Tigi Bed Head Rockaholic Amped Up Firm Hold Mousse 200ml,No regulation
5011417558416,Dettol Liquid Anti-Bacterial Hand Wash Soothing Aloe Vera 250ml,No regulation
5060215551686,Peppa Pig Kids 20 Plasters,No regulation
5025903022862,Careway Cetirizine Dihydrochloride Allergy & Hay Fever Relief 14 Tablets,GSL
5054805039364,Simple Pure Soap for Sensitive Skin 100g,No regulation
5025135119064,Malibu SPF30 Lemon Lip Balm 4g,No regulation
5038483739020,Durex Thin Feel Condoms 3 Pack,No regulation
5012233096342,Sportstar Body Spray Ultra 150ml,No regulation
8712561698528,Vo5 Smoothly Does It Shampoo 250ml,No regulation
5017353500731,Galpharm Diarrhoea Relief 2mg 6 Capsules,GSL
5050895061001,Athena Nail Brush,No regulation
5053249250021,Masterplast Blue Plasters 60 Pack,No regulation
59085720,Radox Therapy Chamomile Bath Bomb,No regulation
4987072028681,Kool N Soothe Cooling Gel Sheet,No regulation
5012233097127,Sportstar Body Spray Ice Blue 150ml,No regulation
50097562,Vaseline Men Roll-On Antiperspirant Deodorant 50ml,No regulation
5013692265881,Cocomelon Bath Fizzer Rainbow 150g,No regulation
5012251011617,Beauty Formulas Bikini Razors 3 Pack,No regulation
5056170313872,Jones & Co Hair Colouring Brush & Bowl Set,No regulation
50819546,Fisherman's Friend Aniseed Menthol Lozenges 25g,No regulation
5060215550313,Peppa Pig Hand & Body Wipes 90 Pack,No regulation
5060127507504,Treat & Ease Digital Thermometer,No regulation
5060087362861,Clear&Simple Pregnancy Test 1 Pack,No regulation
5050895167635,4MyBaby Fragranced Nappy Bags 200 Pack,No regulation
5060215551884,My Little Pony 20 Plasters,No regulation
5011417575833,Dettol Kitchen Cleaning Wipes 30 Pack,No regulation
5011597092953,Coral Exfoliating Body Puff,No regulation
3014260275921,Oral-B Toothbrush Classic Medium,No regulation
5010441002636,Numark Washproof Dressing Strips 10 x 6cm 10 Pack,No regulation
8710908182105,Alberto Balsam Tea Tree Tingle Conditioner 350ml,No regulation
50819485,Fisherman's Friend Fishermans Friend Original Lozenges 25g,No regulation
5060464500008,Flamingo Ibuprofen 200mg 16 Tablets,GSL
5051594002982,Cow & Gate Toddler Milk Drink 200ml,No regulation
5010441000885,Numark Antibacterial Hand Gel 50ml,No regulation
5010441073087,Numark Fabric Plasters 24 Pack,No regulation
5038581131511,Yankee Candle Wax Melt Sakura Blossom 22g,No regulation
4015400259459,Always Classic Pads Super with Wings 9 Pack,No regulation
5017353502469,Galpharm Ibuprofen 200mg 16 Tablets,GSL
5050895074636,Athena Exfoliating Gloves,No regulation
5050895089142,Athena Mesh Bath Brush,No regulation
5012334002549,Insette Body Spray Tabu 150ml,No regulation
5012334003034,Insette Shave Foam Cool Shave 250ml,No regulation
5014107164836,Interlude Panty Liners 30 Pack,No regulation
5026445003159,Rapport 150ml Body Spray Notorious,No regulation
5060215551952,Paw Patrol 16 Plasters,No regulation
5010441073162,Numark Clear Plasters 24 Pack,No regulation
5031413903294,Pretty Cosmetic Pads 80 Pack,No regulation
5050895067362,All About Home Spray Bottle,No regulation
3574660709599,Johnson's Body Care Soft & Fresh Unwind 250ml,No regulation
5014749160395,CS Beauty Shampoo & Scalp Massage Brush,No regulation
5060120162144,Xpel Mosquito & Insect Repellent Bands 2 Pack,No regulation
5012334001160,Insette Body Spray Ocean 150ml,No regulation
3014260807214,Oral-B Medium Toothbrush with Cap 1 Pack,No regulation
8809626560118,Beaudiani Moist Toner Tissue,No regulation
5900998006754,Carex Antibacterial Bar Soap Moisture Plus 100g,No regulation
5013692256285,Minions Bath Bomb,No regulation
5031413953145,Pretty Cotton Wool Balls Approx 100 Pack,No regulation
0032251158742,Modesa Mini Manicure Kit,No regulation
5024071270167,Aspar Ibuprofen 200mg 16 Pack,GSL
5014749125561,CS Medic Ear Plugs 5 Pairs,No regulation
4054596748293,Micropore Surgical Tape 1.25cm x 5m,No regulation
5050895113946,Dentol Denture Box,No regulation
8716900559266,Cow & Gate Infant Milk for Hungrier Babies From Birth 200ml,No regulation
8006540603802,Herbal Essences Cleanse & Volume Shampoo Bar with Coconut Oil 70g,No regulation
5012251011860,Beauty Formulas Australian Tea Tree Cleansing Wipes 25 Pack,No regulation
5050895242530,Athena 4 in 1 Pedicure Tool,No regulation
5024071210255,Aspar Paracetamol 500mg 32 Caplets,P
5038581113913,Yankee Candle Wax Melt Last Paradise 22g,No regulation
5012251012294,Beauty Formulas Argan Oil Facial Cleansing Wipes 30 Pack,No regulation
5026445000462,Rapport Body Spray Black 150ml,No regulation
5023674201417,Country Club Face Cloth,No regulation
8710908422683,Radox Feel Ready Pomegranate Handwash 250ml,No regulation
5014107164843,Interlude Ultra Pads Night 10 Pack,No regulation
5010232967472,Durex Extra Safe Condoms 3 Pack,No regulation
5012334005786,Insette Shave Foam Sensitive Shave 250ml,No regulation
5025135118579,Malibu SPF 30 Lip Balm Watermelon 4g,No regulation
3616302970254,Max Factor Masterpiece Monos Eyeshadow Dreamy Auro 02,No regulation
5025903023159,Careway Skin Closure Strips 8 Pack,No regulation
8901030005015,Pears Soap Bar 75g,No regulation
0079181911375,Revlon Accent Lashes 91137 A05,No regulation
4015400205166,Always Ultra Thin 3in1 Wings 10's,No regulation
5014749124342,CS Medic Ankle Support Size M,No regulation
8710908678615,Impulse Instant Crush Body Spray 75ml,No regulation
96083482,Soft & Gentle Pink Cotton Jasmine & Coco Milk Roll-On Deoderant 50ml,No regulation
5011597002228,Coral Massage Sponge,No regulation
5020535002503,Hygienics Anti-Bacterial Hand Gel 100ml,No regulation
5038581131467,Yankee Candle Wax Melt Berry Mochi 22g,No regulation
5014749181789,Soap Dish (Assorted Colours),No regulation
5050895089128,Athena Body Mesh Loofah 3 Pack,No regulation
5014749124304,Cs Medic Ankle Support Large,No regulation
5014749181765,CS Beauty Exfoliating Face Sponge,No regulation
5037200107883,Oh K! 25ml Sheet Mask Peptide,No regulation
5030104005064,Jakemans Throat & Chest Soothing Menthol Lozenges 73g,No regulation
5000167056556,Nurofen 200mg 8 Tablets,GSL
5026445002473,Amplex Roll on Deodorant Black for Men 50ml,No regulation
0033000005980,Revlon Nail Polish Super Lustrous Iced Mauve 14.7ml,No regulation
5060120163219,Medipure Baby Powder 200g,No regulation
6001067022558,Colgate Extra Clean Toothbrush Medium,No regulation
5000453123085,Powerkick Caffeine 40 Tablets,No regulation
5038581131504,Yankee Candle Wax Melt Tranquil Garden 22g,No regulation
96043509,Halls Citrus Sugar Free 32g,No regulation
5060013941023,Bristol Aspirin 75mg Gastro-Resistant 28 Tablets,GSL
8809626560217,Beaudiani Velvet Facial Cleansing Sheet,No regulation
5011417569566,Dettol Antibacterial Cleansing Surface Wipes 30 Large Wipes,No regulation
5012334003768,Insette Body Spray Density 150ml,No regulation
5028270000372,Simply Cotton Round Cotton Wool Cosmetic Pads 80 Pack,No regulation
4027800571109,Wilkinson Sword Xtreme 3 Beauty Ladies Disposable Razors,No regulation
4030300573016,Vicks Vapodrops Ice Tea Peach 42g,No regulation
5060191553346,Soft & Silky Knots No More Detangling Brush & Pot,No regulation
5026445003135,Rapport Body Spray Chrome 150ml,No regulation
8852961012422,Playboy Classic Condoms 3 Pack,No regulation
5056170343497,Jones & Co Styling Hair Grips 60 Pack,No regulation
5038581113944,Yankee Candle Wax Melt Tropical Strarfruit 22g,No regulation
5060480201125,Georganics Toothpaste Spatulas 1pcs,No regulation
5011417554890,Dettol Sensitive Soap Bar 100g,No regulation
5025135118944,Malibu Spf 30 Lip Balm Mango 4g,No regulation
5010441014271,Numark Hay Fever Relief Cetirizine 10mg 14 Tablets,GSL
5010441073247,Numark Fabric Dressing Strips 1m x 6cm,No regulation
5054563023841,Sensodyne Rapid Relief Daily Fast Relief Toothpaste with Fluoride 15ml,No regulation
5025903021872,Careway Stretch Bandage 5cm,No regulation
50173686,Extra Spearmint Gum 10pcs,No regulation
5010441072967,Numark Washproof Plasters 24 Pack,No regulation
4015600222529,Wella Professional Brilliance Treatment Fine/Normal Hair 15ml,No regulation
5025903022428,Careway Waterproof Plasters Assortment 20 Pack,No regulation
5028763011885,Wisdom Toothpaste Xtra Clean 75ml,No regulation
5050895015424,Zazie Assorted Emery Boards Nail Files 30 Pack,No regulation
5034660508021,Halls Soothers Peach & Raspberry 45g,No regulation
59085713,Radox Therapy Lavender Bath Bomb,No regulation
5024071260038,Aspar Paracetamol 500mg 16 Capsules,GSL
50398447,VO5 Rework Putty 30ml,No regulation
5050895213332,Athena Shower Caps 4 Pack,No regulation
5020535019457,Hygienics Hand Gel 236ml,No regulation
8693495033770,Palmolive Mild Chamomile Soap Bar 90g,No regulation
87342789,Vaseline Lip Therapy Limited Edition Mirror Mirror 20g,No regulation
5391533382653,Kit & Kaboodle Toothbrush & Travel Case,No regulation
5037741980006,Classics Nail Polish Remover 150ml,No regulation
5038581109244,Yankee Candle Wax Melt Mango Peach Salsa 22g,No regulation
5060130449709,Clinell Antimicrobial Hand Wipes 8 Wipes,No regulation
5029053582757,Kleenex Plastic Free Anti Bacterial Wipes 12 Pack,No regulation
5060087362854,Clear & Simple 3 Pregnancy Test Strips,No regulation
5010441000281,Numark Paracetamol 500mg 16 Tablets,GSL
8693495034180,Palmolive Milk & Honey Soap Bar 90g,No regulation
8710908471667,Dove Cream Oil Beauty Bar 100g,No regulation
5010455063135,Halls Soothers Cherry Juice 45g,No regulation
8809430537399,Pack-age Melt Me Softly Nose Strip 5ml,No regulation
5010994819682,Hello Kitty Firefly Fluoride Anti-Cavity Toothpaste 75ml,No regulation
5030104004944,Jakemans Honey & Lemon Soothing Menthol Lozenges 41g,No regulation
5028270000358,Simply Cotton Cotton Wool Cleansing Balls White 100 Pack,No regulation
5060013943454,Bristol Ibuprofen 200mg BP 16 Tablets,GSL
5025135119071,Malibu SPF 30 Lip Balm Mint 4g,No regulation
8693495034111,Palmolive Green Tea & Cucumber Soap Bar 90g,No regulation
8710908541926,Radox Frozen Handwash 250ml,No regulation
5050895242677,Zazie Hair Styling Comb Set 10 Piece,No regulation
5060202711277,Taylor & Taylor Nail Polish Remover 250ml,No regulation
5038581113975,Yankee Candle Wax Melt Beach Escape 22g,No regulation
0079181911337,Revlon Accent Lashes 9113 A01,No regulation
0079400204752,Toni & Guy Damage Repair Shampoo 50ml,No regulation
5014107164096,Interlude Tampons Super 16 Pack,No regulation
0079181911122,Revlon Define Lashes 91112 D22,No regulation
0079181911139,Revlon Define Lashes 91113 D40,No regulation
5010058057326,Ultra Four Layer #1 Ultra Soft Bandages 10cm x 3.5m,No regulation
0079181910934,Revlon Define Lashes 91093 D01,No regulation
5014749180270,CS Beauty Toe Nail Clipper,No regulation
50696925,Halls Soothers Original Sugar-Free 32g,No regulation
5026445000141,Cyclax Bar Soap Cocoa Butter Twin Pack 2x90g,No regulation
5010441000267,Numark Dispersible Aspirin 300mg 32 Tablets,P
5038581139944,Yankee Candle Wax Melt Snow Globe Wonderland 22g,No regulation
5030104004920,Jakemans Stick Pack Throat & Chest 41g,No regulation
5038581139920,Yankee Candle Wax Melt Winter Night Stars 22g,No regulation
40111377,Lockets Extra Strong with Menthol & Eucalyptol,No regulation
3600541978508,Garnier Ultimate Blends Argan Oil Shiny Hair Mask Treatment 20ml,No regulation
3600541978454,Garnier Ultimate Blends Olive Oil Dry Hair Mask Treatment 20ml,No regulation
0079181910620,Revlon Volumize Lashes 91062,No regulation
7622210412539,Halls Soothers Honey & Lemon 45g,No regulation
5012008734202,Cuticura 2in1 Anti Bac Hand & Nail Cream 75ml,No regulation
5017289002545,Softy Allergy Wipes 40 sheets,No regulation
5038581126616,Yankee Candle Wax Melt Tree Farm Festival 22g,No regulation
5010441012864,Numark Plain Gauze Swabs BP 75mm x 75mm 5 Pack,No regulation
5038581131474,Yankee Candle Wax Melt Sweet Plum Sake 22g,No regulation
5019091500462,Reo Beauty Soap Bar Antiseptic 80g,No regulation
5407007650477,Bambaw Razor blades 5 Pack,No regulation
8001090122353,Always Dream Ultra Night Wings 5's,No regulation
0079400263360,Toni & Guy Intense Softness Shampoo for Normal Hair 50ml,No regulation
5038581139937,Yankee Candle Wax Melt Spun Sugar Flurries 22g,No regulation
5038581109428,Yankee Candle Wax Melt Coconut Splash 22g,No regulation
5038581126647,Yankee Candle Wax Melt Christmas Cocoa 22g,No regulation
5010455063142,Halls Soothers Blackcurrant 45g,No regulation
5013748091631,Masterplast Fabric Plaster Strip 6cmx1m,No regulation
8412497486076,Peppa Pig Cup,No regulation
5013748091600,Masterplast Waterproof Plaster Strip 6cmx1m,No regulation
8006540084199,Herbal Essences Hydrate Concentrate Coconut Milk Hair Mask 25ml,No regulation
5014749816070,CS Beauty Brown Hair Net,No regulation
76111570,Dextro Energy Lemon+ Vitamin C 47g,No regulation
50985098,Halls Extra Strong 33.5g,No regulation
5011597001634,Coral Baby Sponge,No regulation
5034660508038,Halls Soothers Strawberry 45g,No regulation
5011597001627,Coral Bath Sponge,No regulation
0309973103061,Revlon Kiss Lip Creme Blush,No regulation
5050895239479,Zazie Nail Clippers,No regulation
50658053,Halls Sugar Free Cherry Menthol Action 32g,No regulation
40099361,Extra Peppermint Gum 14g,No regulation
50159086,Lockets Honey & Lemon 41g,No regulation
5010441030998,Numark Dispersible Aspirin 75mg 28 Tablets,P
5029115011126,A+E Assorted Clear Washproof Plasters 20 Pack,No regulation
5014749180775,CS Beauty 4 Way Nail Buffer Block,No regulation
5391533383094,Kit Kaboodle Tear-Off Sponges,No regulation
5031413921861,Quest Washable Face Covering 3 Pack,No regulation
5031413921915,Washable Face Covering 1 Pack,No regulation
8001841559094,Aussie Shot SOS Moisture 25ml,No regulation
5050895242103,Zazie Eyebrow Tweezers,No regulation
5014749830915,CS Beauty Nit Comb 2 Pack,No regulation
5060130443196,Clinell Antimicrobial Hand Wipe Sachet 1 Wipe,No regulation
5011842112030,Bassetts 12-18 Multivitamins Omega 3 30 Gummies,No regulation
5010441000083,Numark Antihistamine 28 Tablets,P
8720181222467,DOVE CARE NATURE 225ML S/GEL IN AVOCADO,No regulation
0894147000821,Sliquid Organics Natural Gel Thick Lubricant-125ml,No regulation
5036631008110,Forceval 90 Capsules,P
4042809016963,WRIST BRACE R ACTIMOVE 7281950 EXLGE,No regulation
8006540893524,Oral-B Refills C/Action Blk X-Filaments 4,No regulation
0878941003073,Trace Mineral Liquid Ionic Iodine Drops,No regulation
8809598455320,Cosrx - Pure Fit Cica Cream - Soothing Cream for Sensitive Skin - 50ml,No regulation
7317400026084,TEPE ORTHO KIT (1),No regulation
8435465324149,BTB Water Based Cool Feeling Lubricant 250ml,No regulation
5050375119666,Masterplast 70g Heat Massage Cream,No regulation
5012583211860,Got2B Volumania Hairspray 300ml,No regulation
5010441016350,Numark Ultra Soft tissues 90 Pack,No regulation
4001638579926,PomegranateRegeneratingBodyButterNEWQ4,No regulation
5011417890431,Gaviscon Double Action Mixed 48 Tablets,GSL
3282770209402,Avène Les Essentiels Revitalising Nourishing Cream 50ml,No regulation
5060391848174,Dr. Organic Guava Glow Getter Gift Set3 Pack,No regulation
0782126003041,Natracare Night Time Maxi Pads 10pc,No regulation
5034511010789,Glow & Protect SPF30 + Self Tan NEW,No regulation
0658556010754,Wild Nutrition Vegan Protein & Superfood Blend Protein Powder 350g,GSL
5037200005370,OH K! SHEET MASK LAVENDER 10/24,No regulation
0708002400629,Faith In Nature Jojoba Conditioner 400ml,No regulation
8001090036551,Clearblue Visual Early Detection Test 2 Test,No regulation
9314839010071,SunSense Kids 125ml,No regulation
5000231039546,Brylcreem Tub Original Red 250ml,No regulation
5017353504104,Galpharm Sleep Aid 50mg 20 Tablets,GSL
5060259570681,Gold Collagen Artron Collagen Extreme,No regulation
5031413932201,Face Facts Printed Eye Patches Recharge & Recover 2 pairs,No regulation
3282770390766,Klorane Oat Milk Dry Shampoo With Ceramide-Tinted 150ml,No regulation
4042809016727,WRIST BRACE L ACTIMOVE 7281944 MED,No regulation
7702018851294,GILLETTE FUSION MANUAL BLADES (4S),No regulation
5026445001605,"Rapport Black 100ml Edt Spray, 150ml Shower Gel, 100ml Aftershave Balm & Wash Bag set",No regulation
8719134152616,Rituals Karma Body Mask 125ml,No regulation
5011417568996,Strepsils Honey & Lemon Triple Act 24 Lozenges,GSL
5010724538586,Batiste Leave-In Dry Conditioner 100ml Blush,No regulation
5709976245501,Pharma Nord Bio-Pycnogenol 40mg 150 tabs,No regulation
0071409542484,Mane 'n Tail Curls Day - Curl Refresher Spray 3.4oz,No regulation
5011309081817,Brolene Eye Drops 0.5%,P
4015400684534,Always Infinity Night Srp 10s,No regulation
0850030689252,Revive Liver - 120 vcaps,No regulation
5060664500143,HuxQ10 100mg Co Enzyme Q10 Vegan Halal Kosher 30 soft capsules,No regulation
0878941004490,Trace Mineral Keto Electrolyte Drops,No regulation
8886467064371,Lux Soap 3x80g Aqua Sparkle,No regulation
8718951311688,Colgate Smile for Good Whitening Eco Toothpaste 75ml,No regulation
0658556116593,Botanicals For Life Agroecological Ashwagandha Extract 100ml,No regulation
5060120177179,Serene Moments Relaxing Nights Set,No regulation
0017854109421,B&H Royale Garden 2 Bottle Set 1,No regulation
5028763008175,Wisdom Toothbrush Xtra Clean Medium Cdu 12,No regulation
4051895032290,FRESUBIN JUCY STR PK VARIOUS FLAVOURS (6X200ML),No regulation
5055757901563,Fushi Turmeric Juice 500ml,No regulation
5060203796310,Terranova ResveraSol Resveratrol Complex (BioSNEDS) 100's (NEW PRODUCT),No regulation
5060133376415,Cl-ear Ear Spray 10ml,GSL
8001090700919,Pampers baby dry pants size 4 23 Pack,No regulation
3574661433790,Imodium 2mg 12 Capsules,GSL
3662042009907,Blephaderm Eyelid & Eye Contour Cream 40ml,No regulation
0672975192143,Mad Hippie Triple C Night Cream 60g,No regulation
5060571822154,The Good Guru Vegan Collagen 60 Capsules,No regulation
8008970043081,Wash & Go Shampoo 2 in 1 200ml Sport,No regulation
5012583205623,LIVE Urban metallics U69 Amethyst chrome permanent hair dye,No regulation
4086000012003,Fresubin Energy Protein Drink Tropical 4 x 200ml,No regulation
5053944916291,COCOMELON LUNCH BOX SNACK POT,No regulation
8001841835853,Clearblue Ultra Early Pregnancy Test 2ct,No regulation
8809598451506,Cosrx - Pure fit Cica Serum - Soothing Serum for Sensitive Skin - 30ml,No regulation
3600524077389,L'Oreal Hyaluron Expert Day SPF20 50ml,No regulation
4987072058558,Hothands Foot Warmers 2 Pack,No regulation
4086000013529,FRESUBIN 2KCAL FIBRE DRINK LEMON 4PACK (4X200ML),No regulation
8720181270390,Radox Bath Sleep Aromatherapy Bath Soak 500ml,No regulation
5709976257207,Pharma Nord Q10 Phyto Bio-Quinone - 100mg 60 caps,No regulation
5017978000067,Probio 7 Asia Travel 20 Vegcaps,No regulation
50074457,Snoreeze Nasal Spray 10ml,GSL
5031413928600,Face Facts Multi-Purpose Balm Natural Nude 15ml,No regulation
5026445002923,Rapport Original 150ml Bath & Shower Gel & 150ml Body Spray Twin Set,No regulation
5010934004215,VAGISIL EXTERNAL PROHYDRATE GEL (30G),No regulation
0708002400124,Faith In Nature Rosemary Conditioner 400ml,No regulation
9329401000244,Pure Paw Paw 15g Ointment,No regulation
5056175973781,Pristine Gleam Complete Dental Travel Set,No regulation
5051594006850,Aptamil Milk Comfort From Birth 800g,No regulation
3282770209396,Avène Les Essentiels Rich Revitalising Nourishing Cream 50ml,No regulation
3701056800404,Puressentiel Respiratory Cough Syrup 125ml,No regulation
5054805042555,Witch Refreshing gel cleanser 150ml,No regulation
5025452000830,Salt of the Earth Ginger & Jasmine Deodorant Spray 100ml,No regulation
8720181468391,Dove Body Wash 450ml Fruity Nourish,No regulation
5028763013742,Wisdom Natural Elements Toothpaste 75ml,No regulation
5056175911752,Pristine Gleam Floss Picks 75 Pack,No regulation
5701943100110,Riemann P20 Original Sun Cream SPF20 200ml,No regulation
8886467064388,Lux Soap 3x80g Bright Impress,No regulation
42277347,Nivea Men Gift Set Cracker 3pk 31/05/24 (C),No regulation
5016379291883,Ibuleve Max Strength Pain Relief 10% 50g,GSL
5000158066809,Nurofen for Children Baby Orange 100ml,GSL
8005610642642,Wella Professional Invigo Shampoo Refresh Wash with Menthol 250ml,No regulation
5055586607155,Eight Triple Eight Dead SeaMinerals Conditioner 1L,No regulation
5012583200765,Right Guard APD 250ml Clean,No regulation
0782126003102,Natracare Ultra Pads Long Wings 10pc,No regulation
5060677906116,Starlytes Oil Burner Christmas & Tealight Set,No regulation
5028763009455,WISDOM FRESH EFFECT WHITENING TOOTHPASTE (100ML),No regulation
5055757901310,Fushi Vegan Collagen Builder 120caps,No regulation
3600524143060,L'Oreal Elvive Nutrigloss Conditioner 200ml,No regulation
0733739012838,NOW Foods Magnesium 180 vcaps,No regulation
5050375050167,Masterplast Fabric Plasters Assorted 100pk,No regulation
5056555200551,"Applied Nutrition Hair, Skin & Nails 30 Capsules",No regulation
4717237017829,I-M Knee Support ES-701 Large,No regulation
3574661653488,Aveeno Baby Dermexa Moist Wash 250ml,No regulation
5014697010711,Witch SPF 15 Day Moisturiser,No regulation
5025135000652,Tropics by Malibu SPF50 Anti-Aging Face Cream 40ml,No regulation
5060104170714,YES Anal Water- Based Natural Personal Lubricant,No regulation
5000158069473,Optrex Actimist 2in1 Eye Spray 10ml,GSL
4042809016932,WRIST BRACE R ACTIMOVE 7281949 LGE,No regulation
0071409542422,Mane 'n Tail Curls Day - Defining Cream 6.5oz,No regulation
0017854123045,Baylis & Harding Goodness Sleep Goodnight Gift Set,No regulation
5015802278231,MEDIUM CANDLE JAR DUVET DAYS,No regulation
5000347078828,NIQUITIN STEP 2-7 DAY PK GSL 14MG (7S),No regulation
5060342242297,GLUCORX AIDEX TRANSMITTER (1),No regulation
7702018619696,Gillette Shave Gel 200ml Series Mens Cleansing Charcoal,No regulation
3574660667790,Sudafed Mucus Relief 16 Tablets,GSL
5055757900122,Fushi Organic Ghee 230g,No regulation
4103040149640,Sebamed Baby Shampoo 500ml,No regulation
5056175904686,Pristine Gleam Universal Power Toothbrush Heads 2 Pack,No regulation
8710447309421,SIMPLE 21ML SHEET MASK WATER BOOST,No regulation
5060201410102,"Sugar Coated Bikini Hair Removal Kit with 200g Jar, 3 Applicators & 15 Reusable Strips",No regulation
8720181222535,DOVE CARE NATURE 225ML S/GEL RE GOJI&CAM,No regulation
5010441013564,Numark Vitamin D 60 Tablets,No regulation
5000158069794,"Nurofen for Children Child Cold, Pain & Fever Strawberry Flavour 100ml",P
5055757900139,Fushi Organic Ghee 420g,No regulation
8716900557774,Nutricia Pre-Op Drink 4x200ml,No regulation
5000158066793,Nurofen Baby Suspension Strawberry 100ml,GSL
3600523388240,L'Oreal Magic Retouch 10 Golden Brown,No regulation
5015802286892,LARGE CANDLE JAR PERFECT DAY,No regulation
5038581120645,Yankee Candle Home Inspiration Cider Tasting 538g,No regulation
5054805042579,Witch Cleansing Witch Hazel Toner 150ml,No regulation
8700216365611,Oral-B Pro Expert Deep Clean Flosstape 50m,No regulation
8720182783059,Lynx Duo Gift Set Epic Fresh (C),No regulation
5011309268416,Care+ Ibuprofen 400mg 48 Tablets,P
0714924022863,Jamaican Mango & Lime 118ml Black Castor Oil Argan,No regulation
4001638097499,SeaBuckthornHandCream,No regulation
5037353004701,Skins Super Slide Silicone Based 4.4 fl oz (130ml),No regulation
8006540948262,Oral-B Toothpaste 123 Whitening 100ml,No regulation
5060112865398,Fushi Organic Red Ginseng 60caps,No regulation
5000283652564,Fexofenadine 120mg 30 Tablets,GSL
5060112865671,Fushi Organic Triphala 60caps,No regulation
0708002400674,Faith In Nature Jojoba Body Wash 400ml,No regulation
0010181048029,Palmers Cocoa Butter Formula 400ml Length Retention Conditioner,No regulation
5010123718855,CALPOL SACHETS S/FREE (5ML X 20),No regulation
5055757971481,Fushi Organic Tamanu Oil 50ml,No regulation
5011091102547,Oilatum Plus 500ml,GSL
4086000010863,FRESUBIN 1500 COMPLETE (1.5L),No regulation
8809598450981,COSRX - AC Collection Acne Patch - Healing Eczema Patches with Centella Asiatica Extract - 26pcs,No regulation
5015802286847,MEDIUM CANDLE JAR SWEET MACAROONS,No regulation
5015802289831,CANDLE GERANIUM PATCHOULI & VETIVERT,No regulation
0714924022559,Jamaican Mango & Lime 118ml Black Castor Oil Original,No regulation
4086000012164,FRESUBIN ENERGY FIBRE DRINK CHERRY 4PACK (4X200ML),No regulation
5000158102330,Nuromol Tablets 12,GSL
5011842113907,Bassetts 12-18 Years Multivitamins 30 Gummies,No regulation
4005900543738,Nivea Deo Spray 150ml Women Black & White Silky Smooth,No regulation
5701943102831,Riemann P20 Original Sun Cream SPF 30 100ml,No regulation
5060112865039,Fushi Organic Siberian Ginseng 60caps,No regulation
5012335113305,Haliborange Calcium + Vitamin D Softies 30,No regulation
5038483844540,SCHOLL SOFTGRIP C2 KNEE O/TOE NAT (SML),No regulation
5037200101690,OH K! 20ML SHEET MASK CUCUMBER CALM AND COOLING,No regulation
5037353004862,Skins Aqua Water Based 4.4 fl oz (130ml),No regulation
4717237011414,I-M Compression Knee Support with Stays Dynamic SS-709 X-Large,No regulation
5060464502521,Diphenhydramine 25mg 20 Pack,P
6936983111942,2san bowel cancer rapid test 1pk,GSL
3282770388336,Avène Tolerance Hydra-10 Moisturising Cream 40ml,No regulation
9343359000002,Glyde Ultra Vegan Condoms 100 Bulk Pack,No regulation
5038581159089,Yankee Candle Home 200g Pumpkin Candle,No regulation
3574661652214,Aveeno Baby Soothing Relief Cream 150ml,No regulation
4086000012133,Fresubin Energy Fibre Drink Banana 4 x 200ml,No regulation
5025452001820,Salt of the Earth Deo Rollon - Vetiver & Citrus 75ml,No regulation
9339341018711,Kevin Murphy Killer Curls Anti-Frizz Creme 200ml,No regulation
4086000007078,FRESUBIN ENERGY FIBRE [EASYBAG] (500ML),No regulation
8435465324194,BTB Water Based Lubricant 1000ml,No regulation
5055148412760,Bio-Iron Complex (With Vitamin B12 & L-Lysine) 120 Tablets,No regulation
5900998004163,Carex Handwash 250ml Moisture Plus,No regulation
4717237020270,I-M Neoprene Padded Knee Support NS-702 X-Large,No regulation
4717237011407,I-M Compression Knee Support with Stays Dynamic SS-709 Large,No regulation
5011417583210,Nuromol 12 Tablets,GSL
5012008404600,CUTICURA BAR SOAP 100G,No regulation
5900998000349,Carex Handwash 250ml Sensitive,No regulation
5060070320069,Nebuliser Paed Face Mask Set Ao3,No regulation
5011842112184,Bassetts Adult Multivitamins 30 Gummies,No regulation
5060112863356,Fushi Calmaid 60caps,No regulation
0022600020394,Trojan Magnum Ribbed 12's,No regulation
5060259572265,Gold Collagen Forte Ageless 10 x 50ml,No regulation
7322542027752,Bodyform Ultra-Fit Normal Winged 14 Pack,No regulation
4042809384482,ACTIMOVE WRIST WRAP 7341619 SM/MED,No regulation
3600540569394,Garnier Ambre Solaire Bronze Body Mist 150ml,No regulation
4210201387510,Oral-B Spider-Man Vitality Toothbrush 3+ 1,No regulation
8720181222627,DOVE CARE NATURE 225ML S/GEL RES COCO&AL,No regulation
60019424,Garnier Roll On 50ml For Men Sensitive (8x6),No regulation
8001841971414,ALWAYS ULTRA LONG WINGS 12'S,No regulation
5022545133031,Bathtime Buddies 150g Dino Bath Bomb,No regulation
3600524084035,L'Oreal Elvive Full Resist (Aminexil) Brush Proof Cream (Push/Pull) 200ml,No regulation
0768990037900,"Nordic Naturals Ultimate Omega, 1280mg Lemon (EAN 768990037900) - 180 Softgels",No regulation
5056175911769,Pristine Gleam Denture Brush,No regulation
5015802289855,CANDLE SANDALWOOD CARDAMOM & OUDWOOD,No regulation
4001638580342,SkinFoodUltra-LightDryOil,No regulation
5010123639037,Benylin Chesty Cough 300ml,P
8435465324071,BTB Water Based Lubricant Chocolate 100ml,No regulation
7702018465255,Gillette Shave Foam 250ml Fusion5 Sensitive Skin,No regulation
0017854123847,"Baylis & Harding Goodness Awaken Lime, Mint & Eucalyptus Hand & Body Lotion 500ml",No regulation
5011501080021,Deep Relief Ibuprofen Gel 50g,GSL
4103040148711,Sebamed Baby Bubble Bath 500ml,No regulation
7613038562247,SMA Anti-Reflux From Birth 800g,No regulation
0782126003140,"Natracare Panty Liners - Long, Wrapped 16pc",No regulation
5014697056979,Wrights Antibacterial handwash 250ml,No regulation
5025452001721,Salt of the Earth Deo Rollon - Ocean Coconut 75ml,No regulation
0305210043596,Vaseline Body Lotion 600ml Pump Calm Healing,No regulation
5051594006829,Aptamil Milk 2 Follow On Milk 6-12 Mth 800g,No regulation
8006540737729,"Olay Gift Set 3pc (50ml Day Cream, 50ml Night Cream & 15ml Night Eye Cream)",No regulation
3600522373278,L'Oreal Men Expert Deo 150ml Shirt Protect,No regulation
5037353004695,Skins Excite Water Based Lubricant 5ml foil,No regulation
5035559026107,Endekay Daily Flouride Rinse 250ml,No regulation
3600522373193,L'Oreal Men Expert Deo 250ml Shirt Protect,No regulation
4042809054132,soffcrepe bandage 4.5m (10cm),No regulation
5036100015892,Imuderm Emollient 500g,No regulation
8718951361270,COLGATE TOOTHBRUSH COMPACT BLACK (1),No regulation
4051895003764,FRESUBIN HP ENERGY FIBER DRINK (500ML),No regulation
5019091501193,Revitale Body Wax Strips for Normal & Sensitive Skin 12 Pack,No regulation
5037353004732,Skins Mango & Passion Fruit Water Based Lubricant 5ml foil,No regulation
5060201410119,"Sugar Coated Facial Hair Removal Kit Lavender with 200g Jar, 3 Applicators & 15 Reusable Strips",No regulation
5015802278293,LARGE CANDLE JAR GOLDEN HOUR,No regulation
5054563929174,Voltarol Emulgel 100g,P
0810071800153,Breathe Right Natural large 30 Pack,GSL
5025135120572,Malibu Clear Protection Spray SPF50 200ml,No regulation
8718951215689,Palmolive Shower Gel 500ml Coconut,No regulation
8006540687444,Seven Seas Omega 3 & Multivitamins Man 60,No regulation
5060112861727,Fushi Organic Sweet Almond Oil 100ml,No regulation
5038581109886,Yankee Candle Home Inspiration Coral Peony 104g,No regulation
3435172191039,QUIES EARPLUG FOAM MINI (3 PAIRS),No regulation
5017007600961,Periactin 4mg 30 tablets,GSL
5025364004759,Tidyz Nappy Bags Tie Handle 100 Pack,No regulation
3574661366258,Benylin Dry & Tickly Cough 300ml,GSL
8006540584040,Always Ultra Normal Wings 13ct,No regulation
8710522939390,SIMPLE BOOK OF TREATS G/S 1,No regulation
5016870225318,Kinetik Advanced Wrist Blood Pressure Monitor,No regulation
5038581158242,Yankee Candle Home Inspiration City Blooms 104g,No regulation
0782126003003,Natracare Panty Liners - Mini 30pc,No regulation
5026445002183,"Rapport Original 100ml Edt Spray, 150ml Shower Gel, 150ml Aftershave Balm & Wash Bag set",No regulation
5037353006439,Skins Fusion Silicone Lubricant 4.4 fl oz (130ml),No regulation
5031413930900,Face Facts Vitamin C Cleansing Balm 50ml,No regulation
5028763008786,WISDOM EASY SLIDE FLOSSERS Y SHAPED (30S),No regulation
0753950000292,Quercetin Bromelain 180 Veggie Capsules,No regulation
5010724538562,Batiste Leave-In Dry Conditioner 100ml Original,No regulation
5038581065908,Yankee Candle Home Inspiration Pink Island Sunset 104g,No regulation
0708002401114,Faith In Nature Hemp & Meadowfoam Shampoo 400ml,No regulation
3574660542592,Listerine Reach Interdent Firm Duo Pack Duo,No regulation
5701943053140,Riemann P20 Sunfilter SPF 50+ Spray 100ML,No regulation
5026445002190,Rapport Sport 100ml Edt & 150ml Body Spray Twin Set,No regulation
5017353502568,Galpharm Ibuprofen 400mg 48 Caplets,P
4005808663798,Nivea Deo Spray 150ml Men Sensitive Protect,No regulation
96195796,Beauty Kitchen TS Sensitive Solutions SOS Skin Shield+ 50ml,No regulation
8718951528208,Palmolive Shower Gel 250ml Kids Almond,No regulation
8700216116619,Always Discreet Pants Normal/Large 7,No regulation
5038581158334,Yankee Candle Home Inspiration Calming Cabana 104g,No regulation
8005610642406,Wella Prof Invigo Shampoo Aqua 250ml,No regulation
5060342240569,GLUCORX SAFETY LANCETS 23G 2.2MM (100),No regulation
4001638530095,StretchMarkBodyButter,No regulation
0782126003546,Natracare Dry & Light Inco Plus Pads 16pc,No regulation
0017854118454,Baylis & Harding Beauticology Candy Unicorn Beauty Bag Gift Set,No regulation
7927340000428,KELO-COTE SILICONE GEL SPRAY KCS100GB (100ML),No regulation
5015802278224,MEDIUM CANDLE JAR SPA MOMENTS,No regulation
5060259571602,Gold Collagen Multidose Hairlift,No regulation
9329401000510,C Lab & Co 330g Scrub Tub Coffee,No regulation
60019400,Garnier Roll On 50ml For Men Cool (8x6),No regulation
0753950000766,MSM Powder with OptiMSM 8.8 oz (250 g),No regulation
5745000836109,Ra Hygge Concentrated Reishi Liquid Extract BIO (Balance),No regulation
5028763008526,WISDOM INTERDENTAL DENTAL STICKS (100S),No regulation
5060120177155,Serene Moments Nourishing Bath Set 3pc,No regulation
8001841859149,Pampers new baby midi size 3 29 Pack,No regulation
5029219000736,Shelley 200ml Dry Shampoo Blush,No regulation
5038483844564,SCHOLL SOFTGRIP C2 KNEE O/TOE NAT (LGE),No regulation
0733739001061,NOW Foods 5-HTP 100mg - 120 vcaps,No regulation
0017854113299,Baylis & Harding Beauticology Rainbow Kisses Bath Bomb,No regulation
5060320560528,SUNVIT-D3 4000 IU (28),No regulation
50093212,Care+ Magnesium Sulphate Paste 50g,GSL
5060464500800,Loperamide 2mg (OTC) 6 Tablets,GSL
5037353004718,Skins Super Slide Silicone Based Lubricant 5ml foil,No regulation
5030104005125,JAKEMANS MENTHOL & EUCALYPTUS (73G),No regulation
5010441013663,Numark Magnesium & B6 30 Tablets,No regulation
5011501016358,Deep Heat Warming Belts 2 Pack,GSL
0860004025207,Mad Hippie Microdermabrasion Facial 60g,No regulation
4051895003788,FRESUBIN HP ENERGY FIBER DRINK (1000ML),No regulation
7614700034635,Pernaton Cooling gel 50ml,No regulation
0732068579975,Original Chewy Ginger Chews 40g,No regulation
5060217401897,EPIMAX ORIGINAL CREAM (100GM),No regulation
5060738578696,BABY SHARK KIDS FIRST AID KIT 40PC 03/27,No regulation
96075463,snoreeze throat spray 14ml,GSL
5055148406257,Devil's Claw Extract 450mg 60 Tablets,No regulation
5060903874585,"Brushworks Luxury Satin Pillowcase, Scrunchie & Sleep Mask Sleep Set",No regulation
8716900573255,Nutricia Fortisip Compact Protein Drink 125ml Neutral 4 Pack,No regulation
5017807003511,colief infant drops 7ml,GSL
5038581070582,Yankee Candle Home Inspiration Gingered Apples 538g,No regulation
5055757900757,Fushi Organic Black Seed Oil 250ml,No regulation
5017353504760,Galpharm Paracetamol 500mg 16 Tablets,GSL
4051895000329,FRESUBIN POWDER EXTRA STRAWBERRY (7X62G),No regulation
0782126003607,Natracare Nursing pads 26pc,No regulation
8006540409527,HEAD&SHOULDERS 275ML COND NUTRIT,No regulation
5038581149264,Yankee Candle Home Inspiration Bubble Time 104g,No regulation
5025903007722,IBUPROFEN GEL 5% [AAH] (30GM),No regulation
8700216480444,Vicks Vaporub Easy Applicator 35g,GSL
5000101508011,Original Source S/Gel 250ml Lavender,No regulation
5036631008042,Forceval 30 Capsules,P
0000000017664,I-M Elastic Wrist & Thumb Support ES-403 Small,No regulation
4086000009935,FRESUBIN 2250 COMPLETE EASYBAG (1500ML),No regulation
5060342241665,GLUCORX Q TEST STRIPS (50),No regulation
7350121256712,TePe Interdental Brush 0.45mm Orange 6s (New Pack),No regulation
5028763009493,Wisdom Step By Step 75ml Childrens Toothpaste 0-3 Years,No regulation
5029219000743,Shelley 200ml Dry Shampoo Original,No regulation
0658556116869,Botanicals For Life Organic Dandelion Root Extract 50ml,No regulation
5017848253968,Bells Dual Action Dry Cough 10mg/5ml 200ml,P
9340800011082,Grown Alchemist Mask Regenerating Gel 75ml,No regulation
9339341018285,Kevin Murphy Hair Volumiser Lotion 150ml,No regulation
4051895000336,FRESUBIN POWDER EXTRA VANILLA (7X62G),No regulation
9340800010955,Grown Alchemist Body Cream Restorative 120ml,No regulation
9340800011105,Grown Alchemist Mask Skin Renewal 75ml,No regulation
5054563059918,Zovirax Cream Clip Strip 2g,GSL
50601486,Numark Menthol 5g,No regulation
5060999810795,BeautyPro HYDRATEST Skin Analysis Device,No regulation
8700216433242,Seven Seas Jointcare Collagen Duo 60,No regulation
5054563947253,Otrivine Congest Relief Nasal Spray 10 Ml,No regulation
5026445000714,Rapport Original 100ml Edt & 150ml Body Spray Twin Set,No regulation
8718951248656,Palmolive Shower Gel 500ml Sensitive Skin Milk,No regulation
5025135112713,Malibu Dry Oil Gel SPF8 200ml,No regulation
0733739047052,NOW Foods Green Tea Extract 100vcaps,No regulation
4987072014103,Kool N Soothe Migraine 4 Sheets,GSL
4084500477452,Clearblue Visual Rapid Detection Test 2 Test,No regulation
5010724528990,Pearl Drops 50ml Toothpaste Instant Boost,No regulation
5037353004671,Skins Aqua Water Based Lubricant 5ml foil,No regulation
5032483007295,Cms Proteqt Nasal Inhaler 2 Pack,No regulation
5702150144638,Cipralex 5mg 28 tablets,GSL
5031413919486,Face Facts Vitamin C Eye Cream 25ml,No regulation
4717237020256,I-M Neoprene Padded Knee Support NS-702 Medium,No regulation
8720181342318,DOVE 750ML CARING BATH ORIGINAL,No regulation
50469178,Beechams Cold & Flu Blackcurrant 5 sachets,GSL
5012335887503,Seven Seas Original Cod Liver Oil 150ml,No regulation
5031413929102,Face Facts Ceramide Cleanser Hydrating 400ml,No regulation
5014302000489,COLIEF BABY MASSAGE OIL (100ML),No regulation
5012616262241,BUTTERCUP BRONCHOSTOP PASTILLES (40S),GSL
5010441011423,Numark Fluconazole 150mg 1 Capsule,P
5021986000087,Vocalzones Throat Pastilles,No regulation
3331300098136,Sterimar Stop & Protect Cold Baby 15ml,GSL
8001841388724,ALWAYS DAILIES LINERS NORM 28'S 08/24,No regulation
9340800010276,Grown Alchemist Body Cleanser Energize 500ml,No regulation
8006540827208,Pampers baby dry size 3 30 Pack,No regulation
0878941006715,Trace Mineral Liquid Ionic Vitamin D3 + K2 Drops,No regulation
5025903011491,IBUPROFEN GEL 10% [AAH] (50GM),No regulation
5011309011012,Care+ Decongestant 12 Tablets,P
5025452000755,Salt of the Earth P/Free Classic Crystal Salt Deo 75g,No regulation
0017000189192,Right Guard APD Stick 4oz Xtreme Defense Classic Clean (2x6),No regulation
6973130251946,emcrepe bandage 10cm 4.5m,No regulation
4086000005944,FRESUBIN HP ENERGY EASYBAG (500ML),No regulation
5053249231716,Masterplast Blister Hydocolloid Plasters 5 Pack,No regulation
5054563947277,Otrivine Extra Dual Relief Nasal Mist 10 Ml,No regulation
4086000007054,FRESUBIN ENERGY [EASYBAG] (500ML),No regulation
5031413930368,Face Facts Joypixels 2x4.25g Lip Balm Tubes Blueberry Burst Duo,No regulation
5030104005286,JAKEMANS THROAT & CHEST SF (50G),No regulation
4051895012551,FRESUBIN 2KCAL MINI FRUITS OF THE FOREST (4X125ML),No regulation
8008970041674,Wash & Go Shampoo 2 in 1 200ml AntiD,No regulation
8718951425439,Palmolive Shower Gel 250ml Aroma Sweet Delight,No regulation
5060222471021,Optipro Pre-Injection Wipes,No regulation
9339341026754,Kevin Murphy Body Builder Volumising Mousse 400ml,No regulation
8006540221501,ALWAYS DAILIES LINERS NORMAL 56'S 06/24,No regulation
3600542081207,Garnier Micellar Cleansing Water (Sensitive) 100ml,No regulation
9326922000395,Australian Bush Flower Essences Emergency Mist 50ml,No regulation
3616301283454,MAX FACTOR NAILFINITY NAIL GEL POLISH THE ICON,No regulation
5012583205616,LIVE Urban metallics U71 Metallic silver permanent hair dye,No regulation
5060410574183,Beauty Kitchen AO Super Serum for Eye & Deep Lines 30ml,No regulation
5025970023250,Nivea Shave Gel 200ml For Men Moisturising,No regulation
8901030025464,PEARS 4X100G SOAP,No regulation
5060060213739,Astonish Bath Soak 750ml Pink Paradise,No regulation
8700216380775,Gillette APD Clear Gel Stick 70ml Champion Gold,No regulation
5025903007746,IBUPROFEN GEL 5% [AAH] (50GM),No regulation
5054563947178,Otrivine Sinus Relief Nasal Spray 10ml,No regulation
3574660438307,Aveeno Cream 300ml,GSL
5054805042593,Witch Daily blackhead clearing scrub 150ml,No regulation
5099186001708,Simple Linctus Sugar Free 2L,No regulation
9329401000541,C Lab & Co 330g Coffee & Coconut Scrub Tub,No regulation
5060112866142,Fushi Organic Shea Butter Original 200g,No regulation
5060361080054,Xailin Tears 0.1% Ha Pf Eye Drops 10ml,No regulation
5034511010284,Organic Children SPF50 Sun Cream Lavender,No regulation
5060104170653,YES Double Glide Natural Lubricant Combo Pack,No regulation
8001841053677,Always Maxi Pads Long with Wings 12s,No regulation
8886467064340,Lux Soap 3x80g Magical Spell,No regulation
5012583200819,Right Guard APD 250ml For Women Pure Sensitive,No regulation
4042809023121,elastocrepe bandage 10cm,No regulation
5025135113758,Malibu Dry Oil Spray SPF20 100ml,No regulation
5026445002961,Rapport Black 150ml Bath & Shower Gel & 150ml Body Spray Twin Set,No regulation
5010605211201,Levitra Vardenafil 20mg 4 Tablets,P
4006000089584,Nivea Lotion 250ml Irresistibly Smooth,No regulation
0605632155823,Serum Sheet Mask Gift Set,No regulation
7317400000824,Tepe Select Medium Toothbrush Single,No regulation
8033087660159,Oral Spray 20ml,No regulation
0658556116814,Botanicals For Life Organic Milk Thistle Extract 100ml,No regulation
9326922000401,Australian Bush Flower Essences Sensuality Mist 50ml,No regulation
8435465325252,BTB Cum Lubricant 250ml,No regulation
5060464503702,Loratadine 10mg (OTC) 30 Tablets,GSL
5015802291728,MEDIUM CANDLE JAR TIPSY CRANBERRY,No regulation
5051594006805,Aptamil Milk 3 Growing Up Milk 1+ 800g,No regulation
5011842112023,Bassetts 12-18 Years EPO & Multivitamins 30 Gummies,No regulation
4086000014052,FRESUBIN ORIGINAL DRINK VANILLA 4 Pack (4X200ML),No regulation
5070000991245,R.Y.M. Focus & Memory Formula,No regulation
4005900690500,Nivea Shower Gel 400ml For Men Sensitive,No regulation
93499606,Medihoney Wound Gel 10g,GSL
8809416471396,COSRX - Master Patch Clear Fit - Masking Eczema Patches - 18pcs,No regulation
0017854113329,Baylis & Harding Beauticology Let's Be Mermaids Body Wash,No regulation
3574661385495,CALPROFEN (200ML),No regulation
5060259570520,Gold Collagen RX,No regulation
8809447254388,Dr. Althea - Vitamin C Boosting Serum - Vitamin C Face Serum - 30ml,No regulation
50600212,KIKI Health Organic C8 MCT Oil 500ml,No regulation
3574661186962,Sudafed Sinus Max Strength 16 Capsules,GSL
5051562015402,Lamisil AT 1% Athletes Foot Cream 7.5g,GSL
8809447253480,Dr. Althea - Natural Radiance Essence - Brightening Facial Essence - 30ml,No regulation
4005900543745,Nivea APD Spray 250ml Women Black & White Silky Smooth,No regulation
4086000016407,FRESUBIN 5 KCAL SHOT LEMON (4X120ML),No regulation
6973130251960,emcrepe bandage 15cm 4.5m,No regulation
4005808298174,Nivea APD Spray 250ml Men Cool Kick,No regulation
3600522107385,L'Oreal Men Expert Deo 150ml Carbon Protect 5in1,No regulation
7702018943609,GILLETTE MACH 3 MANUAL DISPOSABLE RAZOR (3S),No regulation
5031413928662,FaceFacts Hydrating Gentle Cleanser 400ml,No regulation
5029053575650,Huggies pure biodegradable wipes 56,No regulation
5060209111230,WESTLAB 'MINDFUL' BATHING SALTS (1KG),No regulation
5055028387546,Enliven Fruits Hair Mask Softening 350ml,No regulation
8710447244661,DOVE 150ML A/P SPRAY INVISIBLE FLORAL,No regulation
5000347078248,NIQUITIN CLR PATCH STEP 2 14MG (7S),No regulation
5011309885019,HEDRIN 4% LOTION (50ML),P
5000167046199,Nurofen Migraine Pain 12 Tablets,GSL
4987072028568,Cura-Heat Back Pain Clip Stip,GSL
5054805042067,Bristows Tropical paradise dry shampoo 200ml,No regulation
5010605240072,Clarityn Allergy 7 Tablets,GSL
5054563216458,Sensodyne T/Paste 75ml Cool Mint,No regulation
5060203796235,Terranova NADPro NAD+ Activator Complex (BioSNEDS) 100's (NEW PRODUCT),No regulation
5055757900078,Fushi Ashwagandha with Vegan MCT Extract 60caps,No regulation
5017978104604,Probio 7 Vegan 40 Capsules,No regulation
5038581158341,Yankee Candle Home Inspiration Summer Daydream 104g,No regulation
5037353004275,Skins Strawberry 4 Pack,No regulation
5391531562125,Spotlight Oral Care Children's Sonic,No regulation
5013803999186,Vieve Collagen Protein Powder 400g,No regulation
5060519148179,Pukka Days of Christmas Calendar 2022,No regulation
5060112866166,Fushi Really Good Hair Oil 100ml,No regulation
5000158063457,FyboGel Plain 2x30 Sachets,GSL
5012583204879,LIVE Intense colour 030 Mango twist permanent hair dye,No regulation
5010058057531,ULTRA FAST COHESIVE BANDAGE 10CM 5753 (1),No regulation
5028763009387,Wisdom Step By Step Childrens Toothbrush 6+ Years Cdu 12,No regulation
5038581106953,Yankee Candle Home Inspiration Sugared Blossoms Wax Melts 75g,No regulation
5060464503689,Loratadine 10mg (OTC) 14 Tablets,GSL
8720182482129,DOVE 750ML CARING BATH SHEA BUTTER & VAN,No regulation
4042809023275,elastocrepe bandage 7.5cm,No regulation
60019196,Garnier Roll On 50ml For Men Invisible,No regulation
8712561737142,RADOX HANDWASH ANTIBAC & NOURISH 250ML,No regulation
5016379291937,Ibuleve Pain Relief Gel 5% 30G,GSL
5060428970007,Ellaone 30mg 1 Tablet,GSL
5060148523675,BetterYou Magnesium Sleep Bath Flakes 250g,No regulation
5060084170339,PROFOOT CHIROPODY FELT (1 SHEET),No regulation
3574661653402,Aveeno Baby 250ml Bath Wash Calming Comfort,No regulation
5025903024026,Careway Glucosamine MSM Chondroitin 30 Pack,No regulation
5025452000762,Salt of the Earth Deo Spray - Ocean Coconut 100ml,No regulation
0658556116661,Botanicals For Life Agroecological Valerian Extract 100ml,No regulation
5012616262227,BUTTERCUP BRONCHOSTOP PASTILLES (10S),GSL
5060342242327,GLUCORX X6 BLOOD GLUCOSE TEST STRIPS (50),No regulation
3574660455052,Listerine Stay White Mini 95ml,No regulation
8850169047024,Imperial Leather Soap Big Bar 190g (12x6s),No regulation
8436581946284,Reebok Him Mind Gift Set 100ml,No regulation
4064666302942,Wella Prof Invigo Shampoo Aqua Pure 250ml,No regulation
0731124402899,Biofreeze Pain Relief Gel 118ml,GSL
4042809023336,elastocrepe bandage 15cm 7208267,No regulation
5028763009516,Wisdom Step By Step 75ml Childrens Toothpaste 4+ Years,No regulation
8716900580109,Nutricia Fortisip Compact Protein Drink 125ml Vanilla 4 Pack,No regulation
5011417573259,Nurofen Children 7+ Orange 100ml,GSL
5034268004291,ProVen Probiotics Fit for School 28 Sachets,No regulation
5038581038957,Yankee Candle Home Inspiration Island Sunset Votive 49g,No regulation
7702018607402,Gillette Skin Face Wash Calming 140ml,No regulation
4717237011391,I-M Compression Knee Support with Stays Dynamic SS-709 Medium,No regulation
5701943102862,Riemann P20 Original Sun Cream SPF 50 200ml,No regulation
4086000014069,FRESUBIN ORIGINAL DRINK PEACH 4PACK (4X200ML),No regulation
5038581136578,Yankee Candle Home Inspiration Golden Flowers 538g,No regulation
5011309163612,Zeroderm Ointment 125g,No regulation
0714924022658,Jamaican Mango & Lime 118ml Black Castor Oil Mango Papaya,No regulation
3600524030117,L'Oreal Men Expert S/Gel 300ml Magnesium Defence,No regulation
8001090899071,Always Platinum Pads Normal Plus Sp 12s,No regulation
4051895005508,Fresubin Jucy Apple 4x200ml,No regulation
4005808407507,Nivea Sun Lotion 200ml Protect & Moisture SPF20,No regulation
5060112863363,Fushi Beauty Totale 60caps,No regulation
4005808159802,Nivea Crème 75ml,No regulation
5054805042999,Bristows 2. Volume & body mousse {for full bodied style} 200ml,No regulation
3600522248798,L'Oreal Dermo Exp 50ml Revitalift Renew Day Pot,No regulation
5055148412296,Glucosamine HCl 120 Tablets,No regulation
5060903873861,Brushworks Angled Dermaplaners 6pc,No regulation
4042809384024,ACTIMOVE GENUFAST KNEE 7341514 MED,No regulation
5060320560016,SUNVIT-D3 20000IU DD0500 (28),No regulation
0017854123854,"Baylis & Harding Goodness Awaken Lime, Mint & Eucalyptus 225ml Body Polish",No regulation
5055757978565,Fushi Organic Argan Oil 30ml,No regulation
0708002400735,Faith In Nature Tea Tree Body Wash 400ml,No regulation
5026445002947,Rapport Sport 150ml Shower Gel & 150ml Body Spray Twin Set,No regulation
3282770153187,Av�ne Hyaluron Activ B3 Day Cream-Refill 50ml,No regulation
8427324893682,Systane Hydration Eye Drops 10ml,No regulation
8720181222603,DOVE CARE NATURE 225ML S/GEL COCO&ALM,No regulation
5060201410096,"Sugar Coated Leg Hair Removal Kit Rosehip 200g Jar, 3 Applicators & 15 Reusable Strips",No regulation
5015259007361,SEA-BAND MAMA ACUPRESSURE WRISTBAND (2 BANDS),No regulation
60022776,Garnier Roll On 50ml For Men Xtreme Ice (8x6),No regulation
3574660622317,Anusol Soothing Relief 12 suppositories,GSL
5060259571626,Gold Collagen Multidose Artron,No regulation
3574661625386,Aveeno Calm + Restore Oat Toning Lotion 200ml,No regulation
0708002400711,Faith In Nature Tea Tree Shampoo 400ml,No regulation
8809416470726,COSRX - Ultimate Nourishing Rice Overnight Spa Mask - Nourishing Night Mask with Rice Extract - 60ml,No regulation
8710847959417,Simple Micellar Biodegradable Kind to Skin 20 pack,No regulation
7610700001301,RICOLA HONEY HERB (75G),No regulation
5054805042975,Bristows 4. Curls & Waves Mousse {for curl definition} 200ml,No regulation
4001638088459,PomegranateHandCream,No regulation
4005900372444,Nivea APD Spray 250ml Women Black & White Fresh,No regulation
5700002148896,R� HYGGE Lion's Mane Filter Grind Bio 227g,No regulation
5055148406868,Maximum Strength Milk Thistle Standardised Fruit Extract 300mg 30 Tablets,No regulation
4015400684428,Always Infinity Normal Plus 12s,No regulation
5000174990287,H&S Shampoo 400ml Refreshing Menthol,No regulation
5011309019018,OILATUM JUNIOR EMOLLIENT BATH ADDITIVE (600ML),No regulation
5010724532980,Batiste Dry Shampoo 200ml Hydrate,No regulation
5025970802183,NIVEA LOTION DRY SKIN 250ML,No regulation
7350121256095,TePe Interdental Brush 0.8mm Green 6s (New Pack),No regulation
5054563129338,SENSODYNE NOURISH HEALTHY WHITE TB 12X1 (),No regulation
0782126009005,Natracare Organic Super Applicator Tampons 16pc,No regulation
5060112865770,Fushi Organic Chaste Tree (Vitex Agnus Castus) 60caps,No regulation
5000283659884,Opticrom Aqueous Eye Drops 13.5ml,No regulation
8435465324064,BTB Water Based Lubricant Red Fruits 100ml,No regulation
5000309006463,Thermacare Back Pain Therapy 16 hours Pain Relief Wrap,No regulation
5010123725099,Calpol Fastmelts Six Plus 12 sachets,GSL
5028763010536,Wisdom Interdental Toothbrush Advanced Firm Cdu 10,No regulation
8720182036551,Sure Men Workout Set 3pc,No regulation
5060342241795,GLUCORX GO PROFESSIONAL METER+50 T/STRIP (50),No regulation
4086000007061,FRESUBIN ENERGY [EASYBAG] (1L),No regulation
5060464500206,Ibuprofen 400mg 48 Tablets,P
5037353000574,Skins Chocolate 8 Pack,No regulation
5060123414578,GLUCORX GEL RASPBERRY RIPPLE 15G (3X 23.5G),No regulation
3574661200019,Neutrogena Body Lotion 400ml Visibly Renew,No regulation
8435465324132,BTB Water Based Warm Feeling Lubricant 250ml,No regulation
5012616174001,Veganin 30 Caplets,P
5055757931973,Fushi Biovedic Face Wash 150ml,No regulation
0733739033444,NOW Foods Adrenal Stress Support 90 vcaps,No regulation
4086000016667,Fresubin Jucy Blackcurrent 4x200ml,No regulation
4086000009973,FRESUBIN SOYA FIBRE [EASYBAG] (500ML),No regulation
4048882620677,Dr Wolffs V-san Moist Cream 50g,GSL
5054563947208,Otrivine Allergy Relief Nasal Spray 10 Ml,No regulation
5000174990331,H&S Shampoo 400ml Smooth & Silky,No regulation
8435465324088,BTB Water Based Lubricant Mango 100ml,No regulation
5010724538883,ORAJEL TOOTHPASTE 75ML (75ML),No regulation
5025452001349,Salt of the Earth Deo Stick - Ocean Coconut 84g,No regulation
3086125705126,Bic 1 Blade Disp Razors 10 Pack,No regulation
9329401000534,C Lab & Co 100g Scrub Bag Coffee & Coconut,No regulation
7350121256200,TePe Interdental Brush 0.4mm Pink 6s (New Pack),No regulation
5011842110326,Bassetts 3-6 Years Multivitamins + Omega 3 30 Gummies,No regulation
5054805045990,Bristows Sol fiesta dry shampoo (pistachio & caramel) 200ml,No regulation
5056175900756,Pristine Gleam Kids Toothbrushes & Timer Set,No regulation
3600522215172,L'Oreal Elvive Extraordinary Oil 100ml UV Filter,No regulation
5029219000750,Shelley 200ml Dry Shampoo Volume,No regulation
8001841795584,Fixodent Professional 40g,No regulation
8720182385642,Tresemme Hydrate & Hold Gift Set 4pc,No regulation
4015400725176,Tampax Pearl Super 18s,No regulation
5037353004770,Skins Watermelon Water Based Lubricant 5ml foil,No regulation
5701943102848,Riemann P20 Original Sun Cream SPF30 Spray 200ml,No regulation
5000158071018,Gaviscon Double Action Peppermint 500ml,GSL
4015600300814,Clearblue Combo Pack Pregnancy Test 2s,No regulation
0309979596690,REVLON BLENDNG SPONGE 4IN1,No regulation
8720181466427,Dove Hydrate Shower Gel 450ml,No regulation
5060209111209,WESTLAB 'RECOVER' BATHING SALTS (1KG),No regulation
4987072011157,Kool N Soothe Kids 4 Sheets,GSL
8435465325214,BTB Water Based Tingling Effect Lubricant 100ml,No regulation
8001841385792,Tampax Cotton Protect 16s,No regulation
5054563048950,SENSODYNE T/BRUSH PRONAMEL,No regulation
5027314505668,Bio-Kult Infantis Sachets 16x1g,No regulation
5060112864827,Fushi Organic Neem 60caps,No regulation
5015802286854,MEDIUM CANDLE JAR PERFECT DAY,No regulation
3401351277450,Puressentiel Muscles & Joints Heating Patches 3unit,No regulation
4051895002781,FRESUBIN 2KCAL CREME CHOCOLATE (4X125G),No regulation
5037353005609,Skins Mint Chocolate Water Based Lubricant 4.4 fl oz (130ml),No regulation
5011091101571,Oilatum Emollient 500ml,GSL
5055186409999,Hibiscrub 250ml,No regulation
5056555200094,Applied Nutrition Digestive Enzyme 60 Capsules,No regulation
5745000836086,Ra Hygge Concentrated Chaga Liquid Extract BIO (Boost),No regulation
4210201427315,Oral-B Vitality Pro Lilac Mist Tbrush 1ct,No regulation
8720182585219,Vaseline Lucious Lips Gift Set Tin (C),No regulation
5031413932232,Face Facts Printed Sheet Mask Prep,No regulation
0658556116845,Botanicals For Life Organic Ginger Root Extract 50ml,No regulation
8720182567574,Lynx Gift Set Gold Bs & S/G 2 Piece (C),No regulation
8718951396104,COLGATE 75ML T/P SENSITIVE WHITEN 05/26,No regulation
9335955005758,MooGoo Frizz Fighter Hydrating Hair Mist 180ml,No regulation
8716900570070,Nutricia Fortisip 2kcal Energy Drink Vanilla 200ml,No regulation
96138342,Right Guard Roll On 50ml For Women Invisible,No regulation
8901526537716,Garnier Fructis Full & Luscious Conditioner 850 ml,No regulation
5702150145147,Cipralex 10mg 28 tablets,GSL
5060337729765,Derma V10 10ml Roll On Lavender,No regulation
5026445002756,Harmony Gold 400ml Hairspray Natural Hold & Shine,No regulation
5012616266416,XLS NUTRITION ACTIVE SHAPE CHOCOLATE (250),No regulation
5015802291742,MEDIUM CANDLE JAR CLEMENTINE SPICE,No regulation
5038581091396,Yankee Candle Camellia Large Jar 623g,No regulation
5038483844311,SCHOLL SOFTGRIP C3 KNEE O/TOE NAT (MED),No regulation
5060342242365,GLUCORX X6 CHOLESTEROL TEST STRIPS (10),No regulation
5038483844625,SCHOLL SOFTGRIP C1 KNEE NAT (SML),No regulation
5031413935752,Face Facts Ceramide Blemish Treat Gel 50ml,No regulation
5060112861734,Fushi Organic Evening Primrose Oil 100ml,No regulation
5036631008547,Forceval 15 Capsules,P
5011784003861,Dentinox Scalp Oil 30ml,GSL
5055757978558,Fushi Organic Rosehip Oil 30ml,No regulation
4015400725114,Tampax Pearl Super Plus 18s,No regulation
3614227348813,Wella Prof Shampoo Nutricurls 250ml,No regulation
5037353004282,Skins Mint 4 Pack,No regulation
5038483844939,SCHOLL SOFTGRIP C2 R/SOCKS BLK (MED),No regulation
0782126003126,"Natracare Panty Liners - Normal, Wrapped 18pc",No regulation
5012008593205,INECTO NAT COCONUT HAND&NAIL CRM 75ML,No regulation
0658556116685,Botanicals For Life Organic Astragalus Extract 50ml,No regulation
5037353005562,Skins Salted Caramel Water Based Lubricant 4.4 fl oz (130ml),No regulation
5015802278323,LARGE CANDLE JAR JASMINE & OUD,No regulation
8435465325238,BTB Masturbation Cream 100ml,No regulation
5000488303247,NELSONS RESCUE NIGHT GUMMIES RASPBERRY (60 GUMMI),No regulation
5037353004930,Skins Natural Delay Spray 30ml,No regulation
0047701500231,Dentek Essentials Temporary Tooth Repair Kit 5+ Repairs,No regulation
5028763009363,Wisdom Step By Step Childrens Toothbrush 3-5 Years Cdu 10,No regulation
5060216564746,Haliborange Vitamin C & Immune Softies Blackcurrant 30's 3-12 Years,No regulation
4005805245997,NIVEA LIPCARE SUN SPF 30,No regulation
5060203796297,Terranova QuerceSol Quercetin Complex (BioSNEDS) 100's (NEW PRODUCT),No regulation
5000347078217,NIQUITIN CLR PATCH STEP 1 21MG (7S),No regulation
0017854118102,Baylis & Harding Black Pepper & Ginseng Men's Luxury Mini Trio Gift Set,No regulation
8006540742822,Oral-B Pro Junior 6+ Purple 1,No regulation
4042809016819,WRIST BRACE L ACTIMOVE 7281946 EXLGE,No regulation
4005900690517,Nivea Shower Gel 400ml For Men Sport,No regulation
5391531760606,Fusion Allergy Face & Eyelids 20 wipes,GSL
5060337727563,Derma V10 Sheet Hair Mask Flamingo with Marula Oil,No regulation
3574660711110,NICORETTE INVISI PATCH 25MG (14S),No regulation
5000453123139,Effervescent Vitamin D 75ug 20 Tablets,No regulation
4042809384062,ACTIMOVE GENUFAST KNEE 7341516 EXLGE,No regulation
5060112861789,Fushi Calendula Oil 100ml,No regulation
0714924022610,Jamaican Mango & Lime 118ml Black Castor Oil Coconut,No regulation
4005900247315,Nivea APD Spray 250ml Men Protect & Care,No regulation
5055193546335,The Kind Edit Hot Water Bottle Set 1,No regulation
3600521601846,L'Oreal Casting Creme Gloss Rich Honey 734,No regulation
5038483844649,SCHOLL SOFTGRIP C1 KNEE NAT (LGE),No regulation
8716900581748,Nutricia Fortisip Compact Protein Drink 125ml Strawberry 4 Pack,No regulation
42299868,Nivea Roll On 50ml Women Dry Confidence,No regulation
5027599900028,LOTIL CREAM (50ML),No regulation
5011842193503,Potters Pastilles Chesty Cough 46g,GSL
5060251740051,EPIMAX ISOMOL GEL (100G),No regulation
5000488109757,NELSONS TEETHA TEETHING GRANULES (40SACHET),No regulation
4103040147738,Sebamed Baby Body Milk 200ml,No regulation
8710447275405,Dove Hand Cream Restoring 75ml,No regulation
5037353005586,Skins Double Chocolate Water Based Lubricant 4.4 fl oz (130ml),No regulation
5012583208280,LIVE Urban metallics U75 Midnight jade permanent hair dye,No regulation
5060112865916,Fushi Organic Carrot Oil 100ml,No regulation
5028763013889,WISDOM RENEW INTERDENTAL 0.5MM (1),No regulation
5060025370026,ORAJEL MOUTH JEL (5.3G),No regulation
3574660436174,NICORETTE FRESHMINT GUM 2MG (30),No regulation
5056235400769,Derma V10 Print Pony Tail Mask Go Coconuts,No regulation
3600524026967,L'Oreal Men Expert Deo 250ml Magnesium,No regulation
3574660649901,Listerine Mildmint 500ml,No regulation
5053249211572,Masterplast Oriental Rub Tube 70g,No regulation
4042809016871,WRIST BRACE R ACTIMOVE 7281947 SML,No regulation
9343359000040,Glyde Ultra Cola Flavour Vegan Condoms 100 Bulk Pack,No regulation
5054563105981,POLIGRIP MOUTH GUARD &RETAINER (30),No regulation
6009603360195,Hux Pro Vitamin D5 90s,No regulation
8718053572949,Wartie Advance Wart & Verruca Remover 50ml,GSL
5060201410126,"Sugar Coated Underarm Hair Removal Kit Lemongrass with 200g Jar, 3 Applicators & 15 Reusable Strips",No regulation
5391531760644,OPTASE COOLING MASK (1),No regulation
5028763004429,WISDOM T/BRUSH SMOKERS (),No regulation
5000124438401,Ventolin Accuhaler 200mcg 60 doses,GSL
5060216564937,Haliborange Effervescent Tablets Vitamin C Orange 20 Pack,No regulation
7927340000350,KELO-COTE SILICONE GEL KCG60GB (60G),No regulation
0850030689030,Revive Blood Pressure - 180 vcaps,No regulation
5015802278248,MEDIUM CANDLE JAR JASMINE & OUD,No regulation
5029053530499,Huggies wipes soft skin 56,No regulation
60024633,Garnier Roll On 50ml For Women Floral Fresh (8x6),No regulation
5055757901303,Fushi Amla Juice 500ml,No regulation
9329401000527,C Lab & Co 100g Scrub Coffee,No regulation
5430000087032,Mindscopic Moodmaster 50 Caps,No regulation
0782126002006,Natracare Organic Super Digital Tampons 20pc,No regulation
5060259571190,Gold Collagen Vegan,No regulation
5014958075008,Avoca Caustic 40% Pencil,P
4042809023305,elastocrepe bandage 5cm,No regulation
8716900580765,Nutricia Fortisip Compact Energy Drink 125ml Forest Fruit 4 Pack,No regulation
5038483844519,Scholl Softgrip C2 Knee Natural Medium,No regulation
42299912,Nivea Roll On 50ml Women Pure Invisible,No regulation
5031413929430,Face Facts Joypixels 2 X 4.25g Lip Balm Tubes Kiss Me Quick Duo,No regulation
60019394,Garnier Roll On 50ml For Women Ultra Dry (8x6),No regulation
5011417589236,Nuromol 32 Tablets,P
0658556116821,Botanicals For Life Organic Milk Thistle Extract 50ml,No regulation
3600524123048,L'Oreal Men Expert S/Gel 300ml Extreme Sport,No regulation
0010181048012,Palmers Cocoa Butter Formula 400ml Length Retention Shampoo,No regulation
60019417,Garnier Roll On 50ml For Men Absolute Dry (8x6),No regulation
8006540403921,ALWAYS ULTRA CASE 12 UNITS,No regulation
87343052,Sure Roll On 50ml Invisible Icefresh Men,No regulation
8712400800570,Aptamil Pepti 1 Tin 400g,No regulation
5060112866180,Fushi Organic Pomegranate Oil 50ml,No regulation
5060112865145,Fushi Organic Ginkgo Biloba 60caps,No regulation
0733739026446,NOW Foods Chlorophyll Liquid 473ml,No regulation
0708002407611,Faith In Nature Shea & Argan Shampoo 400ml,No regulation
4086000007030,FRESUBIN ORIGINAL FIBRE [EASYBAG] (1L),No regulation
5026445002732,Harmony Gold 400ml Hairspray Extra Firm Hold & Shine,No regulation
0878941000256,Trace Mineral Liquid Magnesium Drops “Mega-Mag”,No regulation
3574660413052,NICORETTE GUM 2MG ORIGINAL [GSL] (105S),No regulation
8006540352052,Always Discreet Pad Ultimate Night 12,No regulation
5060599187143,All Hands Hand Care Set Lychee & Asian Pear C),No regulation
3660176502851,Douxo Care Foam (Mousse) 200ml,No regulation
5028763009370,WISDOM STEP BY STEP TOOTHBRUSH 6-8 KIDS (),No regulation
5060018881119,Theratears 5 in 1 Screen Eyes 10ml,GSL
5000347078224,NIQUITIN CLR PATCH STEP 1 21MG (14S),No regulation
0714924022955,Jamaican Mango & Lime 118ml Black Castor Oil Peppermint,No regulation
5025970010946,NIVEA RAINBOW DUO GIVT SET 1,No regulation
0782126003508,Natracare Dry & Light Inco Slim Pads 20pc,No regulation
5011501001873,IBUPROFEN GEL 5% [AAH] (100GM),No regulation
7350121255975,TePe Interdental Brush 0.5mm Red 6s (New Pack),No regulation
4987072051771,Kool N Soothe Roller Ball 5ml,GSL
5060203790868,Terranova Microbiome Challenge 100's (NEW PRODUCT),No regulation
3282770393620,Av�ne Cicalfate Serum 30ml,No regulation
5012251885256,Beauty Formulas Active Toothbrush Wave Action 3's Cdu 12,No regulation
9317129041908,FLEXITOL HEEL BALM 500G (500G),No regulation
0658556116760,Botanicals For Life Organic Oregano Oil 50ml,No regulation
5050375083608,Masterplast 70g Heel Balm,No regulation
5015802278330,LARGE CANDLE JAR SWEET HONEYSUCKLE,No regulation
5060133373629,Pollenase Cetirizine 30 Tablets,GSL
5000174990164,H&S Shampoo 400ml Classic Clean,No regulation
8006540697474,Tampax Compak Pearl Super Plus 16,No regulation
8716900581588,Nutricia Fortisip Compact Protein Drink 125ml Peach Mango 4 Pack,No regulation
5031413929126,Face Facts Body Lotion Hyaluronic 400ml,No regulation
5038483844953,SCHOLL SOFTGRIP C2 R/SOCKS BLK (X-LGE),No regulation
5038581120683,Yankee Candle Home Inspiration Midnight Magnolia 104g,No regulation
0873024001502,Ener-Life Vit D3 1000IU Orange Sugar Free,No regulation
5012616174803,BUTTERCUP SYRUP ORIGINAL (150ML),GSL
5060342242334,GLUCORX X6 KETONE TEST STRIPS (10),No regulation
5054563064820,Pirinase Allergy Spray 120 doses,GSL
5055757978626,Fushi My Harmony Oil 50ml,No regulation
0083000260445,Nature's Answer Sambucus Kids Formula,No regulation
5032483001958,Cms 150ml Wintergreen Heat Spray,No regulation
5011417556252,VEET MINI-WAX STRIPS 20,No regulation
5010441008133,Numark Vitamin C 20 Effervescent tablets,No regulation
5000347029523,NIQUITIN MINIS MINT 1.5MG LOZENGES (60S),No regulation
5060022303935,St Tropez self tan express kit 2pc (50ml express tan & tanning mitt),No regulation
9340800011136,Grown Alchemist Night Cream Skin Renewal 40ml,No regulation
4086000005951,FRESUBIN HP ENERGY EASYBAG (1 LITRE),No regulation
40111568,Lockets Cranberry & Blueberry 43g,No regulation
8720181174599,DOVE 250ML A/P SPRAY INVISIBLE DRY,No regulation
8886467064364,Lux Soap 3x80g Velvet Touch,No regulation
5010441075418,melolin 10x10cm numark 100,No regulation
5060112865886,Fushi Organic Avocado Oil 100ml,No regulation
5025452000588,Salt of the Earth Deo Spray - Sweet Strawberry 100ml,No regulation
5028763014923,WISDOM RENEW MANUAL CDU (36),No regulation
4042809016758,WRIST BRACE L ACTIMOVE 7281945 LGE,No regulation
5038483186053,Hibiscrub Pump Dispenser 5ml,No regulation
5391531760378,Scope Omega Eye Capsules,No regulation
5055566994039,Pristine Gleam Toothbrushes Medium with 3 Covers 4 Pack,No regulation
5022545151479,PEPPA PIG T/B DUO,No regulation
4084500477537,Clearblue Visual Rapid Detection Test 1 Test,No regulation
5055757978640,Fushi Peri Harmony 60caps,No regulation
8718951265837,COLGATE 50ML T/P 6-9 YEAR MINT 04/25,No regulation
9317129041816,FLEXITOL SKIN BALM (200G),No regulation
5000488108446,NELSONS CALENDULA CREAM (50G),No regulation
3435172181061,QUIES MAXI SILICONE ADULT (3 PAIRS),No regulation
8006540731055,Oral-B Toothbrush Io3 Matt Black Ultimate 1,No regulation
5054563060471,Piriteze allergy tablets 7,GSL
5038581161884,Yankee Candle Home Inspiration Wrapping Paper Pine 104g,No regulation
0013964415551,Mad Hippie Cream Cleanser 118ml,No regulation
5060410574084,Beauty Kitchen SHP+ Bright Night Intensive Cream 60ml,No regulation
0501261625990,Lyclear Express Treat & Protect 100ml,GSL
0091037510617,Mad Hippie Antioxidant Facial Oil 30ml,No regulation
8710847963476,Dove Hand Cream Essential 75ml,No regulation
3600524077426,L'Oreal Hyaluron Expert Night Cream 50ml,No regulation
8720182655691,Dove Woman Time To Refresh Gift Set (C),No regulation
0850030689269,Revive Lipid - 210 Tablets,No regulation
5000309006609,ROBITUSSIN EXPECTORANT CHESTY (100ML),No regulation
5022545151417,PAW PATROL 75ML T/P,No regulation
5051389044876,Mitchum APD 200ml Unscented,No regulation
5037200054712,OH K! 20ML SHEET MASK AVOCADO SUPER SILKY 05/24,No regulation
3282770147605,Klorane Flax Dry Shampoo 150ml,No regulation
4005900690531,Nivea Shower Gel 400ml For Men Power Refresh,No regulation
4717095030114,GLUCORX NEXUS VOICE BLOOD GLUCOSE METER (1 KIT),No regulation
0724742008345,Alba Botanica Kukui Nut Body Oil,No regulation
5015802291650,TEALIGHTS BX/9 AUTUMN PUMPKIN,No regulation
5060112865787,Fushi Organic Ashwagandha 60caps,No regulation
5038581094304,Yankee Candle Home Inspiration Unicorn Dreams 538g,No regulation
8809598454651,Cosrx - The Vitamin C 23 Serum - Vitamin C Serum - 20ml,No regulation
5060426158377,Sarah Jessica Parker Lovely Giftset 2pc (100ml Edp Spray & 15ml Edp Spray),No regulation
5051594006836,Aptamil Milk Hungry From Birth 800g,No regulation
5060738578719,Baby Shark Kids Hot & Cold Soothing Pack,No regulation
5060322952147,Yardley 200g Fragranced Talc English Rose,No regulation
4086000015868,FRESUBIN 2KCAL DRINK NEUTRAL 4PACK (4X200ML),No regulation
4051895008721,FRESUBIN 2KCAL MINI FIBRE VANILLA (4X125ML),No regulation
0083000262562,Nature's Answer Kids Natural Mullein Syrup NEW,No regulation
50184262,Dextro Energy Blackcurrent+ Vitamin C 47g,No regulation
0810100921644,SunwarriorProtein & Collagen Greens Vanilla,No regulation
5031413933437,Face Facts Printed Forehead Mask,No regulation
5010441002773,Numark Cystitis Relief 6 sachets,GSL
5031413929782,Face Facts Himalayan Salt Body Scrub - 400g,No regulation
0658556116777,Botanicals For Life Organic Oregano Oil 30ml,No regulation
8717163702444,Lynx Gold Duo Gift Set 1,No regulation
5028763012233,Wisdom Active White Charcoal Toothpaste 100ml,No regulation
5060112865244,Fushi Organic St John's Wart 60caps,No regulation
8001090705716,Tampax Compak Super Plus 18s,No regulation
5028763012493,Numark Chlorhexidine Mint Mouthwash 300ml,No regulation
5037353000543,Skins Chocolate 4 Pack,No regulation
5013455250307,NippleBalm,No regulation
8700216487009,Vicks Sinex Natura Spray 20ml,GSL
3600524081713,L'Oreal Men Expert S/Gel 300ml Magnesium Sensitive,No regulation
3574660569834,Daktarin Intensive Cream 15g,GSL
5028763004382,WISDOM DENTURE BATH (),No regulation
0000000420112,I-M Elastic Wrist Support WS-301 One Size,No regulation
0000000078856,I-M Wrist Brace WH-301 X-Large,No regulation
0731124402905,Biofreeze Pain Relief Roll-on 89ml,GSL
8435465324040,BTB Water Based Cool Feeling Lubricant 100ml,No regulation
0000009416611,OPI 15ML NAIL POLISH GOT MYSELF INTO A JAMBALAYA,No regulation
5060284540000,Dalivit Drops 25ml,GSL
5745000836093,Ra Hygge Concentrated Lion’s Mane Liquid Extract BIO (Focus),No regulation
60024626,Garnier Roll On 50ml For Women Invisible Fresh Scent (8x6),No regulation
7613036938259,SMA Little Steps Follow-On Milk 800g,No regulation
5015259005138,SEA-BAND WRIST BAND FOR CHILDREN (2 BANDS),No regulation
8720181295546,DOVE MEN+CARE 150ML DEO SPRAY CLASSIC,No regulation
5038581130118,Yankee Candle Home Inspiration Duvet Day 538g,No regulation
5038483844762,SCHOLL SOFTGRIP C1 THIGH NAT (LGE),No regulation
8001841489704,Oral-B Sensitivity & Gum Calm Original Toothpaste 75ml,No regulation
5038581112848,Yankee Candle Cliffside Large Jar 623g,No regulation
8809416470047,Cosrx - AHA 7 Whitehead Power Liquid - Exfoliating Liquid with Natural AHA Acid - 100ml,No regulation
7350121256019,TePe Interdental Brush 0.6mm Blue 6s (New Pack),No regulation
4051895015606,FRESUBIN THICKENED LEVEL 2 STRAWBERRY (4X200ML),No regulation
4024787430191,Liquivisc 0.25% Eye Gel 10ml,No regulation
5060087367477,Derma V10 Self Tanning Mitt,No regulation
3433422404397,La Roche Posay Thermal Spring Water 150ml,No regulation
3661103003441,Frontline Spot On for Small Dogs 2-10kg 3 Pipettes,No regulation
5060342242396,GLUCORX VIVID BLOOD GLUCOSE TEST STRIPS (50),No regulation
5025970100135,NIVEA SUN SPRAY SPF30,No regulation
5025452000731,Salt of the Earth Deo Spray - Amber & Sandalwood 100ml,No regulation
5012583207214,Got2B Gel 50ml Glitter Glam Glorious Gold,No regulation
5055148405861,St. John's Wort Extract 360mg 60 Tablets,No regulation
5051594001954,Aptamil Growing Up Milk 4 From 2-3years 800g,No regulation
5060222940329,FULTIUM D3 80MCG/3200IU (90),No regulation
0733739014405,NOW Foods Iron Complex 100,No regulation
5028763014978,WISDOM STEP BY STEP BAMBOO T/BRUSH (1),No regulation
5028763009349,Wisdom Step By Step Childrens Toothbrush 0-2 Years Cdu 6,No regulation
5038483844632,SCHOLL SOFTGRIP C1 KNEE NAT (MED),No regulation
0017854103153,Baylis & Harding Signature Men's Black Pepper & Ginseng 3 Piece Set,No regulation
5054563916556,Calvive 1000 30 Effervescent Tablets,P
5010441003404,gauze swabs 7.5cm ster 5 numark,No regulation
4005900661364,NIVEA Q10 POWER 60+ ANTI-WRINKLE + REPLENISHING DAY CREAM SPF15,No regulation
8716900559396,Fortini 1.0 Multi Fibre Strawberry 200ml,No regulation
8809598454644,COSRX - The Retinol 0.5 Oil - Oil Serum with Retinol - 20ml,No regulation
0850030689108,Revive Glucose - 180 vcaps,No regulation
5060216564739,Haliborange Calcium & Iron Tablets Orange 30's 3-12 Years,No regulation
8006540451991,ALWAYS MAXI PROFRESH NIGHT 10'S,No regulation
5014749180751,Cs Medic Oral Waxed Floss Picks 75 Pack,No regulation
5050375041219,Masterplast Hypoallergenic 100pk,No regulation
5054563118936,CORSODYL GUM+SENSITIVITY & BREATH TPASTE (75ML),No regulation
4005900783103,Nivea Naturally Good Shower Gel 300ml Rose Water & Organic Oil,No regulation
5060464500213,Numark Ibuprofen 400mg 84 Tablets,P
5025970023397,Nivea Men Sensitive Moisturiser 75ml,No regulation
0878941000140,Trace Mineral Liquid Ionic Boron Drops,No regulation
8006540463437,Fixodent Original Denture Adhesive 65g,No regulation
5028763009295,WISDOM INTERDENT CLEAN BETWEEN BRUSH M/G (20S),No regulation
0782126003072,Natracare Panty Liners - Tanga 30pc,No regulation
5025970011240,Nivea Pampering Rose Gift Set 1,No regulation
8006540588499,Always Ultra Secure Night Wings 8ct,No regulation
8720182783097,Lynx Duo Gift Set Jungle Fresh (C),No regulation
5050375040731,Masterplast 1st Aid Kit 24pc,No regulation
0782126008008,Natracare Organic Regular Applicator Tampons 16pc,No regulation
5060259571374,Gold Collagen Multidose,No regulation
0873024001403,Ener-B Complex+ Orange Sugar Free,No regulation
3600524162740,L'Oreal Elvive Full Restore 5 Conditioner 300ml,No regulation
8700216305570,Vicks Inhaler Clipstrip,GSL
5060070320052,Nebuliser Adult Face Mask Set Ao2,No regulation
8001841543710,Always Discreet Boutique Pantsblack Lrg 8s,No regulation
7640110709023,PURE VIA STEVIA (250G),No regulation
4086000007085,FRESUBIN ENERGY FIBRE [EASYBAG] (1L),No regulation
8886467064357,Lux Soap 3x80g Soft Touch,No regulation
8006540088869,Herbal Essences Bio Renew Coconut Milk Hair Mask 450ml,No regulation
4086000007009,FRESUBIN ORIGINAL [EASYBAG] (1L),No regulation
3701056803696,Puressentiel Kids Acti Pure Syrup 125ml,No regulation
5022339634010,mega 8 biotix,No regulation
5025135121135,Malibu Clear Protection Spray SPF30 200ml,No regulation
5000158100527,strepsils honey & lemon 36,GSL
3574661577531,CALPOL SOOTHE&CARE NIGHT LIGHT REFILLS (10),No regulation
8700216452670,Old Spice Shower Gel Night Panther 1000ml,No regulation
0083000006401,Nature's Answer Liquorice Root,No regulation
5038581065922,Yankee Candle Home Inspiration White Linen and Lace 104g,No regulation
9340800011327,Grown Alchemist Serum Instant Smoothing 25ml,No regulation
8001090130761,ORAL B COMPLETE 75ML T/P,No regulation
5028763013766,WISDOM RENEW BAMBOO TOOTHBRUSH (1),No regulation
0810020174038,Bondi Sands Application Mitt,No regulation
8720181222610,DOVE CARE NATURE 225ML B/WASH RE COCO&AL,No regulation
0814784027227,Sunwarrior Classic Organic Unflavored,No regulation
5060259570018,Gold Collagen Pure Collagen 50ml,No regulation
5055757900412,Fushi Argan & Amalaki Shampoo 230ml,No regulation
5702150144461,Cipralex Oral Drops 20mg/ml 15ml,GSL
5010441012475,Numark Ibuprofen 200mg 16 Coated Tablets,GSL
5037353005678,Skins Bubblegum Water Based Lubricant 4.4 fl oz (130ml),No regulation
5060410574220,Beauty Kitchen AO Night Halo Potent Sleep Mask 60ml,No regulation
5000477727191,Pro-plus Ultra 10 Capsules,GSL
5060112864797,Fushi Organic Shatavari 60caps,No regulation
5035883000132,Snoreeze Dual Action 16 Lozenges,GSL
5054563060426,piriteze allergy tablets 14,GSL
0000000022163,I-M Wrist Brace WH-301 Small,No regulation
8006540827291,Pampers baby dry size 5 23 Pack,No regulation
9329401000565,C Lab & Co 300ml Body Wash,No regulation
5037353004749,Skins Strawberry Water Based 4.4 fl oz (130ml),No regulation
5028763014381,WISDOM ORTHO CDU (1),No regulation
5000128785938,Driclor Antiperspirant Roll-On 20ml,P
5055757904397,Fushi Organic Moringa Oil 50ml,No regulation
5038483844946,SCHOLL SOFTGRIP C2 R/SOCKS BLK (LGE),No regulation
5060464502538,Diphenhydramine 50mg 20 Pack,P
0873024001427,Ener-B Complex+ Raspb/Lemon Sugar Free,No regulation
3574661731247,Zarbees Child Cough Syrup 100ml,GSL
3401546259902,Puressentiel Muscles & Joints Roller 75ml,No regulation
7630486401461,PURE VIA XYLITOL (225G),No regulation
9329401000268,Pure Paw Paw 15g Ointment Passion Fruit Blue,No regulation
5055148406318,Valerian Root Extract 300g 60 Tablets,No regulation
5038581063645,Yankee Candle 104g Small Jar Seaside,No regulation
5000174163049,Olay Total Effects 50ml 7X Day Cream Sensitive,No regulation
5060284540987,Dalivit D3 Vit Drops 28ml,GSL
5060391848013,Dr. Organic Being Ageless Gift Set 3 Pack,No regulation
3600523882366,L'Oreal Elvive Full Resist Conditoner 300ml,No regulation
8809447254609,Dr. Althea - 15% Niacinamide Purity Serum - Serum with Niacinamide - 30ml,No regulation
5012583205906,Right Guard APD 250ml For Women Soft,No regulation
0017854123021,"Baylis & Harding Goodness Oud, Cedar & Amber Essentials Gift Set",No regulation
0708002410727,Faith In Nature Tea Tree Conditioner 400ml,No regulation
60024640,Garnier Roll On 50ml For Women Cotton Fresh (8x6),No regulation
4005900495211,Nivea APD Spray 250ml Men Deep Dry & Clean Feel,No regulation
5032331016264,Selfcheck Test Kit Urine Infection,No regulation
7702018263844,GILLETTE PROGLIDE MANUAL BLADES (4S),No regulation
5015802278286,LARGE CANDLE JAR VANILLA & CASHMERE,No regulation
3401545057837,Puressentiel Rest & Relax Air Spray 75ml,No regulation
5060251740068,EPIMAX ISOMOL GEL (500G),No regulation
5015802286878,MEDIUM CANDLE JAR STRAWBERRY SURPRISE,No regulation
5055757900207,Fushi Nootropic Blend 60caps,No regulation
0782126003287,Natracare Ultra Extra Pads Super w/wings 10pc,No regulation
5070000991221,R.Y.M. Multivitamin Brain Formula,No regulation
5053249227641,Masterplast Oriental Balm XL,No regulation
8720182781741,Dove Bodywash Collection Set Relax (C),No regulation
5015802289848,"CANDLE MANDARIN, TUBEROSE & WILD MUSK",No regulation
5055757971498,Fushi Organic Neem Oil 50ml,No regulation
8809598456242,COSRX - Ultra - Light Invisible Sunscreen SPF50+/PA++++ - Light Moisturizing Sunscreen - 50ml,No regulation
0878941002113,Liquid Concentrace Trace Mineral Drops Glass Dropper,No regulation
5056555200100,Applied Nutrition Probiotic Advanced Multi-Strain Formula 60 Capsules,No regulation
5012509062163,MYCOTA POWDER (70G),No regulation
5022545143757,Bathtime Buddie 300ml Bubble Bath with Blower,No regulation
7322541056708,TENA SILHOUETTE NORMAL NOIR LARGE (9S),No regulation
4086000011631,FRESUBIN ENERGY DRINK BLACKCURRANT 4PACK (4X200ML),No regulation
5012583002734,LIVE Intense colour 090 Cosmic blue permanent hair dye,No regulation
5017007603672,Motusol Gel 2.32% 30g,GSL
5060342241641,GlucoRx Nexus Mini Ultra Blood Glucose Meter,No regulation
8714789652498,COLGATE T/BRUSH TRIPLE ACTION (),No regulation
5000158102545,Nurofen Express 256mg 16 Tablets,GSL
5060216565781,Haliborange Vitamin D Strawberry Effervescent 20's,No regulation
5025135119965,Malibu Aftersun Lotion and Tan Extender 100ml,No regulation
5028763008182,Wisdom Toothbrush Xtra Clean Firm Cdu 12,No regulation
0731124402912,Biofreeze Pain Relief Spray 118ml,GSL
0714924022566,Jamaican Mango & Lime 118ml Black Castor Oil Xtra Dark,No regulation
5010724538579,Batiste Leave-In Dry Conditioner 100ml Tropical,No regulation
7322541130934,Tena Discreet 24's Normal,No regulation
5037353004343,Skins Mint 8 Pack,No regulation
5707725100316,Nourkrin Man 15 Days Supply 30 Tablets,No regulation
0708002306280,Faith In Nature Dragon Fruit Hair Mask 300ml,No regulation
60024657,Garnier Roll On 50ml For Men Protection (8x6),No regulation
4015400623496,PAMPERS SENSITIVE NEW BABY WIPES (50S),No regulation
5060112865909,Fushi Organic Camellia Oil 100ml,No regulation
0708002401121,Faith In Nature Hemp & Meadowfoam Conditioner 400ml,No regulation
5060342241658,GLUCORX Q BLOOD METER (1),No regulation
5038581091280,Yankee Candle Sunny Large Jar 623g,No regulation
5017353505828,Galpharm 6+ Paracetamol Solution 250mg/5ml 80ml,GSL
0782126200112,Natracare Organic Baby Wipes 50pc,No regulation
60023841,Garnier Roll On 50ml For Women Invisible (8x6),No regulation
0894147000418,Sliquid Naturals Sassy Anal Lubricant-255ml,No regulation
5028763007871,WISDOM INTERDENT CLEAN BETWEEN BRUSH F/B (20S),No regulation
0782126003119,Natracare Ultra Pads Super Plus 12pc,No regulation
5060060213722,Astonish Bath Soak 750ml Golden Glow,No regulation
5060022303645,St Tropez Self Tan Mousse Berry 200ml,No regulation
8886467039997,Vaseline Body Oil 200ml Cocoa Radiant,No regulation
5031413929461,Face Facts Joypixels 2 X 4.25g Lip Balm Tubes Cupcake Queen Duo,No regulation
3600523494026,L'Oreal Elvive Extraordinary Oil 100ml Coconut,No regulation
5060519147431,Pukka Calm Collection Gift Pack,No regulation
4042809054224,soffcrepe bandage 5cm 4.5m,No regulation
5028763014626,WISDOM CHANGE YOUR TOOTHBRUSH CDU 2021 (1),No regulation
5015802291339,30CL CANDLE MERRY & BRIGHT,No regulation
5015802278309,LARGE CANDLE JAR SPA MOMENTS,No regulation
8809598455801,COSRX Advanced Snail Mucin Gel Cleanser 150ml,No regulation
4064665099478,OPI 15ML NAIL POLISH MEDI-TAKE IT ALL IN,No regulation
5015802291346,30CL CANDLE GLITZ & GLAM,No regulation
5060519148476,Pukka Festive Collection 2022,No regulation
5031413930429,Face Facts Joypixels 2 X 4.25g Lip Balm Tubes Coconut Creme Duo,No regulation
5055757900405,Fushi Scalp Soother Herbal Shampoo 230ml,No regulation
5025970803241,NIVEA LOTION NORMAL SKIN 250ML,No regulation
5054563083623,DRICLOR (75ML),No regulation
5025135120985,Malibu SPF30 Scalp Protector 100ml,No regulation
5000283662594,Nasacort Allergy 30 spray,GSL
5019686004252,Snowfire Ointment Stick 18g,GSL
8720181637292,"Dove With Love Pampering 3pc Set - 2x225ml Bodywash, Body Puff",No regulation
5025903011484,IBUPROFEN GEL 10% [AAH] (30GM),No regulation
5011842110210,Bassetts 3-11 Years Immune Support 30 Gummies,No regulation
5019091501209,Revitale Facial Wax Strips for Normal & Sensitive Skin 12 Pack,No regulation
0658556116852,Botanicals For Life Organic Dandelion Leaf Extract 50ml,No regulation
4086000010153,FRESUBIN 1200 COMPLETE EASYBAG (1000ML),No regulation
3600524076719,L'Oreal Men Expert AP Roll On 50ml Barber Club,No regulation
5000347078804,NIQUITIN STEP 1-7 DAY PK GSL 21MG (7S),No regulation
4064665092905,OPI INFINITE SHINE 2.0 15ML NAIL POLISH THE FUTURE IS YOU,No regulation
5015802291605,MEDIUM CANDLE JAR SPICED APPLE,No regulation
0658556116715,Botanicals For Life Organic Echinacea Extract 100ml,No regulation
4006000037455,Nivea Lip Balm 5ml Original Care (Limited Edition),No regulation
5025452001905,Salt of the Earth Melon Cucumber Refill Deodorant 75ml,No regulation
5011417566497,OPTREX NIGHT REPAIR GEL DROPS (10ML),No regulation
0658556116722,Botanicals For Life Organic Fenugreek Extract 50ml,No regulation
0085805255350,Elizabeth Arden Eight Hour Crm Set 3pc,No regulation
0609132555435,HUX D3 20000IU CAPS (20),No regulation
5012583205609,LIVE Urban metallics U67 Blue mercury permanent hair dye,No regulation
5017848249237,Bells Almond Oil 70ml,No regulation
5060251740402,EPIMAX OATMEAL CREAM (100G),No regulation
7350121256057,TePe Interdental Brush 0.7mm Yellow 6s (New Pack),No regulation
5010058079120,Instrapac Dressing Scissors,No regulation
3600524139728,L'Oreal Elvive Fibrology Shampoo 250ml,No regulation
5010612808562,Brut Lotion 200ml Splash On,No regulation
5900998000325,Carex Handwash 250ml Aloe Vera,No regulation
5060112865084,Fushi Shilajit Extract 60caps,No regulation
5038483844526,Scholl Softgrip C2 Knee Natural Large,No regulation
5017353506481,treathay tablets 120mg 30,GSL
0814784026817,Sunwarrior Collagen Tahitian Vanilla,No regulation
0017854120365,Baylis & Harding Spiced Pumpkin & Vanilla Latte Hand Wash 500ml,No regulation
5038483844779,SCHOLL SOFTGRIP C1 THIGH NAT (X-LGE),No regulation
5000488303230,NELSONS RESCUE REMEDY GUMMIES ORANGE (60 GUMMI),No regulation
5060112866029,Fushi Really Good Muscle & Joints Oil 100ml,No regulation
5030104005026,JAKEMANS CHERRY STICK PACK (41G),No regulation
3600524142438,L'Oreal Elvive Full Restore 5 Conditioner 500ml,No regulation
4064665099454,OPI 15ML NAIL POLISH RUST & RELAXATION,No regulation
4042809222708,ACTIMOVE WRIST WRAP 7341649 LGE/XL,No regulation
4086000016643,FRESUBIN JUCY ORANGE (4X200ML),No regulation
5056175911776,Pristine Gleam Denture Bath,No regulation
3600542453110,Garnier Naturals Vit C Brightening Day Cream 50ml,No regulation
0500012443975,Ventolin Evohaler 100mcg 200 doses,GSL
5025970009377,Nivea Q10 Power Regime Gift Pack,No regulation
8435465323838,BTB Fisting Gel Lubricant 100ml,No regulation
5025903006022,IBUPROFEN GEL 10% [AAH] (100GM),No regulation
5055148409265,Bromelain 1250 GDU 60 Tablets,No regulation
5010724532522,VIVISCAL MAX STRENGTH MEN HAIR SUPPL 60S (60),No regulation
5000309006470,Thermacare Neck to Arm 3 Pack,GSL
8001841804255,Clearblue Ultra Early Pregnancy Test 1ct,No regulation
5028763014299,WISDOM RENEW CDU (1),No regulation
5410076930425,H&S Shampoo 400ml Soothing Scalp,No regulation
3574661730783,Johnsons Baby Bath 300ml PMP £1.50,No regulation
5038527002158,Harmony Hairspray Firm 225ml,No regulation
4042809016901,WRIST BRACE R ACTIMOVE 7281948 MED,No regulation
5060342240156,GLUCORX KETORX STICKS 2GK (50),No regulation
5055757900450,Fushi Bringer of Peace Herbal Body Wash 230ml,No regulation
8809598454668,Cosrx - The Hyaluronic Acid 3 Serum - Hyaluronic Acid Serum - 20ml,No regulation
3600524162634,L'Oreal Elvive Colour Protect Conditioner 300ml,No regulation
5015802278217,MEDIUM CANDLE JAR GOLDEN HOUR,No regulation
5028763012707,WISDOM ADVANCED WHITE BRIGHT TOOTHPASTE (75ML),No regulation
8711700887922,DOVE 250ML B/LOTION SHEA BUTTER,No regulation
5031413928570,Face Facts Ceramide Gel Cream Moisturising 50ml,No regulation
0000000020244,I-M Neoprene Padded Knee Support NS-702 Small,No regulation
0878941000058,Liquid Concentrace Trace Mineral Drops 237ml,No regulation
4042809016697,WRIST BRACE L ACTIMOVE 7281943 SML,No regulation
4086000013543,FRESUBIN 2KCAL FIBRE DRINK VANILLA 4PACK (4X200ML),No regulation
5038483844557,SCHOLL SOFTGRIP C2 KNEE O/TOE NAT (MED),No regulation
5013692266499,Umbro Champ Bath & Shower Gel Set 4x75ml,No regulation
8809598452336,Cosrx - Full Fit Propolis Honey Overnight Mask - Nourishing Night Mask with Propolis - 60ml,No regulation
5017353503190,Galpharm Paracetamol 500mg 16 Capsules,GSL
5060123602128,Face Facts Ceramide Blemish Treatment Gel 50ml,No regulation
5011501040100,Deep Heat Heat Rub 100g,No regulation
5025452000489,Salt of the Earth P/mint & Tea Tree Foot Deo Spray 100ml,No regulation
3616303795269,Beckham Bold Inst Gift Set Bs 150ml & Edt 50ml,No regulation
0008718951232,COLGATE 75ML T/P SENSITIVE PROTECT 07/25,No regulation
5015802291629,MEDIUM CANDLE JAR AUTUMN PUMPKIN,No regulation
8001090899132,Always Platinum Pads Night Sp 8s,No regulation
4084500400122,Head & Shoulders Scalp Care Hair Food 450ml Moisturizing,No regulation
8006540827321,Pampers baby dry size 6 Pack,No regulation
5028763010130,Wisdom 50ml Toothpaste Smokers Anti Stain,No regulation
0634158743412,Applied Nutrition L-Carnitine 3000 Liquid Sour Apple 480ml,No regulation
3282770102734,Avène Cleanance Expert Blemish Lotion 5ml,No regulation
5037353004725,Skins Mango & Passionfruit Water Based 4.4 fl oz (130ml),No regulation
5010441204054,Numark Senna 7.5mg 60 Tablets,GSL
5012583203209,LIVE Intense colour 043 Red passion permanent hair dye,No regulation
8001090111661,Always Discreet Senstive Pants Plus Lge 8s,No regulation
5055757935476,Fushi Biovedic Face Oil 30ml,No regulation
0022796977526,OGX Conditioner 385ml Keratin Oil,No regulation
3616301283447,MAX FACTOR NAILFINITY GEL TOP COAT STEP 2,No regulation
5015802286861,MEDIUM CANDLE JAR SPARKLING LEMON,No regulation
3600522506935,L'Oreal Elnett Mousse 200Ml Curls,No regulation
0091037310439,Mad Hippie AHA Exfoliating Peel 30ml,No regulation
5059001507662,Air Wick Botanica Candle Coconut Milk 500g,No regulation
5701943102855,Riemann P20 Original Sun Cream SPF50 Spray 100ml,No regulation
8719134153903,Rituals Karma Hand Balm 175ml,No regulation
0634158743436,Applied Nutrition L-Carnitine 3000 Liquid Tangy Orange 480ml,No regulation
5010724539675,Batiste Dry Shampoo 280ml Lifted,No regulation
5702150146090,Cipralex 20mg 28 tablets,GSL
4042809222487,ACTIMOVE GENUFAST KNEE 7341513 SML,No regulation
3616303795245,Beckham Gift Set Respect Edt 40ml Shower Gel 200ml,No regulation
4051895002101,FRESUBIN 2KCAL MINI FIBRE CHOCOLATE (4X125ML),No regulation
5000158106185,Strepsils Extra Blackcurrant 24 Lozenges,GSL
5060112865640,Fushi Organic Red Clover 60caps,No regulation
5055757978602,Fushi Organic Castor Oil 30ml,No regulation
5051562032102,Voltarol Paineze Emugel 100g,GSL
5052197021288,Scholl Verruca Seal & Heal Gel 10ml,GSL
5012674043035,Nizoral Cream 30g,P
5015802278279,LARGE CANDLE JAR LAVENDER FIELDS,No regulation
5027314498977,Bio-Kult Migrea 60 Capsules,No regulation
5013692270298,La Roche Posay Thermal Spring Water Sensitive Skin 300ml,No regulation
4005900690494,Nivea Shower Gel 400ml For Men Energy,No regulation
8001090733757,Tampax Pearl Regular Tampons 18s,No regulation
5031413932027,Face Facts Printed Eye Patches Prep & Glow 2 pairs,No regulation
8594739305441,Nevolat (Saxenda/Liraglutide) 6mg/ml Pack of 5,P
5025135121210,Malibu SPF4 Bronzing Tanning Oil with Carotene 200ml,No regulation
0810100921637,SunwarriorProtein & Collagen Greens Chocolate,No regulation
5038581112909,Yankee Candle Tropical Large Jar 623g,No regulation
5011842110401,Bassetts 3-6 Years Multivitamins 30 Gummies,No regulation
0782126003034,Natracare Super Maxi Pads 12pc,No regulation
5025135120824,Malibu SPF50 Kids Roll-on Lotion 50ml,No regulation
5015802291636,TEALIGHTS BX/9 SPICED APPLE,No regulation
5011417809730,Strefen Eucalyptus & Makuna 16 Lozenges,GSL
2112345678900,Calcichew-D3 500mg/200IU 100 Chewable Tablets,P
8717163676721,DOVE 250ML A/P SPRAY APPLE & WHITE TEA,No regulation
53992741,Sudocrem My Little Sudocrem Cream 22g,No regulation
5060112861772,Fushi Organic Flaxseed Oil 100ml,No regulation
5060201410089,"Sugar Coated Full Body Hair Removal Kit with 200g Jar, 3 Applicators & 15 Reusable Strips",No regulation
8718951540101,Sanex Skin Protect Cleanse Shower Gel 200ml,No regulation
4086000007023,FRESUBIN ORIGINAL FIBRE [EASYBAG] (500ML),No regulation
8435465325221,BTB Water Based Tingling Lubricant 250ml,No regulation
8710522428320,Radox Feel Restored Gift Set 1,No regulation
4005808780556,Nivea Crème 400ml Irresistibly Smooth (6X2),No regulation
7350121254114,TEPE PURE UNFLAVOURED TOOTHPASTE (1 X 75ML),No regulation
3701056802231,Puressentiel Respiratory Nasal Hygiene Spray 100ml,No regulation
96201107,BetterYou Immune Health 50ml,No regulation
8640778498498,Almus Co-Codamol Effervescent 8/500Mg 32 Tablets,P
3401546259551,Puressentiel Rest & Relax Stress Roller 5ml,No regulation
6973130251908,emcrepe bandage 5cm 4.5m,No regulation
0017854123830,"Baylis & Harding Goodness Awaken Lime, Mint & Eucalyptus Body Wash 500ml",No regulation
3282770204971,avene antirougeur,No regulation
0878941000195,Trace Mineral Liquid Ionic Zinc Drops,No regulation
5000101504952,Original Source S/Gel 250ml Sea Salt,No regulation
0017854123076,Baylis & Harding The Edit Vanilla 2 Bottle Set,No regulation
5025452000564,Salt of the Earth Deo Spray - Vetiver & Citrus 100ml,No regulation
5060022303621,St Tropez Bronzing Self Tan Mousse Berry Sorbet 200ml,No regulation
5050375071810,Masterplast 170g Foot Powder,No regulation
5000309007002,Anadin Joint Pain 16 Tablets,GSL
5000158063044,FYBOGEL MEBEVERINE (10 SACH),No regulation
5060342242303,GLUCORX AIDEX SENSOR (1),No regulation
5011784003908,Flourish Menopause Kit 2 tests,GSL
3337875837804,La Roche Posay Face Serum Cicaplast B5 for Dehydrated Skin 30ml,No regulation
5000347082146,NIQUITIN 21MG PRE QUIT CLEAR PATCH (7),No regulation
5035883004314,Snoreeze 14 Oral Strips,GSL
8716900582561,Nutricia Fortisip Compact Protein Drink 125ml Mocha 4 Pack,No regulation
5000123103126,Eumovate Ointment 100g,P
7791940020113,Nitty Gritty Nitfree Comb,GSL
5014302000212,COLIEF Vitamin D3 DROPS (20ML),No regulation
5060216564968,Haliborange Effervescent Tablets Vitamin C Blackcurrant 20 Pack,No regulation
5012254066942,Vo5 Volume Blow Dry Spray 200ml,No regulation
5010441014721,Numark Manicure Set 5pc,No regulation
5010441014318,NUMARK TUBULAR BANDAGE D 1M,No regulation
5012251012898,Beauty Formulas Gold Revitalising Gel Mask 100Ml,No regulation
0017854118942,Baylis & Harding Festive Hand Wash 500ml,No regulation
5013692268936,BABY SHARK 300ML BUBBLE BATH,No regulation
5037353004756,Skins Strawberry Water Based Lubricant 5ml foil,No regulation
8809416470559,COSRX - Oil-Free Ultra-Moisturizing Lotion - Moisturizing Face Lotion - 100ml,No regulation
40060729,Nivea Hand Cream 75ml Protective Care Beeswax,No regulation
96201695,BetterYou Immune Health Kids 25ml,No regulation
5060112863349,Fushi Energiplex 60caps,No regulation
5011501040018,Deep heat Standard 35g,GSL
7613287212542,Minami PlusEPA Liquid Adult 150ml,No regulation
4086000006996,FRESUBIN ORIGINAL [EASYBAG] (500ML),No regulation
4001638095136,NursingTea-DISCONTINUED,No regulation
5011417581599,Gaviscon Core Heartburn & Indigestion Tablets Peppermint 12's,GSL
4005808944811,Nivea Aftershave Balm 100ml Cooling Sensitive (4x6),No regulation
5012335792104,Seven Seas + Multivits Cap 90s,No regulation
0000000017558,I-M Elastic Wrist & Palm Support ES-401 Medium,No regulation
5029053573281,KLEENEX ORIGINAL EXTRA LARGE TWIN (54S),No regulation
5012583204312,Right Guard APD 250ml For Women Sport,No regulation
5012616170409,TCP LIQUID (200ML),No regulation
4210201427254,Oral-B Vitality Pro Black & Lilac Duo Pk 2ct,No regulation
9340800011044,Grown Alchemist Hand Cream Rich Restorative 65ml,No regulation
5029053569239,Huggies Baby Wipes 72s Jumbo Pack Pure,No regulation
5000174163018,Olay Total Effects 50ml Time Moist Uv spf15,No regulation
5027314502629,Bio-Kult Everyday 60 Capsules,No regulation
5000477726194,KALMS RHODIOLA (20),No regulation
4086000012157,FRESUBIN ENERGY FIBRE DRINK CARAMEL (4X200ML),No regulation
4086000016650,FRESUBIN JUCY PINEAPPLE (4X200ML),No regulation
5050375011380,Masterplast Waterproof Plasters Assorted 100 Pack,No regulation
5010724532539,VIVISCAL MAX STRENGTH MEN SUPPLEMNT 180S (180),No regulation
0000000017695,I-M Elastic Wrist & Thumb Support ES-403 X-Large,No regulation
8720181342325,DOVE 750ML CARING BATH SHEA BUTTER&VAN,No regulation
4210201324980,Oral-B 3D Power 5 White Refill Heads,No regulation
5060361080382,Xailin Intense 0.3% Ha Pf Eye Drops 10ml,No regulation
4001638500234,SOSSpotTreatment,No regulation
5011842110708,Bassetts 7-11 Years Multivitamins 30 Gummies,No regulation
0085805242886,ELIZABETH ARDEN WHITE TEA SKIN SOLUTIONS 50ML MICRO GEL CREAM,No regulation
0071409542460,Mane 'n Tail Curls Day - Enhancing Smoothie 6.5oz,No regulation
7610700626344,RICOLA LIQUORICE S/F BOX WITH STEVIA (45GM),No regulation
5055757916673,Fushi Really Good Stretch Mark Oil 100ml,No regulation
4005900495204,Nivea Deo Spray 150ml Men Deep Black Charcoal,No regulation
5029354015701,AloeDent Probiotic Fluoride Free Mouthwash 250ml,No regulation
5055757978657,Fushi Meno Harmony 60caps,No regulation
7613038484938,SMA Pro Follow On Milk 6mth 800g,No regulation
5055757935421,Fushi Turmeric C3 & Bioperine Extract 60caps,No regulation
5012583211303,LIVE Colour + Lift L77 Deep coral permanent hair dye,No regulation
5014107075200,Opticlear Lens Wipes 26 Pack,GSL
8809598455474,COSRX - The Vitamin C 13 Serum - Vitamin C Serum - 20ml,No regulation
5031413925968,Face Facts Vitamin C Jelly Cleanser 150ml,No regulation
0071409542446,Mane 'n Tail Curls Day - Daily Moisture Lotion 6.5oz,No regulation
5038581142487,Yankee Candle Wax Melt Fluffy Towels 22g,No regulation
5060259571589,Gold Collagen Multidose 40+,No regulation
5055586607070,Eight Triple Eight Dead Sea Minerals Shampoo 1L,No regulation
0878941003530,Trace Mineral Liquid Ionic Magnesium Drops,No regulation
8720182299680,Dove Gift Bag Set Blissfully Relaxing,No regulation
4001638500227,RefiningLotion,No regulation
8006540697412,Tampax Compak Pearl Regular 16,No regulation
4086000007948,FRESUBIN 1000 COMPLETE EASYBAG (1000ML),No regulation
4042809222524,ACTIMOVE GENUFAST KNEE 7341515 LGE,No regulation
5053249249384,Masterplast Neon Plasters 60 Pack,No regulation
8809598454996,Cosrx - The Retinol 0.1 Cream - 20ml,No regulation
8720181342295,DOVE 750ML CARING BATH SILK,No regulation
3600523610280,L'Oreal Elvive Extraordinary Coconut Oil Cond 300m,No regulation
5055757931959,Fushi Biovedic Face Cream 50ml,No regulation
0017854113077,B&H Sig Men Blk Pepp & Ginseng Set 3pc,No regulation
5037353004763,Skins Watermelon Water Based 4.4 fl oz (130ml),No regulation
5038581149455,Yankee Candle Home Inspiration Lavender Beach 104g,No regulation
5026445002718,Harmony Gold 400ml Hairspray Firm Hold & Shine,No regulation
50184491,Dextro Energy Tropical+ Vitamin C 47g,No regulation
5017289002460,NUMARK BABY WIPES F/FREE 66,No regulation
5015802278262,MEDIUM CANDLE JAR COASTAL WATERS,No regulation
5037200005387,OH K! SHEET MASK BLUEBERRY 02/25,No regulation
5037353004947,Skins Natural Delay Serum 30ml,No regulation
5015802291353,30CL CANDLE FIR & FROST,No regulation
5037353004336,Skins Strawberry 8 Pack,No regulation
5025903005810,Aqueous Cream 100gm,No regulation
7640110708552,PURE VIA ERYTHRITOL (250G),No regulation
0309978695400,REVLON COLORSILK MEDIUM ASH BROWN 40,No regulation
4015400542933,Pampers baby dry junior size 5 23 Pack,No regulation
5012583207399,LIVE Colour + Lift L75 Deep red permanent hair dye,No regulation
0782126003027,Natracare Regular Maxi Pads 14pc,No regulation
5060177241113,Blistex Ultra Lip Balm spf50 4.25g,GSL
3600524142827,L'Oreal Elvive Dream Lengths Conditioner 500ml,No regulation
0083000167904,Nature's Answer NA PerioBrite Coco Pulling Oil NEW,No regulation
0782126003096,Natracare Panty Liners - Ultra Thin 22pc,No regulation
5031413929812,Face Facts Brown Sugar Body Scrub - 400g,No regulation
9340800011112,Grown Alchemist Serum Skin Renewal 25ml,No regulation
5012583200864,Right Guard APD 250ml Cool,No regulation
5038483844748,SCHOLL SOFTGRIP C1 THIGH NAT (SML),No regulation
5012583200758,Right Guard APD 250ml For Women Invisible,No regulation
5032483001927,Cms Proteqt 150ml Supercool Freeze Spray,No regulation
7614700022595,Fenjal hand crème,No regulation
5060464503184,Paracetamol 500mg (OTC) 16 Caplets,GSL
5036631004419,MolluDab 2ml,GSL
5060022300590,St Tropez Bronzing Self Tan Mousse Dark 200ml,No regulation
0083000262531,Nature's Answer Mullein-X Cough Syrup NEW,No regulation
5015802289862,CANDLE AMBER ORCHID & LOTUS BLOSSOM,No regulation
3616300984994,OPI INFINITE SHINE 2.0 15ML NAIL POLISH FALL-ING FOR MILAN,No regulation
9314839010057,SunSense Kids 50ml,No regulation
8006540827260,Pampers baby dry size 4 25 Pack,No regulation
5033852400310,PILLMATE SMART PAK MX PENTA 40031 (50),No regulation
5033852400273,Pillmate Smart Pak Twice Daily L 50 Pack,No regulation
5060216564753,Haliborange Omega 3 & Multivitamin Softies Orange 30's 3-12 Years,No regulation
5035559026152,Endekay Daily Flouride Rinse 500ml,No regulation
5054805042043,Bristows Classic original dry shampoo 200ml,No regulation
5015664002777,Systane Gel Drops 10ml,No regulation
8718951030367,Colgate Sensitive Whitening 75ml,No regulation
5000158069770,Nurofen for Children Cold Fever&Pain 100ml,GSL
3086123491113,Bic Ladies Disposable Razor Miss Soleil Colour Collection 7 Pack,No regulation
5999554820330,poxclin coolmousse rapid relief 100ml,GSL
3600524143077,L'Oreal Men Expert Deo 250ml Hydra Energetic Extreme Sport,No regulation
